epoch,step,test/loss,test/loss_BEE:LU,test/loss_CRO:LU,test/loss_EWB:LU,test/loss_HCH:LU,test/loss_HZL:LU,test/loss_LAR:NE,test/loss_LLL:LU,test/loss_SLL:LU,test/loss_SPR:NE,test/mae,test/mae_BEE:LU,test/mae_CRO:LU,test/mae_EWB:LU,test/mae_HCH:LU,test/mae_HZL:LU,test/mae_LAR:NE,test/mae_LLL:LU,test/mae_SLL:LU,test/mae_SPR:NE,test/r2,test/r2_BEE:LU,test/r2_CRO:LU,test/r2_EWB:LU,test/r2_HCH:LU,test/r2_HZL:LU,test/r2_LAR:NE,test/r2_LLL:LU,test/r2_SLL:LU,test/r2_SPR:NE,test/rmse,test/rmse_BEE:LU,test/rmse_CRO:LU,test/rmse_EWB:LU,test/rmse_HCH:LU,test/rmse_HZL:LU,test/rmse_LAR:NE,test/rmse_LLL:LU,test/rmse_SLL:LU,test/rmse_SPR:NE,train/loss,train/loss_BEE:LU,train/loss_CRO:LU,train/loss_EWB:LU,train/loss_HCH:LU,train/loss_HZL:LU,train/loss_LAR:NE,train/loss_LLL:LU,train/loss_SLL:LU,train/loss_SPR:NE,train/mae,train/mae_BEE:LU,train/mae_CRO:LU,train/mae_EWB:LU,train/mae_HCH:LU,train/mae_HZL:LU,train/mae_LAR:NE,train/mae_LLL:LU,train/mae_SLL:LU,train/mae_SPR:NE,train/r2,train/r2_BEE:LU,train/r2_CRO:LU,train/r2_EWB:LU,train/r2_HCH:LU,train/r2_HZL:LU,train/r2_LAR:NE,train/r2_LLL:LU,train/r2_SLL:LU,train/r2_SPR:NE,train/rmse,train/rmse_BEE:LU,train/rmse_CRO:LU,train/rmse_EWB:LU,train/rmse_HCH:LU,train/rmse_HZL:LU,train/rmse_LAR:NE,train/rmse_LLL:LU,train/rmse_SLL:LU,train/rmse_SPR:NE,val/loss,val/loss_BEE:LU,val/loss_CRO:LU,val/loss_EWB:LU,val/loss_HCH:LU,val/loss_HZL:LU,val/loss_LAR:NE,val/loss_LLL:LU,val/loss_SLL:LU,val/loss_SPR:NE,val/mae,val/mae_BEE:LU,val/mae_CRO:LU,val/mae_EWB:LU,val/mae_HCH:LU,val/mae_HZL:LU,val/mae_LAR:NE,val/mae_LLL:LU,val/mae_SLL:LU,val/mae_SPR:NE,val/r2,val/r2_BEE:LU,val/r2_CRO:LU,val/r2_EWB:LU,val/r2_HCH:LU,val/r2_HZL:LU,val/r2_LAR:NE,val/r2_LLL:LU,val/r2_SLL:LU,val/r2_SPR:NE,val/rmse,val/rmse_BEE:LU,val/rmse_CRO:LU,val/rmse_EWB:LU,val/rmse_HCH:LU,val/rmse_HZL:LU,val/rmse_LAR:NE,val/rmse_LLL:LU,val/rmse_SLL:LU,val/rmse_SPR:NE
0,4,,,,,,,,,,,,,,,,,,,,,,,,,,,,,,,,,,,,,,,,,0.5921240448951721,0.6737417578697205,0.12615588307380676,0.31051743030548096,0.9156403541564941,0.6177904009819031,0.5427042245864868,0.7460248470306396,0.8807234764099121,0.5158181190490723,8.237221717834473,7.106962203979492,4.553221225738525,6.792309284210205,10.7987060546875,10.226236343383789,9.021720886230469,6.104115962982178,10.10941219329834,9.422310829162598,,,,,,,,,,,10.259512901306152,9.086758613586426,5.117588996887207,7.746363162994385,13.691849708557129,12.737858772277832,12.054588317871094,10.18674373626709,10.77315902709961,10.940710067749023,,,,,,,,,,,,,,,,,,,,,,,,,,,,,,,,,,,,,,,,
0,9,,,,,,,,,,,,,,,,,,,,,,,,,,,,,,,,,,,,,,,,,0.3826104700565338,0.4881455898284912,0.5130628347396851,0.09659530967473984,0.813943088054657,0.2655634880065918,0.6115953326225281,0.12723280489444733,0.025057313963770866,0.5022984147071838,6.6488356590271,6.769499778747559,9.29116153717041,3.788102626800537,9.862364768981934,6.128931045532227,10.83930492401123,3.3225643634796143,1.350219964981079,8.487374305725098,,,,,,,,,,,8.139249801635742,7.734583854675293,10.320408821105957,4.320488929748535,12.909120559692383,8.351414680480957,12.796843528747559,4.206861972808838,1.8171491622924805,10.796378135681152,,,,,,,,,,,,,,,,,,,,,,,,,,,,,,,,,,,,,,,,
0,14,,,,,,,,,,,,,,,,,,,,,,,,,,,,,,,,,,,,,,,,,0.5375502705574036,0.5433683395385742,0.20887842774391174,0.06888747960329056,0.8017397522926331,0.7578124403953552,0.5853459239006042,0.7607564926147461,0.5931452512741089,0.5180184841156006,8.330426216125488,7.002889156341553,6.086178779602051,3.0396063327789307,11.233430862426758,11.689006805419922,9.893010139465332,9.45640754699707,7.329049110412598,9.244256019592285,,,,,,,,,,,9.76942253112793,8.160362243652344,6.58504056930542,3.648589849472046,12.811983108520508,14.10771656036377,12.519214630126953,10.286829948425293,8.841050148010254,10.964020729064941,,,,,,,,,,,,,,,,,,,,,,,,,,,,,,,,,,,,,,,,
0,19,,,,,,,,,,,,,,,,,,,,,,,,,,,,,,,,,,,,,,,,,0.5892521142959595,0.48767974972724915,0.3127806782722473,0.3536157011985779,0.7111672759056091,0.4910825490951538,0.46425485610961914,1.1811782121658325,0.8205685615539551,0.4809412360191345,8.791430473327637,6.04509973526001,6.692835330963135,7.610436916351318,10.22176456451416,9.737749099731445,9.149654388427734,12.3623685836792,8.403034210205078,8.899932861328125,,,,,,,,,,,10.267680168151855,7.730892658233643,8.058080673217773,8.266481399536133,12.066617012023926,11.356725692749023,11.149336814880371,12.817888259887695,10.398740768432617,10.564360618591309,,,,,,,,,,,,,,,,,,,,,,,,,,,,,,,,,,,,,,,,
0,24,,,,,,,,,,,,,,,,,,,,,,,,,,,,,,,,,,,,,,,,,0.49750763177871704,0.5036684274673462,0.341298907995224,0.6172888278961182,0.5861958861351013,0.5075409412384033,0.2842317223548889,0.30308476090431213,0.862437903881073,0.4718210697174072,7.3553643226623535,5.638289451599121,6.532245635986328,8.151968955993652,8.107831954956055,9.812057495117188,6.6580023765563965,5.366343975067139,7.413529872894287,8.518010139465332,,,,,,,,,,,9.559760093688965,7.856600284576416,8.417421340942383,10.921923637390137,10.955218315124512,11.545464515686035,8.723828315734863,6.492930889129639,10.660735130310059,10.463713645935059,,,,,,,,,,,,,,,,,,,,,,,,,,,,,,,,,,,,,,,,
0,29,,,,,,,,,,,,,,,,,,,,,,,,,,,,,,,,,,,,,,,,,0.7535924315452576,0.9468191862106323,1.0415325164794922,0.6315498352050781,0.4251905381679535,0.8038294911384583,0.846339225769043,0.689771294593811,0.6578377485275269,0.7394622564315796,9.909451484680176,8.256795883178711,11.659459114074707,9.320562362670898,7.587408065795898,11.000514030456543,12.482430458068848,9.63295841217041,8.402769088745117,10.842166900634766,,,,,,,,,,,11.960309982299805,10.77198600769043,14.704425811767578,11.047364234924316,9.33021068572998,14.529738426208496,15.053691864013672,9.795154571533203,9.310707092285156,13.099515914916992,,,,,,,,,,,,,,,,,,,,,,,,,,,,,,,,,,,,,,,,
0,34,,,,,,,,,,,,,,,,,,,,,,,,,,,,,,,,,,,,,,,,,0.4739035665988922,0.49069592356681824,0.3154526650905609,0.19548305869102478,0.3984619975090027,0.9105823040008545,0.3056604564189911,0.9719988703727722,0.3061954081058502,0.37060096859931946,7.287331581115723,6.496469020843506,5.975606441497803,5.393223762512207,8.016501426696777,10.772951126098633,7.659404277801514,9.889588356018066,4.33938455581665,7.042854309082031,,,,,,,,,,,9.198919296264648,7.754762172698975,8.092426300048828,6.146239757537842,9.032190322875977,15.464485168457031,9.04670524597168,11.627641677856445,6.352176666259766,9.273645401000977,,,,,,,,,,,,,,,,,,,,,,,,,,,,,,,,,,,,,,,,
0,39,,,,,,,,,,,,,,,,,,,,,,,,,,,,,,,,,,,,,,,,,0.5067398548126221,0.2703392207622528,0.5505097508430481,0.45124125480651855,0.4566899240016937,0.5574302077293396,0.5371362566947937,0.4948906898498535,0.6790656447410583,0.5633556842803955,8.168699264526367,4.56697416305542,9.072911262512207,7.728054046630859,8.10065746307373,9.700806617736816,9.163461685180664,6.7417168617248535,9.205357551574707,9.238351821899414,,,,,,,,,,,9.859626770019531,5.755948066711426,10.690404891967773,9.338116645812988,9.669642448425293,12.099602699279785,11.992589950561523,8.296852111816406,9.459739685058594,11.433746337890625,,,,,,,,,,,,,,,,,,,,,,,,,,,,,,,,,,,,,,,,
0,44,,,,,,,,,,,,,,,,,,,,,,,,,,,,,,,,,,,,,,,,,0.7616910338401794,0.7414802312850952,1.135213851928711,1.0588510036468506,0.5700688362121582,0.7493970394134521,0.5811379551887512,0.8012402653694153,0.5150469541549683,0.7027834057807922,9.764392852783203,7.757706165313721,12.488774299621582,11.85979175567627,9.60687255859375,11.387968063354492,10.037764549255371,8.051551818847656,5.958588600158691,10.730520248413086,,,,,,,,,,,12.006814002990723,9.532614707946777,15.351489067077637,14.304488182067871,10.803471565246582,14.029165267944336,12.47413444519043,10.556987762451172,8.238472938537598,12.770501136779785,,,,,,,,,,,,,,,,,,,,,,,,,,,,,,,,,,,,,,,,
0,49,,,,,,,,,,,,,,,,,,,,,,,,,,,,,,,,,,,,,,,,,0.49326372146606445,0.3412099778652191,0.6634931564331055,0.47291356325149536,0.4159944951534271,0.37901800870895386,0.18417058885097504,0.8439490795135498,0.9262237548828125,0.21240085363388062,7.76818323135376,4.962299346923828,9.832290649414062,8.441339492797852,7.226139068603516,7.540506839752197,6.01588773727417,9.45700740814209,10.076839447021484,6.361339092254639,,,,,,,,,,,9.210447311401367,6.466557025909424,11.7362642288208,9.559732437133789,9.228761672973633,9.977133750915527,7.022325038909912,10.834698677062988,11.047938346862793,7.020617961883545,,,,,,,,,,,,,,,,,,,,,,,,,,,,,,,,,,,,,,,,
0,54,,,,,,,,,,,,,,,,,,,,,,,,,,,,,,,,,,,,,,,,,0.6394805908203125,0.6068724393844604,1.1996161937713623,0.569985032081604,0.9174144268035889,0.5089976191520691,0.4781627357006073,0.25673961639404297,0.2919822335243225,0.9255554676055908,9.13339900970459,7.260051250457764,14.079440116882324,8.4152250289917,12.781012535095215,10.307805061340332,9.716309547424316,4.689817428588867,4.905363082885742,10.04556655883789,,,,,,,,,,,10.924074172973633,8.624044418334961,15.780940055847168,10.495100021362305,13.705106735229492,11.562021255493164,11.315107345581055,5.975925922393799,6.202996253967285,14.655426025390625,,,,,,,,,,,,,,,,,,,,,,,,,,,,,,,,,,,,,,,,
0,59,,,,,,,,,,,,,,,,,,,,,,,,,,,,,,,,,,,,,,,,,0.6173041462898254,0.6092311143875122,0.7358623147010803,0.7066822052001953,0.674377977848053,0.5042504668235779,0.4540673792362213,0.5786735415458679,1.1354972124099731,0.15709486603736877,8.420511245727539,6.644939422607422,10.262481689453125,9.07556438446045,10.368420600891113,8.933741569519043,8.445639610290527,6.8140082359313965,10.121698379516602,5.118108749389648,,,,,,,,,,,10.468143463134766,8.640787124633789,12.359757423400879,11.686029434204102,11.750365257263184,11.507977485656738,11.026329040527344,8.97171688079834,12.23253059387207,6.037792682647705,,,,,,,,,,,,,,,,,,,,,,,,,,,,,,,,,,,,,,,,
0,64,,,,,,,,,,,,,,,,,,,,,,,,,,,,,,,,,,,,,,,,,0.41816261410713196,0.4501340985298157,0.7969462275505066,0.18483421206474304,0.9249213933944702,0.2951716482639313,0.4781309962272644,0.2601682245731354,0.03561168909072876,0.3375450074672699,6.857244968414307,6.156641483306885,10.126748085021973,4.533469200134277,10.658038139343262,6.886773109436035,8.696057319641113,4.990013599395752,1.6897363662719727,7.977724552154541,,,,,,,,,,,8.575469970703125,7.427338600158691,12.862523078918457,5.9764885902404785,13.761066436767578,8.804672241210938,11.314730644226074,6.015695571899414,2.16630482673645,8.850403785705566,,,,,,,,,,,,,,,,,,,,,,,,,,,,,,,,,,,,,,,,
0,69,,,,,,,,,,,,,,,,,,,,,,,,,,,,,,,,,,,,,,,,,0.2566399574279785,0.24000386893749237,0.0833452120423317,0.08795105665922165,0.26132330298423767,0.3303299844264984,0.45917585492134094,0.13273625075817108,0.14411039650440216,0.5707838535308838,5.331506252288818,4.382125377655029,3.5081818103790283,3.2444560527801514,6.1643757820129395,6.3082966804504395,8.572576522827148,4.140155792236328,3.5440163612365723,8.119373321533203,,,,,,,,,,,6.842920303344727,5.423397064208984,4.159603595733643,4.122640609741211,7.314568519592285,9.314292907714844,11.088181495666504,4.296882629394531,4.357836723327637,11.508879661560059,,,,,,,,,,,,,,,,,,,,,,,,,,,,,,,,,,,,,,,,
0,74,,,,,,,,,,,,,,,,,,,,,,,,,,,,,,,,,,,,,,,,,0.4318876266479492,0.2444051206111908,0.3895517885684967,0.42634254693984985,0.4220394790172577,0.5374382734298706,0.3899695575237274,0.47822222113609314,0.4665948152542114,0.5324246883392334,7.352614402770996,4.601921558380127,7.4954376220703125,6.2533369064331055,8.134540557861328,8.855290412902832,8.250728607177734,7.376316547393799,6.311120510101318,8.8948392868042,,,,,,,,,,,9.116663932800293,5.472898960113525,8.992786407470703,9.07682991027832,9.295573234558105,11.88064956665039,10.218476295471191,8.155932426452637,7.84139347076416,11.11543083190918,,,,,,,,,,,,,,,,,,,,,,,,,,,,,,,,,,,,,,,,
0,79,,,,,,,,,,,,,,,,,,,,,,,,,,,,,,,,,,,,,,,,,0.5502915978431702,0.7105727195739746,0.6721265316009521,0.6978074312210083,0.4255339205265045,0.682802677154541,0.3462427854537964,0.3192041516304016,0.528272271156311,0.5700616240501404,8.610129356384277,7.517016410827637,10.344608306884766,10.367679595947266,7.550010681152344,12.563278198242188,8.23340892791748,4.691552639007568,6.870672702789307,9.352930068969727,,,,,,,,,,,10.179889678955078,9.33182430267334,11.812374114990234,11.612418174743652,9.333977699279785,13.391322135925293,9.628556251525879,6.663356304168701,8.343575477600098,11.501595497131348,,,,,,,,,,,,,,,,,,,,,,,,,,,,,,,,,,,,,,,,
0,84,,,,,,,,,,,,,,,,,,,,,,,,,,,,,,,,,,,,,,,,,0.46319955587387085,0.5461052656173706,0.2711951434612274,0.3159063756465912,0.4483322203159332,0.35684654116630554,0.527306854724884,0.23879067599773407,0.9403483271598816,0.5239647030830383,7.358166217803955,6.599294185638428,6.368000030517578,6.369412422180176,7.360528469085693,7.591742992401123,10.255468368530273,4.960028648376465,9.275854110717773,7.4431633949279785,,,,,,,,,,,9.173710823059082,8.180888175964355,7.503304958343506,7.813292980194092,9.5807523727417,9.680919647216797,11.882355690002441,5.763248920440674,11.131858825683594,11.02676773071289,,,,,,,,,,,,,,,,,,,,,,,,,,,,,,,,,,,,,,,,
0,89,,,,,,,,,,,,,,,,,,,,,,,,,,,,,,,,,,,,,,,,,0.6883995532989502,1.0332704782485962,0.4280005991458893,0.5931923389434814,0.5520398616790771,0.7179351449012756,0.7871913909912109,0.8116442561149597,0.678176999092102,0.594144344329834,9.346034049987793,9.282254219055176,8.259190559387207,8.60239028930664,8.275625228881836,11.53610610961914,12.29247760772705,8.895687103271484,8.2288236618042,8.741747856140137,,,,,,,,,,,11.343066215515137,11.253024101257324,9.426139831542969,10.706626892089844,10.631263732910156,13.731514930725098,14.518138885498047,10.625309944152832,9.453548431396484,11.742029190063477,,,,,,,,,,,,,,,,,,,,,,,,,,,,,,,,,,,,,,,,
0,94,,,,,,,,,,,,,,,,,,,,,,,,,,,,,,,,,,,,,,,,,0.5118240118026733,0.7606937885284424,0.2609003186225891,0.23084940016269684,0.8166286945343018,1.0468451976776123,0.6022219657897949,0.34640926122665405,0.2630419135093689,0.27882587909698486,7.55800724029541,7.851562976837158,6.782045364379883,6.0514349937438965,8.284110069274902,11.236144065856934,10.121755599975586,6.568247318267822,4.666260242462158,6.4605021476745605,,,,,,,,,,,9.641880989074707,9.655332565307617,7.359510898590088,6.6791205406188965,12.930399894714355,16.58124351501465,12.698402404785156,6.941502094268799,5.887565612792969,8.043846130371094,,,,,,,,,,,,,,,,,,,,,,,,,,,,,,,,,,,,,,,,
0,99,,,,,,,,,,,,,,,,,,,,,,,,,,,,,,,,,,,,,,,,,0.5506079792976379,0.30461108684539795,0.5434883832931519,0.6948992609977722,0.5540024638175964,0.5316312313079834,0.4286966621875763,1.149163842201233,0.09371878951787949,0.6552605628967285,8.38335132598877,5.345820426940918,10.007963180541992,8.895301818847656,9.328519821166992,9.351300239562988,8.354134559631348,11.050213813781738,2.5950279235839844,10.521878242492676,,,,,,,,,,,9.998761177062988,6.109914302825928,10.6220121383667,11.58819580078125,10.650144577026367,11.816288948059082,10.71385669708252,12.642987251281738,3.514281988143921,12.331169128417969,,,,,,,,,,,,,,,,,,,,,,,,,,,,,,,,,,,,,,,,
0,104,,,,,,,,,,,,,,,,,,,,,,,,,,,,,,,,,,,,,,,,,0.376504123210907,0.08841797709465027,0.2593957781791687,0.2497432976961136,0.6019167900085449,0.425496369600296,0.28103381395339966,0.6072194576263428,0.37007972598075867,0.5052337646484375,6.8799662590026855,2.6090381145477295,6.697090148925781,5.451227188110352,9.433679580688477,9.173577308654785,7.330750465393066,7.05667781829834,5.401342391967773,8.766311645507812,,,,,,,,,,,8.32508373260498,3.29179310798645,7.338260650634766,6.947072505950928,11.101146697998047,10.571187973022461,8.674612998962402,9.190339088439941,6.98346471786499,10.827878952026367,,,,,,,,,,,,,,,,,,,,,,,,,,,,,,,,,,,,,,,,
0,109,,,,,,,,,,,,,,,,,,,,,,,,,,,,,,,,,,,,,,,,,0.6492549777030945,0.5115889310836792,0.3218434453010559,0.45495685935020447,0.5249584913253784,0.7702265381813049,0.7500663995742798,1.052110195159912,0.9926924109458923,0.4648514688014984,8.38541316986084,5.9615983963012695,6.309525966644287,6.772651672363281,8.06104850769043,11.228684425354004,11.296307563781738,8.491884231567383,8.52000904083252,8.827005386352539,,,,,,,,,,,10.905692100524902,7.918133735656738,8.173988342285156,9.376483917236328,10.367215156555176,14.222799301147461,14.171658515930176,12.09732437133789,11.437487602233887,10.386143684387207,,,,,,,,,,,,,,,,,,,,,,,,,,,,,,,,,,,,,,,,
0,114,,,,,,,,,,,,,,,,,,,,,,,,,,,,,,,,,,,,,,,,,0.3233563303947449,0.5503395199775696,0.22202253341674805,0.22494494915008545,0.260783851146698,0.18949119746685028,0.3834850788116455,0.28668510913848877,0.3344307839870453,0.45802396535873413,6.315661907196045,7.2009382247924805,5.776906490325928,5.528244972229004,5.589847087860107,5.704677104949951,7.224855899810791,4.927124977111816,6.129518985748291,8.758843421936035,,,,,,,,,,,7.705835342407227,8.212541580200195,6.789068222045898,6.5931501388549805,7.3070149421691895,7.054567337036133,10.133163452148438,6.314825057983398,6.638598442077637,10.309588432312012,,,,,,,,,,,,,,,,,,,,,,,,,,,,,,,,,,,,,,,,
0,119,,,,,,,,,,,,,,,,,,,,,,,,,,,,,,,,,,,,,,,,,0.6393226385116577,0.412729412317276,0.4999713599681854,0.875367283821106,0.609156608581543,0.7431291341781616,0.22803328931331635,0.9675005674362183,1.0014674663543701,0.41654837131500244,8.532811164855957,6.233397483825684,8.50901985168457,10.301895141601562,8.301681518554688,10.767720222473145,6.472477436065674,9.778828620910645,7.876761436462402,8.553513526916504,,,,,,,,,,,10.686501502990723,7.112053394317627,10.187889099121094,13.006189346313477,11.167709350585938,13.97037410736084,7.813936710357666,11.600704193115234,11.48792839050293,9.831729888916016,,,,,,,,,,,,,,,,,,,,,,,,,,,,,,,,,,,,,,,,
0,124,,,,,,,,,,,,,,,,,,,,,,,,,,,,,,,,,,,,,,,,,0.43865564465522766,0.51602703332901,0.13510149717330933,0.22144490480422974,0.6944286823272705,0.8747552633285522,0.34102797508239746,0.11761768162250519,0.331832617521286,0.7156651020050049,7.363935947418213,6.725375175476074,4.421414852142334,5.827117919921875,9.206143379211426,12.844080924987793,7.069032669067383,3.829880475997925,6.010061740875244,10.342313766479492,,,,,,,,,,,8.885698318481445,7.9524054527282715,5.295924186706543,6.541656017303467,11.92376708984375,15.157205581665039,9.55577278137207,4.04478120803833,6.6127610206604,12.887008666992188,,,,,,,,,,,,,,,,,,,,,,,,,,,,,,,,,,,,,,,,
0,129,,,,,,,,,,,,,,,,,,,,,,,,,,,,,,,,,,,,,,,,,0.6434038281440735,0.26072871685028076,0.6607728004455566,0.5850214958190918,0.6744740009307861,0.4721194803714752,0.8578237295150757,0.6943395733833313,0.8951328992843628,0.6902212500572205,8.335349082946777,4.4048566818237305,9.468389511108398,7.842965126037598,9.781832695007324,7.813342571258545,10.006623268127441,7.158570766448975,8.696640968322754,9.844917297363281,,,,,,,,,,,11.042647361755371,5.652709484100342,11.712180137634277,10.632633209228516,11.751201629638672,11.135296821594238,15.155484199523926,9.827536582946777,10.860931396484375,12.655851364135742,,,,,,,,,,,,,,,,,,,,,,,,,,,,,,,,,,,,,,,,
0,134,,,,,,,,,,,,,,,,,,,,,,,,,,,,,,,,,,,,,,,,,0.34933769702911377,0.4928883910179138,0.15805675089359283,0.39238637685775757,0.3209656774997711,0.37305429577827454,0.24346251785755157,0.374948650598526,0.44849109649658203,0.33978524804115295,6.746063709259033,6.446610450744629,4.681476593017578,7.500202655792236,7.135949611663818,8.188358306884766,7.29259729385376,6.101737976074219,6.7121686935424805,6.6554718017578125,,,,,,,,,,,8.008458137512207,7.772067546844482,5.7281999588012695,8.707867622375488,8.106416702270508,9.898329734802246,8.07396411895752,7.221786022186279,7.6877665519714355,8.87972354888916,,,,,,,,,,,,,,,,,,,,,,,,,,,,,,,,,,,,,,,,
0,139,,,,,,,,,,,,,,,,,,,,,,,,,,,,,,,,,,,,,,,,,0.3691001832485199,0.42118093371391296,0.2697140872478485,0.2435845136642456,0.4436544179916382,0.6125834584236145,0.44955113530158997,0.11372971534729004,0.024727923795580864,0.7431752681732178,6.9622039794921875,6.386872291564941,6.6494646072387695,6.6926188468933105,7.486132621765137,10.62705135345459,9.413957595825195,3.483755350112915,1.6424767971038818,10.277508735656738,,,,,,,,,,,8.181013107299805,7.1845011711120605,7.482788562774658,6.860878944396973,9.5306396484375,12.684064865112305,10.971357345581055,3.9773671627044678,1.8051660060882568,13.13236141204834,,,,,,,,,,,,,,,,,,,,,,,,,,,,,,,,,,,,,,,,
0,144,,,,,,,,,,,,,,,,,,,,,,,,,,,,,,,,,,,,,,,,,0.43223440647125244,0.33231306076049805,0.10404285788536072,0.4747041165828705,0.24163401126861572,0.3474026918411255,0.7610803246498108,0.46427857875823975,0.5437919497489929,0.6208617687225342,7.1345343589782715,5.438878536224365,3.7781107425689697,7.488288879394531,5.592998027801514,7.816858291625977,10.649462699890137,6.588264465332031,7.348378658294678,9.509570121765137,,,,,,,,,,,8.885825157165527,6.3816938400268555,4.6474833488464355,9.577813148498535,7.033616065979004,9.551959037780762,14.275325775146484,8.036149978637695,8.465248107910156,12.003134727478027,,,,,,,,,,,,,,,,,,,,,,,,,,,,,,,,,,,,,,,,
0,149,,,,,,,,,,,,,,,,,,,,,,,,,,,,,,,,,,,,,,,,,0.3936052918434143,0.4402437210083008,0.4230593740940094,0.09301171451807022,0.5300359129905701,0.30398109555244446,0.3647267520427704,0.5235622525215149,0.08349544554948807,0.7803311347961426,6.580817222595215,5.940605163574219,7.129153251647949,3.7886738777160645,7.398859977722168,6.606465816497803,8.01061725616455,6.947348117828369,2.4042019844055176,11.001432418823242,,,,,,,,,,,8.388724327087402,7.345288276672363,9.371569633483887,4.239588737487793,10.417230606079102,8.935094833374023,9.882222175598145,8.533808708190918,3.3170700073242188,13.45664119720459,,,,,,,,,,,,,,,,,,,,,,,,,,,,,,,,,,,,,,,,
0,154,,,,,,,,,,,,,,,,,,,,,,,,,,,,,,,,,,,,,,,,,0.5554741024971008,0.6719762682914734,0.3318488299846649,0.4301716983318329,0.3066186308860779,0.5225167274475098,0.3856314718723297,0.9230013489723206,0.7933111190795898,0.6341906785964966,8.111350059509277,7.569890022277832,7.1477179527282715,7.450479507446289,5.464679718017578,9.288975715637207,8.135051727294922,9.500595092773438,8.379661560058594,10.065096855163574,,,,,,,,,,,9.997586250305176,9.074845314025879,8.300070762634277,9.117500305175781,7.923168659210205,11.714559555053711,10.161481857299805,11.330781936645508,10.224570274353027,12.131294250488281,,,,,,,,,,,,,,,,,,,,,,,,,,,,,,,,,,,,,,,,
0,159,,,,,,,,,,,,,,,,,,,,,,,,,,,,,,,,,,,,,,,,,0.76276034116745,0.8910197019577026,0.7608853578567505,1.183389663696289,0.6746015548706055,0.6095899939537048,0.8668113946914673,0.47881436347961426,0.928473174571991,0.4712577164173126,9.527739524841309,8.208213806152344,11.404827117919922,11.472868919372559,8.860016822814941,10.27808952331543,11.990723609924316,6.975719451904297,8.955681800842285,7.603513717651367,,,,,,,,,,,11.940004348754883,10.449749946594238,12.568147659301758,15.122331619262695,11.752312660217285,12.653036117553711,15.234672546386719,8.160979270935059,11.061345100402832,10.457466125488281,,,,,,,,,,,,,,,,,,,,,,,,,,,,,,,,,,,,,,,,
0,164,,,,,,,,,,,,,,,,,,,,,,,,,,,,,,,,,,,,,,,,,0.3887491822242737,0.20285800099372864,0.2857164144515991,0.33234769105911255,0.296850323677063,0.3323127329349518,0.2898058295249939,0.7642272710800171,0.8322128057479858,0.16241155564785004,6.801168918609619,3.6367578506469727,6.804952621459961,6.9967522621154785,6.207525253295898,7.074514865875244,7.144356727600098,9.587174415588379,8.341043472290039,5.417441368103027,,,,,,,,,,,8.174489974975586,4.986069679260254,7.701569557189941,8.014034271240234,7.795938491821289,9.342203140258789,8.808954238891602,10.31026840209961,10.472261428833008,6.139113903045654,,,,,,,,,,,,,,,,,,,,,,,,,,,,,,,,,,,,,,,,
0,169,,,,,,,,,,,,,,,,,,,,,,,,,,,,,,,,,,,,,,,,,0.33736348152160645,0.333475798368454,0.13632813096046448,0.05929359048604965,0.5463234782218933,0.3706437349319458,0.30269119143486023,0.29437175393104553,0.6028634905815125,0.3902800381183624,6.0213751792907715,5.3107686042785645,4.61219596862793,3.1163532733917236,8.350641250610352,6.782024383544922,6.640430927276611,5.633670806884766,6.656336307525635,7.0899553298950195,,,,,,,,,,,7.707952976226807,6.392848968505859,5.319911479949951,3.385000705718994,10.57607650756836,9.866297721862793,9.002656936645508,6.398921489715576,8.91318130493164,9.516678810119629,,,,,,,,,,,,,,,,,,,,,,,,,,,,,,,,,,,,,,,,
0,174,,,,,,,,,,,,,,,,,,,,,,,,,,,,,,,,,,,,,,,,,0.5773895978927612,1.266224980354309,0.5176418423652649,0.830815315246582,0.3516748547554016,0.6483491659164429,0.7246420979499817,0.37439608573913574,0.08600769937038422,0.39675483107566833,8.514172554016113,9.012450218200684,9.356112480163574,11.979405403137207,6.354715824127197,11.168456077575684,11.828476905822754,5.612600326538086,2.809720039367676,8.505609512329102,,,,,,,,,,,10.126288414001465,12.457121849060059,10.366361618041992,12.670890808105469,8.485360145568848,13.049093246459961,13.92940616607666,7.216463088989258,3.366603374481201,9.595294952392578,,,,,,,,,,,,,,,,,,,,,,,,,,,,,,,,,,,,,,,,
0,179,,,,,,,,,,,,,,,,,,,,,,,,,,,,,,,,,,,,,,,,,0.6978411078453064,0.63691645860672,0.49956101179122925,0.9035876989364624,0.1233329102396965,0.4768401086330414,0.26972508430480957,0.8383188247680664,2.1255974769592285,0.40669000148773193,9.170782089233398,6.456793308258057,9.447308540344238,12.779057502746582,4.02561092376709,8.183857917785645,6.934697151184082,10.45360279083252,16.605131149291992,7.650977611541748,,,,,,,,,,,10.466291427612305,8.83493709564209,10.183708190917969,13.2141752243042,5.025035381317139,11.190828323364258,8.49828815460205,10.798497200012207,16.736469268798828,9.714690208435059,,,,,,,,,,,,,,,,,,,,,,,,,,,,,,,,,,,,,,,,
0,184,,,,,,,,,,,,,,,,,,,,,,,,,,,,,,,,,,,,,,,,,0.374493271112442,0.9107468128204346,0.08678825199604034,0.4731316864490509,0.23745951056480408,0.3818848133087158,0.3200354278087616,0.5894784331321716,0.19769100844860077,0.1732235550880432,6.499104022979736,8.60554313659668,3.5926191806793213,8.2385835647583,5.405195236206055,7.7077178955078125,7.364511489868164,8.229496002197266,4.007051467895508,5.341216087341309,,,,,,,,,,,7.90167760848999,10.56479549407959,4.244652271270752,9.561938285827637,6.972594738006592,10.014795303344727,9.256990432739258,9.055087089538574,5.104071617126465,6.340167045593262,,,,,,,,,,,,,,,,,,,,,,,,,,,,,,,,,,,,,,,,
0,189,,,,,,,,,,,,,,,,,,,,,,,,,,,,,,,,,,,,,,,,,0.4748986065387726,0.3351207971572876,0.4953165054321289,0.4602603614330292,0.5646928548812866,0.5725926756858826,0.35300928354263306,0.24499115347862244,1.0366777181625366,0.21142622828483582,7.565299034118652,4.820576190948486,10.024164199829102,6.890041351318359,8.317923545837402,10.461323738098145,7.688021183013916,4.903332233428955,8.957964897155762,6.024346828460693,,,,,,,,,,,9.249754905700684,6.408596992492676,10.140352249145508,9.430975914001465,10.752409934997559,12.263056755065918,9.722184181213379,5.837594509124756,11.688133239746094,7.004491806030273,,,,,,,,,,,,,,,,,,,,,,,,,,,,,,,,,,,,,,,,
0,193,,,,,,,,,,,,,,,,,,,,,,,,,,,,,,,,,,,,,,,,,,,,,,,,,,,8.120258331298828,6.715837001800537,8.012510299682617,8.003766059875488,8.325273513793945,9.699527740478516,9.04786491394043,7.38981294631958,7.259406089782715,8.62831974029541,0.3900490999221802,0.36837607622146606,0.48232632875442505,0.4605531096458435,0.4160879850387573,0.33690547943115234,0.3810526728630066,0.3428593873977661,0.32826805114746094,0.39401257038116455,10.38904857635498,8.572110176086426,10.208514213562012,10.169445991516113,10.721826553344727,12.427188873291016,11.600850105285645,9.445406913757324,9.29312515258789,11.062969207763672,0.5497062802314758,0.5829192399978638,0.5743224620819092,0.38118693232536316,0.6802259683609009,0.5761517286300659,0.558563768863678,0.43872883915901184,0.6018534302711487,0.5534045696258545,7.7926459312438965,6.060230731964111,7.591547012329102,6.7997822761535645,9.441191673278809,9.284479141235352,9.437417030334473,5.641236305236816,7.293727874755859,8.584200859069824,0.39307060837745667,0.4056001901626587,0.5265442132949829,0.5737033486366272,0.17686200141906738,0.47673487663269043,0.4233121871948242,0.35579174757003784,0.1459255814552307,0.45316141843795776,10.401721000671387,8.531071662902832,10.549332618713379,9.699728012084961,12.275282859802246,12.437017440795898,12.140180587768555,7.482784748077393,9.397747039794922,11.102338790893555
1,194,,,,,,,,,,,,,,,,,,,,,,,,,,,,,,,,,,,,,,,,,0.41072800755500793,0.4384129047393799,0.26592719554901123,0.3403419852256775,0.4523618817329407,0.5042778253555298,0.44357389211654663,0.4056428074836731,0.7185763716697693,0.1274370551109314,7.296858787536621,5.474714756011963,6.134812831878662,7.622227668762207,8.314723014831543,9.425000190734863,9.164748191833496,5.7121148109436035,9.28276538848877,4.540624141693115,,,,,,,,,,,8.620088577270508,7.3299994468688965,7.43007230758667,8.109846115112305,9.623712539672852,11.50829029083252,10.898175239562988,7.51156759262085,9.731051445007324,5.438073635101318,,,,,,,,,,,,,,,,,,,,,,,,,,,,,,,,,,,,,,,,
1,199,,,,,,,,,,,,,,,,,,,,,,,,,,,,,,,,,,,,,,,,,0.34779343008995056,0.4516395032405853,0.320681631565094,0.2029409557580948,0.5304086804389954,0.36762768030166626,0.10841383039951324,0.30154937505722046,0.5922984480857849,0.25458067655563354,6.377622604370117,6.481019973754883,6.636480331420898,5.174070358276367,8.450995445251465,8.270227432250977,4.525590419769287,5.784279823303223,6.4809088706970215,5.595026969909668,,,,,,,,,,,7.832612991333008,7.439748287200928,8.159221649169922,6.262384414672852,10.420893669128418,9.826072692871094,5.387820720672607,6.47646427154541,8.834735870361328,7.686169624328613,,,,,,,,,,,,,,,,,,,,,,,,,,,,,,,,,,,,,,,,
1,204,,,,,,,,,,,,,,,,,,,,,,,,,,,,,,,,,,,,,,,,,0.7820416688919067,0.6277832984924316,0.8749248385429382,0.4921276569366455,0.7052465081214905,1.057358741760254,1.0010298490524292,0.7492474913597107,0.4998984932899475,1.0307581424713135,9.710758209228516,6.741360664367676,11.490130424499512,7.994030952453613,8.867610931396484,13.143125534057617,12.66150951385498,8.003168106079102,6.5852227210998535,11.910664558410645,,,,,,,,,,,12.3159818649292,8.771364212036133,13.477117538452148,9.752001762390137,12.01628303527832,16.66429901123047,16.371721267700195,10.208723068237305,8.116413116455078,15.465912818908691,,,,,,,,,,,,,,,,,,,,,,,,,,,,,,,,,,,,,,,,
1,209,,,,,,,,,,,,,,,,,,,,,,,,,,,,,,,,,,,,,,,,,0.5108724236488342,0.5862189531326294,0.38675567507743835,0.3740921914577484,0.5529525876045227,0.7118334174156189,0.48441267013549805,0.42738279700279236,0.7686967849731445,0.3055063784122467,7.988851070404053,7.662023067474365,7.533082962036133,7.165378570556641,7.519989490509033,10.624834060668945,9.06788158416748,6.524087429046631,9.68811321258545,6.11426305770874,,,,,,,,,,,9.75951862335205,8.476024627685547,8.960453987121582,8.50245189666748,10.640048027038574,13.673039436340332,11.388814926147461,7.710227966308594,10.06470012664795,8.41990852355957,,,,,,,,,,,,,,,,,,,,,,,,,,,,,,,,,,,,,,,,
1,214,,,,,,,,,,,,,,,,,,,,,,,,,,,,,,,,,,,,,,,,,0.2953892648220062,0.2567852735519409,0.30352160334587097,0.26276695728302,0.4706643223762512,0.17499032616615295,0.2477506399154663,0.3298276364803314,0.4491020739078522,0.16309459507465363,5.811520099639893,3.960578680038452,6.7737884521484375,5.705702304840088,7.916725158691406,5.271152496337891,5.824913024902344,5.494939804077148,5.976589202880859,5.379289627075195,,,,,,,,,,,7.336940288543701,5.609799385070801,7.937915325164795,7.125908374786377,9.816468238830566,6.779269218444824,8.144758224487305,6.7733306884765625,7.693001747131348,6.152009010314941,,,,,,,,,,,,,,,,,,,,,,,,,,,,,,,,,,,,,,,,
1,219,,,,,,,,,,,,,,,,,,,,,,,,,,,,,,,,,,,,,,,,,0.6719983816146851,0.6756976842880249,0.8053126335144043,0.7186095714569092,0.5004492402076721,0.9887798428535461,0.6406415104866028,0.33853405714035034,0.8348489999771118,0.545111894607544,8.345991134643555,7.438443660736084,9.023402214050293,8.776008605957031,7.115486145019531,11.574332237243652,10.098382949829102,5.171602725982666,7.65399169921875,8.262267112731934,,,,,,,,,,,11.305158615112305,9.099939346313477,12.929862022399902,11.784235000610352,10.122310638427734,16.114826202392578,13.097195625305176,6.862144947052002,10.488834381103516,11.247085571289062,,,,,,,,,,,,,,,,,,,,,,,,,,,,,,,,,,,,,,,,
1,224,,,,,,,,,,,,,,,,,,,,,,,,,,,,,,,,,,,,,,,,,0.7034395933151245,0.39122065901756287,0.6016517877578735,0.8020197153091431,0.9441797137260437,0.630419135093689,0.5105205774307251,1.128806471824646,0.8527954816818237,0.4693426489830017,8.768388748168945,6.034651279449463,7.866785526275635,9.467779159545898,10.347229957580566,9.501994132995605,8.816899299621582,9.864949226379395,8.75595760345459,8.259247779846191,,,,,,,,,,,11.397768020629883,6.924256801605225,11.175944328308105,12.449370384216309,13.90359115600586,12.867392539978027,11.691694259643555,12.530501365661621,10.600973129272461,10.436195373535156,,,,,,,,,,,,,,,,,,,,,,,,,,,,,,,,,,,,,,,,
1,229,,,,,,,,,,,,,,,,,,,,,,,,,,,,,,,,,,,,,,,,,0.41567182540893555,0.2658376395702362,0.402208149433136,0.6138221025466919,0.4127131700515747,0.5451481342315674,0.6057878136634827,0.2837766706943512,0.20864641666412354,0.40310633182525635,7.36331033706665,4.353110313415527,8.1948881149292,9.713142395019531,7.7066240310668945,9.339808464050293,9.79008960723877,4.944546699523926,4.42975378036499,7.7978291511535645,,,,,,,,,,,8.980958938598633,5.707822799682617,9.137703895568848,10.89121150970459,9.192291259765625,11.965561866760254,12.735940933227539,6.282711029052734,5.243590354919434,9.671792984008789,,,,,,,,,,,,,,,,,,,,,,,,,,,,,,,,,,,,,,,,
1,234,,,,,,,,,,,,,,,,,,,,,,,,,,,,,,,,,,,,,,,,,0.7447368502616882,0.6270796656608582,0.8991472125053406,0.6195812821388245,0.5517730116844177,0.8227630257606506,0.29600638151168823,0.6593539118766785,1.5589041709899902,0.6680226922035217,9.40829849243164,7.700770378112793,11.120803833007812,8.024299621582031,9.22890567779541,11.295761108398438,7.1128621101379395,8.044721603393555,11.955778121948242,10.19078540802002,,,,,,,,,,,11.551396369934082,8.766447067260742,13.662403106689453,10.942185401916504,10.628693580627441,14.699860572814941,8.902691841125488,9.576746940612793,14.332864761352539,12.45067310333252,,,,,,,,,,,,,,,,,,,,,,,,,,,,,,,,,,,,,,,,
1,239,,,,,,,,,,,,,,,,,,,,,,,,,,,,,,,,,,,,,,,,,0.6083941459655762,0.4288347065448761,0.2243136465549469,0.2830333709716797,0.8020195960998535,1.0554028749465942,0.48593103885650635,1.0215812921524048,0.8484631776809692,0.32596758008003235,8.281217575073242,5.5966572761535645,5.17724609375,7.189604759216309,11.014430046081543,11.876704216003418,7.662449836730957,10.588211059570312,8.769784927368164,6.655871391296387,,,,,,,,,,,10.392297744750977,7.249486446380615,6.824007034301758,7.395605087280273,12.814218521118164,16.64887809753418,11.406649589538574,11.920519828796387,10.574012756347656,8.69729995727539,,,,,,,,,,,,,,,,,,,,,,,,,,,,,,,,,,,,,,,,
1,244,,,,,,,,,,,,,,,,,,,,,,,,,,,,,,,,,,,,,,,,,0.5382506847381592,0.4626171886920929,0.24375717341899872,0.43014657497406006,1.0897588729858398,0.6052883863449097,0.3742332458496094,0.3063770830631256,0.5462353229522705,0.7858421206474304,8.28960132598877,6.508438587188721,6.002552032470703,8.453160285949707,12.649145126342773,10.333356857299805,8.561687469482422,5.117975234985352,6.98048210144043,9.999617576599121,,,,,,,,,,,9.9813814163208,7.529621601104736,7.113615036010742,9.117234230041504,14.937050819396973,12.608314514160156,10.01018238067627,6.528100967407227,8.484244346618652,13.504075050354004,,,,,,,,,,,,,,,,,,,,,,,,,,,,,,,,,,,,,,,,
1,249,,,,,,,,,,,,,,,,,,,,,,,,,,,,,,,,,,,,,,,,,0.4556010067462921,0.8384193778038025,0.29387345910072327,0.2540862262248993,0.7432785034179688,0.5122670531272888,0.5582531094551086,0.27935895323753357,0.5069303512573242,0.11394181847572327,6.890859127044678,7.0627007484436035,6.8860039710998535,5.977790832519531,9.687650680541992,8.873671531677246,9.278337478637695,4.58342981338501,5.682453155517578,3.9856925010681152,,,,,,,,,,,8.962748527526855,10.136613845825195,7.810734272003174,7.00721549987793,12.336030960083008,11.599093437194824,12.226055145263672,6.233615398406982,8.173299789428711,5.1420793533325195,,,,,,,,,,,,,,,,,,,,,,,,,,,,,,,,,,,,,,,,
1,254,,,,,,,,,,,,,,,,,,,,,,,,,,,,,,,,,,,,,,,,,0.26142534613609314,0.3401317000389099,0.26462507247924805,0.44246789813041687,0.20770730078220367,0.30874669551849365,0.2037711888551712,0.10399613529443741,0.34125715494155884,0.14012493193149567,5.6073150634765625,5.473982334136963,6.604422092437744,7.806683540344238,5.246018409729004,6.525684356689453,5.333813190460205,3.2630302906036377,5.129878520965576,5.082322597503662,,,,,,,,,,,6.915489196777344,6.456331253051758,7.411859035491943,9.246891975402832,6.521170139312744,9.004860877990723,7.38655948638916,3.803358793258667,6.706009387969971,5.702363967895508,,,,,,,,,,,,,,,,,,,,,,,,,,,,,,,,,,,,,,,,
1,259,,,,,,,,,,,,,,,,,,,,,,,,,,,,,,,,,,,,,,,,,0.48150089383125305,0.38430893421173096,0.31490767002105713,0.5352575778961182,0.2770217955112457,0.5366269946098328,0.4062267243862152,1.1617997884750366,0.4845057427883148,0.23285290598869324,7.716617107391357,4.837512493133545,7.442951202392578,8.825897216796875,6.6478447914123535,9.472661018371582,7.751497745513916,11.0499267578125,7.169799327850342,6.251457214355469,,,,,,,,,,,9.222699165344238,6.862818241119385,8.085433959960938,10.17035961151123,7.531068325042725,11.871678352355957,10.42929744720459,12.71230697631836,7.990478038787842,7.350857734680176,,,,,,,,,,,,,,,,,,,,,,,,,,,,,,,,,,,,,,,,
1,264,,,,,,,,,,,,,,,,,,,,,,,,,,,,,,,,,,,,,,,,,0.411706805229187,0.33656075596809387,0.4537194073200226,0.4428260326385498,0.6403163075447083,0.6255520582199097,0.30156201124191284,0.43075424432754517,0.11872505396604538,0.35534533858299255,7.213960647583008,5.546176433563232,7.549005031585693,8.347552299499512,9.352787971496582,9.789186477661133,6.970858573913574,6.040818214416504,3.7460360527038574,7.583224773406982,,,,,,,,,,,8.823137283325195,6.4223504066467285,9.705218315124512,9.250633239746094,11.449774742126465,12.817625045776367,8.985849380493164,7.740580081939697,3.955437183380127,9.080767631530762,,,,,,,,,,,,,,,,,,,,,,,,,,,,,,,,,,,,,,,,
1,269,,,,,,,,,,,,,,,,,,,,,,,,,,,,,,,,,,,,,,,,,0.38721001148223877,0.44720354676246643,0.5437385439872742,0.27813026309013367,0.1371370553970337,0.19163808226585388,0.09382311254739761,0.5175468325614929,0.9130262732505798,0.3626464307308197,6.54323673248291,6.09203577041626,8.361710548400879,5.996613025665283,4.332881450653076,6.138874053955078,3.983438014984131,6.664246559143066,9.413165092468262,7.90616512298584,,,,,,,,,,,7.932377338409424,7.403120994567871,10.624456405639648,7.331266403198242,5.298794269561768,7.094418048858643,5.012169361114502,8.484642028808594,10.96894645690918,9.17358112335205,,,,,,,,,,,,,,,,,,,,,,,,,,,,,,,,,,,,,,,,
1,274,,,,,,,,,,,,,,,,,,,,,,,,,,,,,,,,,,,,,,,,,0.49448341131210327,0.2621563971042633,0.4322128891944885,0.492696076631546,0.5942716002464294,0.45286092162132263,0.10826176404953003,0.37800899147987366,1.0320289134979248,0.6978530287742615,7.613884925842285,4.50361442565918,8.002142906188965,8.379156112670898,10.104350090026855,8.464265823364258,4.327193737030029,5.292757034301758,8.781375885009766,10.670106887817383,,,,,,,,,,,9.31746768951416,5.66816520690918,9.472411155700684,9.7576322555542,11.03042221069336,10.905818939208984,5.384040832519531,7.251199245452881,11.661896705627441,12.725626945495605,,,,,,,,,,,,,,,,,,,,,,,,,,,,,,,,,,,,,,,,
1,279,,,,,,,,,,,,,,,,,,,,,,,,,,,,,,,,,,,,,,,,,0.31674396991729736,0.1448458731174469,0.07655657827854156,0.25747430324554443,0.3482617139816284,0.473092645406723,0.2200073003768921,0.6040361523628235,0.4632483422756195,0.26317280530929565,6.075170040130615,3.4126083850860596,3.516916513442993,6.115321159362793,6.665382385253906,9.834795951843262,6.195416450500488,6.834611415863037,5.60962438583374,6.491851806640625,,,,,,,,,,,7.479322910308838,4.213231563568115,3.986602306365967,7.053779125213623,8.444083213806152,11.146767616271973,7.675194263458252,9.166218757629395,7.813223361968994,7.814797401428223,,,,,,,,,,,,,,,,,,,,,,,,,,,,,,,,,,,,,,,,
1,284,,,,,,,,,,,,,,,,,,,,,,,,,,,,,,,,,,,,,,,,,0.2538567781448364,0.37314027547836304,0.15982718765735626,0.28715330362319946,0.08913278579711914,0.2056243121623993,0.3269299268722534,0.1602603793144226,0.2618825435638428,0.4207600951194763,5.462185382843018,5.402629375457764,4.451549053192139,5.322648048400879,3.5516443252563477,5.966198444366455,7.258411884307861,3.952385663986206,4.829163074493408,8.425041198730469,,,,,,,,,,,6.82509708404541,6.762361526489258,5.760191917419434,7.449236869812012,4.271873474121094,7.348743438720703,9.356170654296875,4.721411228179932,5.874576091766357,9.881308555603027,,,,,,,,,,,,,,,,,,,,,,,,,,,,,,,,,,,,,,,,
1,289,,,,,,,,,,,,,,,,,,,,,,,,,,,,,,,,,,,,,,,,,0.379913330078125,0.6467330455780029,0.00789697840809822,0.13210034370422363,0.6427766680717468,0.2582203149795532,0.5718845129013062,0.3499580919742584,0.2529071569442749,0.5567429065704346,6.478344917297363,7.274392604827881,1.0194270610809326,5.0516462326049805,9.268442153930664,6.9622907638549805,9.99916934967041,5.675930023193359,5.589271545410156,7.464535236358643,,,,,,,,,,,7.937046527862549,8.902762413024902,1.2803895473480225,5.052506446838379,11.47175121307373,8.23514175415039,12.37442398071289,6.976967811584473,5.773030757904053,11.36644172668457,,,,,,,,,,,,,,,,,,,,,,,,,,,,,,,,,,,,,,,,
1,294,,,,,,,,,,,,,,,,,,,,,,,,,,,,,,,,,,,,,,,,,0.5720551609992981,0.4255960285663605,0.4960618019104004,0.6739230155944824,0.4472135305404663,0.6636226773262024,0.606035590171814,0.3222520053386688,0.9590751528739929,0.5547165274620056,8.552263259887695,5.765757083892822,8.603821754455566,9.217060089111328,7.568751335144043,10.947041511535645,10.359867095947266,6.237654685974121,9.478520393371582,8.791891098022461,,,,,,,,,,,10.397135734558105,7.222059726715088,10.147978782653809,11.411954879760742,9.568791389465332,13.201900482177734,12.738545417785645,6.695091724395752,11.242156028747559,11.345738410949707,,,,,,,,,,,,,,,,,,,,,,,,,,,,,,,,,,,,,,,,
1,299,,,,,,,,,,,,,,,,,,,,,,,,,,,,,,,,,,,,,,,,,0.41972166299819946,0.391506552696228,0.37854689359664917,0.278180867433548,0.24008868634700775,0.5960633158683777,0.41784003376960754,0.7020347118377686,0.3720141053199768,0.4012197256088257,7.321014404296875,5.963017463684082,7.057981491088867,6.844811916351318,5.8071794509887695,10.45780086517334,8.409239768981934,7.259823799133301,5.81371545791626,8.275555610656738,,,,,,,,,,,8.861835479736328,6.926786422729492,8.864852905273438,7.33193302154541,7.011088848114014,12.511865615844727,10.577322959899902,9.881844520568848,7.001692295074463,9.649133682250977,,,,,,,,,,,,,,,,,,,,,,,,,,,,,,,,,,,,,,,,
1,304,,,,,,,,,,,,,,,,,,,,,,,,,,,,,,,,,,,,,,,,,0.7779715061187744,0.6896125078201294,0.9544185996055603,0.599155068397522,1.2608015537261963,0.724761962890625,0.9890929460525513,0.7103358507156372,0.44902530312538147,0.6245393753051758,9.258069038391113,7.503751277923584,11.192272186279297,7.549929618835449,11.169779777526855,10.739174842834473,12.795296669006348,7.113661289215088,5.786386013031006,9.472367286682129,,,,,,,,,,,12.204179763793945,9.193159103393555,14.07606029510498,10.760302543640137,16.066564559936523,13.796647071838379,16.273815155029297,9.940095901489258,7.6923441886901855,12.038630485534668,,,,,,,,,,,,,,,,,,,,,,,,,,,,,,,,,,,,,,,,
1,309,,,,,,,,,,,,,,,,,,,,,,,,,,,,,,,,,,,,,,,,,0.39546945691108704,0.502288818359375,0.21474070847034454,0.6840549111366272,0.6658274531364441,0.38369786739349365,0.3492712676525116,0.07091815024614334,0.3989787697792053,0.28944727778434753,6.632360935211182,5.593539714813232,4.39875602722168,8.761455535888672,8.511266708374023,8.009957313537598,7.3594069480896,3.026158332824707,6.937010288238525,7.09369421005249,,,,,,,,,,,8.44357967376709,7.845832347869873,6.676806926727295,11.497419357299805,11.675633430480957,10.03853988647461,9.670574188232422,3.140779495239258,7.251004219055176,8.195622444152832,,,,,,,,,,,,,,,,,,,,,,,,,,,,,,,,,,,,,,,,
1,314,,,,,,,,,,,,,,,,,,,,,,,,,,,,,,,,,,,,,,,,,0.4132412075996399,0.42215150594711304,0.09867211431264877,0.6190921664237976,0.6127842664718628,0.5155702233314514,0.33905357122421265,0.22855889797210693,0.4920666217803955,0.39122140407562256,7.042325496673584,5.926746845245361,3.898242950439453,9.430694580078125,8.2256498336792,9.972602844238281,7.2796430587768555,4.59678316116333,6.626604080200195,7.423960208892822,,,,,,,,,,,8.693461418151855,7.192774772644043,4.525940418243408,10.937865257263184,11.20091438293457,11.636430740356445,9.528070449829102,5.638424873352051,8.052583694458008,9.52814769744873,,,,,,,,,,,,,,,,,,,,,,,,,,,,,,,,,,,,,,,,
1,319,,,,,,,,,,,,,,,,,,,,,,,,,,,,,,,,,,,,,,,,,0.5233883261680603,0.6530734300613403,0.9598973989486694,0.28005897998809814,0.26986706256866455,0.7022318243980408,0.16220723092556,0.326464980840683,0.8740255236625671,0.48266878724098206,7.694248676300049,5.987833499908447,11.884119987487793,5.692740440368652,5.674127578735352,11.77033519744873,5.319386959075928,5.253885746002197,8.415098190307617,9.250712394714355,,,,,,,,,,,9.564166069030762,8.946296691894531,14.116403579711914,7.356642246246338,7.433178424835205,13.580511093139648,6.590310573577881,6.738714218139648,10.73211669921875,10.583317756652832,,,,,,,,,,,,,,,,,,,,,,,,,,,,,,,,,,,,,,,,
1,324,,,,,,,,,,,,,,,,,,,,,,,,,,,,,,,,,,,,,,,,,0.6615422964096069,0.3465941250324249,0.3824680745601654,1.3433784246444702,0.269962877035141,0.8023172616958618,0.4078446626663208,0.8431707620620728,0.9428917169570923,0.6152526140213013,8.636515617370605,5.474389553070068,7.435451507568359,14.67677116394043,6.375236988067627,11.044790267944336,6.099395275115967,8.736464500427246,8.626076698303223,9.260054588317871,,,,,,,,,,,10.874021530151367,6.517376899719238,8.910646438598633,16.112171173095703,7.434498310089111,14.51606559753418,10.450045585632324,10.82970142364502,11.146902084350586,11.948789596557617,,,,,,,,,,,,,,,,,,,,,,,,,,,,,,,,,,,,,,,,
1,329,,,,,,,,,,,,,,,,,,,,,,,,,,,,,,,,,,,,,,,,,0.8146327137947083,1.1614059209823608,0.5408462285995483,1.8143751621246338,0.8729038834571838,0.9476059675216675,0.5488706231117249,0.6508852243423462,0.24743519723415375,0.5473664999008179,9.401819229125977,9.180882453918457,7.7054314613342285,15.623300552368164,9.537175178527832,12.86829948425293,9.482519149780273,6.958466529846191,4.084849834442139,9.175443649291992,,,,,,,,,,,12.112680435180664,11.930379867553711,10.596160888671875,18.724855422973633,13.368504524230957,15.775740623474121,12.122879981994629,9.515047073364258,5.710235595703125,11.270320892333984,,,,,,,,,,,,,,,,,,,,,,,,,,,,,,,,,,,,,,,,
1,334,,,,,,,,,,,,,,,,,,,,,,,,,,,,,,,,,,,,,,,,,0.34332287311553955,0.3858674466609955,0.22447501122951508,0.5693178772926331,0.2242583930492401,0.5669991374015808,0.3254019021987915,0.14708447456359863,0.13126561045646667,0.5152359008789062,6.476324558258057,5.692545413970947,5.797357559204102,8.171363830566406,5.168135166168213,10.06106185913086,7.171708106994629,3.7829582691192627,3.032902956008911,9.408888816833496,,,,,,,,,,,8.013581275939941,6.876720428466797,6.826462268829346,10.488956451416016,6.776008605957031,12.203012466430664,9.334280967712402,4.523161888122559,4.159094333648682,10.934534072875977,,,,,,,,,,,,,,,,,,,,,,,,,,,,,,,,,,,,,,,,
1,339,,,,,,,,,,,,,,,,,,,,,,,,,,,,,,,,,,,,,,,,,0.3130435049533844,0.28527987003326416,0.22964780032634735,0.24976983666419983,0.1355225294828415,0.15849097073078156,0.19227102398872375,0.472552090883255,0.8956874012947083,0.1981697678565979,5.824734210968018,4.762749671936035,5.906290054321289,5.962515830993652,4.640685558319092,5.526264667510986,6.0712175369262695,5.899265766143799,7.93308162689209,5.720536231994629,,,,,,,,,,,7.156935214996338,5.912863254547119,6.904667854309082,6.947441577911377,5.267509937286377,6.451758861541748,7.175096035003662,8.107436180114746,10.864294052124023,6.781346321105957,,,,,,,,,,,,,,,,,,,,,,,,,,,,,,,,,,,,,,,,
1,344,,,,,,,,,,,,,,,,,,,,,,,,,,,,,,,,,,,,,,,,,0.6059173345565796,1.144704818725586,0.4759484827518463,0.4348028898239136,0.6046207547187805,1.2189912796020508,0.44921597838401794,0.5353611707687378,0.21876753866672516,0.3708433508872986,8.210761070251465,9.393168449401855,8.95080280303955,7.011510372161865,8.430614471435547,13.947916984558105,8.602584838867188,6.700769424438477,3.99224853515625,6.8672285079956055,,,,,,,,,,,10.468029975891113,11.844290733337402,9.940120697021484,9.166448593139648,11.126054763793945,17.89271354675293,10.967266082763672,8.629430770874023,5.369263172149658,9.276678085327148,,,,,,,,,,,,,,,,,,,,,,,,,,,,,,,,,,,,,,,,
1,349,,,,,,,,,,,,,,,,,,,,,,,,,,,,,,,,,,,,,,,,,0.49781334400177,0.7216479778289795,0.6246561408042908,0.41052061319351196,0.11614319682121277,0.5547782182693481,0.41780540347099304,0.4397517144680023,0.9022719860076904,0.29274487495422363,7.296083450317383,6.574549674987793,9.682867050170898,6.573063850402832,3.985862970352173,9.293038368225098,7.3962883949279785,6.3217644691467285,10.134807586669922,5.702512264251709,,,,,,,,,,,9.354451179504395,9.404266357421875,11.387598037719727,8.906813621520996,4.876368522644043,12.070785522460938,10.576887130737305,7.8210039138793945,10.904155731201172,8.242175102233887,,,,,,,,,,,,,,,,,,,,,,,,,,,,,,,,,,,,,,,,
1,354,,,,,,,,,,,,,,,,,,,,,,,,,,,,,,,,,,,,,,,,,0.46317386627197266,0.7249762415885925,0.2741242051124573,0.2796443700790405,0.6169708371162415,0.479613721370697,0.43940380215644836,0.5901330709457397,0.1670343577861786,0.596664309501648,6.785807132720947,7.789253234863281,6.587109565734863,5.785058498382568,8.187638282775879,8.33726692199707,6.748393535614014,5.328619480133057,4.320326328277588,7.988595485687256,,,,,,,,,,,9.238754272460938,9.425929069519043,7.543715953826904,7.351195335388184,11.23911190032959,11.223328590393066,10.846826553344727,9.060113906860352,4.691656589508057,11.7669038772583,,,,,,,,,,,,,,,,,,,,,,,,,,,,,,,,,,,,,,,,
1,359,,,,,,,,,,,,,,,,,,,,,,,,,,,,,,,,,,,,,,,,,0.44492658972740173,0.6024271249771118,0.30487293004989624,0.46322113275527954,0.42023777961730957,0.6546758413314819,0.4481448829174042,0.5175360441207886,0.21230247616767883,0.38092103600502014,7.54188871383667,6.9474945068359375,7.1599555015563965,8.402522087097168,7.674147129058838,9.11065673828125,7.534268856048584,8.434144020080566,4.936365127563477,7.6774444580078125,,,,,,,,,,,9.169721603393555,8.592400550842285,7.95556640625,9.461261749267578,9.275711059570312,13.112605094909668,10.954183578491211,8.484554290771484,5.289331436157227,9.40187931060791,,,,,,,,,,,,,,,,,,,,,,,,,,,,,,,,,,,,,,,,
1,364,,,,,,,,,,,,,,,,,,,,,,,,,,,,,,,,,,,,,,,,,0.9070358276367188,0.5341070294380188,1.0394752025604248,2.4322926998138428,0.5217952132225037,0.5650890469551086,0.182814359664917,1.2257295846939087,1.0252561569213867,0.6367630362510681,9.949264526367188,6.665460109710693,11.91562557220459,21.050739288330078,7.54288911819458,9.739232063293457,5.960268020629883,8.730748176574707,8.352116584777832,9.586298942565918,,,,,,,,,,,12.312467575073242,8.090520858764648,14.689895629882812,21.68017578125,10.335932731628418,12.182439804077148,6.9964213371276855,13.057379722595215,11.62356948852539,12.155871391296387,,,,,,,,,,,,,,,,,,,,,,,,,,,,,,,,,,,,,,,,
1,369,,,,,,,,,,,,,,,,,,,,,,,,,,,,,,,,,,,,,,,,,0.6630210876464844,0.713234007358551,0.3454149663448334,0.6817936301231384,0.366536408662796,0.5768204927444458,0.7971393465995789,1.045800805091858,0.5238058567047119,0.9166439771652222,9.194908142089844,7.385674953460693,7.687029838562012,10.699131965637207,7.241955280303955,10.031156539916992,12.34239673614502,9.790810585021973,7.491921901702881,10.084099769592285,,,,,,,,,,,11.092251777648926,9.349283218383789,8.468026161193848,11.478401184082031,8.662797927856445,12.308246612548828,14.609586715698242,12.060996055603027,8.308229446411133,14.584701538085938,,,,,,,,,,,,,,,,,,,,,,,,,,,,,,,,,,,,,,,,
1,374,,,,,,,,,,,,,,,,,,,,,,,,,,,,,,,,,,,,,,,,,0.43101805448532104,0.655227541923523,0.4176468551158905,0.08200465887784958,0.35440200567245483,0.4010380208492279,0.36780059337615967,0.7235745787620544,0.411666601896286,0.46580153703689575,6.976466178894043,7.447592735290527,7.677831649780273,3.5333027839660645,7.3707098960876465,8.755794525146484,8.776633262634277,5.534656524658203,5.871831893920898,7.8198418617248535,,,,,,,,,,,8.750287055969238,8.961038589477539,9.31142807006836,3.980834484100342,8.518198013305664,10.262866020202637,9.92377758026123,10.032295227050781,7.365396499633789,10.396751403808594,,,,,,,,,,,,,,,,,,,,,,,,,,,,,,,,,,,,,,,,
1,379,,,,,,,,,,,,,,,,,,,,,,,,,,,,,,,,,,,,,,,,,0.7320017218589783,0.9745135307312012,1.3194680213928223,0.48600298166275024,0.5510994791984558,1.0093178749084473,0.35570186376571655,1.4195287227630615,0.11834491789340973,0.3540378510951996,8.883566856384277,8.007502555847168,15.394346237182617,7.524379730224609,8.412881851196289,11.385247230529785,6.848661422729492,11.316108703613281,3.0043041706085205,8.058670997619629,,,,,,,,,,,11.210850715637207,10.928391456604004,16.550498962402344,9.691128730773926,10.622204780578613,16.281330108642578,9.75919246673584,14.05176067352295,3.94909930229187,9.064044952392578,,,,,,,,,,,,,,,,,,,,,,,,,,,,,,,,,,,,,,,,
1,384,,,,,,,,,,,,,,,,,,,,,,,,,,,,,,,,,,,,,,,,,0.23648786544799805,0.44731807708740234,0.22546620666980743,0.17675943672657013,0.2363681197166443,0.28973233699798584,0.14039507508277893,0.19248752295970917,0.2045678347349167,0.21529611945152283,5.378297805786133,5.66435432434082,5.905029296875,5.294347286224365,5.508230209350586,7.25335168838501,4.852597236633301,4.3268723487854,3.7521889209747314,5.847708225250244,,,,,,,,,,,6.592867374420166,7.404069900512695,6.841516017913818,5.844484329223633,6.956552982330322,8.723170280456543,6.131217956542969,5.1743998527526855,5.192086696624756,7.068305492401123,,,,,,,,,,,,,,,,,,,,,,,,,,,,,,,,,,,,,,,,
1,387,,,,,,,,,,,,,,,,,,,,,,,,,,,,,,,,,,,,,,,,,,,,,,,,,,,7.35680627822876,6.200198173522949,7.389803409576416,7.036507606506348,7.430567264556885,9.005278587341309,7.9944748878479,6.5403218269348145,6.6203999519348145,7.993705749511719,0.4859713613986969,0.45414769649505615,0.5460906624794006,0.5719623565673828,0.5086492300033569,0.4110347628593445,0.4843827486038208,0.4831991195678711,0.44172871112823486,0.4725465178489685,9.543543815612793,7.968857288360596,9.559144020080566,9.058659553527832,9.83537483215332,11.711969375610352,10.588314056396484,8.376317977905273,8.472007751464844,10.32124137878418,0.5263312458992004,0.6099994778633118,0.4887358248233795,0.34766513109207153,0.5641055703163147,0.6363720297813416,0.5017105937004089,0.4006190896034241,0.6156373023986816,0.5721362829208374,7.527639865875244,6.1556901931762695,7.123022079467773,6.077391624450684,8.477410316467285,9.618274688720703,8.741965293884277,5.35220193862915,7.345354080200195,8.85744571685791,0.41333523392677307,0.360554575920105,0.6024348735809326,0.6241648197174072,0.3150879144668579,0.4212683439254761,0.4835047125816345,0.37875092029571533,0.10104960203170776,0.43320125341415405,10.186869621276855,8.84842586517334,9.666949272155762,9.107565879821777,11.197281837463379,13.079585075378418,11.489151000976562,7.348234176635742,9.641481399536133,11.303146362304688
2,389,,,,,,,,,,,,,,,,,,,,,,,,,,,,,,,,,,,,,,,,,0.3648483157157898,0.5408430099487305,0.6601355075836182,0.36010706424713135,0.18524423241615295,0.2949597239494324,0.17058777809143066,0.2952946424484253,0.36035627126693726,0.4161067008972168,6.310696125030518,6.685352802276611,8.506962776184082,5.771584510803223,5.992612361907959,6.866393089294434,4.694887161254883,5.489837646484375,5.594235420227051,7.194398880004883,,,,,,,,,,,8.114985466003418,8.141377449035645,11.706530570983887,8.342009544372559,6.158458709716797,8.801509857177734,6.7584123611450195,6.408944606781006,6.891112327575684,9.826515197753906,,,,,,,,,,,,,,,,,,,,,,,,,,,,,,,,,,,,,,,,
2,394,,,,,,,,,,,,,,,,,,,,,,,,,,,,,,,,,,,,,,,,,0.22528529167175293,0.27393394708633423,0.04916858300566673,0.09657978266477585,0.2862825393676758,0.4432332515716553,0.1978982388973236,0.15372180938720703,0.16298674046993256,0.36376258730888367,5.196000099182129,4.417286396026611,2.439201593399048,4.242025375366211,6.1253533363342285,8.674921989440918,5.673221111297607,3.689547300338745,3.677689790725708,7.824753284454346,,,,,,,,,,,6.386653423309326,5.794089317321777,3.1948869228363037,4.320141792297363,7.655914783477783,10.789268493652344,7.2793354988098145,4.624092102050781,4.634463787078857,9.187687873840332,,,,,,,,,,,,,,,,,,,,,,,,,,,,,,,,,,,,,,,,
2,399,,,,,,,,,,,,,,,,,,,,,,,,,,,,,,,,,,,,,,,,,0.6522939801216125,0.7119415998458862,0.7212981581687927,0.8143221139907837,0.6624388098716736,0.8202307224273682,0.461222767829895,0.460351824760437,0.5759234428405762,0.6429158449172974,8.98559284210205,8.317025184631348,9.687843322753906,9.56826114654541,9.216903686523438,12.180312156677246,9.609231948852539,6.0582098960876465,7.265129089355469,8.967422485351562,,,,,,,,,,,11.16515827178955,9.340808868408203,12.236834526062012,12.544488906860352,11.645886421203613,14.677223205566406,11.112868309020996,8.002093315124512,8.711755752563477,12.214460372924805,,,,,,,,,,,,,,,,,,,,,,,,,,,,,,,,,,,,,,,,
2,404,,,,,,,,,,,,,,,,,,,,,,,,,,,,,,,,,,,,,,,,,0.48113617300987244,0.7797006368637085,0.43731066584587097,0.8260902762413025,0.3457760512828827,0.5211465954780579,0.5173510313034058,0.11604123562574387,0.5744746327400208,0.21233442425727844,7.343743324279785,7.238204479217529,8.13350772857666,9.154754638671875,6.250694751739502,9.25801944732666,9.800116539001465,3.38325572013855,7.2587571144104,5.6163763999938965,,,,,,,,,,,9.284306526184082,9.775213241577148,9.528108596801758,12.634808540344238,8.413895606994629,11.699191093444824,11.769647598266602,4.01758337020874,8.700790405273438,7.019520282745361,,,,,,,,,,,,,,,,,,,,,,,,,,,,,,,,,,,,,,,,
2,409,,,,,,,,,,,,,,,,,,,,,,,,,,,,,,,,,,,,,,,,,0.4704734981060028,0.9911076426506042,0.3394884765148163,0.0878373458981514,1.046701431274414,0.6786465048789978,0.4845625162124634,0.19458886981010437,0.06032027304172516,0.3510082960128784,7.095700740814209,8.489419937133789,7.59771203994751,3.6711456775665283,10.126789093017578,9.906848907470703,9.49116325378418,4.3301286697387695,2.7126545906066895,7.53544282913208,,,,,,,,,,,8.884809494018555,11.021042823791504,8.395066261291504,4.119974136352539,14.638988494873047,13.350503921508789,11.390576362609863,5.202567100524902,2.8193886280059814,9.025179862976074,,,,,,,,,,,,,,,,,,,,,,,,,,,,,,,,,,,,,,,,
2,414,,,,,,,,,,,,,,,,,,,,,,,,,,,,,,,,,,,,,,,,,0.3783850371837616,0.3622055947780609,0.35385480523109436,0.460498571395874,0.43921172618865967,0.29304683208465576,0.35373979806900024,0.32207027077674866,0.4797252118587494,0.3411126136779785,6.628504753112793,4.84201192855835,6.2025299072265625,6.93841028213501,7.0819597244262695,7.346974849700928,6.976992130279541,6.363440036773682,7.238399505615234,6.665829181671143,,,,,,,,,,,8.466221809387207,6.662539958953857,8.570856094360352,9.433416366577148,9.48280143737793,8.772924423217773,9.73223876953125,6.693203926086426,7.9509596824646,8.897051811218262,,,,,,,,,,,,,,,,,,,,,,,,,,,,,,,,,,,,,,,,
2,419,,,,,,,,,,,,,,,,,,,,,,,,,,,,,,,,,,,,,,,,,0.27480989694595337,0.14952105283737183,0.1560918092727661,0.14983803033828735,0.18804319202899933,0.33616629242897034,0.7485208511352539,0.29125094413757324,0.11958662420511246,0.334270179271698,5.743288516998291,3.4695396423339844,4.5640153884887695,4.571601867675781,5.2161784172058105,8.063108444213867,10.165237426757812,5.231192588806152,3.2999558448791504,7.108763694763184,,,,,,,,,,,7.139368534088135,4.280686855316162,5.692483425140381,5.381035804748535,6.204809665679932,9.396215438842773,14.157050132751465,6.364912033081055,3.9697630405426025,8.807365417480469,,,,,,,,,,,,,,,,,,,,,,,,,,,,,,,,,,,,,,,,
2,424,,,,,,,,,,,,,,,,,,,,,,,,,,,,,,,,,,,,,,,,,0.4030494689941406,0.4345899224281311,0.2532472610473633,0.14202871918678284,0.34089285135269165,0.9633619785308838,0.21551916003227234,0.2565229535102844,0.762597918510437,0.25868451595306396,6.69672155380249,6.1923041343688965,5.436975955963135,4.5576701164245605,6.567841053009033,12.44745922088623,5.5111918449401855,4.638239860534668,9.40103530883789,5.517775535583496,,,,,,,,,,,8.376751899719238,7.297970771789551,7.250769138336182,5.238934516906738,8.354270935058594,15.906352996826172,7.596503257751465,5.973402976989746,10.024693489074707,7.747871398925781,,,,,,,,,,,,,,,,,,,,,,,,,,,,,,,,,,,,,,,,
2,429,,,,,,,,,,,,,,,,,,,,,,,,,,,,,,,,,,,,,,,,,0.2843353748321533,0.26976504921913147,0.07102494686841965,0.2204514890909195,0.2310589849948883,0.42272692918777466,0.33169877529144287,0.5320051908493042,0.2650514543056488,0.21523553133010864,5.74951696395874,4.945793628692627,3.5256330966949463,5.475997447967529,5.3923726081848145,8.524922370910645,6.709879398345947,6.87695837020874,3.983081817626953,6.311010360717773,,,,,,,,,,,7.17057991027832,5.749831199645996,3.8398752212524414,6.526967525482178,6.8779826164245605,10.536728858947754,9.424161911010742,8.602340698242188,5.910012245178223,7.067310810089111,,,,,,,,,,,,,,,,,,,,,,,,,,,,,,,,,,,,,,,,
2,434,,,,,,,,,,,,,,,,,,,,,,,,,,,,,,,,,,,,,,,,,0.4610706567764282,0.46133092045783997,0.2606709897518158,0.6757272481918335,0.16480796039104462,0.4851393401622772,0.2684442400932312,0.7700659036636353,0.5909247398376465,0.4725244343280792,7.331671237945557,5.334698677062988,5.894410133361816,8.490160942077637,4.767814636230469,9.494365692138672,6.9385223388671875,9.540119171142578,7.5805182456970215,7.944427490234375,,,,,,,,,,,9.058103561401367,7.519146919250488,7.35627555847168,11.427220344543457,5.808830738067627,11.287795066833496,8.478086471557617,10.349578857421875,8.824484825134277,10.471510887145996,,,,,,,,,,,,,,,,,,,,,,,,,,,,,,,,,,,,,,,,
2,439,,,,,,,,,,,,,,,,,,,,,,,,,,,,,,,,,,,,,,,,,0.6217979788780212,0.5693843960762024,0.07507344335317612,0.39537814259529114,0.8273695707321167,0.4715174734592438,0.6546368598937988,0.07820184528827667,1.7211267948150635,0.8034934997558594,7.018340110778809,6.663401126861572,3.588244676589966,6.762905120849609,9.40556526184082,8.623948097229004,7.404952049255371,2.822293996810913,10.625643730163574,7.268105983734131,,,,,,,,,,,10.04869556427002,8.353434562683105,3.9477972984313965,8.741002082824707,13.015157699584961,11.128195762634277,13.239482879638672,3.298125743865967,15.060164451599121,13.654894828796387,,,,,,,,,,,,,,,,,,,,,,,,,,,,,,,,,,,,,,,,
2,444,,,,,,,,,,,,,,,,,,,,,,,,,,,,,,,,,,,,,,,,,0.4630075991153717,0.6376762390136719,0.673825204372406,0.619273841381073,0.20434170961380005,0.3521696627140045,0.23429462313652039,0.5404409170150757,0.4245050847530365,0.48054128885269165,7.354963779449463,6.413954734802246,10.40331745147705,9.095848083496094,5.070492267608643,7.52389669418335,6.031092643737793,7.532186031341553,6.7549872398376465,7.368899345397949,,,,,,,,,,,9.146939277648926,8.840206146240234,11.827290534973145,10.939469337463379,6.46812105178833,9.617270469665527,7.920488357543945,8.670273780822754,7.479365348815918,10.559967041015625,,,,,,,,,,,,,,,,,,,,,,,,,,,,,,,,,,,,,,,,
2,449,,,,,,,,,,,,,,,,,,,,,,,,,,,,,,,,,,,,,,,,,0.6241238117218018,0.4458838999271393,0.6572060585021973,0.3681383728981018,0.35368502140045166,0.6416698694229126,0.8989031910896301,0.7905851602554321,0.7067710161209106,0.7542712688446045,8.405041694641113,6.21372652053833,8.07402515411377,5.655850887298584,6.546662330627441,10.580968856811523,11.507830619812012,9.113847732543945,7.659749507904053,10.292712211608887,,,,,,,,,,,10.875558853149414,7.392190933227539,11.680527687072754,8.434520721435547,8.509576797485352,12.981703758239746,15.514123916625977,10.486560821533203,9.650785446166992,13.230034828186035,,,,,,,,,,,,,,,,,,,,,,,,,,,,,,,,,,,,,,,,
2,454,,,,,,,,,,,,,,,,,,,,,,,,,,,,,,,,,,,,,,,,,0.5041623711585999,0.5310747027397156,0.6953279376029968,0.7105909585952759,0.3663831651210785,0.4361031949520111,0.2554055452346802,0.9636351466178894,0.14230598509311676,0.4366350769996643,7.556554317474365,6.823967933654785,10.202676773071289,10.032732963562012,6.4387993812561035,8.420992851257324,6.0947794914245605,8.11868667602539,4.2245707511901855,7.651779651641846,,,,,,,,,,,9.489673614501953,8.067520141601562,12.014522552490234,11.718302726745605,8.660987854003906,10.702136039733887,8.269627571105957,11.577506065368652,4.33046817779541,10.06598949432373,,,,,,,,,,,,,,,,,,,,,,,,,,,,,,,,,,,,,,,,
2,459,,,,,,,,,,,,,,,,,,,,,,,,,,,,,,,,,,,,,,,,,0.6097930073738098,0.6639801859855652,0.5480303168296814,0.8052887916564941,0.01759294606745243,0.8245075345039368,0.3750227093696594,1.2558022737503052,0.5578640699386597,0.4400480091571808,8.358914375305176,7.695467472076416,9.357784271240234,10.26760196685791,1.671869158744812,12.429640769958496,7.797093868255615,10.764721870422363,6.829811096191406,8.416242599487305,,,,,,,,,,,10.07685375213623,9.02069091796875,10.666303634643555,12.474717140197754,1.8978807926177979,14.715436935424805,10.020733833312988,13.216588020324707,8.574079513549805,10.105254173278809,,,,,,,,,,,,,,,,,,,,,,,,,,,,,,,,,,,,,,,,
2,464,,,,,,,,,,,,,,,,,,,,,,,,,,,,,,,,,,,,,,,,,0.5375423431396484,0.6355075836181641,0.30704498291015625,0.4512522518634796,0.6968449354171753,0.6166467666625977,0.6222006678581238,0.3674006164073944,0.49930915236473083,0.6416740417480469,7.744139194488525,5.970250606536865,6.496807098388672,7.708230018615723,8.821598052978516,9.691693305969238,8.174936294555664,6.318800926208496,6.320141315460205,10.194795608520508,,,,,,,,,,,10.132015228271484,8.825161933898926,7.983855247497559,9.33823013305664,11.94449234008789,12.726064682006836,12.907319068908691,7.148725986480713,8.111628532409668,12.202657699584961,,,,,,,,,,,,,,,,,,,,,,,,,,,,,,,,,,,,,,,,
2,469,,,,,,,,,,,,,,,,,,,,,,,,,,,,,,,,,,,,,,,,,0.4292293190956116,0.5114287734031677,0.5510764718055725,0.5074424743652344,0.2373625785112381,0.44001466035842896,0.4749546945095062,0.7453819513320923,0.25178369879722595,0.1436184197664261,6.890151023864746,5.720248699188232,8.845202445983887,7.515261173248291,6.129721641540527,8.63685417175293,7.832289695739746,8.147292137145996,4.659507751464844,4.524982929229736,,,,,,,,,,,8.80324649810791,7.916894435882568,10.695905685424805,9.902579307556152,6.9711713790893555,10.75002384185791,11.27708625793457,10.182353019714355,5.760193347930908,5.773009300231934,,,,,,,,,,,,,,,,,,,,,,,,,,,,,,,,,,,,,,,,
2,474,,,,,,,,,,,,,,,,,,,,,,,,,,,,,,,,,,,,,,,,,0.5633929371833801,0.8118591904640198,0.41000285744667053,0.4179564416408539,0.632724404335022,0.40453672409057617,0.45873069763183594,0.8336257338523865,0.620318591594696,0.4807818830013275,7.68507719039917,6.406989574432373,6.53171443939209,7.042070388793945,8.529329299926758,7.224079608917236,8.336286544799805,9.87055492401123,7.353049278259277,7.871619701385498,,,,,,,,,,,10.147985458374023,9.974763870239258,9.225822448730469,8.987116813659668,11.381694793701172,10.307535171508789,11.082804679870605,10.768229484558105,9.041295051574707,10.562610626220703,,,,,,,,,,,,,,,,,,,,,,,,,,,,,,,,,,,,,,,,
2,479,,,,,,,,,,,,,,,,,,,,,,,,,,,,,,,,,,,,,,,,,0.36404094099998474,0.7085721492767334,0.3069310188293457,0.3594570457935333,0.5244756937026978,0.15987902879714966,0.13670608401298523,0.40098875761032104,0.27043017745018005,0.40892839431762695,6.544500827789307,7.655410289764404,7.246829986572266,6.768003463745117,8.555628776550293,5.413149833679199,4.745669364929199,6.337634563446045,4.411386489868164,7.766794681549072,,,,,,,,,,,7.9674973487854,9.31867790222168,7.982373237609863,8.334478378295898,10.362446784973145,6.479949474334717,6.0501298904418945,7.468353271484375,5.969677925109863,9.741388320922852,,,,,,,,,,,,,,,,,,,,,,,,,,,,,,,,,,,,,,,,
2,484,,,,,,,,,,,,,,,,,,,,,,,,,,,,,,,,,,,,,,,,,0.45923465490341187,0.34447410702705383,0.5080861449241638,0.25781241059303284,0.14387407898902893,0.6667745113372803,0.13131897151470184,0.2963196337223053,1.3328847885131836,0.4515674114227295,6.902750492095947,5.591494560241699,8.937820434570312,6.4726386070251465,4.463348388671875,8.596787452697754,4.304897308349609,5.916802883148193,9.918841361999512,7.922123432159424,,,,,,,,,,,8.702919960021973,6.4974141120910645,10.270234107971191,7.058408737182617,5.4273881912231445,13.23321533203125,5.92972469329834,6.420057773590088,13.253165245056152,10.236664772033691,,,,,,,,,,,,,,,,,,,,,,,,,,,,,,,,,,,,,,,,
2,489,,,,,,,,,,,,,,,,,,,,,,,,,,,,,,,,,,,,,,,,,0.34389135241508484,0.49079614877700806,0.04121789336204529,0.2262817919254303,0.42874377965927124,0.31181684136390686,0.6360613107681274,0.22552724182605743,0.3093327283859253,0.4252445101737976,6.253366470336914,6.003840446472168,2.601661205291748,6.046456336975098,7.2937092781066895,7.982790470123291,9.930390357971191,4.511968612670898,4.9716620445251465,6.9378180503845215,,,,,,,,,,,7.853529453277588,7.75555419921875,2.9251933097839355,6.612713813781738,9.369114875793457,9.049522399902344,13.05029296875,5.600905418395996,6.384637355804443,9.933826446533203,,,,,,,,,,,,,,,,,,,,,,,,,,,,,,,,,,,,,,,,
2,494,,,,,,,,,,,,,,,,,,,,,,,,,,,,,,,,,,,,,,,,,0.2555277645587921,0.1712719053030014,0.27763357758522034,0.24058052897453308,0.30784109234809875,0.3608224391937256,0.3655114769935608,0.17118631303310394,0.2493312954902649,0.15557128190994263,5.6827263832092285,3.279480457305908,5.666844367980957,5.571671962738037,7.173093318939209,7.452960014343262,7.490145683288574,4.756455421447754,4.784252643585205,4.969636917114258,,,,,,,,,,,7.01983118057251,4.581475257873535,7.591850757598877,6.818441867828369,7.9389472007751465,9.734701156616211,9.892847061157227,4.879701137542725,5.732072353363037,6.0084428787231445,,,,,,,,,,,,,,,,,,,,,,,,,,,,,,,,,,,,,,,,
2,499,,,,,,,,,,,,,,,,,,,,,,,,,,,,,,,,,,,,,,,,,0.24810494482517242,0.3400813043117523,0.2559366524219513,0.24375616014003754,0.2546035051345825,0.2727206349372864,0.1617695689201355,0.20168806612491608,0.2681090235710144,0.234279602766037,5.595362663269043,5.426063537597656,6.265330791473389,5.551379203796387,5.680222511291504,6.326991081237793,5.6295905113220215,4.895760536193848,4.346889019012451,6.23603630065918,,,,,,,,,,,6.8318681716918945,6.45585298538208,7.289167404174805,6.863295078277588,7.219910621643066,8.463205337524414,6.581413745880127,5.296619892120361,5.944003105163574,7.373343467712402,,,,,,,,,,,,,,,,,,,,,,,,,,,,,,,,,,,,,,,,
2,504,,,,,,,,,,,,,,,,,,,,,,,,,,,,,,,,,,,,,,,,,0.45657721161842346,0.8456813097000122,0.6807938814163208,0.48265573382377625,0.5368351936340332,0.42537492513656616,0.3820928931236267,0.06750565767288208,0.35371121764183044,0.33454370498657227,7.262502193450928,6.581052303314209,9.32796859741211,7.698657035827637,8.093368530273438,9.087639808654785,8.16800594329834,2.6389522552490234,6.106986999511719,7.659890651702881,,,,,,,,,,,9.066356658935547,10.180418968200684,11.888291358947754,9.657698631286621,10.483833312988281,10.569679260253906,10.114752769470215,3.064282178878784,6.827280044555664,8.810968399047852,,,,,,,,,,,,,,,,,,,,,,,,,,,,,,,,,,,,,,,,
2,509,,,,,,,,,,,,,,,,,,,,,,,,,,,,,,,,,,,,,,,,,0.40257444977760315,0.46399447321891785,0.1430431753396988,0.2861413359642029,0.7574716210365295,0.3193146288394928,0.3126896619796753,0.13309189677238464,0.4751669466495514,0.7322559356689453,6.788877487182617,6.5669355392456055,4.356667518615723,6.119333267211914,8.164112091064453,8.183930397033691,7.906442642211914,3.5628042221069336,6.471005439758301,9.76866340637207,,,,,,,,,,,8.49317741394043,7.540822505950928,5.449356555938721,7.436099529266357,12.453252792358398,9.157675743103027,9.15013599395752,4.302635669708252,7.913094997406006,13.035529136657715,,,,,,,,,,,,,,,,,,,,,,,,,,,,,,,,,,,,,,,,
2,514,,,,,,,,,,,,,,,,,,,,,,,,,,,,,,,,,,,,,,,,,0.41780275106430054,0.41409778594970703,0.27196353673934937,0.13571859896183014,0.35023316740989685,1.1053502559661865,0.5941062569618225,0.11768778413534164,0.04670722410082817,0.7243603467941284,6.710631370544434,4.694610595703125,6.892701625823975,4.684591293334961,6.238387584686279,12.472624778747559,9.788467407226562,3.145885944366455,2.1235952377319336,10.354820251464844,,,,,,,,,,,8.596639633178711,7.123832702636719,7.513928413391113,5.1212334632873535,8.467950820922852,17.03828239440918,12.612549781799316,4.045986175537109,2.4809346199035645,12.965060234069824,,,,,,,,,,,,,,,,,,,,,,,,,,,,,,,,,,,,,,,,
2,519,,,,,,,,,,,,,,,,,,,,,,,,,,,,,,,,,,,,,,,,,0.4539147913455963,0.7962623238563538,0.2037803679704666,0.3262149691581726,0.8447068929672241,0.72878497838974,0.37786316871643066,0.1301805078983307,0.292738676071167,0.38470134139060974,7.102091312408447,7.298696517944336,5.578276634216309,6.326821327209473,9.822717666625977,9.822613716125488,7.873107433319092,3.7072737216949463,5.404937744140625,8.08437442779541,,,,,,,,,,,9.03127670288086,9.878484725952148,6.504184246063232,7.9397501945495605,13.1508150100708,13.834885597229004,10.058612823486328,4.255314826965332,6.211025714874268,9.448417663574219,,,,,,,,,,,,,,,,,,,,,,,,,,,,,,,,,,,,,,,,
2,524,,,,,,,,,,,,,,,,,,,,,,,,,,,,,,,,,,,,,,,,,0.4694838523864746,0.528373658657074,0.38905423879623413,0.38327428698539734,0.8926665186882019,0.48159459233283997,0.5104932188987732,0.19673240184783936,0.26913216710090637,0.5740334987640381,7.408284664154053,5.012631416320801,7.900496482849121,7.777914524078369,8.66099739074707,9.119921684265137,9.38363265991211,4.782458305358887,4.765201568603516,9.271309852600098,,,,,,,,,,,9.42501163482666,8.046978950500488,8.987041473388672,8.606165885925293,13.518990516662598,11.246479988098145,11.691380500793457,5.231143474578857,5.955333232879639,11.541595458984375,,,,,,,,,,,,,,,,,,,,,,,,,,,,,,,,,,,,,,,,
2,529,,,,,,,,,,,,,,,,,,,,,,,,,,,,,,,,,,,,,,,,,0.49412038922309875,0.5218456983566284,0.20202967524528503,0.18267783522605896,0.3989882469177246,0.8103275895118713,0.703405499458313,0.6848277449607849,0.3790024220943451,0.5639788508415222,7.7287750244140625,6.221408367156982,5.321759223937988,5.493016719818115,7.184664726257324,10.974181175231934,11.085423469543457,8.131193161010742,6.110929489135742,9.036404609680176,,,,,,,,,,,9.5591459274292,7.997115135192871,6.476184844970703,5.941523551940918,9.038153648376465,14.588349342346191,13.723776817321777,9.759990692138672,7.067149639129639,11.440068244934082,,,,,,,,,,,,,,,,,,,,,,,,,,,,,,,,,,,,,,,,
2,534,,,,,,,,,,,,,,,,,,,,,,,,,,,,,,,,,,,,,,,,,0.28251901268959045,0.39724430441856384,0.5879748463630676,0.3083120584487915,0.21840301156044006,0.11525291204452515,0.3832559883594513,0.14665080606937408,0.0412074476480484,0.3443698585033417,5.60455846786499,5.158344268798828,8.061372756958008,6.1808695793151855,6.015225887298584,4.476781368255615,7.191497325897217,4.384366989135742,2.0321714878082275,6.940398216247559,,,,,,,,,,,7.094381332397461,6.977359771728516,11.048188209533691,7.71880578994751,6.6869635581970215,5.501762390136719,10.130136489868164,4.516489028930664,2.330296277999878,8.939428329467773,,,,,,,,,,,,,,,,,,,,,,,,,,,,,,,,,,,,,,,,
2,539,,,,,,,,,,,,,,,,,,,,,,,,,,,,,,,,,,,,,,,,,0.4046027660369873,0.34114521741867065,0.3413953185081482,0.255321741104126,0.28153371810913086,0.6807115077972412,0.7838351130485535,0.3468157947063446,0.24699966609477997,0.3636668026447296,6.889683246612549,5.121136665344238,6.231819152832031,5.41964054107666,5.815865993499756,10.93818187713623,10.143086433410645,6.029719829559326,4.864968299865723,7.442727565765381,,,,,,,,,,,8.799572944641113,6.465943336486816,8.418610572814941,7.02423095703125,7.592151641845703,13.370800018310547,14.48715591430664,6.945573806762695,5.705207824707031,9.186477661132812,,,,,,,,,,,,,,,,,,,,,,,,,,,,,,,,,,,,,,,,
2,544,,,,,,,,,,,,,,,,,,,,,,,,,,,,,,,,,,,,,,,,,0.3898981213569641,0.4965903162956238,0.24975073337554932,0.3672741949558258,0.3958279490470886,0.6671687364578247,0.35062360763549805,0.3820854127407074,0.10623151063919067,0.4935305118560791,7.121668338775635,6.508182048797607,6.7901611328125,6.097549915313721,7.33791446685791,11.408933639526367,7.838735580444336,5.632999897003174,2.89231014251709,9.588228225708008,,,,,,,,,,,8.565389633178711,7.801199913024902,7.2005391120910645,8.424614906311035,9.002287864685059,13.237126350402832,9.689276695251465,7.290191173553467,3.7415361404418945,10.701735496520996,,,,,,,,,,,,,,,,,,,,,,,,,,,,,,,,,,,,,,,,
2,549,,,,,,,,,,,,,,,,,,,,,,,,,,,,,,,,,,,,,,,,,0.2903831899166107,0.2677423655986786,0.34584280848503113,0.10434741526842117,0.2427498996257782,0.2127421796321869,0.20784923434257507,0.23946452140808105,0.493366003036499,0.4993441700935364,5.817479133605957,4.614264965057373,6.221926689147949,3.8588931560516357,5.837738990783691,6.033095359802246,5.633285045623779,4.105679512023926,7.116476058959961,8.935952186584473,,,,,,,,,,,7.25288724899292,5.728235244750977,8.47326946258545,4.490510940551758,7.049839019775391,7.474852561950684,7.460105895996094,5.77137565612793,8.06320858001709,10.764583587646484,,,,,,,,,,,,,,,,,,,,,,,,,,,,,,,,,,,,,,,,
2,554,,,,,,,,,,,,,,,,,,,,,,,,,,,,,,,,,,,,,,,,,0.38283228874206543,0.42006033658981323,0.2498512864112854,0.1043916866183281,0.17979389429092407,0.19378907978534698,0.16837745904922485,0.7209961414337158,0.7683050632476807,0.6399257779121399,6.557886600494385,5.6847310066223145,6.326203346252441,3.42531681060791,5.193148136138916,5.399684429168701,6.011329650878906,9.088150978088379,8.447885513305664,9.44453239440918,,,,,,,,,,,7.894083023071289,7.174937725067139,7.201988220214844,4.4914631843566895,6.067183017730713,7.134121417999268,6.714486598968506,10.014406204223633,10.062134742736816,12.186022758483887,,,,,,,,,,,,,,,,,,,,,,,,,,,,,,,,,,,,,,,,
2,559,,,,,,,,,,,,,,,,,,,,,,,,,,,,,,,,,,,,,,,,,0.3215669095516205,0.32374706864356995,0.4007660150527954,0.10127738863229752,0.2807164788246155,0.3824218511581421,0.11599341034889221,0.703737199306488,0.29106205701828003,0.2943805456161499,5.815238952636719,5.544105052947998,7.196421146392822,3.3146917819976807,5.607486724853516,7.519193172454834,4.284026145935059,6.457648754119873,5.423616409301758,6.989959716796875,,,,,,,,,,,7.485812664031982,6.2989068031311035,9.121308326721191,4.423959732055664,7.581123352050781,10.021834373474121,5.57297945022583,9.893818855285645,6.193214416503906,8.265169143676758,,,,,,,,,,,,,,,,,,,,,,,,,,,,,,,,,,,,,,,,
2,564,,,,,,,,,,,,,,,,,,,,,,,,,,,,,,,,,,,,,,,,,0.4442339837551117,0.7028487324714661,0.48696285486221313,0.45253631472587585,0.4825473725795746,0.39950528740882874,0.4622899889945984,0.0849308893084526,0.5604355335235596,0.3660487234592438,7.045092582702637,7.524612903594971,6.7728729248046875,7.484781265258789,8.517233848571777,7.540177345275879,7.59103536605835,2.871211051940918,7.234785079956055,7.869123935699463,,,,,,,,,,,9.026994705200195,9.280966758728027,10.054478645324707,9.351507186889648,9.939617156982422,10.243233680725098,11.125718116760254,3.4370954036712646,8.593817710876465,9.216512680053711,,,,,,,,,,,,,,,,,,,,,,,,,,,,,,,,,,,,,,,,
2,569,,,,,,,,,,,,,,,,,,,,,,,,,,,,,,,,,,,,,,,,,0.4763754904270172,1.0646591186523438,0.3426019847393036,0.35901010036468506,0.36326107382774353,0.31226611137390137,0.36237215995788574,0.22340497374534607,0.8761993646621704,0.3836044371128082,7.114683628082275,8.341949462890625,6.847704887390137,6.798721790313721,6.3607892990112305,7.4881086349487305,7.250416278839111,4.998867988586426,8.948180198669434,6.997414588928223,,,,,,,,,,,9.052292823791504,11.422667503356934,8.433475494384766,8.329294204711914,8.624006271362305,9.056038856506348,9.850271224975586,5.574490070343018,10.745453834533691,9.4349365234375,,,,,,,,,,,,,,,,,,,,,,,,,,,,,,,,,,,,,,,,
2,574,,,,,,,,,,,,,,,,,,,,,,,,,,,,,,,,,,,,,,,,,0.3403988778591156,0.62498539686203,0.22417935729026794,0.0698225125670433,0.23932689428329468,0.5277925729751587,0.20692682266235352,0.614929735660553,0.23305359482765198,0.32257288694381714,6.123095989227295,6.821100234985352,6.037953853607178,2.8120453357696533,5.755465984344482,8.458685874938965,6.619976997375488,6.420881271362305,5.035397529602051,7.146359920501709,,,,,,,,,,,7.656251907348633,8.75179672241211,6.821964263916016,3.6732680797576904,6.99995756149292,11.773550033569336,7.443533420562744,9.248503684997559,5.541804313659668,8.65189266204834,,,,,,,,,,,,,,,,,,,,,,,,,,,,,,,,,,,,,,,,
2,579,,,,,,,,,,,,,,,,,,,,,,,,,,,,,,,,,,,,,,,,,0.6178194284439087,0.6033222675323486,0.7731439471244812,0.7065445780754089,0.2573154866695404,0.6824600100517273,0.37647444009780884,1.2357325553894043,0.6548001170158386,0.2705811858177185,8.848175048828125,6.968140125274658,10.958091735839844,9.981995582580566,6.373636245727539,11.656462669372559,8.06727409362793,10.886184692382812,8.525174140930176,6.216617584228516,,,,,,,,,,,10.440306663513184,8.59878158569336,12.668985366821289,11.684891700744629,7.258261680603027,13.387961387634277,10.040111541748047,13.110551834106445,9.289186477661133,7.924027919769287,,,,,,,,,,,,,,,,,,,,,,,,,,,,,,,,,,,,,,,,
2,581,,,,,,,,,,,,,,,,,,,,,,,,,,,,,,,,,,,,,,,,,,,,,,,,,,,7.115592002868652,5.982710838317871,7.060144901275635,6.659913539886475,7.233850955963135,8.731120109558105,7.635638236999512,6.434886455535889,6.415491104125977,7.886574745178223,0.5110967755317688,0.48382866382598877,0.5733562707901001,0.6023341417312622,0.5294129252433777,0.44418853521347046,0.518344521522522,0.49486035108566284,0.470342218875885,0.4832034707069397,9.303825378417969,7.749173164367676,9.267599105834961,8.731361389160156,9.62531852722168,11.37755298614502,10.233668327331543,8.281274795532227,8.252039909362793,10.21644115447998,0.5340060591697693,0.5721820592880249,0.5514017939567566,0.3489447832107544,0.6306414604187012,0.6358362436294556,0.5639773011207581,0.4651789367198944,0.5468958616256714,0.49099674820899963,7.460508823394775,5.911682605743408,7.442546844482422,5.764265537261963,8.911290168762207,9.477208137512207,8.999855995178223,5.65398645401001,6.855324745178223,8.128417015075684,0.41123607754707336,0.4171537160873413,0.5596479177474976,0.6287037134170532,0.22872847318649292,0.4205140471458435,0.428658664226532,0.28221750259399414,0.221610426902771,0.5138901472091675,10.229565620422363,8.447754859924316,10.173850059509277,9.052403450012207,11.882253646850586,13.088105201721191,12.083773612976074,7.898535251617432,8.971693992614746,10.467720985412598
3,584,,,,,,,,,,,,,,,,,,,,,,,,,,,,,,,,,,,,,,,,,0.47422611713409424,0.2903573513031006,0.4173527657985687,0.14711669087409973,0.7283871173858643,0.436016708612442,0.5044366121292114,0.24977298080921173,0.6818879842758179,0.8127065300941467,7.632115840911865,4.496119976043701,8.365856170654297,5.09437894821167,10.220191955566406,7.968454837799072,8.667265892028809,4.659246444702148,7.577891826629639,11.639636993408203,,,,,,,,,,,9.36074447631836,5.9652509689331055,9.308148384094238,5.331947326660156,12.211830139160156,10.701075553894043,11.621818542480469,5.894289493560791,9.479376792907715,13.73295783996582,,,,,,,,,,,,,,,,,,,,,,,,,,,,,,,,,,,,,,,,
3,589,,,,,,,,,,,,,,,,,,,,,,,,,,,,,,,,,,,,,,,,,0.356585294008255,0.5014484524726868,0.13269002735614777,0.04117091745138168,1.1372630596160889,0.16508959233760834,0.29067230224609375,0.3337145447731018,0.04513821750879288,0.5620806217193604,5.791971206665039,5.519632339477539,4.786458492279053,2.3346409797668457,10.606871604919434,4.90901517868042,7.7843546867370605,5.709977149963379,1.9547405242919922,8.52204704284668,,,,,,,,,,,7.4719061851501465,7.839267253875732,5.248447418212891,2.8206562995910645,15.259140968322754,6.584695339202881,8.822113990783691,6.813124179840088,2.438908338546753,11.420799255371094,,,,,,,,,,,,,,,,,,,,,,,,,,,,,,,,,,,,,,,,
3,594,,,,,,,,,,,,,,,,,,,,,,,,,,,,,,,,,,,,,,,,,0.3283475637435913,0.3181309103965759,0.3067583441734314,0.19318744540214539,0.27021849155426025,0.4376557767391205,0.202718585729599,0.4222983121871948,0.32063591480255127,0.4835243821144104,6.448526859283447,5.265056610107422,7.186185836791992,4.453744888305664,5.391628742218018,8.589506149291992,6.19715690612793,6.443263530731201,5.263808250427246,9.246393203735352,,,,,,,,,,,7.846445560455322,6.244033336639404,7.980128288269043,6.110044479370117,7.43801736831665,10.721171379089355,7.367456436157227,7.664227485656738,6.500239849090576,10.592693328857422,,,,,,,,,,,,,,,,,,,,,,,,,,,,,,,,,,,,,,,,
3,599,,,,,,,,,,,,,,,,,,,,,,,,,,,,,,,,,,,,,,,,,0.3971022069454193,0.3401506841182709,0.263418048620224,0.13488689064979553,0.36580637097358704,0.27193760871887207,0.34169092774391174,0.7587623000144958,0.33959487080574036,0.7576724290847778,6.992300987243652,5.125095844268799,6.101810455322266,4.74908971786499,6.769598007202148,6.085207462310791,8.386091232299805,9.18050479888916,6.2781982421875,10.255115509033203,,,,,,,,,,,8.42778491973877,6.456511497497559,7.3949360847473145,5.105517864227295,8.654167175292969,8.45104694366455,9.565056800842285,10.273338317871094,6.689657211303711,13.2598295211792,,,,,,,,,,,,,,,,,,,,,,,,,,,,,,,,,,,,,,,,
3,604,,,,,,,,,,,,,,,,,,,,,,,,,,,,,,,,,,,,,,,,,0.3633457124233246,0.33750396966934204,0.2288009226322174,0.2532704472541809,0.44535326957702637,0.4214175045490265,0.31804877519607544,0.32595720887184143,0.4757390320301056,0.4640200734138489,6.796283721923828,5.187413692474365,5.188685417175293,4.3857340812683105,7.856808185577393,8.73466682434082,7.617482662200928,6.3813276290893555,6.631785869598389,9.182648658752441,,,,,,,,,,,8.293875694274902,6.4313435554504395,6.891924858093262,6.995957851409912,9.548869132995605,10.520398139953613,9.228214263916016,6.733471870422363,7.9178571701049805,10.376851081848145,,,,,,,,,,,,,,,,,,,,,,,,,,,,,,,,,,,,,,,,
3,609,,,,,,,,,,,,,,,,,,,,,,,,,,,,,,,,,,,,,,,,,0.476127564907074,0.37632879614830017,0.2541520595550537,0.14565974473953247,0.43175703287124634,0.32588034868240356,0.34373828768730164,0.5994680523872375,1.4695767164230347,0.3385872542858124,7.144203186035156,5.380234241485596,6.867182731628418,4.564943313598633,7.827700614929199,6.150393009185791,7.872937202453613,8.52916431427002,9.748933792114258,7.35634183883667,,,,,,,,,,,8.835453987121582,6.791192054748535,7.263709545135498,5.305480003356934,9.401981353759766,9.251346588134766,9.593668937683105,9.131492614746094,13.916159629821777,8.864055633544922,,,,,,,,,,,,,,,,,,,,,,,,,,,,,,,,,,,,,,,,
3,614,,,,,,,,,,,,,,,,,,,,,,,,,,,,,,,,,,,,,,,,,0.34671321511268616,0.36149346828460693,0.3338257670402527,0.24554523825645447,0.413253515958786,0.5170350670814514,0.3215099275112152,0.20692239701747894,0.41531601548194885,0.30551740527153015,6.19052791595459,4.935572624206543,7.083658218383789,5.510276794433594,6.351254940032959,7.948733329772949,7.09195613861084,4.418951511383057,5.946250915527344,6.428099632263184,,,,,,,,,,,8.13129711151123,6.65598726272583,8.324756622314453,6.8884358406066895,9.198307037353516,11.652949333190918,9.278289794921875,5.364910125732422,7.397971153259277,8.420060157775879,,,,,,,,,,,,,,,,,,,,,,,,,,,,,,,,,,,,,,,,
3,619,,,,,,,,,,,,,,,,,,,,,,,,,,,,,,,,,,,,,,,,,0.40515783429145813,0.3188174366950989,0.2313692569732666,0.41016632318496704,0.1861286163330078,0.5793002247810364,0.43105074763298035,0.4077215790748596,0.8267337679862976,0.2551327347755432,6.626806735992432,5.335290908813477,4.6714019775390625,6.638759136199951,5.025914192199707,8.779762268066406,8.649218559265137,5.6208624839782715,9.675868034362793,5.244181156158447,,,,,,,,,,,8.555367469787598,6.250766754150391,6.93049955368042,8.902970314025879,6.1731414794921875,12.334674835205078,10.743232727050781,7.53079080581665,10.437731742858887,7.694498062133789,,,,,,,,,,,,,,,,,,,,,,,,,,,,,,,,,,,,,,,,
3,624,,,,,,,,,,,,,,,,,,,,,,,,,,,,,,,,,,,,,,,,,0.3523458242416382,0.3837096393108368,0.10955144464969635,0.11711171269416809,0.3641878366470337,0.5155373811721802,0.397155225276947,0.37221476435661316,0.6987823843955994,0.21286189556121826,6.202311992645264,5.237730503082275,4.051512241363525,4.171003818511963,7.254236698150635,8.249297142028809,6.397974014282227,6.327775001525879,8.74145793914795,5.389820575714111,,,,,,,,,,,7.865179538726807,6.857465744018555,4.768927574157715,4.757239818572998,8.635000228881836,11.636059761047363,10.312191009521484,7.195409297943115,9.596088409423828,7.028233528137207,,,,,,,,,,,,,,,,,,,,,,,,,,,,,,,,,,,,,,,,
3,629,,,,,,,,,,,,,,,,,,,,,,,,,,,,,,,,,,,,,,,,,0.529339075088501,0.6783434748649597,0.23498249053955078,0.1660715490579605,0.3157927095890045,1.1957184076309204,0.09897726774215698,0.9110234975814819,0.794694721698761,0.36844733357429504,7.16132116317749,7.015700340270996,6.046603679656982,4.742095470428467,7.039464950561523,12.849566459655762,4.38622522354126,8.20254135131836,6.750802040100098,7.418889999389648,,,,,,,,,,,9.268251419067383,9.117737770080566,6.984405040740967,5.66503381729126,8.040825843811035,17.721086502075195,5.1479997634887695,11.2570219039917,10.233482360839844,9.246660232543945,,,,,,,,,,,,,,,,,,,,,,,,,,,,,,,,,,,,,,,,
3,634,,,,,,,,,,,,,,,,,,,,,,,,,,,,,,,,,,,,,,,,,0.4444127082824707,0.23139791190624237,0.2776156961917877,0.6136652827262878,0.437177449464798,0.5042433738708496,0.4454399049282074,0.35162967443466187,0.5815616846084595,0.5569836497306824,7.597769737243652,4.318141937255859,6.307327747344971,9.44418716430664,8.292173385620117,10.079401016235352,8.183281898498535,5.78277063369751,7.235788822174072,8.736859321594238,,,,,,,,,,,9.20147705078125,5.325274467468262,7.591606140136719,10.889819145202637,9.460814476013184,11.507898330688477,10.921073913574219,6.9936113357543945,8.754295349121094,11.36889934539795,,,,,,,,,,,,,,,,,,,,,,,,,,,,,,,,,,,,,,,,
3,639,,,,,,,,,,,,,,,,,,,,,,,,,,,,,,,,,,,,,,,,,0.3311673700809479,0.20805159211158752,0.1580740213394165,0.2666347324848175,0.263073205947876,0.3612464964389801,0.5059440732002258,0.3863288462162018,0.6252941489219666,0.20585918426513672,6.272008419036865,3.674605369567871,4.2496490478515625,6.4806318283081055,6.2448835372924805,7.174950122833252,8.956790924072266,6.351343631744385,7.770657539367676,5.544562816619873,,,,,,,,,,,7.777163982391357,5.049493312835693,5.728512763977051,7.178162097930908,7.339017868041992,9.740419387817383,11.639171600341797,7.330562591552734,9.077483177185059,6.911659240722656,,,,,,,,,,,,,,,,,,,,,,,,,,,,,,,,,,,,,,,,
3,644,,,,,,,,,,,,,,,,,,,,,,,,,,,,,,,,,,,,,,,,,0.4247722923755646,0.20927798748016357,0.28704124689102173,0.2848527133464813,0.3540050685405731,0.5566139221191406,0.5753928422927856,0.32261016964912415,0.27953842282295227,0.9536182284355164,7.038692951202393,4.663863182067871,5.646011829376221,5.548905372619629,7.103863716125488,7.4209394454956055,9.512862205505371,4.827986717224121,6.0693769454956055,12.554428100585938,,,,,,,,,,,8.984856605529785,5.0643534660339355,7.719405174255371,7.419336318969727,8.513425827026367,12.090739250183105,12.412322044372559,6.698812007904053,6.0693769454956055,14.875941276550293,,,,,,,,,,,,,,,,,,,,,,,,,,,,,,,,,,,,,,,,
3,649,,,,,,,,,,,,,,,,,,,,,,,,,,,,,,,,,,,,,,,,,0.5543976426124573,0.12608304619789124,0.3722880780696869,0.777027428150177,0.8607262372970581,0.49943292140960693,0.317778080701828,1.2719331979751587,0.2303360253572464,0.5339738130569458,7.652438640594482,3.0854275226593018,7.946959018707275,10.076913833618164,8.251537322998047,8.395112991333008,6.823051929473877,11.179630279541016,4.291794776916504,8.821529388427734,,,,,,,,,,,9.87447738647461,3.930887222290039,8.79126262664795,12.253864288330078,13.27492904663086,11.452872276306152,9.224286079406738,13.301201820373535,5.5093994140625,11.131589889526367,,,,,,,,,,,,,,,,,,,,,,,,,,,,,,,,,,,,,,,,
3,654,,,,,,,,,,,,,,,,,,,,,,,,,,,,,,,,,,,,,,,,,0.451708048582077,0.3801983892917633,0.24073785543441772,0.47136813402175903,0.7720701098442078,0.19946487247943878,0.235831156373024,0.8006806373596191,0.6371377110481262,0.32788366079330444,7.1671295166015625,5.77419376373291,5.139592170715332,7.988738059997559,9.532858848571777,6.038534164428711,5.988096237182617,8.813983917236328,7.658694267272949,7.569470405578613,,,,,,,,,,,8.848406791687012,6.8260178565979,7.069421291351318,9.544099807739258,12.572685241699219,7.237841606140137,7.946417331695557,10.553301811218262,9.163047790527344,8.722823143005371,,,,,,,,,,,,,,,,,,,,,,,,,,,,,,,,,,,,,,,,
3,659,,,,,,,,,,,,,,,,,,,,,,,,,,,,,,,,,,,,,,,,,0.3094216585159302,0.2895156443119049,0.3685745298862457,0.15148544311523438,0.2658753991127014,0.25643420219421387,0.6460821032524109,0.4292156398296356,0.26850101351737976,0.10911093652248383,6.021131992340088,4.573882102966309,8.158360481262207,4.697240352630615,5.747981548309326,6.201663494110107,9.270974159240723,6.852708339691162,4.964559078216553,3.72282075881958,,,,,,,,,,,7.50652551651001,5.956597805023193,8.747305870056152,5.410536766052246,7.378001689910889,8.206611633300781,13.152692794799805,7.726743221282959,5.948346138000488,5.0318922996521,,,,,,,,,,,,,,,,,,,,,,,,,,,,,,,,,,,,,,,,
3,664,,,,,,,,,,,,,,,,,,,,,,,,,,,,,,,,,,,,,,,,,0.860632598400116,0.44887441396713257,0.8395801186561584,1.0939249992370605,1.0470964908599854,0.6945598721504211,0.9747427105903625,0.9437953233718872,1.2863811254501343,0.4167379140853882,8.620110511779785,5.463406562805176,9.35898494720459,9.743709564208984,8.284653663635254,9.651246070861816,10.682382583618164,7.6447319984436035,9.990839004516602,6.7610368728637695,,,,,,,,,,,12.64147663116455,7.416938781738281,13.202092170715332,14.539472579956055,14.641749382019043,13.506122589111328,16.15532875061035,11.4577054977417,13.019913673400879,9.833965301513672,,,,,,,,,,,,,,,,,,,,,,,,,,,,,,,,,,,,,,,,
3,669,,,,,,,,,,,,,,,,,,,,,,,,,,,,,,,,,,,,,,,,,0.43827104568481445,0.47529202699661255,0.5133228302001953,0.2895755171775818,0.31160885095596313,0.5089212656021118,0.753440797328949,0.10028424113988876,0.3030378520488739,0.688956081867218,7.230974197387695,6.56233549118042,7.025389671325684,5.52409553527832,6.31441068649292,9.408427238464355,11.329959869384766,2.704176187515259,5.485159397125244,10.724806785583496,,,,,,,,,,,9.09846305847168,7.632073402404785,10.323023796081543,7.480589389801025,7.987382888793945,11.561153411865234,14.203497886657715,3.7348663806915283,6.319339752197266,12.644246101379395,,,,,,,,,,,,,,,,,,,,,,,,,,,,,,,,,,,,,,,,
3,674,,,,,,,,,,,,,,,,,,,,,,,,,,,,,,,,,,,,,,,,,0.4396921992301941,0.6695266962051392,0.25759977102279663,0.51759934425354,0.26424723863601685,0.4431915879249573,0.39255982637405396,0.8039887547492981,0.33034926652908325,0.2781674563884735,7.044319152832031,7.133862495422363,6.051260948181152,7.72911262512207,5.30333137512207,9.920234680175781,7.5584940910339355,6.672704219818115,5.8831787109375,7.146692752838135,,,,,,,,,,,8.886242866516113,9.058290481567383,7.312812328338623,10.001192092895508,7.35537576675415,10.788762092590332,10.252357482910156,10.575082778930664,6.597964286804199,8.034342765808105,,,,,,,,,,,,,,,,,,,,,,,,,,,,,,,,,,,,,,,,
3,679,,,,,,,,,,,,,,,,,,,,,,,,,,,,,,,,,,,,,,,,,0.6656999588012695,0.6925815939903259,0.32637712359428406,0.27701130509376526,0.3678058087825775,1.1071529388427734,0.48637905716896057,1.6643657684326172,0.8371257781982422,0.2325005680322647,8.23854923248291,6.5549116134643555,7.381023406982422,5.208507061004639,6.697910785675049,14.039746284484863,7.737948894500732,13.684958457946777,7.65301513671875,5.188920021057129,,,,,,,,,,,10.551830291748047,9.212928771972656,8.231359481811523,7.31650447845459,8.677786827087402,17.052169799804688,11.411906242370605,15.2153902053833,10.503127098083496,7.345293998718262,,,,,,,,,,,,,,,,,,,,,,,,,,,,,,,,,,,,,,,,
3,684,,,,,,,,,,,,,,,,,,,,,,,,,,,,,,,,,,,,,,,,,0.5112547278404236,0.5653831958770752,0.10925948619842529,0.3825088441371918,0.7746124863624573,1.0241990089416504,0.2896835505962372,0.06167738139629364,1.0305941104888916,0.3633749186992645,7.112438678741455,5.443410396575928,4.3026909828186035,7.04619836807251,10.019630432128906,11.399832725524902,6.735053062438965,2.8279151916503906,10.129438400268555,6.107779026031494,,,,,,,,,,,9.250126838684082,8.324031829833984,4.762568473815918,8.59756851196289,12.593367576599121,16.40091323852539,8.807096481323242,2.929015636444092,11.653788566589355,9.182790756225586,,,,,,,,,,,,,,,,,,,,,,,,,,,,,,,,,,,,,,,,
3,689,,,,,,,,,,,,,,,,,,,,,,,,,,,,,,,,,,,,,,,,,0.3522593080997467,0.6011697053909302,0.08086816966533661,0.15835100412368774,0.6614784002304077,0.4926629662513733,0.6220714449882507,0.23055022954940796,0.039091676473617554,0.2840900421142578,5.837135314941406,6.0175700187683105,3.8243167400360107,4.7942657470703125,7.698121070861816,8.610245704650879,9.536272048950195,4.46260929107666,1.866856336593628,5.723959445953369,,,,,,,,,,,7.798110008239746,8.583428382873535,4.097324848175049,5.531785011291504,11.63744068145752,11.374984741210938,12.905978202819824,5.66293478012085,2.2696845531463623,8.119423866271973,,,,,,,,,,,,,,,,,,,,,,,,,,,,,,,,,,,,,,,,
3,694,,,,,,,,,,,,,,,,,,,,,,,,,,,,,,,,,,,,,,,,,0.5093266367912292,0.4942557215690613,0.4222472608089447,0.5287256240844727,0.2683390974998474,0.4765927195549011,0.7805185317993164,0.4560912251472473,0.6752176880836487,0.4819514751434326,7.957943439483643,5.499661445617676,7.808262348175049,8.416337966918945,6.275977611541748,8.636209487915039,11.536210060119629,7.452633857727051,8.00033187866211,7.995858192443848,,,,,,,,,,,9.8092622756958,7.782840728759766,9.362569808959961,10.108113288879395,7.412106513977051,11.187926292419434,14.456474304199219,7.964977741241455,9.432899475097656,10.57544994354248,,,,,,,,,,,,,,,,,,,,,,,,,,,,,,,,,,,,,,,,
3,699,,,,,,,,,,,,,,,,,,,,,,,,,,,,,,,,,,,,,,,,,0.42180871963500977,0.5519906878471375,0.30660855770111084,0.27124035358428955,0.17645087838172913,0.9631620645523071,0.1110348030924797,0.8956692814826965,0.22074687480926514,0.2993749976158142,6.1048736572265625,6.206377029418945,5.667166233062744,6.4998321533203125,4.489394187927246,8.961545944213867,4.158231735229492,9.010934829711914,2.996420383453369,6.953962326049805,,,,,,,,,,,8.411215782165527,8.224853515625,7.978179454803467,7.239890098571777,6.010512828826904,15.904703140258789,5.452558994293213,11.16175651550293,5.39349889755249,8.33498764038086,,,,,,,,,,,,,,,,,,,,,,,,,,,,,,,,,,,,,,,,
3,704,,,,,,,,,,,,,,,,,,,,,,,,,,,,,,,,,,,,,,,,,0.49278661608695984,0.4018079936504364,0.5399271845817566,0.3250424265861511,0.19749121367931366,0.48641932010650635,0.46228504180908203,0.5040422081947327,1.042001485824585,0.4760628938674927,7.512853145599365,5.997626781463623,8.710256576538086,6.916808605194092,5.229608058929443,9.245611190795898,7.966680526733398,6.492109775543213,9.123578071594238,7.933390140533447,,,,,,,,,,,9.435446739196777,7.017324924468994,10.587154388427734,7.9254679679870605,6.358776092529297,11.3026762008667,11.12565803527832,8.373213768005371,11.718108177185059,10.510644912719727,,,,,,,,,,,,,,,,,,,,,,,,,,,,,,,,,,,,,,,,
3,709,,,,,,,,,,,,,,,,,,,,,,,,,,,,,,,,,,,,,,,,,0.36419564485549927,0.2131313681602478,0.12425319105386734,0.19965146481990814,0.4971470236778259,1.0528969764709473,0.5161665678024292,0.1844606101512909,0.32975491881370544,0.1602986603975296,5.873896598815918,4.164650917053223,4.353407382965088,4.89747953414917,7.443721771240234,8.81118106842041,8.608190536499023,4.511692523956299,5.111138820648193,4.963607311248779,,,,,,,,,,,8.070178985595703,5.11076545715332,5.078850269317627,6.211423397064209,10.088858604431152,16.629100799560547,11.756166458129883,5.065362930297852,6.592026233673096,6.099049091339111,,,,,,,,,,,,,,,,,,,,,,,,,,,,,,,,,,,,,,,,
3,714,,,,,,,,,,,,,,,,,,,,,,,,,,,,,,,,,,,,,,,,,0.5503536462783813,0.4731559753417969,0.27017295360565186,0.464163213968277,0.7303265333175659,0.5823617577552795,0.409850150346756,0.5070992112159729,0.6182714700698853,0.8977811932563782,7.501535892486572,6.545661926269531,5.75427770614624,6.128627300262451,9.679147720336914,8.724562644958496,8.501301765441895,5.4487385749816895,6.876113414764404,9.855391502380371,,,,,,,,,,,10.167193412780762,7.614904403686523,7.4891510009765625,9.470878601074219,12.22807788848877,12.367225646972656,10.475707054138184,8.398567199707031,9.02636432647705,14.433857917785645,,,,,,,,,,,,,,,,,,,,,,,,,,,,,,,,,,,,,,,,
3,719,,,,,,,,,,,,,,,,,,,,,,,,,,,,,,,,,,,,,,,,,0.44478198885917664,0.6299608945846558,0.30619922280311584,0.3325451910495758,0.2027471661567688,0.3197534382343292,0.2389742136001587,0.4928845763206482,1.0271708965301514,0.45280247926712036,6.92739725112915,6.93051290512085,6.539405822753906,5.941489219665527,5.402848243713379,7.840738773345947,5.628257751464844,6.395636081695557,8.725471496582031,8.942217826843262,,,,,,,,,,,8.727436065673828,8.786563873291016,7.9728522300720215,8.0164155960083,6.442835330963135,9.163966178894043,7.999195575714111,8.28001880645752,11.634417533874512,10.250655174255371,,,,,,,,,,,,,,,,,,,,,,,,,,,,,,,,,,,,,,,,
3,724,,,,,,,,,,,,,,,,,,,,,,,,,,,,,,,,,,,,,,,,,0.342122882604599,0.684848427772522,0.1462939977645874,0.28635531663894653,0.46252602338790894,0.23284587264060974,0.27122923731803894,0.24125032126903534,0.47700411081314087,0.27675241231918335,6.406248569488525,7.398939609527588,4.034559726715088,6.669030666351318,7.889357089996338,6.12515926361084,6.802500247955322,4.895056247711182,7.209967136383057,6.631662845611572,,,,,,,,,,,7.768834590911865,9.16135025024414,5.510930061340332,7.438879489898682,9.731228828430176,7.820060729980469,8.521950721740723,5.792855262756348,7.928377628326416,8.01388168334961,,,,,,,,,,,,,,,,,,,,,,,,,,,,,,,,,,,,,,,,
3,729,,,,,,,,,,,,,,,,,,,,,,,,,,,,,,,,,,,,,,,,,0.45702192187309265,0.2966535985469818,0.48871153593063354,0.18121972680091858,0.18546812236309052,0.32037273049354553,0.45220687985420227,0.633538544178009,1.1361446380615234,0.41888171434402466,6.924612998962402,3.8593554496765137,8.922794342041016,4.5024638175964355,4.5161027908325195,8.080414772033691,6.948200225830078,8.070425987243652,9.622133255004883,7.799625873565674,,,,,,,,,,,8.871248245239258,6.029580116271973,10.072515487670898,5.917763710021973,6.1621785163879395,9.172836303710938,11.003715515136719,9.387397766113281,12.236017227172852,9.859228134155273,,,,,,,,,,,,,,,,,,,,,,,,,,,,,,,,,,,,,,,,
3,734,,,,,,,,,,,,,,,,,,,,,,,,,,,,,,,,,,,,,,,,,0.40086397528648376,1.1788610219955444,0.21817255020141602,0.3506392240524292,0.25315505266189575,0.5585445165634155,0.380228728055954,0.1837071180343628,0.2887917160987854,0.1956755518913269,6.10728645324707,8.121294975280762,4.866275787353516,5.7882795333862305,5.5501179695129395,9.497782707214355,7.630136489868164,4.216361045837402,4.270442962646484,5.024887561798096,,,,,,,,,,,8.260543823242188,12.019697189331055,6.729948043823242,8.231616020202637,7.199343681335449,12.111690521240234,10.090048789978027,5.055006980895996,6.169013023376465,6.738535404205322,,,,,,,,,,,,,,,,,,,,,,,,,,,,,,,,,,,,,,,,
3,739,,,,,,,,,,,,,,,,,,,,,,,,,,,,,,,,,,,,,,,,,0.5393637418746948,0.43695273995399475,0.8386487364768982,0.5154702067375183,0.4676287770271301,0.7448111772537231,0.46574023365974426,0.5885621309280396,0.27642571926116943,0.5200340747833252,7.600285053253174,5.76426887512207,9.3349027633667,6.666140556335449,7.096165657043457,10.856888771057129,7.584360599517822,7.3663811683654785,5.00887393951416,8.724581718444824,,,,,,,,,,,10.166678428649902,7.317781925201416,13.1947660446167,9.980600357055664,9.784762382507324,13.986175537109375,11.167158126831055,9.04804801940918,6.035490036010742,10.985329627990723,,,,,,,,,,,,,,,,,,,,,,,,,,,,,,,,,,,,,,,,
3,744,,,,,,,,,,,,,,,,,,,,,,,,,,,,,,,,,,,,,,,,,0.48769548535346985,0.5203920602798462,0.36461660265922546,0.27735352516174316,0.5264756679534912,0.32872167229652405,0.5514864325523376,0.5757397413253784,0.5104819536209106,0.7339913845062256,7.418875694274902,6.433081150054932,8.105576515197754,6.080528259277344,7.380434513092041,7.897539138793945,7.864478588104248,7.614841938018799,6.6017608642578125,8.791637420654297,,,,,,,,,,,9.559389114379883,7.985969066619873,8.700213432312012,7.3210225105285645,10.382185935974121,9.291589736938477,12.151732444763184,8.948944091796875,8.201881408691406,13.050965309143066,,,,,,,,,,,,,,,,,,,,,,,,,,,,,,,,,,,,,,,,
3,749,,,,,,,,,,,,,,,,,,,,,,,,,,,,,,,,,,,,,,,,,0.29741254448890686,0.3077845573425293,0.21543394029140472,0.3339249789714813,0.2871403098106384,0.2757372260093689,0.38741785287857056,0.29433754086494446,0.21670109033584595,0.35823532938957214,6.075656890869141,5.13401985168457,5.280872821807861,7.367845058441162,6.079853534698486,7.316227436065674,7.181469440460205,5.2058844566345215,4.029957294464111,7.084782600402832,,,,,,,,,,,7.564947605133057,6.141658782958984,6.687575817108154,8.033029556274414,7.667375564575195,8.509881973266602,10.184989929199219,6.398550033569336,5.343844890594482,9.117618560791016,,,,,,,,,,,,,,,,,,,,,,,,,,,,,,,,,,,,,,,,
3,754,,,,,,,,,,,,,,,,,,,,,,,,,,,,,,,,,,,,,,,,,0.2604805827140808,0.31941887736320496,0.20582573115825653,0.44084087014198303,0.23303349316120148,0.32943281531333923,0.19045183062553406,0.42716658115386963,0.04788534343242645,0.15026964247226715,5.383211135864258,5.549619674682617,5.160026550292969,7.330832481384277,5.567272663116455,6.651134967803955,5.835990905761719,5.40463399887085,2.3429908752441406,4.606398582458496,,,,,,,,,,,6.833197116851807,6.256660461425781,6.536744117736816,9.229875564575195,6.9073076248168945,9.301634788513184,7.14107084274292,7.708277225494385,2.512028455734253,5.905175685882568,,,,,,,,,,,,,,,,,,,,,,,,,,,,,,,,,,,,,,,,
3,759,,,,,,,,,,,,,,,,,,,,,,,,,,,,,,,,,,,,,,,,,0.6851540803909302,0.4716854989528656,1.169555425643921,0.28109660744667053,0.6162960529327393,0.638577938079834,0.7694591283798218,0.7522940039634705,1.0637091398239136,0.4037124812602997,8.387730598449707,5.591297626495361,11.936758041381836,5.501379489898682,8.19968032836914,9.990801811218262,10.46386432647705,8.098165512084961,8.592910766601562,7.114712238311768,,,,,,,,,,,11.204486846923828,7.603062152862549,15.58195972442627,7.370258331298828,11.232962608337402,12.95038890838623,14.353690147399902,10.229455947875977,11.839536666870117,9.679062843322754,,,,,,,,,,,,,,,,,,,,,,,,,,,,,,,,,,,,,,,,
3,764,,,,,,,,,,,,,,,,,,,,,,,,,,,,,,,,,,,,,,,,,0.738892674446106,0.8673811554908752,0.7408908605575562,0.4755953848361969,0.9172224998474121,0.8440795540809631,0.5145700573921204,1.0213468074798584,0.5803893804550171,0.6885582208633423,9.566426277160645,8.256357192993164,9.519618034362793,7.264344692230225,10.397333145141602,12.611993789672852,10.28744888305664,10.88058090209961,7.054956912994385,9.825196266174316,,,,,,,,,,,11.770539283752441,10.31020450592041,12.401915550231934,9.586801528930664,13.703673362731934,14.889068603515625,11.737970352172852,11.919151306152344,8.745466232299805,12.640595436096191,,,,,,,,,,,,,,,,,,,,,,,,,,,,,,,,,,,,,,,,
3,769,,,,,,,,,,,,,,,,,,,,,,,,,,,,,,,,,,,,,,,,,0.4443797171115875,0.3747709393501282,0.5323848724365234,0.7909868359565735,0.16059808433055878,0.4080260097980499,0.14678171277046204,0.43700504302978516,0.38600894808769226,0.762855052947998,6.813379287719727,5.285846710205078,7.297898769378662,9.041061401367188,5.271181106567383,7.252824306488037,5.101065158843994,6.300379753112793,5.814405918121338,9.95574951171875,,,,,,,,,,,8.915834426879883,6.777120590209961,10.512948036193848,12.363444328308105,5.73415994644165,10.351893424987793,6.26912260055542,7.7965407371521,7.132174491882324,13.305102348327637,,,,,,,,,,,,,,,,,,,,,,,,,,,,,,,,,,,,,,,,
3,774,,,,,,,,,,,,,,,,,,,,,,,,,,,,,,,,,,,,,,,,,0.33438339829444885,0.2763148844242096,0.2273949831724167,0.23826588690280914,0.40947768092155457,0.47987061738967896,0.6001527309417725,0.18876783549785614,0.1691104769706726,0.42009541392326355,6.339871883392334,4.069338798522949,5.676704406738281,5.914552688598633,7.595726490020752,9.769647598266602,9.959699630737305,3.676126003265381,4.304581165313721,6.092469692230225,,,,,,,,,,,8.028107643127441,5.819215297698975,6.870717525482178,6.785562038421631,9.15618896484375,11.226333618164062,12.676568031311035,5.124160289764404,4.7207231521606445,9.873499870300293,,,,,,,,,,,,,,,,,,,,,,,,,,,,,,,,,,,,,,,,
3,775,,,,,,,,,,,,,,,,,,,,,,,,,,,,,,,,,,,,,,,,,,,,,,,,,,,7.024919509887695,5.926811695098877,6.851131439208984,6.63264799118042,7.176684856414795,8.69744873046875,7.622068405151367,6.3164849281311035,6.306887149810791,7.694108486175537,0.5220075249671936,0.4900619387626648,0.6031434535980225,0.6046366095542908,0.5380826592445374,0.43785732984542847,0.520305871963501,0.5115852355957031,0.48832470178604126,0.5040698051452637,9.19995403289795,7.702243804931641,8.938224792480469,8.706049919128418,9.536243438720703,11.442169189453125,10.212808609008789,8.143027305603027,8.110746383666992,10.008068084716797,0.5237180590629578,0.6149930953979492,0.5884654521942139,0.4029334783554077,0.576007068157196,0.5698062181472778,0.47305789589881897,0.5108675360679626,0.4512353837490082,0.5260963439941406,7.346192359924316,6.382262706756592,7.619214057922363,6.060141086578369,8.397965431213379,9.005410194396973,8.28168773651123,6.086090087890625,5.937655925750732,8.345303535461426,0.4365134537220001,0.36009687185287476,0.5258866548538208,0.5953426361083984,0.3037351369857788,0.4826323390007019,0.5227784514427185,0.28565746545791626,0.3666653633117676,0.48582619428634644,10.032958984375,8.851592063903809,10.556655883789062,9.450337409973145,11.289700508117676,12.366732597351074,11.043704986572266,7.8795857429504395,8.092683792114258,10.765641212463379
4,779,,,,,,,,,,,,,,,,,,,,,,,,,,,,,,,,,,,,,,,,,0.3472941517829895,0.32252946496009827,0.3790014386177063,0.5191144347190857,0.18608509004116058,0.25204411149024963,0.164364755153656,0.36041951179504395,0.6941164135932922,0.24797199666500092,6.458673000335693,4.868601322174072,6.997544288635254,8.466569900512695,5.469638824462891,6.86608362197876,5.891831874847412,6.052164554595947,7.733216762542725,5.782403945922852,,,,,,,,,,,7.816194534301758,6.287051200866699,8.870173454284668,10.015817642211914,6.172419548034668,8.136059761047363,6.633995056152344,7.080482482910156,9.563997268676758,7.585749626159668,,,,,,,,,,,,,,,,,,,,,,,,,,,,,,,,,,,,,,,,
4,784,,,,,,,,,,,,,,,,,,,,,,,,,,,,,,,,,,,,,,,,,0.478765070438385,0.5198017954826355,0.44713354110717773,0.40990716218948364,0.6828057765960693,0.2583731710910797,0.2827848196029663,0.8375211954116821,0.5518714785575867,0.31868675351142883,7.490059852600098,6.2708306312561035,8.285758018493652,7.449258327484131,8.32522201538086,6.058561325073242,7.298370838165283,8.813335418701172,8.275650978088379,6.633551597595215,,,,,,,,,,,9.244415283203125,7.981438159942627,9.63452434539795,8.900156021118164,11.823559761047363,8.237578392028809,8.701595306396484,10.793359756469727,8.52790355682373,8.599618911743164,,,,,,,,,,,,,,,,,,,,,,,,,,,,,,,,,,,,,,,,
4,789,,,,,,,,,,,,,,,,,,,,,,,,,,,,,,,,,,,,,,,,,0.44348838925361633,0.586205780506134,0.15759649872779846,0.5325203537940979,0.19295530021190643,0.3516595959663391,0.3752765357494354,0.7164375185966492,0.6693649291992188,0.4093792736530304,7.144877910614014,6.482665061950684,4.721795082092285,7.624790191650391,5.28922700881958,8.024702072143555,8.596981048583984,8.466407775878906,7.247924327850342,7.8494086265563965,,,,,,,,,,,8.820137977600098,8.475929260253906,5.71985387802124,10.14432144165039,6.2853288650512695,9.610302925109863,10.024125099182129,9.982696533203125,9.391927719116211,9.746756553649902,,,,,,,,,,,,,,,,,,,,,,,,,,,,,,,,,,,,,,,,
4,794,,,,,,,,,,,,,,,,,,,,,,,,,,,,,,,,,,,,,,,,,0.1895381361246109,0.1303849071264267,0.1802138090133667,0.14321786165237427,0.2997213304042816,0.25613006949424744,0.11051810532808304,0.025170378386974335,0.18193601071834564,0.3785507082939148,4.776833534240723,2.778644323348999,4.561490058898926,4.407283306121826,6.389689922332764,6.936746120452881,4.634758472442627,1.754738211631775,3.8275487422943115,7.70060396194458,,,,,,,,,,,5.8877854347229,3.997384786605835,6.1165385246276855,5.260820388793945,7.833547115325928,8.201743125915527,5.439857006072998,1.8711285591125488,4.896465301513672,9.372581481933594,,,,,,,,,,,,,,,,,,,,,,,,,,,,,,,,,,,,,,,,
4,799,,,,,,,,,,,,,,,,,,,,,,,,,,,,,,,,,,,,,,,,,0.38160717487335205,0.3133595883846283,0.3412576913833618,0.17872072756290436,0.4292316436767578,0.6789393424987793,0.5312594175338745,0.46697214245796204,0.19788293540477753,0.29684093594551086,7.216461181640625,4.909760475158691,6.466211318969727,5.187833786010742,8.320433616638184,11.576041221618652,9.417110443115234,7.784067630767822,4.424029350280762,6.862658500671387,,,,,,,,,,,8.512334823608398,6.1970319747924805,8.416913032531738,5.876819610595703,9.374444007873535,13.353384971618652,11.92680549621582,8.059428215026855,5.106548309326172,8.299637794494629,,,,,,,,,,,,,,,,,,,,,,,,,,,,,,,,,,,,,,,,
4,804,,,,,,,,,,,,,,,,,,,,,,,,,,,,,,,,,,,,,,,,,0.3676466643810272,0.4188314974308014,0.03580088913440704,0.5734544396400452,0.5779819488525391,0.7381644248962402,0.24143795669078827,0.32628533244132996,0.19681774079799652,0.2000458538532257,6.0772576332092285,5.7153215408325195,2.0946567058563232,6.770813465118408,8.269784927368164,10.329570770263672,6.128480434417725,5.950020790100098,4.197214126586914,5.2394514083862305,,,,,,,,,,,7.989199161529541,7.164435386657715,2.7262051105499268,10.526991844177246,10.878192901611328,13.923628807067871,8.040324211120605,6.73685884475708,5.092785358428955,6.8133697509765625,,,,,,,,,,,,,,,,,,,,,,,,,,,,,,,,,,,,,,,,
4,809,,,,,,,,,,,,,,,,,,,,,,,,,,,,,,,,,,,,,,,,,0.40875694155693054,0.3768230676651001,0.44313329458236694,0.4157496988773346,0.705289363861084,0.41043195128440857,0.37125977873802185,0.36002764105796814,0.3619415760040283,0.23415620625019073,7.0175347328186035,5.153524398803711,7.400825500488281,8.396716117858887,8.553817749023438,8.180490493774414,8.42739200592041,5.5383734703063965,5.539667129516602,5.967004776000977,,,,,,,,,,,8.78599739074707,6.795650482177734,9.591330528259277,8.963359832763672,12.016647338867188,10.382369041442871,9.97033405303955,7.076632022857666,6.906253814697266,7.371400833129883,,,,,,,,,,,,,,,,,,,,,,,,,,,,,,,,,,,,,,,,
4,814,,,,,,,,,,,,,,,,,,,,,,,,,,,,,,,,,,,,,,,,,0.3831881880760193,0.11878091841936111,0.19415219128131866,0.3763509690761566,0.5048823356628418,0.40451404452323914,0.2533596158027649,0.9070548415184021,0.23556700348854065,0.4540318250656128,6.462963104248047,3.227623462677002,5.3266167640686035,7.917775630950928,7.075985431671143,7.8048858642578125,6.350890159606934,7.872717380523682,3.5482447147369385,9.04193115234375,,,,,,,,,,,8.274609565734863,3.8153607845306396,6.348670959472656,8.528082847595215,10.167044639587402,10.307246208190918,8.23643970489502,11.232476234436035,5.57160758972168,10.26456069946289,,,,,,,,,,,,,,,,,,,,,,,,,,,,,,,,,,,,,,,,
4,819,,,,,,,,,,,,,,,,,,,,,,,,,,,,,,,,,,,,,,,,,0.3311273157596588,0.3974746763706207,0.2806060016155243,0.12189103662967682,0.18234312534332275,0.45580950379371643,0.4580236077308655,0.22860446572303772,0.44022998213768005,0.41516315937042236,6.045973300933838,5.573832035064697,6.491346836090088,3.4969162940979004,4.341597080230713,8.935839653015137,7.235567569732666,4.657015800476074,6.035157680511475,7.646484375,,,,,,,,,,,7.851296424865723,6.979382038116455,7.632382392883301,4.8533406257629395,6.110044479370117,10.941265106201172,11.074260711669922,5.638986587524414,7.616634368896484,9.81536865234375,,,,,,,,,,,,,,,,,,,,,,,,,,,,,,,,,,,,,,,,
4,824,,,,,,,,,,,,,,,,,,,,,,,,,,,,,,,,,,,,,,,,,0.56627357006073,0.5037485361099243,1.0191617012023926,0.44316670298576355,0.11909782886505127,0.41382598876953125,0.5569846034049988,0.25777480006217957,0.8724122047424316,0.9102902412414551,8.43422794342041,6.345729351043701,12.232621192932129,7.634702205657959,4.239071846008301,8.559149742126465,9.220135688781738,4.845170497894287,10.521249771118164,12.310223579406738,,,,,,,,,,,10.052963256835938,7.857224464416504,14.545653343200684,9.254190444946289,4.938005447387695,10.425209045410156,12.212157249450684,5.987961769104004,10.72220516204834,14.534066200256348,,,,,,,,,,,,,,,,,,,,,,,,,,,,,,,,,,,,,,,,
4,829,,,,,,,,,,,,,,,,,,,,,,,,,,,,,,,,,,,,,,,,,0.33050522208213806,0.17165517807006836,0.5531022548675537,0.19926536083221436,0.23149538040161133,0.11543776094913483,0.25277161598205566,0.6164124608039856,0.21378521621227264,0.6206218600273132,6.315587043762207,3.9590566158294678,9.270380973815918,5.584324836730957,5.809284210205078,4.261088848114014,6.616445541381836,8.049893379211426,4.642519474029541,8.64728832244873,,,,,,,,,,,7.632591247558594,4.5865983963012695,10.715547561645508,6.205414295196533,6.884475231170654,5.5061726570129395,8.226876258850098,9.259647369384766,5.307770252227783,12.000815391540527,,,,,,,,,,,,,,,,,,,,,,,,,,,,,,,,,,,,,,,,
4,834,,,,,,,,,,,,,,,,,,,,,,,,,,,,,,,,,,,,,,,,,0.46916332840919495,0.4029766023159027,0.9221156239509583,0.2534395456314087,0.5835683941841125,0.33989793062210083,0.5351015329360962,0.2704857587814331,0.40248486399650574,0.512399435043335,7.401976108551025,5.533700942993164,10.725269317626953,5.2185516357421875,8.947859764099121,7.008431911468506,9.246428489685059,5.039100170135498,6.479726791381836,8.418717384338379,,,,,,,,,,,9.39237117767334,7.02752161026001,13.83580207824707,6.998291969299316,10.930639266967773,9.448223114013672,11.969854354858398,6.13381814956665,7.28279447555542,10.904393196105957,,,,,,,,,,,,,,,,,,,,,,,,,,,,,,,,,,,,,,,,
4,839,,,,,,,,,,,,,,,,,,,,,,,,,,,,,,,,,,,,,,,,,0.5151609778404236,0.5652285218238831,0.3948977291584015,0.47687506675720215,0.4740324318408966,0.8159053325653076,0.5239812731742859,0.8151808381080627,0.18667978048324585,0.38366779685020447,8.107207298278809,6.803244590759277,7.276843070983887,7.9653520584106445,7.646849632263184,11.730972290039062,10.214301109313965,9.615029335021973,4.495831489562988,7.2164435386657715,,,,,,,,,,,9.817303657531738,8.322893142700195,9.054280281066895,9.599689483642578,9.851529121398926,14.638471603393555,11.844825744628906,10.648432731628418,4.959888935089111,9.435715675354004,,,,,,,,,,,,,,,,,,,,,,,,,,,,,,,,,,,,,,,,
4,844,,,,,,,,,,,,,,,,,,,,,,,,,,,,,,,,,,,,,,,,,0.37407076358795166,0.9049456715583801,0.23983484506607056,0.31289488077163696,0.38121336698532104,0.37437546253204346,0.3054791986942291,0.6016117930412292,0.10775458812713623,0.13852715492248535,6.481343746185303,8.062326431274414,6.244675159454346,6.410804748535156,7.939141273498535,7.440432071685791,6.753945350646973,7.7710280418396,3.4136550426483154,4.296085834503174,,,,,,,,,,,7.971492290496826,10.531094551086426,7.056150436401367,7.775961875915527,8.834534645080566,9.915841102600098,9.044022560119629,9.147804260253906,3.7682626247406006,5.669759750366211,,,,,,,,,,,,,,,,,,,,,,,,,,,,,,,,,,,,,,,,
4,849,,,,,,,,,,,,,,,,,,,,,,,,,,,,,,,,,,,,,,,,,0.3410423994064331,0.3313681483268738,0.33385932445526123,0.1205616295337677,0.7571901679039001,0.38300585746765137,0.21878789365291595,0.39735767245292664,0.28630876541137695,0.24094213545322418,6.359809398651123,4.312249660491943,6.907484531402588,4.19856595993042,8.485441207885742,8.36440372467041,6.565981864929199,6.8367133140563965,5.324349403381348,6.243097305297852,,,,,,,,,,,7.857029438018799,6.372614860534668,8.325176239013672,4.826801776885986,12.450940132141113,10.029483795166016,7.653894424438477,7.4344611167907715,6.1424360275268555,7.477451324462891,,,,,,,,,,,,,,,,,,,,,,,,,,,,,,,,,,,,,,,,
4,854,,,,,,,,,,,,,,,,,,,,,,,,,,,,,,,,,,,,,,,,,0.46878018975257874,0.5801207423210144,0.3405519723892212,0.31059500575065613,0.16251333057880402,0.3037717342376709,0.32682356238365173,1.2139766216278076,0.5932450294494629,0.38742387294769287,7.106961727142334,6.5720953941345215,6.342012405395508,6.104311943054199,5.322795391082764,7.078717231750488,5.576998233795166,11.42597770690918,7.841055393218994,7.698688507080078,,,,,,,,,,,8.884499549865723,8.431822776794434,8.408206939697266,7.747331142425537,5.768250942230225,8.93201732635498,9.354647636413574,12.994627952575684,8.841793060302734,9.481791496276855,,,,,,,,,,,,,,,,,,,,,,,,,,,,,,,,,,,,,,,,
4,859,,,,,,,,,,,,,,,,,,,,,,,,,,,,,,,,,,,,,,,,,0.4062456488609314,0.20447783172130585,0.5154131650924683,0.21274060010910034,0.33629655838012695,0.33132049441337585,0.4830588698387146,0.6621551513671875,0.639155387878418,0.27159255743026733,7.190592288970947,4.195585250854492,8.320417404174805,5.853435039520264,6.666845798492432,8.106388092041016,9.750473022460938,7.719552516937256,7.440457820892334,6.662176609039307,,,,,,,,,,,8.608232498168945,5.005937099456787,10.344019889831543,6.411801338195801,8.297760009765625,9.328246116638184,11.372889518737793,9.597068786621094,9.177544593811035,7.938823223114014,,,,,,,,,,,,,,,,,,,,,,,,,,,,,,,,,,,,,,,,
4,864,,,,,,,,,,,,,,,,,,,,,,,,,,,,,,,,,,,,,,,,,0.326021283864975,0.30788564682006836,0.3316439986228943,0.5667062997817993,0.44100403785705566,0.25862690806388855,0.506277859210968,0.1589665710926056,0.09889783710241318,0.26418229937553406,6.258561611175537,5.556879997253418,6.854908466339111,8.193954467773438,7.283953666687012,5.612454891204834,8.609331130981445,4.368025302886963,3.2791380882263184,6.568404197692871,,,,,,,,,,,7.825997352600098,6.142667293548584,8.29750919342041,10.464872360229492,9.502129554748535,8.241621971130371,11.643009185791016,4.7023138999938965,3.610078811645508,7.829770565032959,,,,,,,,,,,,,,,,,,,,,,,,,,,,,,,,,,,,,,,,
4,869,,,,,,,,,,,,,,,,,,,,,,,,,,,,,,,,,,,,,,,,,0.4719703495502472,0.6017276644706726,0.8136407136917114,0.3714390695095062,0.5942263603210449,0.340618371963501,0.35539865493774414,0.3112811744213104,0.2700692117214203,0.5893319249153137,7.565278053283691,7.172877788543701,10.472994804382324,7.899946689605713,8.996115684509277,8.11049747467041,8.104211807250977,5.538045406341553,4.867119312286377,6.925694465637207,,,,,,,,,,,9.393298149108887,8.587410926818848,12.99654769897461,8.472248077392578,11.030001640319824,9.458230018615723,9.75503158569336,6.580140590667725,5.965692043304443,11.694379806518555,,,,,,,,,,,,,,,,,,,,,,,,,,,,,,,,,,,,,,,,
4,874,,,,,,,,,,,,,,,,,,,,,,,,,,,,,,,,,,,,,,,,,0.35894453525543213,0.31966885924339294,0.5730525255203247,0.22214452922344208,0.44707587361335754,0.44316089153289795,0.36510908603668213,0.35254916548728943,0.19386790692806244,0.3138717710971832,6.860596179962158,5.292620658874512,9.355748176574707,6.228532314300537,7.509112358093262,9.083463668823242,7.525224685668945,6.048470497131348,4.560276031494141,6.141915798187256,,,,,,,,,,,8.283658027648926,6.259108066558838,10.907089233398438,6.551982402801514,9.5673189163208,10.7883882522583,9.887399673461914,7.002748966217041,5.054477214813232,8.534406661987305,,,,,,,,,,,,,,,,,,,,,,,,,,,,,,,,,,,,,,,,
4,879,,,,,,,,,,,,,,,,,,,,,,,,,,,,,,,,,,,,,,,,,0.6679074168205261,0.6319125890731812,1.627163290977478,0.28321394324302673,0.5646727085113525,1.3058416843414307,0.6629869341850281,0.26413530111312866,0.3046083450317383,0.3666316568851471,9.43390941619873,6.944580078125,15.644781112670898,7.0290632247924805,9.438789367675781,16.33161735534668,11.356633186340332,5.204533576965332,5.572259426116943,7.382919788360596,,,,,,,,,,,10.977033615112305,8.800164222717285,18.379226684570312,7.397964000701904,10.752217292785645,18.519153594970703,13.323651313781738,6.061385631561279,6.335694313049316,9.223849296569824,,,,,,,,,,,,,,,,,,,,,,,,,,,,,,,,,,,,,,,,
4,884,,,,,,,,,,,,,,,,,,,,,,,,,,,,,,,,,,,,,,,,,0.42384761571884155,0.2687991261482239,0.40881866216659546,0.3858661353588104,0.6279436349868774,0.7011187076568604,0.7191728353500366,0.19613786041736603,0.13279111683368683,0.37398049235343933,7.4868011474609375,4.466961860656738,8.20620346069336,7.554966926574707,9.443453788757324,11.522347450256348,10.847981452941895,4.407905101776123,3.7089016437530518,7.222490310668945,,,,,,,,,,,9.010510444641113,5.739528179168701,9.212489128112793,8.63521671295166,11.338613510131836,13.569743156433105,13.876739501953125,5.223233699798584,4.183192253112793,9.315832138061523,,,,,,,,,,,,,,,,,,,,,,,,,,,,,,,,,,,,,,,,
4,889,,,,,,,,,,,,,,,,,,,,,,,,,,,,,,,,,,,,,,,,,0.4848208427429199,0.6805061101913452,0.3053016662597656,0.4940117597579956,0.1628892719745636,0.4217526614665985,0.5701808333396912,0.8845880031585693,0.5778005123138428,0.2663566768169403,7.309882164001465,6.775199890136719,6.71088981628418,7.448375701904297,5.176758289337158,8.553299903869629,8.62964153289795,8.633238792419434,7.643534183502197,6.2180023193359375,,,,,,,,,,,9.244434356689453,9.1322603225708,7.961158275604248,9.770651817321777,5.774918556213379,10.524579048156738,12.355977058410645,11.09249496459961,8.725940704345703,7.861927509307861,,,,,,,,,,,,,,,,,,,,,,,,,,,,,,,,,,,,,,,,
4,894,,,,,,,,,,,,,,,,,,,,,,,,,,,,,,,,,,,,,,,,,0.4631018042564392,0.3330456018447876,0.26035332679748535,0.8583846092224121,0.2984105348587036,0.5826790928840637,0.4833521246910095,0.7159667015075684,0.42535918951034546,0.21036511659622192,7.636223793029785,5.245889186859131,6.759448528289795,11.272953033447266,6.829639911651611,9.494308471679688,8.536684036254883,8.231252670288086,6.366404056549072,5.9894280433654785,,,,,,,,,,,9.181828498840332,6.388723850250244,7.351792812347412,12.879405975341797,7.816399097442627,12.370594024658203,11.376341819763184,9.979415893554688,7.4868855476379395,6.9868927001953125,,,,,,,,,,,,,,,,,,,,,,,,,,,,,,,,,,,,,,,,
4,899,,,,,,,,,,,,,,,,,,,,,,,,,,,,,,,,,,,,,,,,,0.59149169921875,0.617942750453949,0.17655245959758759,0.5360418558120728,0.3427077829837799,0.3588102459907532,0.21024250984191895,1.1449697017669678,1.4412026405334473,0.4949555993080139,7.878011226654053,6.883212566375732,5.570399284362793,7.586467742919922,6.810783863067627,8.727385520935059,6.369790554046631,10.204894065856934,10.519087791442871,8.23007583618164,,,,,,,,,,,9.737711906433105,8.702347755432129,6.0540852546691895,10.177806854248047,8.376482009887695,9.70751953125,7.502933502197266,12.619894981384277,13.781161308288574,10.717175483703613,,,,,,,,,,,,,,,,,,,,,,,,,,,,,,,,,,,,,,,,
4,904,,,,,,,,,,,,,,,,,,,,,,,,,,,,,,,,,,,,,,,,,0.20527100563049316,0.444684773683548,0.16804195940494537,0.14032873511314392,0.14036886394023895,0.18612800538539886,0.17000798881053925,0.09554892033338547,0.2602110803127289,0.24211880564689636,4.8972296714782715,6.5741682052612305,4.575437068939209,4.035586357116699,4.633734703063965,5.721745014190674,5.086978435516357,2.8263626098632812,4.442112445831299,6.178938865661621,,,,,,,,,,,6.065852642059326,7.382243633270264,5.906368255615234,5.207487106323242,5.360867023468018,6.991682529449463,6.746917724609375,3.6456212997436523,5.855799198150635,7.495687484741211,,,,,,,,,,,,,,,,,,,,,,,,,,,,,,,,,,,,,,,,
4,909,,,,,,,,,,,,,,,,,,,,,,,,,,,,,,,,,,,,,,,,,0.4530372619628906,0.9848154783248901,0.2964479625225067,0.280367374420166,0.29408422112464905,0.21877212822437286,0.3276001214981079,0.624140202999115,0.6019629240036011,0.44914498925209045,7.114130020141602,7.619421005249023,6.287428379058838,5.931460380554199,6.092984199523926,6.193964958190918,8.000463485717773,7.185742378234863,8.29687213897705,8.41883373260498,,,,,,,,,,,8.81445598602295,10.986002922058105,7.844871997833252,7.360691547393799,7.759531497955322,7.580045700073242,9.365755081176758,9.317508697509766,8.906521797180176,10.209171295166016,,,,,,,,,,,,,,,,,,,,,,,,,,,,,,,,,,,,,,,,
4,914,,,,,,,,,,,,,,,,,,,,,,,,,,,,,,,,,,,,,,,,,0.7074387669563293,0.6110069751739502,1.656861662864685,0.5401507616043091,0.4203375279903412,0.7488337755203247,0.30652761459350586,0.19670657813549042,1.1792247295379639,0.7072996497154236,8.999133110046387,6.621647834777832,14.712010383605957,9.222843170166016,6.054437160491943,10.119258880615234,7.299053192138672,4.510656833648682,12.36086654663086,10.091419219970703,,,,,,,,,,,11.142739295959473,8.653371810913086,18.546194076538086,10.216741561889648,9.276811599731445,14.023892402648926,9.059528350830078,5.230800628662109,12.465841293334961,12.811469078063965,,,,,,,,,,,,,,,,,,,,,,,,,,,,,,,,,,,,,,,,
4,919,,,,,,,,,,,,,,,,,,,,,,,,,,,,,,,,,,,,,,,,,0.39642563462257385,0.24419264495372772,0.49410495162010193,0.6640664935112,0.21179139614105225,0.314277321100235,0.19394922256469727,0.1366167515516281,0.953750729560852,0.355081170797348,6.759392738342285,4.048500061035156,6.431494235992432,9.432168960571289,5.625152587890625,7.750127792358398,5.572380065917969,4.07997989654541,10.173828125,7.7209038734436035,,,,,,,,,,,8.272294998168945,5.470519065856934,10.127943992614746,11.328193664550781,6.584969520568848,9.085156440734863,7.206341743469238,4.359239101409912,11.210906028747559,9.077390670776367,,,,,,,,,,,,,,,,,,,,,,,,,,,,,,,,,,,,,,,,
4,924,,,,,,,,,,,,,,,,,,,,,,,,,,,,,,,,,,,,,,,,,0.41744178533554077,0.3741863965988159,0.2607601284980774,0.08241187036037445,0.5516008734703064,0.4872870147228241,0.46880167722702026,0.3432661294937134,0.7985188961029053,0.39014288783073425,7.059013366699219,5.436439514160156,5.970831394195557,3.732228994369507,8.00229263305664,9.325064659118652,9.211282730102539,5.1845879554748535,8.767997741699219,7.900395393371582,,,,,,,,,,,8.660741806030273,6.771833419799805,7.357532978057861,3.990706443786621,10.627035140991211,11.312751770019531,11.203800201416016,6.909939289093018,10.258074760437012,9.515006065368652,,,,,,,,,,,,,,,,,,,,,,,,,,,,,,,,,,,,,,,,
4,929,,,,,,,,,,,,,,,,,,,,,,,,,,,,,,,,,,,,,,,,,0.45979955792427063,0.3042527735233307,0.6280377507209778,0.46523481607437134,0.4941782057285309,0.6616241931915283,0.2625042200088501,0.43734732270240784,0.44143885374069214,0.44357797503471375,7.238368511199951,4.610584735870361,8.368324279785156,7.280238151550293,8.09304141998291,10.06475830078125,5.558398723602295,6.597644329071045,6.373943328857422,8.198381423950195,,,,,,,,,,,9.355927467346191,6.106319904327393,11.418380737304688,9.481804847717285,10.058690071105957,13.182007789611816,8.383761405944824,7.799593448638916,7.627084732055664,10.145703315734863,,,,,,,,,,,,,,,,,,,,,,,,,,,,,,,,,,,,,,,,
4,934,,,,,,,,,,,,,,,,,,,,,,,,,,,,,,,,,,,,,,,,,0.2797878682613373,0.22819113731384277,0.22627347707748413,0.1469595730304718,0.16322363913059235,0.48500922322273254,0.4540720283985138,0.2954424023628235,0.20925718545913696,0.30966198444366455,5.905871868133545,4.253765106201172,6.411967754364014,4.289140224456787,4.895790100097656,8.966681480407715,8.307550430297852,5.524587154388428,4.470797061920166,6.032566547393799,,,,,,,,,,,7.300376892089844,5.288246154785156,6.853753566741943,5.329099655151367,5.7808427810668945,11.286280632019043,11.026384353637695,6.410547733306885,5.2512593269348145,8.47697925567627,,,,,,,,,,,,,,,,,,,,,,,,,,,,,,,,,,,,,,,,
4,939,,,,,,,,,,,,,,,,,,,,,,,,,,,,,,,,,,,,,,,,,0.24248430132865906,0.36503350734710693,0.1952700912952423,0.18187138438224792,0.5848382115364075,0.2902592122554779,0.19038332998752594,0.09057602286338806,0.0756930261850357,0.2084340751171112,5.419829368591309,5.521014213562012,6.142601490020752,4.8434038162231445,8.394794464111328,6.859430313110352,5.750345706939697,3.171971559524536,2.9795897006988525,5.115316390991211,,,,,,,,,,,6.606638431549072,6.688498497009277,6.366921901702881,5.928394317626953,10.942523956298828,8.731098175048828,7.139787197113037,3.549485206604004,3.1582841873168945,6.954751014709473,,,,,,,,,,,,,,,,,,,,,,,,,,,,,,,,,,,,,,,,
4,944,,,,,,,,,,,,,,,,,,,,,,,,,,,,,,,,,,,,,,,,,0.6431604027748108,0.7647132873535156,0.6541590690612793,0.6637866497039795,0.5129155516624451,0.5067178606987,0.6568038463592529,0.7439410090446472,0.6501245498657227,0.6352818012237549,9.02252197265625,8.766794204711914,9.632224082946777,8.833989143371582,8.26462173461914,9.974760055541992,10.179693222045898,8.45973014831543,7.743701934814453,9.347183227539062,,,,,,,,,,,11.030591011047363,9.680808067321777,11.65341854095459,11.3258056640625,10.247610092163086,11.536099433898926,13.261377334594727,10.172506332397461,9.255963325500488,12.141724586486816,,,,,,,,,,,,,,,,,,,,,,,,,,,,,,,,,,,,,,,,
4,949,,,,,,,,,,,,,,,,,,,,,,,,,,,,,,,,,,,,,,,,,0.5630012154579163,0.6127836108207703,0.37576234340667725,0.29966995120048523,0.4445285201072693,0.4957994222640991,0.6138460040092468,0.4624837338924408,1.07455313205719,0.6875838041305542,8.412755012512207,7.548270225524902,8.03007698059082,5.784890651702881,7.256008625030518,9.090866088867188,9.894308090209961,6.773549556732178,10.787779808044434,10.54904556274414,,,,,,,,,,,10.15905475616455,8.665943145751953,8.832186698913574,7.609856605529785,9.540023803710938,11.41113567352295,12.820368766784668,8.020602226257324,11.89973258972168,12.631649017333984,,,,,,,,,,,,,,,,,,,,,,,,,,,,,,,,,,,,,,,,
4,954,,,,,,,,,,,,,,,,,,,,,,,,,,,,,,,,,,,,,,,,,0.4169272184371948,0.3539372682571411,0.3490343689918518,0.6791456937789917,0.4246385097503662,0.39706477522850037,0.45911064743995667,0.4135832190513611,0.33643776178359985,0.3393925428390503,6.933158874511719,5.23927640914917,6.8631744384765625,7.434196472167969,8.077645301818848,7.712553977966309,7.8961920738220215,6.704046249389648,5.081456661224365,7.389890193939209,,,,,,,,,,,8.92174243927002,6.586056232452393,8.512276649475098,11.456088066101074,9.324151992797852,10.211899757385254,11.087393760681152,7.584730625152588,6.658487796783447,8.874590873718262,,,,,,,,,,,,,,,,,,,,,,,,,,,,,,,,,,,,,,,,
4,959,,,,,,,,,,,,,,,,,,,,,,,,,,,,,,,,,,,,,,,,,0.4728103280067444,0.31978389620780945,0.14633874595165253,0.15319789946079254,0.361665815114975,0.9106627106666565,0.6401588916778564,0.6031838655471802,0.4959156811237335,0.6243853569030762,7.22857666015625,4.602287769317627,3.9598872661590576,4.963273048400879,5.991208076477051,12.177704811096191,9.887178421020508,8.034707069396973,7.054893493652344,8.386045455932617,,,,,,,,,,,9.295159339904785,6.260233402252197,5.511773109436035,5.441032409667969,8.605049133300781,15.465167999267578,13.09226131439209,9.159749031066895,8.084016799926758,12.037147521972656,,,,,,,,,,,,,,,,,,,,,,,,,,,,,,,,,,,,,,,,
4,964,,,,,,,,,,,,,,,,,,,,,,,,,,,,,,,,,,,,,,,,,0.40186065435409546,0.49561408162117004,0.45404258370399475,0.018323851749300957,0.7817632555961609,0.22207984328269958,0.2429407238960266,0.8303877711296082,0.2361697405576706,0.3354237973690033,6.833006858825684,6.500210285186768,9.708675384521484,1.6635514497756958,11.43643569946289,6.505802631378174,5.8110737800598145,7.662598133087158,5.409969806671143,6.79874849319458,,,,,,,,,,,8.098482131958008,7.793527603149414,9.708675384521484,1.8817558288574219,12.651362419128418,7.637134552001953,8.065308570861816,10.747295379638672,5.578730583190918,8.822550773620605,,,,,,,,,,,,,,,,,,,,,,,,,,,,,,,,,,,,,,,,
4,969,,,,,,,,,,,,,,,,,,,,,,,,,,,,,,,,,,,,,,,,,0.4552159309387207,0.3316501975059509,0.21785809099674225,0.2746913433074951,0.19124475121498108,0.6332559585571289,0.8462057709693909,0.8276152610778809,0.3111405074596405,0.4632814824581146,7.01785135269165,5.508701324462891,5.923285484313965,5.591324329376221,4.899779319763184,8.583723068237305,10.690863609313965,9.400897026062012,5.108423233032227,7.453662872314453,,,,,,,,,,,9.121516227722168,6.375325679779053,6.725096225738525,7.285801887512207,6.257407188415527,12.89631175994873,15.052504539489746,10.729338645935059,6.403266429901123,10.368589401245117,,,,,,,,,,,,,,,,,,,,,,,,,,,,,,,,,,,,,,,,
4,969,,,,,,,,,,,,,,,,,,,,,,,,,,,,,,,,,,,,,,,,,,,,,,,,,,,6.925705909729004,5.783207416534424,6.892739772796631,6.579647064208984,7.017495155334473,8.498869895935059,7.516716003417969,6.267910957336426,6.144451141357422,7.630313873291016,0.5363971590995789,0.5151190757751465,0.5975164175033569,0.6137993931770325,0.5561255216598511,0.4599218964576721,0.5349862575531006,0.5220838785171509,0.519618034362793,0.5084038972854614,9.06816577911377,7.510625839233398,9.00136947631836,8.604573249816895,9.348139762878418,11.215365409851074,10.05532169342041,8.055035591125488,7.858814239501953,9.964240074157715,0.5364124178886414,0.6291693449020386,0.6197094321250916,0.3607040345668793,0.5724488496780396,0.6102312803268433,0.5088537931442261,0.45624175667762756,0.5048577785491943,0.5654952526092529,7.479842185974121,6.442763328552246,8.124584197998047,5.7584357261657715,8.341150283813477,9.253820419311523,8.684769630432129,5.855088233947754,6.360344886779785,8.497624397277832,0.4175631105899811,0.34231239557266235,0.48407769203186035,0.6266990900039673,0.30926334857940674,0.44278520345687866,0.47967952489852905,0.32065296173095703,0.30257856845855713,0.45001935958862305,10.220443725585938,8.973752975463867,11.012285232543945,9.076807975769043,11.244791984558105,12.834136962890625,11.531618118286133,7.684152126312256,8.492264747619629,11.13418960571289
5,974,,,,,,,,,,,,,,,,,,,,,,,,,,,,,,,,,,,,,,,,,0.3509022891521454,0.6951991319656372,0.27259325981140137,0.1404862403869629,0.19499653577804565,0.3904666304588318,0.19844867289066315,0.3629665970802307,0.5157517790794373,0.38721200823783875,6.086279392242432,7.151453018188477,6.464844703674316,3.9448001384735107,5.0193023681640625,7.0044026374816895,5.7891693115234375,5.495666027069092,6.307711601257324,7.5991621017456055,,,,,,,,,,,7.836305618286133,9.23032283782959,7.522621154785156,5.210408687591553,6.318487167358398,10.126697540283203,7.28945255279541,7.105457305908203,8.244108200073242,9.47919750213623,,,,,,,,,,,,,,,,,,,,,,,,,,,,,,,,,,,,,,,,
5,979,,,,,,,,,,,,,,,,,,,,,,,,,,,,,,,,,,,,,,,,,0.40971848368644714,0.2527465224266052,0.45605018734931946,0.1772255152463913,0.627826988697052,0.2690155506134033,0.3240119516849518,0.7948852777481079,0.21309100091457367,0.5726132392883301,6.727444171905518,4.9825005531311035,7.17999267578125,4.684571743011475,8.206743240356445,6.535085201263428,7.607406139373779,6.908493518829346,5.14813756942749,9.294066429138184,,,,,,,,,,,8.616299629211426,5.5655083656311035,9.730113983154297,5.852184772491455,11.337559700012207,8.405518531799316,9.314324378967285,10.515039443969727,5.299145221710205,11.527308464050293,,,,,,,,,,,,,,,,,,,,,,,,,,,,,,,,,,,,,,,,
5,984,,,,,,,,,,,,,,,,,,,,,,,,,,,,,,,,,,,,,,,,,0.5014551281929016,0.5110553503036499,0.43194448947906494,0.6152227520942688,0.5582234263420105,0.4190978407859802,0.54031902551651,0.7234630584716797,0.48083776235580444,0.2329317331314087,8.016645431518555,7.075611591339111,6.071462631225586,8.72489070892334,8.244009971618652,9.112783432006836,9.090486526489258,9.929115295410156,7.579648494720459,6.3217973709106445,,,,,,,,,,,9.649001121520996,7.914003372192383,9.46946907043457,10.903629302978516,10.690638542175293,10.491402626037598,12.028069496154785,10.031523704528809,7.960174560546875,7.352101802825928,,,,,,,,,,,,,,,,,,,,,,,,,,,,,,,,,,,,,,,,
5,989,,,,,,,,,,,,,,,,,,,,,,,,,,,,,,,,,,,,,,,,,0.457438588142395,0.3520524501800537,0.5145562291145325,0.5174843072891235,0.4932997226715088,0.5164744853973389,0.494554728269577,0.5828647017478943,0.27337446808815,0.3722860515117645,7.461345195770264,5.826249599456787,9.080703735351562,7.161626815795898,7.439896106719971,9.464242935180664,8.703495025634766,6.889882564544678,5.175989151000977,7.4100213050842285,,,,,,,,,,,9.378747940063477,6.5684967041015625,10.335419654846191,10.000081062316895,10.0497465133667,11.646629333496094,11.50741958618164,9.004146575927734,6.002086639404297,9.29470443725586,,,,,,,,,,,,,,,,,,,,,,,,,,,,,,,,,,,,,,,,
5,994,,,,,,,,,,,,,,,,,,,,,,,,,,,,,,,,,,,,,,,,,0.7968273758888245,0.5668935775756836,1.3736094236373901,1.1611733436584473,0.7016428709030151,0.6329561471939087,0.5497258901596069,1.3050040006637573,0.3744910955429077,0.5059500932693481,9.706859588623047,7.0222978591918945,13.935168266296387,11.056258201599121,8.634632110595703,9.970786094665527,9.132843017578125,12.05560302734375,6.367191314697266,9.18695068359375,,,,,,,,,,,12.06068229675293,8.335142135620117,16.886640548706055,14.979710578918457,11.985544204711914,12.893258094787598,12.13232135772705,13.473010063171387,7.02496337890625,10.835552215576172,,,,,,,,,,,,,,,,,,,,,,,,,,,,,,,,,,,,,,,,
5,999,,,,,,,,,,,,,,,,,,,,,,,,,,,,,,,,,,,,,,,,,0.27051451802253723,0.3291136920452118,0.1891295611858368,0.4453861117362976,0.3052014708518982,0.49433624744415283,0.33503931760787964,0.10481776297092438,0.09362246096134186,0.13798397779464722,5.681511878967285,5.444090843200684,4.987294673919678,6.40928840637207,6.507089138031006,8.971240043640137,7.5783820152282715,3.7435154914855957,2.7620151042938232,4.730691432952881,,,,,,,,,,,7.072703838348389,6.350899696350098,6.266014099121094,9.277335166931152,7.904837608337402,11.394285202026367,9.471498489379883,3.8183536529541016,3.5124757289886475,5.658632755279541,,,,,,,,,,,,,,,,,,,,,,,,,,,,,,,,,,,,,,,,
5,1004,,,,,,,,,,,,,,,,,,,,,,,,,,,,,,,,,,,,,,,,,0.2652559280395508,0.3196019232273102,0.5226733684539795,0.2583118677139282,0.38129279017448425,0.09665969014167786,0.1626909077167511,0.1425878256559372,0.2993723154067993,0.20411273837089539,5.566438674926758,5.031603813171387,9.437064170837402,5.7124176025390625,6.675549030303955,3.690584659576416,5.205504894256592,3.7203755378723145,5.206971645355225,5.417875289916992,,,,,,,,,,,6.870126724243164,6.258452892303467,10.416620254516602,7.065242767333984,8.835455894470215,5.038468837738037,6.600129127502441,4.453484535217285,6.281004428863525,6.882278919219971,,,,,,,,,,,,,,,,,,,,,,,,,,,,,,,,,,,,,,,,
5,1009,,,,,,,,,,,,,,,,,,,,,,,,,,,,,,,,,,,,,,,,,0.3243844211101532,0.20918487012386322,0.07915613055229187,0.17900708317756653,0.5044165849685669,0.4100967049598694,0.28893622756004333,0.0810454785823822,0.7719724774360657,0.39564427733421326,5.8025336265563965,4.0503764152526855,3.3731234073638916,4.940145015716553,7.446065425872803,8.11984634399414,6.332123279571533,2.719055414199829,7.665009498596191,7.577060222625732,,,,,,,,,,,7.484468460083008,5.06322717666626,4.0537214279174805,5.88152551651001,10.162353515625,10.378127098083496,8.795726776123047,3.3575546741485596,10.086121559143066,9.581855773925781,,,,,,,,,,,,,,,,,,,,,,,,,,,,,,,,,,,,,,,,
5,1014,,,,,,,,,,,,,,,,,,,,,,,,,,,,,,,,,,,,,,,,,0.29958370327949524,0.3734056353569031,0.1391410529613495,0.11627496778964996,0.18540029227733612,0.35350409150123596,0.2997424006462097,0.22972597181797028,0.6454131603240967,0.35364556312561035,5.928375244140625,5.664084434509277,3.564479351043701,3.95408296585083,5.336976051330566,7.684006214141846,7.000350475311279,5.134886741638184,7.610124588012695,7.406385898590088,,,,,,,,,,,7.285434246063232,6.76476526260376,5.374515056610107,4.7402143478393555,6.1610517501831055,9.63547420501709,8.958698272705078,5.652801513671875,9.222362518310547,9.059022903442383,,,,,,,,,,,,,,,,,,,,,,,,,,,,,,,,,,,,,,,,
5,1019,,,,,,,,,,,,,,,,,,,,,,,,,,,,,,,,,,,,,,,,,0.25708791613578796,0.5608785152435303,0.22287103533744812,0.1998293399810791,0.2931252419948578,0.23281072080135345,0.27268245816230774,0.133529394865036,0.04310061037540436,0.35496389865875244,5.37034797668457,6.152968406677246,6.020104885101318,5.22770881652832,5.581298828125,6.356844425201416,6.447962760925293,2.9712071418762207,1.718674659729004,7.856358528137207,,,,,,,,,,,6.798548221588135,8.290804862976074,6.802028656005859,6.2141900062561035,7.746869087219238,7.8194708824157715,8.544750213623047,4.309701442718506,2.3832247257232666,9.075891494750977,,,,,,,,,,,,,,,,,,,,,,,,,,,,,,,,,,,,,,,,
5,1024,,,,,,,,,,,,,,,,,,,,,,,,,,,,,,,,,,,,,,,,,0.3506014049053192,0.22394806146621704,0.3858409821987152,0.43207234144210815,0.45595189929008484,0.20062455534934998,0.19742274284362793,0.5584614872932434,0.4263359308242798,0.27475467324256897,6.635085105895996,4.246582984924316,6.717754364013672,6.520410537719727,8.47226333618164,5.210056304931641,6.161135196685791,8.614274978637695,6.475175857543945,7.298116207122803,,,,,,,,,,,7.979067325592041,5.238849639892578,8.949851036071777,9.13762092590332,9.661825180053711,7.258851528167725,7.270585536956787,8.813640594482422,7.495476722717285,7.984904766082764,,,,,,,,,,,,,,,,,,,,,,,,,,,,,,,,,,,,,,,,
5,1029,,,,,,,,,,,,,,,,,,,,,,,,,,,,,,,,,,,,,,,,,0.32741057872772217,0.24847668409347534,0.17816300690174103,0.11800488829612732,0.28597819805145264,0.4622735381126404,0.26192840933799744,0.32881322503089905,0.6353028416633606,0.427754282951355,6.079830169677734,4.7207350730896,4.818812847137451,3.45064115524292,6.201624393463135,8.543540000915527,6.769498825073242,5.7839202880859375,6.792247295379639,7.637450695037842,,,,,,,,,,,7.699568271636963,5.518296718597412,6.08163595199585,4.775346279144287,7.651843547821045,11.018573760986328,8.37456226348877,6.762906074523926,9.1498441696167,9.96309757232666,,,,,,,,,,,,,,,,,,,,,,,,,,,,,,,,,,,,,,,,
5,1034,,,,,,,,,,,,,,,,,,,,,,,,,,,,,,,,,,,,,,,,,0.40428468585014343,0.37679505348205566,0.395898699760437,0.3907473385334015,0.370814710855484,0.3404060900211334,0.5044755339622498,0.35991889238357544,0.4426819384098053,0.4568241536617279,6.992073059082031,5.260040760040283,6.940033912658691,7.6825995445251465,7.588959217071533,7.945557117462158,8.621709823608398,6.073392868041992,4.76200008392334,8.054364204406738,,,,,,,,,,,8.816779136657715,6.7953972816467285,9.06574821472168,8.689661979675293,8.713208198547363,9.455282211303711,11.622267723083496,7.075563907623291,7.637815952301025,10.296075820922852,,,,,,,,,,,,,,,,,,,,,,,,,,,,,,,,,,,,,,,,
5,1039,,,,,,,,,,,,,,,,,,,,,,,,,,,,,,,,,,,,,,,,,0.45018160343170166,0.43087226152420044,0.3870508372783661,0.3669329583644867,0.704074501991272,0.4797170162200928,0.7301900386810303,0.2497491091489792,0.27274441719055176,0.43030309677124023,7.614235877990723,6.068362712860107,7.593297004699707,8.040237426757812,8.637682914733887,8.737473487854004,11.076005935668945,4.708120822906494,5.3838324546813965,8.28310489654541,,,,,,,,,,,9.305180549621582,7.266688346862793,8.963871955871582,8.420701026916504,12.006292343139648,11.224536895751953,13.982625961303711,5.894008159637451,5.995166301727295,9.99273681640625,,,,,,,,,,,,,,,,,,,,,,,,,,,,,,,,,,,,,,,,
5,1044,,,,,,,,,,,,,,,,,,,,,,,,,,,,,,,,,,,,,,,,,0.5986679196357727,0.4776154160499573,0.37879785895347595,0.7459163069725037,0.5413986444473267,1.0408841371536255,0.7471649050712585,0.47602322697639465,0.40784478187561035,0.5723656415939331,7.907724857330322,4.912633419036865,6.375140190124512,10.282333374023438,7.826076030731201,12.347234725952148,10.505778312683105,5.6781463623046875,5.795556545257568,7.446623802185059,,,,,,,,,,,10.747125625610352,7.650704860687256,8.867790222167969,12.006044387817383,10.528299331665039,16.533967971801758,14.144221305847168,8.13715934753418,7.331127166748047,11.524815559387207,,,,,,,,,,,,,,,,,,,,,,,,,,,,,,,,,,,,,,,,
5,1049,,,,,,,,,,,,,,,,,,,,,,,,,,,,,,,,,,,,,,,,,0.2678889334201813,0.42878779768943787,0.1163889691233635,0.12923991680145264,0.32497796416282654,0.21935424208641052,0.3294379413127899,0.44124048948287964,0.2900463044643402,0.13152693212032318,5.683595180511475,5.982767105102539,4.163825035095215,4.176145076751709,6.513460159301758,6.124768257141113,8.222457885742188,5.9682393074035645,5.388967990875244,4.611724853515625,,,,,,,,,,,6.871379375457764,7.249090194702148,4.91549825668335,4.997504711151123,8.156928062438965,7.590124130249023,9.391989707946777,7.834231853485107,6.182398796081543,5.524646759033203,,,,,,,,,,,,,,,,,,,,,,,,,,,,,,,,,,,,,,,,
5,1054,,,,,,,,,,,,,,,,,,,,,,,,,,,,,,,,,,,,,,,,,0.38230645656585693,0.3471689224243164,0.3437274396419525,0.20934899151325226,0.34991690516471863,0.5132486820220947,0.3825989365577698,0.35605087876319885,0.5627344846725464,0.3759627342224121,6.625819683074951,5.443795680999756,6.68077278137207,5.3992438316345215,6.519720077514648,9.394919395446777,7.5279645919799805,5.529965877532959,6.482294082641602,6.653700828552246,,,,,,,,,,,8.50174617767334,6.5227789878845215,8.44731616973877,6.360486030578613,8.464126586914062,11.610201835632324,10.121448516845703,7.037440299987793,8.611425399780273,9.340489387512207,,,,,,,,,,,,,,,,,,,,,,,,,,,,,,,,,,,,,,,,
5,1059,,,,,,,,,,,,,,,,,,,,,,,,,,,,,,,,,,,,,,,,,0.4251205623149872,0.7261884808540344,0.15414024889469147,0.1901218742132187,0.4540877938270569,0.38738277554512024,0.3345390856266022,1.0565398931503296,0.24390695989131927,0.2791779041290283,6.220149517059326,7.055356025695801,3.6990649700164795,4.296887397766113,7.926445484161377,7.670854568481445,6.057988166809082,7.641664505004883,5.334392070770264,6.298695087432861,,,,,,,,,,,8.465126037597656,9.433806419372559,5.656785011291504,6.061371803283691,9.642053604125977,10.086628913879395,9.464424133300781,12.12276554107666,5.66937780380249,8.048922538757324,,,,,,,,,,,,,,,,,,,,,,,,,,,,,,,,,,,,,,,,
5,1064,,,,,,,,,,,,,,,,,,,,,,,,,,,,,,,,,,,,,,,,,0.26175588369369507,0.23432870209217072,0.2466914802789688,0.10435965657234192,0.16591069102287292,0.2188778966665268,0.3692019283771515,0.35046249628067017,0.21221087872982025,0.45375922322273254,5.703958988189697,4.177961349487305,6.606215476989746,3.8353989124298096,5.147343158721924,6.444733619689941,7.158768177032471,5.799508571624756,4.1685566902160645,7.997146129608154,,,,,,,,,,,6.987823486328125,5.35889196395874,7.156303405761719,4.490773677825928,5.8282318115234375,7.581878185272217,9.942665100097656,6.981994152069092,5.288190841674805,10.261479377746582,,,,,,,,,,,,,,,,,,,,,,,,,,,,,,,,,,,,,,,,
5,1069,,,,,,,,,,,,,,,,,,,,,,,,,,,,,,,,,,,,,,,,,0.3325279653072357,0.4061936140060425,0.3496675491333008,0.3590794801712036,0.19064408540725708,0.15479062497615814,0.19111408293247223,0.10139898210763931,0.1318107694387436,1.1080524921417236,6.057859897613525,5.852668762207031,6.018512725830078,7.2918853759765625,4.554839611053467,4.76552152633667,5.779894828796387,3.5657131671905518,3.5746777057647705,13.117023468017578,,,,,,,,,,,7.515695571899414,7.055516242980957,8.519994735717773,8.330099105834961,6.247572898864746,6.375998497009277,7.153476715087891,3.7555670738220215,4.167721748352051,16.035310745239258,,,,,,,,,,,,,,,,,,,,,,,,,,,,,,,,,,,,,,,,
5,1074,,,,,,,,,,,,,,,,,,,,,,,,,,,,,,,,,,,,,,,,,0.44166481494903564,0.5722869634628296,0.6253611445426941,0.29783231019973755,0.33750617504119873,0.39339202642440796,0.33300209045410156,0.9947226047515869,0.0012015384854748845,0.4196781516075134,7.049531936645508,6.319192886352539,8.935263633728027,6.483081817626953,6.388802528381348,7.78548002243042,7.168946266174316,11.708841323852539,0.3979165554046631,8.258264541625977,,,,,,,,,,,8.589375495910645,8.374698638916016,11.394022941589355,7.586488723754883,8.31266975402832,10.16456127166748,9.442658424377441,11.762772560119629,0.3979165554046631,9.868597030639648,,,,,,,,,,,,,,,,,,,,,,,,,,,,,,,,,,,,,,,,
5,1079,,,,,,,,,,,,,,,,,,,,,,,,,,,,,,,,,,,,,,,,,0.359510213136673,0.6598814725875854,0.16552701592445374,0.3842037320137024,0.3167731463909149,0.2597900629043579,0.2727048993110657,0.15001685917377472,0.5991291403770447,0.42756539583206177,6.305493354797363,7.266969203948975,5.238509654998779,6.542167663574219,6.721671104431152,6.650435447692871,6.619647026062012,4.330860614776611,5.845386505126953,7.533790588378906,,,,,,,,,,,7.97160005569458,8.992806434631348,5.862003803253174,8.616594314575195,8.053298950195312,8.26013469696045,8.5451021194458,4.568027973175049,8.885534286499023,9.960898399353027,,,,,,,,,,,,,,,,,,,,,,,,,,,,,,,,,,,,,,,,
5,1084,,,,,,,,,,,,,,,,,,,,,,,,,,,,,,,,,,,,,,,,,0.3643409311771393,0.7801075577735901,0.3996831774711609,0.11289011687040329,0.2008851319551468,0.2132444530725479,0.2584995627403259,0.47517523169517517,0.21968398988246918,0.6188991069793701,6.203733444213867,7.057802200317383,7.920094966888428,3.285672664642334,5.144875526428223,5.9041242599487305,5.989490985870361,7.084080696105957,3.834192991256714,9.613264083862305,,,,,,,,,,,7.918713092803955,9.777763366699219,9.108977317810059,4.670709609985352,6.413181781768799,7.48367166519165,8.31956672668457,8.129907608032227,5.380497932434082,11.984147071838379,,,,,,,,,,,,,,,,,,,,,,,,,,,,,,,,,,,,,,,,
5,1089,,,,,,,,,,,,,,,,,,,,,,,,,,,,,,,,,,,,,,,,,0.4844335913658142,0.594769299030304,0.2554508149623871,0.5025845766067505,0.5422114729881287,0.5050323009490967,0.3477720022201538,1.143183946609497,0.27376866340637207,0.19512926042079926,7.133917331695557,6.301479816436768,5.281010150909424,7.343104362487793,8.59878158569336,8.802189826965332,8.108536720275879,9.762547492980957,4.9277191162109375,5.0798845291137695,,,,,,,,,,,9.191489219665527,8.537613868713379,7.282245635986328,9.855063438415527,10.536200523376465,11.51689624786377,9.649795532226562,12.6100492477417,6.006412506103516,6.729122161865234,,,,,,,,,,,,,,,,,,,,,,,,,,,,,,,,,,,,,,,,
5,1094,,,,,,,,,,,,,,,,,,,,,,,,,,,,,,,,,,,,,,,,,0.45588696002960205,0.4626534581184387,0.2620774507522583,0.2921994924545288,0.32331201434135437,0.4640587568283081,0.33984196186065674,0.7767905592918396,0.4690971374511719,0.7129514217376709,7.34174108505249,6.423851490020752,6.306650638580322,5.676322937011719,6.568913459777832,9.23605728149414,6.840862274169922,7.879679203033447,6.958123683929443,10.185203552246094,,,,,,,,,,,9.139443397521973,7.529916763305664,7.376094341278076,7.514404773712158,8.135992050170898,11.03982925415039,9.539141654968262,10.394670486450195,7.862391948699951,12.862552642822266,,,,,,,,,,,,,,,,,,,,,,,,,,,,,,,,,,,,,,,,
5,1099,,,,,,,,,,,,,,,,,,,,,,,,,,,,,,,,,,,,,,,,,0.4260023534297943,0.6303473711013794,0.16755877435207367,0.3430677354335785,0.31428414583206177,0.39309626817703247,0.4122706949710846,0.3100987672805786,0.6150993704795837,0.6481978893280029,6.855902671813965,6.045697212219238,4.508968830108643,7.056317329406738,6.480259895324707,7.854617118835449,7.5441107749938965,4.405610084533691,7.75043249130249,10.057114601135254,,,,,,,,,,,8.8170747756958,8.78925895690918,5.897871017456055,8.142257690429688,8.021596908569336,10.160738945007324,10.506596565246582,6.567631244659424,9.003180503845215,12.264533996582031,,,,,,,,,,,,,,,,,,,,,,,,,,,,,,,,,,,,,,,,
5,1104,,,,,,,,,,,,,,,,,,,,,,,,,,,,,,,,,,,,,,,,,0.2647835612297058,0.233674094080925,0.08019157499074936,0.2291567623615265,0.13689418137073517,0.14591874182224274,0.14608275890350342,0.7694095969200134,0.3036171495914459,0.33810731768608093,5.277931213378906,4.592099189758301,3.1034958362579346,5.585354328155518,4.932581424713135,4.866199016571045,5.300098896026611,6.949241638183594,4.957411766052246,7.2148966789245605,,,,,,,,,,,6.594812870025635,5.3514018058776855,4.0801496505737305,6.654588222503662,5.294100284576416,6.19058084487915,6.254178524017334,10.34516716003418,6.325377464294434,8.857771873474121,,,,,,,,,,,,,,,,,,,,,,,,,,,,,,,,,,,,,,,,
5,1109,,,,,,,,,,,,,,,,,,,,,,,,,,,,,,,,,,,,,,,,,0.5053699016571045,0.5784190893173218,0.45421844720840454,0.4128681719303131,0.30376458168029785,0.8610023856163025,0.6602927446365356,0.35234910249710083,0.5477638840675354,0.377650648355484,7.17604923248291,5.503899574279785,6.84646463394165,6.514939308166504,6.171242713928223,11.465375900268555,8.821474075317383,5.518771171569824,6.756718158721924,6.985558986663818,,,,,,,,,,,9.793432235717773,8.41944694519043,9.710555076599121,8.932244300842285,7.8862080574035645,15.037583351135254,13.296551704406738,7.000761985778809,8.496108055114746,9.361433029174805,,,,,,,,,,,,,,,,,,,,,,,,,,,,,,,,,,,,,,,,
5,1114,,,,,,,,,,,,,,,,,,,,,,,,,,,,,,,,,,,,,,,,,0.5381218791007996,0.2778376340866089,1.5364670753479004,0.685038685798645,0.3645726442337036,0.3729291558265686,0.30639469623565674,0.3042064905166626,0.4721762239933014,0.5234742760658264,7.839224815368652,4.5001959800720215,15.831825256347656,7.688649654388428,7.495632648468018,7.297505855560303,7.203737735748291,4.980381965637207,6.995451927185059,8.559638023376465,,,,,,,,,,,9.801007270812988,5.8352274894714355,17.859664916992188,11.505683898925781,8.63956069946289,9.896668434143066,9.057562828063965,6.504934787750244,7.888153076171875,11.021605491638184,,,,,,,,,,,,,,,,,,,,,,,,,,,,,,,,,,,,,,,,
5,1119,,,,,,,,,,,,,,,,,,,,,,,,,,,,,,,,,,,,,,,,,0.693066418170929,0.7290362119674683,0.6083042025566101,0.686694860458374,0.7163262367248535,0.43378692865371704,0.2808249890804291,1.055185317993164,1.0774005651474,0.650038480758667,8.345480918884277,6.58037805557251,8.119070053100586,9.219565391540527,10.43515682220459,8.743106842041016,5.834047317504883,9.333388328552246,9.556890487670898,7.287728309631348,,,,,,,,,,,11.108579635620117,9.452285766601562,11.237561225891113,11.519584655761719,12.11030387878418,10.673677444458008,8.671388626098633,12.114991188049316,11.915488243103027,12.281932830810547,,,,,,,,,,,,,,,,,,,,,,,,,,,,,,,,,,,,,,,,
5,1124,,,,,,,,,,,,,,,,,,,,,,,,,,,,,,,,,,,,,,,,,0.4767925441265106,0.47702738642692566,0.2760055661201477,0.25186651945114136,0.4928360879421234,0.6749073266983032,0.6954761147499084,0.4712783396244049,0.20123191177845,0.7505034804344177,7.21380090713501,5.287962436676025,4.549201965332031,5.417964935302734,7.623469829559326,8.79336929321289,11.691004753112793,6.3729729652404785,4.398636817932129,10.789626121520996,,,,,,,,,,,9.515559196472168,7.645993232727051,7.569559574127197,6.976540565490723,10.045022010803223,13.313673973083496,13.646204948425293,8.096503257751465,5.1495795249938965,13.19694995880127,,,,,,,,,,,,,,,,,,,,,,,,,,,,,,,,,,,,,,,,
5,1129,,,,,,,,,,,,,,,,,,,,,,,,,,,,,,,,,,,,,,,,,0.4037238657474518,0.556006669998169,0.30568012595176697,0.24100619554519653,0.1933162659406662,0.8623700141906738,0.2931196689605713,0.3595721423625946,0.4330795109272003,0.38936418294906616,7.054858207702637,6.855245590209961,7.171542644500732,5.913321495056152,5.029734134674072,11.02919864654541,7.503139972686768,5.630455017089844,6.053708553314209,8.307378768920898,,,,,,,,,,,8.597485542297363,8.254718780517578,7.966090679168701,6.8244709968566895,6.291204929351807,15.049521446228027,8.859174728393555,7.072154521942139,7.554523468017578,9.505505561828613,,,,,,,,,,,,,,,,,,,,,,,,,,,,,,,,,,,,,,,,
5,1134,,,,,,,,,,,,,,,,,,,,,,,,,,,,,,,,,,,,,,,,,0.3020312190055847,0.27680355310440063,0.28803348541259766,0.18613195419311523,0.38230928778648376,0.7034687995910645,0.21824592351913452,0.05448005720973015,0.27105361223220825,0.3377542793750763,5.645661354064941,4.95761775970459,5.507724761962891,4.671506881713867,7.055959224700928,9.004293441772461,5.704167366027832,2.0389556884765625,4.213616847991943,7.657111167907715,,,,,,,,,,,7.469016075134277,5.824358940124512,7.7327351570129395,5.997432708740234,8.847224235534668,13.59246826171875,7.644408226013184,2.7528178691864014,5.976554870605469,8.853145599365234,,,,,,,,,,,,,,,,,,,,,,,,,,,,,,,,,,,,,,,,
5,1139,,,,,,,,,,,,,,,,,,,,,,,,,,,,,,,,,,,,,,,,,0.27988091111183167,0.29008594155311584,0.24680039286613464,0.4459068775177002,0.3746575713157654,0.31702038645744324,0.34638869762420654,0.0679781585931778,0.19396620988845825,0.23612383008003235,6.341822147369385,4.652026653289795,6.723867893218994,8.580994606018066,7.486367702484131,8.11702823638916,7.6178717613220215,2.585367202758789,4.8267927169799805,6.486083507537842,,,,,,,,,,,7.272188186645508,5.962461948394775,7.157882213592529,9.282756805419922,8.758240699768066,9.12471866607666,9.630584716796875,3.0749878883361816,5.055758476257324,7.402307033538818,,,,,,,,,,,,,,,,,,,,,,,,,,,,,,,,,,,,,,,,
5,1144,,,,,,,,,,,,,,,,,,,,,,,,,,,,,,,,,,,,,,,,,0.333840936422348,0.274668425321579,0.14605163037776947,0.2448512762784958,0.47043126821517944,1.0118486881256104,0.3853433132171631,0.03835734724998474,0.041533585637807846,0.3914828300476074,6.168237686157227,4.707348346710205,4.267730236053467,6.269702911376953,7.757063865661621,13.079371452331543,8.15893268585205,1.90194571018219,2.2042951583862305,7.167749881744385,,,,,,,,,,,7.626781940460205,5.801851749420166,5.506363391876221,6.878695011138916,9.814038276672363,16.301727294921875,10.157684326171875,2.3098456859588623,2.3394997119903564,9.531332015991211,,,,,,,,,,,,,,,,,,,,,,,,,,,,,,,,,,,,,,,,
5,1149,,,,,,,,,,,,,,,,,,,,,,,,,,,,,,,,,,,,,,,,,0.2599046528339386,0.3580484390258789,0.19956497848033905,0.29436632990837097,0.36075088381767273,0.17465941607952118,0.19585002958774567,0.057856086641550064,0.2592262029647827,0.43881943821907043,5.334618091583252,5.833656311035156,5.012017726898193,5.381214141845703,6.837985515594482,5.395185470581055,5.36923885345459,2.1914000511169434,4.1386332511901855,7.852232933044434,,,,,,,,,,,6.887136936187744,6.6241960525512695,6.436560153961182,7.542215347290039,8.594159126281738,6.772855758666992,7.241567611694336,2.836829423904419,5.844707489013672,10.091137886047363,,,,,,,,,,,,,,,,,,,,,,,,,,,,,,,,,,,,,,,,
5,1154,,,,,,,,,,,,,,,,,,,,,,,,,,,,,,,,,,,,,,,,,1.2103327512741089,0.6605790853500366,1.1196222305297852,1.5028676986694336,1.2610573768615723,1.2108062505722046,1.0727486610412598,1.4555811882019043,1.6485965251922607,0.9611355066299438,10.864959716796875,6.225495338439941,11.713735580444336,10.246986389160156,12.248767852783203,13.506476402282715,9.834122657775879,10.878509521484375,12.613899230957031,10.516644477844238,,,,,,,,,,,15.115200996398926,8.99755859375,15.245701789855957,17.041791915893555,16.068195343017578,17.832538604736328,16.94805145263672,14.229084014892578,14.739422798156738,14.934460639953613,,,,,,,,,,,,,,,,,,,,,,,,,,,,,,,,,,,,,,,,
5,1159,,,,,,,,,,,,,,,,,,,,,,,,,,,,,,,,,,,,,,,,,0.57928067445755,0.3934880197048187,0.3708331286907196,0.8053392171859741,0.30967843532562256,0.4493524134159088,0.5956311821937561,0.5522741675376892,1.2425572872161865,0.4943716526031494,8.218695640563965,6.131572246551514,6.909539222717285,10.121399879455566,6.3233137130737305,8.491253852844238,8.908349990844727,7.646933078765869,11.350367546081543,8.085531234741211,,,,,,,,,,,10.213336944580078,6.944293022155762,8.774066925048828,12.475107192993164,7.962603569030762,10.863490104675293,12.628725051879883,8.764680862426758,12.79621410369873,10.710851669311523,,,,,,,,,,,,,,,,,,,,,,,,,,,,,,,,,,,,,,,,
5,1163,,,,,,,,,,,,,,,,,,,,,,,,,,,,,,,,,,,,,,,,,,,,,,,,,,,6.842062473297119,5.759904384613037,6.81085729598999,6.480655670166016,7.024387359619141,8.447348594665527,7.404979705810547,6.067625522613525,5.9981689453125,7.584636211395264,0.5433769822120667,0.5179104804992676,0.6013662815093994,0.6232918500900269,0.5562566518783569,0.4608915448188782,0.5436900854110718,0.5447248220443726,0.5237072706222534,0.5185537338256836,9.000692367553711,7.488974094390869,8.958216667175293,8.498170852661133,9.346758842468262,11.205290794372559,9.960771560668945,7.8619184494018555,7.825294017791748,9.860838890075684,0.49718549847602844,0.5156360864639282,0.6100167632102966,0.3533918559551239,0.5402376055717468,0.5842653512954712,0.4757120609283447,0.42797765135765076,0.4835131764411926,0.4839186370372772,7.255721092224121,5.384562969207764,7.933816909790039,6.129302024841309,8.161653518676758,9.403055191040039,8.492410659790039,5.646419525146484,6.230723857879639,7.919547080993652,0.4634333848953247,0.47691017389297485,0.49934107065200806,0.6129553914070129,0.35617631673812866,0.4712769389152527,0.5196292400360107,0.3676835894584656,0.3413480520248413,0.5255793333053589,9.83765697479248,8.002992630004883,10.848163604736328,9.242386817932129,10.856220245361328,12.501710891723633,11.080083847045898,7.413398265838623,8.252849578857422,10.34109878540039
6,1164,,,,,,,,,,,,,,,,,,,,,,,,,,,,,,,,,,,,,,,,,0.5730562210083008,0.726159393787384,0.09614495933055878,0.7535001635551453,0.4637153744697571,0.7638201713562012,0.29150381684303284,0.9084212779998779,0.882382869720459,0.2718580365180969,7.900239944458008,7.666313171386719,3.605339765548706,9.614327430725098,7.912264823913574,9.940587043762207,7.754897117614746,8.111602783203125,9.513092041015625,6.983738899230957,,,,,,,,,,,9.853008270263672,9.43361759185791,4.467606544494629,12.066924095153809,9.743732452392578,14.163528442382812,8.834722518920898,11.240933418273926,10.783303260803223,7.942701816558838,,,,,,,,,,,,,,,,,,,,,,,,,,,,,,,,,,,,,,,,
6,1169,,,,,,,,,,,,,,,,,,,,,,,,,,,,,,,,,,,,,,,,,0.38424381613731384,0.33168402314186096,0.23197795450687408,0.351306289434433,0.2536527216434479,0.5958067774772644,0.2854403853416443,0.22965610027313232,0.7803146243095398,0.3983554244041443,6.993471145629883,5.009065628051758,5.9159440994262695,6.782166481018066,5.800080299377441,9.98363971710205,6.995932579040527,4.890542984008789,8.946133613586426,8.617731094360352,,,,,,,,,,,8.379965782165527,6.3756513595581055,6.939609050750732,8.2394437789917,7.206417560577393,12.509172439575195,8.74235725402832,5.651942729949951,10.140471458435059,9.614629745483398,,,,,,,,,,,,,,,,,,,,,,,,,,,,,,,,,,,,,,,,
6,1174,,,,,,,,,,,,,,,,,,,,,,,,,,,,,,,,,,,,,,,,,0.341342568397522,0.3541328012943268,0.1929735690355301,0.1416400521993637,0.32908332347869873,0.792192280292511,0.5540929436683655,0.13155525922775269,0.07517096400260925,0.5012416839599609,6.207945823669434,5.607647895812988,5.521412372589111,3.9511210918426514,5.8417463302612305,11.360001564025879,8.278360366821289,3.8897664546966553,2.6753978729248047,8.74605941772461,,,,,,,,,,,7.90800142288208,6.587874889373779,6.329370975494385,5.231761455535889,8.208288192749023,14.42418098449707,12.18041706085205,4.277724742889404,3.147373676300049,10.785015106201172,,,,,,,,,,,,,,,,,,,,,,,,,,,,,,,,,,,,,,,,
6,1179,,,,,,,,,,,,,,,,,,,,,,,,,,,,,,,,,,,,,,,,,0.5276445746421814,0.5444251298904419,0.6431723237037659,0.8448235392570496,0.2830716669559479,0.37356314063072205,0.628402590751648,0.5247597694396973,0.39673522114753723,0.50984787940979,7.621822834014893,6.489682674407959,8.308788299560547,9.089827537536621,5.963223934173584,6.83984899520874,9.53099250793457,7.2606072425842285,6.069769859313965,9.043659210205078,,,,,,,,,,,9.960165023803711,8.168293952941895,11.555143356323242,12.777263641357422,7.612859725952148,9.90507698059082,12.971487998962402,8.543561935424805,7.230588912963867,10.87721061706543,,,,,,,,,,,,,,,,,,,,,,,,,,,,,,,,,,,,,,,,
6,1184,,,,,,,,,,,,,,,,,,,,,,,,,,,,,,,,,,,,,,,,,0.794765293598175,0.3861410319805145,0.19632120430469513,0.7166433930397034,0.5758825540542603,0.5251157283782959,0.898198664188385,0.9364176392555237,2.38733172416687,0.5308355689048767,9.315146446228027,5.682484149932861,5.270940780639648,10.032341957092285,9.279084205627441,9.705492973327637,11.865692138671875,10.082223892211914,13.591641426086426,8.326415061950684,,,,,,,,,,,11.487784385681152,6.879158020019531,6.384035110473633,11.768102645874023,10.858419418334961,11.743658065795898,15.50804328918457,11.412834167480469,17.736980438232422,11.09882926940918,,,,,,,,,,,,,,,,,,,,,,,,,,,,,,,,,,,,,,,,
6,1189,,,,,,,,,,,,,,,,,,,,,,,,,,,,,,,,,,,,,,,,,0.5691426396369934,0.6413955688476562,0.6862732768058777,0.6858200430870056,0.4157226085662842,0.8986344337463379,0.3540545403957367,0.5657585263252258,0.6413607001304626,0.23326420783996582,7.734487056732178,7.459742069244385,7.912031650543213,7.467547416687012,8.058334350585938,12.21500301361084,7.633152961730957,6.0889105796813965,7.319068908691406,5.456596374511719,,,,,,,,,,,10.228998184204102,8.865949630737305,11.93603801727295,11.512243270874023,9.225746154785156,15.362693786621094,9.736567497253418,8.871033668518066,9.193364143371582,7.357347011566162,,,,,,,,,,,,,,,,,,,,,,,,,,,,,,,,,,,,,,,,
6,1194,,,,,,,,,,,,,,,,,,,,,,,,,,,,,,,,,,,,,,,,,0.3694577217102051,0.7276278734207153,0.09402257204055786,0.3734573721885681,0.3306152820587158,0.5679793357849121,0.21639426052570343,0.2894752025604248,0.3542289733886719,0.37131884694099426,6.333378314971924,7.825116157531738,2.956604480743408,6.192457675933838,7.021695613861084,9.234603881835938,5.7685394287109375,5.12021017074585,5.903493404388428,6.977682113647461,,,,,,,,,,,8.096624374389648,9.443150520324707,4.418020248413086,8.495234489440918,8.227371215820312,12.213556289672852,7.611910343170166,6.3454790115356445,6.832275390625,9.282623291015625,,,,,,,,,,,,,,,,,,,,,,,,,,,,,,,,,,,,,,,,
6,1199,,,,,,,,,,,,,,,,,,,,,,,,,,,,,,,,,,,,,,,,,0.24259540438652039,0.43727031350135803,0.14598841965198517,0.05289220064878464,0.17137466371059418,0.19128675758838654,0.2596014142036438,0.2148342728614807,0.3413393795490265,0.3687712252140045,5.30324125289917,6.467901229858398,5.142308235168457,2.934722423553467,4.318023681640625,5.139209270477295,6.075264930725098,4.3406267166137695,5.733210563659668,7.577907085418701,,,,,,,,,,,6.532816410064697,7.320441722869873,5.505172252655029,3.197059154510498,5.923425674438477,7.087912082672119,8.337279319763184,5.466514587402344,6.706817626953125,9.250722885131836,,,,,,,,,,,,,,,,,,,,,,,,,,,,,,,,,,,,,,,,
6,1204,,,,,,,,,,,,,,,,,,,,,,,,,,,,,,,,,,,,,,,,,0.6936778426170349,1.16676926612854,0.4904744625091553,0.42911195755004883,1.1904971599578857,0.8918147683143616,0.44109514355659485,0.6800273656845093,0.5100914835929871,0.44321903586387634,8.322114944458008,9.077279090881348,7.583396911621094,6.064246654510498,11.46654987335205,10.702028274536133,7.43079948425293,7.878841400146484,6.541085720062256,8.154801368713379,,,,,,,,,,,11.222783088684082,11.95789623260498,10.090666770935059,9.106263160705566,15.612190246582031,15.304290771484375,10.867681503295898,9.725724220275879,8.198742866516113,10.141597747802734,,,,,,,,,,,,,,,,,,,,,,,,,,,,,,,,,,,,,,,,
6,1209,,,,,,,,,,,,,,,,,,,,,,,,,,,,,,,,,,,,,,,,,0.3906296193599701,0.3278215229511261,0.32904645800590515,0.12322624027729034,0.3454059958457947,0.29059118032455444,0.1655699461698532,0.8530150055885315,0.7953939437866211,0.2855962812900543,6.447273254394531,5.657939910888672,6.813723087310791,2.6303060054779053,6.136109828948975,7.758327007293701,4.905913352966309,8.757898330688477,9.390217781066895,5.975022315979004,,,,,,,,,,,8.062068939208984,6.3384199142456055,8.2649507522583,4.879849910736084,8.409391403198242,8.736089706420898,6.6582722663879395,10.89273738861084,10.237983703613281,8.140920639038086,,,,,,,,,,,,,,,,,,,,,,,,,,,,,,,,,,,,,,,,
6,1214,,,,,,,,,,,,,,,,,,,,,,,,,,,,,,,,,,,,,,,,,0.38049057126045227,0.5646121501922607,0.5802306532859802,0.5604475140571594,0.189272940158844,0.7411181330680847,0.2637105882167816,0.08268507570028305,0.2913243770599365,0.15101385116577148,6.355216979980469,6.61996603012085,8.617159843444824,8.84109878540039,4.046037197113037,10.80060863494873,5.9912190437316895,2.873889207839966,4.7276835441589355,4.679291248321533,,,,,,,,,,,8.198569297790527,8.318353652954102,10.975189208984375,10.406923294067383,6.225065231323242,13.951457023620605,8.40300464630127,3.3913474082946777,6.196004390716553,5.919780731201172,,,,,,,,,,,,,,,,,,,,,,,,,,,,,,,,,,,,,,,,
6,1219,,,,,,,,,,,,,,,,,,,,,,,,,,,,,,,,,,,,,,,,,0.4025067687034607,0.5775212049484253,0.13489697873592377,0.13787278532981873,0.3897477388381958,0.7266621589660645,0.5081680417060852,0.29018521308898926,0.7596291899681091,0.09787759184837341,6.375671863555908,6.888340473175049,4.6476850509643555,3.8644368648529053,6.5204176902771,10.443684577941895,9.292366027832031,5.349423408508301,6.707839012145996,3.6668550968170166,,,,,,,,,,,8.267011642456055,8.412909507751465,5.2919135093688965,5.161716938018799,8.932879447937012,13.81472110748291,11.66472339630127,6.353255748748779,10.00516128540039,4.765832901000977,,,,,,,,,,,,,,,,,,,,,,,,,,,,,,,,,,,,,,,,
6,1224,,,,,,,,,,,,,,,,,,,,,,,,,,,,,,,,,,,,,,,,,0.3128127455711365,0.21701186895370483,0.2573932707309723,0.5725430846214294,0.3457231819629669,0.45718252658843994,0.25158587098121643,0.04889531061053276,0.13584332168102264,0.5291361808776855,6.283910274505615,4.486630439758301,5.733351230621338,9.251447677612305,6.342409610748291,9.505112648010254,6.145096302032471,2.089458465576172,4.039037227630615,8.962647438049316,,,,,,,,,,,7.6093430519104,5.1570820808410645,7.309880256652832,10.518625259399414,8.413250923156738,10.957731246948242,8.20755672454834,2.607908248901367,4.23099422454834,11.081049919128418,,,,,,,,,,,,,,,,,,,,,,,,,,,,,,,,,,,,,,,,
6,1229,,,,,,,,,,,,,,,,,,,,,,,,,,,,,,,,,,,,,,,,,0.5560530424118042,0.3442281484603882,0.5355724096298218,0.12800443172454834,0.6499572992324829,1.469033122062683,0.6096577644348145,0.37699398398399353,0.44297894835472107,0.448051393032074,8.332058906555176,5.345224380493164,9.275911331176758,4.635766983032227,9.355825424194336,13.682927131652832,10.993486404418945,6.926741600036621,6.569518566131592,8.203125953674316,,,,,,,,,,,10.116230964660645,6.495094299316406,10.54437255859375,4.973560333251953,11.535649299621582,19.642271041870117,12.776556968688965,7.241456508636475,7.640377521514893,10.196734428405762,,,,,,,,,,,,,,,,,,,,,,,,,,,,,,,,,,,,,,,,
6,1234,,,,,,,,,,,,,,,,,,,,,,,,,,,,,,,,,,,,,,,,,0.5688430070877075,0.3199027478694916,0.9369447231292725,0.5769022107124329,0.8623784780502319,0.25879621505737305,0.2422872930765152,0.7657541036605835,0.5597162842750549,0.5969054698944092,7.938554763793945,5.1766462326049805,11.665509223937988,7.735449314117432,8.013463973999023,6.642940521240234,6.428089618682861,9.962839126586914,8.199529647827148,7.622524261474609,,,,,,,,,,,10.11457633972168,6.261397838592529,13.946610450744629,10.55859088897705,13.287663459777832,8.244319915771484,8.05445384979248,10.320563316345215,8.588301658630371,11.769282341003418,,,,,,,,,,,,,,,,,,,,,,,,,,,,,,,,,,,,,,,,
6,1239,,,,,,,,,,,,,,,,,,,,,,,,,,,,,,,,,,,,,,,,,0.3932861387729645,0.7366662621498108,0.16197840869426727,0.3205505609512329,0.22086118161678314,0.505002498626709,0.19750235974788666,0.7066437602043152,0.5369927287101746,0.15337739884853363,6.467160224914551,8.284425735473633,4.55905818939209,5.951249122619629,5.874508380889893,8.365646362304688,5.600678443908691,8.796295166015625,6.1614580154418945,4.61112117767334,,,,,,,,,,,8.108487129211426,9.501620292663574,5.798827648162842,7.870514869689941,6.724490165710449,11.516556739807129,7.2720513343811035,9.914230346679688,8.41215991973877,5.965926170349121,,,,,,,,,,,,,,,,,,,,,,,,,,,,,,,,,,,,,,,,
6,1244,,,,,,,,,,,,,,,,,,,,,,,,,,,,,,,,,,,,,,,,,0.31973257660865784,0.30929726362228394,0.409053236246109,0.2788721024990082,0.3328048288822174,0.16115392744541168,0.26133012771606445,0.3082229793071747,0.5507529377937317,0.26610592007637024,6.15204381942749,5.154082298278809,8.249181747436523,5.880897045135498,6.369075775146484,5.551145553588867,6.466526031494141,4.3394341468811035,7.020203590393066,6.337846279144287,,,,,,,,,,,7.640379428863525,6.156732559204102,9.215132713317871,7.341037273406982,8.254570007324219,6.505733966827393,8.364992141723633,6.5477375984191895,8.519256591796875,7.858225345611572,,,,,,,,,,,,,,,,,,,,,,,,,,,,,,,,,,,,,,,,
6,1249,,,,,,,,,,,,,,,,,,,,,,,,,,,,,,,,,,,,,,,,,0.23571735620498657,0.30015426874160767,0.11963789910078049,0.19643008708953857,0.19415751099586487,0.3653425872325897,0.25317198038101196,0.1734125167131424,0.22230780124664307,0.29684147238731384,5.339118003845215,4.800565719604492,4.3739471435546875,4.74596643447876,5.0253520011901855,7.805761814117432,6.417076587677002,3.785224437713623,4.4330902099609375,6.66507625579834,,,,,,,,,,,6.68522834777832,6.065052032470703,4.983632564544678,6.16110897064209,6.304879188537598,9.795486450195312,8.23338794708252,4.911327838897705,5.412533760070801,8.299644470214844,,,,,,,,,,,,,,,,,,,,,,,,,,,,,,,,,,,,,,,,
6,1254,,,,,,,,,,,,,,,,,,,,,,,,,,,,,,,,,,,,,,,,,0.5535138249397278,0.8950839042663574,0.19014284014701843,0.31994467973709106,0.5829671621322632,1.127671480178833,0.38073140382766724,0.3536451756954193,0.37289959192276,0.7585386037826538,7.907271385192871,7.829336643218994,4.873786449432373,6.771066665649414,9.158994674682617,12.551973342895508,6.95631217956543,5.704593658447266,6.144876480102539,11.174503326416016,,,,,,,,,,,10.01573657989502,10.473555564880371,6.282776832580566,7.863073348999023,10.925006866455078,17.209457397460938,10.096715927124023,7.013625144958496,7.0100202560424805,13.267407417297363,,,,,,,,,,,,,,,,,,,,,,,,,,,,,,,,,,,,,,,,
6,1259,,,,,,,,,,,,,,,,,,,,,,,,,,,,,,,,,,,,,,,,,0.4817109704017639,0.4202430844306946,0.3148300051689148,0.2121136486530304,0.7727351188659668,0.29026585817337036,0.3935403823852539,0.3649464249610901,1.3756951093673706,0.1910289078950882,6.709952354431152,5.9127197265625,6.913485527038574,4.454472541809082,7.943636894226074,6.833711624145508,8.440674781799316,4.943816184997559,9.5292387008667,5.41781759262085,,,,,,,,,,,8.942767143249512,7.176497936248779,8.084436416625977,6.402346611022949,12.578097343444824,8.73119831085205,10.265153884887695,7.124809741973877,13.46431827545166,6.658045291900635,,,,,,,,,,,,,,,,,,,,,,,,,,,,,,,,,,,,,,,,
6,1264,,,,,,,,,,,,,,,,,,,,,,,,,,,,,,,,,,,,,,,,,0.437791109085083,0.728455662727356,0.1714727133512497,0.18663404881954193,0.4538612365722656,0.7164151668548584,0.3114967942237854,0.4361465573310852,0.5187671184539795,0.41687068343162537,6.773685932159424,6.0625529289245605,4.7245049476623535,4.411914348602295,7.89493465423584,10.662179946899414,7.5842695236206055,5.305060863494873,6.97609281539917,7.341666221618652,,,,,,,,,,,8.866917610168457,9.44852066040039,5.966355323791504,6.005516529083252,9.6396484375,13.716970443725586,9.132665634155273,7.788878440856934,8.268171310424805,9.835533142089844,,,,,,,,,,,,,,,,,,,,,,,,,,,,,,,,,,,,,,,,
6,1269,,,,,,,,,,,,,,,,,,,,,,,,,,,,,,,,,,,,,,,,,0.22938378155231476,0.14071287214756012,0.06541751325130463,0.48771607875823975,0.07887830585241318,0.27300599217414856,0.15184837579727173,0.3505230247974396,0.3417934775352478,0.17455852031707764,4.809419631958008,3.6662654876708984,2.6322224140167236,5.993011474609375,2.6634156703948975,5.910837173461914,5.336019515991211,5.72205924987793,5.994509220123291,5.36643648147583,,,,,,,,,,,6.274128437042236,4.152687072753906,3.6851797103881836,9.7081937789917,4.0186333656311035,8.467632293701172,6.376404762268066,6.982597351074219,6.711276531219482,6.364550590515137,,,,,,,,,,,,,,,,,,,,,,,,,,,,,,,,,,,,,,,,
6,1274,,,,,,,,,,,,,,,,,,,,,,,,,,,,,,,,,,,,,,,,,0.41386500000953674,0.38198789954185486,0.5222814679145813,0.02054610103368759,0.5692979693412781,0.2932073771953583,0.3585928976535797,0.27836859226226807,1.0315285921096802,0.26897379755973816,6.500731468200684,4.4716410636901855,7.993638515472412,1.6103639602661133,7.8060832023620605,7.023634910583496,7.953757286071777,5.4310173988342285,10.147481918334961,6.068970203399658,,,,,,,,,,,8.26663589477539,6.842062950134277,10.412714958190918,1.9925975799560547,10.796163558959961,8.7753267288208,9.798771858215332,6.222556114196777,11.65907096862793,7.90045690536499,,,,,,,,,,,,,,,,,,,,,,,,,,,,,,,,,,,,,,,,
6,1279,,,,,,,,,,,,,,,,,,,,,,,,,,,,,,,,,,,,,,,,,0.3943076729774475,0.20781466364860535,0.22181755304336548,0.3342244625091553,0.2720640003681183,0.2380615919828415,0.14450712502002716,1.0702844858169556,0.8770909905433655,0.1829042136669159,6.628702640533447,3.8881945610046387,5.6858320236206055,7.1813836097717285,6.015802383422852,6.382138252258301,5.420487403869629,10.980013847351074,8.516819953918457,5.587646484375,,,,,,,,,,,7.880808353424072,5.046617031097412,6.785933971405029,8.036630630493164,7.463374137878418,7.90716028213501,6.220358848571777,12.201362609863281,10.750919342041016,6.514919281005859,,,,,,,,,,,,,,,,,,,,,,,,,,,,,,,,,,,,,,,,
6,1284,,,,,,,,,,,,,,,,,,,,,,,,,,,,,,,,,,,,,,,,,0.2215750515460968,0.4441601037979126,0.08708901703357697,0.22353659570217133,0.151773601770401,0.2420409917831421,0.03852500393986702,0.2610604763031006,0.46296244859695435,0.08302731812000275,4.664601802825928,5.813984394073486,3.946035385131836,5.553764343261719,4.164576053619385,6.307622909545898,2.514798402786255,4.329938888549805,5.661114692687988,3.689579486846924,,,,,,,,,,,5.90974760055542,7.377887725830078,4.25200080871582,6.572478771209717,5.574395656585693,7.972973346710205,3.2117528915405273,6.026002407073975,7.810812473297119,4.389425754547119,,,,,,,,,,,,,,,,,,,,,,,,,,,,,,,,,,,,,,,,
6,1289,,,,,,,,,,,,,,,,,,,,,,,,,,,,,,,,,,,,,,,,,0.5417991280555725,0.17709416151046753,0.3238871097564697,0.8083724975585938,0.5237469673156738,0.3354734480381012,0.2574947774410248,0.7666035890579224,0.653235137462616,1.0302842855453491,7.87617826461792,3.876750946044922,7.761468410491943,10.206016540527344,7.773434638977051,6.860578536987305,6.670934677124023,8.878652572631836,6.781773090362549,12.075990676879883,,,,,,,,,,,9.829894065856934,4.658696174621582,8.199898719787598,12.498579978942871,10.355245590209961,9.386527061462402,8.30338191986084,10.326285362243652,9.27807903289795,15.462358474731445,,,,,,,,,,,,,,,,,,,,,,,,,,,,,,,,,,,,,,,,
6,1294,,,,,,,,,,,,,,,,,,,,,,,,,,,,,,,,,,,,,,,,,0.30877724289894104,0.4643845856189728,0.1244024857878685,0.22389546036720276,0.25481605529785156,0.20746594667434692,0.5350042581558228,0.12126588821411133,0.3527088761329651,0.4950515627861023,5.903786659240723,5.77278995513916,4.203223705291748,5.600861549377441,6.538876056671143,6.206634521484375,8.565558433532715,2.9777302742004395,4.513587951660156,8.754816055297852,,,,,,,,,,,7.49108362197876,7.5439910888671875,5.0819010734558105,6.577752113342285,7.222923755645752,7.3815789222717285,11.968766212463379,4.107031345367432,6.817599296569824,10.71821403503418,,,,,,,,,,,,,,,,,,,,,,,,,,,,,,,,,,,,,,,,
6,1299,,,,,,,,,,,,,,,,,,,,,,,,,,,,,,,,,,,,,,,,,0.5434117913246155,0.5694231986999512,0.6870986819267273,0.6402649283409119,0.30781418085098267,0.6961205005645752,0.43551599979400635,0.8611011505126953,0.33696475625038147,0.35640227794647217,7.768093585968018,7.326701641082764,9.294454574584961,6.894999027252197,6.933841228485107,10.453011512756348,8.09356689453125,8.492443084716797,5.183947563171387,7.239874839782715,,,,,,,,,,,10.042343139648438,8.353718757629395,11.943212509155273,11.123327255249023,7.938600540161133,13.521288871765137,10.798734664916992,10.944245338439941,6.663702011108398,9.094261169433594,,,,,,,,,,,,,,,,,,,,,,,,,,,,,,,,,,,,,,,,
6,1304,,,,,,,,,,,,,,,,,,,,,,,,,,,,,,,,,,,,,,,,,0.4274412989616394,0.20664551854133606,0.41137123107910156,0.2780230939388275,0.36095210909843445,0.3265594244003296,0.7184772491455078,0.7597882747650146,0.4639729857444763,0.32118168473243713,6.847002029418945,4.011693477630615,7.303308963775635,5.047518253326416,7.333846569061279,7.58667516708374,9.611419677734375,8.183401107788086,6.460783958435059,6.084371089935303,,,,,,,,,,,8.895984649658203,5.032400608062744,9.241205215454102,7.329854488372803,8.59655475616455,9.260980606079102,13.870026588439941,10.280282020568848,7.819332122802734,8.63321590423584,,,,,,,,,,,,,,,,,,,,,,,,,,,,,,,,,,,,,,,,
6,1309,,,,,,,,,,,,,,,,,,,,,,,,,,,,,,,,,,,,,,,,,0.42642682790756226,0.4814615845680237,0.24668484926223755,0.5358023643493652,0.13816075026988983,0.3096054196357727,0.244506374001503,0.9851629137992859,0.4700370728969574,0.42642030119895935,6.519638538360596,5.1466498374938965,4.691117763519287,7.541408538818359,4.1414008140563965,6.720468997955322,6.443047046661377,8.924187660217285,6.830193996429443,8.238273620605469,,,,,,,,,,,8.551587104797363,7.681447982788086,7.1562066078186035,10.17553424835205,5.318534851074219,9.017374992370605,8.091255187988281,11.706113815307617,7.870265007019043,9.947550773620605,,,,,,,,,,,,,,,,,,,,,,,,,,,,,,,,,,,,,,,,
6,1314,,,,,,,,,,,,,,,,,,,,,,,,,,,,,,,,,,,,,,,,,0.2306099534034729,0.20801785588264465,0.1395386904478073,0.15861862897872925,0.08415980637073517,0.2869025468826294,0.26451367139816284,0.4204360246658325,0.1848713755607605,0.328431099653244,5.32205057144165,4.155324935913086,4.239330768585205,4.935052394866943,2.932391881942749,7.0309906005859375,6.623201370239258,6.809871673583984,4.105130195617676,7.067155838012695,,,,,,,,,,,6.503133296966553,5.049083709716797,5.3821892738342285,5.536457061767578,4.1509928703308105,8.680466651916504,8.415788650512695,7.64730978012085,4.9358062744140625,8.7301025390625,,,,,,,,,,,,,,,,,,,,,,,,,,,,,,,,,,,,,,,,
6,1319,,,,,,,,,,,,,,,,,,,,,,,,,,,,,,,,,,,,,,,,,0.4829369783401489,0.7364351749420166,0.6471531987190247,0.6011449694633484,0.3525259494781494,0.6023379564285278,0.31079167127609253,0.6040032505989075,0.3392012119293213,0.15283958613872528,7.799691200256348,7.265988349914551,9.84663200378418,9.19883918762207,7.360044956207275,9.807656288146973,7.064218997955322,8.700873374938965,5.985438823699951,4.967530727386475,,,,,,,,,,,9.319092750549316,9.500129699707031,11.590847969055176,10.778158187866211,8.495622634887695,12.577548027038574,9.122323989868164,9.16596794128418,6.685778617858887,5.9554572105407715,,,,,,,,,,,,,,,,,,,,,,,,,,,,,,,,,,,,,,,,
6,1324,,,,,,,,,,,,,,,,,,,,,,,,,,,,,,,,,,,,,,,,,0.3908582329750061,0.3965381979942322,0.22414082288742065,0.26062411069869995,0.3461392819881439,0.6735048294067383,0.6601314544677734,0.07469125837087631,0.0496458075940609,0.8323084712028503,6.224384784698486,4.910861015319824,6.020959377288818,5.82692813873291,6.276449680328369,8.414340019226074,9.917020797729492,2.6880178451538086,1.8929895162582397,10.071895599365234,,,,,,,,,,,8.397891998291016,6.971156120300293,6.821378707885742,7.0967936515808105,8.418313026428223,13.299833297729492,13.294928550720215,3.2232470512390137,2.557788133621216,13.897584915161133,,,,,,,,,,,,,,,,,,,,,,,,,,,,,,,,,,,,,,,,
6,1329,,,,,,,,,,,,,,,,,,,,,,,,,,,,,,,,,,,,,,,,,0.3605852723121643,0.4916231632232666,0.4326402544975281,0.24891388416290283,0.540558397769928,0.19827008247375488,0.2977324426174164,0.0748196691274643,0.4110657274723053,0.5496437549591064,6.554957866668701,5.61432409286499,7.389231204986572,5.956644535064697,8.464375495910645,5.59722900390625,7.471831321716309,2.6009743213653564,6.466866493225098,9.43314266204834,,,,,,,,,,,8.079927444458008,7.762085914611816,9.477091789245605,6.935525894165039,10.520126342773438,7.216131687164307,8.928609848022461,3.2260167598724365,7.360018253326416,11.293742179870605,,,,,,,,,,,,,,,,,,,,,,,,,,,,,,,,,,,,,,,,
6,1334,,,,,,,,,,,,,,,,,,,,,,,,,,,,,,,,,,,,,,,,,0.3530351519584656,0.24725264310836792,0.47104328870773315,0.2997890114784241,0.22359228134155273,0.43279510736465454,0.6169885396957397,0.14583483338356018,0.1328621208667755,0.6071585416793823,6.594043254852295,4.088667869567871,8.414276123046875,7.164420127868652,5.969117641448975,7.1174092292785645,9.373973846435547,3.864663600921631,3.6906776428222656,9.663183212280273,,,,,,,,,,,8.204835891723633,5.504688739776611,9.888765335083008,7.611368656158447,6.7659382820129395,10.661467552185059,12.853143692016602,4.50390625,4.184310436248779,11.86993408203125,,,,,,,,,,,,,,,,,,,,,,,,,,,,,,,,,,,,,,,,
6,1339,,,,,,,,,,,,,,,,,,,,,,,,,,,,,,,,,,,,,,,,,0.36154550313949585,0.19089603424072266,0.4116281569004059,0.7896535396575928,0.7161004543304443,0.17004041373729706,0.22443534433841705,0.4207756221294403,0.15532924234867096,0.17505091428756714,6.410805702209473,3.8281891345977783,7.228329658508301,10.667793273925781,8.713262557983398,5.461093425750732,6.157868385314941,6.333157062530518,4.097062110900879,5.210495948791504,,,,,,,,,,,7.947253704071045,4.83682918548584,9.24409008026123,12.353020668029785,12.108396530151367,6.682699680328369,7.752047538757324,7.650397777557373,4.524284362792969,6.373520851135254,,,,,,,,,,,,,,,,,,,,,,,,,,,,,,,,,,,,,,,,
6,1344,,,,,,,,,,,,,,,,,,,,,,,,,,,,,,,,,,,,,,,,,0.3379846215248108,0.44022220373153687,0.24258099496364594,0.36100608110427856,0.7160506248474121,0.2094716727733612,0.15133005380630493,0.3640606105327606,0.24816671013832092,0.30897271633148193,6.057798862457275,5.362038612365723,6.370319843292236,6.358989238739014,8.838095664978027,5.827859878540039,5.335406303405762,4.815677642822266,4.9696502685546875,6.642153739929199,,,,,,,,,,,7.776331424713135,7.345108985900879,7.096432209014893,8.3524169921875,12.1079740524292,7.417174816131592,6.365512847900391,7.1161580085754395,5.71867036819458,8.46753978729248,,,,,,,,,,,,,,,,,,,,,,,,,,,,,,,,,,,,,,,,
6,1349,,,,,,,,,,,,,,,,,,,,,,,,,,,,,,,,,,,,,,,,,0.3019210398197174,0.12859931588172913,0.09892498701810837,0.12647214531898499,0.2480964958667755,0.253130167722702,0.4418447017669678,0.11529158055782318,0.5676171779632568,0.7373128533363342,6.078974723815918,3.298553943634033,3.9294261932373047,4.860279083251953,5.8843512535095215,6.7480034828186035,8.996270179748535,3.7204456329345703,6.848801136016846,10.424641609191895,,,,,,,,,,,7.259626865386963,3.969918727874756,4.531736373901367,4.943702220916748,7.127052307128906,8.153570175170898,10.876913070678711,4.004584789276123,8.648704528808594,13.080463409423828,,,,,,,,,,,,,,,,,,,,,,,,,,,,,,,,,,,,,,,,
6,1354,,,,,,,,,,,,,,,,,,,,,,,,,,,,,,,,,,,,,,,,,0.4875529110431671,0.2852613627910614,0.8615279197692871,0.440090149641037,0.09729934483766556,0.27727752923965454,0.6705902218818665,0.4166553020477295,0.9844059348106384,0.354868620634079,7.737771034240723,4.516576290130615,12.42251205444336,8.262153625488281,3.9339065551757812,6.4184980392456055,10.82367992401123,6.252080917358398,11.064446449279785,5.946079730987549,,,,,,,,,,,9.220235824584961,5.9126715660095215,13.373538970947266,9.222012519836426,4.463284492492676,8.53361701965332,13.399832725524902,7.612847805023193,11.38965129852295,9.074673652648926,,,,,,,,,,,,,,,,,,,,,,,,,,,,,,,,,,,,,,,,
6,1357,,,,,,,,,,,,,,,,,,,,,,,,,,,,,,,,,,,,,,,,,,,,,,,,,,,6.766194820404053,5.546824932098389,6.624813079833984,6.43609094619751,7.0257062911987305,8.460165023803711,7.303532123565674,5.977823257446289,6.0760393142700195,7.444757461547852,0.5535009503364563,0.5482219457626343,0.6204713582992554,0.6278775930404663,0.5532143115997314,0.46637099981307983,0.5536396503448486,0.5560381412506104,0.5219588279724121,0.5337158441543579,8.902559280395508,7.249715805053711,8.740913391113281,8.44628620147705,9.378746032714844,11.148201942443848,9.851580619812012,7.763620853424072,7.839643478393555,9.704320907592773,0.5695137977600098,0.5654744505882263,0.7244240641593933,0.3870004713535309,0.6604938507080078,0.6517579555511475,0.5535709857940674,0.4414418339729309,0.5141451358795166,0.6273154616355896,7.780585289001465,5.902541637420654,8.9905424118042,5.956502437591553,9.11827564239502,9.571656227111816,9.03077507019043,5.76456356048584,6.573416709899902,9.116990089416504,0.37667909264564514,0.41413456201553345,0.36749905347824097,0.5873013734817505,0.19652307033538818,0.4053719639778137,0.4369243383407593,0.31086355447769165,0.27969300746917725,0.3918006420135498,10.62964916229248,8.469606399536133,12.193148612976074,9.54377269744873,12.127796173095703,13.258000373840332,11.996047019958496,7.73931884765625,8.630475044250488,11.708678245544434
7,1359,,,,,,,,,,,,,,,,,,,,,,,,,,,,,,,,,,,,,,,,,0.2681888937950134,0.28405189514160156,0.2361532747745514,0.20464056730270386,0.22241105139255524,0.24570056796073914,0.3658767640590668,0.29206955432891846,0.21806061267852783,0.3447359800338745,5.998405456542969,5.1750569343566895,6.381802558898926,4.852856159210205,5.8672943115234375,6.443112373352051,8.374048233032227,5.6956329345703125,4.534768104553223,6.661077976226807,,,,,,,,,,,7.17199182510376,5.900123596191406,7.0017828941345215,6.288553237915039,6.748042583465576,8.033021926879883,9.897789001464844,6.373850345611572,5.360580921173096,8.944180488586426,,,,,,,,,,,,,,,,,,,,,,,,,,,,,,,,,,,,,,,,
7,1364,,,,,,,,,,,,,,,,,,,,,,,,,,,,,,,,,,,,,,,,,0.3657923936843872,0.2996738851070404,0.15892644226551056,0.6667201519012451,0.4626511037349701,0.16591329872608185,0.557664155960083,0.27892518043518066,0.13090261816978455,0.5707546472549438,6.124141216278076,5.389132022857666,4.174141883850098,7.543613910675049,8.232926368713379,5.626739978790283,7.171854019165039,4.470672130584717,3.338038921356201,9.17015266418457,,,,,,,,,,,8.177655220031738,6.060196399688721,5.743937969207764,11.350805282592773,9.732545852661133,6.601101875305176,12.219606399536133,6.228773593902588,4.153339862823486,11.508584976196289,,,,,,,,,,,,,,,,,,,,,,,,,,,,,,,,,,,,,,,,
7,1369,,,,,,,,,,,,,,,,,,,,,,,,,,,,,,,,,,,,,,,,,0.24760614335536957,0.2797064781188965,0.31296026706695557,0.1271699070930481,0.26613256335258484,0.3564184010028839,0.13040943443775177,0.24067701399326324,0.2999146580696106,0.21506664156913757,5.6230950355529785,4.419947624206543,6.959759712219238,4.442580699920654,5.942624568939209,7.999578952789307,4.771334648132324,5.397574424743652,5.193140506744385,5.481313228607178,,,,,,,,,,,6.775062084197998,5.8548197746276855,8.060393333435059,4.9573211669921875,7.381568908691406,9.67510986328125,5.909153938293457,5.785967826843262,6.286690711975098,7.064537048339844,,,,,,,,,,,,,,,,,,,,,,,,,,,,,,,,,,,,,,,,
7,1374,,,,,,,,,,,,,,,,,,,,,,,,,,,,,,,,,,,,,,,,,0.4442315697669983,0.36863213777542114,0.29622238874435425,0.14080314338207245,0.39149439334869385,1.0559169054031372,0.2564321756362915,0.6384267807006836,0.34412601590156555,0.5060300827026367,7.078867435455322,5.924992084503174,6.9187421798706055,4.088167667388916,6.249500751495361,12.122809410095215,5.943872928619385,8.65410041809082,5.510514736175537,8.297104835510254,,,,,,,,,,,8.96285343170166,6.721386432647705,7.841887474060059,5.216282367706299,8.952873229980469,16.65293312072754,8.286231994628906,9.423543930053711,6.734138011932373,10.836408615112305,,,,,,,,,,,,,,,,,,,,,,,,,,,,,,,,,,,,,,,,
7,1379,,,,,,,,,,,,,,,,,,,,,,,,,,,,,,,,,,,,,,,,,0.4121917486190796,0.4003599286079407,0.39626869559288025,0.12271034717559814,0.5860530138015747,0.631099283695221,0.21870872378349304,0.3378661870956421,0.5782952904701233,0.438364177942276,6.773819923400879,5.341200828552246,6.424741268157959,4.075341701507568,7.576441287994385,10.859346389770508,5.6054534912109375,5.117520809173584,7.307553291320801,8.656781196594238,,,,,,,,,,,8.677327156066895,7.004668235778809,9.06998348236084,4.869624614715576,10.953883171081543,12.874330520629883,7.6525092124938965,6.855372905731201,8.72967529296875,10.085902214050293,,,,,,,,,,,,,,,,,,,,,,,,,,,,,,,,,,,,,,,,
7,1384,,,,,,,,,,,,,,,,,,,,,,,,,,,,,,,,,,,,,,,,,0.49420446157455444,0.20228241384029388,0.9296095967292786,0.46677613258361816,0.5443896055221558,0.444295197725296,0.4064216911792755,0.5421578884124756,0.5580869913101196,0.35382065176963806,6.8332061767578125,3.513597011566162,10.717126846313477,6.870112895965576,6.810781002044678,6.904370307922363,7.575844764709473,5.1478800773620605,5.7767157554626465,8.182425498962402,,,,,,,,,,,9.608980178833008,4.97899055480957,13.891910552978516,9.49749755859375,10.557340621948242,10.802186965942383,10.431797981262207,8.684035301208496,8.57579231262207,9.061264038085938,,,,,,,,,,,,,,,,,,,,,,,,,,,,,,,,,,,,,,,,
7,1389,,,,,,,,,,,,,,,,,,,,,,,,,,,,,,,,,,,,,,,,,0.7124078869819641,0.8128055334091187,0.49819889664649963,0.5248618721961975,0.8047274351119995,0.3290616571903229,0.27020585536956787,1.0481023788452148,1.7894920110702515,0.3342146873474121,8.0899658203125,6.851605415344238,9.259511947631836,7.4437456130981445,8.491544723510742,6.566840171813965,7.475241661071777,9.872076034545898,11.236529350280762,5.6126017570495605,,,,,,,,,,,10.788538932800293,9.980575561523438,10.169815063476562,10.071111679077148,12.835833549499512,9.296393394470215,8.505859375,12.074260711669922,15.356356620788574,8.806633949279785,,,,,,,,,,,,,,,,,,,,,,,,,,,,,,,,,,,,,,,,
7,1394,,,,,,,,,,,,,,,,,,,,,,,,,,,,,,,,,,,,,,,,,0.6412036418914795,0.6593587398529053,0.24576015770435333,0.8903544545173645,0.3150518238544464,0.5275602340698242,0.4228983223438263,1.0342357158660889,0.5982169508934021,1.077396273612976,8.921212196350098,8.094245910644531,6.0711164474487305,10.61013126373291,5.774158000946045,10.236063957214355,9.54096794128418,10.229730606079102,7.443329811096191,12.291168212890625,,,,,,,,,,,10.708600044250488,8.989243507385254,7.142781734466553,13.11705493927002,8.031387329101562,11.770960807800293,10.641155242919922,11.994121551513672,8.878767013549805,15.811931610107422,,,,,,,,,,,,,,,,,,,,,,,,,,,,,,,,,,,,,,,,
7,1399,,,,,,,,,,,,,,,,,,,,,,,,,,,,,,,,,,,,,,,,,0.43002673983573914,0.5021184682846069,0.5658408999443054,0.14790257811546326,0.5796449780464172,0.6007251739501953,0.5923160910606384,0.170235276222229,0.14893703162670135,0.5625200271606445,7.153330326080322,6.0923542976379395,8.491593360900879,4.505706310272217,7.404604911804199,11.199737548828125,8.305929183959961,4.209018230438232,3.9278037548065186,10.243226051330566,,,,,,,,,,,8.977620124816895,7.844501972198486,10.838240623474121,5.346170425415039,10.893832206726074,12.560698509216309,12.59353256225586,4.866127014160156,4.43021297454834,11.425264358520508,,,,,,,,,,,,,,,,,,,,,,,,,,,,,,,,,,,,,,,,
7,1404,,,,,,,,,,,,,,,,,,,,,,,,,,,,,,,,,,,,,,,,,0.36134764552116394,0.15243090689182281,0.14139702916145325,0.2852466106414795,0.6707314252853394,0.5189279317855835,0.3067043721675873,0.35771405696868896,0.3686389923095703,0.4503374993801117,6.802420616149902,3.2876358032226562,4.783881664276123,6.689866542816162,9.186097145080566,9.400885581970215,7.169286251068115,6.084270000457764,6.189090728759766,8.430768966674805,,,,,,,,,,,8.20732307434082,4.322139739990234,5.417910575866699,7.424464702606201,11.718552589416504,11.674260139465332,9.062140464782715,7.053858280181885,6.969857215881348,10.2227144241333,,,,,,,,,,,,,,,,,,,,,,,,,,,,,,,,,,,,,,,,
7,1409,,,,,,,,,,,,,,,,,,,,,,,,,,,,,,,,,,,,,,,,,0.6195927262306213,0.5785460472106934,0.16205133497714996,0.6265816688537598,0.8460659980773926,0.48908406496047974,0.27297353744506836,0.17251741886138916,1.7276066541671753,0.7009079456329346,7.531516075134277,5.908244609832764,5.5324482917785645,8.705160140991211,9.034163475036621,7.696871757507324,6.704994201660156,4.353748798370361,9.390457153320312,10.457562446594238,,,,,,,,,,,10.112133979797363,8.420371055603027,5.800133228302002,11.003827095031738,13.161389350891113,11.333592414855957,8.549310684204102,4.8986358642578125,15.088488578796387,12.753451347351074,,,,,,,,,,,,,,,,,,,,,,,,,,,,,,,,,,,,,,,,
7,1414,,,,,,,,,,,,,,,,,,,,,,,,,,,,,,,,,,,,,,,,,0.5430474281311035,0.514828622341156,0.36754560470581055,1.1669007539749146,0.38016337156295776,0.25962308049201965,0.2674036920070648,0.941156804561615,0.6564753651618958,0.3333297669887543,7.487436771392822,6.482010841369629,8.603580474853516,9.72791576385498,7.0124592781066895,6.496794700622559,7.295446872711182,7.839824676513672,6.6301140785217285,7.2987847328186035,,,,,,,,,,,9.641560554504395,7.943165302276611,8.735088348388672,15.016608238220215,8.82236099243164,8.25748062133789,8.461639404296875,11.441678047180176,9.301060676574707,8.794967651367188,,,,,,,,,,,,,,,,,,,,,,,,,,,,,,,,,,,,,,,,
7,1419,,,,,,,,,,,,,,,,,,,,,,,,,,,,,,,,,,,,,,,,,0.48070859909057617,0.3290029764175415,0.2177208662033081,0.43012735247612,0.3201068043708801,0.6538881063461304,0.17169217765331268,0.37111470103263855,1.2916570901870728,0.5410675406455994,6.988676071166992,4.820382118225098,5.011146545410156,7.177350044250488,6.087128162384033,10.363088607788086,5.19315242767334,5.510551929473877,9.404417037963867,9.330865859985352,,,,,,,,,,,9.067445755004883,6.349831581115723,6.722978591918945,9.11703109741211,8.095563888549805,13.104714393615723,6.780255317687988,7.184769153594971,13.046586036682129,11.205286026000977,,,,,,,,,,,,,,,,,,,,,,,,,,,,,,,,,,,,,,,,
7,1424,,,,,,,,,,,,,,,,,,,,,,,,,,,,,,,,,,,,,,,,,0.4004368782043457,0.7179089784622192,0.36901766061782837,0.26559150218963623,0.23818203806877136,0.7151797413825989,0.3277705907821655,0.06217283010482788,0.3766324520111084,0.5314761400222778,6.66268253326416,6.6857829093933105,6.649629592895508,5.3100738525390625,5.072713375091553,10.465132713317871,7.66640043258667,2.375802755355835,6.309676170349121,9.428930282592773,,,,,,,,,,,8.493818283081055,9.37987232208252,8.752562522888184,7.16410493850708,6.983194828033447,13.705138206481934,9.368191719055176,2.940755844116211,7.045019626617432,11.105525016784668,,,,,,,,,,,,,,,,,,,,,,,,,,,,,,,,,,,,,,,,
7,1429,,,,,,,,,,,,,,,,,,,,,,,,,,,,,,,,,,,,,,,,,0.3854365050792694,0.6751769185066223,0.3233358860015869,0.40091949701309204,0.47565874457359314,0.4379628002643585,0.34567588567733765,0.06295158714056015,0.09326127171516418,0.6539859771728516,7.00452184677124,7.319231986999512,6.5630621910095215,7.518144130706787,8.217544555664062,9.136734008789062,8.179816246032715,2.868825912475586,2.570749282836914,10.666584014892578,,,,,,,,,,,8.343265533447266,9.096431732177734,8.192917823791504,8.802042961120605,9.868414878845215,10.724929809570312,9.620670318603516,2.9591164588928223,3.5056936740875244,12.319169998168945,,,,,,,,,,,,,,,,,,,,,,,,,,,,,,,,,,,,,,,,
7,1434,,,,,,,,,,,,,,,,,,,,,,,,,,,,,,,,,,,,,,,,,0.4120289087295532,0.2287120223045349,0.34553518891334534,0.28265082836151123,0.3661477267742157,0.5117219686508179,0.3669523298740387,0.7567362189292908,0.601444661617279,0.2483590841293335,7.308285236358643,4.622052192687988,6.664865493774414,7.089842319488525,6.817153453826904,8.931497573852539,7.376702785491943,9.611379623413086,8.31297492980957,6.3480963706970215,,,,,,,,,,,8.67464542388916,5.294278621673584,8.469501495361328,7.3906049728393555,8.658204078674316,11.59292221069336,9.91232681274414,10.259613037109375,8.902688026428223,7.591668128967285,,,,,,,,,,,,,,,,,,,,,,,,,,,,,,,,,,,,,,,,
7,1439,,,,,,,,,,,,,,,,,,,,,,,,,,,,,,,,,,,,,,,,,0.3472144901752472,0.40258949995040894,0.6125391721725464,0.2652379870414734,0.164678156375885,0.4585644602775574,0.17637139558792114,0.5153955221176147,0.1625799536705017,0.36697420477867126,6.0069403648376465,5.744502544403076,9.056434631347656,5.199729919433594,4.191075325012207,7.957657814025879,4.874996662139893,6.919033050537109,3.5686724185943604,6.55035924911499,,,,,,,,,,,7.937418460845947,7.024145126342773,11.276610374450684,7.159337043762207,5.806542873382568,10.97428035736084,6.872027397155762,8.466989517211914,4.62867546081543,9.228157043457031,,,,,,,,,,,,,,,,,,,,,,,,,,,,,,,,,,,,,,,,
7,1444,,,,,,,,,,,,,,,,,,,,,,,,,,,,,,,,,,,,,,,,,0.7254178524017334,0.49924835562705994,1.0083816051483154,0.87507563829422,0.6235581040382385,0.5291572213172913,0.4007844626903534,1.579054355621338,0.5508015155792236,0.4626995325088501,8.570255279541016,6.15500545501709,8.557040214538574,7.841368675231934,9.640195846557617,9.877668380737305,9.201220512390137,11.217288970947266,5.823850154876709,8.81865406036377,,,,,,,,,,,11.382612228393555,7.822049617767334,14.46851921081543,13.004021644592285,11.298951148986816,11.788763046264648,10.359199523925781,14.820308685302734,8.519632339477539,10.362074851989746,,,,,,,,,,,,,,,,,,,,,,,,,,,,,,,,,,,,,,,,
7,1449,,,,,,,,,,,,,,,,,,,,,,,,,,,,,,,,,,,,,,,,,0.4795497953891754,0.631926953792572,0.303974986076355,0.25263872742652893,0.29252272844314575,0.8359013795852661,0.6074817776679993,0.8006117939949036,0.3455517888069153,0.24533750116825104,7.330629825592041,6.68079948425293,6.336567401885986,5.700577735900879,6.343356609344482,12.001696586608887,9.351064682006836,8.607958793640137,5.1243743896484375,5.8292741775512695,,,,,,,,,,,9.320778846740723,8.800264358520508,7.943841934204102,6.987227439880371,7.738903045654297,14.816764831542969,12.753735542297363,10.552848815917969,6.748074531555176,7.545344829559326,,,,,,,,,,,,,,,,,,,,,,,,,,,,,,,,,,,,,,,,
7,1454,,,,,,,,,,,,,,,,,,,,,,,,,,,,,,,,,,,,,,,,,0.34281131625175476,0.4895167946815491,0.06125050038099289,0.19961047172546387,0.47947460412979126,0.310825914144516,0.1691865772008896,0.3288242220878601,0.636660635471344,0.4099523425102234,6.44692850112915,6.233512878417969,3.196805238723755,5.681604862213135,7.857733726501465,7.796512603759766,5.724586486816406,6.095333576202393,8.243410110473633,7.192850112915039,,,,,,,,,,,7.652440547943115,7.745439052581787,3.56587815284729,6.210785388946533,9.907918930053711,9.035130500793457,6.730599880218506,6.76301908493042,9.159616470336914,9.75357723236084,,,,,,,,,,,,,,,,,,,,,,,,,,,,,,,,,,,,,,,,
7,1459,,,,,,,,,,,,,,,,,,,,,,,,,,,,,,,,,,,,,,,,,0.31888628005981445,0.5445172786712646,0.38069018721580505,0.33567818999290466,0.5275349617004395,0.23310592770576477,0.20662835240364075,0.1380588859319687,0.05870159715414047,0.44506117701530457,6.091994762420654,5.80010986328125,7.490250110626221,5.570582389831543,8.83719253540039,6.440669059753418,6.038825511932373,4.022813320159912,2.543473720550537,8.084038734436035,,,,,,,,,,,7.566038608551025,8.168985366821289,8.889913558959961,8.054089546203613,10.39262580871582,7.824426651000977,7.438164234161377,4.3821868896484375,2.7813024520874023,10.162652015686035,,,,,,,,,,,,,,,,,,,,,,,,,,,,,,,,,,,,,,,,
7,1464,,,,,,,,,,,,,,,,,,,,,,,,,,,,,,,,,,,,,,,,,0.41342857480049133,0.3668309450149536,0.030747724696993828,0.09446423500776291,0.30462485551834106,0.29304346442222595,0.19120000302791595,0.451991468667984,1.5069608688354492,0.48099368810653687,5.984015464782715,5.4300384521484375,1.9321248531341553,2.9611501693725586,6.725079536437988,7.761690616607666,5.8067708015441895,6.455680847167969,9.582002639770508,7.201600074768066,,,,,,,,,,,7.768380165100098,6.704946041107178,2.5264933109283447,4.27256441116333,7.897367000579834,8.77287483215332,7.155084133148193,7.9290995597839355,14.092052459716797,10.564936637878418,,,,,,,,,,,,,,,,,,,,,,,,,,,,,,,,,,,,,,,,
7,1469,,,,,,,,,,,,,,,,,,,,,,,,,,,,,,,,,,,,,,,,,0.3020595610141754,0.5410323143005371,0.11186295002698898,0.522092878818512,0.37810835242271423,0.28435391187667847,0.2612360715866089,0.24507005512714386,0.13219913840293884,0.24258039891719818,6.134979248046875,5.808222770690918,4.628664016723633,9.452156066894531,7.289408206939697,6.260878562927246,7.04307222366333,4.697658538818359,3.974790334701538,6.059963703155518,,,,,,,,,,,7.369478225708008,8.142803192138672,4.818976402282715,10.044510841369629,8.798481941223145,8.641824722290039,8.363486289978027,5.838534355163574,4.17385721206665,7.502829074859619,,,,,,,,,,,,,,,,,,,,,,,,,,,,,,,,,,,,,,,,
7,1474,,,,,,,,,,,,,,,,,,,,,,,,,,,,,,,,,,,,,,,,,0.2050812840461731,0.43679121136665344,0.1734027862548828,0.04689481481909752,0.34531107544898987,0.16029928624629974,0.14935719966888428,0.171193927526474,0.05423006787896156,0.30825111269950867,4.757251262664795,5.87593412399292,5.003427982330322,2.4515795707702637,5.19946813583374,4.858558177947998,5.373069763183594,4.350029468536377,2.219728469848633,7.48346471786499,,,,,,,,,,,5.950881004333496,7.316429615020752,5.999840259552002,3.0103518962860107,8.408236503601074,6.488461017608643,6.323884010314941,4.879809856414795,2.6732733249664307,8.457646369934082,,,,,,,,,,,,,,,,,,,,,,,,,,,,,,,,,,,,,,,,
7,1479,,,,,,,,,,,,,,,,,,,,,,,,,,,,,,,,,,,,,,,,,0.49904999136924744,0.7383918762207031,0.2646828591823578,0.497336208820343,0.4101703464984894,0.5382925271987915,0.39003559947013855,0.5484223365783691,0.9557476043701172,0.14837045967578888,7.625729084014893,8.037090301513672,5.8377885818481445,8.648536682128906,7.313303470611572,9.140135765075684,8.545572280883789,7.54271125793457,8.840167999267578,4.726259231567383,,,,,,,,,,,9.31407642364502,9.51274299621582,7.412668228149414,9.803472518920898,9.16392993927002,11.890087127685547,10.219341278076172,8.734062194824219,11.222637176513672,5.867740631103516,,,,,,,,,,,,,,,,,,,,,,,,,,,,,,,,,,,,,,,,
7,1484,,,,,,,,,,,,,,,,,,,,,,,,,,,,,,,,,,,,,,,,,0.35756126046180725,0.3864280581474304,0.4543457627296448,0.12520459294319153,0.3247617185115814,0.5476189851760864,0.46680307388305664,0.356638640165329,0.3385658264160156,0.21768450736999512,6.662333011627197,4.878768444061279,7.400714874267578,4.281679630279541,6.831210136413574,10.066283226013184,8.610544204711914,6.18353271484375,6.091430187225342,5.616836071014404,,,,,,,,,,,8.185490608215332,6.8817138671875,9.711915016174316,4.918866157531738,8.154212951660156,11.992648124694824,11.179893493652344,7.043246746063232,6.679513454437256,7.10740327835083,,,,,,,,,,,,,,,,,,,,,,,,,,,,,,,,,,,,,,,,
7,1489,,,,,,,,,,,,,,,,,,,,,,,,,,,,,,,,,,,,,,,,,0.3610064685344696,0.32193824648857117,0.6647528409957886,0.3191917836666107,0.39805352687835693,0.5289050340652466,0.2475900948047638,0.427193820476532,0.03122624382376671,0.3102066218852997,6.328674793243408,4.756476402282715,6.864226341247559,6.350990295410156,7.95379638671875,8.377646446228027,6.2171735763549805,6.9048871994018555,1.9667081832885742,7.566168308258057,,,,,,,,,,,8.11773681640625,6.281286239624023,11.747401237487793,7.853816032409668,9.027559280395508,11.7859525680542,8.142119407653809,7.708523273468018,2.028538227081299,8.484431266784668,,,,,,,,,,,,,,,,,,,,,,,,,,,,,,,,,,,,,,,,
7,1494,,,,,,,,,,,,,,,,,,,,,,,,,,,,,,,,,,,,,,,,,0.279029905796051,0.4499731659889221,0.2970673143863678,0.44491714239120483,0.2110690325498581,0.25128355622291565,0.14943091571331024,0.10282851755619049,0.3921350836753845,0.21256448328495026,5.610466957092285,5.686393737792969,6.863049030303955,6.540816307067871,5.714228630065918,5.969753742218018,5.185006141662598,3.3669281005859375,5.933832168579102,5.234196186065674,,,,,,,,,,,7.063143253326416,7.426011085510254,7.853063106536865,9.272448539733887,6.57373046875,8.123775482177734,6.325443744659424,3.781947612762451,7.188547611236572,7.023321151733398,,,,,,,,,,,,,,,,,,,,,,,,,,,,,,,,,,,,,,,,
7,1499,,,,,,,,,,,,,,,,,,,,,,,,,,,,,,,,,,,,,,,,,0.6617768406867981,0.635136604309082,0.6905514001846313,0.7312684059143066,0.1543738692998886,1.0141595602035522,0.5339094996452332,1.0014897584915161,0.7424111366271973,0.4526911675930023,9.377344131469727,6.968567848205566,9.675271034240723,10.815032005310059,5.0081000328063965,14.076091766357422,9.892026901245117,10.532957077026367,9.891120910644531,7.536926746368408,,,,,,,,,,,10.94726276397705,8.822585105895996,11.973182678222656,11.887575149536133,5.621944427490234,16.320331573486328,11.956515312194824,11.802717208862305,9.891120910644531,10.249395370483398,,,,,,,,,,,,,,,,,,,,,,,,,,,,,,,,,,,,,,,,
7,1504,,,,,,,,,,,,,,,,,,,,,,,,,,,,,,,,,,,,,,,,,0.4035366177558899,0.27615684270858765,0.476642906665802,0.5829119086265564,0.17881041765213013,0.36551564931869507,0.48406481742858887,0.2130235880613327,0.41174718737602234,0.6429562568664551,7.223944187164307,4.782341003417969,8.702997207641602,8.80848503112793,5.630579471588135,7.6686835289001465,9.436598777770996,3.854283332824707,6.180872917175293,9.950652122497559,,,,,,,,,,,8.737317085266113,5.8175506591796875,9.947368621826172,10.613443374633789,6.050566673278809,9.797806739807129,11.384725570678711,5.443429470062256,7.36611795425415,12.21484375,,,,,,,,,,,,,,,,,,,,,,,,,,,,,,,,,,,,,,,,
7,1509,,,,,,,,,,,,,,,,,,,,,,,,,,,,,,,,,,,,,,,,,0.7546404004096985,0.34107112884521484,0.9394362568855286,0.39713814854621887,0.6542261838912964,1.8382036685943604,0.720872700214386,0.642015278339386,0.7618424296379089,0.49695801734924316,8.77432918548584,4.925487995147705,9.972466468811035,6.957691669464111,8.631246566772461,16.072134017944336,10.299070358276367,6.480173587799072,7.894373416900635,7.736320495605469,,,,,,,,,,,11.870902061462402,6.4652419090271,13.965140342712402,8.760435104370117,11.573470115661621,21.972156524658203,13.893129348754883,9.449990272521973,10.019725799560547,10.738831520080566,,,,,,,,,,,,,,,,,,,,,,,,,,,,,,,,,,,,,,,,
7,1514,,,,,,,,,,,,,,,,,,,,,,,,,,,,,,,,,,,,,,,,,0.33044227957725525,0.6929036974906921,0.08923773467540741,0.05186992511153221,1.0757263898849487,0.2889033257961273,0.3631734848022461,0.07342895865440369,0.09202364087104797,0.24671323597431183,5.586282730102539,7.532456874847412,4.096219062805176,2.8346805572509766,10.4882173538208,7.412562370300293,7.347891807556152,2.5061118602752686,2.5784173011779785,5.479983806610107,,,,,,,,,,,7.149149417877197,9.215072631835938,4.304134845733643,3.166013479232788,14.840568542480469,8.710680961608887,9.861157417297363,3.195894241333008,3.4823546409606934,7.566472053527832,,,,,,,,,,,,,,,,,,,,,,,,,,,,,,,,,,,,,,,,
7,1519,,,,,,,,,,,,,,,,,,,,,,,,,,,,,,,,,,,,,,,,,0.48204272985458374,0.2257566601037979,0.18283449113368988,0.14694476127624512,0.6774789094924927,0.6338232159614563,0.5174492597579956,1.0415031909942627,0.2241106927394867,0.6884833574295044,7.70719051361084,4.636868953704834,4.995219707489014,4.943739891052246,8.36868953704834,10.704646110534668,9.955979347229004,9.919240951538086,5.235197067260742,10.605132102966309,,,,,,,,,,,9.256709098815918,5.259961128234863,6.160851955413818,5.328831195831299,11.777348518371582,12.90208625793457,11.770764350891113,12.036190032958984,5.434437274932861,12.639907836914062,,,,,,,,,,,,,,,,,,,,,,,,,,,,,,,,,,,,,,,,
7,1524,,,,,,,,,,,,,,,,,,,,,,,,,,,,,,,,,,,,,,,,,0.3498813807964325,0.44066619873046875,0.299305260181427,0.31657347083091736,0.6269224882125854,0.5262256264686584,0.23489734530448914,0.1888715922832489,0.0856567770242691,0.4298136234283447,6.284643650054932,6.4636383056640625,6.534366607666016,6.063624382019043,8.017999649047852,8.957253456115723,6.033968925476074,3.9536960124969482,2.8553435802459717,7.6819000244140625,,,,,,,,,,,8.06015682220459,7.348812103271484,7.8825883865356445,7.821537971496582,11.329390525817871,11.756062507629395,7.930669784545898,5.125568866729736,3.3597280979156494,9.987051963806152,,,,,,,,,,,,,,,,,,,,,,,,,,,,,,,,,,,,,,,,
7,1529,,,,,,,,,,,,,,,,,,,,,,,,,,,,,,,,,,,,,,,,,0.3293006122112274,0.14530295133590698,0.26620742678642273,0.26128557324409485,0.5666409730911255,0.3520159125328064,0.420445054769516,0.563358724117279,0.19175851345062256,0.19669029116630554,5.963817119598389,3.376403570175171,4.961287975311279,5.307003498077393,7.576443672180176,7.649717330932617,7.607550144195557,7.681664943695068,4.4020609855651855,5.11222505569458,,,,,,,,,,,7.82123327255249,4.219873905181885,7.433986186981201,7.1057939529418945,10.770940780639648,9.6151704788208,10.610244750976562,8.85219955444336,5.026904106140137,6.755984783172607,,,,,,,,,,,,,,,,,,,,,,,,,,,,,,,,,,,,,,,,
7,1534,,,,,,,,,,,,,,,,,,,,,,,,,,,,,,,,,,,,,,,,,0.47660961747169495,0.35230177640914917,0.4111264646053314,0.15161141753196716,0.33611080050468445,0.26079797744750977,0.6110671162605286,0.60225510597229,1.3503320217132568,0.21388386189937592,6.854994297027588,4.11337423324585,7.361659526824951,4.223922252655029,7.02930212020874,7.292417526245117,9.674090385437012,5.984052658081055,10.52363395690918,5.492493629455566,,,,,,,,,,,8.902487754821777,6.570821762084961,9.238455772399902,5.41278600692749,8.295467376708984,8.276142120361328,12.791316986083984,9.152694702148438,13.33962345123291,7.045084476470947,,,,,,,,,,,,,,,,,,,,,,,,,,,,,,,,,,,,,,,,
7,1539,,,,,,,,,,,,,,,,,,,,,,,,,,,,,,,,,,,,,,,,,0.3666514456272125,0.44674211740493774,0.8386306762695312,0.15388324856758118,0.2655423879623413,0.5114932060241699,0.3456704914569855,0.11724959313869476,0.3665917217731476,0.2540595531463623,6.29503059387207,4.951853275299072,9.563271522521973,3.939368724822998,5.693107604980469,9.600567817687988,7.55521297454834,3.269146203994751,5.997376918792725,6.085372447967529,,,,,,,,,,,8.144293785095215,7.399301528930664,13.194625854492188,5.453188896179199,7.373379707336426,11.590330123901367,9.62059497833252,4.038447380065918,6.95047664642334,7.678297996520996,,,,,,,,,,,,,,,,,,,,,,,,,,,,,,,,,,,,,,,,
7,1544,,,,,,,,,,,,,,,,,,,,,,,,,,,,,,,,,,,,,,,,,0.2771979570388794,0.3369596600532532,0.1929538995027542,0.3946978747844696,0.28640443086624146,0.4082753360271454,0.1293698251247406,0.08875054121017456,0.3825574219226837,0.2748125195503235,5.608069896697998,4.252893924713135,4.746617794036865,6.613677501678467,5.6701226234436035,8.727622032165527,4.297340393066406,2.8368313312530518,6.2145304679870605,7.1129937171936035,,,,,,,,,,,7.109592437744141,6.426155090332031,6.3290486335754395,8.733479499816895,7.657544136047363,10.35505485534668,5.885553359985352,3.5135345458984375,7.100216865539551,7.985744953155518,,,,,,,,,,,,,,,,,,,,,,,,,,,,,,,,,,,,,,,,
7,1549,,,,,,,,,,,,,,,,,,,,,,,,,,,,,,,,,,,,,,,,,0.26518121361732483,0.25331345200538635,0.06383507698774338,0.13764701783657074,0.6009847521781921,0.18840329349040985,0.0924169048666954,0.14639244973659515,0.5448808670043945,0.3587573766708374,5.507648944854736,4.292037010192871,3.4128005504608154,3.882275104522705,9.344762802124023,5.816036224365234,3.9667165279388428,2.803068161010742,8.081178665161133,7.9699625968933105,,,,,,,,,,,6.620151519775391,5.571747303009033,3.6403348445892334,5.157488822937012,11.092550277709961,7.034287452697754,4.974466323852539,4.512508392333984,8.473719596862793,9.124258995056152,,,,,,,,,,,,,,,,,,,,,,,,,,,,,,,,,,,,,,,,
7,1551,,,,,,,,,,,,,,,,,,,,,,,,,,,,,,,,,,,,,,,,,,,,,,,,,,,6.821674823760986,5.6570281982421875,6.781413555145264,6.4297871589660645,7.036610126495361,8.48387622833252,7.441967010498047,5.969001770019531,6.093859672546387,7.501533031463623,0.5446292161941528,0.5247758030891418,0.6018930077552795,0.6208706498146057,0.5582535266876221,0.45970606803894043,0.5446206331253052,0.549596905708313,0.514635443687439,0.5273103713989258,8.98856258392334,7.435458183288574,8.952295303344727,8.525435447692871,9.325704574584961,11.21760368347168,9.950610160827637,7.819738388061523,7.8994646072387695,9.770752906799316,0.5002981424331665,0.5143657922744751,0.5143896341323853,0.3523504436016083,0.5636799335479736,0.6241547465324402,0.47263938188552856,0.4399414360523224,0.4808024764060974,0.5403598546981812,7.3092803955078125,5.467866897583008,7.351515293121338,6.025148868560791,8.224259376525879,9.889074325561523,8.490717887878418,5.664312839508057,6.262409687042236,8.408223152160645,0.4616676867008209,0.47517114877700806,0.5984300971031189,0.6157073974609375,0.339507520198822,0.4407373070716858,0.5246978998184204,0.3565301299095154,0.32923901081085205,0.47498881816864014,9.833518028259277,8.016284942626953,9.71551513671875,9.209468841552734,10.995858192443848,12.85770034790039,11.021471977233887,7.4784955978393555,8.32836627960205,10.878503799438477
8,1554,,,,,,,,,,,,,,,,,,,,,,,,,,,,,,,,,,,,,,,,,0.2554771900177002,0.18703407049179077,0.3233707547187805,0.08989112824201584,0.2080058753490448,0.27010077238082886,0.18767905235290527,0.24135474860668182,0.3676275312900543,0.42423075437545776,5.782355308532715,3.6859049797058105,7.826454162597656,3.6760523319244385,5.675848960876465,6.907227516174316,5.395078659057617,4.596667289733887,6.072661399841309,8.205302238464355,,,,,,,,,,,6.8736066818237305,4.787652015686035,8.193359375,4.1678619384765625,6.52585506439209,8.422456741333008,7.088897705078125,5.7941083908081055,6.960289478302002,9.921978950500488,,,,,,,,,,,,,,,,,,,,,,,,,,,,,,,,,,,,,,,,
8,1559,,,,,,,,,,,,,,,,,,,,,,,,,,,,,,,,,,,,,,,,,0.514197051525116,1.3350803852081299,0.36125800013542175,0.31347528100013733,0.5429821610450745,0.495278537273407,0.49200764298439026,0.3934312164783478,0.151510551571846,0.54274982213974,7.499336242675781,10.671957015991211,6.180673122406006,6.325906276702881,7.333564758300781,7.756979465484619,9.367294311523438,6.412112712860107,4.262688159942627,9.18284797668457,,,,,,,,,,,9.527753829956055,12.791337966918945,8.660049438476562,7.783170223236084,10.543684959411621,11.405138969421387,11.477749824523926,7.397639274597168,4.468325138092041,11.222692489624023,,,,,,,,,,,,,,,,,,,,,,,,,,,,,,,,,,,,,,,,
8,1564,,,,,,,,,,,,,,,,,,,,,,,,,,,,,,,,,,,,,,,,,0.36592504382133484,0.463163286447525,0.39403772354125977,0.16727925837039948,0.23135653138160706,0.6322757005691528,0.28863319754600525,0.5714495182037354,0.3363870084285736,0.20874300599098206,6.635073184967041,6.054440498352051,7.279880046844482,5.436690330505371,6.192162990570068,10.38550853729248,6.406798362731934,6.933694362640381,5.688449859619141,5.338037967681885,,,,,,,,,,,8.15081787109375,7.534064769744873,9.044416427612305,5.6855950355529785,6.882410049438477,12.886324882507324,8.791114807128906,8.91554069519043,6.657986164093018,6.959902763366699,,,,,,,,,,,,,,,,,,,,,,,,,,,,,,,,,,,,,,,,
8,1569,,,,,,,,,,,,,,,,,,,,,,,,,,,,,,,,,,,,,,,,,0.30462488532066345,0.22557899355888367,0.16125965118408203,0.17222186923027039,0.3817234933376312,0.6219961643218994,0.27739691734313965,0.12165216356515884,0.3553396165370941,0.42445507645606995,5.776203155517578,3.9782845973968506,4.082793712615967,4.407439231872559,6.873623371124268,9.192550659179688,7.043195724487305,3.8082330226898193,5.233335971832275,7.3663716316223145,,,,,,,,,,,7.548205852508545,5.2578911781311035,5.785947799682617,5.768980026245117,8.84044361114502,12.781144142150879,8.618300437927246,4.113567352294922,6.842977046966553,9.924601554870605,,,,,,,,,,,,,,,,,,,,,,,,,,,,,,,,,,,,,,,,
8,1574,,,,,,,,,,,,,,,,,,,,,,,,,,,,,,,,,,,,,,,,,0.23479147255420685,0.13313275575637817,0.19977790117263794,0.35639601945877075,0.24156852066516876,0.1252867430448532,0.2514581084251404,0.437485933303833,0.1157831996679306,0.25223392248153687,5.282466411590576,3.390132188796997,5.538769245147705,7.501736640930176,5.690178871154785,4.121553421020508,6.108639717102051,5.488742351531982,3.300285577774048,6.40216064453125,,,,,,,,,,,6.567800521850586,4.039287090301514,6.439992904663086,8.298914909362793,7.032663345336914,5.736254692077637,8.205472946166992,7.800829887390137,3.9061245918273926,7.650661468505859,,,,,,,,,,,,,,,,,,,,,,,,,,,,,,,,,,,,,,,,
8,1579,,,,,,,,,,,,,,,,,,,,,,,,,,,,,,,,,,,,,,,,,0.479642778635025,0.38886186480522156,0.1941404640674591,0.19787831604480743,1.2111968994140625,0.35525810718536377,0.5911210775375366,0.273345947265625,0.3258146643638611,0.7791677117347717,6.99055814743042,5.394211769104004,5.137937545776367,4.980531215667725,11.577977180480957,7.580928802490234,8.083740234375,4.741677284240723,5.259837627410889,10.15817928314209,,,,,,,,,,,9.287601470947266,6.903350830078125,6.3484787940979,6.183778762817383,15.747333526611328,9.65934944152832,12.580821990966797,6.166162967681885,6.552524089813232,13.446606636047363,,,,,,,,,,,,,,,,,,,,,,,,,,,,,,,,,,,,,,,,
8,1584,,,,,,,,,,,,,,,,,,,,,,,,,,,,,,,,,,,,,,,,,0.23252646625041962,0.44458889961242676,0.1770360767841339,0.0684807151556015,0.20223651826381683,0.15104003250598907,0.14883069694042206,0.20718348026275635,0.44481760263442993,0.24852420389652252,5.2917304039001465,5.22504186630249,5.4982805252075195,3.297933578491211,4.89609956741333,5.625758647918701,4.875964641571045,4.74952507019043,6.933516025543213,6.5234527587890625,,,,,,,,,,,6.305116653442383,7.381448268890381,6.062371253967285,3.6378021240234375,6.43471622467041,6.29827880859375,6.312727928161621,5.368293762207031,7.656217575073242,7.594192028045654,,,,,,,,,,,,,,,,,,,,,,,,,,,,,,,,,,,,,,,,
8,1589,,,,,,,,,,,,,,,,,,,,,,,,,,,,,,,,,,,,,,,,,0.2805875837802887,0.30101361870765686,0.15256814658641815,0.10803069919347763,0.2995905578136444,0.3318353593349457,0.21120107173919678,0.2176814079284668,0.22135253250598907,0.6820148825645447,5.933085918426514,5.228861331939697,4.683624267578125,4.333733081817627,6.8090972900390625,7.16676139831543,5.879078388214111,4.184965133666992,4.83751916885376,10.274133682250977,,,,,,,,,,,7.160212993621826,6.073728084564209,5.627863883972168,4.569077014923096,7.831838130950928,9.335492134094238,7.520017147064209,5.502618312835693,5.40089225769043,12.580389976501465,,,,,,,,,,,,,,,,,,,,,,,,,,,,,,,,,,,,,,,,
8,1594,,,,,,,,,,,,,,,,,,,,,,,,,,,,,,,,,,,,,,,,,0.42305389046669006,0.5081971287727356,0.4028605818748474,0.43089133501052856,0.5196440815925598,0.6777880787849426,0.43974199891090393,0.19837351143360138,0.1596425324678421,0.47034570574760437,6.561286449432373,6.172180652618408,7.268551349639893,6.909966945648193,6.889995098114014,9.665532112121582,7.759167671203613,3.5579919815063477,3.5945944786071777,7.233597278594971,,,,,,,,,,,8.995184898376465,7.891841888427734,9.145112037658691,9.125123977661133,10.314605712890625,13.342058181762695,10.851000785827637,5.252917289733887,4.586670875549316,10.447340965270996,,,,,,,,,,,,,,,,,,,,,,,,,,,,,,,,,,,,,,,,
8,1599,,,,,,,,,,,,,,,,,,,,,,,,,,,,,,,,,,,,,,,,,0.5479143261909485,0.6676262021064758,0.4028386175632477,0.30109089612960815,0.5588119029998779,1.0600945949554443,0.31017619371414185,0.5393863916397095,0.7708907127380371,0.3203132152557373,7.563618183135986,5.890326499938965,7.923492431640625,3.96148681640625,8.631719589233398,12.615457534790039,6.920792579650879,6.938661575317383,9.073393821716309,6.1172308921813965,,,,,,,,,,,9.963996887207031,9.045425415039062,9.14486312866211,7.6278767585754395,10.696272850036621,16.68584442138672,9.113286972045898,8.661810874938965,10.079052925109863,8.621536254882812,,,,,,,,,,,,,,,,,,,,,,,,,,,,,,,,,,,,,,,,
8,1604,,,,,,,,,,,,,,,,,,,,,,,,,,,,,,,,,,,,,,,,,0.33503007888793945,0.3186837434768677,0.19548270106315613,0.03602909669280052,0.858767569065094,0.34197747707366943,0.5116962790489197,0.14520813524723053,0.2889760434627533,0.31844958662986755,5.827988624572754,5.149764060974121,5.664046287536621,2.014054775238037,8.795720100402832,6.977605819702148,8.928860664367676,3.529834032058716,4.957122325897217,6.434889316558838,,,,,,,,,,,7.662461280822754,6.249456405639648,6.370387077331543,2.638648748397827,13.259814262390137,9.477080345153809,11.705148696899414,4.494218826293945,6.170981407165527,8.596418380737305,,,,,,,,,,,,,,,,,,,,,,,,,,,,,,,,,,,,,,,,
8,1609,,,,,,,,,,,,,,,,,,,,,,,,,,,,,,,,,,,,,,,,,0.43222543597221375,0.3958151042461395,0.2668154537677765,0.4689156115055084,0.5609322786331177,0.6632549166679382,0.44444739818573,0.4206033945083618,0.40898725390434265,0.2602576017379761,6.863225936889648,4.818593502044678,6.488852024078369,6.816308975219727,8.117483139038086,8.753382682800293,8.365507125854492,6.550192356109619,5.689011573791504,6.1697001457214355,,,,,,,,,,,9.056867599487305,6.964796543121338,7.442471504211426,9.519238471984863,10.716546058654785,13.1982421875,10.908900260925293,7.648831367492676,7.34138822555542,7.7713942527771,,,,,,,,,,,,,,,,,,,,,,,,,,,,,,,,,,,,,,,,
8,1614,,,,,,,,,,,,,,,,,,,,,,,,,,,,,,,,,,,,,,,,,0.37403181195259094,0.3047473728656769,0.3512522280216217,0.1425481140613556,0.4386059045791626,0.31562575697898865,0.47194230556488037,0.784018874168396,0.13922367990016937,0.4183220863342285,6.471773147583008,5.005200386047363,6.735660552978516,4.038949489593506,6.907242298126221,7.009291648864746,9.198412895202637,8.669523239135742,4.097348213195801,6.584327697753906,,,,,,,,,,,8.255566596984863,6.111280918121338,8.539278030395508,5.248505115509033,9.476258277893066,9.10462474822998,11.241266250610352,10.442920684814453,4.283313751220703,9.852640151977539,,,,,,,,,,,,,,,,,,,,,,,,,,,,,,,,,,,,,,,,
8,1619,,,,,,,,,,,,,,,,,,,,,,,,,,,,,,,,,,,,,,,,,0.3622520864009857,0.322892427444458,0.1581796258687973,0.08630602806806564,0.47942808270454407,0.5331133604049683,0.5737714767456055,0.4866136610507965,0.16134732961654663,0.4586167335510254,6.468314170837402,4.831181049346924,4.2241010665893555,3.3889453411102295,8.865599632263184,9.37678050994873,8.945028305053711,7.1468095779418945,3.0036826133728027,8.432701110839844,,,,,,,,,,,8.154939651489258,6.290587902069092,5.73042631149292,4.083902835845947,9.907438278198242,11.832748413085938,12.394821166992188,8.227178573608398,4.6110968589782715,10.316256523132324,,,,,,,,,,,,,,,,,,,,,,,,,,,,,,,,,,,,,,,,
8,1624,,,,,,,,,,,,,,,,,,,,,,,,,,,,,,,,,,,,,,,,,0.36634010076522827,0.5539045333862305,0.48441433906555176,0.2530379891395569,0.12060189992189407,0.3563937544822693,0.5491884350776672,0.2984154224395752,0.4219936728477478,0.25911110639572144,6.425133228302002,6.201072692871094,8.299901008605957,5.915464878082275,4.037369728088379,6.979519367218018,9.671125411987305,4.785967826843262,6.677915573120117,5.257863998413086,,,,,,,,,,,8.18715763092041,8.239099502563477,10.0281343460083,6.992746353149414,4.969088077545166,9.674775123596191,12.126389503479004,6.442721366882324,7.457208156585693,7.7542572021484375,,,,,,,,,,,,,,,,,,,,,,,,,,,,,,,,,,,,,,,,
8,1629,,,,,,,,,,,,,,,,,,,,,,,,,,,,,,,,,,,,,,,,,0.39173397421836853,0.3110414445400238,0.48879382014274597,0.27671778202056885,0.47112488746643066,0.6195544004440308,0.5176190733909607,0.16647858917713165,0.3750574290752411,0.2992183268070221,7.025180339813232,4.828781604766846,7.148635387420654,6.70904541015625,7.099815368652344,9.974306106567383,10.202900886535645,3.5912716388702393,6.199377536773682,7.472489356994629,,,,,,,,,,,8.676140785217285,6.174067497253418,10.073363304138184,7.312626361846924,9.821269989013672,12.756032943725586,11.772695541381836,4.812136650085449,7.030272960662842,8.332806587219238,,,,,,,,,,,,,,,,,,,,,,,,,,,,,,,,,,,,,,,,
8,1634,,,,,,,,,,,,,,,,,,,,,,,,,,,,,,,,,,,,,,,,,0.795953631401062,0.6203292012214661,1.354764699935913,0.3224358558654785,1.0277254581451416,0.7905428409576416,0.5655348300933838,0.6582006216049194,0.9632308483123779,0.86081862449646,10.296141624450684,7.175817012786865,14.853179931640625,7.451130390167236,12.250991821289062,11.118374824523926,10.036958694458008,7.438685417175293,10.590387344360352,11.749749183654785,,,,,,,,,,,12.174667358398438,8.719135284423828,16.770404815673828,7.893625736236572,14.505684852600098,14.409156799316406,12.305534362792969,9.568367958068848,11.266486167907715,14.133607864379883,,,,,,,,,,,,,,,,,,,,,,,,,,,,,,,,,,,,,,,,
8,1639,,,,,,,,,,,,,,,,,,,,,,,,,,,,,,,,,,,,,,,,,0.510340690612793,0.34755074977874756,0.5721205472946167,0.7256301045417786,0.8226150870323181,1.0930447578430176,0.20802782475948334,0.27181512117385864,0.2971484363079071,0.2551135718822479,6.999853134155273,5.5369415283203125,7.6209893226623535,6.962643623352051,9.502904891967773,12.446681022644043,6.032372951507568,4.8070549964904785,4.217482089996338,5.871607303619385,,,,,,,,,,,9.639016151428223,6.526365280151367,10.898216247558594,11.841658592224121,12.977706909179688,16.94317626953125,7.463310241699219,6.1488728523254395,6.257631301879883,7.694209575653076,,,,,,,,,,,,,,,,,,,,,,,,,,,,,,,,,,,,,,,,
8,1644,,,,,,,,,,,,,,,,,,,,,,,,,,,,,,,,,,,,,,,,,0.2402213215827942,0.16480956971645355,0.11987151205539703,0.1796598732471466,0.12341475486755371,0.23773783445358276,0.08553014695644379,0.19710592925548553,0.36299124360084534,0.690871000289917,5.328100681304932,3.726269483566284,4.34263277053833,4.738409996032715,4.166658401489258,6.521542549133301,3.515890598297119,4.5466508865356445,6.149513244628906,10.245339393615723,,,,,,,,,,,6.433681964874268,4.494211196899414,4.988495349884033,5.892240524291992,5.026701927185059,7.90178108215332,4.785533905029297,5.236107349395752,6.916260719299316,12.6618070602417,,,,,,,,,,,,,,,,,,,,,,,,,,,,,,,,,,,,,,,,
8,1649,,,,,,,,,,,,,,,,,,,,,,,,,,,,,,,,,,,,,,,,,0.31064194440841675,0.3367210924625397,0.29337018728256226,0.2140839546918869,0.09716632217168808,0.1317470371723175,0.2820832133293152,0.2097005397081375,0.3086530864238739,0.9222521781921387,5.583439350128174,5.527959823608398,5.815558910369873,4.873026371002197,3.4474852085113525,4.175689220428467,6.646536827087402,4.4466400146484375,5.7023444175720215,9.615714073181152,,,,,,,,,,,7.344546794891357,6.423880100250244,7.804042339324951,6.432013511657715,4.460232734680176,5.882287979125977,8.69079303741455,5.40080451965332,6.37761926651001,14.629250526428223,,,,,,,,,,,,,,,,,,,,,,,,,,,,,,,,,,,,,,,,
8,1654,,,,,,,,,,,,,,,,,,,,,,,,,,,,,,,,,,,,,,,,,0.4009758234024048,0.28680822253227234,0.22606883943080902,0.22939899563789368,0.35822421312332153,0.37400779128074646,0.394464910030365,0.752025842666626,0.7363144159317017,0.2514692544937134,7.173971652984619,4.797389984130859,6.422549724578857,6.046314239501953,7.161141872406006,7.310585021972656,8.685379028320312,7.990314483642578,9.41748046875,6.734584331512451,,,,,,,,,,,8.43408203125,5.928680896759033,6.850653648376465,6.658105373382568,8.564008712768555,9.910970687866211,10.277204513549805,10.227632522583008,9.850424766540527,7.639054775238037,,,,,,,,,,,,,,,,,,,,,,,,,,,,,,,,,,,,,,,,
8,1659,,,,,,,,,,,,,,,,,,,,,,,,,,,,,,,,,,,,,,,,,0.2822256088256836,0.16323353350162506,0.07871666550636292,0.2563808560371399,0.36867210268974304,0.37665775418281555,0.3215380311012268,0.22271929681301117,0.20825879275798798,0.5438532829284668,5.855233192443848,3.765061855316162,2.9666006565093994,5.923399448394775,5.843755722045898,8.198193550109863,7.228762626647949,5.317217826843262,3.9448585510253906,9.509248733520508,,,,,,,,,,,7.278374671936035,4.472671031951904,4.042453289031982,7.038784503936768,8.68799877166748,9.946019172668457,9.27869701385498,5.5659284591674805,5.238717079162598,11.234094619750977,,,,,,,,,,,,,,,,,,,,,,,,,,,,,,,,,,,,,,,,
8,1664,,,,,,,,,,,,,,,,,,,,,,,,,,,,,,,,,,,,,,,,,0.565014660358429,0.3157804012298584,0.6780551075935364,0.5796017050743103,0.535070538520813,0.4955362379550934,0.2248787134885788,0.64531409740448,0.8930746912956238,0.7178197503089905,7.9359259605407715,5.176490306854248,9.41114616394043,7.879480838775635,7.931827545166016,9.579659461975098,6.06631326675415,5.960733890533447,9.302724838256836,10.114954948425293,,,,,,,,,,,10.170223236083984,6.22092342376709,11.86435604095459,10.58326530456543,10.466588973999023,11.408105850219727,7.759700775146484,9.474238395690918,10.848438262939453,12.906392097473145,,,,,,,,,,,,,,,,,,,,,,,,,,,,,,,,,,,,,,,,
8,1669,,,,,,,,,,,,,,,,,,,,,,,,,,,,,,,,,,,,,,,,,0.7264377474784851,0.4286181330680847,0.599848747253418,0.6537013649940491,0.7834764719009399,0.8386396169662476,0.8195304870605469,1.1081844568252563,0.8780840635299683,0.4278562068939209,9.319146156311035,6.608613967895508,9.115425109863281,8.278372764587402,10.04927921295166,11.362162590026855,10.693449020385742,10.485786437988281,9.201103210449219,8.078121185302734,,,,,,,,,,,11.67807388305664,7.247655391693115,11.159186363220215,11.2394380569458,12.665216445922852,14.841012954711914,14.813352584838867,12.41551685333252,10.757004737854004,9.964284896850586,,,,,,,,,,,,,,,,,,,,,,,,,,,,,,,,,,,,,,,,
8,1674,,,,,,,,,,,,,,,,,,,,,,,,,,,,,,,,,,,,,,,,,0.3789644241333008,0.21716347336769104,0.2047046273946762,0.8799394965171814,0.10960268974304199,0.5632021427154541,0.1528540998697281,0.27226656675338745,0.6000499725341797,0.4108966886997223,6.210940361022949,4.418112754821777,4.798506259918213,8.421968460083008,4.162937164306641,9.085599899291992,5.399458408355713,4.923559188842773,7.581360340118408,7.106963157653809,,,,,,,,,,,8.091744422912598,5.158883094787598,6.518917560577393,13.04011058807373,4.737074851989746,12.162084579467773,6.397485733032227,6.153977394104004,8.892359733581543,9.764803886413574,,,,,,,,,,,,,,,,,,,,,,,,,,,,,,,,,,,,,,,,
8,1679,,,,,,,,,,,,,,,,,,,,,,,,,,,,,,,,,,,,,,,,,0.338424414396286,0.6742517948150635,0.14886149764060974,0.13193577527999878,0.22171807289123535,0.6753249764442444,0.27172932028770447,0.23997542262077332,0.37661173939704895,0.30541113018989563,6.132143497467041,6.828763484954834,4.579060077667236,4.196579933166504,5.837109565734863,10.03465461730957,6.334661960601807,4.1160478591918945,6.325855255126953,6.936561107635498,,,,,,,,,,,7.724967002868652,9.090197563171387,5.559078693389893,5.049357891082764,6.737522602081299,13.317791938781738,8.529804229736328,5.777528762817383,7.044824600219727,8.418595314025879,,,,,,,,,,,,,,,,,,,,,,,,,,,,,,,,,,,,,,,,
8,1684,,,,,,,,,,,,,,,,,,,,,,,,,,,,,,,,,,,,,,,,,0.3465804159641266,0.17930257320404053,0.10722347348928452,0.4056830406188965,0.30262959003448486,0.7147920727729797,0.32390695810317993,0.2739151120185852,0.48848384618759155,0.32328686118125916,6.107598304748535,4.008462905883789,3.659064292907715,7.318257808685303,6.505299091339111,8.840048789978027,6.2778120040893555,5.399816036224365,6.047319412231445,6.912304401397705,,,,,,,,,,,8.0003080368042,4.687653541564941,4.7179856300354,8.854179382324219,7.871460914611816,13.701423645019531,9.312813758850098,6.172579765319824,8.023215293884277,8.66146183013916,,,,,,,,,,,,,,,,,,,,,,,,,,,,,,,,,,,,,,,,
8,1689,,,,,,,,,,,,,,,,,,,,,,,,,,,,,,,,,,,,,,,,,0.3076744079589844,0.15215805172920227,0.07003926485776901,0.3603960871696472,0.29045385122299194,0.2504644989967346,0.31092479825019836,0.6839900016784668,0.3086796700954437,0.34196341037750244,6.045287132263184,3.9176371097564697,2.790067672729492,8.068313598632812,6.215473651885986,6.76680850982666,6.716592788696289,7.095861911773682,5.516359806060791,7.320470333099365,,,,,,,,,,,7.384790420532227,4.318269729614258,3.8131375312805176,8.345356941223145,7.711488246917725,8.11052417755127,9.124277114868164,9.75401782989502,6.377893924713135,8.908141136169434,,,,,,,,,,,,,,,,,,,,,,,,,,,,,,,,,,,,,,,,
8,1694,,,,,,,,,,,,,,,,,,,,,,,,,,,,,,,,,,,,,,,,,0.39169928431510925,0.4429713785648346,0.6235646605491638,0.22317682206630707,0.20308628678321838,0.4553685784339905,0.15906964242458344,0.4441013038158417,0.629025936126709,0.3449288010597229,7.073974609375,6.4301347732543945,9.544255256652832,5.487912654876709,5.320357322692871,9.104029655456543,5.096093654632568,7.091440200805664,9.104531288146973,6.487014293670654,,,,,,,,,,,8.348233222961426,7.368008136749268,11.377644538879395,6.567187786102295,6.448221206665039,10.935972213745117,6.526261329650879,7.859586715698242,9.104531288146973,8.946680068969727,,,,,,,,,,,,,,,,,,,,,,,,,,,,,,,,,,,,,,,,
8,1699,,,,,,,,,,,,,,,,,,,,,,,,,,,,,,,,,,,,,,,,,0.6788532733917236,0.5088416934013367,0.8286416530609131,0.7308833599090576,0.4325144290924072,0.41422995924949646,0.1841995269060135,2.1111197471618652,0.6307182908058167,0.26853084564208984,7.875648498535156,6.508854389190674,9.029704093933105,8.585282325744629,7.630783557891846,7.385127544403076,5.32833194732666,13.231664657592773,7.072256565093994,6.108835697174072,,,,,,,,,,,10.434160232543945,7.896844387054443,13.115808486938477,11.884445190429688,9.410223007202148,10.43029499053955,7.022876739501953,17.136226654052734,9.116769790649414,7.893948554992676,,,,,,,,,,,,,,,,,,,,,,,,,,,,,,,,,,,,,,,,
8,1704,,,,,,,,,,,,,,,,,,,,,,,,,,,,,,,,,,,,,,,,,0.385201096534729,0.23328721523284912,0.3201415240764618,0.39377468824386597,0.5472354292869568,0.5731288194656372,0.4104407727718353,0.21088817715644836,0.4556628167629242,0.3222503960132599,7.082955360412598,4.419490814208984,6.461169719696045,8.284305572509766,8.828489303588867,9.682539939880371,8.882889747619629,3.9479868412017822,6.49307107925415,6.746652603149414,,,,,,,,,,,8.596906661987305,5.3469696044921875,8.15234661102295,8.723258972167969,10.58489990234375,12.26879596710205,10.48325252532959,5.416077136993408,7.748989582061768,8.647566795349121,,,,,,,,,,,,,,,,,,,,,,,,,,,,,,,,,,,,,,,,
8,1709,,,,,,,,,,,,,,,,,,,,,,,,,,,,,,,,,,,,,,,,,0.2704142928123474,0.5655179619789124,0.058537352830171585,0.17164629697799683,0.22590261697769165,0.19043608009815216,0.16054147481918335,0.08719228953123093,0.13873997330665588,0.8352147340774536,5.111703872680664,5.949589252471924,2.967104196548462,4.2367472648620605,5.671444416046143,5.183000564575195,4.895884990692139,3.08092999458313,3.4401259422302246,10.580503463745117,,,,,,,,,,,6.631103515625,8.325023651123047,3.486006736755371,5.759332180023193,6.800804615020752,7.072133541107178,6.556385040283203,3.482553243637085,4.27586555480957,13.92182731628418,,,,,,,,,,,,,,,,,,,,,,,,,,,,,,,,,,,,,,,,
8,1714,,,,,,,,,,,,,,,,,,,,,,,,,,,,,,,,,,,,,,,,,0.5177677869796753,0.18752700090408325,0.46664705872535706,0.43318837881088257,0.49265751242637634,0.732617974281311,0.4455675184726715,0.4206029772758484,1.0370410680770874,0.44406089186668396,7.819711685180664,4.152827739715576,8.749492645263672,8.247415542602539,7.507255554199219,10.992438316345215,8.82764720916748,5.716373920440674,8.318655967712402,7.865298271179199,,,,,,,,,,,9.790353775024414,4.793957710266113,9.842511177062988,9.1494140625,10.043203353881836,13.871219635009766,10.922638893127441,7.648828506469727,11.690181732177734,10.151225090026855,,,,,,,,,,,,,,,,,,,,,,,,,,,,,,,,,,,,,,,,
8,1719,,,,,,,,,,,,,,,,,,,,,,,,,,,,,,,,,,,,,,,,,0.2176801860332489,0.14628760516643524,0.20423704385757446,0.1551179438829422,0.170989528298378,0.34576550126075745,0.21300262212753296,0.15530918538570404,0.2909248471260071,0.2774873673915863,5.147880554199219,3.866332530975342,4.313023567199707,3.489135503768921,4.681585311889648,7.7757134437561035,5.582691669464111,4.420348167419434,6.027057647705078,6.1750383377075195,,,,,,,,,,,6.453670024871826,4.234148025512695,6.511467933654785,5.475022792816162,5.91676664352417,9.529424667358398,7.552022457122803,4.6479058265686035,6.19175386428833,8.024515151977539,,,,,,,,,,,,,,,,,,,,,,,,,,,,,,,,,,,,,,,,
8,1724,,,,,,,,,,,,,,,,,,,,,,,,,,,,,,,,,,,,,,,,,0.42368829250335693,0.2661646008491516,0.5723550319671631,0.45767879486083984,0.33005863428115845,0.38977405428886414,0.4666302800178528,0.17228808999061584,0.20498128235340118,0.9532638192176819,7.121368408203125,5.0687713623046875,8.080459594726562,7.2671380043029785,6.282249450683594,8.232189178466797,9.726314544677734,4.317265033721924,4.1613569259643555,10.95656967163086,,,,,,,,,,,8.94423770904541,5.711331844329834,10.900449752807617,9.40449047088623,8.220441818237305,10.117712020874023,11.177823066711426,4.895379543304443,5.197330951690674,14.873178482055664,,,,,,,,,,,,,,,,,,,,,,,,,,,,,,,,,,,,,,,,
8,1729,,,,,,,,,,,,,,,,,,,,,,,,,,,,,,,,,,,,,,,,,0.36877307295799255,0.3062867522239685,0.6067251563072205,0.4725809097290039,0.5455684661865234,0.3931904435157776,0.2416989505290985,0.2793481647968292,0.1417965441942215,0.3317621350288391,6.635112285614014,4.885300636291504,9.620872497558594,7.100990295410156,7.916800022125244,7.557377338409424,6.907328128814697,4.973245143890381,3.8883719444274902,6.865725517272949,,,,,,,,,,,8.334654808044434,6.1266961097717285,11.222966194152832,9.556370735168457,10.568765640258789,10.161955833435059,8.044669151306152,6.233495235443115,4.322710037231445,8.774262428283691,,,,,,,,,,,,,,,,,,,,,,,,,,,,,,,,,,,,,,,,
8,1734,,,,,,,,,,,,,,,,,,,,,,,,,,,,,,,,,,,,,,,,,0.5912594199180603,0.17907091975212097,0.4089029133319855,0.3016364276409149,0.3706131875514984,0.7597618699073792,0.4009128510951996,1.1723170280456543,1.4488227367401123,0.279296875,8.056422233581543,3.5618438720703125,7.982105255126953,6.5703935623168945,6.744021892547607,11.428458213806152,8.217568397521973,9.806361198425293,11.887301445007324,6.30974006652832,,,,,,,,,,,9.929811477661133,4.684624671936035,9.213438987731934,7.634784698486328,8.710841178894043,14.125849723815918,10.360859870910645,12.7697172164917,13.817545890808105,8.050637245178223,,,,,,,,,,,,,,,,,,,,,,,,,,,,,,,,,,,,,,,,
8,1739,,,,,,,,,,,,,,,,,,,,,,,,,,,,,,,,,,,,,,,,,0.3377113938331604,0.5943636894226074,0.2771036624908447,0.05310247093439102,0.2875569462776184,0.25092577934265137,0.31827056407928467,0.30462002754211426,0.5255718231201172,0.42788758873939514,6.330843448638916,6.668380260467529,6.667635440826416,2.679516315460205,6.438508987426758,7.068938255310059,7.2164435386657715,5.472021579742432,6.625148773193359,8.140995979309082,,,,,,,,,,,7.682366371154785,8.53470230102539,7.584602355957031,3.2034077644348145,7.672935485839844,8.117989540100098,9.231431007385254,6.509355068206787,8.322222709655762,9.96465015411377,,,,,,,,,,,,,,,,,,,,,,,,,,,,,,,,,,,,,,,,
8,1744,,,,,,,,,,,,,,,,,,,,,,,,,,,,,,,,,,,,,,,,,0.39021673798561096,0.4122728109359741,0.5990757942199707,0.26072773337364197,0.22796323895454407,0.3062988221645355,0.4067656695842743,0.24636009335517883,0.6896960139274597,0.36279064416885376,7.042850017547607,6.189499855041504,8.971450805664062,5.83831262588501,5.09515905380249,7.9831743240356445,8.035341262817383,5.429413795471191,8.612820625305176,7.2304768562316895,,,,,,,,,,,8.462018013000488,7.108117580413818,11.151994705200195,7.098204612731934,6.831750869750977,8.969093322753906,10.436213493347168,5.853881359100342,9.53349494934082,9.175405502319336,,,,,,,,,,,,,,,,,,,,,,,,,,,,,,,,,,,,,,,,
8,1745,,,,,,,,,,,,,,,,,,,,,,,,,,,,,,,,,,,,,,,,,,,,,,,,,,,6.697800636291504,5.5401835441589355,6.66853666305542,6.423138618469238,6.915931701660156,8.392334938049316,7.2443366050720215,5.852353572845459,5.825692176818848,7.41770076751709,0.5606461763381958,0.549287736415863,0.6155946850776672,0.6280959844589233,0.5698443055152893,0.4773024320602417,0.565496563911438,0.5653272867202759,0.5437210202217102,0.5311455726623535,8.834423065185547,7.241159915924072,8.796891212463379,8.443805694580078,9.202544212341309,11.033422470092773,9.719850540161133,7.681972503662109,7.659121036529541,9.731034278869629,0.506648063659668,0.5455498695373535,0.5189276933670044,0.36398497223854065,0.5242592692375183,0.5877898931503296,0.43934687972068787,0.507513165473938,0.5491088628768921,0.5233519673347473,7.316519737243652,5.657641410827637,7.330212593078613,6.15159797668457,7.969050407409668,9.512035369873047,8.26915454864502,6.2159552574157715,6.573737621307373,8.169302940368652,0.4517282545566559,0.4536016583442688,0.5868505239486694,0.5915294885635376,0.37745916843414307,0.46991682052612305,0.5551835894584656,0.2664839029312134,0.27528584003448486,0.4892430901527405,9.861689567565918,8.179353713989258,9.854598045349121,9.494759559631348,10.675275802612305,12.517781257629395,10.662158966064453,7.984632968902588,8.656837463378906,10.729809761047363
9,1749,,,,,,,,,,,,,,,,,,,,,,,,,,,,,,,,,,,,,,,,,0.358200341463089,0.24836814403533936,0.08468371629714966,0.22718015313148499,0.44596195220947266,0.3468926250934601,0.19993022084236145,0.4647862911224365,0.5316066741943359,0.6743934750556946,6.087381839752197,4.722989082336426,3.2754151821136475,4.872466564178467,5.675376892089844,7.9981608390808105,5.825957775115967,5.745504379272461,7.418583393096924,9.251985549926758,,,,,,,,,,,7.963672161102295,5.517092227935791,4.192872047424316,6.625826835632324,9.555394172668457,9.544943809509277,7.3166117668151855,8.040543556213379,8.369866371154785,12.50990104675293,,,,,,,,,,,,,,,,,,,,,,,,,,,,,,,,,,,,,,,,
9,1754,,,,,,,,,,,,,,,,,,,,,,,,,,,,,,,,,,,,,,,,,0.3601168692111969,0.3419814109802246,0.24577365815639496,0.13455495238304138,0.2555623948574066,0.646366536617279,0.25259387493133545,0.6777356863021851,0.20998647809028625,0.47649669647216797,6.210255146026611,4.309727668762207,6.294923782348633,4.453105449676514,5.268868446350098,9.115243911743164,6.152528285980225,8.723173141479492,4.11741304397583,7.457312107086182,,,,,,,,,,,8.07642650604248,6.473863124847412,7.142978191375732,5.099231243133545,7.233494281768799,13.02912712097168,8.223982810974121,9.709321975708008,5.260402202606201,10.515433311462402,,,,,,,,,,,,,,,,,,,,,,,,,,,,,,,,,,,,,,,,
9,1759,,,,,,,,,,,,,,,,,,,,,,,,,,,,,,,,,,,,,,,,,0.42619889974594116,0.33521896600723267,0.482558012008667,0.5896329879760742,0.32225626707077026,0.45547011494636536,0.43166276812553406,0.6380419135093689,0.09168705344200134,0.4892621636390686,6.92099666595459,5.064725399017334,8.38791275024414,7.244053363800049,6.319106578826904,8.407013893127441,8.399407386779785,7.329983711242676,3.3300065994262695,7.806759834289551,,,,,,,,,,,8.939519882202148,6.4095354080200195,10.008901596069336,10.674456596374512,8.122697830200195,10.9371919631958,10.75085735321045,9.420703887939453,3.475980281829834,10.655357360839844,,,,,,,,,,,,,,,,,,,,,,,,,,,,,,,,,,,,,,,,
9,1764,,,,,,,,,,,,,,,,,,,,,,,,,,,,,,,,,,,,,,,,,0.46859052777290344,0.1932010054588318,0.3199998140335083,0.5018832683563232,0.6137017011642456,0.5322019457817078,0.3621618449687958,0.3320971727371216,1.0387506484985352,0.323317289352417,7.136427402496338,3.8034372329711914,6.617429256439209,8.660799026489258,7.9111247062683105,8.759543418884277,6.985252857208252,5.512303352355957,8.206547737121582,7.7714104652404785,,,,,,,,,,,9.21136474609375,4.865942478179932,8.150543212890625,9.848186492919922,11.209296226501465,11.822629928588867,9.847413063049316,6.796593189239502,11.699814796447754,8.661870002746582,,,,,,,,,,,,,,,,,,,,,,,,,,,,,,,,,,,,,,,,
9,1769,,,,,,,,,,,,,,,,,,,,,,,,,,,,,,,,,,,,,,,,,0.6002144813537598,0.6379518508911133,0.34905824065208435,0.4758284091949463,0.4797857701778412,0.5663741827011108,0.19690237939357758,1.4829332828521729,0.6462163925170898,0.5668797492980957,8.171412467956543,6.5501484870910645,7.5587897300720215,6.3772196769714355,6.953839302062988,10.63071060180664,5.851633548736572,11.409472465515137,8.340643882751465,9.870256423950195,,,,,,,,,,,10.152440071105957,8.842116355895996,8.512567520141602,9.589150428771973,9.911133766174316,12.196284294128418,7.260997295379639,14.362153053283691,9.228099822998047,11.469452857971191,,,,,,,,,,,,,,,,,,,,,,,,,,,,,,,,,,,,,,,,
9,1774,,,,,,,,,,,,,,,,,,,,,,,,,,,,,,,,,,,,,,,,,0.4461105763912201,0.4753201901912689,0.11580580472946167,0.34706777334213257,0.4852912724018097,0.8327549695968628,0.6356863975524902,0.37211480736732483,0.21927843987941742,0.5316754579544067,6.958281517028809,6.006259441375732,3.9961941242218018,6.30221700668335,7.7679338455200195,11.343450546264648,9.438685417175293,6.137228488922119,3.8059794902801514,7.826589584350586,,,,,,,,,,,9.1339750289917,7.632299423217773,4.903168201446533,8.189586639404297,9.967835426330566,14.78885269165039,13.04644775390625,7.194443702697754,5.3755292892456055,11.107606887817383,,,,,,,,,,,,,,,,,,,,,,,,,,,,,,,,,,,,,,,,
9,1779,,,,,,,,,,,,,,,,,,,,,,,,,,,,,,,,,,,,,,,,,0.4220098555088043,0.5841514468193054,0.20799620449543,0.4262925684452057,0.1454770565032959,0.4133833646774292,0.48435157537460327,0.3455832600593567,0.9019564390182495,0.28889647126197815,6.862989902496338,7.033604621887207,4.719133377075195,7.568671226501465,4.692248344421387,7.977775573730469,7.987038612365723,5.886024475097656,9.776768684387207,6.125645637512207,,,,,,,,,,,8.599671363830566,8.461064338684082,6.57111930847168,9.076297760009766,5.4575395584106445,10.419632911682129,11.388097763061523,6.933220863342285,10.902247428894043,8.187820434570312,,,,,,,,,,,,,,,,,,,,,,,,,,,,,,,,,,,,,,,,
9,1784,,,,,,,,,,,,,,,,,,,,,,,,,,,,,,,,,,,,,,,,,0.508341372013092,0.6264376640319824,0.26815661787986755,0.24152575433254242,0.7109612226486206,0.639190137386322,0.3467860519886017,0.20971135795116425,0.9482924938201904,0.5840107798576355,8.084254264831543,7.019975662231445,7.078640937805176,6.739307403564453,9.822710037231445,11.145200729370117,7.567691326141357,5.052316188812256,9.087230682373047,9.24521541595459,,,,,,,,,,,9.548189163208008,8.761959075927734,7.46115255355835,6.831823348999023,12.064868927001953,12.956595420837402,9.636106491088867,5.400944232940674,11.178781509399414,11.641464233398438,,,,,,,,,,,,,,,,,,,,,,,,,,,,,,,,,,,,,,,,
9,1789,,,,,,,,,,,,,,,,,,,,,,,,,,,,,,,,,,,,,,,,,0.288989394903183,0.42187654972076416,0.23840250074863434,0.21685205399990082,0.2113545686006546,0.2064255028963089,0.241946280002594,0.3745213747024536,0.44837644696235657,0.24114905297756195,5.606280326843262,6.033924579620361,6.116262435913086,5.1424078941345215,4.945019721984863,4.8925323486328125,5.7556586265563965,5.752917289733887,5.692296504974365,6.125506401062012,,,,,,,,,,,7.230452060699463,7.190431594848633,7.035048484802246,6.4734625816345215,6.5781755447387695,7.363046169281006,8.048784255981445,7.21766996383667,7.686784267425537,7.480661392211914,,,,,,,,,,,,,,,,,,,,,,,,,,,,,,,,,,,,,,,,
9,1794,,,,,,,,,,,,,,,,,,,,,,,,,,,,,,,,,,,,,,,,,0.26471084356307983,0.25657787919044495,0.14305071532726288,0.17187246680259705,0.3500916361808777,0.21798230707645416,0.3823993504047394,0.17122448980808258,0.012679198756814003,0.6765196919441223,5.229336261749268,4.3107991218566895,5.082423686981201,4.763817310333252,6.479188442230225,6.045362949371338,6.256063938140869,3.990792989730835,1.214089274406433,8.92148494720459,,,,,,,,,,,6.852669715881348,5.6075334548950195,5.449500560760498,5.763124942779541,8.466238975524902,7.56635046005249,10.11880874633789,4.880245685577393,1.2926148176193237,12.529605865478516,,,,,,,,,,,,,,,,,,,,,,,,,,,,,,,,,,,,,,,,
9,1799,,,,,,,,,,,,,,,,,,,,,,,,,,,,,,,,,,,,,,,,,0.39144814014434814,0.3416808843612671,0.13601230084896088,0.13640546798706055,0.8711909651756287,0.5836902856826782,0.5358710289001465,0.13161484897136688,0.38693663477897644,0.39963072538375854,7.012709140777588,5.710130214691162,3.8836417198181152,4.02345085144043,11.225909233093262,10.508814811706543,8.938356399536133,4.072375774383545,7.140739440917969,7.61096715927124,,,,,,,,,,,8.409283638000488,6.471018314361572,5.313745498657227,5.1341753005981445,13.355382919311523,12.38132381439209,11.978459358215332,4.278693675994873,7.140739440917969,9.630008697509766,,,,,,,,,,,,,,,,,,,,,,,,,,,,,,,,,,,,,,,,
9,1804,,,,,,,,,,,,,,,,,,,,,,,,,,,,,,,,,,,,,,,,,0.25497910380363464,0.1779877096414566,0.2172006219625473,0.3778783977031708,0.07841841876506805,0.38782641291618347,0.3468914031982422,0.1604590266942978,0.1335437148809433,0.4146062433719635,5.3437323570251465,4.164531230926514,5.963653564453125,6.384481430053711,3.228827953338623,6.892821788787842,6.587899208068848,3.9896140098571777,3.2707462310791016,7.611012935638428,,,,,,,,,,,6.932863712310791,4.67043399810791,6.714941024780273,8.545372009277344,4.006901741027832,10.092401504516602,9.63757038116455,4.72433614730835,4.1950297355651855,9.808783531188965,,,,,,,,,,,,,,,,,,,,,,,,,,,,,,,,,,,,,,,,
9,1809,,,,,,,,,,,,,,,,,,,,,,,,,,,,,,,,,,,,,,,,,0.6810105443000793,0.8226879239082336,0.5033230185508728,0.7152997851371765,0.3547128736972809,0.4629766345024109,0.19976750016212463,1.1990795135498047,1.428301453590393,0.44294631481170654,8.718884468078613,7.917501449584961,7.9742302894592285,10.68842887878418,7.408502578735352,9.183378219604492,5.883491516113281,10.446911811828613,11.732748031616211,7.23475980758667,,,,,,,,,,,10.628345489501953,10.041067123413086,10.221980094909668,11.757065773010254,8.521933555603027,11.026949882507324,7.313633441925049,12.914651870727539,13.719340324401855,10.138477325439453,,,,,,,,,,,,,,,,,,,,,,,,,,,,,,,,,,,,,,,,
9,1814,,,,,,,,,,,,,,,,,,,,,,,,,,,,,,,,,,,,,,,,,0.40854713320732117,0.3453032672405243,0.2905447483062744,0.29891934990882874,0.39096903800964355,0.8252140283584595,0.3169231712818146,0.4523372948169708,0.5423778295516968,0.21433551609516144,7.160868167877197,5.7454657554626465,6.7245330810546875,7.222194194793701,7.169563293457031,10.999709129333496,7.02739953994751,7.133993625640869,6.929599761962891,5.495351314544678,,,,,,,,,,,8.687920570373535,6.505229473114014,7.766372203826904,7.600320816040039,8.946864128112793,14.721741676330566,9.211869239807129,7.932131290435791,8.45423412322998,7.05251932144165,,,,,,,,,,,,,,,,,,,,,,,,,,,,,,,,,,,,,,,,
9,1819,,,,,,,,,,,,,,,,,,,,,,,,,,,,,,,,,,,,,,,,,0.26865339279174805,0.3525717258453369,0.2240571826696396,0.35479557514190674,0.30226102471351624,0.40912002325057983,0.2825355529785156,0.059731170535087585,0.12772099673748016,0.3050873875617981,5.940410137176514,5.205463886260986,6.608544826507568,6.629415988922119,6.427964687347412,8.019708633422852,7.453700542449951,2.6312854290008545,3.3836734294891357,7.103934288024902,,,,,,,,,,,7.11144495010376,6.573338508605957,6.820105075836182,8.28026008605957,7.866666316986084,10.365761756896973,8.697758674621582,2.8824331760406494,4.102554798126221,8.414133071899414,,,,,,,,,,,,,,,,,,,,,,,,,,,,,,,,,,,,,,,,
9,1824,,,,,,,,,,,,,,,,,,,,,,,,,,,,,,,,,,,,,,,,,0.4196030795574188,0.8823895454406738,0.6041685342788696,0.2950509786605835,0.4552156329154968,0.4015403091907501,0.2800010144710541,0.04232242703437805,0.49964722990989685,0.3160918951034546,6.809258460998535,7.701489448547363,9.34001350402832,6.666481018066406,6.321248531341553,8.091568946838379,6.5827250480651855,2.394137382507324,7.319282054901123,6.86638069152832,,,,,,,,,,,8.537386894226074,10.39902114868164,11.199295043945312,7.5509819984436035,9.654021263122559,10.26928997039795,8.658658027648926,2.426297187805176,8.114374160766602,8.56453800201416,,,,,,,,,,,,,,,,,,,,,,,,,,,,,,,,,,,,,,,,
9,1829,,,,,,,,,,,,,,,,,,,,,,,,,,,,,,,,,,,,,,,,,0.37886711955070496,0.5803600549697876,0.24102410674095154,0.023139238357543945,0.24897494912147522,0.3517999053001404,0.6657427549362183,0.7577992081642151,0.33040887117385864,0.21055512130260468,5.710324764251709,5.948994159698486,4.502092361450195,1.6667861938476562,6.022028923034668,6.4166178703308105,10.362947463989258,6.597296714782715,4.860928058624268,5.015228748321533,,,,,,,,,,,7.953378677368164,8.433562278747559,7.073622703552246,2.1146059036254883,7.1396589279174805,9.61221981048584,13.35131549835205,10.266816139221191,6.5985589027404785,6.990047931671143,,,,,,,,,,,,,,,,,,,,,,,,,,,,,,,,,,,,,,,,
9,1834,,,,,,,,,,,,,,,,,,,,,,,,,,,,,,,,,,,,,,,,,0.3324410617351532,0.28956449031829834,0.24162083864212036,0.6261551380157471,0.2119968980550766,0.43104860186576843,0.23415285348892212,0.30612584948539734,0.33161288499832153,0.3196921944618225,6.283047199249268,5.395825386047363,5.092657089233398,8.633659362792969,4.961441993713379,9.026739120483398,5.353646278381348,6.0796637535095215,5.008275032043457,6.995515823364258,,,,,,,,,,,7.881657123565674,5.957100868225098,7.082374095916748,11.000080108642578,6.58816385269165,10.639935493469238,7.918091297149658,6.525424480438232,6.610571384429932,8.613173484802246,,,,,,,,,,,,,,,,,,,,,,,,,,,,,,,,,,,,,,,,
9,1839,,,,,,,,,,,,,,,,,,,,,,,,,,,,,,,,,,,,,,,,,0.43281692266464233,0.5249084830284119,0.654768705368042,0.3163827657699585,0.1904495805501938,0.5531495213508606,0.6261257529258728,0.39789044857025146,0.24841907620429993,0.383258193731308,7.218314170837402,5.827508926391602,10.074978828430176,6.5642218589782715,5.176577568054199,9.055489540100098,10.323454856872559,6.468488693237305,3.9799764156341553,7.494134426116943,,,,,,,,,,,9.037297248840332,8.020548820495605,11.658845901489258,7.819180965423584,6.244384765625,12.053054809570312,12.947965621948242,7.439444065093994,5.721577167510986,9.430679321289062,,,,,,,,,,,,,,,,,,,,,,,,,,,,,,,,,,,,,,,,
9,1844,,,,,,,,,,,,,,,,,,,,,,,,,,,,,,,,,,,,,,,,,0.3865247070789337,0.7276343107223511,0.5096426010131836,0.45183444023132324,0.14447787404060364,0.2856975495815277,0.3057078719139099,0.4433269500732422,0.28777986764907837,0.3226209282875061,6.330437660217285,7.865993976593018,8.484067916870117,6.905105113983154,4.2975687980651855,5.453602313995361,6.753692626953125,6.78977632522583,5.080007076263428,5.344127178192139,,,,,,,,,,,8.320584297180176,9.443192481994629,10.2859525680542,9.344252586364746,5.438766002655029,8.66221809387207,9.047407150268555,7.852732181549072,6.158195972442627,8.65253734588623,,,,,,,,,,,,,,,,,,,,,,,,,,,,,,,,,,,,,,,,
9,1849,,,,,,,,,,,,,,,,,,,,,,,,,,,,,,,,,,,,,,,,,0.3635486960411072,0.30389171838760376,0.28440427780151367,0.5354728698730469,0.4662713408470154,0.6402326226234436,0.19553104043006897,0.4111326336860657,0.19782285392284393,0.23717904090881348,6.218675136566162,4.665491580963135,5.248169898986816,7.480110168457031,7.745532035827637,9.338836669921875,5.033278465270996,6.1145782470703125,3.6514317989349365,6.690648555755615,,,,,,,,,,,8.22435188293457,6.102695941925049,7.683864116668701,10.172402381896973,9.770549774169922,12.967157363891602,7.235668182373047,7.56222677230835,5.105773448944092,7.418828964233398,,,,,,,,,,,,,,,,,,,,,,,,,,,,,,,,,,,,,,,,
9,1854,,,,,,,,,,,,,,,,,,,,,,,,,,,,,,,,,,,,,,,,,0.28201770782470703,0.25725552439689636,0.3894712030887604,0.2538219392299652,0.4101168215274811,0.39882567524909973,0.38204461336135864,0.12346232682466507,0.19986633956432343,0.12329475581645966,6.1181464195251465,4.421077728271484,8.210227012634277,5.460310459136963,7.533616065979004,8.988760948181152,8.010152816772461,3.718386173248291,4.3483381271362305,4.372447490692139,,,,,,,,,,,7.305269241333008,5.614933490753174,8.99185562133789,7.003569602966309,9.163331985473633,10.234518051147461,10.114113807678223,4.144059181213379,5.132076263427734,5.34896183013916,,,,,,,,,,,,,,,,,,,,,,,,,,,,,,,,,,,,,,,,
9,1859,,,,,,,,,,,,,,,,,,,,,,,,,,,,,,,,,,,,,,,,,0.5097084641456604,0.3416411280632019,0.38080450892448425,1.2097851037979126,0.5123299360275269,0.46610787510871887,0.4634244740009308,0.18817350268363953,0.4889979958534241,0.5361117720603943,7.55899715423584,5.44284200668335,7.31023645401001,11.51043701171875,6.884559631347656,9.33186149597168,8.729748725891113,4.6344099044799805,6.6688337326049805,7.518039226531982,,,,,,,,,,,9.7105131149292,6.470641613006592,8.891247749328613,15.290054321289062,10.241758346557617,11.064176559448242,11.139360427856445,5.116087913513184,8.027435302734375,11.153851509094238,,,,,,,,,,,,,,,,,,,,,,,,,,,,,,,,,,,,,,,,
9,1864,,,,,,,,,,,,,,,,,,,,,,,,,,,,,,,,,,,,,,,,,0.6669039130210876,0.6240069270133972,0.8683832883834839,0.7655557990074158,0.7177886366844177,0.8330689072608948,0.30661842226982117,1.1331547498703003,0.09182103723287582,0.6617377400398254,8.523634910583496,7.607747554779053,11.590255737304688,8.957521438598633,8.643596649169922,10.798710823059082,6.520539283752441,10.121828079223633,2.2529232501983643,10.219590187072754,,,,,,,,,,,10.970547676086426,8.744942665100098,13.426641464233398,12.163071632385254,12.122660636901855,14.79163932800293,9.060870170593262,12.55461311340332,3.4785192012786865,12.391965866088867,,,,,,,,,,,,,,,,,,,,,,,,,,,,,,,,,,,,,,,,
9,1869,,,,,,,,,,,,,,,,,,,,,,,,,,,,,,,,,,,,,,,,,0.3163559138774872,0.36812061071395874,0.4237936735153198,0.2890012860298157,0.10264971107244492,0.506727397441864,0.2655744254589081,0.21637235581874847,0.47032517194747925,0.20463861525058746,6.311030864715576,5.400297164916992,7.131360054016113,6.903639316558838,3.873234510421753,8.876708030700684,6.498612403869629,4.9916863441467285,7.006137847900391,6.1176018714904785,,,,,,,,,,,7.596962928771973,6.716722011566162,9.379698753356934,7.47316837310791,4.584357738494873,11.53620719909668,8.432647705078125,5.486047744750977,7.872676372528076,6.891138553619385,,,,,,,,,,,,,,,,,,,,,,,,,,,,,,,,,,,,,,,,
9,1874,,,,,,,,,,,,,,,,,,,,,,,,,,,,,,,,,,,,,,,,,0.3731376528739929,0.5561001300811768,0.24648642539978027,0.28350794315338135,0.26782578229904175,0.2611022889614105,0.31953516602516174,0.46832403540611267,0.3081209361553192,0.647236168384552,6.9862589836120605,7.315917015075684,6.607967853546143,6.485170364379883,6.018132209777832,7.0210371017456055,7.796826362609863,7.393324375152588,4.807464599609375,9.430490493774414,,,,,,,,,,,8.27165699005127,8.255412101745605,7.1533284187316895,7.4018025398254395,7.405013084411621,8.280969619750977,9.24975299835205,8.071085929870605,6.372119426727295,12.255430221557617,,,,,,,,,,,,,,,,,,,,,,,,,,,,,,,,,,,,,,,,
9,1879,,,,,,,,,,,,,,,,,,,,,,,,,,,,,,,,,,,,,,,,,0.30249717831611633,0.240689218044281,0.17832942306995392,0.21431690454483032,0.470974862575531,0.2992174029350281,0.34898778796195984,0.42156699299812317,0.3208799362182617,0.22751212120056152,6.0872368812561035,4.516027450561523,4.898292541503906,5.5569376945495605,7.432304382324219,6.959586143493652,6.845032691955566,6.1979193687438965,5.577524662017822,6.801504611968994,,,,,,,,,,,7.5254058837890625,5.4311347007751465,6.084475517272949,6.435512065887451,9.819706916809082,8.864806175231934,9.666648864746094,7.657588005065918,6.502712726593018,7.266068458557129,,,,,,,,,,,,,,,,,,,,,,,,,,,,,,,,,,,,,,,,
9,1884,,,,,,,,,,,,,,,,,,,,,,,,,,,,,,,,,,,,,,,,,0.5473718643188477,0.30526983737945557,0.13170969486236572,0.31100115180015564,0.5129694938659668,1.1848500967025757,1.0028547048568726,0.45076942443847656,0.5552354454994202,0.47168710827827454,7.697088718414307,5.203846454620361,4.489315509796143,5.746011257171631,9.453322410583496,10.848881721496582,12.247207641601562,6.140796661376953,8.148935317993164,6.995482444763184,,,,,,,,,,,10.034171104431152,6.116517066955566,5.229022979736328,7.752395153045654,10.248147964477539,17.640365600585938,16.38663673400879,7.918373107910156,8.553854942321777,10.462228775024414,,,,,,,,,,,,,,,,,,,,,,,,,,,,,,,,,,,,,,,,
9,1889,,,,,,,,,,,,,,,,,,,,,,,,,,,,,,,,,,,,,,,,,0.36239299178123474,0.30517005920410156,0.5773981213569641,0.27591460943222046,0.3034402132034302,0.3188667595386505,0.38327130675315857,0.49006661772727966,0.4778634309768677,0.12954579293727875,6.5424323081970215,4.99692964553833,8.70627498626709,5.357997417449951,6.352321624755859,7.640161037445068,8.64648151397705,6.68035888671875,5.645921230316162,4.85544490814209,,,,,,,,,,,8.13379955291748,6.115518093109131,10.94836711883545,7.302006721496582,7.881996154785156,9.151251792907715,10.130338668823242,8.256316184997559,7.935515880584717,5.482881546020508,,,,,,,,,,,,,,,,,,,,,,,,,,,,,,,,,,,,,,,,
9,1894,,,,,,,,,,,,,,,,,,,,,,,,,,,,,,,,,,,,,,,,,0.47044622898101807,0.312654584646225,0.6837603449821472,0.6518557071685791,0.4462605118751526,0.33636489510536194,0.4377135932445526,0.3635028004646301,0.510112464427948,0.4917910099029541,7.364012241363525,4.617035388946533,8.64414119720459,8.973898887634277,7.96990966796875,8.147852897644043,8.73165512084961,5.321661949157715,6.464146614074707,7.405804634094238,,,,,,,,,,,9.455975532531738,6.190056800842285,11.914164543151855,11.223559379577637,9.55859088897705,9.398990631103516,10.825943946838379,7.110703468322754,8.19891357421875,10.682859420776367,,,,,,,,,,,,,,,,,,,,,,,,,,,,,,,,,,,,,,,,
9,1899,,,,,,,,,,,,,,,,,,,,,,,,,,,,,,,,,,,,,,,,,0.23225270211696625,0.23015566170215607,0.13574081659317017,0.12872019410133362,0.4522482454776764,0.17716410756111145,0.07068345695734024,0.08886440843343735,0.25689300894737244,0.5498046278953552,4.80718469619751,4.210266590118408,3.693606376647949,3.9646215438842773,7.214010715484619,5.783590316772461,3.181776762008667,2.84021258354187,4.325687885284424,8.050893783569336,,,,,,,,,,,6.33672571182251,5.31096076965332,5.308439254760742,4.9874467849731445,9.622504234313965,6.821246147155762,4.350404739379883,3.5157876014709473,5.818345069885254,11.295393943786621,,,,,,,,,,,,,,,,,,,,,,,,,,,,,,,,,,,,,,,,
9,1904,,,,,,,,,,,,,,,,,,,,,,,,,,,,,,,,,,,,,,,,,0.2880973815917969,0.2598201036453247,0.14459648728370667,0.5062403678894043,0.15643437206745148,0.13194061815738678,0.167445570230484,0.4740133583545685,0.3128718435764313,0.4395138621330261,5.50813102722168,4.916237831115723,4.338830471038818,6.437235355377197,4.9996137619018555,4.731681823730469,5.2395124435424805,6.133883953094482,4.807013511657715,7.969165802001953,,,,,,,,,,,7.099391460418701,5.64285135269165,5.478863716125488,9.890841484069824,5.65933895111084,5.886608123779297,6.6958794593811035,8.119962692260742,6.42105770111084,10.09911823272705,,,,,,,,,,,,,,,,,,,,,,,,,,,,,,,,,,,,,,,,
9,1909,,,,,,,,,,,,,,,,,,,,,,,,,,,,,,,,,,,,,,,,,0.3095303773880005,0.31448644399642944,0.3215859830379486,0.40207433700561523,0.17914825677871704,0.1705252081155777,0.15914030373096466,0.40717291831970215,0.5857892036437988,0.24585041403770447,5.779425144195557,5.133133888244629,6.337314128875732,6.607792377471924,4.880404472351074,5.284402847290039,5.379009246826172,5.750765800476074,6.944729804992676,5.6972737312316895,,,,,,,,,,,7.370534420013428,6.208165168762207,8.170717239379883,8.81471061706543,6.05627965927124,6.692219257354736,6.527710437774658,7.525722026824951,8.786055564880371,7.553229331970215,,,,,,,,,,,,,,,,,,,,,,,,,,,,,,,,,,,,,,,,
9,1914,,,,,,,,,,,,,,,,,,,,,,,,,,,,,,,,,,,,,,,,,0.5363420248031616,0.28393521904945374,0.4306929409503937,0.42867013812065125,0.5161710977554321,0.2635725438594818,0.24117934703826904,0.8894668817520142,0.7915515303611755,0.9818387031555176,7.7261505126953125,4.6372761726379395,9.170175552368164,7.622345924377441,7.152213096618652,7.184937000274658,6.302929878234863,8.017252922058105,8.227640151977539,11.220585823059082,,,,,,,,,,,9.724788665771484,5.898911952972412,9.455739974975586,9.101573944091797,10.28007984161377,8.320050239562988,8.036017417907715,11.12304401397705,10.213225364685059,15.094449996948242,,,,,,,,,,,,,,,,,,,,,,,,,,,,,,,,,,,,,,,,
9,1919,,,,,,,,,,,,,,,,,,,,,,,,,,,,,,,,,,,,,,,,,0.49681130051612854,0.5880652070045471,0.26702022552490234,0.2705565392971039,0.3782905638217926,0.4649425148963928,0.3463210165500641,0.7115254998207092,0.8582010269165039,0.5863791704177856,7.672667503356934,6.456212997436523,5.739895343780518,6.459290027618408,7.578059196472168,8.226801872253418,7.3224005699157715,7.845268249511719,9.110455513000488,10.315627098083496,,,,,,,,,,,9.43266773223877,8.489360809326172,7.445326328277588,7.230759620666504,8.800601959228516,11.050336837768555,9.629643440246582,9.948415756225586,10.63451862335205,11.665046691894531,,,,,,,,,,,,,,,,,,,,,,,,,,,,,,,,,,,,,,,,
9,1924,,,,,,,,,,,,,,,,,,,,,,,,,,,,,,,,,,,,,,,,,0.4569648802280426,0.6157423853874207,0.43218153715133667,0.49525800347328186,0.6117399334907532,0.41287505626678467,0.25155362486839294,0.3945273160934448,0.22576671838760376,0.6730389595031738,7.484315872192383,6.384751319885254,8.592288970947266,7.5136942863464355,8.953314781188965,8.818842887878418,6.418510437011719,6.469594478607178,4.432952404022217,9.774890899658203,,,,,,,,,,,9.2348051071167,8.68683910369873,9.472067832946777,9.782968521118164,11.191365242004395,10.413223266601562,8.20703125,7.407937049865723,5.454478740692139,12.497332572937012,,,,,,,,,,,,,,,,,,,,,,,,,,,,,,,,,,,,,,,,
9,1929,,,,,,,,,,,,,,,,,,,,,,,,,,,,,,,,,,,,,,,,,0.2747756242752075,0.20539169013500214,0.4743768572807312,0.4545207619667053,0.2002382129430771,0.31548604369163513,0.21124312281608582,0.10377296060323715,0.29853957891464233,0.2094111144542694,5.7213287353515625,4.009585857391357,8.002867698669434,5.9728851318359375,5.630873203277588,6.855674743652344,6.482282638549805,3.4457781314849854,5.909645080566406,5.182369709014893,,,,,,,,,,,7.153510093688965,5.017110824584961,9.923694610595703,9.371989250183105,6.4028472900390625,9.10261058807373,7.520766258239746,3.799276113510132,6.272262096405029,6.971031665802002,,,,,,,,,,,,,,,,,,,,,,,,,,,,,,,,,,,,,,,,
9,1934,,,,,,,,,,,,,,,,,,,,,,,,,,,,,,,,,,,,,,,,,1.8045536279678345,0.7193933725357056,1.8413193225860596,3.1687355041503906,1.7996902465820312,1.3735485076904297,2.1133053302764893,1.6975263357162476,2.1613879203796387,1.366074562072754,14.13361930847168,7.527358531951904,14.2775239944458,17.43984031677246,14.647936820983887,14.247681617736816,18.064380645751953,12.624797821044922,14.950485229492188,13.422574043273926,,,,,,,,,,,18.412277221679688,9.389566421508789,19.55132484436035,24.74559211730957,19.19546127319336,18.993186950683594,23.78767204284668,15.366217613220215,16.876781463623047,17.804689407348633,,,,,,,,,,,,,,,,,,,,,,,,,,,,,,,,,,,,,,,,
9,1939,,,,,,,,,,,,,,,,,,,,,,,,,,,,,,,,,,,,,,,,,0.35380205512046814,0.2494111955165863,0.4414425492286682,0.2716003358364105,0.2024913877248764,0.13944074511528015,0.11772254854440689,0.43946388363838196,0.8353462219238281,0.487299382686615,6.104892253875732,4.527158737182617,6.589299201965332,5.852148532867432,5.328134059906006,4.7084059715271,4.992549419403076,7.000352382659912,7.785271167755127,8.160712242126465,,,,,,,,,,,7.71060848236084,5.528664588928223,9.573015213012695,7.244693756103516,6.438769817352295,6.05160665512085,5.6143646240234375,7.818443775177002,10.491957664489746,10.633962631225586,,,,,,,,,,,,,,,,,,,,,,,,,,,,,,,,,,,,,,,,
9,1939,,,,,,,,,,,,,,,,,,,,,,,,,,,,,,,,,,,,,,,,,,,,,,,,,,,6.641859531402588,5.480884552001953,6.612440586090088,6.330339431762695,6.797011852264404,8.24984359741211,7.198703289031982,5.815098285675049,5.91581392288208,7.376596450805664,0.5672751069068909,0.5577591061592102,0.6268094778060913,0.6403001546859741,0.5731772780418396,0.4852410554885864,0.5684114694595337,0.574177622795105,0.5378519296646118,0.5417476296424866,8.764424324035645,7.172786712646484,8.667618751525879,8.304108619689941,9.166823387145996,10.949316024780273,9.68719482421875,7.603365421295166,7.708221912384033,9.620380401611328,0.5148434042930603,0.5716494917869568,0.4760119318962097,0.3518688678741455,0.61846524477005,0.6181837916374207,0.4960460066795349,0.5064032673835754,0.5184773802757263,0.476484477519989,7.290808200836182,5.845873832702637,6.919129848480225,5.955012798309326,8.901444435119629,9.280702590942383,8.59055233001709,5.803869724273682,6.443539619445801,7.877148628234863,0.4278782606124878,0.39921337366104126,0.627219557762146,0.6471773386001587,0.24682432413101196,0.43724870681762695,0.48834043741226196,0.2078084945678711,0.2624293565750122,0.5346426367759705,10.012208938598633,8.576783180236816,9.360774993896484,8.824332237243652,11.742033958435059,12.89773941040039,11.435240745544434,8.297842979431152,8.73328685760498,10.24184513092041
10,1944,,,,,,,,,,,,,,,,,,,,,,,,,,,,,,,,,,,,,,,,,0.19435058534145355,0.2398461252450943,0.11389385163784027,0.21218827366828918,0.18756966292858124,0.0833093523979187,0.09846673160791397,0.1202317625284195,0.4161159098148346,0.277533620595932,4.513330459594727,4.3925862312316895,3.6926071643829346,4.082219123840332,4.564177513122559,3.6600406169891357,4.517083168029785,3.5221385955810547,5.957181930541992,6.2319416999816895,,,,,,,,,,,5.801851749420166,5.421614170074463,4.862524032592773,6.403472423553467,6.196991920471191,4.677596569061279,5.134706020355225,4.089482307434082,7.405091762542725,8.02518367767334,,,,,,,,,,,,,,,,,,,,,,,,,,,,,,,,,,,,,,,,
10,1949,,,,,,,,,,,,,,,,,,,,,,,,,,,,,,,,,,,,,,,,,0.2625463306903839,0.42594292759895325,0.20939412713050842,0.0741925910115242,0.17336811125278473,0.5755321383476257,0.3862539827823639,0.017348162829875946,0.21671661734580994,0.28416821360588074,5.406409740447998,5.549943447113037,4.633598804473877,2.8021440505981445,4.763974189758301,10.123517990112305,7.90539026260376,1.5504436492919922,5.030855655670166,6.29782247543335,,,,,,,,,,,6.782731056213379,7.225001811981201,6.593164443969727,3.786475658416748,5.95777702331543,12.294493675231934,10.169679641723633,1.5534071922302246,5.34403657913208,8.120540618896484,,,,,,,,,,,,,,,,,,,,,,,,,,,,,,,,,,,,,,,,
10,1954,,,,,,,,,,,,,,,,,,,,,,,,,,,,,,,,,,,,,,,,,0.4423050284385681,0.49984243512153625,0.24572232365608215,0.3887616991996765,1.1174932718276978,0.24974367022514343,0.40812093019485474,0.29608237743377686,0.3012683093547821,0.47371041774749756,6.492242813110352,6.3199543952941895,4.905898571014404,6.6307220458984375,9.281577110290527,5.921462059020996,6.9971394538879395,5.819631099700928,4.750939846038818,7.802859783172607,,,,,,,,,,,8.946427345275879,7.826702117919922,7.142232418060303,8.667555809020996,15.125929832458496,8.098845481872559,10.453584671020508,6.417487144470215,6.3008623123168945,10.484643936157227,,,,,,,,,,,,,,,,,,,,,,,,,,,,,,,,,,,,,,,,
10,1959,,,,,,,,,,,,,,,,,,,,,,,,,,,,,,,,,,,,,,,,,0.332206130027771,0.288310706615448,0.6018733978271484,0.3392280042171478,0.24642612040042877,0.21517246961593628,0.2158125340938568,0.5475957989692688,0.16304075717926025,0.3723953366279602,6.300230026245117,4.570879936218262,9.272529602050781,5.777657985687256,5.970743179321289,5.1732072830200195,6.114497184753418,7.553513050079346,4.490700721740723,7.7783403396606445,,,,,,,,,,,7.788850784301758,5.944189548492432,11.178003311157227,8.096563339233398,7.103019714355469,7.517427444458008,7.601672172546387,8.72747802734375,4.635230541229248,9.29606819152832,,,,,,,,,,,,,,,,,,,,,,,,,,,,,,,,,,,,,,,,
10,1964,,,,,,,,,,,,,,,,,,,,,,,,,,,,,,,,,,,,,,,,,0.5287885069847107,0.41427159309387207,0.7583043575286865,0.5200409293174744,0.29274874925613403,0.36844900250434875,0.3743223547935486,0.7903507947921753,0.4085298478603363,0.8320791125297546,8.021100997924805,5.581070899963379,10.722919464111328,8.934175491333008,5.735611438751221,7.665031433105469,7.621307373046875,8.808698654174805,6.131202697753906,10.989890098571777,,,,,,,,,,,9.8894624710083,7.125328063964844,12.546813011169434,10.024752616882324,7.741893291473389,9.837042808532715,10.011373519897461,10.485005378723145,7.337281703948975,13.895669937133789,,,,,,,,,,,,,,,,,,,,,,,,,,,,,,,,,,,,,,,,
10,1969,,,,,,,,,,,,,,,,,,,,,,,,,,,,,,,,,,,,,,,,,0.3675748109817505,0.6212923526763916,0.5448841452598572,0.21465174853801727,0.34690964221954346,0.3757760524749756,0.16701671481132507,0.4475427269935608,0.44056031107902527,0.14953938126564026,6.450938701629639,7.13626766204834,7.423515796661377,5.873889923095703,6.813345909118652,7.474547386169434,5.316395282745361,7.253717422485352,5.932692527770996,4.834075450897217,,,,,,,,,,,8.02796745300293,8.725900650024414,10.635642051696777,6.440536975860596,8.4276762008667,9.934371948242188,6.687299728393555,7.889981269836426,7.6194915771484375,5.890810012817383,,,,,,,,,,,,,,,,,,,,,,,,,,,,,,,,,,,,,,,,
10,1974,,,,,,,,,,,,,,,,,,,,,,,,,,,,,,,,,,,,,,,,,0.2911166548728943,0.1403646469116211,0.4660170078277588,0.15435881912708282,0.26356643438339233,0.31379878520965576,0.29071590304374695,0.27661454677581787,0.31964632868766785,0.39496761560440063,5.690001964569092,3.3358466625213623,7.965031623840332,4.1161088943481445,5.850913047790527,7.181140899658203,6.82293176651001,4.495973587036133,4.195967674255371,7.2461018562316895,,,,,,,,,,,7.43985652923584,4.14754581451416,9.835865020751953,5.46160888671875,7.3458943367004395,9.07823657989502,8.822774887084961,6.202920913696289,6.490200519561768,9.57365894317627,,,,,,,,,,,,,,,,,,,,,,,,,,,,,,,,,,,,,,,,
10,1979,,,,,,,,,,,,,,,,,,,,,,,,,,,,,,,,,,,,,,,,,0.29325637221336365,0.20310655236244202,0.596919059753418,0.436145544052124,0.6655154228210449,0.16676202416419983,0.2502061724662781,0.07395805418491364,0.15612956881523132,0.09056486189365387,5.374091148376465,4.048617839813232,8.731225967407227,6.865342140197754,6.448451042175293,4.568562984466553,6.556387901306152,3.0621700286865234,4.430905342102051,3.6551589965820312,,,,,,,,,,,7.122795104980469,4.989123344421387,11.131900787353516,9.180590629577637,11.672898292541504,6.617964267730713,8.18502140045166,3.207388162612915,4.535925388336182,4.5843424797058105,,,,,,,,,,,,,,,,,,,,,,,,,,,,,,,,,,,,,,,,
10,1984,,,,,,,,,,,,,,,,,,,,,,,,,,,,,,,,,,,,,,,,,0.34876298904418945,0.25520652532577515,0.1136510893702507,0.5693243145942688,0.4341147541999817,0.45096510648727417,0.34780043363571167,0.24186253547668457,0.26682257652282715,0.4591197371482849,6.191735744476318,4.2584638595581055,3.4037044048309326,8.709259986877441,7.657372951507568,6.933884620666504,6.487046718597412,4.328834056854248,5.254602909088135,8.692450523376465,,,,,,,,,,,8.105721473693848,5.592528343200684,4.857339382171631,10.48901653289795,9.427616119384766,10.882966995239258,9.650190353393555,5.800200462341309,5.929725170135498,10.32191276550293,,,,,,,,,,,,,,,,,,,,,,,,,,,,,,,,,,,,,,,,
10,1989,,,,,,,,,,,,,,,,,,,,,,,,,,,,,,,,,,,,,,,,,0.24724896252155304,0.6122406721115112,0.2423500269651413,0.0574319064617157,0.2553290128707886,0.3346869945526123,0.33688175678253174,0.12391117215156555,0.07707890123128891,0.18533018231391907,5.293848991394043,6.558766841888428,6.3032636642456055,2.7131991386413574,5.228594779968262,7.1119608879089355,7.067076683044434,4.151585578918457,3.187065601348877,5.323127269744873,,,,,,,,,,,6.565160274505615,8.662102699279785,7.093052387237549,3.3314361572265625,7.230190277099609,9.375517845153809,9.497505187988281,4.151585578918457,3.187065601348877,6.557982921600342,,,,,,,,,,,,,,,,,,,,,,,,,,,,,,,,,,,,,,,,
10,1994,,,,,,,,,,,,,,,,,,,,,,,,,,,,,,,,,,,,,,,,,0.3471429944038391,0.4543670415878296,0.16489563882350922,0.26483452320098877,0.5416682362556458,0.656844973564148,0.31900620460510254,0.04759538173675537,0.2975594401359558,0.37751543521881104,6.349345684051514,6.440782070159912,4.1845245361328125,5.877357482910156,7.6966233253479,10.137085914611816,7.782502174377441,2.30851411819458,5.823163986206055,6.893556118011475,,,,,,,,,,,7.952103614807129,7.462179660797119,5.850813388824463,7.153888702392578,10.53092098236084,13.13431167602539,9.242094039916992,2.5730080604553223,6.261958122253418,9.359756469726562,,,,,,,,,,,,,,,,,,,,,,,,,,,,,,,,,,,,,,,,
10,1999,,,,,,,,,,,,,,,,,,,,,,,,,,,,,,,,,,,,,,,,,0.32177141308784485,0.31386715173721313,0.3534819483757019,0.32447299361228943,0.45038148760795593,0.22274497151374817,0.43281736969947815,0.4221794307231903,0.07872601598501205,0.2972713112831116,6.470702171325684,5.142424583435059,6.660820960998535,6.478448390960693,7.585042476654053,6.523566246032715,9.107148170471191,6.952907562255859,2.6848907470703125,7.101070880889893,,,,,,,,,,,7.765896320343018,6.202049255371094,8.566338539123535,7.91852331161499,9.60262393951416,7.648562431335449,10.765225410461426,7.663147926330566,3.2209384441375732,8.305651664733887,,,,,,,,,,,,,,,,,,,,,,,,,,,,,,,,,,,,,,,,
10,2004,,,,,,,,,,,,,,,,,,,,,,,,,,,,,,,,,,,,,,,,,0.4140133857727051,0.6794987320899963,0.39507007598876953,0.22884340584278107,0.5748103260993958,0.32400617003440857,0.5154164433479309,0.19914524257183075,0.38443663716316223,0.42489320039749146,7.041903495788574,7.650962829589844,7.0863752365112305,5.421425819396973,8.540268898010254,7.245231628417969,9.470556259155273,4.614293575286865,5.630566120147705,7.717451572418213,,,,,,,,,,,8.773655891418457,9.12549877166748,9.056257247924805,6.65003776550293,10.848305702209473,9.22470474243164,11.747621536254883,5.263124942779541,7.11763334274292,9.929722785949707,,,,,,,,,,,,,,,,,,,,,,,,,,,,,,,,,,,,,,,,
10,2009,,,,,,,,,,,,,,,,,,,,,,,,,,,,,,,,,,,,,,,,,0.4368329644203186,0.3631790578365326,0.40321576595306396,0.39106473326683044,0.4163675606250763,0.5174920558929443,0.2517240643501282,0.276180624961853,1.1082587242126465,0.2040141075849533,6.80586051940918,4.990814208984375,8.354228973388672,6.585677146911621,7.465655326843262,9.625001907348633,7.039209365844727,4.189694404602051,7.934843063354492,5.067617893218994,,,,,,,,,,,8.753134727478027,6.671487808227539,9.14914321899414,8.693190574645996,9.23289966583252,11.658098220825195,8.209811210632324,6.19805383682251,12.084922790527344,6.880615234375,,,,,,,,,,,,,,,,,,,,,,,,,,,,,,,,,,,,,,,,
10,2014,,,,,,,,,,,,,,,,,,,,,,,,,,,,,,,,,,,,,,,,,0.230267733335495,0.09181375801563263,0.12125752866268158,0.12119312584400177,0.09800480306148529,0.46507319808006287,0.22696714103221893,0.42885127663612366,0.2829239070415497,0.23632483184337616,5.377710819244385,2.93713641166687,4.843177795410156,4.445531845092773,3.468881845474243,9.009743690490723,6.386953830718994,6.424021244049072,5.191999435424805,5.691952228546143,,,,,,,,,,,6.419222354888916,3.354410171508789,5.017252445220947,4.8394269943237305,4.479435920715332,11.051888465881348,7.79564905166626,7.723464012145996,6.106019020080566,7.405457496643066,,,,,,,,,,,,,,,,,,,,,,,,,,,,,,,,,,,,,,,,
10,2019,,,,,,,,,,,,,,,,,,,,,,,,,,,,,,,,,,,,,,,,,0.34869903326034546,0.3890971839427948,0.30856749415397644,0.8903371095657349,0.24423742294311523,0.49875500798225403,0.2734919488430023,0.1653699278831482,0.1006913036108017,0.2677440941333771,6.382901668548584,5.1746063232421875,7.144690036773682,12.274508476257324,5.548063278198242,8.146768569946289,6.7977375984191895,3.348050832748413,2.759441375732422,6.252246379852295,,,,,,,,,,,7.935671329498291,6.9054388999938965,8.00362491607666,13.116927146911621,7.071405410766602,11.445096969604492,8.557424545288086,4.796086311340332,3.642664909362793,7.882376194000244,,,,,,,,,,,,,,,,,,,,,,,,,,,,,,,,,,,,,,,,
10,2024,,,,,,,,,,,,,,,,,,,,,,,,,,,,,,,,,,,,,,,,,0.3148574233055115,0.25350332260131836,0.1602785289287567,0.6094348430633545,0.2977890372276306,0.5926393866539001,0.13876256346702576,0.4195241928100586,0.11613868176937103,0.24564631283283234,6.114753723144531,4.205428123474121,4.825858116149902,9.031021118164062,5.900362491607666,11.341790199279785,4.756832599639893,6.064925670623779,3.3717541694641113,5.534811973571777,,,,,,,,,,,7.519465923309326,5.5738348960876465,5.768319606781006,10.852218627929688,7.808255195617676,12.47587776184082,6.095466613769531,7.639012813568115,3.9121158123016357,7.550093173980713,,,,,,,,,,,,,,,,,,,,,,,,,,,,,,,,,,,,,,,,
10,2029,,,,,,,,,,,,,,,,,,,,,,,,,,,,,,,,,,,,,,,,,0.43677574396133423,0.30409565567970276,0.40402138233184814,0.7129948139190674,0.4392527639865875,0.7367712259292603,0.4133264124393463,0.2456330507993698,0.2775673270225525,0.39731886982917786,7.712823867797852,4.656677722930908,8.027322769165039,10.212358474731445,7.608513832092285,12.5723876953125,8.617291450500488,4.846715450286865,4.754364967346191,8.119778633117676,,,,,,,,,,,9.156686782836914,6.104743480682373,9.158278465270996,11.738106727600098,9.483242988586426,13.910482406616211,10.520038604736328,5.845236778259277,6.047939777374268,9.602112770080566,,,,,,,,,,,,,,,,,,,,,,,,,,,,,,,,,,,,,,,,
10,2034,,,,,,,,,,,,,,,,,,,,,,,,,,,,,,,,,,,,,,,,,0.5785168409347534,1.3549622297286987,0.10660367459058762,0.13885532319545746,0.3669911324977875,0.7525532245635986,0.26905784010887146,0.9109617471694946,0.7810583114624023,0.5256083011627197,8.121465682983398,10.111258506774902,3.7406563758850098,4.734130859375,6.973762512207031,11.051905632019043,7.8823723793029785,10.105912208557129,10.071887969970703,8.421305656433105,,,,,,,,,,,9.603471755981445,12.886229515075684,4.704329967498779,5.1800761222839355,8.668169975280762,14.058677673339844,8.487770080566406,11.256640434265137,10.145302772521973,11.044048309326172,,,,,,,,,,,,,,,,,,,,,,,,,,,,,,,,,,,,,,,,
10,2039,,,,,,,,,,,,,,,,,,,,,,,,,,,,,,,,,,,,,,,,,0.3075586259365082,0.39661139249801636,0.25716346502304077,0.053923916071653366,0.2943052351474762,0.5534051060676575,0.3304729759693146,0.21468022465705872,0.13661682605743408,0.5308483242988586,5.739046096801758,4.711705684661865,5.2919135093688965,2.795539617538452,6.233335494995117,8.485406875610352,7.413027286529541,3.6129074096679688,3.4210214614868164,9.686555862426758,,,,,,,,,,,7.5042290687561035,6.971799373626709,7.306616306304932,3.2280900478363037,7.762446403503418,12.055839538574219,9.406731605529785,5.464554309844971,4.243022441864014,11.098963737487793,,,,,,,,,,,,,,,,,,,,,,,,,,,,,,,,,,,,,,,,
10,2044,,,,,,,,,,,,,,,,,,,,,,,,,,,,,,,,,,,,,,,,,0.28140148520469666,0.24862873554229736,0.15596316754817963,0.3140047788619995,0.4124419391155243,0.24389390647411346,0.20483432710170746,0.050656359642744064,0.7709168195724487,0.13127315044403076,5.33949613571167,4.223953723907471,3.7746834754943848,5.9944891929626465,6.738932132720947,6.59914493560791,6.100420951843262,2.3695054054260254,8.022522926330566,4.231813907623291,,,,,,,,,,,6.872374057769775,5.519985675811768,5.690136432647705,7.789741039276123,9.189270973205566,8.003434181213379,7.405803203582764,2.6544573307037354,10.079222679138184,5.519315242767334,,,,,,,,,,,,,,,,,,,,,,,,,,,,,,,,,,,,,,,,
10,2049,,,,,,,,,,,,,,,,,,,,,,,,,,,,,,,,,,,,,,,,,1.4974526166915894,0.5695871710777283,2.00545597076416,2.285651206970215,1.5665373802185059,0.9922664761543274,1.3531699180603027,2.033412456512451,2.0447776317596436,0.6262151598930359,12.678887367248535,5.956567764282227,17.91632843017578,16.770002365112305,12.82458209991455,13.163039207458496,12.998945236206055,11.53824234008789,14.44403076171875,8.498247146606445,,,,,,,,,,,16.461145401000977,8.354921340942383,20.404136657714844,21.0164737701416,17.908946990966797,16.143213272094727,19.03474235534668,16.817888259887695,16.415205001831055,12.054771423339844,,,,,,,,,,,,,,,,,,,,,,,,,,,,,,,,,,,,,,,,
10,2054,,,,,,,,,,,,,,,,,,,,,,,,,,,,,,,,,,,,,,,,,0.600306510925293,1.3219331502914429,0.24314911663532257,0.41200464963912964,0.28565168380737305,0.6090893745422363,0.4243185222148895,0.9741798043251038,0.7701254487037659,0.3623069226741791,8.439475059509277,9.436029434204102,6.389725208282471,7.765545845031738,6.843968868255615,10.29148006439209,7.883111476898193,11.038710594177246,9.390525817871094,6.916180610656738,,,,,,,,,,,10.066020011901855,12.728200912475586,7.104736804962158,8.922898292541504,7.647474765777588,12.64784049987793,10.659008979797363,11.640678405761719,10.074048042297363,9.169286727905273,,,,,,,,,,,,,,,,,,,,,,,,,,,,,,,,,,,,,,,,
10,2059,,,,,,,,,,,,,,,,,,,,,,,,,,,,,,,,,,,,,,,,,0.3894519805908203,0.4347626268863678,0.31590306758880615,0.5847002267837524,0.40191832184791565,0.3602827191352844,0.1887083500623703,0.6567414402961731,0.2655528783798218,0.29649829864501953,6.962801456451416,5.177521705627441,7.060532569885254,8.72929573059082,7.701242923736572,8.003544807434082,5.474965572357178,8.714604377746582,5.324171543121338,6.479331970214844,,,,,,,,,,,8.411394119262695,7.2994208335876465,8.098201751708984,10.629712104797363,9.071279525756836,9.7274169921875,7.108309745788574,9.557756423950195,5.915600299835205,8.294845581054688,,,,,,,,,,,,,,,,,,,,,,,,,,,,,,,,,,,,,,,,
10,2064,,,,,,,,,,,,,,,,,,,,,,,,,,,,,,,,,,,,,,,,,0.2600804567337036,0.28699660301208496,0.4442194998264313,0.22600211203098297,0.28205227851867676,0.27879616618156433,0.17736509442329407,0.15397916734218597,0.22598797082901,0.2653251588344574,5.536463737487793,5.17431640625,8.168379783630371,5.175345420837402,5.3638763427734375,6.1308698654174805,4.979340076446533,3.593759298324585,4.9148478507995605,6.3274383544921875,,,,,,,,,,,7.013509273529053,5.930627822875977,9.60307788848877,6.608625411987305,7.59913969039917,8.556954383850098,6.891358852386475,4.627960681915283,5.457150459289551,7.846688270568848,,,,,,,,,,,,,,,,,,,,,,,,,,,,,,,,,,,,,,,,
10,2069,,,,,,,,,,,,,,,,,,,,,,,,,,,,,,,,,,,,,,,,,0.37886732816696167,0.3438175320625305,0.1536189764738083,0.21564744412899017,0.3750743269920349,0.5786730051040649,0.7374890446662903,0.25696778297424316,0.261546790599823,0.48697102069854736,6.82073450088501,5.703132629394531,4.193528652191162,5.343796253204346,7.04649543762207,10.455971717834473,11.270939826965332,4.723055362701416,4.392950534820557,8.256735801696777,,,,,,,,,,,8.46856689453125,6.4912190437316895,5.64721155166626,6.45545768737793,8.763110160827637,12.327995300292969,14.052337646484375,5.978579998016357,5.870809555053711,10.630378723144531,,,,,,,,,,,,,,,,,,,,,,,,,,,,,,,,,,,,,,,,
10,2074,,,,,,,,,,,,,,,,,,,,,,,,,,,,,,,,,,,,,,,,,0.41799482703208923,0.45879071950912476,0.128325417637825,0.394309937953949,0.8116404414176941,0.41794130206108093,0.18449611961841583,0.4775610864162445,0.6193095445632935,0.26957887411117554,6.806042671203613,5.515843868255615,4.035080432891846,6.740254878997803,8.397540092468262,8.267167091369629,5.296425819396973,7.519552230834961,8.87156867980957,6.6109538078308105,,,,,,,,,,,8.542097091674805,7.498415946960449,5.161405563354492,8.729186058044434,12.890847206115723,10.476917266845703,7.028528690338135,8.150293350219727,9.033939361572266,7.909337520599365,,,,,,,,,,,,,,,,,,,,,,,,,,,,,,,,,,,,,,,,
10,2079,,,,,,,,,,,,,,,,,,,,,,,,,,,,,,,,,,,,,,,,,0.5545486807823181,0.5637284517288208,0.6406984329223633,0.5965257883071899,0.3702450394630432,0.38667935132980347,0.2595445215702057,1.1978400945663452,0.34864068031311035,0.6270356774330139,8.306793212890625,7.3408002853393555,10.740962028503418,9.524713516235352,6.0922017097473145,8.485546112060547,6.285212993621826,11.713793754577637,5.34679651260376,9.231119155883789,,,,,,,,,,,9.93895149230957,8.311841011047363,11.532898902893066,10.73666763305664,8.706513404846191,10.07746696472168,8.336365699768066,12.907976150512695,6.778167247772217,12.062665939331055,,,,,,,,,,,,,,,,,,,,,,,,,,,,,,,,,,,,,,,,
10,2084,,,,,,,,,,,,,,,,,,,,,,,,,,,,,,,,,,,,,,,,,0.515488862991333,0.18644559383392334,0.554141640663147,0.6229985952377319,0.5253434181213379,0.4317103326320648,0.9274901747703552,0.5506340265274048,0.49081751704216003,0.3498181104660034,7.419364929199219,3.709207773208618,7.558599472045898,7.704429626464844,7.423155307769775,8.359613418579102,11.61386775970459,7.083125114440918,6.032712936401367,7.289577960968018,,,,,,,,,,,9.895546913146973,4.780115127563477,10.725610733032227,10.972318649291992,10.371015548706055,10.648098945617676,15.75888442993164,8.751656532287598,8.042356491088867,9.009866714477539,,,,,,,,,,,,,,,,,,,,,,,,,,,,,,,,,,,,,,,,
10,2089,,,,,,,,,,,,,,,,,,,,,,,,,,,,,,,,,,,,,,,,,0.615678071975708,0.5619038939476013,0.7655651569366455,0.4706249535083771,0.6059846878051758,0.6367107033729553,1.1593594551086426,0.3341299295425415,0.4770722985267639,0.5297513008117676,8.379932403564453,6.633835315704346,10.059744834899902,7.0306396484375,9.491593360900879,10.257715225219727,13.454179763793945,3.8932712078094482,5.753015995025635,8.8453950881958,,,,,,,,,,,10.884941101074219,8.298378944396973,12.606738090515137,9.536572456359863,11.138596534729004,12.931441307067871,17.61894416809082,6.817363262176514,7.928945541381836,11.087489128112793,,,,,,,,,,,,,,,,,,,,,,,,,,,,,,,,,,,,,,,,
10,2094,,,,,,,,,,,,,,,,,,,,,,,,,,,,,,,,,,,,,,,,,0.3318067193031311,0.4888053834438324,0.15125152468681335,0.19325296580791473,0.3196590542793274,0.7149016857147217,0.32699450850486755,0.2487993836402893,0.08012575656175613,0.46247023344039917,6.333811283111572,5.603750705718994,4.366032600402832,5.596325874328613,6.912713527679443,11.278343200683594,7.586243152618408,5.5464677810668945,2.7344436645507812,7.379978656768799,,,,,,,,,,,7.7884039878845215,7.739809513092041,5.603527545928955,6.111080646514893,8.089900016784668,13.702474594116211,9.357094764709473,5.882790565490723,3.249446153640747,10.35950756072998,,,,,,,,,,,,,,,,,,,,,,,,,,,,,,,,,,,,,,,,
10,2099,,,,,,,,,,,,,,,,,,,,,,,,,,,,,,,,,,,,,,,,,0.2632930278778076,0.21776336431503296,0.2147955447435379,0.2561782896518707,0.21234963834285736,0.6336092948913574,0.3270014524459839,0.12567144632339478,0.237822026014328,0.1444462537765503,5.673268795013428,4.413297653198242,5.4792304039001465,5.81058931350708,5.0727925300598145,9.375070571899414,7.961447715759277,3.537946939468384,4.617340087890625,4.791705131530762,,,,,,,,,,,7.0332465171813965,5.166003227233887,6.677659511566162,7.036003112792969,6.5936431884765625,12.899909019470215,9.357193946838379,4.180969715118408,5.598211765289307,5.789623737335205,,,,,,,,,,,,,,,,,,,,,,,,,,,,,,,,,,,,,,,,
10,2104,,,,,,,,,,,,,,,,,,,,,,,,,,,,,,,,,,,,,,,,,0.8062036633491516,0.386931836605072,1.3254131078720093,0.9767210483551025,0.7571613788604736,0.6139519214630127,0.7869746685028076,1.3566863536834717,0.7920931577682495,0.25989875197410583,9.686692237854004,5.563004970550537,14.366003036499023,11.534808158874512,9.939253807067871,9.897369384765625,12.378326416015625,9.508466720581055,7.959959983825684,6.03303861618042,,,,,,,,,,,12.066389083862305,6.8861985206604,16.587743759155273,13.738527297973633,12.450703620910645,12.698225975036621,14.516140937805176,13.737207412719727,10.216718673706055,7.766034126281738,,,,,,,,,,,,,,,,,,,,,,,,,,,,,,,,,,,,,,,,
10,2109,,,,,,,,,,,,,,,,,,,,,,,,,,,,,,,,,,,,,,,,,0.33542075753211975,0.34201470017433167,0.3274141550064087,0.03528234735131264,0.34660059213638306,0.6890422701835632,0.1895434856414795,0.34298568964004517,0.403540700674057,0.342362642288208,5.945194244384766,5.6704325675964355,7.190288543701172,2.570223093032837,5.444173336029053,8.008977890014648,5.417538166046143,6.230268478393555,5.363831520080566,7.611015319824219,,,,,,,,,,,7.715874671936035,6.474177837371826,8.244425773620605,2.61116099357605,8.423921585083008,13.452369689941406,7.124021530151367,6.907115459442139,7.29233980178833,8.913338661193848,,,,,,,,,,,,,,,,,,,,,,,,,,,,,,,,,,,,,,,,
10,2114,,,,,,,,,,,,,,,,,,,,,,,,,,,,,,,,,,,,,,,,,0.3177278935909271,0.2439216673374176,0.051831189543008804,0.11745667457580566,0.25435686111450195,0.40089118480682373,0.2584673762321472,0.42308399081230164,0.26309293508529663,0.8464489579200745,6.001905918121338,4.270966529846191,3.2107419967651367,3.8032562732696533,5.842599391937256,7.564276218414307,6.228089332580566,7.201731204986572,5.614426612854004,10.281063079833984,,,,,,,,,,,7.431451797485352,5.4674835205078125,3.280252456665039,4.764240741729736,7.2164130210876465,10.260986328125,8.319048881530762,7.671353816986084,5.888136386871338,14.015145301818848,,,,,,,,,,,,,,,,,,,,,,,,,,,,,,,,,,,,,,,,
10,2119,,,,,,,,,,,,,,,,,,,,,,,,,,,,,,,,,,,,,,,,,0.3521067798137665,0.2898019552230835,0.4450317919254303,0.24635069072246552,0.3619759678840637,0.34954291582107544,0.31264057755470276,0.4185211658477783,0.5289896130561829,0.2161065638065338,6.443106174468994,4.6595635414123535,8.409140586853027,6.026719570159912,5.9837212562561035,7.8259358406066895,5.987110614776611,6.697679042816162,6.762349605560303,5.635734558105469,,,,,,,,,,,8.096814155578613,5.959542751312256,9.61185359954834,6.899725437164307,8.60873794555664,9.581336975097656,9.149418830871582,7.629875183105469,8.349237442016602,7.081596851348877,,,,,,,,,,,,,,,,,,,,,,,,,,,,,,,,,,,,,,,,
10,2124,,,,,,,,,,,,,,,,,,,,,,,,,,,,,,,,,,,,,,,,,0.29118892550468445,0.3608584702014923,0.17859093844890594,0.11123961955308914,0.41635584831237793,0.2616637647151947,0.3099694848060608,0.21322719752788544,0.29816943407058716,0.4706255793571472,5.770782947540283,5.208351135253906,4.810522079467773,3.6168441772460938,6.832781791687012,6.557449817657471,7.097362041473389,4.575438022613525,4.619076251983643,8.619221687316895,,,,,,,,,,,7.352583408355713,6.650138854980469,6.088935375213623,4.636440277099609,9.232769012451172,8.289868354797363,9.110248565673828,5.446030139923096,6.268372535705566,10.450448989868164,,,,,,,,,,,,,,,,,,,,,,,,,,,,,,,,,,,,,,,,
10,2129,,,,,,,,,,,,,,,,,,,,,,,,,,,,,,,,,,,,,,,,,0.24803821742534637,0.26587873697280884,0.19496454298496246,0.24566088616847992,0.18237777054309845,0.1830783635377884,0.1924208700656891,0.3279320299625397,0.4575454294681549,0.18248514831066132,5.392252445220947,5.204824447631836,4.2913923263549805,5.468768119812012,5.216449737548828,5.888066291809082,5.0525593757629395,5.717353820800781,6.830844879150391,4.860007286071777,,,,,,,,,,,6.689912796020508,5.708263874053955,6.361938953399658,6.890058517456055,6.11062479019165,6.934168338775635,7.177891254425049,6.753838062286377,7.764980792999268,6.50745153427124,,,,,,,,,,,,,,,,,,,,,,,,,,,,,,,,,,,,,,,,
10,2133,,,,,,,,,,,,,,,,,,,,,,,,,,,,,,,,,,,,,,,,,,,,,,,,,,,6.671604156494141,5.522596836090088,6.516888618469238,6.365440845489502,6.952171325683594,8.370993614196777,7.291281700134277,5.870528221130371,5.772174835205078,7.38236141204834,0.5640160441398621,0.5469543933868408,0.6310526132583618,0.6343313455581665,0.5644839406013489,0.473202109336853,0.5604747533798218,0.5664443969726562,0.5600031018257141,0.5391979217529297,8.800379753112793,7.259880065917969,8.618203163146973,8.372721672058105,9.259706497192383,11.076617240905762,9.775858879089355,7.672094345092773,7.521223068237305,9.647107124328613,0.5101898312568665,0.5376943945884705,0.5164679288864136,0.3559918701648712,0.5552058219909668,0.6136481761932373,0.4579022526741028,0.47746413946151733,0.560356616973877,0.5169774293899536,7.357749938964844,5.436081409454346,7.3144049644470215,5.8287739753723145,8.155878067016602,9.44132137298584,8.36309814453125,6.411437511444092,7.024344444274902,8.244410514831543,0.4355822503566742,0.4517717957496643,0.5905765295028687,0.6119194030761719,0.3360799551010132,0.44451063871383667,0.5304025411605835,0.2488473653793335,0.20843183994293213,0.4977002739906311,9.979951858520508,8.193037986755371,9.81005859375,9.25474739074707,11.024352073669434,12.814250946044922,10.955132484436035,8.080053329467773,9.047323226928711,10.640605926513672
11,2134,,,,,,,,,,,,,,,,,,,,,,,,,,,,,,,,,,,,,,,,,0.32387420535087585,0.18835027515888214,0.14992180466651917,0.1427779644727707,0.45623496174812317,0.9344531893730164,0.1413833051919937,0.25259658694267273,0.4521995484828949,0.1969500482082367,5.496326446533203,4.011842727661133,4.567845344543457,4.393537521362305,6.456503868103027,8.645977020263672,4.949033260345459,5.28812837600708,5.820998668670654,5.333069324493408,,,,,,,,,,,7.502994060516357,4.804469108581543,5.578841686248779,5.252734661102295,9.664823532104492,15.665873527526855,6.1527581214904785,5.927512168884277,7.719485282897949,6.760444641113281,,,,,,,,,,,,,,,,,,,,,,,,,,,,,,,,,,,,,,,,
11,2139,,,,,,,,,,,,,,,,,,,,,,,,,,,,,,,,,,,,,,,,,0.4854445457458496,0.21681907773017883,0.4014819264411926,0.3296014070510864,0.2598825991153717,0.3802783191204071,1.2415128946304321,0.4486235976219177,0.5305607318878174,0.5602403879165649,6.717512130737305,3.7498528957366943,5.513472080230713,5.328490734100342,5.489498615264893,6.850766658782959,13.626102447509766,5.564427852630615,6.756885051727295,7.5781097412109375,,,,,,,,,,,9.49432373046875,5.154789924621582,9.129451751708984,7.9808549880981445,7.294376850128174,9.993707656860352,18.23250961303711,7.899503707885742,8.361628532409668,11.40208911895752,,,,,,,,,,,,,,,,,,,,,,,,,,,,,,,,,,,,,,,,
11,2144,,,,,,,,,,,,,,,,,,,,,,,,,,,,,,,,,,,,,,,,,0.4398481547832489,0.3392554819583893,0.09826194494962692,0.25006794929504395,0.6536114811897278,0.65617835521698,0.2552966773509979,0.35697072744369507,0.7923097610473633,0.5566811561584473,6.933081150054932,5.132467269897461,3.5982513427734375,6.323105812072754,9.558130264282227,9.839038848876953,6.811983585357666,5.2684173583984375,7.119112014770508,8.747227668762207,,,,,,,,,,,8.834457397460938,6.448009967803955,4.516523838043213,6.95158576965332,11.568032264709473,13.127644538879395,8.267865180969238,7.046525955200195,10.218114852905273,11.365811347961426,,,,,,,,,,,,,,,,,,,,,,,,,,,,,,,,,,,,,,,,
11,2149,,,,,,,,,,,,,,,,,,,,,,,,,,,,,,,,,,,,,,,,,0.708085834980011,0.7465276122093201,0.5155512094497681,0.5837145447731018,0.23059938848018646,0.964888334274292,0.6495605111122131,0.9423983693122864,1.0032153129577637,0.7363172173500061,8.29140853881836,6.804525375366211,8.236650466918945,5.960641860961914,5.245508193969727,11.195260047912598,10.135770797729492,8.30699348449707,9.015707015991211,9.721614837646484,,,,,,,,,,,11.392010688781738,9.5650053024292,10.345406532287598,10.620748519897461,6.871138572692871,15.91894817352295,13.188050270080566,11.44922161102295,11.49794864654541,13.07162857055664,,,,,,,,,,,,,,,,,,,,,,,,,,,,,,,,,,,,,,,,
11,2154,,,,,,,,,,,,,,,,,,,,,,,,,,,,,,,,,,,,,,,,,0.44907432794570923,0.3141120374202728,0.42998799681663513,0.5191144943237305,0.30540499091148376,0.5301598906517029,0.4166935682296753,0.5602895617485046,0.5004999041557312,0.4654066562652588,7.666178226470947,5.155433654785156,7.2566094398498535,9.420454025268555,6.527535915374756,9.485539436340332,7.758927822113037,7.505148410797119,7.541377067565918,8.34458065032959,,,,,,,,,,,9.2533540725708,6.204468250274658,9.447999000549316,10.015819549560547,7.907472610473633,11.7999267578125,10.562803268432617,8.828054428100586,8.121294975280762,10.392342567443848,,,,,,,,,,,,,,,,,,,,,,,,,,,,,,,,,,,,,,,,
11,2159,,,,,,,,,,,,,,,,,,,,,,,,,,,,,,,,,,,,,,,,,0.20166927576065063,0.1684650480747223,0.0954461321234703,0.22518914937973022,0.29760414361953735,0.3388725519180298,0.382669597864151,0.05450434237718582,0.1285954713821411,0.12367695569992065,4.979329586029053,3.750967502593994,3.7426278591156006,5.263680934906006,6.870652675628662,7.334465026855469,7.815938949584961,2.03971004486084,3.4377987384796143,4.558121681213379,,,,,,,,,,,6.131252765655518,4.543778896331787,4.451340675354004,6.596728324890137,7.805830001831055,9.433960914611816,10.122383117675781,2.7534313201904297,4.116576194763184,5.357245922088623,,,,,,,,,,,,,,,,,,,,,,,,,,,,,,,,,,,,,,,,
11,2164,,,,,,,,,,,,,,,,,,,,,,,,,,,,,,,,,,,,,,,,,0.3734309673309326,0.35212042927742004,0.7356759905815125,0.09599654376506805,0.3630310595035553,0.3946607708930969,0.12143293023109436,0.32290852069854736,0.5994725227355957,0.37557998299598694,6.605110168457031,5.401259422302246,9.857647895812988,3.6253068447113037,7.529296875,6.73017692565918,4.17739200592041,5.575818061828613,8.204360008239746,8.344732284545898,,,,,,,,,,,8.073832511901855,6.5691304206848145,12.358192443847656,4.307077407836914,8.621275901794434,10.180938720703125,5.702155590057373,6.701908111572266,8.888079643249512,9.335733413696289,,,,,,,,,,,,,,,,,,,,,,,,,,,,,,,,,,,,,,,,
11,2169,,,,,,,,,,,,,,,,,,,,,,,,,,,,,,,,,,,,,,,,,0.4733094274997711,0.4898023009300232,0.7566938996315002,0.6108105778694153,0.4539668560028076,0.3868202269077301,0.2824786603450775,0.5742762088775635,0.13644161820411682,0.5684943795204163,7.736257076263428,6.146598815917969,9.625139236450195,9.935389518737793,6.93183708190918,9.029128074645996,7.19858455657959,7.654220104217529,3.4443180561065674,9.661096572875977,,,,,,,,,,,9.358470916748047,7.7476983070373535,12.533482551574707,10.864459037780762,9.640769958496094,10.079301834106445,8.696883201599121,8.937561988830566,4.240301132202148,11.485774993896484,,,,,,,,,,,,,,,,,,,,,,,,,,,,,,,,,,,,,,,,
11,2174,,,,,,,,,,,,,,,,,,,,,,,,,,,,,,,,,,,,,,,,,0.48499175906181335,0.15181544423103333,0.7208019495010376,0.7058988213539124,0.3928815424442291,0.7382845282554626,0.34692418575286865,0.7171953320503235,0.37262317538261414,0.21850092709064484,7.042218208312988,3.825822114944458,8.46973705291748,8.014219284057617,6.4537882804870605,10.573587417602539,7.018121719360352,7.811295509338379,5.491361618041992,5.7220306396484375,,,,,,,,,,,9.4303560256958,4.3134050369262695,12.232624053955078,11.679547309875488,8.968720436096191,13.924760818481445,9.638026237487793,9.987975120544434,7.007421493530273,7.120718955993652,,,,,,,,,,,,,,,,,,,,,,,,,,,,,,,,,,,,,,,,
11,2179,,,,,,,,,,,,,,,,,,,,,,,,,,,,,,,,,,,,,,,,,0.5702177286148071,0.1291780024766922,0.3370247781276703,0.8018688559532166,1.3377264738082886,0.6299750804901123,0.7924217581748962,0.07106369733810425,0.06980499625205994,0.46248337626457214,8.104705810546875,3.05753231048584,7.437733173370361,8.845300674438477,12.621784210205078,8.969564437866211,12.416825294494629,2.7967286109924316,2.465764284133911,8.692183494567871,,,,,,,,,,,10.28423023223877,3.9788405895233154,8.36454963684082,12.448201179504395,16.549440383911133,12.862859725952148,14.566291809082031,3.14400053024292,3.032958745956421,10.359654426574707,,,,,,,,,,,,,,,,,,,,,,,,,,,,,,,,,,,,,,,,
11,2184,,,,,,,,,,,,,,,,,,,,,,,,,,,,,,,,,,,,,,,,,0.5770609378814697,1.0109208822250366,0.3441687822341919,0.6987379193305969,0.59417724609375,0.4841018617153168,0.6597062945365906,0.3205227553844452,0.43876367807388306,0.6424488425254822,8.161866188049316,8.695591926574707,7.2960381507873535,9.732053756713867,8.789419174194336,7.510171413421631,10.124423027038574,5.9677019119262695,6.565698146820068,8.775694847106934,,,,,,,,,,,10.36561393737793,11.130658149719238,8.452737808227539,11.620159149169922,11.029546737670898,11.275718688964844,13.29064655303955,6.677104473114014,7.603938579559326,12.21002197265625,,,,,,,,,,,,,,,,,,,,,,,,,,,,,,,,,,,,,,,,
11,2189,,,,,,,,,,,,,,,,,,,,,,,,,,,,,,,,,,,,,,,,,0.7408478260040283,0.5973958373069763,0.7893867492675781,1.0841506719589233,0.29237017035484314,0.4241659343242645,0.459477037191391,1.185884714126587,1.5814369916915894,0.25336241722106934,8.5424165725708,5.569345951080322,11.426194190979004,12.854108810424805,5.852531433105469,7.607110500335693,8.883102416992188,8.535797119140625,10.124662399291992,6.0288920402526855,,,,,,,,,,,11.129196166992188,8.556445121765137,12.801373481750488,14.474371910095215,7.7368855476379395,10.554647445678711,11.091815948486328,12.843398094177246,14.436078071594238,7.6677565574646,,,,,,,,,,,,,,,,,,,,,,,,,,,,,,,,,,,,,,,,
11,2194,,,,,,,,,,,,,,,,,,,,,,,,,,,,,,,,,,,,,,,,,0.4062720835208893,0.9820197820663452,0.2691492736339569,0.4194757640361786,0.24417217075824738,0.5780612230300903,0.45061051845550537,0.05024378374218941,0.1500728726387024,0.5126436948776245,7.089834690093994,8.129337310791016,6.582815647125244,7.744222164154053,6.072843551635742,10.53416919708252,8.855541229248047,2.5414235591888428,4.164327621459961,9.183835983276367,,,,,,,,,,,8.42474365234375,10.97039794921875,7.474949359893799,9.003437042236328,7.070461273193359,12.321476936340332,10.984275817871094,2.643625020980835,4.4470744132995605,10.90699291229248,,,,,,,,,,,,,,,,,,,,,,,,,,,,,,,,,,,,,,,,
11,2199,,,,,,,,,,,,,,,,,,,,,,,,,,,,,,,,,,,,,,,,,0.33818960189819336,0.26813220977783203,0.18618986010551453,0.050361406058073044,0.6302711963653564,0.7305086851119995,0.38428160548210144,0.28315210342407227,0.20233246684074402,0.3084770143032074,6.207644939422607,4.568985462188721,5.781417369842529,2.8528850078582764,8.360382080078125,10.341450691223145,6.887442588806152,5.752046585083008,4.3554301261901855,6.968764305114746,,,,,,,,,,,7.81376314163208,5.732403755187988,6.21712589263916,3.119635820388794,11.359609603881836,13.851236343383789,10.143681526184082,6.275792598724365,5.163640975952148,8.460745811462402,,,,,,,,,,,,,,,,,,,,,,,,,,,,,,,,,,,,,,,,
11,2204,,,,,,,,,,,,,,,,,,,,,,,,,,,,,,,,,,,,,,,,,0.23906850814819336,0.6361614465713501,0.08580946922302246,0.266397088766098,0.29040491580963135,0.13046514987945557,0.16564886271953583,0.29517361521720886,0.12907420098781586,0.1524817794561386,5.10338020324707,7.124348163604736,3.3594226837158203,6.004459381103516,5.905998229980469,4.542112350463867,5.860608100891113,5.245936870574951,3.555668354034424,4.331865310668945,,,,,,,,,,,6.325550556182861,8.829700469970703,4.220649242401123,7.174962043762207,7.710838794708252,5.853600978851318,6.659858226776123,6.407630920410156,4.124230861663818,5.948482036590576,,,,,,,,,,,,,,,,,,,,,,,,,,,,,,,,,,,,,,,,
11,2209,,,,,,,,,,,,,,,,,,,,,,,,,,,,,,,,,,,,,,,,,0.5156627297401428,0.6531274318695068,0.5763748288154602,0.4896107316017151,0.09154290705919266,0.3803567588329315,0.1792040914297104,0.5267412066459656,1.4483479261398315,0.29565873742103577,6.688353061676025,6.157200813293457,9.034366607666016,6.113020896911621,3.541578531265259,7.9220170974731445,6.063833713531494,6.449631214141846,9.304811477661133,5.608714580535889,,,,,,,,,,,9.057931900024414,8.94666576385498,10.938660621643066,9.727032661437988,4.329243183135986,9.994738578796387,6.926993370056152,8.559676170349121,13.815282821655273,8.283093452453613,,,,,,,,,,,,,,,,,,,,,,,,,,,,,,,,,,,,,,,,
11,2214,,,,,,,,,,,,,,,,,,,,,,,,,,,,,,,,,,,,,,,,,0.3233444392681122,0.2586389183998108,0.18643620610237122,0.41170358657836914,0.31006941199302673,0.4712502956390381,0.16554413735866547,0.1595821976661682,0.748324453830719,0.19855056703090668,6.235151767730713,4.0240302085876465,5.570594787597656,7.001471519470215,7.001836776733398,9.019006729125977,5.420507431030273,4.047937393188477,8.8824462890625,5.1485371589660645,,,,,,,,,,,7.550113201141357,5.630010604858398,6.221237659454346,8.919637680053711,7.967629432678223,11.125042915344238,6.6577534675598145,4.711410045623779,9.930435180664062,6.787858486175537,,,,,,,,,,,,,,,,,,,,,,,,,,,,,,,,,,,,,,,,
11,2219,,,,,,,,,,,,,,,,,,,,,,,,,,,,,,,,,,,,,,,,,0.3890623152256012,0.285733699798584,0.2199455052614212,0.5536473989486694,0.3406960964202881,0.35220542550086975,0.31807374954223633,0.9840155839920044,0.05636368319392204,0.39087972044944763,6.673442363739014,4.413560390472412,6.01190185546875,9.013895034790039,6.348263740539551,7.802626609802246,7.696451187133789,9.04040241241455,2.6225826740264893,7.111300468444824,,,,,,,,,,,8.240580558776855,5.917564868927002,6.757237434387207,10.343596458435059,8.351860046386719,9.617757797241211,9.228575706481934,11.699295043945312,2.7253541946411133,9.523985862731934,,,,,,,,,,,,,,,,,,,,,,,,,,,,,,,,,,,,,,,,
11,2224,,,,,,,,,,,,,,,,,,,,,,,,,,,,,,,,,,,,,,,,,0.29676857590675354,0.3801038861274719,0.22341671586036682,0.1447848379611969,0.21968770027160645,0.17210973799228668,0.23217977583408356,0.45821723341941833,0.5478079319000244,0.29260918498039246,5.74908447265625,5.4813055992126465,5.420400142669678,4.098019123077393,4.8957672119140625,5.39812707901001,5.985532760620117,6.411779880523682,8.216926574707031,5.833903789520264,,,,,,,,,,,7.217752933502197,6.825169086456299,6.8103508949279785,5.28952169418335,6.706601142883301,6.723239898681641,7.884659767150879,7.9835205078125,8.496448516845703,8.240264892578125,,,,,,,,,,,,,,,,,,,,,,,,,,,,,,,,,,,,,,,,
11,2229,,,,,,,,,,,,,,,,,,,,,,,,,,,,,,,,,,,,,,,,,0.3526891767978668,0.18300840258598328,0.3583371043205261,0.0889371857047081,0.36686110496520996,0.4822550415992737,0.28716665506362915,0.12706820666790009,0.8020347952842712,0.47853392362594604,6.466814994812012,3.942904472351074,6.134401798248291,3.5535287857055664,8.052519798278809,9.378960609436035,6.207560062408447,3.602174997329712,8.907356262207031,8.421930313110352,,,,,,,,,,,7.913193702697754,4.735848426818848,8.624969482421875,4.145687580108643,8.666634559631348,11.254189491271973,8.768752098083496,4.204139709472656,10.280633926391602,10.537888526916504,,,,,,,,,,,,,,,,,,,,,,,,,,,,,,,,,,,,,,,,
11,2234,,,,,,,,,,,,,,,,,,,,,,,,,,,,,,,,,,,,,,,,,0.21683169901371002,0.23848482966423035,0.2104407399892807,0.20529749989509583,0.22846703231334686,0.23382791876792908,0.22858776152133942,0.05881708115339279,0.1555173695087433,0.39204496145248413,5.441605091094971,4.812596321105957,5.15025520324707,5.165258884429932,5.824563503265381,7.0198974609375,6.683375835418701,2.4584317207336426,3.9824893474578857,7.8775763511657715,,,,,,,,,,,6.415468692779541,5.4062066078186035,6.609621047973633,6.298639297485352,6.839295864105225,7.83653450012207,7.823431491851807,2.860292434692383,4.527023792266846,9.538171768188477,,,,,,,,,,,,,,,,,,,,,,,,,,,,,,,,,,,,,,,,
11,2239,,,,,,,,,,,,,,,,,,,,,,,,,,,,,,,,,,,,,,,,,0.6487549543380737,0.298564076423645,0.8185343146324158,1.1615782976150513,0.25976330041885376,0.8029292225837708,0.28965702652931213,0.541205644607544,1.19989013671875,0.46667274832725525,9.072813034057617,4.89654016494751,11.084559440612793,13.088153839111328,5.857767581939697,10.522544860839844,7.303715229034424,8.599201202392578,12.233081817626953,8.069753646850586,,,,,,,,,,,10.705037117004395,6.048964500427246,13.035572052001953,14.98232364654541,7.292703151702881,14.521601676940918,8.806693077087402,8.676405906677246,12.574594497680664,10.406469345092773,,,,,,,,,,,,,,,,,,,,,,,,,,,,,,,,,,,,,,,,
11,2244,,,,,,,,,,,,,,,,,,,,,,,,,,,,,,,,,,,,,,,,,0.26029783487319946,0.36889752745628357,0.026239780709147453,0.21024751663208008,0.21992838382720947,0.2988172471523285,0.2731586694717407,0.3030426800251007,0.2843391001224518,0.3580094575881958,5.653096675872803,5.170998573303223,1.8459933996200562,5.402076721191406,5.824398040771484,6.699772834777832,7.092464447021484,6.141317844390869,5.3963446617126465,7.304501533508301,,,,,,,,,,,6.809081554412842,6.7238054275512695,2.333951234817505,6.37412166595459,6.7102742195129395,8.858877182006836,8.55220890045166,6.492480278015137,6.121271133422852,9.11474323272705,,,,,,,,,,,,,,,,,,,,,,,,,,,,,,,,,,,,,,,,
11,2249,,,,,,,,,,,,,,,,,,,,,,,,,,,,,,,,,,,,,,,,,0.41528981924057007,0.21123620867729187,0.6505292654037476,0.49676546454429626,0.42468780279159546,0.285899817943573,0.2533913552761078,0.15870057046413422,1.1435015201568604,0.11289660632610321,6.94301176071167,4.126528739929199,10.008262634277344,8.407671928405762,7.277241230010986,6.150041580200195,6.379638671875,4.031231880187988,11.495537757873535,4.610952377319336,,,,,,,,,,,8.3140230178833,5.0879926681518555,11.621042251586914,9.797844886779785,9.32469367980957,8.665284156799316,8.236954689025879,4.69837760925293,12.275569915771484,5.118440628051758,,,,,,,,,,,,,,,,,,,,,,,,,,,,,,,,,,,,,,,,
11,2254,,,,,,,,,,,,,,,,,,,,,,,,,,,,,,,,,,,,,,,,,0.44838598370552063,0.3680454194545746,0.7192515134811401,0.3099498748779297,0.136592298746109,0.35781633853912354,0.3218240439891815,0.6719765067100525,0.7723791599273682,0.3776383697986603,7.35564661026001,5.776484966278076,10.946261405944824,6.08657693862915,4.197570323944092,7.661256790161133,7.350677967071533,7.537822723388672,8.924595832824707,7.719571590423584,,,,,,,,,,,8.895329475402832,6.71603536605835,12.219461441040039,7.739281177520752,5.288259983062744,9.69406509399414,9.282822608947754,9.667980194091797,10.088778495788574,9.36128044128418,,,,,,,,,,,,,,,,,,,,,,,,,,,,,,,,,,,,,,,,
11,2259,,,,,,,,,,,,,,,,,,,,,,,,,,,,,,,,,,,,,,,,,0.5112496614456177,0.3949572741985321,0.3502342700958252,0.5220112800598145,0.7649037837982178,0.7584641575813293,0.21127499639987946,0.5446845889091492,0.7017839550971985,0.3529326617717743,7.321044921875,5.500271797180176,7.184296607971191,7.631699562072754,8.051831245422363,11.2641019821167,5.299108028411865,5.725303649902344,8.624348640441895,6.608444690704346,,,,,,,,,,,9.671998977661133,6.957244873046875,8.526896476745605,10.04372501373291,12.514199256896973,14.113780975341797,7.52133321762085,8.704248428344727,9.616676330566406,9.049885749816895,,,,,,,,,,,,,,,,,,,,,,,,,,,,,,,,,,,,,,,,
11,2264,,,,,,,,,,,,,,,,,,,,,,,,,,,,,,,,,,,,,,,,,0.4936857223510742,0.4552420675754547,0.5238704681396484,0.393740713596344,0.34412845969200134,0.5044084787368774,0.30585533380508423,0.5452470779418945,0.9287222623825073,0.44195690751075745,7.97776985168457,6.1080474853515625,8.457715034484863,5.872171401977539,7.267879009246826,10.280275344848633,8.2826566696167,7.879056453704834,9.637173652648926,8.014952659606934,,,,,,,,,,,9.496967315673828,7.469361305236816,10.428543090820312,8.722883224487305,8.39382553100586,11.509780883789062,9.049588203430176,8.708741188049316,11.062828063964844,10.127148628234863,,,,,,,,,,,,,,,,,,,,,,,,,,,,,,,,,,,,,,,,
11,2269,,,,,,,,,,,,,,,,,,,,,,,,,,,,,,,,,,,,,,,,,0.4299537241458893,0.3323195278644562,0.21791526675224304,0.3029628396034241,0.338420033454895,0.4065176248550415,0.1919906884431839,0.3010009825229645,0.830362856388092,0.9480934739112854,6.885918617248535,5.184533596038818,5.145517349243164,5.870118141174316,6.36845064163208,8.138433456420898,4.494471073150635,4.929825305938721,8.895143508911133,12.946773529052734,,,,,,,,,,,8.705531120300293,6.38175630569458,6.725978851318359,7.651553153991699,8.323915481567383,10.332740783691406,7.169863224029541,6.470571994781494,10.460616111755371,14.83278751373291,,,,,,,,,,,,,,,,,,,,,,,,,,,,,,,,,,,,,,,,
11,2274,,,,,,,,,,,,,,,,,,,,,,,,,,,,,,,,,,,,,,,,,0.24733716249465942,0.27418455481529236,0.44554901123046875,0.24029594659805298,0.1695164293050766,0.39151233434677124,0.11947797238826752,0.14839820563793182,0.26885348558425903,0.16824649274349213,5.171384334564209,4.548280715942383,5.898103713989258,5.4491448402404785,4.534614086151123,8.20967960357666,4.658480167388916,3.8919410705566406,5.001952648162842,4.350262641906738,,,,,,,,,,,6.740012168884277,5.796739101409912,9.617438316345215,6.8144073486328125,5.891224384307861,10.14024829864502,5.656069278717041,4.543316841125488,5.952249526977539,6.248420238494873,,,,,,,,,,,,,,,,,,,,,,,,,,,,,,,,,,,,,,,,
11,2279,,,,,,,,,,,,,,,,,,,,,,,,,,,,,,,,,,,,,,,,,0.367659330368042,0.6538808941841125,0.055002614855766296,0.7097989916801453,0.28124111890792847,0.3671768009662628,0.2065969705581665,0.7355414628982544,0.023916222155094147,0.2757789194583893,5.930079460144043,6.249719619750977,2.5947253704071045,8.539146423339844,6.5031023025512695,8.151531219482422,6.019535541534424,7.674622058868408,1.4693816900253296,6.168952465057373,,,,,,,,,,,7.642061233520508,8.951824188232422,3.379117488861084,11.711771011352539,7.588204860687256,9.820045471191406,7.4375996589660645,10.114916801452637,1.7752912044525146,7.999773979187012,,,,,,,,,,,,,,,,,,,,,,,,,,,,,,,,,,,,,,,,
11,2284,,,,,,,,,,,,,,,,,,,,,,,,,,,,,,,,,,,,,,,,,0.38841143250465393,0.3880240023136139,0.20006629824638367,0.24655893445014954,0.39159828424453735,0.22791104018688202,0.6392843723297119,0.2571403980255127,0.4874907433986664,0.6576287150382996,6.853740692138672,5.346790790557861,5.546095848083496,5.994442462921143,6.901813983917236,6.657620906829834,9.43022632598877,5.537062644958496,7.298486232757568,8.971126556396484,,,,,,,,,,,8.485154151916504,6.895909309387207,6.444639682769775,6.902640342712402,8.954060554504395,7.73675012588501,13.083316802978516,5.980587482452393,8.015054702758789,12.35343074798584,,,,,,,,,,,,,,,,,,,,,,,,,,,,,,,,,,,,,,,,
11,2289,,,,,,,,,,,,,,,,,,,,,,,,,,,,,,,,,,,,,,,,,0.3532414436340332,0.6414140462875366,0.349868506193161,0.21210715174674988,0.42795640230178833,0.4754217267036438,0.2831863760948181,0.1516135036945343,0.320808082818985,0.31679707765579224,6.131852626800537,6.464713096618652,5.670644283294678,5.646213531494141,6.302278995513916,9.319514274597168,6.419676780700684,3.739306926727295,4.5694379806518555,7.0548858642578125,,,,,,,,,,,8.077951431274414,8.866077423095703,8.522442817687988,6.402248859405518,9.36050796508789,11.174172401428223,8.707770347595215,4.5922722816467285,6.501984596252441,8.574085235595703,,,,,,,,,,,,,,,,,,,,,,,,,,,,,,,,,,,,,,,,
11,2294,,,,,,,,,,,,,,,,,,,,,,,,,,,,,,,,,,,,,,,,,0.5286031365394592,0.1946917176246643,0.1919839084148407,0.13770009577274323,0.40635231137275696,0.3002595007419586,0.38013559579849243,1.5711675882339478,1.224542498588562,0.35059496760368347,7.205924034118652,4.037802219390869,5.314148426055908,4.3206706047058105,7.542966365814209,7.619884014129639,8.375716209411621,11.3986177444458,9.1593017578125,7.0842061042785645,,,,,,,,,,,8.99474811553955,4.884678840637207,6.313119888305664,5.158483028411865,9.121179580688477,8.880230903625488,10.088813781738281,14.783252716064453,12.703115463256836,9.019865989685059,,,,,,,,,,,,,,,,,,,,,,,,,,,,,,,,,,,,,,,,
11,2299,,,,,,,,,,,,,,,,,,,,,,,,,,,,,,,,,,,,,,,,,0.3145236372947693,0.3829847276210785,0.3044465184211731,0.2276526689529419,0.5138004422187805,0.26027828454971313,0.26999831199645996,0.42949169874191284,0.2554100751876831,0.1866501271724701,6.070515155792236,5.509918212890625,6.016209602355957,4.861345291137695,8.137296676635742,7.09005069732666,7.106799125671387,6.430593967437744,4.355859756469727,5.126564025878906,,,,,,,,,,,7.6191864013671875,6.850984573364258,7.950000286102295,6.632713794708252,10.25644588470459,8.267891883850098,8.502591133117676,7.729227066040039,5.801527500152588,6.581295013427734,,,,,,,,,,,,,,,,,,,,,,,,,,,,,,,,,,,,,,,,
11,2304,,,,,,,,,,,,,,,,,,,,,,,,,,,,,,,,,,,,,,,,,0.5968056917190552,0.35826170444488525,0.4147988259792328,0.2732660174369812,0.8819050788879395,0.5723756551742554,0.6804381608963013,0.7549951076507568,0.8550880551338196,0.5801225900650024,8.516311645507812,4.569781303405762,7.22429895401001,5.771612167358398,9.426314353942871,9.263402938842773,11.141993522644043,10.144588470458984,10.143360137939453,8.961454391479492,,,,,,,,,,,10.537131309509277,6.626168251037598,9.279623985290527,7.266875743865967,13.437254905700684,12.26073169708252,13.497865676879883,10.247803688049316,10.615212440490723,11.602646827697754,,,,,,,,,,,,,,,,,,,,,,,,,,,,,,,,,,,,,,,,
11,2309,,,,,,,,,,,,,,,,,,,,,,,,,,,,,,,,,,,,,,,,,0.5891417264938354,0.7484200596809387,0.27202311158180237,0.5859636664390564,0.4505852460861206,0.6387935876846313,0.2051876336336136,0.6216244101524353,1.133441686630249,0.6462358236312866,7.949878215789795,7.634930610656738,6.1867499351501465,8.126474380493164,6.604771614074707,10.710543632507324,5.330178260803223,7.764222145080566,9.227458953857422,9.963577270507812,,,,,,,,,,,10.16319465637207,9.577120780944824,7.5147504806518555,10.641191482543945,9.604796409606934,12.95257568359375,7.412187576293945,9.298710823059082,12.221453666687012,12.245956420898438,,,,,,,,,,,,,,,,,,,,,,,,,,,,,,,,,,,,,,,,
11,2314,,,,,,,,,,,,,,,,,,,,,,,,,,,,,,,,,,,,,,,,,0.3293154537677765,0.4156548082828522,0.2881550192832947,0.2539214789867401,0.6311337947845459,0.29962530732154846,0.20199210941791534,0.10222899913787842,0.5500824451446533,0.22104527056217194,6.205070495605469,5.6929216384887695,6.172280311584473,4.873931407928467,9.2200345993042,6.795135498046875,5.547430992126465,2.9951159954071045,8.171492576599121,6.377289772033691,,,,,,,,,,,7.6573357582092285,7.137213230133057,7.734366416931152,7.004943370819092,11.367379188537598,8.870847702026367,7.354243278503418,3.770906448364258,8.514068603515625,7.162057876586914,,,,,,,,,,,,,,,,,,,,,,,,,,,,,,,,,,,,,,,,
11,2319,,,,,,,,,,,,,,,,,,,,,,,,,,,,,,,,,,,,,,,,,0.344548761844635,0.2929004728794098,0.4498746991157532,0.24232082068920135,0.30114781856536865,0.40074071288108826,0.20261971652507782,0.580876886844635,0.4479117691516876,0.182546004652977,6.583746433258057,4.846074104309082,8.267892837524414,5.877357482910156,6.708325386047363,8.568190574645996,6.307005882263184,7.099554061889648,5.826732635498047,5.7525811195373535,,,,,,,,,,,7.906155109405518,5.991317272186279,9.66401195526123,6.843058109283447,7.852166652679443,10.25905990600586,7.365659713745117,8.988780975341797,7.68280029296875,6.5085368156433105,,,,,,,,,,,,,,,,,,,,,,,,,,,,,,,,,,,,,,,,
11,2324,,,,,,,,,,,,,,,,,,,,,,,,,,,,,,,,,,,,,,,,,0.30912280082702637,0.28995782136917114,0.20999181270599365,0.15257172286510468,0.7259314656257629,0.2811104357242584,0.34896066784858704,0.16253583133220673,0.28274840116500854,0.3282971978187561,5.793748378753662,5.478227615356445,5.675704002380371,5.233656406402588,7.630613803863525,7.122641086578369,6.528857707977295,4.027357578277588,4.547270774841309,5.8994059562683105,,,,,,,,,,,7.558973789215088,5.96114444732666,6.602567195892334,5.429900646209717,12.191227912902832,8.592397689819336,9.666272163391113,4.754810810089111,6.104124546051025,8.72832202911377,,,,,,,,,,,,,,,,,,,,,,,,,,,,,,,,,,,,,,,,
11,2327,,,,,,,,,,,,,,,,,,,,,,,,,,,,,,,,,,,,,,,,,,,,,,,,,,,6.6679863929748535,5.491173267364502,6.591660499572754,6.340223789215088,6.862880229949951,8.371057510375977,7.324027061462402,5.828100681304932,5.785487174987793,7.417267322540283,0.564782977104187,0.5513548851013184,0.6223123073577881,0.6353367567062378,0.5713688135147095,0.47784972190856934,0.5544613599777222,0.5751700401306152,0.5619240999221802,0.5332691669464111,8.796673774719238,7.224534034729004,8.719687461853027,8.361205101013184,9.186223983764648,11.0276460647583,9.842507362365723,7.594498157501221,7.504786968231201,9.708968162536621,0.4796455204486847,0.5581998229026794,0.46287479996681213,0.3182573616504669,0.5085393786430359,0.6069316267967224,0.4438480734825134,0.4689832627773285,0.4747236371040344,0.4744516611099243,7.147409439086914,5.740170001983643,6.99274206161499,6.103010654449463,7.7161478996276855,9.517251014709473,8.35799789428711,5.907551288604736,6.163984775543213,7.827829837799072,0.47225475311279297,0.4182639718055725,0.6416294574737549,0.6556566953659058,0.39498573541641235,0.4521580934524536,0.5441091060638428,0.2660217881202698,0.3428201675415039,0.5346475839614868,9.650191307067871,8.439704895019531,9.178071022033691,8.717650413513184,10.523930549621582,12.725737571716309,10.794069290161133,7.987147331237793,8.243620872497559,10.241790771484375
12,2329,,,,,,,,,,,,,,,,,,,,,,,,,,,,,,,,,,,,,,,,,0.18381084501743317,0.1520412266254425,0.15060636401176453,0.067654088139534,0.31449300050735474,0.24268847703933716,0.19565239548683167,0.13271930813789368,0.1493951976299286,0.24904760718345642,4.667963027954102,3.563863515853882,4.103340148925781,3.058037519454956,6.331849098205566,5.7007575035095215,5.914954662322998,3.6476478576660156,3.604224681854248,6.0869903564453125,,,,,,,,,,,5.9006195068359375,4.316611289978027,5.591564178466797,3.615779161453247,8.024262428283691,7.983630657196045,7.237913608551025,4.2966084480285645,4.4370222091674805,7.602184772491455,,,,,,,,,,,,,,,,,,,,,,,,,,,,,,,,,,,,,,,,
12,2334,,,,,,,,,,,,,,,,,,,,,,,,,,,,,,,,,,,,,,,,,0.4060151278972626,0.41668233275413513,0.4989296793937683,0.23369735479354858,0.564320981502533,0.7415736317634583,0.5194027423858643,0.11678387224674225,0.0544375441968441,0.5083081722259521,7.133505344390869,5.541928768157959,8.67670726776123,5.812218189239502,8.484634399414062,11.243010520935059,10.6524019241333,3.1563949584960938,2.2237138748168945,8.41053581237793,,,,,,,,,,,8.678959846496582,7.146029472351074,10.177270889282227,6.720193862915039,10.748867988586426,13.955743789672852,11.792963027954102,4.030418395996094,2.678382158279419,10.860773086547852,,,,,,,,,,,,,,,,,,,,,,,,,,,,,,,,,,,,,,,,
12,2339,,,,,,,,,,,,,,,,,,,,,,,,,,,,,,,,,,,,,,,,,0.6547563672065735,0.7461720705032349,0.4255897104740143,0.8529760837554932,0.6978654861450195,0.690641462802887,0.6748316884040833,0.5291771292686462,0.7611353397369385,0.5144182443618774,8.496295928955078,6.003542423248291,7.6137824058532715,10.655168533325195,10.357168197631836,9.758580207824707,9.652873039245605,6.939297199249268,6.781919002532959,8.704329490661621,,,,,,,,,,,11.131641387939453,9.562727928161621,9.399553298950195,12.838766098022461,11.95323657989502,13.467971801757812,13.442144393920898,8.579445838928223,10.015074729919434,10.92585277557373,,,,,,,,,,,,,,,,,,,,,,,,,,,,,,,,,,,,,,,,
12,2344,,,,,,,,,,,,,,,,,,,,,,,,,,,,,,,,,,,,,,,,,0.31684964895248413,0.299969881772995,0.20430691540241241,0.17353646457195282,0.3223014771938324,0.4126269221305847,0.4568280577659607,0.2200012505054474,0.3163992762565613,0.4456765651702881,6.26716423034668,5.382568359375,5.230039596557617,4.835522651672363,6.537779331207275,8.1713285446167,8.852102279663086,4.384183406829834,5.007505416870117,8.003448486328125,,,,,,,,,,,7.790953159332275,6.063188552856445,6.512581825256348,5.790956497192383,8.123268127441406,10.410094261169434,11.059797286987305,5.531861305236816,6.457151889801025,10.169676780700684,,,,,,,,,,,,,,,,,,,,,,,,,,,,,,,,,,,,,,,,
12,2349,,,,,,,,,,,,,,,,,,,,,,,,,,,,,,,,,,,,,,,,,0.2040063589811325,0.2782202661037445,0.10915390402078629,0.16397707164287567,0.3279341161251068,0.33144792914390564,0.07965090125799179,0.20838791131973267,0.07431216537952423,0.262972891330719,4.987160682678223,4.518070697784424,3.924199104309082,3.6208698749542236,6.691281795501709,7.249123573303223,3.824191093444824,5.216578483581543,2.660037040710449,7.180090427398682,,,,,,,,,,,6.0773186683654785,5.839244365692139,4.760266304016113,5.629197120666504,8.193942070007324,9.33004093170166,4.618130207061768,5.383875370025635,3.1293435096740723,7.81182861328125,,,,,,,,,,,,,,,,,,,,,,,,,,,,,,,,,,,,,,,,
12,2354,,,,,,,,,,,,,,,,,,,,,,,,,,,,,,,,,,,,,,,,,0.2292470633983612,0.5037517547607422,0.1856876015663147,0.15273858606815338,0.424552857875824,0.14451831579208374,0.22416692972183228,0.0819789320230484,0.17006763815879822,0.17576098442077637,4.901553630828857,6.2668609619140625,4.692030906677246,4.422106742858887,5.903774261474609,5.297849178314209,5.622389793395996,2.807497024536133,4.055203437805176,5.04626989364624,,,,,,,,,,,6.358623504638672,7.857249736785889,6.20873498916626,5.432868957519531,9.323211669921875,6.160802364349365,7.747410297393799,3.3768346309661865,4.734064102172852,6.386434555053711,,,,,,,,,,,,,,,,,,,,,,,,,,,,,,,,,,,,,,,,
12,2359,,,,,,,,,,,,,,,,,,,,,,,,,,,,,,,,,,,,,,,,,0.46819183230400085,0.4515472650527954,0.5681960582733154,0.3580303192138672,0.12020111083984375,0.6926047801971436,0.2896725535392761,0.42356809973716736,0.38141173124313354,0.9284946322441101,7.227072715759277,5.796049118041992,9.131720542907715,7.882907867431641,3.9809653759002686,9.669225692749023,5.5613579750061035,6.814066410064697,6.302410125732422,9.904953956604004,,,,,,,,,,,9.257392883300781,7.438988208770752,10.860773086547852,8.31792163848877,4.960824489593506,13.487101554870605,8.806928634643555,7.675741195678711,7.089576721191406,14.678675651550293,,,,,,,,,,,,,,,,,,,,,,,,,,,,,,,,,,,,,,,,
12,2364,,,,,,,,,,,,,,,,,,,,,,,,,,,,,,,,,,,,,,,,,0.5585135817527771,0.5927689671516418,0.5714864730834961,0.5420607328414917,0.41389650106430054,0.6739645600318909,0.6767526268959045,0.4577420651912689,0.38814201951026917,0.7098080515861511,7.705667495727539,6.892444610595703,8.747257232666016,6.68797492980957,6.349067211151123,10.294501304626465,8.806291580200195,6.825743675231934,5.644814491271973,9.102910995483398,,,,,,,,,,,10.39852237701416,8.523246765136719,10.89217472076416,10.23478889465332,9.205459594726562,13.30437183380127,13.461261749267578,7.979379653930664,7.151853561401367,12.834166526794434,,,,,,,,,,,,,,,,,,,,,,,,,,,,,,,,,,,,,,,,
12,2369,,,,,,,,,,,,,,,,,,,,,,,,,,,,,,,,,,,,,,,,,0.27793434262275696,0.3952445983886719,0.18745337426662445,0.2550085783004761,0.4212161898612976,0.4137725234031677,0.36744365096092224,0.09815336763858795,0.15925782918930054,0.2038591206073761,5.592679500579834,5.828179836273193,4.287775039672852,6.203725337982178,5.9261322021484375,8.240293502807617,7.176762104034424,3.3745384216308594,4.008755683898926,5.2879557609558105,,,,,,,,,,,7.222444534301758,6.959775447845459,6.238185405731201,7.019922256469727,9.286502838134766,10.424535751342773,9.918960571289062,3.6949732303619385,4.581140995025635,6.8780012130737305,,,,,,,,,,,,,,,,,,,,,,,,,,,,,,,,,,,,,,,,
12,2374,,,,,,,,,,,,,,,,,,,,,,,,,,,,,,,,,,,,,,,,,0.2282661348581314,0.4243254065513611,0.20828352868556976,0.2683372497558594,0.11973705142736435,0.15914644300937653,0.23885789513587952,0.09477943927049637,0.28049057722091675,0.26043766736984253,4.989648818969727,5.552873134613037,5.365149974822998,4.675774097442627,3.9415745735168457,5.450747489929199,6.069878101348877,2.930408000946045,5.305853843688965,5.614574432373047,,,,,,,,,,,6.43180513381958,7.211270332336426,6.575656414031982,7.201042652130127,4.951239585876465,6.465086460113525,7.99724817276001,3.6309125423431396,6.079703330993652,7.774082660675049,,,,,,,,,,,,,,,,,,,,,,,,,,,,,,,,,,,,,,,,
12,2379,,,,,,,,,,,,,,,,,,,,,,,,,,,,,,,,,,,,,,,,,0.3623487651348114,0.3288330137729645,0.29233935475349426,0.14281629025936127,0.12457847595214844,0.7737104296684265,0.43052420020103455,0.5839112997055054,0.33364924788475037,0.25077661871910095,6.34402322769165,4.621729373931885,6.440408706665039,4.6041412353515625,4.053239822387695,10.099117279052734,8.208517074584961,8.789321899414062,4.720788955688477,5.5589447021484375,,,,,,,,,,,8.078388214111328,6.348190784454346,7.790319919586182,5.2534403800964355,5.0503458976745605,14.25493049621582,10.736669540405273,9.012228012084961,6.630837917327881,7.6285271644592285,,,,,,,,,,,,,,,,,,,,,,,,,,,,,,,,,,,,,,,,
12,2384,,,,,,,,,,,,,,,,,,,,,,,,,,,,,,,,,,,,,,,,,0.3631739020347595,0.16749273240566254,0.7071099281311035,0.620610237121582,0.5384988188743591,0.35992687940597534,0.2560883164405823,0.0715516060590744,0.4037061929702759,0.14358048141002655,6.632602214813232,3.6566083431243896,10.22948169708252,9.171202659606934,8.076831817626953,8.209671974182129,6.175292015075684,2.6778366565704346,6.42119026184082,5.07530403137207,,,,,,,,,,,8.035778999328613,4.530647277832031,12.115884780883789,10.95126724243164,10.500064849853516,9.722613334655762,8.28067398071289,3.1547749042510986,7.2938361167907715,5.772246837615967,,,,,,,,,,,,,,,,,,,,,,,,,,,,,,,,,,,,,,,,
12,2389,,,,,,,,,,,,,,,,,,,,,,,,,,,,,,,,,,,,,,,,,0.36857226490974426,0.31622418761253357,0.10843458771705627,0.1484861671924591,0.5362566113471985,1.065360188484192,0.18945148587226868,0.28529202938079834,0.20391996204853058,0.46372511982917786,6.014102935791016,4.56770658493042,3.8484277725219727,4.254456520080566,7.584934711456299,10.213226318359375,6.239110946655273,5.382325172424316,4.435829162597656,7.60090970993042,,,,,,,,,,,8.056793212890625,6.225293159484863,4.744556427001953,5.356706619262695,10.478182792663574,16.72723388671875,7.122292518615723,6.299463272094727,5.183858394622803,10.373552322387695,,,,,,,,,,,,,,,,,,,,,,,,,,,,,,,,,,,,,,,,
12,2394,,,,,,,,,,,,,,,,,,,,,,,,,,,,,,,,,,,,,,,,,0.31391558051109314,0.799030065536499,0.30952879786491394,0.1531497985124588,0.3654438853263855,0.16540773212909698,0.23353421688079834,0.2850418984889984,0.23173847794532776,0.28236547112464905,5.992735385894775,7.2956976890563965,7.077300548553467,5.030898094177246,6.219914436340332,5.568648338317871,5.993786811828613,5.720801830291748,4.2275567054748535,6.800010681152344,,,,,,,,,,,7.379781246185303,9.895639419555664,8.016082763671875,5.440178394317627,8.649877548217773,6.591037273406982,7.907625198364258,6.296700954437256,5.526145935058594,8.094741821289062,,,,,,,,,,,,,,,,,,,,,,,,,,,,,,,,,,,,,,,,
12,2399,,,,,,,,,,,,,,,,,,,,,,,,,,,,,,,,,,,,,,,,,0.3445837199687958,0.3509726822376251,0.1322426050901413,0.7304518818855286,0.17947222292423248,0.15736603736877441,0.2341172993183136,0.3792842924594879,0.6017341613769531,0.33561229705810547,5.913517475128174,4.637113094329834,4.510994911193848,8.711692810058594,4.513929843902588,5.309653282165527,6.167670726776123,5.690739154815674,7.081284523010254,6.59857702255249,,,,,,,,,,,7.675588130950928,6.558414936065674,5.239590644836426,11.880936622619629,6.061753273010254,6.428822040557861,7.9174909591674805,7.263420104980469,8.904829978942871,8.825028419494629,,,,,,,,,,,,,,,,,,,,,,,,,,,,,,,,,,,,,,,,
12,2404,,,,,,,,,,,,,,,,,,,,,,,,,,,,,,,,,,,,,,,,,0.30320775508880615,0.39313194155693054,0.12268976122140884,0.20439429581165314,0.1549946367740631,0.2400694340467453,0.12875360250473022,0.5431604385375977,0.2490338534116745,0.6926414966583252,5.753922462463379,4.978039741516113,4.520053386688232,5.931488037109375,4.673872470855713,5.782639503479004,3.683060884475708,5.840108871459961,4.9008941650390625,11.475143432617188,,,,,,,,,,,7.20184850692749,6.941150188446045,5.046796798706055,6.284768104553223,5.633236408233643,7.940434455871582,5.871519088745117,8.692060470581055,5.728652477264404,12.678020477294922,,,,,,,,,,,,,,,,,,,,,,,,,,,,,,,,,,,,,,,,
12,2409,,,,,,,,,,,,,,,,,,,,,,,,,,,,,,,,,,,,,,,,,0.5446150898933411,0.317369669675827,0.9521468877792358,0.4001048803329468,0.5085282921791077,0.9069905877113342,0.23543241620063782,0.8114933371543884,0.5602270364761353,0.2092427909374237,7.114866733551025,4.684029579162598,8.869099617004395,5.375860691070557,6.685706615447998,11.236369132995605,5.95488166809082,9.398865699768066,5.913902759552002,5.915079593658447,,,,,,,,,,,9.872340202331543,6.236558437347412,14.059296607971191,8.793095588684082,10.203688621520996,15.433955192565918,7.939697265625,10.624321937561035,8.592219352722168,6.9682297706604,,,,,,,,,,,,,,,,,,,,,,,,,,,,,,,,,,,,,,,,
12,2414,,,,,,,,,,,,,,,,,,,,,,,,,,,,,,,,,,,,,,,,,0.5356338620185852,0.38373446464538574,0.25223755836486816,0.3899087607860565,0.6427338123321533,0.5783045887947083,0.6426732540130615,0.8398318290710449,0.7398166060447693,0.3514636754989624,7.842401504516602,4.583211898803711,5.455028533935547,6.725792407989502,9.685418128967285,10.543971061706543,10.44091796875,9.336517333984375,6.534066200256348,7.276689529418945,,,,,,,,,,,9.933422088623047,6.857687473297119,7.236299514770508,8.68033218383789,11.471367835998535,12.324070930480957,13.11794662475586,10.80823802947998,9.873823165893555,9.031033515930176,,,,,,,,,,,,,,,,,,,,,,,,,,,,,,,,,,,,,,,,
12,2419,,,,,,,,,,,,,,,,,,,,,,,,,,,,,,,,,,,,,,,,,0.4695543348789215,0.2681517004966736,0.16832703351974487,0.242670476436615,0.9908398389816284,0.9231467247009277,0.42319899797439575,0.2897912859916687,0.7157136797904968,0.20414918661117554,6.534071445465088,4.8693742752075195,4.6163249015808105,4.223993301391602,9.53142261505127,9.312544822692871,7.442142009735107,4.200325012207031,8.826536178588867,5.783978462219238,,,,,,,,,,,9.099356651306152,5.732612609863281,5.911376476287842,6.847993850708008,14.242997169494629,15.57081127166748,10.644936561584473,6.348942279815674,9.711648941040039,6.882893085479736,,,,,,,,,,,,,,,,,,,,,,,,,,,,,,,,,,,,,,,,
12,2424,,,,,,,,,,,,,,,,,,,,,,,,,,,,,,,,,,,,,,,,,0.34857308864593506,0.6450448632240295,0.16349299252033234,0.21442140638828278,0.1771496683359146,0.37796884775161743,0.3930448293685913,0.3961598575115204,0.4948405921459198,0.275034636259079,6.064113140106201,6.230837821960449,4.148470878601074,5.6591410636901855,4.355716705322266,8.271248817443848,7.1708292961120605,6.255833625793457,6.2781219482421875,6.2068190574646,,,,,,,,,,,7.876218318939209,8.891134262084961,5.825875759124756,6.437080383300781,6.022403240203857,9.9633150100708,10.258688926696777,7.423247814178467,8.075248718261719,7.988972187042236,,,,,,,,,,,,,,,,,,,,,,,,,,,,,,,,,,,,,,,,
12,2429,,,,,,,,,,,,,,,,,,,,,,,,,,,,,,,,,,,,,,,,,1.1718182563781738,0.5665560960769653,1.2701561450958252,1.8909741640090942,1.3056501150131226,1.2220410108566284,0.7619568109512329,1.5126503705978394,1.2908260822296143,0.7255523204803467,10.218201637268066,6.490998268127441,12.076491355895996,13.741284370422363,10.393848419189453,12.667222023010254,8.224955558776855,9.853400230407715,8.024578094482422,10.491040229797363,,,,,,,,,,,14.75098705291748,8.332660675048828,16.2382869720459,19.116029739379883,16.349822998046875,17.915082931518555,14.283544540405273,14.505342483520508,13.042389869689941,12.975723266601562,,,,,,,,,,,,,,,,,,,,,,,,,,,,,,,,,,,,,,,,
12,2434,,,,,,,,,,,,,,,,,,,,,,,,,,,,,,,,,,,,,,,,,0.27716630697250366,0.28911805152893066,0.28604039549827576,0.24451716244220734,0.4803692698478699,0.29414287209510803,0.2300650179386139,0.14977040886878967,0.10797141492366791,0.41250213980674744,5.895951747894287,5.310682773590088,6.097097873687744,5.287271022796631,7.361964225769043,6.722545146942139,6.757561206817627,3.8347249031066895,3.309173583984375,8.382543563842773,,,,,,,,,,,7.245308876037598,5.952506065368652,7.705935001373291,6.8740010261535645,9.917158126831055,8.789314270019531,7.848670482635498,4.564274311065674,3.77205228805542,9.78386116027832,,,,,,,,,,,,,,,,,,,,,,,,,,,,,,,,,,,,,,,,
12,2439,,,,,,,,,,,,,,,,,,,,,,,,,,,,,,,,,,,,,,,,,0.42401033639907837,0.3929268419742584,0.2672385573387146,0.33189818263053894,0.6069441437721252,0.6824414134025574,0.4693138003349304,0.42590823769569397,0.4636543393135071,0.17576752603054047,7.725283145904541,5.670473098754883,6.49315881729126,7.456425189971924,9.787814140319824,12.129006385803223,9.128507614135742,6.443328857421875,6.903134346008301,5.515700340270996,,,,,,,,,,,8.893506050109863,6.939339637756348,7.448369026184082,8.008613586425781,11.14741039276123,13.38778018951416,11.209918022155762,7.696916103363037,7.816646099090576,6.386552810668945,,,,,,,,,,,,,,,,,,,,,,,,,,,,,,,,,,,,,,,,
12,2444,,,,,,,,,,,,,,,,,,,,,,,,,,,,,,,,,,,,,,,,,0.42334774136543274,1.0338948965072632,0.45943328738212585,0.2887016832828522,0.680679202079773,0.19402673840522766,0.2216993272304535,0.09635035693645477,0.6845276355743408,0.1508166790008545,6.5557756423950195,8.242897987365723,7.2873992919921875,6.157076358795166,9.112565040588379,6.184444904327393,6.291243553161621,2.548713445663452,8.031291961669922,5.1463446617126465,,,,,,,,,,,8.246071815490723,11.256425857543945,9.766139030456543,7.469294548034668,11.805133819580078,7.138494491577148,7.704651832580566,3.660878896713257,9.49770736694336,5.915914535522461,,,,,,,,,,,,,,,,,,,,,,,,,,,,,,,,,,,,,,,,
12,2449,,,,,,,,,,,,,,,,,,,,,,,,,,,,,,,,,,,,,,,,,0.5344797968864441,0.7317062020301819,0.6298859715461731,0.2693714201450348,0.48317402601242065,0.8634006381034851,0.23723426461219788,0.7457559108734131,0.49015170335769653,0.3596380650997162,7.581939697265625,6.706650257110596,8.73836898803711,5.806539535522461,8.314651489257812,12.114301681518555,7.063466548919678,6.020414352416992,6.08326530456543,7.38979959487915,,,,,,,,,,,9.827946662902832,9.469578742980957,11.43517017364502,7.214905738830566,9.946067810058594,15.058510780334473,7.970021724700928,10.184907913208008,8.03689956665039,9.135451316833496,,,,,,,,,,,,,,,,,,,,,,,,,,,,,,,,,,,,,,,,
12,2454,,,,,,,,,,,,,,,,,,,,,,,,,,,,,,,,,,,,,,,,,0.5009571313858032,0.45548585057258606,0.9756864309310913,0.30085381865501404,0.16767047345638275,0.6974268555641174,0.6890243887901306,0.19892637431621552,0.3383573591709137,0.6851826906204224,7.660715103149414,6.139250755310059,8.77308464050293,6.565509796142578,4.704043388366699,11.094391822814941,11.29265308380127,4.496499538421631,5.752110958099365,10.128890991210938,,,,,,,,,,,9.650146484375,7.47136116027832,14.23202896118164,7.624873638153076,5.859060287475586,13.533968925476074,13.582761764526367,5.260231971740723,6.677456855773926,12.609572410583496,,,,,,,,,,,,,,,,,,,,,,,,,,,,,,,,,,,,,,,,
12,2459,,,,,,,,,,,,,,,,,,,,,,,,,,,,,,,,,,,,,,,,,0.3128379285335541,0.40445476770401,0.42934855818748474,0.29288992285728455,0.2238239347934723,0.4693296551704407,0.23948045074939728,0.19001071155071259,0.13888978958129883,0.42731359601020813,6.260842800140381,6.003698825836182,7.1498541831970215,6.4105963706970215,4.935249328613281,8.16463565826416,6.560739994049072,4.8617377281188965,3.8981144428253174,8.362955093383789,,,,,,,,,,,7.6956939697265625,7.040398597717285,9.440970420837402,7.523277759552002,6.769442558288574,11.102348327636719,8.00766372680664,5.1410017013549805,4.27817440032959,9.957963943481445,,,,,,,,,,,,,,,,,,,,,,,,,,,,,,,,,,,,,,,,
12,2464,,,,,,,,,,,,,,,,,,,,,,,,,,,,,,,,,,,,,,,,,0.3569512963294983,0.2995489835739136,0.31129884719848633,0.11637020111083984,0.5272932052612305,0.5512567162513733,0.30323919653892517,0.6828715801239014,0.06726986914873123,0.3534131944179535,6.260837078094482,5.23392915725708,6.877701282501221,3.8786990642547607,7.644311428070068,9.33444595336914,6.239416599273682,7.325304985046387,2.5261528491973877,7.287575721740723,,,,,,,,,,,8.005887031555176,6.058933734893799,8.038969993591309,4.742156028747559,10.390243530273438,12.032414436340332,9.010802268981934,9.746042251586914,2.9773755073547363,9.056044578552246,,,,,,,,,,,,,,,,,,,,,,,,,,,,,,,,,,,,,,,,
12,2469,,,,,,,,,,,,,,,,,,,,,,,,,,,,,,,,,,,,,,,,,0.45355024933815,0.2231784611940384,0.2692391574382782,0.5569053888320923,0.21143946051597595,0.5095908641815186,0.3457586467266083,1.0516331195831299,0.6090290546417236,0.3051778972148895,6.867812156677246,4.383306980133057,6.8813042640686035,7.818127632141113,5.023773670196533,8.800264358520508,7.757172107696533,9.211118698120117,6.074068546295166,5.861176490783691,,,,,,,,,,,8.924300193786621,5.22983980178833,7.476197242736816,10.373984336853027,6.57949686050415,11.568756103515625,9.621822357177734,12.09458065032959,8.958643913269043,8.415380477905273,,,,,,,,,,,,,,,,,,,,,,,,,,,,,,,,,,,,,,,,
12,2474,,,,,,,,,,,,,,,,,,,,,,,,,,,,,,,,,,,,,,,,,0.7319340705871582,0.6861609220504761,0.16420330107212067,0.3424263298511505,0.7091153860092163,0.5714262127876282,0.5662129521369934,1.3239800930023193,1.240117073059082,0.9837644100189209,8.384904861450195,6.761014938354492,4.562983512878418,6.044685363769531,7.588840007781982,9.640715599060059,10.106771469116211,9.929726600646973,8.929190635681152,11.900213241577148,,,,,,,,,,,11.24660587310791,9.170125961303711,5.838517665863037,8.134641647338867,12.049198150634766,12.250558853149414,12.312910079956055,13.570611953735352,12.783642768859863,15.109244346618652,,,,,,,,,,,,,,,,,,,,,,,,,,,,,,,,,,,,,,,,
12,2479,,,,,,,,,,,,,,,,,,,,,,,,,,,,,,,,,,,,,,,,,0.36159372329711914,0.5583826303482056,0.13027817010879517,0.3340144455432892,0.24757573008537292,0.4707814157009125,0.40307193994522095,0.38735267519950867,0.11877739429473877,0.6041091084480286,6.6000447273254395,6.65199089050293,4.454169750213623,7.150740146636963,5.218879222869873,9.070178031921387,8.30809497833252,5.959290027618408,3.5070977210998535,9.079961776733398,,,,,,,,,,,8.141270637512207,8.272336959838867,5.200528621673584,8.03410530090332,7.119568347930908,11.119505882263184,10.388721466064453,7.340269565582275,3.9563088417053223,11.840086936950684,,,,,,,,,,,,,,,,,,,,,,,,,,,,,,,,,,,,,,,,
12,2484,,,,,,,,,,,,,,,,,,,,,,,,,,,,,,,,,,,,,,,,,0.393023282289505,0.5359858274459839,0.21038269996643066,0.347759485244751,0.48409363627433777,0.5710896253585815,0.4200969934463501,0.12343039363622665,0.4692762494087219,0.37509459257125854,6.52626371383667,7.041563034057617,5.220243453979492,5.652554988861084,6.843043804168701,9.656927108764648,8.208369255065918,3.336771249771118,6.326221942901611,6.45067834854126,,,,,,,,,,,8.561848640441895,8.104737281799316,6.608709812164307,8.197745323181152,9.95552921295166,12.246952056884766,10.605853080749512,4.143523216247559,7.863893032073975,9.32969856262207,,,,,,,,,,,,,,,,,,,,,,,,,,,,,,,,,,,,,,,,
12,2489,,,,,,,,,,,,,,,,,,,,,,,,,,,,,,,,,,,,,,,,,0.5080316662788391,0.9942120909690857,0.8021662831306458,0.4997360110282898,0.3345946669578552,0.8160325884819031,0.3074638247489929,0.020348776131868362,0.38747739791870117,0.41025325655937195,7.4914679527282715,7.232981204986572,10.657413482666016,8.926667213439941,7.096630573272705,9.9486083984375,7.571897506713867,1.52885103225708,6.849538326263428,7.610626220703125,,,,,,,,,,,9.371661186218262,11.038289070129395,12.904580116271973,9.827095985412598,8.276737213134766,14.63961410522461,9.07335376739502,1.6823946237564087,7.14572811126709,9.757155418395996,,,,,,,,,,,,,,,,,,,,,,,,,,,,,,,,,,,,,,,,
12,2494,,,,,,,,,,,,,,,,,,,,,,,,,,,,,,,,,,,,,,,,,0.3257910907268524,0.2755047380924225,0.30508479475975037,0.15255825221538544,0.4605708122253418,0.38890600204467773,0.2503986358642578,0.5368621349334717,0.2749671936035156,0.2872673571109772,6.096094608306885,4.7716264724731445,6.889789581298828,4.018528938293457,6.488136291503906,7.87470817565918,6.262364387512207,7.679243564605713,4.591623783111572,6.288834095001221,,,,,,,,,,,7.781076431274414,5.810678005218506,7.958328723907471,5.429661750793457,9.710640907287598,10.106439590454102,8.188169479370117,8.641518592834473,6.019545555114746,8.164701461791992,,,,,,,,,,,,,,,,,,,,,,,,,,,,,,,,,,,,,,,,
12,2499,,,,,,,,,,,,,,,,,,,,,,,,,,,,,,,,,,,,,,,,,0.2610153555870056,0.3367826044559479,0.37946879863739014,0.2304857224225998,0.10964412987232208,0.2287282645702362,0.17149928212165833,0.29909566044807434,0.30228742957115173,0.2911463975906372,5.654944896697998,4.909054756164551,7.199859619140625,5.588789463043213,3.7912352085113525,6.325497150421143,5.044066429138184,5.621796607971191,6.202986717224121,6.211217880249023,,,,,,,,,,,6.913355350494385,6.42446756362915,8.875640869140625,6.673856735229492,4.737969875335693,7.750607490539551,6.776444435119629,6.4500603675842285,6.311511039733887,8.219642639160156,,,,,,,,,,,,,,,,,,,,,,,,,,,,,,,,,,,,,,,,
12,2504,,,,,,,,,,,,,,,,,,,,,,,,,,,,,,,,,,,,,,,,,0.30131441354751587,0.24508163332939148,0.16086074709892273,0.3344597816467285,0.22536581754684448,0.8197925686836243,0.11856964975595474,0.2174064815044403,0.2221340835094452,0.3681586682796478,5.800637245178223,4.500455856323242,4.2714033126831055,6.723666667938232,5.489254474639893,10.785521507263184,4.179002285003662,4.762026309967041,3.6325523853302,7.861850261688232,,,,,,,,,,,7.394651889801025,5.480468273162842,5.778787136077881,8.039459228515625,6.79271936416626,14.67330265045166,5.634527683258057,5.499142169952393,5.41041898727417,9.243037223815918,,,,,,,,,,,,,,,,,,,,,,,,,,,,,,,,,,,,,,,,
12,2509,,,,,,,,,,,,,,,,,,,,,,,,,,,,,,,,,,,,,,,,,0.28125402331352234,0.7217267751693726,0.2153513878583908,0.1933077573776245,0.1843561828136444,0.215460866689682,0.0862978845834732,0.32731738686561584,0.3610374629497528,0.22643059492111206,5.3773722648620605,7.121368408203125,6.126572608947754,5.0008769035339355,5.224036693572998,5.209807395935059,3.6167728900909424,5.426374912261963,4.875288486480713,5.795252323150635,,,,,,,,,,,6.841114521026611,9.404781341552734,6.6862945556640625,6.111946105957031,6.143679141998291,7.522463321685791,4.8069634437561035,6.7475056648254395,6.897622585296631,7.248776912689209,,,,,,,,,,,,,,,,,,,,,,,,,,,,,,,,,,,,,,,,
12,2514,,,,,,,,,,,,,,,,,,,,,,,,,,,,,,,,,,,,,,,,,0.344637393951416,0.6223477721214294,0.35208436846733093,0.5328158140182495,0.3051392734050751,0.3784962594509125,0.37851545214653015,0.16426578164100647,0.23715589940547943,0.13091614842414856,6.458567142486572,5.740147590637207,7.678106784820557,9.256474494934082,6.380313873291016,7.734574317932129,7.768317222595215,4.110067844390869,5.0951151847839355,4.363990306854248,,,,,,,,,,,7.9170708656311035,8.733308792114258,8.549386978149414,10.147135734558105,7.904032230377197,9.970263481140137,10.067290306091309,4.780048370361328,5.590366363525391,5.511804580688477,,,,,,,,,,,,,,,,,,,,,,,,,,,,,,,,,,,,,,,,
12,2519,,,,,,,,,,,,,,,,,,,,,,,,,,,,,,,,,,,,,,,,,0.25315916538238525,0.23059238493442535,0.12829245626926422,0.15018106997013092,0.3019374907016754,0.42095595598220825,0.36452916264533997,0.23867173492908478,0.17624816298484802,0.26702386140823364,5.553606033325195,4.070394515991211,4.5655012130737305,4.712402820587158,6.817109107971191,8.128599166870117,6.4902825355529785,4.968153953552246,3.8801369667053223,6.3498711585998535,,,,,,,,,,,6.95260763168335,5.315998077392578,5.16074275970459,5.387192726135254,7.862453937530518,10.51463508605957,9.879545211791992,5.761814117431641,4.8193182945251465,7.871767520904541,,,,,,,,,,,,,,,,,,,,,,,,,,,,,,,,,,,,,,,,
12,2521,,,,,,,,,,,,,,,,,,,,,,,,,,,,,,,,,,,,,,,,,,,,,,,,,,,6.6198906898498535,5.432215690612793,6.478610515594482,6.256291389465332,6.890861511230469,8.294699668884277,7.254854202270508,5.809362411499023,5.876431941986084,7.285689830780029,0.5696113109588623,0.5594213604927063,0.6424768567085266,0.6465706825256348,0.5641814470291138,0.48185229301452637,0.5626798868179321,0.5771554708480835,0.5443337559700012,0.5478298664093018,8.74010944366455,7.159292697906494,8.483725547790527,8.231409072875977,9.262921333312988,10.98530101776123,9.75130558013916,7.576729774475098,7.653975963592529,9.556323051452637,0.5169957876205444,0.6091358661651611,0.5775423049926758,0.36827731132507324,0.5720453858375549,0.623821496963501,0.4694189429283142,0.44051840901374817,0.4869648814201355,0.5052372217178345,7.406434059143066,6.124269962310791,7.940855503082275,6.102110385894775,8.266183853149414,9.4529390335083,8.379105567932129,5.7517266273498535,6.433072566986084,8.207640647888184,0.42693057656288147,0.3607887625694275,0.5258447527885437,0.5865194201469421,0.2989277243614197,0.43297600746154785,0.5211513042449951,0.30543702840805054,0.3021731376647949,0.5085570812225342,10.12043571472168,8.846805572509766,10.557122230529785,9.552810668945312,11.328608512878418,12.946610450744629,11.062516212463379,7.769730091094971,8.494733810424805,10.524984359741211
13,2524,,,,,,,,,,,,,,,,,,,,,,,,,,,,,,,,,,,,,,,,,0.6413403153419495,0.6762950420379639,0.5766091346740723,0.5775429010391235,0.5194270610809326,0.5263919830322266,0.639316737651825,0.46008819341659546,0.8529468774795532,0.9434449672698975,8.772401809692383,6.332486629486084,8.73347282409668,8.192451477050781,8.839765548706055,9.199763298034668,10.583006858825684,7.0164971351623535,9.411552429199219,10.64261531829834,,,,,,,,,,,11.01793384552002,9.103960990905762,10.94088363647461,10.564452171325684,10.31245231628418,11.757920265197754,13.083646774291992,7.999802589416504,10.601913452148438,14.796380996704102,,,,,,,,,,,,,,,,,,,,,,,,,,,,,,,,,,,,,,,,
13,2529,,,,,,,,,,,,,,,,,,,,,,,,,,,,,,,,,,,,,,,,,0.2791651785373688,0.405646950006485,0.4798668920993805,0.17711412906646729,0.4322403073310852,0.27886655926704407,0.32019558548927307,0.07992193102836609,0.10626167058944702,0.23237226903438568,5.523500919342041,5.653872966766357,6.461090087890625,4.944592475891113,6.619668960571289,6.904149055480957,7.15686559677124,2.8780288696289062,3.3440351486206055,5.749203681945801,,,,,,,,,,,7.169576168060303,7.050766944885254,9.980953216552734,5.850345134735107,9.407240867614746,8.558035850524902,9.259306907653809,3.334200382232666,3.742067575454712,7.34326696395874,,,,,,,,,,,,,,,,,,,,,,,,,,,,,,,,,,,,,,,,
13,2534,,,,,,,,,,,,,,,,,,,,,,,,,,,,,,,,,,,,,,,,,0.35311391949653625,0.4854787588119507,0.5901040434837341,0.34910809993743896,0.21564972400665283,0.4453205168247223,0.22311994433403015,0.06729759275913239,0.5094350576400757,0.29251161217689514,6.368524074554443,6.1872639656066895,7.6049485206604,7.282174110412598,5.541077136993408,8.803345680236816,5.88751220703125,2.4920904636383057,6.397559642791748,7.120741844177246,,,,,,,,,,,7.963973045349121,7.7134270668029785,11.068172454833984,8.213624000549316,6.644680500030518,10.814644813537598,7.729297161102295,3.059556484222412,8.193467140197754,8.238890647888184,,,,,,,,,,,,,,,,,,,,,,,,,,,,,,,,,,,,,,,,
13,2539,,,,,,,,,,,,,,,,,,,,,,,,,,,,,,,,,,,,,,,,,0.24462027847766876,0.27336201071739197,0.4234052896499634,0.11177229881286621,0.2331847846508026,0.18565009534358978,0.08587993681430817,0.3104041814804077,0.3861881494522095,0.19173568487167358,5.152807712554932,4.523647308349609,7.0348992347717285,4.301095008850098,5.406291961669922,5.375168323516846,3.4786198139190674,5.43255615234375,5.883127212524414,4.939864158630371,,,,,,,,,,,6.541508197784424,5.78803825378418,9.375399589538574,4.647527694702148,6.909549236297607,6.982701301574707,4.795309543609619,6.570865154266357,7.1338300704956055,6.670351505279541,,,,,,,,,,,,,,,,,,,,,,,,,,,,,,,,,,,,,,,,
13,2544,,,,,,,,,,,,,,,,,,,,,,,,,,,,,,,,,,,,,,,,,0.35077038407325745,0.3812048137187958,0.3518582582473755,0.5343800187110901,0.19837252795696259,0.2749241888523102,0.21261394023895264,0.30347153544425964,0.50510573387146,0.3950023055076599,6.292357444763184,5.589790344238281,7.419549465179443,8.263046264648438,4.7542805671691895,6.336337089538574,5.767105579376221,5.479981899261475,6.320668697357178,6.7004570960998535,,,,,,,,,,,8.02098274230957,6.835046768188477,8.546642303466797,10.162018775939941,6.372949123382568,8.49732780456543,7.54512882232666,6.497072696685791,8.158576965332031,9.574079513549805,,,,,,,,,,,,,,,,,,,,,,,,,,,,,,,,,,,,,,,,
13,2549,,,,,,,,,,,,,,,,,,,,,,,,,,,,,,,,,,,,,,,,,0.21848934888839722,0.2784731984138489,0.16800348460674286,0.1278541535139084,0.23973782360553741,0.4860806167125702,0.10501400381326675,0.19150933623313904,0.14659394323825836,0.2231375128030777,5.181276321411133,4.801997661590576,4.8501811027526855,4.732707500457764,6.0877838134765625,8.532835006713867,4.30335807800293,3.820446491241455,3.553086996078491,5.9490885734558105,,,,,,,,,,,6.341993808746338,5.841898441314697,5.9056925773620605,4.970639705657959,7.005964279174805,11.29874038696289,5.302667617797852,5.161235809326172,4.395226955413818,7.195872783660889,,,,,,,,,,,,,,,,,,,,,,,,,,,,,,,,,,,,,,,,
13,2554,,,,,,,,,,,,,,,,,,,,,,,,,,,,,,,,,,,,,,,,,0.4770829975605011,0.3594255745410919,0.44427767395973206,0.4438587427139282,0.3609108328819275,0.37045541405677795,0.3692481517791748,0.5940614938735962,1.0263516902923584,0.32515743374824524,7.43458890914917,6.04888916015625,8.250611305236816,6.691300868988037,6.753941059112549,8.152445793151855,7.541015625,7.155797481536865,10.539427757263184,5.777876853942871,,,,,,,,,,,9.256852149963379,6.636922836303711,9.603707313537598,9.26141357421875,8.596063613891602,9.863790512084961,9.943286895751953,9.09022045135498,11.629776954650879,8.686484336853027,,,,,,,,,,,,,,,,,,,,,,,,,,,,,,,,,,,,,,,,
13,2559,,,,,,,,,,,,,,,,,,,,,,,,,,,,,,,,,,,,,,,,,0.7186868190765381,0.43853068351745605,1.4276460409164429,0.5881515741348267,0.5793770551681519,0.601031482219696,0.8807852268218994,0.6796770095825195,0.899128794670105,0.3738531172275543,9.033329963684082,5.6116509437561035,16.333345413208008,9.086774826049805,8.932367324829102,9.441545486450195,10.457411766052246,8.537479400634766,6.633486270904541,6.265902042388916,,,,,,,,,,,11.54915714263916,7.330983638763428,17.215591430664062,10.661039352416992,10.891313552856445,12.563899993896484,15.356978416442871,9.723217010498047,10.88514518737793,9.31424617767334,,,,,,,,,,,,,,,,,,,,,,,,,,,,,,,,,,,,,,,,
13,2564,,,,,,,,,,,,,,,,,,,,,,,,,,,,,,,,,,,,,,,,,0.34609290957450867,0.20488204061985016,0.45737403631210327,0.22253990173339844,0.31396839022636414,0.38252565264701843,0.237196683883667,0.5469919443130493,0.33353307843208313,0.4158244729042053,6.220191955566406,4.193720817565918,8.47994613647461,5.681156635284424,5.946892261505127,7.548467636108398,5.330763339996338,6.517709255218506,5.423370361328125,6.859701156616211,,,,,,,,,,,8.055400848388672,5.010882377624512,9.74422836303711,6.557810306549072,8.017566680908203,10.023194313049316,7.969389915466309,8.722664833068848,6.629683017730713,9.823182106018066,,,,,,,,,,,,,,,,,,,,,,,,,,,,,,,,,,,,,,,,
13,2569,,,,,,,,,,,,,,,,,,,,,,,,,,,,,,,,,,,,,,,,,0.6139628887176514,0.17983780801296234,0.970549464225769,0.6656028032302856,0.32358211278915405,0.4960567355155945,0.39749765396118164,0.5289483070373535,1.5464533567428589,0.41713741421699524,8.110560417175293,4.042897701263428,12.010453224182129,7.943966388702393,6.478381633758545,8.237354278564453,8.323123931884766,7.746328830718994,10.557109832763672,7.655427932739258,,,,,,,,,,,10.310261726379395,4.694644927978516,14.194512367248535,11.341289520263672,8.13939094543457,11.41409683227539,10.316635131835938,8.577589988708496,14.2755126953125,9.838678359985352,,,,,,,,,,,,,,,,,,,,,,,,,,,,,,,,,,,,,,,,
13,2574,,,,,,,,,,,,,,,,,,,,,,,,,,,,,,,,,,,,,,,,,0.23312385380268097,0.32963377237319946,0.1391284316778183,0.18837174773216248,0.21581779420375824,0.24306707084178925,0.18098284304141998,0.04560130089521408,0.406485915184021,0.34902581572532654,5.385897159576416,4.9485955238342285,4.2709879875183105,5.211912631988525,5.838868141174316,6.632150173187256,4.922335147857666,2.2787866592407227,6.835083484649658,7.534356117248535,,,,,,,,,,,6.466566562652588,6.355915546417236,5.374271392822266,6.0334086418151855,6.647268772125244,7.989856243133545,6.9612860679626465,2.518531084060669,7.31890344619751,8.99965763092041,,,,,,,,,,,,,,,,,,,,,,,,,,,,,,,,,,,,,,,,
13,2579,,,,,,,,,,,,,,,,,,,,,,,,,,,,,,,,,,,,,,,,,0.4625397324562073,0.493967741727829,0.6425465941429138,0.13929666578769684,0.31025180220603943,0.4401858150959015,0.4035051763057709,0.8305534720420837,0.061702191829681396,0.8408481478691101,7.441007137298584,6.816899299621582,9.07506275177002,4.066243648529053,5.910648822784424,8.875457763671875,9.003113746643066,9.806589126586914,2.722095489501953,10.692951202392578,,,,,,,,,,,9.022595405578613,7.780572414398193,11.549520492553711,5.188302516937256,7.969972133636475,10.752114295959473,10.394302368164062,10.748367309570312,2.851501226425171,13.96869945526123,,,,,,,,,,,,,,,,,,,,,,,,,,,,,,,,,,,,,,,,
13,2584,,,,,,,,,,,,,,,,,,,,,,,,,,,,,,,,,,,,,,,,,0.38315343856811523,0.5178650617599487,0.5427724123001099,0.14868369698524475,0.3341754078865051,0.1842438131570816,0.3789514899253845,0.17579388618469238,0.35844898223876953,0.8074461221694946,6.727989196777344,6.785548210144043,8.6239013671875,4.324419975280762,6.7503743171691895,6.262694358825684,7.605237007141113,4.308915138244629,4.851016521453857,11.039796829223633,,,,,,,,,,,8.30543327331543,7.966555118560791,10.615013122558594,5.360269069671631,8.271550178527832,6.956204414367676,10.073087692260742,4.944935321807861,6.872851371765137,13.688440322875977,,,,,,,,,,,,,,,,,,,,,,,,,,,,,,,,,,,,,,,,
13,2589,,,,,,,,,,,,,,,,,,,,,,,,,,,,,,,,,,,,,,,,,0.318593829870224,0.3891412913799286,0.21742257475852966,0.3093624711036682,0.31210047006607056,0.30801236629486084,0.3568144738674164,0.2001207172870636,0.6033854484558105,0.17098449170589447,6.281159400939941,5.957550048828125,5.893892288208008,6.132266998291016,5.8557353019714355,7.564106464385986,7.5329790115356445,4.368006229400635,8.00948715209961,5.216408729553223,,,,,,,,,,,7.623390197753906,6.9058308601379395,6.7183709144592285,7.7319440841674805,7.993681907653809,8.994146347045898,9.774443626403809,5.275999069213867,8.917038917541504,6.2990570068359375,,,,,,,,,,,,,,,,,,,,,,,,,,,,,,,,,,,,,,,,
13,2594,,,,,,,,,,,,,,,,,,,,,,,,,,,,,,,,,,,,,,,,,1.306032419204712,0.5117241144180298,1.2048428058624268,2.110966682434082,0.879581093788147,0.7675325870513916,0.9181338548660278,2.3413729667663574,2.396918535232544,0.6232184767723083,11.500468254089355,6.723350524902344,11.571514129638672,14.697744369506836,9.209641456604004,10.974577903747559,9.307378768920898,16.11029052734375,16.0841064453125,8.825607299804688,,,,,,,,,,,15.008167266845703,7.919179916381836,15.815279006958008,20.197404861450195,13.419538497924805,14.197904586791992,15.67919635772705,18.04654312133789,17.77255630493164,12.025893211364746,,,,,,,,,,,,,,,,,,,,,,,,,,,,,,,,,,,,,,,,
13,2599,,,,,,,,,,,,,,,,,,,,,,,,,,,,,,,,,,,,,,,,,0.45884937047958374,0.477565199136734,0.471122682094574,0.3868912160396576,0.4411228597164154,0.477559357881546,0.47809144854545593,0.7174468040466309,0.25595352053642273,0.4238910973072052,7.843725681304932,6.52192497253418,8.404991149902344,6.628442287445068,8.229157447814941,9.762442588806152,9.601966857910156,8.743906021118164,4.711546897888184,7.989147663116455,,,,,,,,,,,9.32432746887207,7.650302410125732,9.889598846435547,8.646678924560547,9.503409385681152,11.199264526367188,11.314263343811035,9.989726066589355,5.807695388793945,9.91800594329834,,,,,,,,,,,,,,,,,,,,,,,,,,,,,,,,,,,,,,,,
13,2604,,,,,,,,,,,,,,,,,,,,,,,,,,,,,,,,,,,,,,,,,0.39093977212905884,0.31765761971473694,0.6863669753074646,0.41170188784599304,0.3830682337284088,0.42181605100631714,0.3338698744773865,0.3078414797782898,0.35605117678642273,0.30008450150489807,7.011057376861572,5.085525035858154,9.102056503295898,8.026273727416992,6.559255123138428,8.5305814743042,7.3983869552612305,6.018612384796143,5.4062957763671875,6.972530841827393,,,,,,,,,,,8.630061149597168,6.239386558532715,11.93685245513916,8.9196195602417,8.856001853942871,10.525370597839355,9.45495319366455,6.543684005737305,6.849825382232666,8.344858169555664,,,,,,,,,,,,,,,,,,,,,,,,,,,,,,,,,,,,,,,,
13,2609,,,,,,,,,,,,,,,,,,,,,,,,,,,,,,,,,,,,,,,,,0.3682354688644409,0.2552671432495117,0.43858760595321655,0.4547221064567566,0.44435977935791016,0.38521167635917664,0.14679034054279327,0.49981454014778137,0.3885929584503174,0.3007729649543762,6.308935642242432,4.579922199249268,6.001121520996094,7.456836700439453,7.254848003387451,7.535799980163574,4.46665620803833,6.6945013999938965,6.6699676513671875,6.120762825012207,,,,,,,,,,,8.247063636779785,5.593192100524902,9.542009353637695,9.374064445495605,9.538212776184082,10.058323860168457,6.269306659698486,8.338024139404297,7.156006813049316,8.354425430297852,,,,,,,,,,,,,,,,,,,,,,,,,,,,,,,,,,,,,,,,
13,2614,,,,,,,,,,,,,,,,,,,,,,,,,,,,,,,,,,,,,,,,,0.27003198862075806,0.2726421654224396,0.16289249062538147,0.32323336601257324,0.19204315543174744,0.3888746500015259,0.23700281977653503,0.32337746024131775,0.04643575847148895,0.48378610610961914,5.6191792488098145,4.6014933586120605,4.05116081237793,5.345922470092773,5.586463451385498,8.526325225830078,6.311720371246338,5.3058037757873535,1.7085318565368652,9.135191917419434,,,,,,,,,,,7.068625450134277,5.780411720275879,5.81516695022583,7.903382301330566,6.270455360412598,10.106032371520996,7.966132640838623,6.706773281097412,2.473714590072632,10.595560073852539,,,,,,,,,,,,,,,,,,,,,,,,,,,,,,,,,,,,,,,,
13,2619,,,,,,,,,,,,,,,,,,,,,,,,,,,,,,,,,,,,,,,,,0.519070565700531,0.10791291296482086,0.9028581380844116,0.26399925351142883,0.6633202433586121,0.44260311126708984,0.41866952180862427,0.5067819952964783,0.8376032710075378,0.5278866291046143,7.871837139129639,2.7595348358154297,11.558684349060059,6.2442307472229,8.124764442443848,8.363105773925781,8.103978157043457,7.511920928955078,8.96165943145752,9.218656539916992,,,,,,,,,,,9.718095779418945,3.6366288661956787,13.690567970275879,7.142598628997803,11.653631210327148,10.781597137451172,10.587818145751953,8.395938873291016,10.506122589111328,11.06795883178711,,,,,,,,,,,,,,,,,,,,,,,,,,,,,,,,,,,,,,,,
13,2624,,,,,,,,,,,,,,,,,,,,,,,,,,,,,,,,,,,,,,,,,0.2966337203979492,0.31220942735671997,0.1221795305609703,0.22804707288742065,0.17775858938694,0.5968025922775269,0.27028805017471313,0.20614996552467346,0.46007537841796875,0.2961927056312561,6.075229644775391,5.61704158782959,4.220306396484375,5.136427879333496,4.592845439910889,10.458602905273438,6.620321750640869,3.9317140579223633,6.810859680175781,7.288947582244873,,,,,,,,,,,7.3724212646484375,6.1856489181518555,5.03629207611084,6.63845682144165,6.03274393081665,12.519621849060059,8.507152557373047,5.354887962341309,7.786418914794922,8.290569305419922,,,,,,,,,,,,,,,,,,,,,,,,,,,,,,,,,,,,,,,,
13,2629,,,,,,,,,,,,,,,,,,,,,,,,,,,,,,,,,,,,,,,,,0.4483497440814972,0.37219008803367615,0.4104187786579132,0.5246337056159973,0.6529994606971741,0.36368462443351746,0.16891515254974365,0.46709713339805603,0.5865849852561951,0.48862379789352417,6.46821928024292,4.662274360656738,6.603059768676758,7.835024356842041,7.5364909172058105,6.549066066741943,4.75919771194458,5.680652141571045,6.355949401855469,8.232254981994629,,,,,,,,,,,9.06834888458252,6.7537455558776855,9.230500221252441,10.06892204284668,11.562615394592285,9.773233413696289,6.725198268890381,8.060506820678711,8.792020797729492,10.648404121398926,,,,,,,,,,,,,,,,,,,,,,,,,,,,,,,,,,,,,,,,
13,2634,,,,,,,,,,,,,,,,,,,,,,,,,,,,,,,,,,,,,,,,,0.3521311283111572,0.33410152792930603,0.35774073004722595,0.28951066732406616,0.3211829662322998,0.515471339225769,0.306002140045166,0.17072367668151855,0.43538033962249756,0.4390667974948883,6.133932590484619,4.278009414672852,6.036038398742676,5.239534378051758,6.112120628356934,8.521580696105957,6.052550792694092,4.421749114990234,6.4724578857421875,8.071355819702148,,,,,,,,,,,8.203808784484863,6.398843765258789,8.617789268493652,7.4797515869140625,8.109160423278809,11.635313987731934,9.05176067352295,4.873103141784668,7.5745649337768555,10.093981742858887,,,,,,,,,,,,,,,,,,,,,,,,,,,,,,,,,,,,,,,,
13,2639,,,,,,,,,,,,,,,,,,,,,,,,,,,,,,,,,,,,,,,,,0.43809741735458374,0.7124924659729004,0.28671103715896606,0.42128270864486694,0.3762352764606476,0.795566201210022,0.5492519736289978,0.24422866106033325,0.1484774500131607,0.4086311459541321,7.403303623199463,7.472579002380371,6.857567310333252,8.212976455688477,7.139318466186523,11.580656051635742,8.715993881225586,4.717086315155029,3.451645851135254,8.481908798217773,,,,,,,,,,,9.047836303710938,9.344422340393066,7.714962959289551,9.022808074951172,8.776662826538086,14.454864501953125,12.127089500427246,5.828503608703613,4.423373222351074,9.737846374511719,,,,,,,,,,,,,,,,,,,,,,,,,,,,,,,,,,,,,,,,
13,2644,,,,,,,,,,,,,,,,,,,,,,,,,,,,,,,,,,,,,,,,,0.347044438123703,0.4066418409347534,0.05479547381401062,0.3325333595275879,0.7162176370620728,0.4084097146987915,0.5861080884933472,0.09831980615854263,0.20747296512126923,0.3129010796546936,6.033604145050049,4.719210624694824,2.7408697605133057,5.8121256828308105,9.661643028259277,7.590605735778809,10.313248634338379,3.030280828475952,3.712968111038208,6.721484184265137,,,,,,,,,,,7.876674175262451,7.059408187866211,3.372748613357544,8.016273498535156,12.109386444091797,10.356760025024414,12.527362823486328,3.6981053352355957,5.228824615478516,8.521199226379395,,,,,,,,,,,,,,,,,,,,,,,,,,,,,,,,,,,,,,,,
13,2649,,,,,,,,,,,,,,,,,,,,,,,,,,,,,,,,,,,,,,,,,0.38820478320121765,0.48178020119667053,0.46172624826431274,0.17661160230636597,0.30164867639541626,0.2066105604171753,0.08418239653110504,0.20627747476100922,1.2111083269119263,0.3638975918292999,6.122171878814697,6.068827152252197,7.751651287078857,4.276276111602783,6.310037612915039,5.193891525268555,3.983855724334717,4.943549633026123,10.307332992553711,6.2641282081604,,,,,,,,,,,7.829823017120361,7.683989524841309,9.79047966003418,5.842040061950684,7.858693599700928,7.3663458824157715,4.747679710388184,5.35654354095459,12.633241653442383,9.189393043518066,,,,,,,,,,,,,,,,,,,,,,,,,,,,,,,,,,,,,,,,
13,2654,,,,,,,,,,,,,,,,,,,,,,,,,,,,,,,,,,,,,,,,,0.5599046945571899,0.5077077746391296,0.9356235265731812,0.48553478717803955,0.3768138587474823,0.6681937575340271,0.28878578543663025,0.39447855949401855,1.0694531202316284,0.3125508725643158,7.823891639709473,6.71387243270874,12.161741256713867,5.520175933837891,6.959489822387695,9.721600532531738,6.690103054046631,5.5145392417907715,9.940328598022461,7.193170547485352,,,,,,,,,,,10.014531135559082,7.888041019439697,13.936772346496582,9.686460494995117,8.783409118652344,13.24729061126709,8.793437004089355,7.407479286193848,11.8714599609375,8.516429901123047,,,,,,,,,,,,,,,,,,,,,,,,,,,,,,,,,,,,,,,,
13,2659,,,,,,,,,,,,,,,,,,,,,,,,,,,,,,,,,,,,,,,,,0.4159535765647888,0.2713506817817688,0.7353108525276184,0.6357788443565369,0.6215872764587402,0.54590904712677,0.2512316405773163,0.20314724743366241,0.3114050030708313,0.1678616851568222,6.609645366668701,4.690375328063965,9.041948318481445,8.010881423950195,7.371859073638916,8.640376091003418,6.249143123626709,4.88599157333374,5.800248622894287,4.795987606048584,,,,,,,,,,,8.736210823059082,5.766705513000488,12.355124473571777,11.084291458129883,11.28108024597168,11.97391128540039,8.201777458190918,5.3157453536987305,6.40598726272583,6.241270542144775,,,,,,,,,,,,,,,,,,,,,,,,,,,,,,,,,,,,,,,,
13,2664,,,,,,,,,,,,,,,,,,,,,,,,,,,,,,,,,,,,,,,,,0.32311055064201355,0.3948395252227783,0.1851653903722763,0.08738639205694199,0.47526243329048157,0.09032366424798965,0.077266626060009,0.5542656183242798,0.8342923521995544,0.20919296145439148,5.491426944732666,6.014949798583984,4.561010837554932,3.665886640548706,7.512397766113281,4.007445812225342,3.5605826377868652,7.840840816497803,6.279222011566162,5.9805073738098145,,,,,,,,,,,6.975790977478027,6.956208229064941,6.19999885559082,4.109384536743164,9.864302635192871,4.870534420013428,4.548485279083252,8.780467987060547,10.485339164733887,6.967399597167969,,,,,,,,,,,,,,,,,,,,,,,,,,,,,,,,,,,,,,,,
13,2669,,,,,,,,,,,,,,,,,,,,,,,,,,,,,,,,,,,,,,,,,0.5057748556137085,0.4968417286872864,1.366684913635254,0.26115313172340393,0.6213803887367249,0.3252221345901489,0.28162217140197754,0.4066144526004791,0.5807663798332214,0.2116885483264923,8.092147827148438,7.201974391937256,15.436445236206055,5.773181915283203,8.798194885253906,7.804362773895264,6.989551544189453,6.719968795776367,8.377326965332031,5.7283244132995605,,,,,,,,,,,9.359309196472168,7.8031744956970215,16.844022750854492,7.103992462158203,11.279203414916992,9.241998672485352,8.683688163757324,7.520559310913086,8.748307228088379,7.008835792541504,,,,,,,,,,,,,,,,,,,,,,,,,,,,,,,,,,,,,,,,
13,2674,,,,,,,,,,,,,,,,,,,,,,,,,,,,,,,,,,,,,,,,,0.35843926668167114,0.3812783360481262,0.14607949554920197,0.5067009925842285,0.20828178524971008,0.268218994140625,0.4474930763244629,0.7126609086990356,0.272641122341156,0.2825986444950104,6.2553606033325195,4.816547393798828,4.4178147315979,8.412394523620605,5.390687465667725,6.606124401092529,8.295210838317871,6.9810051918029785,4.686807632446289,6.691651821136475,,,,,,,,,,,8.017317771911621,6.835705757141113,5.506888389587402,9.895340919494629,6.530181884765625,8.39306640625,10.946213722229004,9.956351280212402,5.994030475616455,8.09808349609375,,,,,,,,,,,,,,,,,,,,,,,,,,,,,,,,,,,,,,,,
13,2679,,,,,,,,,,,,,,,,,,,,,,,,,,,,,,,,,,,,,,,,,0.4841625392436981,1.2558695077896118,0.03777330741286278,0.27116477489471436,0.3523685038089752,0.6575155854225159,0.41831812262535095,0.2362075299024582,0.31658852100372314,0.8116571307182312,7.076254367828369,9.352197647094727,2.5198800563812256,6.569129943847656,7.609134197235107,10.254512786865234,8.535517692565918,4.289216995239258,4.892562389373779,9.664133071899414,,,,,,,,,,,8.953170776367188,12.406078338623047,2.800297498703003,7.238883018493652,8.493724822998047,13.141014099121094,10.5833740234375,5.731991767883301,6.459083080291748,13.724087715148926,,,,,,,,,,,,,,,,,,,,,,,,,,,,,,,,,,,,,,,,
13,2684,,,,,,,,,,,,,,,,,,,,,,,,,,,,,,,,,,,,,,,,,0.230963334441185,0.18382352590560913,0.07366678863763809,0.09514383971691132,0.16140253841876984,0.18106518685817719,0.12692590057849884,0.6060043573379517,0.2624896466732025,0.38814833760261536,4.615433692932129,3.9516329765319824,3.3242883682250977,3.2244925498962402,4.875274181365967,5.501522541046143,3.755180835723877,5.73655366897583,4.304287433624268,6.865668773651123,,,,,,,,,,,6.219137668609619,4.7463836669921875,3.9106369018554688,4.287906169891357,5.748503684997559,6.895937919616699,5.829696178436279,9.181139945983887,5.881381511688232,9.490652084350586,,,,,,,,,,,,,,,,,,,,,,,,,,,,,,,,,,,,,,,,
13,2689,,,,,,,,,,,,,,,,,,,,,,,,,,,,,,,,,,,,,,,,,0.3103790283203125,0.24377647042274475,0.20941857993602753,0.25642091035842896,0.21781231462955475,0.29972079396247864,0.34633785486221313,0.2856164574623108,0.6262869238853455,0.3080208897590637,6.421996116638184,4.387008190155029,5.476456165313721,5.814548969268799,5.811129570007324,8.235795974731445,8.018866539001465,5.301056861877441,7.395807266235352,7.357297420501709,,,,,,,,,,,7.569002151489258,5.465855598449707,6.593549728393555,7.039334774017334,6.677915096282959,8.872261047363281,9.629877090454102,6.303043842315674,9.084687232971191,8.454487800598145,,,,,,,,,,,,,,,,,,,,,,,,,,,,,,,,,,,,,,,,
13,2694,,,,,,,,,,,,,,,,,,,,,,,,,,,,,,,,,,,,,,,,,0.39520353078842163,0.6919946670532227,0.1424771398305893,0.274914413690567,0.2590431272983551,0.33233365416526794,0.3249134421348572,0.7449288964271545,0.24732455611228943,0.538902223110199,6.536853313446045,6.954040050506592,4.238665580749512,5.591307163238525,5.147689342498779,7.405862331390381,6.9518914222717285,8.102849960327148,5.59116268157959,8.848212242126465,,,,,,,,,,,8.328862190246582,9.209024429321289,5.438564300537109,7.288759708404541,7.28258752822876,9.342497825622559,9.3272705078125,10.179258346557617,5.708959102630615,11.182842254638672,,,,,,,,,,,,,,,,,,,,,,,,,,,,,,,,,,,,,,,,
13,2699,,,,,,,,,,,,,,,,,,,,,,,,,,,,,,,,,,,,,,,,,0.432901531457901,0.2149178385734558,0.3352220952510834,0.4283105432987213,0.7223976254463196,0.3826036751270294,0.15583015978336334,0.28085607290267944,1.0215898752212524,0.3543857932090759,6.722835540771484,3.840738534927368,8.019112586975098,6.95570707321167,8.048816680908203,7.908381938934326,4.594531059265137,4.905096054077148,8.625640869140625,7.607494831085205,,,,,,,,,,,8.682089805603027,5.132140159606934,8.342148780822754,9.097755432128906,12.161519050598145,10.024215698242188,6.459465026855469,6.2502970695495605,11.602766990661621,9.068498611450195,,,,,,,,,,,,,,,,,,,,,,,,,,,,,,,,,,,,,,,,
13,2704,,,,,,,,,,,,,,,,,,,,,,,,,,,,,,,,,,,,,,,,,0.22960832715034485,0.23912173509597778,0.2829847037792206,0.1568714678287506,0.2956674098968506,0.23587724566459656,0.1828451007604599,0.19444140791893005,0.15494096279144287,0.3237248957157135,5.358840465545654,4.286355018615723,5.974847316741943,3.66182017326355,6.200974464416504,6.255547523498535,6.000507831573486,4.1306681632995605,4.105515956878662,7.6133294105529785,,,,,,,,,,,6.624301433563232,5.413421154022217,7.664664268493652,5.505881309509277,7.780389785766602,7.870800018310547,6.99700927734375,5.200596332550049,4.5186262130737305,8.667328834533691,,,,,,,,,,,,,,,,,,,,,,,,,,,,,,,,,,,,,,,,
13,2709,,,,,,,,,,,,,,,,,,,,,,,,,,,,,,,,,,,,,,,,,0.3628219962120056,0.39269864559173584,0.7119545340538025,0.27323365211486816,0.1542971432209015,0.25752079486846924,0.26882490515708923,0.6795566082000732,0.17635148763656616,0.3509600758552551,6.367950439453125,4.691551685333252,8.821033477783203,5.781599044799805,4.85361385345459,7.262665748596191,7.042827129364014,7.476662635803223,3.8806850910186768,7.500914573669434,,,,,,,,,,,8.028594970703125,6.937323570251465,12.157319068908691,7.266444683074951,5.620546817779541,8.223978996276855,8.484094619750977,9.722356796264648,4.820730686187744,9.024560928344727,,,,,,,,,,,,,,,,,,,,,,,,,,,,,,,,,,,,,,,,
13,2714,,,,,,,,,,,,,,,,,,,,,,,,,,,,,,,,,,,,,,,,,0.5414773225784302,0.4696587920188904,0.22324885427951813,0.6694198846817017,0.709710419178009,0.7831701636314392,0.5554592609405518,0.5626651048660278,0.6571817398071289,0.24278192222118378,7.969450950622559,6.309261322021484,5.663491725921631,9.997756004333496,9.266158103942871,11.004782676696777,9.07933521270752,7.022583484649658,7.122969627380371,6.258723258972168,,,,,,,,,,,10.002057075500488,7.5867109298706055,6.8077921867370605,11.373764038085938,12.054251670837402,14.341808319091797,12.195423126220703,8.846750259399414,9.30606460571289,7.505944728851318,,,,,,,,,,,,,,,,,,,,,,,,,,,,,,,,,,,,,,,,
13,2715,,,,,,,,,,,,,,,,,,,,,,,,,,,,,,,,,,,,,,,,,,,,,,,,,,,6.57688045501709,5.378164291381836,6.542514801025391,6.275613307952881,6.773340225219727,8.240649223327637,7.07134485244751,5.751240253448486,5.847067832946777,7.311988353729248,0.5774840116500854,0.5760387778282166,0.6351259350776672,0.6450514793395996,0.5813114643096924,0.4893280863761902,0.5844298601150513,0.5842492580413818,0.5538626909255981,0.5479589700698853,8.66383171081543,7.022982120513916,8.5704984664917,8.249080657958984,9.079054832458496,10.90576457977295,9.50572395324707,7.512906551361084,7.57352352142334,9.554960250854492,0.5447328090667725,0.6476062536239624,0.5680140852928162,0.38188791275024414,0.5415587425231934,0.655642569065094,0.5237634778022766,0.4789813756942749,0.5224335789680481,0.5827067494392395,7.595494747161865,6.533332824707031,7.788716793060303,6.107498645782471,7.987550258636475,9.540250778198242,8.834380149841309,6.112185001373291,6.724031925201416,8.731512069702148,0.39114323258399963,0.3184727430343628,0.5191130638122559,0.5518022775650024,0.3419913053512573,0.3997052311897278,0.46205514669418335,0.23685836791992188,0.2558578848838806,0.4344332218170166,10.437914848327637,9.134943962097168,10.631799697875977,9.945770263671875,10.975163459777832,13.321024894714355,11.72529125213623,8.144279479980469,8.77210521697998,11.290855407714844
14,2719,,,,,,,,,,,,,,,,,,,,,,,,,,,,,,,,,,,,,,,,,0.35365965962409973,0.3350260853767395,0.05622003227472305,0.25019383430480957,0.7024788856506348,0.6368755102157593,0.20202046632766724,0.29803138971328735,0.3987487256526947,0.30334198474884033,6.453310012817383,4.480202674865723,2.7250781059265137,6.5008955001831055,9.243319511413574,10.211148262023926,5.290097236633301,5.795612335205078,6.901579856872559,6.931857109069824,,,,,,,,,,,7.903934001922607,6.40769100189209,3.4163095951080322,6.953335762023926,11.992681503295898,12.933115005493164,7.354759693145752,6.438574314117432,7.2489142417907715,8.390028953552246,,,,,,,,,,,,,,,,,,,,,,,,,,,,,,,,,,,,,,,,
14,2724,,,,,,,,,,,,,,,,,,,,,,,,,,,,,,,,,,,,,,,,,0.40542250871658325,0.398227721452713,0.2684015929698944,0.2722774147987366,0.4511491656303406,0.4959542155265808,0.43105262517929077,0.46919289231300354,0.5076767206192017,0.3548700213432312,6.784290790557861,5.8938212394714355,5.056172847747803,5.421087741851807,8.124998092651367,8.560544967651367,7.697230339050293,5.866565227508545,6.782801151275635,7.655394077301025,,,,,,,,,,,8.755979537963867,6.98599100112915,7.464560031890869,7.25371789932251,9.610803604125977,11.412917137145996,10.743255615234375,8.078568458557129,8.179313659667969,9.074690818786621,,,,,,,,,,,,,,,,,,,,,,,,,,,,,,,,,,,,,,,,
14,2729,,,,,,,,,,,,,,,,,,,,,,,,,,,,,,,,,,,,,,,,,0.3470751941204071,0.1675780713558197,0.5326084494590759,0.34105461835861206,0.25282028317451477,0.2789040207862854,0.3861454725265503,0.3268152177333832,0.48279663920402527,0.3549540638923645,6.59421968460083,3.9110567569732666,9.079977989196777,6.478006362915039,6.073849201202393,6.536703586578369,7.940880298614502,5.371088027954102,6.591942310333252,7.364473342895508,,,,,,,,,,,8.09791088104248,4.531801223754883,10.515154838562012,8.118332862854004,7.194582462310791,8.558609962463379,10.168251037597656,6.742327690124512,7.976372241973877,9.075765609741211,,,,,,,,,,,,,,,,,,,,,,,,,,,,,,,,,,,,,,,,
14,2734,,,,,,,,,,,,,,,,,,,,,,,,,,,,,,,,,,,,,,,,,0.19393107295036316,0.1946759968996048,0.1805843561887741,0.10088443011045456,0.3207434415817261,0.2763635516166687,0.22809873521327972,0.15688279271125793,0.13447563350200653,0.15267084538936615,4.895237445831299,3.628521680831909,4.896663665771484,3.520338535308838,6.483616352081299,6.82574987411499,6.472928524017334,4.203137397766113,3.079145908355713,4.947031497955322,,,,,,,,,,,6.077120780944824,4.884481430053711,6.122823715209961,4.415368556976318,8.103610038757324,8.519542694091797,7.81505823135376,4.671392917633057,4.209640979766846,5.952169895172119,,,,,,,,,,,,,,,,,,,,,,,,,,,,,,,,,,,,,,,,
14,2739,,,,,,,,,,,,,,,,,,,,,,,,,,,,,,,,,,,,,,,,,0.4960685968399048,0.4743480086326599,0.2764468193054199,0.2973533272743225,0.4103357195854187,0.383136123418808,0.34496405720710754,0.6549323201179504,1.0716419219970703,0.5514589548110962,7.381358623504639,5.98307991027832,6.932599067687988,6.097129821777344,7.989328384399414,8.81725025177002,7.663946151733398,5.1306257247924805,8.36880111694336,9.449467658996582,,,,,,,,,,,9.36986255645752,7.624490261077881,7.575607776641846,7.580385684967041,9.165777206420898,10.03118896484375,9.610759735107422,9.54458236694336,11.8836030960083,11.31237506866455,,,,,,,,,,,,,,,,,,,,,,,,,,,,,,,,,,,,,,,,
14,2744,,,,,,,,,,,,,,,,,,,,,,,,,,,,,,,,,,,,,,,,,0.2587060332298279,0.2234179824590683,0.30654963850975037,0.43430352210998535,0.17968733608722687,0.07648151367902756,0.2988429665565491,0.2253260314464569,0.2190415859222412,0.36470383405685425,5.467381954193115,4.216611862182617,5.7920379638671875,6.851763725280762,4.853510856628418,4.266163349151611,6.563883304595947,4.629915714263916,4.207443714141846,7.825104236602783,,,,,,,,,,,6.892698764801025,5.2326459884643555,7.97741174697876,9.16118335723877,6.065384864807129,4.48181676864624,8.945246696472168,5.598405838012695,5.372625827789307,9.199565887451172,,,,,,,,,,,,,,,,,,,,,,,,,,,,,,,,,,,,,,,,
14,2749,,,,,,,,,,,,,,,,,,,,,,,,,,,,,,,,,,,,,,,,,0.2108074426651001,0.24335606396198273,0.17839057743549347,0.24100682139396667,0.13398480415344238,0.22078722715377808,0.21647191047668457,0.1256970316171646,0.23959089815616608,0.2979816198348999,4.780817031860352,4.585082530975342,4.863622188568115,4.870659828186035,4.518355369567871,5.789063930511475,5.87094783782959,2.600512981414795,3.940706729888916,5.988402366638184,,,,,,,,,,,6.32808780670166,5.4611406326293945,6.085518836975098,6.824479579925537,5.2375407218933105,7.614875793457031,7.61327600479126,4.181395053863525,5.618992328643799,8.315567970275879,,,,,,,,,,,,,,,,,,,,,,,,,,,,,,,,,,,,,,,,
14,2754,,,,,,,,,,,,,,,,,,,,,,,,,,,,,,,,,,,,,,,,,0.5285441279411316,0.8068644404411316,0.32912957668304443,0.013394126668572426,0.6553130745887756,0.5363625288009644,0.3332502543926239,0.9098297357559204,0.8793977499008179,0.29335543513298035,7.088453769683838,7.8609538078308105,6.606241226196289,1.5024088621139526,8.742228507995605,8.24079418182373,8.200577735900879,8.4653959274292,7.12959098815918,7.0478973388671875,,,,,,,,,,,9.220258712768555,9.9440336227417,8.26599407196045,1.6088372468948364,11.583080291748047,11.868752479553223,9.44617748260498,11.24964427947998,10.765048027038574,8.25076675415039,,,,,,,,,,,,,,,,,,,,,,,,,,,,,,,,,,,,,,,,
14,2759,,,,,,,,,,,,,,,,,,,,,,,,,,,,,,,,,,,,,,,,,0.3989063501358032,0.3975031077861786,0.3301127254962921,0.2986043095588684,0.11225517839193344,0.4371415376663208,0.4080248177051544,0.5044130682945251,0.7037425637245178,0.39835986495018005,6.711331844329834,5.6266608238220215,6.741153240203857,5.939065933227539,3.994020700454712,9.164441108703613,8.233840942382812,6.592251777648926,6.865139961242676,7.24540901184082,,,,,,,,,,,8.49295711517334,6.979632377624512,8.27833080291748,7.596314430236816,4.794052600860596,10.714869499206543,10.452352523803711,8.376294136047363,9.630085945129395,9.614684104919434,,,,,,,,,,,,,,,,,,,,,,,,,,,,,,,,,,,,,,,,
14,2764,,,,,,,,,,,,,,,,,,,,,,,,,,,,,,,,,,,,,,,,,0.37349504232406616,0.3392579257488251,0.3510282039642334,0.37184712290763855,0.32022416591644287,0.16375134885311127,0.34721508622169495,0.13441115617752075,0.9757841229438782,0.35793638229370117,6.912378311157227,5.277270793914795,7.182997226715088,8.029268264770508,6.3739190101623535,5.133536338806152,8.000428199768066,4.264554500579834,10.848249435424805,7.10117769241333,,,,,,,,,,,8.059549331665039,6.448033809661865,8.536555290222168,8.476901054382324,8.097047805786133,6.557952404022217,9.64206600189209,4.323907852172852,11.3396635055542,9.113813400268555,,,,,,,,,,,,,,,,,,,,,,,,,,,,,,,,,,,,,,,,
14,2769,,,,,,,,,,,,,,,,,,,,,,,,,,,,,,,,,,,,,,,,,0.5096264481544495,0.2180478274822235,0.8297950625419617,0.5514139533042908,0.24771329760551453,0.3407878577709198,0.5644307136535645,0.9467758536338806,0.5048328638076782,0.382840633392334,7.263027667999268,4.42548942565918,9.079890251159668,6.994198799133301,5.911811828613281,8.349903106689453,8.317398071289062,8.001752853393555,6.020907402038574,8.265893936157227,,,,,,,,,,,9.616707801818848,5.169375896453857,13.124932289123535,10.322711944580078,7.121546268463135,9.460583686828613,12.293517112731934,11.47578239440918,8.156373023986816,9.42553997039795,,,,,,,,,,,,,,,,,,,,,,,,,,,,,,,,,,,,,,,,
14,2774,,,,,,,,,,,,,,,,,,,,,,,,,,,,,,,,,,,,,,,,,0.35907745361328125,0.10401187092065811,0.4553096890449524,0.17586588859558105,0.637328565120697,0.2206791788339615,0.41075894236564636,0.663253664970398,0.0953783243894577,0.4691108465194702,6.898058891296387,2.9625346660614014,8.899575233459473,5.541101455688477,8.439855575561523,6.159154891967773,8.56094741821289,9.581732749938965,3.0252277851104736,8.91240119934082,,,,,,,,,,,8.025495529174805,3.5702919960021973,9.722211837768555,5.829692840576172,11.423030853271484,7.613012790679932,10.48731517791748,9.605025291442871,3.545260190963745,10.433618545532227,,,,,,,,,,,,,,,,,,,,,,,,,,,,,,,,,,,,,,,,
14,2779,,,,,,,,,,,,,,,,,,,,,,,,,,,,,,,,,,,,,,,,,0.5194997787475586,0.5099451541900635,0.8954221606254578,0.43622130155563354,0.6754586100578308,0.5342695713043213,0.2878482937812805,0.39011290669441223,0.3352017104625702,0.6110179424285889,7.429586887359619,6.208676815032959,9.60319709777832,6.830052375793457,9.083296775817871,9.792366027832031,6.36500358581543,6.192942142486572,5.012192249298096,7.778552532196045,,,,,,,,,,,9.891731262207031,7.905403137207031,13.634071350097656,9.181386947631836,11.759775161743164,11.845572471618652,8.779152870178223,7.36637544631958,6.646245956420898,11.907598495483398,,,,,,,,,,,,,,,,,,,,,,,,,,,,,,,,,,,,,,,,
14,2784,,,,,,,,,,,,,,,,,,,,,,,,,,,,,,,,,,,,,,,,,0.5013383030891418,0.45481228828430176,0.4352216422557831,0.624550461769104,0.6443953514099121,0.7472180724143982,0.44869309663772583,0.6366701126098633,0.33689412474632263,0.1835898607969284,6.941956520080566,6.757840633392334,5.158803462982178,7.115780830383301,7.3294219970703125,9.999826431274414,7.7055983543396,6.946816444396973,6.223491668701172,5.240028381347656,,,,,,,,,,,9.668183326721191,7.465834140777588,9.50532341003418,10.985977172851562,11.486186981201172,14.00875473022461,10.960881233215332,9.41057014465332,6.6630024909973145,6.5271196365356445,,,,,,,,,,,,,,,,,,,,,,,,,,,,,,,,,,,,,,,,
14,2789,,,,,,,,,,,,,,,,,,,,,,,,,,,,,,,,,,,,,,,,,0.5057584047317505,0.35679545998573303,0.12048880755901337,0.10940007120370865,0.6308937072753906,1.9687776565551758,0.577597975730896,0.38068708777427673,0.1783832609653473,0.22880129516124725,6.594019412994385,5.297469615936279,3.5650084018707275,3.8347256183624268,7.509966850280762,13.64018726348877,8.778839111328125,6.397824764251709,4.15368127822876,6.168471336364746,,,,,,,,,,,9.129355430603027,6.612595081329346,5.00132417678833,4.597944736480713,11.365217208862305,22.73914909362793,12.436081886291504,7.276839256286621,4.848421096801758,7.286625862121582,,,,,,,,,,,,,,,,,,,,,,,,,,,,,,,,,,,,,,,,
14,2794,,,,,,,,,,,,,,,,,,,,,,,,,,,,,,,,,,,,,,,,,0.4691862165927887,1.007602334022522,0.35550016164779663,0.5008937120437622,0.29543599486351013,0.4827907085418701,0.5449187755584717,0.08272821456193924,0.5239758491516113,0.4288299083709717,6.943028450012207,7.067997932434082,5.645542144775391,8.16440200805664,6.363533020019531,9.255928039550781,9.83359432220459,2.534093141555786,6.505603790283203,7.116560459136963,,,,,,,,,,,9.148441314697266,11.112374305725098,8.59075927734375,9.838472366333008,7.777344703674316,11.260438919067383,12.079158782958984,3.3922319412231445,8.309577941894531,9.975616455078125,,,,,,,,,,,,,,,,,,,,,,,,,,,,,,,,,,,,,,,,
14,2799,,,,,,,,,,,,,,,,,,,,,,,,,,,,,,,,,,,,,,,,,0.42661914229393005,0.8984066247940063,0.33673095703125,0.3302488923072815,0.46377381682395935,0.27996042370796204,0.40880587697029114,0.16812406480312347,0.5424085855484009,0.4111129343509674,6.687671184539795,8.3179292678833,5.828061103820801,6.381154537200928,6.615886211395264,6.863278865814209,8.398651123046875,3.962613582611084,6.657200813293457,7.164268493652344,,,,,,,,,,,8.742420196533203,10.492977142333984,8.360902786254883,7.988690376281738,9.74434757232666,8.574803352355957,10.462352752685547,4.8358588218688965,8.454473495483398,9.767373085021973,,,,,,,,,,,,,,,,,,,,,,,,,,,,,,,,,,,,,,,,
14,2804,,,,,,,,,,,,,,,,,,,,,,,,,,,,,,,,,,,,,,,,,0.3376484215259552,0.11039355397224426,0.14212433993816376,0.1615503430366516,0.3409775495529175,0.44667768478393555,0.7236595749855042,0.1745421290397644,0.3773062229156494,0.5616043210029602,6.406446933746338,3.1320555210113525,4.143921375274658,4.811564922332764,6.44114875793457,8.452048301696777,10.699769973754883,4.083527565002441,6.309081077575684,9.584901809692383,,,,,,,,,,,7.910928726196289,3.678189992904663,5.431826114654541,5.587388038635254,8.35530948638916,10.831110000610352,13.919958114624023,4.927298545837402,7.0513176918029785,11.415960311889648,,,,,,,,,,,,,,,,,,,,,,,,,,,,,,,,,,,,,,,,
14,2809,,,,,,,,,,,,,,,,,,,,,,,,,,,,,,,,,,,,,,,,,0.48027801513671875,0.45086193084716797,0.6218269467353821,0.7723851203918457,0.6363005638122559,0.45742127299308777,0.2581375539302826,0.3300396502017975,0.6035555601119995,0.1919732540845871,7.593995094299316,6.221249103546143,9.107423782348633,10.090208053588867,9.82531452178955,9.100308418273926,7.169370651245117,4.546236038208008,7.206503391265869,5.079337120056152,,,,,,,,,,,9.340972900390625,7.433340072631836,11.361781120300293,12.217204093933105,11.413813591003418,10.960592269897461,8.313739776611328,6.775506973266602,8.918296813964844,6.674482345581055,,,,,,,,,,,,,,,,,,,,,,,,,,,,,,,,,,,,,,,,
14,2814,,,,,,,,,,,,,,,,,,,,,,,,,,,,,,,,,,,,,,,,,0.24456317722797394,0.312087744474411,0.0632210299372673,0.24199286103248596,0.16546091437339783,0.30654096603393555,0.20498113334178925,0.2843543291091919,0.25149521231651306,0.370934396982193,5.237331867218018,5.33363151550293,3.3867599964141846,5.3263630867004395,4.04291296005249,6.520689010620117,5.592796802520752,5.3249382972717285,4.969236850738525,6.638657569885254,,,,,,,,,,,6.6856536865234375,6.184443473815918,3.6227834224700928,6.838426113128662,5.820326328277588,8.972638130187988,7.408456325531006,6.289102077484131,5.756892681121826,9.277816772460938,,,,,,,,,,,,,,,,,,,,,,,,,,,,,,,,,,,,,,,,
14,2819,,,,,,,,,,,,,,,,,,,,,,,,,,,,,,,,,,,,,,,,,0.5481619238853455,0.4015321135520935,0.4700183570384979,0.8903571367263794,0.34843766689300537,0.597679615020752,0.6125703454017639,0.7771051526069641,0.2843061089515686,0.5514513254165649,7.461019992828369,5.7369303703308105,8.102069854736328,9.474546432495117,4.9147515296936035,10.107501983642578,7.931760311126709,8.28242301940918,4.2503132820129395,8.348880767822266,,,,,,,,,,,10.180228233337402,7.014915466308594,9.87800121307373,13.11707592010498,8.446216583251953,12.528818130493164,12.807039260864258,10.396774291992188,6.120915412902832,11.312296867370605,,,,,,,,,,,,,,,,,,,,,,,,,,,,,,,,,,,,,,,,
14,2824,,,,,,,,,,,,,,,,,,,,,,,,,,,,,,,,,,,,,,,,,0.2707419991493225,0.4860793948173523,0.11044664680957794,0.1514667272567749,0.16471226513385773,0.10678774863481522,0.13550812005996704,0.3643912076950073,0.313130646944046,0.6041550040245056,5.164373874664307,5.932590007781982,3.662196636199951,4.168942451477051,4.847907543182373,3.933323860168457,4.678086280822754,5.702237606048584,5.297642230987549,8.25643253326416,,,,,,,,,,,6.714108943939209,7.718198299407959,4.78837251663208,5.410202503204346,5.807143688201904,5.295860767364502,6.023563385009766,7.119388103485107,6.423712730407715,11.840537071228027,,,,,,,,,,,,,,,,,,,,,,,,,,,,,,,,,,,,,,,,
14,2829,,,,,,,,,,,,,,,,,,,,,,,,,,,,,,,,,,,,,,,,,0.2869885265827179,0.15598164498806,0.2365264892578125,0.5049691796302795,0.3881659209728241,0.2153770476579666,0.20534522831439972,0.29359152913093567,0.40031448006629944,0.1826251596212387,5.988917827606201,3.9353444576263428,6.020927429199219,8.467208862304688,7.58281135559082,5.487329959869385,5.940018177032471,5.581575870513916,5.684139251708984,5.20090389251709,,,,,,,,,,,7.252466678619385,4.372189521789551,7.0073137283325195,9.878416061401367,8.914732933044434,7.520999431610107,7.415033340454102,6.390435695648193,7.263131618499756,6.509947776794434,,,,,,,,,,,,,,,,,,,,,,,,,,,,,,,,,,,,,,,,
14,2834,,,,,,,,,,,,,,,,,,,,,,,,,,,,,,,,,,,,,,,,,0.3617812693119049,0.47307631373405457,0.3516107499599457,0.25356706976890564,0.5260905623435974,0.3212607502937317,0.41407424211502075,0.26487618684768677,0.0902286171913147,0.5612468719482422,6.3642449378967285,5.591599464416504,7.056350231170654,4.999458312988281,8.311793327331543,8.331206321716309,7.223374843597412,4.723769664764404,3.0349528789520264,8.005701065063477,,,,,,,,,,,8.24242877960205,7.61426305770874,8.543635368347168,7.000052452087402,10.378388404846191,9.185539245605469,10.529552459716797,6.069880485534668,3.448223829269409,11.41232681274414,,,,,,,,,,,,,,,,,,,,,,,,,,,,,,,,,,,,,,,,
14,2839,,,,,,,,,,,,,,,,,,,,,,,,,,,,,,,,,,,,,,,,,0.26433610916137695,0.2390539050102234,0.48127567768096924,0.2759173810482025,0.11780106276273727,0.4430576264858246,0.13463595509529114,0.12165971845388412,0.09527174383401871,0.4703521132469177,5.261650562286377,4.2176103591918945,7.345974445343018,4.818946838378906,4.015393257141113,7.97314453125,4.275595664978027,3.1983747482299805,3.039071559906006,8.470744132995605,,,,,,,,,,,6.946333885192871,5.412652969360352,9.995594024658203,7.302043437957764,4.911048412322998,10.787131309509277,6.004147052764893,4.1136956214904785,3.543278932571411,10.447412490844727,,,,,,,,,,,,,,,,,,,,,,,,,,,,,,,,,,,,,,,,
14,2844,,,,,,,,,,,,,,,,,,,,,,,,,,,,,,,,,,,,,,,,,0.1650732159614563,0.23657114803791046,0.05199199542403221,0.11392941325902939,0.1328546106815338,0.29430651664733887,0.12008655071258545,0.20156563818454742,0.0930689349770546,0.2412840873003006,4.444589614868164,4.6516032218933105,2.7794394493103027,3.786020278930664,4.245693206787109,6.527060031890869,4.458953380584717,4.48681116104126,3.1637206077575684,5.902002334594727,,,,,,,,,,,5.4799370765686035,5.384472370147705,3.28533673286438,4.692160129547119,5.215404033660889,8.791759490966797,5.6704559326171875,5.2950119972229,3.5020766258239746,7.482755184173584,,,,,,,,,,,,,,,,,,,,,,,,,,,,,,,,,,,,,,,,
14,2849,,,,,,,,,,,,,,,,,,,,,,,,,,,,,,,,,,,,,,,,,0.33778393268585205,0.4699166417121887,0.21987655758857727,0.29879462718963623,0.18939438462257385,0.1625850796699524,0.3220876157283783,0.09619233757257462,0.6056420803070068,0.6755660176277161,6.323893070220947,6.380143165588379,5.167640209197998,5.545958518981934,5.429805755615234,5.553339004516602,7.3722920417785645,2.8746695518493652,7.541651248931885,11.049541473388672,,,,,,,,,,,7.678255081176758,7.58879280090332,6.756178855895996,7.5987348556518555,6.2270612716674805,6.534557819366455,9.286623001098633,3.6578760147094727,8.933698654174805,12.520771026611328,,,,,,,,,,,,,,,,,,,,,,,,,,,,,,,,,,,,,,,,
14,2854,,,,,,,,,,,,,,,,,,,,,,,,,,,,,,,,,,,,,,,,,0.40905240178108215,0.3374142348766327,0.36160585284233093,0.07634229212999344,0.49034422636032104,0.7379818558692932,0.6038951873779297,0.32244744896888733,0.34536364674568176,0.4060768783092499,6.765840530395508,5.218815803527832,7.010505676269531,2.6687989234924316,7.135925769805908,11.187520027160645,9.148897171020508,4.845405578613281,6.4344682693481445,7.24222469329834,,,,,,,,,,,8.749322891235352,6.4304890632629395,8.664217948913574,3.840939998626709,10.0195951461792,13.921906471252441,12.716031074523926,6.697122097015381,6.746237277984619,9.707364082336426,,,,,,,,,,,,,,,,,,,,,,,,,,,,,,,,,,,,,,,,
14,2859,,,,,,,,,,,,,,,,,,,,,,,,,,,,,,,,,,,,,,,,,0.5254795551300049,0.4440065622329712,0.7112243175506592,0.5207943320274353,0.36807382106781006,0.5560424327850342,0.37432432174682617,0.7842649817466736,0.44509145617485046,0.5254933834075928,8.120498657226562,6.2545037269592285,10.812633514404297,8.244126319885254,7.596618175506592,9.354973793029785,7.622818470001221,7.885922431945801,6.42241907119751,8.890473365783691,,,,,,,,,,,9.942506790161133,7.376612186431885,12.151082038879395,10.032011032104492,8.680946350097656,12.084531784057617,10.01140022277832,10.444559097290039,7.658574104309082,11.042840957641602,,,,,,,,,,,,,,,,,,,,,,,,,,,,,,,,,,,,,,,,
14,2864,,,,,,,,,,,,,,,,,,,,,,,,,,,,,,,,,,,,,,,,,0.34661585092544556,0.2312431037425995,0.4411430358886719,0.20251025259494781,0.35065558552742004,0.2606239318847656,0.5293070673942566,0.1846211850643158,0.6395031809806824,0.27993541955947876,6.38314151763916,4.2918925285339355,8.716941833496094,5.198759078979492,6.21295166015625,6.285754680633545,7.568375110626221,4.913267135620117,8.0660400390625,6.194293022155762,,,,,,,,,,,8.011971473693848,5.323493003845215,9.569766998291016,6.255735874176025,8.473053932189941,8.273381233215332,11.90487003326416,5.067566394805908,9.180042266845703,8.059834480285645,,,,,,,,,,,,,,,,,,,,,,,,,,,,,,,,,,,,,,,,
14,2869,,,,,,,,,,,,,,,,,,,,,,,,,,,,,,,,,,,,,,,,,0.445623517036438,0.35520392656326294,0.4965553879737854,0.5670517683029175,0.24419081211090088,0.45958375930786133,0.22662606835365295,0.5706968307495117,0.5457301139831543,0.5449730157852173,7.616780757904053,5.661513328552246,9.229166030883789,8.813164710998535,5.765315055847168,8.576208114624023,6.32088565826416,7.812404155731201,7.8693437576293945,8.503021240234375,,,,,,,,,,,9.077950477600098,6.597830772399902,10.153026580810547,10.468061447143555,7.070731163024902,10.986470222473145,7.78978967666626,8.909666061401367,8.480320930480957,11.24565315246582,,,,,,,,,,,,,,,,,,,,,,,,,,,,,,,,,,,,,,,,
14,2874,,,,,,,,,,,,,,,,,,,,,,,,,,,,,,,,,,,,,,,,,0.3443532884120941,0.2620882987976074,0.2367546409368515,0.11599750816822052,0.3139094412326813,0.6933979988098145,0.16943129897117615,0.5755638480186462,0.29030415415763855,0.4417324364185333,6.275078296661377,4.476469993591309,5.680964469909668,4.373214244842529,5.752419948577881,10.375158309936523,5.775296688079834,6.537374019622803,4.90199613571167,8.602810859680176,,,,,,,,,,,7.879675388336182,5.667429447174072,7.010692119598389,4.734555244445801,8.016814231872559,13.49482250213623,6.7354655265808105,8.947577476501465,6.185144901275635,10.1245756149292,,,,,,,,,,,,,,,,,,,,,,,,,,,,,,,,,,,,,,,,
14,2879,,,,,,,,,,,,,,,,,,,,,,,,,,,,,,,,,,,,,,,,,0.7196899056434631,0.5760746598243713,1.0658715963363647,0.9651188850402832,0.23233768343925476,0.7057274580001831,0.29598164558410645,1.2824407815933228,1.0474488735198975,0.30620741844177246,8.115723609924316,6.387606620788574,11.142298698425293,9.719687461853027,4.40277624130249,10.58860969543457,6.448457717895508,8.761752128601074,10.132562637329102,5.4577555656433105,,,,,,,,,,,11.09801959991455,8.40236759185791,14.875246047973633,13.656684875488281,6.8969879150390625,13.614270210266113,8.90231990814209,13.356029510498047,11.748697280883789,8.429563522338867,,,,,,,,,,,,,,,,,,,,,,,,,,,,,,,,,,,,,,,,
14,2884,,,,,,,,,,,,,,,,,,,,,,,,,,,,,,,,,,,,,,,,,0.25324442982673645,0.25165894627571106,0.138385608792305,0.14338728785514832,0.22120265662670135,0.23266927897930145,0.08939363807439804,0.20451126992702484,0.4891681671142578,0.5088229775428772,5.307015419006348,4.252377033233643,3.7953884601593018,4.689708709716797,4.673829078674316,7.009485244750977,3.7758212089538574,3.9719767570495605,6.903613567352295,8.690937042236328,,,,,,,,,,,6.64946985244751,5.553521633148193,5.359905242919922,5.2639312744140625,6.729686260223389,7.817094326019287,4.8924241065979,5.333561897277832,8.02883243560791,10.866271018981934,,,,,,,,,,,,,,,,,,,,,,,,,,,,,,,,,,,,,,,,
14,2889,,,,,,,,,,,,,,,,,,,,,,,,,,,,,,,,,,,,,,,,,0.631499171257019,0.36759817600250244,1.0343809127807617,0.6482304930686951,0.5056250095367432,0.41427022218704224,0.6717952489852905,1.0670007467269897,0.7403873205184937,0.2342047244310379,8.10891056060791,5.684235572814941,11.35239315032959,8.113489151000977,8.107248306274414,7.810755729675293,8.441998481750488,10.100370407104492,7.688032150268555,5.681666851043701,,,,,,,,,,,10.667526245117188,6.711954116821289,14.65385627746582,11.192307472229004,10.174520492553711,10.430803298950195,13.411867141723633,12.182631492614746,9.877631187438965,7.372164726257324,,,,,,,,,,,,,,,,,,,,,,,,,,,,,,,,,,,,,,,,
14,2894,,,,,,,,,,,,,,,,,,,,,,,,,,,,,,,,,,,,,,,,,0.4756578505039215,0.6494960784912109,0.9033870697021484,0.26644229888916016,0.1902642697095871,0.40588030219078064,0.42309585213661194,0.8212935328483582,0.1477467566728592,0.4733143746852875,7.250804424285889,6.509066581726074,11.905325889587402,6.926306247711182,4.998310565948486,7.083529472351074,8.605257987976074,6.845038414001465,3.4517548084259033,8.932647705078125,,,,,,,,,,,9.1758394241333,8.921760559082031,13.694576263427734,7.175570964813232,6.24134635925293,10.324638366699219,10.64363956451416,10.68828296661377,4.412474632263184,10.480259895324707,,,,,,,,,,,,,,,,,,,,,,,,,,,,,,,,,,,,,,,,
14,2899,,,,,,,,,,,,,,,,,,,,,,,,,,,,,,,,,,,,,,,,,0.33165591955184937,0.31401029229164124,0.32051947712898254,0.29177844524383545,0.33583778142929077,0.41869261860847473,0.3502092659473419,0.014494691975414753,0.4546245336532593,0.4847363829612732,6.792932987213135,5.373928070068359,7.388309478759766,6.783048629760742,7.179709434509277,9.563125610351562,7.4277424812316895,1.4198989868164062,7.708643913269043,8.291990280151367,,,,,,,,,,,7.788625240325928,6.203462600708008,8.157157897949219,7.508988857269287,8.292098045349121,10.486330032348633,9.683549880981445,1.4199177026748657,7.740156650543213,10.605960845947266,,,,,,,,,,,,,,,,,,,,,,,,,,,,,,,,,,,,,,,,
14,2904,,,,,,,,,,,,,,,,,,,,,,,,,,,,,,,,,,,,,,,,,0.24288387596607208,0.21990878880023956,0.09263237565755844,0.22713427245616913,0.18452073633670807,0.5107858180999756,0.07904928177595139,0.39660218358039856,0.17210738360881805,0.3032139539718628,5.49837064743042,4.399632453918457,3.196715831756592,6.472146034240723,5.603164196014404,9.22815990447998,3.9111766815185547,6.144441604614258,4.018646717071533,6.5112528800964355,,,,,,,,,,,6.567687511444092,5.1913886070251465,4.385236740112305,6.625157356262207,6.146420001983643,11.582311630249023,4.600655555725098,7.427391052246094,4.762369155883789,8.38825798034668,,,,,,,,,,,,,,,,,,,,,,,,,,,,,,,,,,,,,,,,
14,2909,,,,,,,,,,,,,,,,,,,,,,,,,,,,,,,,,,,,,,,,,0.4957673251628876,0.2986770272254944,0.11552201211452484,0.5570034384727478,0.7860943675041199,0.6385776996612549,0.5619381666183472,0.2902436852455139,1.016984224319458,0.19686537981033325,7.804049015045166,4.965723991394043,4.073523998260498,8.094873428344727,11.235946655273438,10.877962112426758,10.500001907348633,4.92631196975708,9.959824562072754,5.60227632522583,,,,,,,,,,,9.323857307434082,6.050108909606934,4.897157192230225,10.374897956848145,12.686358451843262,12.950386047363281,12.266341209411621,6.353896141052246,11.576581954956055,6.758991241455078,,,,,,,,,,,,,,,,,,,,,,,,,,,,,,,,,,,,,,,,
14,2909,,,,,,,,,,,,,,,,,,,,,,,,,,,,,,,,,,,,,,,,,,,,,,,,,,,6.592842102050781,5.3997416496276855,6.551999092102051,6.315773010253906,6.857298851013184,8.246502876281738,7.274694442749023,5.726561546325684,5.713078022003174,7.2499284744262695,0.5770077109336853,0.5722558498382568,0.6381924152374268,0.640164315700531,0.5755361914634705,0.48966270685195923,0.5668398141860962,0.5878284573554993,0.5702936053276062,0.5522962808609009,8.673893928527832,7.054244041442871,8.534406661987305,8.305675506591797,9.141457557678223,10.902188301086426,9.704814910888672,7.480499267578125,7.432750701904297,9.509008407592773,0.5159285664558411,0.6397085189819336,0.4953250288963318,0.3464031219482422,0.5801299810409546,0.6268981695175171,0.47872841358184814,0.4224768877029419,0.4981266260147095,0.5555607676506042,7.276768207550049,6.378957748413086,7.0267014503479,5.614360809326172,8.258793830871582,9.31933307647705,8.408809661865234,5.751578330993652,6.324667453765869,8.407712936401367,0.43116194009780884,0.3309633135795593,0.5986465811729431,0.6442245244979858,0.2936612367630005,0.42699867486953735,0.505940318107605,0.33341896533966064,0.284970223903656,0.46163368225097656,10.05265998840332,9.050848007202148,9.712896347045898,8.861181259155273,11.371079444885254,13.014670372009277,11.236846923828125,7.6116108894348145,8.59880256652832,11.015997886657715
15,2914,,,,,,,,,,,,,,,,,,,,,,,,,,,,,,,,,,,,,,,,,0.533391535282135,0.5717290639877319,0.29690980911254883,0.2531169652938843,0.6973194479942322,0.5135751962661743,0.7352409362792969,0.43103957176208496,0.6674818396568298,0.6341108679771423,7.984202861785889,7.2375712394714355,6.800297260284424,5.665577411651611,8.396398544311523,8.96829891204834,10.490392684936523,7.323403835296631,8.82111930847168,8.154769897460938,,,,,,,,,,,10.006796836853027,8.37061595916748,7.850980758666992,6.993836879730225,11.948558807373047,11.61389446258545,14.030903816223145,7.743142604827881,9.378707885742188,12.130531311035156,,,,,,,,,,,,,,,,,,,,,,,,,,,,,,,,,,,,,,,,
15,2919,,,,,,,,,,,,,,,,,,,,,,,,,,,,,,,,,,,,,,,,,0.39846286177635193,0.23004032671451569,0.23547761142253876,0.5249702334403992,0.4779719412326813,0.5166223049163818,0.5222306251525879,0.28228938579559326,0.18384049832820892,0.6127225756645203,6.7785725593566895,4.461084842681885,5.199907302856445,7.834372520446777,8.139213562011719,9.608938217163086,7.925779342651367,4.661098480224609,4.0638017654418945,9.112955093383789,,,,,,,,,,,8.761298179626465,5.309629917144775,6.991758823394775,10.072151184082031,9.89238166809082,11.648296356201172,11.825021743774414,6.266225337982178,4.92202615737915,11.924198150634766,,,,,,,,,,,,,,,,,,,,,,,,,,,,,,,,,,,,,,,,
15,2924,,,,,,,,,,,,,,,,,,,,,,,,,,,,,,,,,,,,,,,,,0.4388413429260254,0.44716161489486694,0.5434157848358154,0.09085121750831604,0.2758637070655823,0.3570094704627991,0.34675735235214233,0.9273622632026672,0.6426427364349365,0.3185077905654907,7.228586673736572,6.659585952758789,8.774806022644043,3.9249508380889893,6.112046718597412,8.199738502502441,7.701916217803955,9.847064018249512,6.783428192138672,7.0537428855896,,,,,,,,,,,8.689505577087402,7.402774333953857,10.621302604675293,4.190060615539551,7.515310764312744,9.68312931060791,9.63570785522461,11.357518196105957,9.202548027038574,8.597203254699707,,,,,,,,,,,,,,,,,,,,,,,,,,,,,,,,,,,,,,,,
15,2929,,,,,,,,,,,,,,,,,,,,,,,,,,,,,,,,,,,,,,,,,0.32481417059898376,0.5651044845581055,0.3602910339832306,0.13821470737457275,0.3067403733730316,0.36946919560432434,0.3916319012641907,0.22843679785728455,0.36284759640693665,0.2005912959575653,6.20242166519165,6.207160472869873,6.745156764984131,3.7979443073272705,6.982088565826416,7.6085991859436035,8.210258483886719,4.732483863830566,6.007126808166504,5.530972003936768,,,,,,,,,,,7.725403785705566,8.321980476379395,8.648451805114746,5.168112277984619,7.924740791320801,9.850651741027832,10.240233421325684,5.636918544769287,6.914892196655273,6.822652339935303,,,,,,,,,,,,,,,,,,,,,,,,,,,,,,,,,,,,,,,,
15,2934,,,,,,,,,,,,,,,,,,,,,,,,,,,,,,,,,,,,,,,,,0.48444080352783203,0.45496127009391785,0.3519429564476013,0.7327152490615845,0.6059179306030273,0.41705402731895447,0.4145665466785431,0.37013471126556396,0.6011720895767212,0.41150224208831787,7.312277793884277,4.784733295440674,6.874265670776367,9.62198257446289,7.247222423553467,7.898947238922119,7.767458438873291,6.252265930175781,6.6334614753723145,8.730167388916016,,,,,,,,,,,9.544620513916016,7.467058181762695,8.547672271728516,11.899330139160156,11.137983322143555,10.465789794921875,10.535809516906738,7.175276279449463,8.900670051574707,9.771995544433594,,,,,,,,,,,,,,,,,,,,,,,,,,,,,,,,,,,,,,,,
15,2939,,,,,,,,,,,,,,,,,,,,,,,,,,,,,,,,,,,,,,,,,0.3617455065250397,0.36192646622657776,0.1815808117389679,0.20078858733177185,0.4719427824020386,0.5462064146995544,0.40107691287994385,0.3142600953578949,0.41217240691185,0.36575523018836975,6.408254146575928,5.629670143127441,5.267167568206787,5.45250940322876,7.243126392364502,8.562575340270996,8.008244514465332,5.253244876861572,6.1573662757873535,6.100379943847656,,,,,,,,,,,8.265887260437012,6.659972190856934,6.139692306518555,6.229086875915527,9.829791069030762,11.977171897888184,10.3629789352417,6.611550807952881,7.369919776916504,9.212817192077637,,,,,,,,,,,,,,,,,,,,,,,,,,,,,,,,,,,,,,,,
15,2944,,,,,,,,,,,,,,,,,,,,,,,,,,,,,,,,,,,,,,,,,0.3234792947769165,0.5022001266479492,0.20727379620075226,0.42059293389320374,0.11437834799289703,0.22425028681755066,0.12480112910270691,0.49113547801971436,0.3907129466533661,0.4359685480594635,6.199105262756348,5.709450721740723,5.641905307769775,7.510345458984375,3.969404935836792,6.6507062911987305,4.622562885284424,7.303467750549316,5.806201457977295,8.57790470123291,,,,,,,,,,,7.468178749084473,7.845139980316162,6.559698104858398,9.01541805267334,4.83917760848999,7.674363136291504,5.780694484710693,8.265313148498535,7.17549991607666,10.058304786682129,,,,,,,,,,,,,,,,,,,,,,,,,,,,,,,,,,,,,,,,
15,2949,,,,,,,,,,,,,,,,,,,,,,,,,,,,,,,,,,,,,,,,,0.18691690266132355,0.2570085823535919,0.09116021543741226,0.18467183411121368,0.3019811511039734,0.1099454015493393,0.08245360106229782,0.43712735176086426,0.048984456807374954,0.1689194142818451,4.373933792114258,4.616573333740234,3.6174075603485107,4.99774169921875,6.32914400100708,3.8686134815216064,3.799057960510254,5.154611587524414,2.1911444664001465,4.79110860824585,,,,,,,,,,,5.607874393463135,5.612237930297852,4.350251197814941,5.973862171173096,7.863022804260254,5.3735880851745605,4.698677062988281,7.797631740570068,2.540694236755371,6.260903358459473,,,,,,,,,,,,,,,,,,,,,,,,,,,,,,,,,,,,,,,,
15,2954,,,,,,,,,,,,,,,,,,,,,,,,,,,,,,,,,,,,,,,,,0.5243974924087524,0.2486288845539093,0.8782849311828613,0.6682917475700378,0.7190679907798767,0.5014044642448425,0.36405473947525024,0.3443073630332947,0.6505289077758789,0.3450082838535309,7.515143394470215,4.968895435333252,10.69038200378418,8.158866882324219,6.514286994934082,9.508991241455078,7.704087257385254,6.358182430267334,6.159667015075684,7.572927951812744,,,,,,,,,,,9.888458251953125,5.519987106323242,13.502971649169922,11.364175796508789,12.133459091186523,11.475456237792969,9.873113632202148,6.920411109924316,9.258840560913086,8.947710990905762,,,,,,,,,,,,,,,,,,,,,,,,,,,,,,,,,,,,,,,,
15,2959,,,,,,,,,,,,,,,,,,,,,,,,,,,,,,,,,,,,,,,,,0.5557648539543152,0.32429879903793335,0.27624619007110596,0.2041281908750534,0.41528111696243286,1.1460853815078735,0.22832508385181427,0.5517594814300537,1.570920705795288,0.2848387658596039,7.37670373916626,4.636897087097168,6.6435723304748535,4.884030342102051,6.461808204650879,11.218462944030762,6.344505310058594,8.160609245300293,11.820952415466309,6.219490051269531,,,,,,,,,,,9.536188125610352,6.304272174835205,7.572856903076172,6.280676364898682,9.220845222473145,17.349395751953125,7.818934917449951,8.760595321655273,14.387998580932617,8.13011646270752,,,,,,,,,,,,,,,,,,,,,,,,,,,,,,,,,,,,,,,,
15,2964,,,,,,,,,,,,,,,,,,,,,,,,,,,,,,,,,,,,,,,,,0.5454409718513489,0.7395006418228149,0.3744541108608246,0.23560559749603271,0.6818194389343262,0.4649757742881775,0.4143016040325165,1.2032841444015503,0.1507687121629715,0.6442587375640869,7.930319786071777,8.022960662841797,7.932746887207031,5.431491851806641,9.833511352539062,9.739974975585938,8.911870956420898,9.844199180603027,3.5200724601745605,8.136048316955566,,,,,,,,,,,9.78936767578125,9.519882202148438,8.81679916381836,6.747574806213379,11.815016746520996,11.050731658935547,10.532443046569824,12.937274932861328,4.457372188568115,12.22721004486084,,,,,,,,,,,,,,,,,,,,,,,,,,,,,,,,,,,,,,,,
15,2969,,,,,,,,,,,,,,,,,,,,,,,,,,,,,,,,,,,,,,,,,0.36617985367774963,0.43002641201019287,0.42083680629730225,0.53342604637146,0.11070799827575684,0.1682453453540802,0.2290775328874588,0.5084010362625122,0.1701979637145996,0.7246994376182556,5.738620281219482,5.317589282989502,5.618785858154297,6.295040607452393,4.1099324226379395,4.643676280975342,5.273230075836182,5.4251861572265625,4.317425727844238,10.646714210510254,,,,,,,,,,,8.012529373168945,7.259552001953125,9.346920013427734,10.15294361114502,4.760900974273682,6.647332191467285,7.831807613372803,8.409340858459473,4.735877513885498,12.968094825744629,,,,,,,,,,,,,,,,,,,,,,,,,,,,,,,,,,,,,,,,
15,2974,,,,,,,,,,,,,,,,,,,,,,,,,,,,,,,,,,,,,,,,,0.25287768244743347,0.07123421877622604,0.17999547719955444,0.19636328518390656,0.36578571796417236,0.28286972641944885,0.3544706702232361,0.15778054296970367,0.26008328795433044,0.40731608867645264,5.492210388183594,2.4666459560394287,4.754403114318848,4.7891387939453125,6.142550945281982,7.313382625579834,7.950821876525879,4.384146690368652,4.241645812988281,7.38715934753418,,,,,,,,,,,6.944918632507324,2.9546539783477783,6.112832069396973,6.160061359405518,8.653923034667969,8.619242668151855,9.742287635803223,4.684739589691162,5.854361057281494,9.72216510772705,,,,,,,,,,,,,,,,,,,,,,,,,,,,,,,,,,,,,,,,
15,2979,,,,,,,,,,,,,,,,,,,,,,,,,,,,,,,,,,,,,,,,,0.28004923462867737,0.17815493047237396,0.3144661784172058,0.18128520250320435,0.26238420605659485,0.22264327108860016,0.5091688632965088,0.08323072642087936,0.3700360953807831,0.3990737497806549,6.097920894622803,3.920927047729492,6.9682793617248535,4.20965051651001,5.782721996307373,6.729763507843018,9.492499351501465,3.109142303466797,6.354939937591553,8.313360214233398,,,,,,,,,,,7.2591681480407715,4.672627925872803,8.07976245880127,5.918832302093506,7.329400539398193,7.646816253662109,11.6762056350708,3.4025189876556396,6.983052730560303,9.623294830322266,,,,,,,,,,,,,,,,,,,,,,,,,,,,,,,,,,,,,,,,
15,2984,,,,,,,,,,,,,,,,,,,,,,,,,,,,,,,,,,,,,,,,,0.46914735436439514,0.6109846234321594,0.24527710676193237,0.3766706585884094,0.6303296089172363,0.7156778573989868,0.49376583099365234,0.20080679655075073,0.3954969048500061,0.5533168315887451,6.680809020996094,5.949193000793457,5.453420639038086,6.451708793640137,8.361849784851074,8.718427658081055,7.632011413574219,3.8706412315368652,6.617952823638916,7.072074890136719,,,,,,,,,,,9.41385555267334,8.653213500976562,7.135759353637695,8.53170394897461,11.36013412475586,13.709911346435547,11.498238563537598,5.285035133361816,7.219295978546143,11.331415176391602,,,,,,,,,,,,,,,,,,,,,,,,,,,,,,,,,,,,,,,,
15,2989,,,,,,,,,,,,,,,,,,,,,,,,,,,,,,,,,,,,,,,,,0.39417991042137146,0.34206467866897583,0.777467668056488,0.1532079130411148,0.45222142338752747,0.9421160817146301,0.4360520839691162,0.09493590891361237,0.038022663444280624,0.3115306496620178,6.568587303161621,4.691461086273193,11.005579948425293,4.874032974243164,7.479013919830322,10.298019409179688,8.08603572845459,3.5471439361572266,2.0839877128601074,7.052011489868164,,,,,,,,,,,8.350295066833496,6.474651336669922,12.704360961914062,5.4412102699279785,9.622218132019043,15.729976654052734,10.805378913879395,3.633909225463867,2.2384352684020996,8.502518653869629,,,,,,,,,,,,,,,,,,,,,,,,,,,,,,,,,,,,,,,,
15,2994,,,,,,,,,,,,,,,,,,,,,,,,,,,,,,,,,,,,,,,,,0.42923179268836975,0.5368397831916809,0.6042100191116333,0.2585434913635254,0.265985906124115,0.35621413588523865,0.291681170463562,0.5821450352668762,0.7844125032424927,0.18305380642414093,7.087553977966309,5.9450860023498535,9.230802536010742,6.526784420013428,6.1550750732421875,7.239832401275635,6.734516620635986,8.36401081085205,7.8861284255981445,5.705749988555908,,,,,,,,,,,8.661311149597168,8.111190795898438,11.19968032836914,7.068409442901611,7.379534721374512,9.672337532043457,8.837409973144531,8.998586654663086,10.167062759399414,6.51758337020874,,,,,,,,,,,,,,,,,,,,,,,,,,,,,,,,,,,,,,,,
15,2999,,,,,,,,,,,,,,,,,,,,,,,,,,,,,,,,,,,,,,,,,0.23115338385105133,0.40183913707733154,0.09294885396957397,0.10420132428407669,0.28432151675224304,0.16156505048274994,0.32263219356536865,0.11262249946594238,0.23138752579689026,0.36886242032051086,5.071842193603516,5.909867286682129,3.7448110580444336,3.1615583896636963,6.1829833984375,5.171634197235107,6.871838569641113,3.3374991416931152,4.7049641609191895,6.5614237785339355,,,,,,,,,,,6.451957702636719,7.01759672164917,4.392721652984619,4.487366199493408,7.629648208618164,6.514027118682861,9.294471740722656,3.9579591751098633,5.5219597816467285,9.25186824798584,,,,,,,,,,,,,,,,,,,,,,,,,,,,,,,,,,,,,,,,
15,3004,,,,,,,,,,,,,,,,,,,,,,,,,,,,,,,,,,,,,,,,,0.5157252550125122,0.7041135430335999,0.4989908039569855,0.24136517941951752,0.2714861035346985,0.9435544610023499,0.27486753463745117,0.9413255453109741,0.1472436487674713,0.6185808181762695,7.1062331199646,6.801065921783447,6.399882793426514,6.107122421264648,5.88161039352417,10.938580513000488,6.2836456298828125,8.319769859313965,3.910325288772583,9.314095497131348,,,,,,,,,,,9.544647216796875,9.289314270019531,10.17789363861084,6.829551696777344,7.455443382263184,15.741979598999023,8.57891845703125,11.442704200744629,4.404956340789795,11.981064796447754,,,,,,,,,,,,,,,,,,,,,,,,,,,,,,,,,,,,,,,,
15,3009,,,,,,,,,,,,,,,,,,,,,,,,,,,,,,,,,,,,,,,,,0.40441805124282837,0.33936578035354614,0.1273987591266632,0.48462945222854614,0.6300288438796997,0.699820339679718,0.40566837787628174,0.10381152480840683,0.5405138731002808,0.3085252344608307,7.04071044921875,5.212742328643799,4.693475723266602,8.533044815063477,8.495759963989258,10.989273071289062,8.143527030944824,3.380007266998291,7.4490132331848145,6.469553470611572,,,,,,,,,,,8.589670181274414,6.449058532714844,5.142736911773682,9.677424430847168,11.35742473602295,13.557173728942871,10.422127723693848,3.7999818325042725,8.43969440460205,8.461405754089355,,,,,,,,,,,,,,,,,,,,,,,,,,,,,,,,,,,,,,,,
15,3014,,,,,,,,,,,,,,,,,,,,,,,,,,,,,,,,,,,,,,,,,0.23149967193603516,0.21276718378067017,0.08576999604701996,0.23062258958816528,0.39855727553367615,0.2493988424539566,0.16801197826862335,0.03251495584845543,0.17550726234912872,0.5303468704223633,5.088045597076416,3.8268558979034424,2.9785823822021484,5.496833801269531,7.111074447631836,6.601431369781494,5.247206687927246,1.9016571044921875,4.022576808929443,8.606191635131836,,,,,,,,,,,6.42946720123291,5.1063971519470215,4.2196784019470215,6.675838470458984,9.033270835876465,8.093252182006836,6.7071943283081055,2.126671075820923,4.809177875518799,11.093720436096191,,,,,,,,,,,,,,,,,,,,,,,,,,,,,,,,,,,,,,,,
15,3019,,,,,,,,,,,,,,,,,,,,,,,,,,,,,,,,,,,,,,,,,0.38460099697113037,0.2674657702445984,0.0657968744635582,0.1295241117477417,0.6008422374725342,0.6074204444885254,0.32865476608276367,0.18891924619674683,1.097290277481079,0.17549508810043335,6.6172194480896,4.565487861633301,3.0702688694000244,4.872460842132568,9.698975563049316,10.21924114227295,6.522665500640869,3.534451484680176,11.40792179107666,5.663498401641846,,,,,,,,,,,7.895495891571045,5.72527551651001,3.695849895477295,5.00299596786499,11.091233253479004,12.630499839782715,9.380819320678711,5.12621545791626,12.024971008300781,6.381601333618164,,,,,,,,,,,,,,,,,,,,,,,,,,,,,,,,,,,,,,,,
15,3024,,,,,,,,,,,,,,,,,,,,,,,,,,,,,,,,,,,,,,,,,0.40574911236763,0.427973210811615,0.5909556746482849,0.25708362460136414,0.7415488958358765,0.27099934220314026,0.11680035293102264,0.5621797442436218,0.4835222363471985,0.2006789594888687,6.450918674468994,5.922647953033447,8.649344444274902,6.535826206207275,7.9263410568237305,6.435396671295166,4.3367180824279785,7.069816589355469,6.340470790863037,4.841702461242676,,,,,,,,,,,8.374074935913086,7.24220085144043,11.076157569885254,7.048425197601318,12.321669578552246,8.436454772949219,5.5923309326171875,8.842931747436523,7.982362747192383,6.824143409729004,,,,,,,,,,,,,,,,,,,,,,,,,,,,,,,,,,,,,,,,
15,3029,,,,,,,,,,,,,,,,,,,,,,,,,,,,,,,,,,,,,,,,,0.2427857220172882,0.10069824010133743,0.1508878767490387,0.10759500414133072,0.14050404727458954,0.21574750542640686,0.3087826371192932,0.45859482884407043,0.5763370394706726,0.12592418491840363,4.859099388122559,3.0060267448425293,4.415416240692139,3.0885696411132812,3.985180377960205,5.490213871002197,6.658849239349365,6.552216529846191,6.327330589294434,4.208090782165527,,,,,,,,,,,6.4178547859191895,3.5129599571228027,5.596787452697754,4.559854030609131,5.363447666168213,7.527464866638184,9.092791557312012,7.986808776855469,8.714881896972656,5.405697822570801,,,,,,,,,,,,,,,,,,,,,,,,,,,,,,,,,,,,,,,,
15,3034,,,,,,,,,,,,,,,,,,,,,,,,,,,,,,,,,,,,,,,,,0.40665197372436523,0.2994135022163391,0.4313434958457947,0.469407856464386,0.43460071086883545,0.5279192328453064,0.30826979875564575,0.38780906796455383,0.44420093297958374,0.35690295696258545,7.0586466789245605,4.725780963897705,6.92985200881958,7.863326549530029,7.410902976989746,9.020808219909668,7.209828853607178,6.563686370849609,6.4420857429504395,7.361551761627197,,,,,,,,,,,8.8259916305542,6.057562828063965,9.462879180908203,9.5242338180542,9.432891845703125,11.774964332580566,9.085237503051758,7.3445916175842285,7.650908946990967,9.100647926330566,,,,,,,,,,,,,,,,,,,,,,,,,,,,,,,,,,,,,,,,
15,3039,,,,,,,,,,,,,,,,,,,,,,,,,,,,,,,,,,,,,,,,,0.2752251625061035,0.5635989308357239,0.18150970339775085,0.17373016476631165,0.3349928855895996,0.30203887820243835,0.3960309624671936,0.12730492651462555,0.15593141317367554,0.24188877642154694,5.499196529388428,6.017210006713867,5.054566860198975,3.9575653076171875,6.399696350097656,7.579913139343262,7.9036760330200195,3.3725671768188477,3.214984893798828,5.992588520050049,,,,,,,,,,,7.1069488525390625,8.31088638305664,6.138490200042725,5.794187068939209,8.281660079956055,8.906503677368164,10.297584533691406,4.208054542541504,4.533045768737793,7.492125988006592,,,,,,,,,,,,,,,,,,,,,,,,,,,,,,,,,,,,,,,,
15,3044,,,,,,,,,,,,,,,,,,,,,,,,,,,,,,,,,,,,,,,,,0.6749078035354614,0.40909644961357117,0.7422721982002258,1.2558125257492065,0.6404121518135071,0.514611005783081,0.4593047499656677,1.1888858079910278,0.4134981632232666,0.4502771198749542,8.159360885620117,5.428030967712402,8.249695777893066,12.037923812866211,7.9984588623046875,9.824963569641113,7.564303398132324,10.068483352661133,5.12719202041626,7.1352009773254395,,,,,,,,,,,11.077973365783691,7.080682754516602,12.413472175598145,15.578200340270996,11.450631141662598,11.625600814819336,11.089737892150879,12.859641075134277,7.381762981414795,10.222030639648438,,,,,,,,,,,,,,,,,,,,,,,,,,,,,,,,,,,,,,,,
15,3049,,,,,,,,,,,,,,,,,,,,,,,,,,,,,,,,,,,,,,,,,0.31167900562286377,0.22257719933986664,0.22929753363132477,0.29687565565109253,0.3459073603153229,0.20217041671276093,0.3601776361465454,0.33033543825149536,0.580535888671875,0.23723368346691132,5.941567420959473,4.291396617889404,5.628804683685303,5.296867370605469,7.01503849029541,5.483919620513916,7.6009416580200195,5.6750874519348145,6.8310160636901855,5.651035785675049,,,,,,,,,,,7.573770999908447,5.222790241241455,6.89940071105957,7.574294567108154,8.41549301147461,7.286762714385986,9.82040023803711,6.7785420417785645,8.74657154083252,7.419683933258057,,,,,,,,,,,,,,,,,,,,,,,,,,,,,,,,,,,,,,,,
15,3054,,,,,,,,,,,,,,,,,,,,,,,,,,,,,,,,,,,,,,,,,0.37429195642471313,0.7103478312492371,0.47667619585990906,0.5434901118278503,0.5051485300064087,0.4300404191017151,0.21582573652267456,0.06473693996667862,0.16900353133678436,0.25335824489593506,6.357353210449219,7.287500858306885,8.455001831054688,8.647298812866211,6.505760192871094,8.168057441711426,6.4713873863220215,2.442310333251953,3.674495220184326,5.564368724822998,,,,,,,,,,,8.145906448364258,9.330347061157227,9.94771671295166,10.248273849487305,10.16972541809082,10.627485275268555,7.601903915405273,3.0007846355438232,4.7192301750183105,7.667693614959717,,,,,,,,,,,,,,,,,,,,,,,,,,,,,,,,,,,,,,,,
15,3059,,,,,,,,,,,,,,,,,,,,,,,,,,,,,,,,,,,,,,,,,0.19240137934684753,0.16513361036777496,0.13435988128185272,0.08024007081985474,0.36503228545188904,0.29045525193214417,0.1744774430990219,0.2981441020965576,0.1586095690727234,0.06516031175851822,4.52986478805542,3.8328843116760254,4.501425743103027,3.3668692111968994,5.388866901397705,6.127583026885986,5.301688194274902,4.907442569732666,3.936544895172119,3.405478000640869,,,,,,,,,,,5.870223045349121,4.498627662658691,5.281368255615234,3.937771797180176,8.645005226135254,8.73404598236084,6.835029602050781,6.439792156219482,4.571808338165283,3.8885598182678223,,,,,,,,,,,,,,,,,,,,,,,,,,,,,,,,,,,,,,,,
15,3064,,,,,,,,,,,,,,,,,,,,,,,,,,,,,,,,,,,,,,,,,0.5425759553909302,0.4123391807079315,0.6974295973777771,0.48135560750961304,0.3449530601501465,0.47217050194740295,0.8245360255241394,0.47906094789505005,0.425089031457901,0.7462496757507324,7.635640621185303,5.757660865783691,8.297904968261719,5.397371292114258,6.7022247314453125,9.14083480834961,8.943244934082031,7.159219264984131,6.082598686218262,11.239700317382812,,,,,,,,,,,10.221269607543945,7.108689785003662,12.032666206359863,9.644680976867676,8.403876304626465,11.135899543762207,14.858522415161133,8.163081169128418,7.4845075607299805,13.159497261047363,,,,,,,,,,,,,,,,,,,,,,,,,,,,,,,,,,,,,,,,
15,3069,,,,,,,,,,,,,,,,,,,,,,,,,,,,,,,,,,,,,,,,,0.31040477752685547,0.22156669199466705,0.16730710864067078,0.19189238548278809,0.37873995304107666,0.46349379420280457,0.36522823572158813,0.1583896279335022,0.3581792712211609,0.488846093416214,6.0402350425720215,3.9614944458007812,5.256626605987549,5.058314323425293,7.4808878898620605,7.8622145652771,8.227346420288086,3.7952489852905273,5.344515800476074,7.375464916229248,,,,,,,,,,,7.681856155395508,5.210921287536621,5.893439769744873,6.089529991149902,8.805828094482422,11.033106803894043,9.889013290405273,4.693772792816162,6.870265483856201,10.650825500488281,,,,,,,,,,,,,,,,,,,,,,,,,,,,,,,,,,,,,,,,
15,3074,,,,,,,,,,,,,,,,,,,,,,,,,,,,,,,,,,,,,,,,,0.37568962574005127,0.25823238492012024,0.19528912007808685,0.08464203774929047,0.3724299669265747,0.4033299386501312,0.4573988616466522,0.3206973373889923,0.7849029898643494,0.5042839050292969,6.622344970703125,4.966299533843994,5.390162467956543,3.2370686531066895,5.624416828155518,7.902117729187012,7.8232102394104,5.328839302062988,9.86282730102539,9.466163635253906,,,,,,,,,,,8.19944953918457,5.625584125518799,6.367232322692871,4.044342994689941,8.73216438293457,10.292149543762207,11.066704750061035,6.678922653198242,10.170242309570312,10.817695617675781,,,,,,,,,,,,,,,,,,,,,,,,,,,,,,,,,,,,,,,,
15,3079,,,,,,,,,,,,,,,,,,,,,,,,,,,,,,,,,,,,,,,,,0.40427055954933167,0.461581826210022,0.32179081439971924,0.3930560350418091,0.6927359104156494,0.21094615757465363,0.2945447862148285,0.43510472774505615,0.3130674958229065,0.5156071186065674,6.949881553649902,6.667769432067871,6.563884735107422,6.273646831512451,9.230340003967285,6.512740135192871,7.1779303550720215,5.911798000335693,5.000912666320801,9.209908485412598,,,,,,,,,,,8.64267349243164,7.521191120147705,8.173319816589355,8.715295791625977,11.909225463867188,7.443234443664551,8.880683898925781,7.779570579528809,6.423064231872559,10.938471794128418,,,,,,,,,,,,,,,,,,,,,,,,,,,,,,,,,,,,,,,,
15,3084,,,,,,,,,,,,,,,,,,,,,,,,,,,,,,,,,,,,,,,,,0.5465831756591797,0.9427202939987183,0.6320092082023621,0.61357581615448,0.44075191020965576,0.29495590925216675,0.41886264085769653,0.9060620665550232,0.41861385107040405,0.25169673562049866,7.600955486297607,8.134809494018555,8.776830673217773,8.971867561340332,7.1338982582092285,6.771073341369629,7.183502197265625,9.355151176452637,6.201905727386475,5.879565238952637,,,,,,,,,,,9.808815956115723,10.748644828796387,11.454426765441895,10.88902473449707,9.499411582946777,8.801453590393066,10.590259552001953,11.226326942443848,7.427285194396973,7.642509460449219,,,,,,,,,,,,,,,,,,,,,,,,,,,,,,,,,,,,,,,,
15,3089,,,,,,,,,,,,,,,,,,,,,,,,,,,,,,,,,,,,,,,,,0.6431809663772583,0.7552107572555542,0.42874401807785034,0.3667546510696411,0.2888897657394409,0.5990118384361267,0.36775800585746765,1.0738615989685059,1.1959788799285889,0.7124193906784058,8.069116592407227,7.14625883102417,8.000702857971191,6.516333103179932,6.522396564483643,7.432790279388428,7.059679985046387,10.10256576538086,11.169954299926758,8.671370506286621,,,,,,,,,,,10.584855079650879,9.620471000671387,9.434321403503418,8.418654441833496,7.690697193145752,12.542773246765137,9.923202514648438,12.221735954284668,12.554083824157715,12.857751846313477,,,,,,,,,,,,,,,,,,,,,,,,,,,,,,,,,,,,,,,,
15,3094,,,,,,,,,,,,,,,,,,,,,,,,,,,,,,,,,,,,,,,,,0.49391910433769226,0.3145296275615692,0.5599166750907898,0.05833245441317558,0.20708292722702026,0.7886128425598145,0.2687112092971802,0.34401366114616394,1.5137228965759277,0.39034968614578247,7.122803688049316,5.180894374847412,7.722563743591309,2.7189605236053467,5.63482666015625,10.742255210876465,6.819338321685791,5.511760234832764,12.528953552246094,7.245682239532471,,,,,,,,,,,8.921249389648438,6.208590507507324,10.781353950500488,3.3574535846710205,6.511361598968506,14.391557693481445,8.482300758361816,6.917459011077881,14.123636245727539,9.51752758026123,,,,,,,,,,,,,,,,,,,,,,,,,,,,,,,,,,,,,,,,
15,3099,,,,,,,,,,,,,,,,,,,,,,,,,,,,,,,,,,,,,,,,,0.40174734592437744,0.725757896900177,0.226360484957695,0.2411649525165558,0.722920835018158,0.40662941336631775,0.43311989307403564,0.3444894850254059,0.20623080432415009,0.30905240774154663,6.981604099273682,6.944141864776611,6.043008804321289,6.464820384979248,9.76899242401123,8.286749839782715,7.66980504989624,6.145966529846191,4.587000846862793,6.923951625823975,,,,,,,,,,,8.553988456726074,9.431008338928223,6.855071544647217,6.826718330383301,12.165922164916992,10.334161758422852,10.768986701965332,6.922240257263184,5.2131476402282715,8.468631744384766,,,,,,,,,,,,,,,,,,,,,,,,,,,,,,,,,,,,,,,,
15,3103,,,,,,,,,,,,,,,,,,,,,,,,,,,,,,,,,,,,,,,,,,,,,,,,,,,6.552274703979492,5.428135871887207,6.4294047355651855,6.170327663421631,6.777204990386963,8.225127220153809,7.12935209274292,5.786269187927246,5.703342914581299,7.32130765914917,0.5746867060661316,0.5599039793014526,0.6377652287483215,0.6522500514984131,0.5767127275466919,0.48899662494659424,0.5729739665985107,0.5834142565727234,0.5571000576019287,0.5430631637573242,8.689640998840332,7.155370712280273,8.539444923400879,8.16500473022461,9.128780364990234,10.909300804138184,9.635855674743652,7.520447254180908,7.545995235443115,9.606561660766602,0.4926835000514984,0.5619425177574158,0.5216027498245239,0.3607674539089203,0.5245344042778015,0.6249388456344604,0.4557209610939026,0.4451429545879364,0.45502275228500366,0.4844788908958435,7.140275955200195,5.804961681365967,7.346057891845703,5.989155292510986,7.800332546234131,9.43874740600586,8.25719928741455,5.81392240524292,6.003013610839844,7.809085845947266,0.4554702043533325,0.41246211528778076,0.5808718204498291,0.5918981432914734,0.3644595146179199,0.4325714111328125,0.5302318930625916,0.2915719747543335,0.36993253231048584,0.5252320766448975,9.872876167297363,8.48168659210205,9.925643920898438,9.490473747253418,10.786158561706543,12.951228141784668,10.957122802734375,7.846897602081299,8.071782112121582,10.34488296508789
16,3104,,,,,,,,,,,,,,,,,,,,,,,,,,,,,,,,,,,,,,,,,0.4153503477573395,1.0066384077072144,0.25711730122566223,0.11630460619926453,0.7867614030838013,0.4889470934867859,0.2994477152824402,0.10028724372386932,0.1186298280954361,0.5640193819999695,6.70338773727417,8.952244758605957,6.637701511383057,4.001054286956787,8.777477264404297,9.2232084274292,7.242117404937744,3.497408866882324,3.3308358192443848,8.668441772460938,,,,,,,,,,,8.362347602844238,11.107057571411133,7.305960178375244,4.740818977355957,12.691739082336426,11.332005500793457,8.954293251037598,3.734922409057617,3.953850269317627,11.440479278564453,,,,,,,,,,,,,,,,,,,,,,,,,,,,,,,,,,,,,,,,
16,3109,,,,,,,,,,,,,,,,,,,,,,,,,,,,,,,,,,,,,,,,,0.22944031655788422,0.33317527174949646,0.07484715431928635,0.04473084211349487,0.1826501190662384,0.21129193902015686,0.10943877696990967,0.20071031153202057,0.5831489562988281,0.3249695301055908,5.027653217315674,5.198798179626465,3.0597984790802,2.480616331100464,5.012663841247559,6.08651876449585,4.557555198669434,3.596057415008545,8.483450889587402,6.773417949676514,,,,,,,,,,,6.109289646148682,6.389967441558838,3.941842794418335,2.940075159072876,6.115185260772705,7.449331760406494,5.413228988647461,5.28376579284668,8.766233444213867,8.683974266052246,,,,,,,,,,,,,,,,,,,,,,,,,,,,,,,,,,,,,,,,
16,3114,,,,,,,,,,,,,,,,,,,,,,,,,,,,,,,,,,,,,,,,,0.3119845390319824,0.4838745594024658,0.2614049017429352,0.15629194676876068,0.5917106866836548,0.4169507622718811,0.44818374514579773,0.11673779785633087,0.007852109149098396,0.3248542249202728,6.2517523765563965,6.023463249206543,6.794224739074707,4.712174892425537,9.743853569030762,8.156085968017578,9.518901824951172,3.214536190032959,0.9876015186309814,7.114932060241699,,,,,,,,,,,7.413117408752441,7.700672626495361,7.366623401641846,5.495702743530273,11.006629943847656,10.464493751525879,10.954658508300781,4.029623031616211,1.017223596572876,8.682433128356934,,,,,,,,,,,,,,,,,,,,,,,,,,,,,,,,,,,,,,,,
16,3119,,,,,,,,,,,,,,,,,,,,,,,,,,,,,,,,,,,,,,,,,0.2699330151081085,0.357048898935318,0.21707797050476074,0.031960807740688324,0.26690027117729187,0.3950600028038025,0.4012733995914459,0.1934792399406433,0.08823554217815399,0.4783608913421631,5.4363274574279785,5.099203586578369,6.339118003845215,2.287949562072754,5.944798946380615,6.897518157958984,7.589866638183594,4.000382900238037,2.990459442138672,7.777652740478516,,,,,,,,,,,6.98784875869751,6.614943027496338,6.713044166564941,2.485213279724121,7.392207622528076,10.186087608337402,10.365517616271973,5.187712669372559,3.4099268913269043,10.535982131958008,,,,,,,,,,,,,,,,,,,,,,,,,,,,,,,,,,,,,,,,
16,3124,,,,,,,,,,,,,,,,,,,,,,,,,,,,,,,,,,,,,,,,,0.5376076698303223,0.49900156259536743,0.2674199044704437,0.3767927289009094,0.3748348355293274,0.9133513569831848,0.8210939168930054,0.15890291333198547,0.7800456881523132,0.6470263004302979,8.272214889526367,6.138346195220947,5.361027240753174,7.13883638381958,7.481362342834473,13.120746612548828,12.53300952911377,4.132807731628418,9.338033676147461,9.205767631530762,,,,,,,,,,,9.997044563293457,7.8201165199279785,7.450896263122559,8.533086776733398,8.760313034057617,15.487979888916016,14.827474594116211,4.701372146606445,10.138723373413086,12.253443717956543,,,,,,,,,,,,,,,,,,,,,,,,,,,,,,,,,,,,,,,,
16,3129,,,,,,,,,,,,,,,,,,,,,,,,,,,,,,,,,,,,,,,,,0.39838868379592896,0.5822392702102661,0.3776179552078247,0.34498530626296997,0.4106691777706146,0.5780230760574341,0.34239310026168823,0.21412508189678192,0.4008101224899292,0.3346349895000458,7.249120235443115,6.910572052001953,7.862135410308838,6.769444942474365,6.325692653656006,10.548431396484375,8.070216178894043,5.344032287597656,6.019340515136719,7.392210006713867,,,,,,,,,,,8.674321174621582,8.44720458984375,8.853968620300293,8.164981842041016,9.169501304626465,12.321070671081543,9.574878692626953,5.457484245300293,7.267626762390137,8.812169075012207,,,,,,,,,,,,,,,,,,,,,,,,,,,,,,,,,,,,,,,,
16,3134,,,,,,,,,,,,,,,,,,,,,,,,,,,,,,,,,,,,,,,,,0.37968680262565613,0.3318232595920563,0.4009958505630493,0.4997260868549347,0.2039005160331726,0.4641851484775543,0.3324396312236786,0.41597414016723633,0.5013529062271118,0.26678377389907837,6.691641807556152,5.278573036193848,7.174302101135254,7.8447747230529785,5.231743335723877,8.455460548400879,7.1251068115234375,6.26172399520874,7.055382251739502,5.797712326049805,,,,,,,,,,,8.429791450500488,6.376989841461182,9.123923301696777,9.826998710632324,6.461134433746338,11.041332244873047,9.434680938720703,7.606622695922852,8.128212928771973,7.868227005004883,,,,,,,,,,,,,,,,,,,,,,,,,,,,,,,,,,,,,,,,
16,3139,,,,,,,,,,,,,,,,,,,,,,,,,,,,,,,,,,,,,,,,,0.554331362247467,0.3988787829875946,0.4347975254058838,0.6646610498428345,0.34483954310417175,0.5915213823318481,1.130979061126709,0.6079578995704651,0.4017905592918396,0.41355618834495544,7.976609230041504,5.011433124542236,8.529998779296875,8.959969520568848,6.6385498046875,9.926562309265137,12.251206398010254,6.739776134490967,6.135914325714111,7.596072196960449,,,,,,,,,,,10.262555122375488,6.991699695587158,9.500691413879395,11.333263397216797,8.402493476867676,12.464104652404785,17.40195655822754,9.195926666259766,7.276509761810303,9.796353340148926,,,,,,,,,,,,,,,,,,,,,,,,,,,,,,,,,,,,,,,,
16,3144,,,,,,,,,,,,,,,,,,,,,,,,,,,,,,,,,,,,,,,,,0.46328651905059814,0.6205716133117676,0.18102681636810303,0.6078684329986572,0.3894568979740143,0.584399938583374,0.637772262096405,0.38633567094802856,0.5620772838592529,0.2000693380832672,7.78014612197876,6.536164283752441,4.869805335998535,10.329324722290039,8.005573272705078,9.813055992126465,10.698819160461426,6.114992141723633,7.855228900909424,5.798346519470215,,,,,,,,,,,9.2029390335083,8.720837593078613,6.130319595336914,10.838262557983398,8.929545402526855,12.388848304748535,13.06783390045166,7.33062744140625,8.606395721435547,6.813770294189453,,,,,,,,,,,,,,,,,,,,,,,,,,,,,,,,,,,,,,,,
16,3149,,,,,,,,,,,,,,,,,,,,,,,,,,,,,,,,,,,,,,,,,0.41693297028541565,0.5808391571044922,0.3575391173362732,0.13987353444099426,0.6240125894546509,0.6697342395782471,0.12824812531471252,0.4913909435272217,0.20163896679878235,0.5591198205947876,6.468740940093994,5.8409576416015625,6.625808238983154,4.209203720092773,8.238786697387695,10.030793190002441,4.2881669998168945,6.053101539611816,4.1764655113220215,8.755386352539062,,,,,,,,,,,8.609997749328613,8.437042236328125,8.61535930633545,5.199034214019775,11.303068161010742,13.262552261352539,5.859982490539551,8.267463684082031,5.154784679412842,11.390680313110352,,,,,,,,,,,,,,,,,,,,,,,,,,,,,,,,,,,,,,,,
16,3154,,,,,,,,,,,,,,,,,,,,,,,,,,,,,,,,,,,,,,,,,0.3830171823501587,0.3325158357620239,0.3497394025325775,0.5934553146362305,0.19839182496070862,0.2043450027704239,0.38618189096450806,0.1395147740840912,0.8353567123413086,0.4076537787914276,6.57153844833374,5.655998229980469,7.494174003601074,8.010598182678223,4.687997817993164,6.213419437408447,8.080050468444824,3.7910284996032715,7.385812282562256,7.824767112731934,,,,,,,,,,,8.233866691589355,6.383640289306641,8.520870208740234,10.708999633789062,6.373258590698242,7.325847148895264,10.168730735778809,4.405231952667236,10.492023468017578,9.726194381713867,,,,,,,,,,,,,,,,,,,,,,,,,,,,,,,,,,,,,,,,
16,3159,,,,,,,,,,,,,,,,,,,,,,,,,,,,,,,,,,,,,,,,,0.4290742874145508,0.3632541298866272,0.44013020396232605,0.2895215153694153,0.5737528204917908,0.30358603596687317,0.1746615767478943,0.52027827501297,0.6739454865455627,0.5225386619567871,6.861139297485352,5.118863582611084,6.654139041900635,4.553894996643066,7.859403133392334,7.018783092498779,5.632120609283447,7.281896114349365,9.273171424865723,8.35798168182373,,,,,,,,,,,8.806650161743164,6.672176837921143,9.558774948120117,7.479891777038574,10.838321685791016,8.92928695678711,6.8386359214782715,8.507002830505371,9.4240083694458,11.011752128601074,,,,,,,,,,,,,,,,,,,,,,,,,,,,,,,,,,,,,,,,
16,3164,,,,,,,,,,,,,,,,,,,,,,,,,,,,,,,,,,,,,,,,,0.3925647735595703,0.30881062150001526,0.24045845866203308,0.46104180812835693,0.459597647190094,0.460753470659256,0.2705371379852295,0.4530848264694214,0.3163106143474579,0.5624884963035583,6.7686285972595215,4.9739484786987305,5.550170421600342,7.329775810241699,7.801179885864258,7.721203804016113,7.341773509979248,5.935585021972656,4.957666873931885,9.306349754333496,,,,,,,,,,,8.631993293762207,6.151887893676758,7.065317630767822,9.438980102539062,9.7003755569458,11.000442504882812,8.51107120513916,7.93868350982666,6.456247329711914,11.424942970275879,,,,,,,,,,,,,,,,,,,,,,,,,,,,,,,,,,,,,,,,
16,3169,,,,,,,,,,,,,,,,,,,,,,,,,,,,,,,,,,,,,,,,,0.4657370150089264,0.2206510454416275,0.9275847673416138,0.27139222621917725,0.5244790315628052,0.5752860307693481,0.35349008440971375,0.2520802617073059,0.4718666970729828,0.5948030352592468,7.179646015167236,4.369652271270752,12.316370964050293,6.054022789001465,6.945574760437012,7.951941967010498,7.5582427978515625,4.40092658996582,5.935211658477783,9.084870338439941,,,,,,,,,,,9.36194896697998,5.200142860412598,13.8767728805542,7.241917610168457,10.362480163574219,12.291863441467285,9.728803634643555,5.921450614929199,7.885567665100098,11.748537063598633,,,,,,,,,,,,,,,,,,,,,,,,,,,,,,,,,,,,,,,,
16,3174,,,,,,,,,,,,,,,,,,,,,,,,,,,,,,,,,,,,,,,,,0.18913999199867249,0.29248782992362976,0.19817034900188446,0.10892600566148758,0.058461662381887436,0.08416760712862015,0.16529211401939392,0.17225868999958038,0.4378953278064728,0.1846003383398056,4.499382019042969,4.612430095672607,5.688816070556641,4.403700828552246,2.654205083847046,3.7512366771698,4.294162273406982,4.103221416473389,6.070732116699219,4.915933132171631,,,,,,,,,,,5.648834705352783,5.987095832824707,6.4140305519104,4.587971210479736,3.459674119949341,4.701628684997559,6.652683258056641,4.894961357116699,7.596410274505615,6.5450568199157715,,,,,,,,,,,,,,,,,,,,,,,,,,,,,,,,,,,,,,,,
16,3179,,,,,,,,,,,,,,,,,,,,,,,,,,,,,,,,,,,,,,,,,0.4489927291870117,0.3703943192958832,0.13023363053798676,0.3684699535369873,0.5333042144775391,0.6372627019882202,0.32436615228652954,0.7544255256652832,0.2676841616630554,0.6547936201095581,7.225213050842285,4.998798847198486,4.427412509918213,7.096096992492676,7.722346305847168,9.663253784179688,7.79694128036499,8.338301658630371,5.447065353393555,9.536701202392578,,,,,,,,,,,9.065683364868164,6.737432479858398,5.199639320373535,8.438319206237793,10.449299812316895,12.93704605102539,9.319413185119629,10.243938446044922,5.939291000366211,12.326773643493652,,,,,,,,,,,,,,,,,,,,,,,,,,,,,,,,,,,,,,,,
16,3184,,,,,,,,,,,,,,,,,,,,,,,,,,,,,,,,,,,,,,,,,0.30034536123275757,0.4343984127044678,0.26148277521133423,0.20316840708255768,0.29453954100608826,0.4031662344932556,0.20706644654273987,0.40745916962623596,0.2741207480430603,0.21770639717578888,5.726233959197998,5.47405481338501,5.38244104385376,4.964816093444824,6.196384429931641,6.908562660217285,5.932454586029053,6.540257453918457,5.178469181060791,4.958664894104004,,,,,,,,,,,7.453113079071045,7.29636287689209,7.367721080780029,6.26589298248291,7.765536785125732,10.290060997009277,7.446044921875,7.528367042541504,6.010273456573486,7.107760429382324,,,,,,,,,,,,,,,,,,,,,,,,,,,,,,,,,,,,,,,,
16,3189,,,,,,,,,,,,,,,,,,,,,,,,,,,,,,,,,,,,,,,,,0.49984899163246155,0.5038945078849792,0.2417321652173996,0.262709379196167,0.7729479074478149,0.7035474181175232,0.377802312374115,0.7646333575248718,0.3377254605293274,0.5336484313011169,7.675297260284424,6.009803771972656,6.2876458168029785,6.868619441986084,10.946572303771973,9.489408493041992,7.332917213439941,8.20804214477539,6.233635902404785,7.701026916503906,,,,,,,,,,,9.601198196411133,7.858363628387451,7.084005832672119,7.125128269195557,12.579830169677734,13.59322738647461,10.057802200317383,10.313008308410645,6.6712188720703125,11.12819766998291,,,,,,,,,,,,,,,,,,,,,,,,,,,,,,,,,,,,,,,,
16,3194,,,,,,,,,,,,,,,,,,,,,,,,,,,,,,,,,,,,,,,,,0.42190423607826233,0.45051881670951843,0.5956238508224487,0.23369845747947693,0.5231147408485413,0.5082927346229553,0.2219623476266861,0.31955254077911377,0.3165510892868042,0.6278234720230103,7.439656734466553,4.940604209899902,10.166471481323242,5.380949020385742,8.858473777770996,9.80097770690918,5.9826812744140625,5.313163757324219,5.713464260101318,10.800118446350098,,,,,,,,,,,8.89763355255127,7.430511951446533,11.119817733764648,6.720209121704102,10.348994255065918,11.554012298583984,7.709219932556152,6.666990756988525,6.4587016105651855,12.070241928100586,,,,,,,,,,,,,,,,,,,,,,,,,,,,,,,,,,,,,,,,
16,3199,,,,,,,,,,,,,,,,,,,,,,,,,,,,,,,,,,,,,,,,,0.33166319131851196,0.5547617673873901,0.16193453967571259,0.12452176213264465,0.6809327006340027,0.3568722605705261,0.21131496131420135,0.33205926418304443,0.33916741609573364,0.2234041690826416,6.169303894042969,7.371346473693848,5.086270809173584,4.305668830871582,9.20826530456543,7.6837615966796875,6.08790922164917,4.615707874298096,5.48095178604126,5.6838507652282715,,,,,,,,,,,7.626824378967285,8.24547290802002,5.798042297363281,4.9054341316223145,11.807332038879395,9.681268692016602,7.522045135498047,6.796205997467041,6.685445308685303,7.20017147064209,,,,,,,,,,,,,,,,,,,,,,,,,,,,,,,,,,,,,,,,
16,3204,,,,,,,,,,,,,,,,,,,,,,,,,,,,,,,,,,,,,,,,,0.41115856170654297,0.6736788153648376,0.1860302984714508,0.14471130073070526,0.8967037200927734,0.24119341373443604,0.41300714015960693,0.5188924670219421,0.15233924984931946,0.4738706052303314,6.332709312438965,7.299691200256348,5.450355529785156,4.949654579162598,8.285426139831543,5.9270758628845215,7.448054790496826,6.166304111480713,3.561075210571289,7.906745433807373,,,,,,,,,,,8.452898979187012,9.086334228515625,6.214461803436279,5.288178443908691,13.549528121948242,7.959001064300537,10.515974998474121,8.495665550231934,4.480527877807617,10.486416816711426,,,,,,,,,,,,,,,,,,,,,,,,,,,,,,,,,,,,,,,,
16,3209,,,,,,,,,,,,,,,,,,,,,,,,,,,,,,,,,,,,,,,,,0.36853525042533875,0.5398476123809814,0.306814581155777,0.17002305388450623,0.1820208579301834,0.4320007264614105,0.2716623544692993,0.4057634174823761,0.5491616725921631,0.4595229923725128,6.4492597579956055,6.046172142028809,6.575708389282227,4.475563049316406,5.441607475280762,8.0209321975708,6.245086193084717,4.9661712646484375,7.83186674118042,8.440227508544922,,,,,,,,,,,8.164213180541992,8.133880615234375,7.980859756469727,5.732034683227539,6.104642391204834,10.651679039001465,8.528752326965332,7.5126848220825195,8.506939888000488,10.326444625854492,,,,,,,,,,,,,,,,,,,,,,,,,,,,,,,,,,,,,,,,
16,3214,,,,,,,,,,,,,,,,,,,,,,,,,,,,,,,,,,,,,,,,,0.4183007776737213,0.29697394371032715,0.32803887128829956,0.5113507509231567,0.3183985948562622,0.5889309644699097,0.19447535276412964,0.6603680849075317,0.6295090317726135,0.23666147887706757,6.636932849884033,4.9746809005737305,6.0467658042907715,6.798569679260254,6.399914264678955,10.126030921936035,5.270476341247559,7.6755170822143555,6.755527496337891,5.684914588928223,,,,,,,,,,,8.67282772064209,6.032835006713867,8.252285957336426,9.94063949584961,8.073934555053711,12.436783790588379,7.216108798980713,9.58410930633545,9.108026504516602,7.410729885101318,,,,,,,,,,,,,,,,,,,,,,,,,,,,,,,,,,,,,,,,
16,3219,,,,,,,,,,,,,,,,,,,,,,,,,,,,,,,,,,,,,,,,,0.4050266444683075,0.5119078755378723,0.23067627847194672,0.2721420228481293,0.3108755648136139,0.500784695148468,0.40472447872161865,0.29617753624916077,0.36522376537323,0.7527276873588562,6.96572732925415,6.307023525238037,5.634624004364014,6.565675258636475,5.873811721801758,9.285872459411621,8.507692337036133,5.608179092407227,5.720823287963867,9.18784236907959,,,,,,,,,,,8.724607467651367,7.920601844787598,6.920112609863281,7.2519145011901855,7.97797966003418,11.468361854553223,10.409995079040527,6.418518543243408,6.937497138977051,13.216489791870117,,,,,,,,,,,,,,,,,,,,,,,,,,,,,,,,,,,,,,,,
16,3224,,,,,,,,,,,,,,,,,,,,,,,,,,,,,,,,,,,,,,,,,0.5555679798126221,0.36707794666290283,1.0598464012145996,0.3058412969112396,0.3984193503856659,0.5142849087715149,0.5461677312850952,1.327135682106018,0.025415951386094093,0.45592227578163147,7.610812664031982,5.006150722503662,10.422752380371094,7.231168746948242,7.753149032592773,10.489060401916504,8.561796188354492,9.639242172241211,1.4041917324066162,7.989801406860352,,,,,,,,,,,9.741951942443848,6.707202434539795,14.83314037322998,7.6878156661987305,9.031707763671875,11.621916770935059,12.09299373626709,13.586773872375488,1.8301069736480713,10.285907745361328,,,,,,,,,,,,,,,,,,,,,,,,,,,,,,,,,,,,,,,,
16,3229,,,,,,,,,,,,,,,,,,,,,,,,,,,,,,,,,,,,,,,,,0.5765351057052612,0.7987115383148193,0.6361847519874573,0.25333261489868164,0.22292809188365936,0.7593125104904175,0.46098002791404724,0.7616101503372192,0.8276423215866089,0.4681142568588257,8.104829788208008,7.773540019989014,8.839136123657227,6.10641622543335,5.865553855895996,10.528877258300781,9.271187782287598,8.44875431060791,7.4843292236328125,8.625667572021484,,,,,,,,,,,10.169864654541016,9.89366626739502,11.492202758789062,6.9968156814575195,6.755882740020752,14.121672630310059,11.109943389892578,10.29259967803955,10.443465232849121,10.422530174255371,,,,,,,,,,,,,,,,,,,,,,,,,,,,,,,,,,,,,,,,
16,3234,,,,,,,,,,,,,,,,,,,,,,,,,,,,,,,,,,,,,,,,,0.3300268352031708,0.19886842370033264,0.19148699939250946,0.23332998156547546,0.3040597140789032,0.5319415926933289,0.29298970103263855,0.38210445642471313,0.36641889810562134,0.469041645526886,6.2259674072265625,4.052852153778076,4.514034748077393,4.369710922241211,6.772206783294678,10.71585464477539,6.4411540031433105,7.086367130279541,4.020786762237549,8.06074047088623,,,,,,,,,,,7.910632610321045,4.936796188354492,6.30494499206543,6.714909076690674,7.890037536621094,11.819737434387207,8.857211112976074,7.2903733253479,6.948838233947754,10.432848930358887,,,,,,,,,,,,,,,,,,,,,,,,,,,,,,,,,,,,,,,,
16,3239,,,,,,,,,,,,,,,,,,,,,,,,,,,,,,,,,,,,,,,,,0.22550681233406067,0.23163838684558868,0.09848403930664062,0.12652623653411865,0.17045022547245026,0.43020761013031006,0.21273790299892426,0.30429762601852417,0.12158089131116867,0.3336384892463684,5.140193939208984,4.6162214279174805,3.7410099506378174,4.19852876663208,4.797486782073975,7.581973552703857,5.798375129699707,5.012960910797119,2.837266206741333,7.67792272567749,,,,,,,,,,,6.465156555175781,5.328041076660156,4.521625518798828,4.944759368896484,5.907427787780762,10.629549980163574,7.547328472137451,6.505909442901611,4.0027265548706055,8.799039840698242,,,,,,,,,,,,,,,,,,,,,,,,,,,,,,,,,,,,,,,,
16,3244,,,,,,,,,,,,,,,,,,,,,,,,,,,,,,,,,,,,,,,,,0.30854886770248413,0.299317866563797,0.42814284563064575,0.12009498476982117,0.2348271608352661,0.3877224922180176,0.31506916880607605,0.12570957839488983,0.35786738991737366,0.5081884264945984,5.692470550537109,4.591742992401123,5.466238498687744,4.2939677238464355,5.984541893005371,7.8906941413879395,6.2036967277526855,3.306055784225464,5.4371724128723145,8.058126449584961,,,,,,,,,,,7.602210998535156,6.056595802307129,9.427703857421875,4.817451000213623,6.933840274810791,10.091049194335938,9.184885025024414,4.181603908538818,6.867273807525635,10.85949420928955,,,,,,,,,,,,,,,,,,,,,,,,,,,,,,,,,,,,,,,,
16,3249,,,,,,,,,,,,,,,,,,,,,,,,,,,,,,,,,,,,,,,,,0.6245936155319214,0.4352424442768097,1.1078135967254639,1.0008243322372437,0.6514543890953064,0.7770453095436096,0.18008966743946075,0.4779895842075348,0.7974873781204224,0.19339600205421448,8.279830932617188,6.509934425354004,12.08834457397461,10.228216171264648,8.812162399291992,10.411932945251465,5.583329677581787,6.442577362060547,9.509242057800293,4.932738780975342,,,,,,,,,,,10.473194122314453,7.303447246551514,15.165090560913086,13.907011032104492,11.548927307128906,14.28561782836914,6.944087505340576,8.153947830200195,10.251447677612305,6.699169635772705,,,,,,,,,,,,,,,,,,,,,,,,,,,,,,,,,,,,,,,,
16,3254,,,,,,,,,,,,,,,,,,,,,,,,,,,,,,,,,,,,,,,,,0.22787539660930634,0.3241954743862152,0.21012930572032928,0.17226681113243103,0.3346607983112335,0.31314578652381897,0.32330378890037537,0.10510291159152985,0.03614170849323273,0.23193198442459106,5.514232158660889,5.169681072235107,6.032247066497803,4.723626136779785,7.041984558105469,7.2873005867004395,7.996918201446533,3.4352493286132812,2.0595874786376953,5.881494522094727,,,,,,,,,,,6.5189361572265625,6.303267478942871,6.6047282218933105,5.769733428955078,8.277554512023926,9.068785667419434,9.30413818359375,3.8235442638397217,2.182366132736206,7.336307525634766,,,,,,,,,,,,,,,,,,,,,,,,,,,,,,,,,,,,,,,,
16,3259,,,,,,,,,,,,,,,,,,,,,,,,,,,,,,,,,,,,,,,,,0.3307039737701416,0.5212770104408264,0.34676334261894226,0.3030032813549042,0.3222106993198395,0.25925835967063904,0.3653053343296051,0.21766720712184906,0.32760512828826904,0.3132454752922058,6.431784152984619,5.966801166534424,7.160012245178223,6.863155364990234,6.068448066711426,7.043181419372559,7.8174357414245605,4.238996982574463,5.6635613441467285,7.06446647644043,,,,,,,,,,,7.88800573348999,7.992755889892578,8.484539031982422,7.652063369750977,8.122124671936035,8.251677513122559,9.890057563781738,5.502439022064209,6.5705037117004395,8.525887489318848,,,,,,,,,,,,,,,,,,,,,,,,,,,,,,,,,,,,,,,,
16,3264,,,,,,,,,,,,,,,,,,,,,,,,,,,,,,,,,,,,,,,,,0.46086350083351135,0.27361398935317993,0.2881876826286316,0.22505012154579163,0.7226001024246216,0.47012096643447876,0.6781384944915771,0.5417753458023071,0.6242457032203674,0.3240390419960022,7.395081520080566,4.682725429534912,7.163763999938965,5.786567687988281,9.363800048828125,8.437946319580078,10.233095169067383,6.194650173187256,7.678016662597656,7.015168190002441,,,,,,,,,,,9.254727363586426,5.79070520401001,7.734805107116699,6.594690799713135,12.163222312927246,11.111703872680664,13.475038528442383,8.680971145629883,9.069869995117188,8.67153263092041,,,,,,,,,,,,,,,,,,,,,,,,,,,,,,,,,,,,,,,,
16,3269,,,,,,,,,,,,,,,,,,,,,,,,,,,,,,,,,,,,,,,,,0.3050588071346283,0.1200612336397171,0.4052010178565979,0.3874925673007965,0.2934529781341553,0.725223958492279,0.16134171187877655,0.3737938404083252,0.039244432002305984,0.23971740901470184,6.18668794631958,3.1399827003479004,8.453535079956055,6.734503269195557,5.771917819976807,12.12800407409668,5.102189064025879,6.1683197021484375,1.7667889595031738,6.414949893951416,,,,,,,,,,,7.414339065551758,3.8358683586120605,9.171638488769531,8.653395652770996,7.751199722290039,13.801043510437012,6.572704792022705,7.21065616607666,2.2741143703460693,7.458422660827637,,,,,,,,,,,,,,,,,,,,,,,,,,,,,,,,,,,,,,,,
16,3274,,,,,,,,,,,,,,,,,,,,,,,,,,,,,,,,,,,,,,,,,0.5651416778564453,0.9641631841659546,0.2630763649940491,0.12136830389499664,0.9691413044929504,0.4494967758655548,0.6464056372642517,0.4148050546646118,0.44987615942955017,0.8079420328140259,7.513494968414307,7.978322505950928,5.958463191986084,4.109078407287598,8.676565170288086,7.3056745529174805,9.830037117004395,6.049031734466553,6.834005832672119,10.880270957946777,,,,,,,,,,,10.022095680236816,10.870200157165527,7.390138149261475,4.842922210693359,14.08617877960205,10.865235328674316,13.155984878540039,7.595926284790039,7.699628829956055,13.692643165588379,,,,,,,,,,,,,,,,,,,,,,,,,,,,,,,,,,,,,,,,
16,3279,,,,,,,,,,,,,,,,,,,,,,,,,,,,,,,,,,,,,,,,,0.3653304874897003,0.3894054591655731,0.4893220067024231,0.3098660707473755,0.21969501674175262,0.4108307659626007,0.2050141990184784,0.747924268245697,0.12924788892269135,0.3866688013076782,6.246473789215088,4.721114158630371,7.3048624992370605,4.820178031921387,5.586745262145996,8.137624740600586,6.051800727844238,9.107072830200195,3.545132637023926,6.943737030029297,,,,,,,,,,,8.11418342590332,6.908174514770508,10.078804969787598,7.738234043121338,6.706713676452637,10.387411117553711,7.409054279327393,10.199703216552734,4.127005577087402,9.472546577453613,,,,,,,,,,,,,,,,,,,,,,,,,,,,,,,,,,,,,,,,
16,3284,,,,,,,,,,,,,,,,,,,,,,,,,,,,,,,,,,,,,,,,,0.3297642767429352,0.2013155072927475,0.09006275981664658,0.2326468676328659,0.21693798899650574,0.34784799814224243,0.6562982797622681,0.5455226898193359,0.46463727951049805,0.21260881423950195,6.0953826904296875,3.9950711727142334,3.819676160812378,5.088910102844238,5.3208770751953125,6.533668041229248,10.558871269226074,6.806544303894043,6.965997219085693,5.768826007843018,,,,,,,,,,,7.670546054840088,4.967076778411865,4.323985576629639,6.70507287979126,6.664498329162598,9.55807876586914,13.256272315979004,8.710942268371582,7.824927806854248,7.024054050445557,,,,,,,,,,,,,,,,,,,,,,,,,,,,,,,,,,,,,,,,
16,3289,,,,,,,,,,,,,,,,,,,,,,,,,,,,,,,,,,,,,,,,,0.2580001652240753,0.23250003159046173,0.2238275557756424,0.1451234370470047,0.3070812225341797,0.5432639122009277,0.20169071853160858,0.03928852081298828,0.26388442516326904,0.3653416335582733,5.407988548278809,3.8782846927642822,6.562787055969238,3.9079840183258057,6.0012664794921875,8.237542152404785,5.827889442443848,1.6879020929336548,5.251088619232178,7.317154884338379,,,,,,,,,,,6.901703357696533,5.337940692901611,6.816610336303711,5.295703887939453,7.929142951965332,11.944867134094238,7.348754405975342,2.337714910507202,5.896987438201904,9.20760726928711,,,,,,,,,,,,,,,,,,,,,,,,,,,,,,,,,,,,,,,,
16,3294,,,,,,,,,,,,,,,,,,,,,,,,,,,,,,,,,,,,,,,,,0.5045390129089355,0.26825135946273804,0.6701341867446899,0.5475600957870483,0.6806774139404297,0.4658687114715576,0.3537905514240265,0.5222690105438232,0.8135497570037842,0.21875016391277313,7.319010257720947,4.572535037994385,9.205249786376953,7.19694709777832,9.782268524169922,8.369942665100098,7.056609153747559,5.6910552978515625,8.116833686828613,5.879656791687012,,,,,,,,,,,9.60185718536377,5.733676910400391,11.794854164123535,10.286574363708496,11.8051176071167,11.0613374710083,9.73293685913086,8.523262023925781,10.354170799255371,7.124779224395752,,,,,,,,,,,,,,,,,,,,,,,,,,,,,,,,,,,,,,,,
16,3297,,,,,,,,,,,,,,,,,,,,,,,,,,,,,,,,,,,,,,,,,,,,,,,,,,,6.494173049926758,5.255599498748779,6.427914619445801,6.154094219207764,6.7085371017456055,8.189769744873047,7.086444854736328,5.609384059906006,5.751562118530273,7.264249801635742,0.584990382194519,0.5883939266204834,0.6414656639099121,0.6547832489013672,0.5882711410522461,0.4953669309616089,0.5826318860054016,0.5994205474853516,0.5580047369003296,0.5565752387046814,8.588639259338379,6.919892311096191,8.49571418762207,8.135210037231445,9.003279685974121,10.841089248657227,9.526265144348145,7.374555587768555,7.538283348083496,9.463459968566895,0.5493485927581787,0.5639079809188843,0.5310884714126587,0.4183492362499237,0.5690609812736511,0.6137157678604126,0.462252140045166,0.5240832567214966,0.7367162108421326,0.5249632000923157,7.59737491607666,5.784395694732666,7.553304195404053,6.412518501281738,8.280984878540039,9.32906723022461,8.379039764404297,6.440551280975342,8.06781005859375,8.128698348999023,0.3785606026649475,0.40787017345428467,0.5630589127540588,0.5924227833747864,0.3084213137626648,0.4436567425727844,0.515869140625,0.1308368444442749,-0.047135233879089355,0.4920446276664734,10.347824096679688,8.514766693115234,10.134368896484375,9.484371185302734,11.251644134521484,12.824095726013184,11.123364448547363,8.691620826721191,10.405843734741211,10.700342178344727
17,3299,,,,,,,,,,,,,,,,,,,,,,,,,,,,,,,,,,,,,,,,,0.3727096915245056,0.31273606419563293,0.4209030270576477,0.44371604919433594,0.36862730979919434,0.7115856409072876,0.20070357620716095,0.1448686420917511,0.20889915525913239,0.5423477292060852,6.918839454650879,5.396209716796875,7.100510120391846,8.296542167663574,7.255056858062744,11.255033493041992,5.520891189575195,4.078371047973633,4.602651119232178,8.764288902282715,,,,,,,,,,,8.382397651672363,6.190864086151123,9.347654342651367,9.259923934936523,8.687471389770508,13.670658111572266,7.330749034881592,4.488962173461914,5.24676513671875,11.218534469604492,,,,,,,,,,,,,,,,,,,,,,,,,,,,,,,,,,,,,,,,
17,3304,,,,,,,,,,,,,,,,,,,,,,,,,,,,,,,,,,,,,,,,,0.3742097318172455,0.37539008259773254,0.2275945097208023,0.4351085424423218,0.5991021394729614,0.4471229016780853,0.2750281095504761,0.475466251373291,0.10749228298664093,0.42558273673057556,6.4281158447265625,5.0411224365234375,6.055224418640137,7.462627410888672,8.109305381774902,7.506183624267578,7.4821648597717285,6.17958402633667,2.648630142211914,7.368199825286865,,,,,,,,,,,8.35033893585205,6.782716751098633,6.8737311363220215,9.169669151306152,11.075162887573242,10.836507797241211,8.58142375946045,8.132397651672363,3.7636730670928955,9.937775611877441,,,,,,,,,,,,,,,,,,,,,,,,,,,,,,,,,,,,,,,,
17,3309,,,,,,,,,,,,,,,,,,,,,,,,,,,,,,,,,,,,,,,,,0.2988578975200653,0.30579861998558044,0.02866692841053009,0.15171903371810913,0.49159348011016846,0.24213716387748718,0.2666975259780884,0.08265167474746704,0.7716912627220154,0.3487653434276581,5.899869441986084,5.0966949462890625,1.8717799186706543,5.410052299499512,7.545433521270752,5.584079265594482,7.426180362701416,3.390662670135498,9.981573104858398,6.7923688888549805,,,,,,,,,,,6.989405155181885,6.121812343597412,2.439507484436035,5.414707660675049,10.03235149383545,7.974557399749756,8.450458526611328,3.390662670135498,10.084285736083984,8.996298789978027,,,,,,,,,,,,,,,,,,,,,,,,,,,,,,,,,,,,,,,,
17,3314,,,,,,,,,,,,,,,,,,,,,,,,,,,,,,,,,,,,,,,,,0.3087197542190552,0.5002848505973816,0.2812069356441498,0.23380228877067566,0.24110402166843414,0.4384399354457855,0.39042213559150696,0.02999603934586048,0.11738048493862152,0.5458410978317261,5.742666721343994,5.966179370880127,7.012812614440918,5.17807149887085,5.3315253257751465,7.659725666046143,7.8533735275268555,1.2977898120880127,2.2272348403930664,9.157283782958984,,,,,,,,,,,7.4893012046813965,7.830164909362793,7.640551567077637,6.7217020988464355,7.025898456573486,10.730770111083984,10.224404335021973,2.0426344871520996,3.9329752922058105,11.254607200622559,,,,,,,,,,,,,,,,,,,,,,,,,,,,,,,,,,,,,,,,
17,3319,,,,,,,,,,,,,,,,,,,,,,,,,,,,,,,,,,,,,,,,,0.4832742512226105,0.3913112282752991,0.6300265789031982,0.2126954346895218,0.3058108985424042,0.46638673543930054,0.32035234570503235,0.6211554408073425,1.0126383304595947,0.3890910744667053,7.407003879547119,5.442626476287842,6.883272647857666,5.482959747314453,6.752363681793213,9.444283485412598,7.4688005447387695,7.636509895324707,9.981489181518555,7.570724010467529,,,,,,,,,,,9.26262378692627,6.925057888031006,11.436446189880371,6.411120891571045,7.912726402282715,11.067485809326172,9.261573791503906,9.29520320892334,11.5518217086792,9.50217056274414,,,,,,,,,,,,,,,,,,,,,,,,,,,,,,,,,,,,,,,,
17,3324,,,,,,,,,,,,,,,,,,,,,,,,,,,,,,,,,,,,,,,,,0.6601231694221497,0.9306219816207886,0.7470004558563232,0.7105344533920288,0.6065504550933838,0.666001558303833,0.44429856538772583,0.6192131042480469,0.8628413677215576,0.3540468215942383,8.94471263885498,8.221752166748047,11.787760734558105,9.76821231842041,9.248409271240234,10.062074661254883,8.673395156860352,8.074012756347656,9.139350891113281,5.527445316314697,,,,,,,,,,,11.014966011047363,10.679450988769531,12.452945709228516,11.717838287353516,11.143795013427734,13.225542068481445,10.907073974609375,9.280658721923828,10.663229942321777,9.064159393310547,,,,,,,,,,,,,,,,,,,,,,,,,,,,,,,,,,,,,,,,
17,3329,,,,,,,,,,,,,,,,,,,,,,,,,,,,,,,,,,,,,,,,,0.4853174388408661,0.4252459406852722,0.3477656841278076,0.6172360181808472,0.44120824337005615,0.5624167919158936,0.5130606889724731,0.47701576352119446,0.6764287948608398,0.3074791431427002,7.327704429626465,5.403269290924072,6.647387504577637,7.903049945831299,7.745062351226807,8.424955368041992,8.464924812316895,6.594161510467529,8.604414939880371,6.1621198654174805,,,,,,,,,,,9.561116218566895,7.219088077545166,8.496792793273926,10.921455383300781,9.504329681396484,12.15360164642334,11.720742225646973,8.145637512207031,9.44135570526123,8.44704818725586,,,,,,,,,,,,,,,,,,,,,,,,,,,,,,,,,,,,,,,,
17,3334,,,,,,,,,,,,,,,,,,,,,,,,,,,,,,,,,,,,,,,,,0.5245962142944336,0.20787189900875092,1.0535247325897217,0.4005257487297058,0.37716546654701233,0.3375604748725891,0.6661918759346008,0.6472764015197754,0.831706702709198,0.1995423585176468,7.529595375061035,4.137457370758057,12.452849388122559,7.243978023529053,7.235365390777588,7.387048721313477,10.310482025146484,6.370296478271484,7.101747512817383,5.527130126953125,,,,,,,,,,,9.661707878112793,5.047312259674072,14.788836479187012,8.79771900177002,8.787505149841309,9.415679931640625,13.355816841125488,9.488631248474121,10.469076156616211,6.804790019989014,,,,,,,,,,,,,,,,,,,,,,,,,,,,,,,,,,,,,,,,
17,3339,,,,,,,,,,,,,,,,,,,,,,,,,,,,,,,,,,,,,,,,,0.32112613320350647,0.45772629976272583,0.35220736265182495,0.3147256076335907,0.3580971658229828,0.37247157096862793,0.3571911156177521,0.21338008344173431,0.21334193646907806,0.25099387764930725,6.446440696716309,6.264145851135254,6.288273334503174,5.99770975112915,7.001847267150879,9.185558319091797,8.51577091217041,4.774651527404785,4.0893425941467285,5.900670051574707,,,,,,,,,,,7.828226089477539,7.489713191986084,8.550880432128906,7.798676490783691,8.562490463256836,9.890595436096191,9.779600143432617,5.447981357574463,5.30226469039917,7.631831169128418,,,,,,,,,,,,,,,,,,,,,,,,,,,,,,,,,,,,,,,,
17,3344,,,,,,,,,,,,,,,,,,,,,,,,,,,,,,,,,,,,,,,,,0.3071376085281372,0.26142674684524536,0.15864716470241547,0.0697617381811142,0.5137943029403687,0.3256088197231293,0.5179251432418823,0.49233123660087585,0.22449269890785217,0.2002505362033844,5.637081623077393,4.257038593292236,4.998823165893555,2.6979732513427734,7.351435661315918,5.526233673095703,9.40958023071289,6.910233974456787,4.027243137359619,5.555169582366943,,,,,,,,,,,7.431352615356445,5.660271644592285,5.738888740539551,3.6716690063476562,10.25638484954834,9.247491836547852,11.776177406311035,8.275369644165039,5.439066410064697,6.816854476928711,,,,,,,,,,,,,,,,,,,,,,,,,,,,,,,,,,,,,,,,
17,3349,,,,,,,,,,,,,,,,,,,,,,,,,,,,,,,,,,,,,,,,,0.2598859965801239,0.09802836924791336,0.29752397537231445,0.30356112122535706,0.147291898727417,0.3460460305213928,0.19511833786964417,0.4137611389160156,0.2299412339925766,0.30770188570022583,5.299598693847656,2.347280263900757,5.9421706199646,5.604844093322754,4.575092792510986,7.378308296203613,5.908310413360596,4.910707473754883,4.230082035064697,6.799591064453125,,,,,,,,,,,6.975357532501221,3.466076135635376,7.859097003936768,7.659103870391846,5.491476058959961,9.533289909362793,7.228027820587158,7.586362838745117,5.504675388336182,8.450108528137207,,,,,,,,,,,,,,,,,,,,,,,,,,,,,,,,,,,,,,,,
17,3354,,,,,,,,,,,,,,,,,,,,,,,,,,,,,,,,,,,,,,,,,0.33867278695106506,0.8167096972465515,0.31229230761528015,0.2931269705295563,0.31869038939476013,0.4054308533668518,0.33944326639175415,0.13631010055541992,0.06619744747877121,0.35985395312309265,6.014926433563232,7.638248920440674,6.950594902038574,6.209787845611572,6.941706657409668,7.6941328048706055,6.866579532623291,4.125369548797607,2.0256614685058594,5.682258605957031,,,,,,,,,,,7.773200988769531,10.0045166015625,8.051787376403809,7.5263214111328125,8.07763385772705,10.318920135498047,9.533544540405273,4.354343891143799,2.953547477722168,9.138193130493164,,,,,,,,,,,,,,,,,,,,,,,,,,,,,,,,,,,,,,,,
17,3359,,,,,,,,,,,,,,,,,,,,,,,,,,,,,,,,,,,,,,,,,0.35968276858329773,0.1990758329629898,0.23572593927383423,0.26342594623565674,0.4529188573360443,0.3605956733226776,0.2502571642398834,0.5357599854469299,0.6828977465629578,0.2564876079559326,6.187455654144287,3.9593443870544434,6.4666428565979,5.203450679779053,6.6424102783203125,7.268795490264893,6.231886863708496,6.729233264923096,6.616482257843018,6.56885290145874,,,,,,,,,,,8.050081253051758,4.9393696784973145,6.995445251464844,7.134839057922363,9.62963581085205,9.73164176940918,8.1858549118042,8.632643699645996,9.486393928527832,7.714901447296143,,,,,,,,,,,,,,,,,,,,,,,,,,,,,,,,,,,,,,,,
17,3364,,,,,,,,,,,,,,,,,,,,,,,,,,,,,,,,,,,,,,,,,0.4112887978553772,0.16766570508480072,0.08151481300592422,0.0635555237531662,0.29730018973350525,0.39052945375442505,0.8169251084327698,0.8334917426109314,0.7902905941009521,0.26032599806785583,6.05787992477417,3.6731410026550293,3.0526905059814453,3.151402473449707,5.911560535430908,7.163520812988281,10.034875869750977,8.174345970153809,7.720297336578369,5.639082431793213,,,,,,,,,,,8.17946720123291,4.532986164093018,4.113674640655518,3.504544258117676,7.80184268951416,10.127511978149414,14.789786338806152,10.767362594604492,10.205086708068848,7.772414684295654,,,,,,,,,,,,,,,,,,,,,,,,,,,,,,,,,,,,,,,,
17,3369,,,,,,,,,,,,,,,,,,,,,,,,,,,,,,,,,,,,,,,,,0.3812120258808136,0.30532699823379517,0.3108859062194824,0.45663556456565857,0.20163118839263916,0.7230242490768433,0.16815152764320374,0.4796064794063568,0.5609972476959229,0.22464923560619354,6.14008903503418,4.783499717712402,5.526628017425537,8.130706787109375,4.9773688316345215,10.22381591796875,5.082828998565674,4.783228874206543,5.82180118560791,5.93092155456543,,,,,,,,,,,8.271745681762695,6.117089748382568,8.033636093139648,9.393766403198242,6.425079345703125,13.780098915100098,6.709980010986328,8.16772747039795,8.598122596740723,7.220207691192627,,,,,,,,,,,,,,,,,,,,,,,,,,,,,,,,,,,,,,,,
17,3374,,,,,,,,,,,,,,,,,,,,,,,,,,,,,,,,,,,,,,,,,0.22742785513401031,0.42628058791160583,0.15142753720283508,0.14291740953922272,0.19971437752246857,0.36589694023132324,0.34124723076820374,0.06740246713161469,0.11653348803520203,0.2354307919740677,5.121705055236816,5.630866050720215,4.587195873260498,3.61495304107666,4.208493232727051,8.21354866027832,7.711470127105713,2.4855754375457764,3.4589061737060547,6.184336185455322,,,,,,,,,,,6.468701362609863,7.227865219116211,5.606787204742432,5.255299091339111,6.394466400146484,9.802915573120117,9.558843612670898,3.061939001083374,3.918759346008301,7.3914361000061035,,,,,,,,,,,,,,,,,,,,,,,,,,,,,,,,,,,,,,,,
17,3379,,,,,,,,,,,,,,,,,,,,,,,,,,,,,,,,,,,,,,,,,0.6175666451454163,0.18779373168945312,0.6066684722900391,0.6315397620201111,0.8910965919494629,0.6193059086799622,0.7120592594146729,0.9239813685417175,0.5948160290718079,0.39083877205848694,8.051595687866211,4.266586780548096,8.79686164855957,7.77410364151001,10.042366027832031,10.182111740112305,9.11034107208252,9.10655689239502,6.71413516998291,6.47129487991333,,,,,,,,,,,10.761042594909668,4.797365665435791,11.222442626953125,11.047277450561523,13.507098197937012,12.753474235534668,13.807940483093262,11.336795806884766,8.85349178314209,9.52348804473877,,,,,,,,,,,,,,,,,,,,,,,,,,,,,,,,,,,,,,,,
17,3384,,,,,,,,,,,,,,,,,,,,,,,,,,,,,,,,,,,,,,,,,0.2923978865146637,0.2970311641693115,0.1981062889099121,0.3182016611099243,0.3962699770927429,0.25340473651885986,0.350172221660614,0.11277695745229721,0.3041963577270508,0.40142154693603516,5.972848892211914,4.298996448516846,5.24118185043335,6.4369001388549805,7.6513566970825195,6.959814071655273,6.58248233795166,3.6881167888641357,5.353873252868652,7.542916774749756,,,,,,,,,,,7.453335285186768,6.033416271209717,6.412993907928467,7.841625690460205,9.007312774658203,8.157991409301758,9.683037757873535,3.96067214012146,6.3314080238342285,9.65156078338623,,,,,,,,,,,,,,,,,,,,,,,,,,,,,,,,,,,,,,,,
17,3389,,,,,,,,,,,,,,,,,,,,,,,,,,,,,,,,,,,,,,,,,0.4363201856613159,0.6914787292480469,0.30139487981796265,0.2930077910423279,0.1372595727443695,0.2754009962081909,0.460620254278183,0.6911000609397888,0.35349440574645996,0.7231246829032898,7.031129360198975,7.161550998687744,6.786345481872559,5.620228290557861,4.455778121948242,6.111128807067871,7.790261268615723,7.4131574630737305,6.615849018096924,11.325860977172852,,,,,,,,,,,8.792851448059082,9.205591201782227,7.9100565910339355,7.524792194366455,5.30116081237793,8.504693031311035,11.105607986450195,9.804583549499512,6.825186252593994,12.953997611999512,,,,,,,,,,,,,,,,,,,,,,,,,,,,,,,,,,,,,,,,
17,3394,,,,,,,,,,,,,,,,,,,,,,,,,,,,,,,,,,,,,,,,,0.18726880848407745,0.15530212223529816,0.17719197273254395,0.1308962106704712,0.30307579040527344,0.24392612278461456,0.3802308440208435,0.043965522199869156,0.07842179387807846,0.17240896821022034,4.755978107452393,3.584209680557251,5.371427059173584,4.2728705406188965,6.450462818145752,6.057220458984375,7.813920021057129,1.9427679777145386,2.850856065750122,4.460066795349121,,,,,,,,,,,5.937924385070801,4.362656116485596,6.065040111541748,5.029425621032715,7.877261638641357,8.003961563110352,10.090076446533203,2.472947120666504,3.2147088050842285,6.325241565704346,,,,,,,,,,,,,,,,,,,,,,,,,,,,,,,,,,,,,,,,
17,3399,,,,,,,,,,,,,,,,,,,,,,,,,,,,,,,,,,,,,,,,,0.632952868938446,0.8711140751838684,0.4364916980266571,0.281893253326416,0.7558484673500061,0.4143262207508087,0.7901718020439148,0.5086981058120728,0.29829302430152893,1.3397388458251953,8.251681327819824,7.68657922744751,7.7198286056518555,5.322223663330078,8.70219612121582,8.0693998336792,9.483911514282227,8.343892097473145,5.696516990661621,13.240584373474121,,,,,,,,,,,10.773661613464355,10.332366943359375,9.519182205200195,7.38069486618042,12.43990421295166,10.431507110595703,14.545597076416016,8.411797523498535,6.269672393798828,17.632230758666992,,,,,,,,,,,,,,,,,,,,,,,,,,,,,,,,,,,,,,,,
17,3404,,,,,,,,,,,,,,,,,,,,,,,,,,,,,,,,,,,,,,,,,0.4922577440738678,0.7939262986183167,0.47648048400878906,0.43293386697769165,0.8174726963043213,0.22051404416561127,0.4881507456302643,0.42279428243637085,0.5590813755989075,0.21896564960479736,7.361460208892822,7.844655513763428,8.143376350402832,7.851553916931152,7.726724147796631,6.062584400177002,9.401328086853027,6.383749961853027,6.466127872467041,6.373037815093994,,,,,,,,,,,9.36852741241455,9.863985061645508,9.945672988891602,9.14672565460205,12.937080383300781,7.61016321182251,11.432672500610352,7.668727397918701,8.583428382873535,7.128287315368652,,,,,,,,,,,,,,,,,,,,,,,,,,,,,,,,,,,,,,,,
17,3409,,,,,,,,,,,,,,,,,,,,,,,,,,,,,,,,,,,,,,,,,0.34438738226890564,0.2818976044654846,0.4034973084926605,0.20280718803405762,0.7189730405807495,0.46925243735313416,0.24244889616966248,0.14894841611385345,0.17639373242855072,0.4552677869796753,6.206791400909424,4.379550457000732,6.790006160736084,4.649405002593994,8.704109191894531,9.301892280578613,6.753605365753174,3.872136354446411,3.3976731300354004,8.012742042541504,,,,,,,,,,,8.025906562805176,5.877707481384277,9.152337074279785,6.260320663452148,12.13265609741211,11.101434707641602,8.057140350341797,4.551732063293457,4.821308135986328,10.278521537780762,,,,,,,,,,,,,,,,,,,,,,,,,,,,,,,,,,,,,,,,
17,3414,,,,,,,,,,,,,,,,,,,,,,,,,,,,,,,,,,,,,,,,,0.3701027035713196,0.3604685664176941,0.5641383528709412,0.10447178035974503,0.4008879065513611,0.19105128943920135,0.3821048438549042,0.04091032221913338,0.40920576453208923,0.8776854872703552,6.231653213500977,6.037179470062256,8.1096773147583,4.04129695892334,7.921594142913818,6.2912139892578125,7.985236644744873,2.004950761795044,4.418160438537598,9.275569915771484,,,,,,,,,,,8.024442672729492,6.64654541015625,10.82192325592041,4.4931864738464355,9.059642791748047,7.083548069000244,10.114911079406738,2.3854763507843018,7.343348503112793,14.271403312683105,,,,,,,,,,,,,,,,,,,,,,,,,,,,,,,,,,,,,,,,
17,3419,,,,,,,,,,,,,,,,,,,,,,,,,,,,,,,,,,,,,,,,,0.4453355073928833,0.42489656805992126,0.4059940278530121,0.4069254398345947,0.2387593686580658,0.5377787947654724,0.17408929765224457,0.9125530123710632,0.5300402641296387,0.37698230147361755,6.944868564605713,5.745891094207764,6.955999851226807,6.981927394866943,5.484349250793457,8.136962890625,4.607878684997559,10.659157752990723,7.390877723693848,6.540770530700684,,,,,,,,,,,8.882786750793457,7.216121673583984,9.180608749389648,8.867727279663086,6.991652965545654,11.88441276550293,6.827423095703125,11.266468048095703,8.357525825500488,9.353144645690918,,,,,,,,,,,,,,,,,,,,,,,,,,,,,,,,,,,,,,,,
17,3424,,,,,,,,,,,,,,,,,,,,,,,,,,,,,,,,,,,,,,,,,0.38004064559936523,0.26262035965919495,0.33814916014671326,0.34366852045059204,0.24999335408210754,0.5309301614761353,0.33545851707458496,0.6018357276916504,0.4183383584022522,0.3393716514110565,6.405384063720703,4.020715236663818,5.571354389190674,5.634381294250488,6.162822246551514,8.581748008728027,7.107398986816406,7.57704496383667,6.19932222366333,6.79367208480835,,,,,,,,,,,8.454432487487793,5.6731791496276855,8.378491401672363,8.149383544921875,7.1542463302612305,11.808494567871094,9.477422714233398,9.149507522583008,7.424840450286865,8.87431812286377,,,,,,,,,,,,,,,,,,,,,,,,,,,,,,,,,,,,,,,,
17,3429,,,,,,,,,,,,,,,,,,,,,,,,,,,,,,,,,,,,,,,,,0.3586828410625458,0.14238546788692474,0.554486095905304,0.6560790538787842,0.2745077311992645,0.4123584032058716,0.24837429821491241,0.27511125802993774,0.39042189717292786,0.27442121505737305,6.287193298339844,3.2433128356933594,7.841512680053711,8.410636901855469,5.980771541595459,7.301269054412842,5.730681419372559,5.413054943084717,6.398289203643799,6.2652106285095215,,,,,,,,,,,8.173727989196777,4.1772942543029785,10.728943824768066,11.259860038757324,7.496817588806152,10.406704902648926,8.15500259399414,6.186042785644531,7.172827243804932,7.980057716369629,,,,,,,,,,,,,,,,,,,,,,,,,,,,,,,,,,,,,,,,
17,3434,,,,,,,,,,,,,,,,,,,,,,,,,,,,,,,,,,,,,,,,,0.2807321846485138,0.32590174674987793,0.42432233691215515,0.12244661897420883,0.17842431366443634,0.6461504697799683,0.2097332775592804,0.12003236263990402,0.18714700639247894,0.3124314546585083,5.5527472496032715,5.1988043785095215,7.016938209533691,4.146930694580078,4.989437103271484,8.239029884338379,5.974347114562988,2.8287277221679688,4.477456092834473,7.10305118560791,,,,,,,,,,,7.18906307220459,6.319833755493164,9.385547637939453,4.864388465881348,6.044030666351318,13.026947975158691,7.49384069442749,4.086090087890625,4.966091632843018,8.514801979064941,,,,,,,,,,,,,,,,,,,,,,,,,,,,,,,,,,,,,,,,
17,3439,,,,,,,,,,,,,,,,,,,,,,,,,,,,,,,,,,,,,,,,,0.48791593313217163,0.2474580854177475,0.5484021902084351,0.616233229637146,0.4718194007873535,0.4286104440689087,0.3048718571662903,0.8541064262390137,0.7380234599113464,0.18171842396259308,7.26025915145874,4.084468364715576,7.551535129547119,9.803472518920898,7.697384834289551,8.95812702178955,7.173110008239746,8.327753067016602,6.436119079589844,5.31036376953125,,,,,,,,,,,9.313125610351562,5.506974697113037,10.669921875,10.912579536437988,9.828506469726562,10.609800338745117,9.035027503967285,10.899703979492188,9.861848831176758,6.4937663078308105,,,,,,,,,,,,,,,,,,,,,,,,,,,,,,,,,,,,,,,,
17,3444,,,,,,,,,,,,,,,,,,,,,,,,,,,,,,,,,,,,,,,,,0.33654484152793884,0.4416983425617218,0.14568786323070526,0.2075035721063614,0.2982785105705261,0.1458529531955719,0.470830500125885,0.3381956219673157,0.7779786586761475,0.20287734270095825,5.992604732513428,6.286158561706543,4.4608612060546875,5.891170501708984,6.26797342300415,4.724765300750732,8.151631355285645,5.156123638153076,7.647213459014893,5.3475422859191895,,,,,,,,,,,7.585176944732666,7.3574137687683105,5.499501705169678,6.332390308380127,7.814670085906982,6.18918514251709,11.228017807006836,6.8587141036987305,10.125282287597656,6.861419677734375,,,,,,,,,,,,,,,,,,,,,,,,,,,,,,,,,,,,,,,,
17,3449,,,,,,,,,,,,,,,,,,,,,,,,,,,,,,,,,,,,,,,,,0.4039752185344696,0.5042918920516968,0.19340255856513977,0.3803154528141022,0.2739427387714386,0.5736721158027649,0.17556196451187134,0.4326135516166687,0.7485101819038391,0.3534667193889618,7.048964500427246,6.3982367515563965,5.720767974853516,7.38027286529541,5.148129463195801,9.75814437866211,5.64752197265625,6.841984748840332,8.774611473083496,7.77101469039917,,,,,,,,,,,8.459595680236816,7.861461162567139,6.336402416229248,8.572881698608398,7.48909854888916,12.274609565734863,6.856240272521973,7.757267475128174,9.93166732788086,9.056732177734375,,,,,,,,,,,,,,,,,,,,,,,,,,,,,,,,,,,,,,,,
17,3454,,,,,,,,,,,,,,,,,,,,,,,,,,,,,,,,,,,,,,,,,0.40208372473716736,0.2914392352104187,0.35547935962677,0.5157613754272461,0.5229328870773315,0.4559798836708069,0.5395785570144653,0.34762266278266907,0.21556136012077332,0.37439829111099243,7.406984806060791,5.005403518676758,7.687094211578369,9.658203125,8.161178588867188,9.44092845916748,10.01004409790039,5.267572402954102,4.366196155548096,7.0662431716918945,,,,,,,,,,,8.829451560974121,5.976353168487549,8.590508460998535,9.983419418334961,10.34719467163086,10.943309783935547,12.019824981689453,6.953649044036865,5.329773426055908,9.321035385131836,,,,,,,,,,,,,,,,,,,,,,,,,,,,,,,,,,,,,,,,
17,3459,,,,,,,,,,,,,,,,,,,,,,,,,,,,,,,,,,,,,,,,,0.2639874517917633,0.2515990436077118,0.38792169094085693,0.16607439517974854,0.18417131900787354,0.4890601634979248,0.3223417103290558,0.2544648349285126,0.1573086977005005,0.16294492781162262,5.636813640594482,4.367955684661865,7.628719329833984,5.130558013916016,4.692486763000488,8.548378944396973,6.3407158851623535,5.860708236694336,3.3760826587677,4.785715103149414,,,,,,,,,,,7.067521095275879,5.552860260009766,8.97395133972168,5.6650824546813965,6.140597820281982,11.3333158493042,9.290285110473633,5.949392318725586,4.553020477294922,6.149186134338379,,,,,,,,,,,,,,,,,,,,,,,,,,,,,,,,,,,,,,,,
17,3464,,,,,,,,,,,,,,,,,,,,,,,,,,,,,,,,,,,,,,,,,0.4502839148044586,0.5138251185417175,0.34568774700164795,0.2675337493419647,0.12923288345336914,0.33381208777427673,0.5472705960273743,0.3852385878562927,0.8799992203712463,0.6499552130699158,7.2528977394104,6.689126491546631,8.010316848754883,6.11699914932251,4.3721466064453125,6.821303844451904,8.972123146057129,6.833762168884277,8.701783180236816,8.758517265319824,,,,,,,,,,,8.953267097473145,7.935420513153076,8.471370697021484,7.190253257751465,5.143825054168701,9.363256454467773,12.10519790649414,7.320210933685303,10.768729209899902,12.281147003173828,,,,,,,,,,,,,,,,,,,,,,,,,,,,,,,,,,,,,,,,
17,3469,,,,,,,,,,,,,,,,,,,,,,,,,,,,,,,,,,,,,,,,,0.4236881136894226,0.2921205461025238,0.27236655354499817,0.19675038754940033,0.42220720648765564,0.37841856479644775,0.4678238034248352,0.5701325535774231,0.6777228116989136,0.5356505513191223,7.396888732910156,5.084604263305664,7.0502190589904785,5.0992865562438965,7.262898921966553,6.842942237854004,8.607512474060059,8.64195728302002,8.134407997131348,9.848166465759277,,,,,,,,,,,8.848047256469727,5.983335018157959,7.519493103027344,6.166130065917969,9.2974214553833,9.969240188598633,11.192109107971191,8.905261039733887,9.450380325317383,11.149052619934082,,,,,,,,,,,,,,,,,,,,,,,,,,,,,,,,,,,,,,,,
17,3474,,,,,,,,,,,,,,,,,,,,,,,,,,,,,,,,,,,,,,,,,0.6532601714134216,0.8982946276664734,1.1773595809936523,0.45039868354797363,0.6208085417747498,0.7218614220619202,0.7180162668228149,0.1708475947380066,0.45101332664489746,0.6707412600517273,8.364924430847168,7.548779010772705,11.119091987609863,7.427305698394775,8.895980834960938,10.175947189331055,10.32090950012207,4.874871253967285,5.281776428222656,9.639653205871582,,,,,,,,,,,11.04715347290039,10.49232292175293,15.633859634399414,9.329394340515137,11.274011611938477,13.769010543823242,13.865575790405273,4.874871253967285,7.709353923797607,12.475981712341309,,,,,,,,,,,,,,,,,,,,,,,,,,,,,,,,,,,,,,,,
17,3479,,,,,,,,,,,,,,,,,,,,,,,,,,,,,,,,,,,,,,,,,0.2673428952693939,0.3890524208545685,0.18468783795833588,0.24060440063476562,0.26505595445632935,0.32775193452835083,0.11016379296779633,0.05303400009870529,0.6322727799415588,0.2034626454114914,5.3297858238220215,5.699702739715576,5.443465232849121,5.369878768920898,5.790596008300781,7.223174571990967,4.454129219055176,2.2788870334625244,6.475039958953857,5.233200550079346,,,,,,,,,,,6.745199680328369,6.9050421714782715,6.191997528076172,6.818779945373535,7.366622447967529,9.277873992919922,5.431130409240723,2.716038703918457,9.127997398376465,6.871310234069824,,,,,,,,,,,,,,,,,,,,,,,,,,,,,,,,,,,,,,,,
17,3484,,,,,,,,,,,,,,,,,,,,,,,,,,,,,,,,,,,,,,,,,0.3152240812778473,0.27312102913856506,0.07157811522483826,0.26423200964927673,0.20306643843650818,0.5732308030128479,0.36395421624183655,0.4733254015445709,0.36617371439933777,0.24833470582962036,6.0173444747924805,4.540544509887695,3.200193405151367,6.345683574676514,5.37414026260376,8.930330276489258,7.371467590332031,6.834229469299316,5.234597682952881,6.3249125480651855,,,,,,,,,,,7.558605670928955,5.785485744476318,3.854799509048462,7.145745754241943,6.447906494140625,12.269887924194336,9.871749877929688,8.114067077636719,6.9465131759643555,7.5912957191467285,,,,,,,,,,,,,,,,,,,,,,,,,,,,,,,,,,,,,,,,
17,3489,,,,,,,,,,,,,,,,,,,,,,,,,,,,,,,,,,,,,,,,,0.1977597326040268,0.16828767955303192,0.14217828214168549,0.2755948007106781,0.07907381653785706,0.26358047127723694,0.17605093121528625,0.14779935777187347,0.2439887672662735,0.28328344225883484,4.950284004211426,3.424175977706909,4.216510772705078,5.67615270614624,3.3386147022247314,7.216989994049072,5.51751184463501,4.039514064788818,4.59354305267334,6.529541969299316,,,,,,,,,,,6.0882158279418945,4.541386604309082,5.432857513427734,7.297773838043213,4.023610591888428,8.320175170898438,6.865780353546143,4.534140586853027,5.670328140258789,8.107889175415039,,,,,,,,,,,,,,,,,,,,,,,,,,,,,,,,,,,,,,,,
17,3491,,,,,,,,,,,,,,,,,,,,,,,,,,,,,,,,,,,,,,,,,,,,,,,,,,,6.49076509475708,5.174319267272949,6.381458759307861,6.224081516265869,6.730408191680908,8.142718315124512,7.123492240905762,5.680678367614746,5.710434436798096,7.24929141998291,0.5872207283973694,0.5947462320327759,0.6507581472396851,0.6513729691505432,0.588187038898468,0.4966132640838623,0.5786839127540588,0.6001144647598267,0.5693284869194031,0.5551819801330566,8.568572998046875,6.866286754608154,8.384896278381348,8.17529582977295,9.00419807434082,10.8276948928833,9.57121467590332,7.368166446685791,7.4410929679870605,9.478314399719238,0.5333483815193176,0.5872782468795776,0.6022356748580933,0.42169004678726196,0.6031783819198608,0.6557135581970215,0.47783026099205017,0.46870365738868713,0.48287439346313477,0.5006310343742371,7.521076679229736,5.874727725982666,8.16873550415039,6.314635753631592,8.432637214660645,9.822286605834961,8.776155471801758,5.866238594055176,6.273599624633789,8.160673141479492,0.40641701221466064,0.3852853775024414,0.4987105131149292,0.5004026889801025,0.27065300941467285,0.40633952617645264,0.5092456340789795,0.25093793869018555,0.3240240216255188,0.5121543407440186,10.327588081359863,8.675630569458008,10.854992866516113,10.500588417053223,11.55479621887207,13.247209548950195,11.199195861816406,8.068800926208496,8.360678672790527,10.486392974853516
18,3494,,,,,,,,,,,,,,,,,,,,,,,,,,,,,,,,,,,,,,,,,0.3070047199726105,0.355272501707077,0.096226766705513,0.2790302038192749,0.5457816123962402,0.2317221760749817,0.3115610182285309,0.1981319785118103,0.13767147064208984,0.6076448559761047,6.080399513244629,5.330220699310303,3.46777081489563,6.26250696182251,8.575272560119629,5.9761552810668945,7.793246746063232,5.028882026672363,3.669604539871216,8.619933128356934,,,,,,,,,,,7.47783088684082,6.598466873168945,4.469506740570068,7.343117713928223,10.570829391479492,7.801168918609619,9.133606910705566,5.24971866607666,4.259368896484375,11.874685287475586,,,,,,,,,,,,,,,,,,,,,,,,,,,,,,,,,,,,,,,,
18,3499,,,,,,,,,,,,,,,,,,,,,,,,,,,,,,,,,,,,,,,,,0.3429505527019501,0.5810210704803467,0.22513118386268616,0.14205752313137054,0.3182847499847412,0.5730169415473938,0.6200563311576843,0.09876591712236404,0.09284352511167526,0.4353776276111603,5.870542049407959,7.092474460601807,5.424532413482666,4.336966514587402,5.285605430603027,8.52304744720459,8.52739143371582,2.611607074737549,3.1611862182617188,7.872067928314209,,,,,,,,,,,7.888356685638428,8.438363075256348,6.836431503295898,5.239466190338135,8.072489738464355,12.267600059509277,12.885056495666504,3.7064850330352783,3.497833013534546,10.051486015319824,,,,,,,,,,,,,,,,,,,,,,,,,,,,,,,,,,,,,,,,
18,3504,,,,,,,,,,,,,,,,,,,,,,,,,,,,,,,,,,,,,,,,,0.2594231963157654,0.20143017172813416,0.2274128943681717,0.2980484366416931,0.2311224639415741,0.5826965570449829,0.12288536131381989,0.14563655853271484,0.31240829825401306,0.2131681740283966,6.018023490905762,4.336113929748535,5.7835493087768555,6.560144901275635,5.769761562347412,10.818649291992188,5.001586437225342,3.8945658206939697,6.1823601722717285,5.815478324890137,,,,,,,,,,,6.929445743560791,4.968491077423096,6.870987892150879,7.589239597320557,6.878927230834961,12.370779991149902,5.736154556274414,4.500843524932861,6.4162983894348145,7.033287525177002,,,,,,,,,,,,,,,,,,,,,,,,,,,,,,,,,,,,,,,,
18,3509,,,,,,,,,,,,,,,,,,,,,,,,,,,,,,,,,,,,,,,,,0.31151506304740906,0.37140828371047974,0.2566085159778595,0.3293191194534302,0.37110263109207153,0.3304634690284729,0.1930496096611023,0.14088879525661469,0.2317497730255127,0.5790452361106873,6.121336936950684,5.370467185974121,5.958990097045898,6.6878790855407715,7.44205379486084,7.081694602966309,5.693991661071777,3.5814785957336426,4.56951379776001,8.705964088439941,,,,,,,,,,,7.6433563232421875,6.74664831161499,7.2987284660339355,7.9774370193481445,8.716590881347656,9.316174507141113,7.189609050750732,4.4268717765808105,5.526280403137207,11.59186840057373,,,,,,,,,,,,,,,,,,,,,,,,,,,,,,,,,,,,,,,,
18,3514,,,,,,,,,,,,,,,,,,,,,,,,,,,,,,,,,,,,,,,,,0.5325563549995422,0.750840961933136,0.1583370417356491,0.1531381607055664,1.174300193786621,0.7687474489212036,0.676474928855896,0.24555858969688416,0.5398263335227966,0.3257830739021301,7.494694232940674,6.4630351066589355,4.245183944702148,3.6735758781433105,10.982751846313477,11.371243476867676,10.874506950378418,4.4128499031066895,7.549769401550293,7.879328727722168,,,,,,,,,,,9.656956672668457,9.592597961425781,5.7332763671875,5.439970970153809,15.505622863769531,14.209136962890625,13.458499908447266,5.844351291656494,8.434324264526367,8.69483757019043,,,,,,,,,,,,,,,,,,,,,,,,,,,,,,,,,,,,,,,,
18,3519,,,,,,,,,,,,,,,,,,,,,,,,,,,,,,,,,,,,,,,,,0.4023805260658264,0.5727983713150024,0.26139402389526367,0.49133002758026123,0.2733592391014099,0.3407440185546875,0.13400165736675262,0.37964677810668945,0.6013569235801697,0.5667934417724609,7.156075477600098,6.4957356452941895,5.545722484588623,9.567451477050781,6.603417873382568,8.004013061523438,4.904829502105713,6.879566192626953,6.569880485534668,9.834063529968262,,,,,,,,,,,8.450843811035156,8.378439903259277,7.366471290588379,9.744095802307129,7.481118202209473,9.459975242614746,5.989987373352051,7.266890048980713,8.90203857421875,11.468579292297363,,,,,,,,,,,,,,,,,,,,,,,,,,,,,,,,,,,,,,,,
18,3524,,,,,,,,,,,,,,,,,,,,,,,,,,,,,,,,,,,,,,,,,0.2268001288175583,0.37151503562927246,0.21263375878334045,0.16726256906986237,0.12759387493133545,0.2530199885368347,0.14260214567184448,0.32007062435150146,0.162489116191864,0.2840139865875244,5.283882141113281,5.321806907653809,5.3426594734191895,3.7488365173339844,4.233969211578369,7.078782558441162,5.206236839294434,6.039981842041016,4.092995643615723,6.489668369293213,,,,,,,,,,,6.437459468841553,6.747617721557617,6.643971920013428,5.6853108406066895,5.111102104187012,8.151795387268066,6.1792216300964355,6.672393321990967,4.627382755279541,8.11833667755127,,,,,,,,,,,,,,,,,,,,,,,,,,,,,,,,,,,,,,,,
18,3529,,,,,,,,,,,,,,,,,,,,,,,,,,,,,,,,,,,,,,,,,0.3552803099155426,0.33928343653678894,0.12888336181640625,0.16832655668258667,0.48785555362701416,0.7409740686416626,0.5510823130607605,0.1896114945411682,0.18742674589157104,0.4040791988372803,6.464643955230713,4.829577922821045,4.421253681182861,5.380923748016357,6.6155266761779785,10.330018997192383,10.026336669921875,4.658557891845703,3.872706413269043,8.046893119812012,,,,,,,,,,,8.133848190307617,6.448276042938232,5.172614574432373,5.703365802764893,9.994136810302734,13.950101852416992,12.147279739379883,5.135598659515381,4.969801902770996,9.683456420898438,,,,,,,,,,,,,,,,,,,,,,,,,,,,,,,,,,,,,,,,
18,3534,,,,,,,,,,,,,,,,,,,,,,,,,,,,,,,,,,,,,,,,,0.2751142084598541,0.31384366750717163,0.09348686784505844,0.42422357201576233,0.7164832353591919,0.2566937208175659,0.27735376358032227,0.06022759899497032,0.15283861756324768,0.18087683618068695,5.453127384185791,5.06583309173584,3.7296507358551025,6.835999965667725,8.702577590942383,6.304759502410889,6.83436918258667,2.514716625213623,3.796945333480835,5.293293476104736,,,,,,,,,,,6.940274715423584,6.201817512512207,4.405416488647461,9.05424690246582,12.111631393432617,8.210762023925781,8.617630004882812,2.894386053085327,4.487865447998047,6.47871208190918,,,,,,,,,,,,,,,,,,,,,,,,,,,,,,,,,,,,,,,,
18,3539,,,,,,,,,,,,,,,,,,,,,,,,,,,,,,,,,,,,,,,,,0.2673565745353699,0.14977078139781952,0.8580936789512634,0.1774643063545227,0.1250874102115631,0.35689815878868103,0.10366301983594894,0.35277795791625977,0.11117923259735107,0.1712746024131775,5.037928104400635,3.048741579055786,8.19618034362793,4.354005336761475,3.8964178562164307,7.7398905754089355,3.9539244174957275,5.630969047546387,3.138808250427246,5.382414817810059,,,,,,,,,,,6.737228870391846,4.284259796142578,13.346858024597168,5.856125831604004,5.060652256011963,9.681620597839355,5.268448352813721,7.005021095275879,3.8276753425598145,6.304398536682129,,,,,,,,,,,,,,,,,,,,,,,,,,,,,,,,,,,,,,,,
18,3544,,,,,,,,,,,,,,,,,,,,,,,,,,,,,,,,,,,,,,,,,0.2679964601993561,0.2805790603160858,0.1396196484565735,0.21945784986019135,0.33187398314476013,0.5036391615867615,0.2004781812429428,0.27567434310913086,0.25443023443222046,0.20621559023857117,5.645895957946777,4.9498443603515625,4.547252178192139,5.302276611328125,6.228209972381592,7.664341449737549,5.506292819976807,5.480863094329834,5.138150691986084,5.995833873748779,,,,,,,,,,,7.081221103668213,5.863945007324219,5.3837504386901855,6.512240886688232,8.24301815032959,11.500999450683594,7.326631546020508,6.1923699378967285,5.790388107299805,6.91763973236084,,,,,,,,,,,,,,,,,,,,,,,,,,,,,,,,,,,,,,,,
18,3549,,,,,,,,,,,,,,,,,,,,,,,,,,,,,,,,,,,,,,,,,0.20101989805698395,0.18411727249622345,0.22262242436408997,0.15459172427654266,0.1380927562713623,0.11307380348443985,0.24039007723331451,0.16453319787979126,0.32094088196754456,0.27081695199012756,4.828044414520264,3.640638589859009,4.595694065093994,4.636292934417725,4.149873733520508,4.118820667266846,6.0888237953186035,4.344673156738281,5.462530136108398,6.4150495529174805,,,,,,,,,,,6.113163471221924,4.750174522399902,6.798233509063721,5.465727806091309,5.317225456237793,5.449502944946289,8.022856712341309,4.783936977386475,6.503330230712891,7.927479267120361,,,,,,,,,,,,,,,,,,,,,,,,,,,,,,,,,,,,,,,,
18,3554,,,,,,,,,,,,,,,,,,,,,,,,,,,,,,,,,,,,,,,,,0.4481479823589325,0.5821830630302429,0.17322471737861633,0.5483761429786682,1.0201233625411987,0.5602536201477051,0.4108438193798065,0.11453284323215485,0.1708405762910843,0.4529539942741394,6.559467792510986,6.722327709197998,4.5171332359313965,8.142285346984863,9.288254737854004,7.884345054626465,7.042667865753174,3.3148109912872314,4.480685234069824,7.642698287963867,,,,,,,,,,,8.977433204650879,8.446797370910645,5.996758937835693,10.29423713684082,14.451934814453125,12.130206108093262,10.488397598266602,3.9913864135742188,4.744810104370117,10.252368927001953,,,,,,,,,,,,,,,,,,,,,,,,,,,,,,,,,,,,,,,,
18,3559,,,,,,,,,,,,,,,,,,,,,,,,,,,,,,,,,,,,,,,,,0.2524125277996063,0.3285559117794037,0.4638047218322754,0.24761709570884705,0.2742340564727783,0.19423867762088776,0.1314743012189865,0.3212399482727051,0.07214334607124329,0.23840485513210297,5.288607120513916,5.193546772003174,7.887754917144775,5.046965599060059,6.86955451965332,5.545322418212891,4.171012878417969,4.930234909057617,2.239812135696411,5.71326208114624,,,,,,,,,,,6.761114597320557,6.345515727996826,9.81248950958252,6.917436599731445,7.493079662322998,7.142392635345459,5.933230400085449,6.684570789337158,3.0833399295806885,7.437975883483887,,,,,,,,,,,,,,,,,,,,,,,,,,,,,,,,,,,,,,,,
18,3564,,,,,,,,,,,,,,,,,,,,,,,,,,,,,,,,,,,,,,,,,0.42834845185279846,0.8023577928543091,0.4764108657836914,0.5511117577552795,0.6980818510055542,0.4595910310745239,0.34873270988464355,0.11037775874137878,0.012489925138652325,0.3959823548793793,6.455155372619629,6.283526420593262,7.798110008239746,8.289958953857422,7.636097431182861,8.98664665222168,6.516372203826904,3.2158565521240234,1.1949799060821533,8.174849510192871,,,,,,,,,,,8.619223594665527,9.91622257232666,9.944947242736816,10.319881439208984,11.95508861541748,10.986557960510254,9.663114547729492,3.91831636428833,1.2829307317733765,9.585948944091797,,,,,,,,,,,,,,,,,,,,,,,,,,,,,,,,,,,,,,,,
18,3569,,,,,,,,,,,,,,,,,,,,,,,,,,,,,,,,,,,,,,,,,0.3269023001194,0.2320985347032547,0.30329591035842896,0.4424677789211273,0.14459455013275146,0.2595115602016449,0.18335242569446564,0.8238473534584045,0.19526827335357666,0.35768401622772217,5.781491756439209,4.117537498474121,6.24367618560791,6.575543403625488,3.675928831100464,6.1551079750061035,6.17824649810791,7.345888614654541,4.093240737915039,7.64825439453125,,,,,,,,,,,7.567416667938232,5.333330154418945,7.934963703155518,9.246891021728516,5.4409613609313965,8.255705833435059,7.006710052490234,10.704886436462402,5.072699546813965,9.110600471496582,,,,,,,,,,,,,,,,,,,,,,,,,,,,,,,,,,,,,,,,
18,3574,,,,,,,,,,,,,,,,,,,,,,,,,,,,,,,,,,,,,,,,,0.3477855622768402,0.1845952272415161,0.230462446808815,0.27715232968330383,0.14281198382377625,0.6899941563606262,0.18495208024978638,0.5317250490188599,0.46390312910079956,0.4244735836982727,6.28607702255249,3.952697277069092,6.11796236038208,6.447192668914795,4.655004501342773,10.129281997680664,5.565476894378662,6.916534423828125,5.535267353057861,7.255274772644043,,,,,,,,,,,7.915713787078857,4.756335735321045,6.916903495788574,7.318366527557373,5.407319068908691,13.46165943145752,7.037208080291748,8.600075721740723,7.818742752075195,9.92481803894043,,,,,,,,,,,,,,,,,,,,,,,,,,,,,,,,,,,,,,,,
18,3579,,,,,,,,,,,,,,,,,,,,,,,,,,,,,,,,,,,,,,,,,0.2625676095485687,0.2285180240869522,0.13799121975898743,0.18732568621635437,0.16299685835838318,0.5067821145057678,0.3779086470603943,0.3311343789100647,0.23756754398345947,0.19288386404514313,5.4784722328186035,4.032708644866943,4.458346366882324,5.232004165649414,4.224334716796875,8.224538803100586,7.58809757232666,4.5532917976379395,5.191439151763916,5.801487922668457,,,,,,,,,,,7.011783123016357,5.292032241821289,5.352262496948242,6.0166335105896,5.776825904846191,11.53683090209961,10.059218406677246,6.786734580993652,5.595215320587158,6.690293788909912,,,,,,,,,,,,,,,,,,,,,,,,,,,,,,,,,,,,,,,,
18,3584,,,,,,,,,,,,,,,,,,,,,,,,,,,,,,,,,,,,,,,,,0.2580890357494354,0.21712566912174225,0.08648131787776947,0.09832993894815445,0.12039349973201752,0.1866380274295807,0.1297418475151062,0.54426509141922,0.6287962198257446,0.3110298216342926,5.162761211395264,4.378861427307129,3.2974460124969482,3.8731136322021484,4.0278472900390625,5.44415283203125,4.844553470611572,6.543749809265137,7.744292259216309,6.310838222503662,,,,,,,,,,,6.434909343719482,5.158433437347412,4.2371392250061035,4.359109401702881,4.9647932052612305,7.001255512237549,5.894009590148926,8.700895309448242,9.10286808013916,8.495680809020996,,,,,,,,,,,,,,,,,,,,,,,,,,,,,,,,,,,,,,,,
18,3589,,,,,,,,,,,,,,,,,,,,,,,,,,,,,,,,,,,,,,,,,0.330301433801651,0.20647726953029633,0.4434545636177063,0.6610868573188782,0.20016738772392273,0.24993427097797394,0.09405724704265594,0.18289189040660858,0.49514320492744446,0.43950003385543823,6.245261192321777,4.333584308624268,7.735241889953613,8.882916450500488,4.373276233673096,6.777696132659912,4.1292829513549805,3.9585962295532227,7.876105785369873,8.140650749206543,,,,,,,,,,,7.6300482749938965,5.0303521156311035,9.594806671142578,11.302749633789062,6.401714324951172,8.101935386657715,5.01841926574707,5.043777942657471,8.077717781066895,10.098959922790527,,,,,,,,,,,,,,,,,,,,,,,,,,,,,,,,,,,,,,,,
18,3594,,,,,,,,,,,,,,,,,,,,,,,,,,,,,,,,,,,,,,,,,0.4694770276546478,0.40127769112586975,0.6940832138061523,0.6132135391235352,0.5302979350090027,0.603640615940094,0.25517982244491577,0.504282534122467,0.1833018809556961,0.4400160014629364,7.532869338989258,4.697517395019531,10.52904987335205,7.2922587394714355,7.933622360229492,10.417953491210938,6.3334431648254395,7.964704990386963,4.37943172454834,8.247842788696289,,,,,,,,,,,9.39712142944336,7.012691974639893,12.003763198852539,10.885809898376465,10.419805526733398,12.591139793395996,8.265972137451172,8.375208854675293,4.9148101806640625,10.104886054992676,,,,,,,,,,,,,,,,,,,,,,,,,,,,,,,,,,,,,,,,
18,3599,,,,,,,,,,,,,,,,,,,,,,,,,,,,,,,,,,,,,,,,,0.3538837432861328,0.3065752387046814,0.4564085900783539,0.27486833930015564,0.2129221260547638,0.2753748297691345,0.1971382200717926,0.6579181551933289,0.45604968070983887,0.3476985692977905,6.649424076080322,4.999070167541504,8.057065963745117,5.951768398284912,5.5381388664245605,7.399446964263916,6.257514476776123,7.445358753204346,6.845019340515137,7.351429462432861,,,,,,,,,,,7.980550289154053,6.129581451416016,9.733938217163086,7.288149356842041,6.602524280548096,8.504288673400879,7.265344619750977,9.566314697265625,7.7522783279418945,8.982529640197754,,,,,,,,,,,,,,,,,,,,,,,,,,,,,,,,,,,,,,,,
18,3604,,,,,,,,,,,,,,,,,,,,,,,,,,,,,,,,,,,,,,,,,0.3023172616958618,0.2631327509880066,0.4992585778236389,0.589692234992981,0.3067125976085663,0.32281649112701416,0.17716756463050842,0.1957111656665802,0.291302889585495,0.07506074756383896,5.945919036865234,4.7635369300842285,8.885700225830078,9.315048217773438,6.333448886871338,6.714229583740234,5.32915735244751,3.9340524673461914,4.69033145904541,3.5477659702301025,,,,,,,,,,,7.348982334136963,5.6787109375,10.180624961853027,10.674993515014648,7.92438268661499,9.207754135131836,6.8875203132629395,5.217548847198486,6.195775985717773,4.1735310554504395,,,,,,,,,,,,,,,,,,,,,,,,,,,,,,,,,,,,,,,,
18,3609,,,,,,,,,,,,,,,,,,,,,,,,,,,,,,,,,,,,,,,,,0.41244810819625854,0.33563321828842163,0.1646280735731125,0.43193483352661133,0.7726024389266968,0.37095436453819275,0.5057865977287292,0.06556867063045502,0.7117926478385925,0.3531321883201599,6.743769645690918,4.518747329711914,4.9635138511657715,6.816449165344238,10.007946014404297,8.018245697021484,8.93576717376709,2.5469441413879395,7.21167516708374,7.6746344566345215,,,,,,,,,,,8.581998825073242,6.41349458694458,5.846064567565918,9.136167526245117,12.577017784118652,9.870429992675781,11.637359619140625,3.0200002193450928,9.685009002685547,9.052444458007812,,,,,,,,,,,,,,,,,,,,,,,,,,,,,,,,,,,,,,,,
18,3614,,,,,,,,,,,,,,,,,,,,,,,,,,,,,,,,,,,,,,,,,0.3614920675754547,0.39991697669029236,0.13859590888023376,0.12038664519786835,0.08032889664173126,0.8930936455726624,0.21194744110107422,0.09779378026723862,0.7165256142616272,0.5948397517204285,5.7633280754089355,5.093539714813232,4.810702800750732,3.4476311206817627,3.2199342250823975,10.74029541015625,5.936831474304199,3.1333518028259277,7.799710750579834,7.687952995300293,,,,,,,,,,,7.694031715393066,7.000792503356934,5.36397647857666,4.823297023773193,4.055417060852051,15.31525707244873,7.5332932472229,3.688199281692505,9.717155456542969,11.748899459838867,,,,,,,,,,,,,,,,,,,,,,,,,,,,,,,,,,,,,,,,
18,3619,,,,,,,,,,,,,,,,,,,,,,,,,,,,,,,,,,,,,,,,,0.4736281633377075,0.3548267185688019,0.1289023756980896,0.41011565923690796,1.2374423742294312,0.2663584351539612,0.3912723660469055,0.5521306395530701,0.23776519298553467,0.6838397979736328,7.578103065490723,5.198466777801514,3.893671751022339,7.849146366119385,13.33527660369873,7.605720043182373,8.530759811401367,6.866473197937012,4.969449520111084,9.953965187072754,,,,,,,,,,,9.127167701721191,6.594326496124268,5.1729960441589355,8.902420043945312,15.917034149169922,8.363905906677246,10.2355318069458,8.763540267944336,5.597543239593506,12.597210884094238,,,,,,,,,,,,,,,,,,,,,,,,,,,,,,,,,,,,,,,,
18,3624,,,,,,,,,,,,,,,,,,,,,,,,,,,,,,,,,,,,,,,,,0.5678742527961731,0.7958768606185913,0.3067098557949066,0.4374277591705322,0.6471900343894958,0.3749881684780121,0.18133269250392914,0.8204500675201416,0.6433299779891968,0.9035630226135254,8.012577056884766,7.466089725494385,6.559701442718506,6.945585250854492,10.611614227294922,8.723114967346191,5.702783584594727,7.66541051864624,7.3992600440979,11.039626121520996,,,,,,,,,,,9.980358123779297,9.876093864440918,7.97949743270874,9.194075584411621,11.511067390441895,9.923952102661133,6.968010902404785,10.682793617248535,9.207467079162598,14.48026180267334,,,,,,,,,,,,,,,,,,,,,,,,,,,,,,,,,,,,,,,,
18,3629,,,,,,,,,,,,,,,,,,,,,,,,,,,,,,,,,,,,,,,,,0.9061406254768372,0.5120717287063599,0.7523236870765686,1.4475986957550049,1.3099743127822876,0.7257618308067322,1.1078993082046509,0.78614741563797,0.5671674013137817,0.9463219046592712,8.753156661987305,6.36345911026001,7.53680944442749,9.455087661743164,10.095986366271973,9.69632625579834,11.229429244995117,6.971659183502197,6.347457408905029,11.082195281982422,,,,,,,,,,,13.16360092163086,7.921868801116943,12.497238159179688,16.725494384765625,16.376874923706055,13.806160926818848,17.223480224609375,10.457087516784668,8.64527702331543,14.818923950195312,,,,,,,,,,,,,,,,,,,,,,,,,,,,,,,,,,,,,,,,
18,3634,,,,,,,,,,,,,,,,,,,,,,,,,,,,,,,,,,,,,,,,,0.5981691479682922,1.0225390195846558,0.5209872126579285,0.32186612486839294,0.41978132724761963,0.438277006149292,0.302823930978775,1.1082220077514648,0.784523069858551,0.4645027816295624,7.335822105407715,8.0348482131958,8.31736946105957,6.876049041748047,6.8129658699035645,7.788296699523926,6.5916972160339355,7.671743869781494,6.730456352233887,7.198974609375,,,,,,,,,,,10.1611909866333,11.194437026977539,10.39980411529541,7.886649131774902,9.270671844482422,10.728775978088379,9.004630088806152,12.415725708007812,10.167780876159668,10.382246971130371,,,,,,,,,,,,,,,,,,,,,,,,,,,,,,,,,,,,,,,,
18,3639,,,,,,,,,,,,,,,,,,,,,,,,,,,,,,,,,,,,,,,,,0.34841421246528625,0.4558880627155304,0.5687188506126404,0.2474934309720993,0.25602659583091736,0.44006896018981934,0.5104681849479675,0.1557246595621109,0.34176191687583923,0.15957719087600708,6.352144718170166,6.109292984008789,7.929949760437012,5.846719741821289,5.957998275756836,8.861616134643555,9.034952163696289,4.168771743774414,4.306078910827637,4.953925132751465,,,,,,,,,,,8.04315185546875,7.474658966064453,10.865769386291504,6.915709018707275,7.240059852600098,10.750686645507812,11.691092491149902,4.654118061065674,6.710967540740967,6.08530855178833,,,,,,,,,,,,,,,,,,,,,,,,,,,,,,,,,,,,,,,,
18,3644,,,,,,,,,,,,,,,,,,,,,,,,,,,,,,,,,,,,,,,,,0.41061151027679443,0.4121684432029724,0.6666468381881714,0.39248186349868774,0.2626822292804718,0.2677636444568634,0.5373420715332031,0.10245811939239502,0.8917368054389954,0.16222354769706726,6.706682205200195,5.925764560699463,9.080528259277344,5.948211193084717,6.2498555183410645,6.758006572723389,9.636661529541016,3.324972629547119,8.73080825805664,4.705331802368164,,,,,,,,,,,8.449517250061035,7.107218265533447,11.76412296295166,8.708927154541016,7.33356237411499,8.38593864440918,11.994890213012695,3.775130033493042,10.840307235717773,6.13555908203125,,,,,,,,,,,,,,,,,,,,,,,,,,,,,,,,,,,,,,,,
18,3649,,,,,,,,,,,,,,,,,,,,,,,,,,,,,,,,,,,,,,,,,0.2684122323989868,0.18670086562633514,0.19662714004516602,0.32400834560394287,0.3750869333744049,0.3894762098789215,0.2834636867046356,0.13275912404060364,0.1672547310590744,0.3603329360485077,5.597548961639404,3.6284422874450684,5.218373775482178,5.737696170806885,6.677179336547852,8.478821754455566,7.115443706512451,3.1373519897460938,3.8912062644958496,6.4934258460998535,,,,,,,,,,,7.201183795928955,4.783385753631592,6.389007091522217,7.912850856781006,8.763258934020996,10.113846778869629,8.712032318115234,4.297252655029297,4.69474983215332,9.14427375793457,,,,,,,,,,,,,,,,,,,,,,,,,,,,,,,,,,,,,,,,
18,3654,,,,,,,,,,,,,,,,,,,,,,,,,,,,,,,,,,,,,,,,,0.47016429901123047,0.5928175449371338,0.4714330732822418,0.4878122806549072,0.187114879488945,0.720161497592926,0.48591431975364685,0.8677675127983093,0.28697654604911804,0.13148100674152374,7.179737567901611,6.158030986785889,8.6218900680542,9.201340675354004,5.069521903991699,9.311198234558105,8.443313598632812,9.65522289276123,3.901106119155884,4.256014347076416,,,,,,,,,,,9.12601375579834,8.523594856262207,9.892855644226074,9.709151268005371,6.189475059509277,13.752790451049805,11.406453132629395,10.986526489257812,6.149594783782959,5.523682117462158,,,,,,,,,,,,,,,,,,,,,,,,,,,,,,,,,,,,,,,,
18,3659,,,,,,,,,,,,,,,,,,,,,,,,,,,,,,,,,,,,,,,,,0.3696613907814026,0.31790903210639954,0.13791149854660034,0.2681187391281128,0.18111200630664825,0.3788168430328369,0.24161864817142487,1.1279548406600952,0.5203054547309875,0.15320540964603424,6.552482604980469,4.970388412475586,4.8938469886779785,6.158926486968994,5.5840606689453125,8.452116966247559,6.573789596557617,10.71075439453125,6.573056221008301,5.055403232574463,,,,,,,,,,,7.740739822387695,6.241855144500732,5.3507161140441895,7.1981096267700195,6.089383125305176,9.974485397338867,8.04333209991455,12.525774002075195,8.28042221069336,5.96258020401001,,,,,,,,,,,,,,,,,,,,,,,,,,,,,,,,,,,,,,,,
18,3664,,,,,,,,,,,,,,,,,,,,,,,,,,,,,,,,,,,,,,,,,0.2494257241487503,0.4077245891094208,0.30136844515800476,0.1532738208770752,0.23369815945625305,0.11988374590873718,0.2347889095544815,0.18258407711982727,0.3826715052127838,0.2288382649421692,5.298942565917969,5.594374179840088,6.1710381507873535,4.225692272186279,5.667971611022949,4.819223403930664,5.9048614501953125,3.3659586906433105,5.731673240661621,6.209686756134033,,,,,,,,,,,6.70067834854126,7.068800449371338,7.909709453582764,5.442380428314209,6.91715145111084,5.611203193664551,7.928839206695557,5.039531230926514,7.1012749671936035,7.287214279174805,,,,,,,,,,,,,,,,,,,,,,,,,,,,,,,,,,,,,,,,
18,3669,,,,,,,,,,,,,,,,,,,,,,,,,,,,,,,,,,,,,,,,,0.5817254185676575,0.3457663059234619,0.5826196670532227,0.367357075214386,0.5949932932853699,0.44538506865501404,0.3806106150150299,1.1154688596725464,1.220579743385315,0.18274879455566406,7.8766770362854,5.514735221862793,10.41775894165039,6.948276042938232,8.558255195617676,8.28518295288086,8.077437400817871,8.3840970993042,9.811378479003906,4.8929667472839355,,,,,,,,,,,9.94794750213623,6.509589672088623,10.997759819030762,8.425565719604492,11.037117958068848,10.81542682647705,10.095112800598145,12.456254959106445,12.682543754577637,6.512151718139648,,,,,,,,,,,,,,,,,,,,,,,,,,,,,,,,,,,,,,,,
18,3674,,,,,,,,,,,,,,,,,,,,,,,,,,,,,,,,,,,,,,,,,0.5745272040367126,1.1290884017944336,0.7186173796653748,0.27730605006217957,0.32823652029037476,0.8700456023216248,0.45288798213005066,0.3030979633331299,0.1934550702571869,0.8980098962783813,7.890650272369385,8.757195472717285,9.182499885559082,6.7948713302612305,6.669121742248535,11.06441593170166,9.221105575561523,5.585327625274658,4.0626702308654785,9.678643226623535,,,,,,,,,,,10.177958488464355,11.763219833374023,12.214072227478027,7.320395469665527,8.19771957397461,15.116348266601562,11.01200008392334,6.493072509765625,5.049091815948486,14.435697555541992,,,,,,,,,,,,,,,,,,,,,,,,,,,,,,,,,,,,,,,,
18,3679,,,,,,,,,,,,,,,,,,,,,,,,,,,,,,,,,,,,,,,,,0.2988276183605194,0.28687670826911926,0.20060575008392334,0.15713819861412048,0.5365521907806396,0.3011775612831116,0.4667228162288666,0.09906205534934998,0.3292045593261719,0.31210872530937195,5.833497047424316,4.412443161010742,3.9865810871124268,4.1187872886657715,8.778144836425781,6.9320244789123535,8.684332847595215,2.9581665992736816,5.070948600769043,7.560041427612305,,,,,,,,,,,7.472891807556152,5.929388523101807,6.453321933746338,5.510560989379883,10.481070518493652,8.89379596710205,11.178932189941406,3.7120378017425537,6.586523056030273,8.510403633117676,,,,,,,,,,,,,,,,,,,,,,,,,,,,,,,,,,,,,,,,
18,3684,,,,,,,,,,,,,,,,,,,,,,,,,,,,,,,,,,,,,,,,,0.7701106667518616,0.3767896890640259,0.9723421931266785,0.6070507764816284,0.6891258955001831,0.7124747037887573,0.6114172339439392,1.2207967042922974,1.5128015279769897,0.2281968742609024,8.87611198425293,4.427720069885254,12.214177131652832,7.311707019805908,9.763469696044922,10.320857048034668,9.572315216064453,9.937971115112305,10.145895957946777,6.190896987915039,,,,,,,,,,,11.62374210357666,6.79534912109375,14.207615852355957,10.830972671508789,11.878153800964355,13.679197311401367,12.7949800491333,13.031079292297363,14.119336128234863,7.276994228363037,,,,,,,,,,,,,,,,,,,,,,,,,,,,,,,,,,,,,,,,
18,3685,,,,,,,,,,,,,,,,,,,,,,,,,,,,,,,,,,,,,,,,,,,,,,,,,,,6.469978332519531,5.307340621948242,6.411544322967529,6.139866828918457,6.653115749359131,8.14833927154541,7.084982872009277,5.628036975860596,5.646270751953125,7.2103047370910645,0.5891844034194946,0.5845050811767578,0.6429905891418457,0.6598625183105469,0.5931422710418701,0.49781787395477295,0.5848341584205627,0.5998960137367249,0.5774877071380615,0.5621234178543091,8.546164512634277,6.952504634857178,8.477628707885742,8.075139999389648,8.94986343383789,10.81473159790039,9.501102447509766,7.37017822265625,7.37026834487915,9.404067993164062,0.5007896423339844,0.550517737865448,0.5851954817771912,0.3591674268245697,0.560491144657135,0.5911864638328552,0.41498833894729614,0.46478450298309326,0.47864052653312683,0.5021355748176575,7.28014612197876,5.645813941955566,7.9230828285217285,6.049412727355957,8.129899024963379,9.402312278747559,8.0835599899292,5.894211292266846,6.291771411895752,8.101250648498535,0.44166237115859985,0.4297841787338257,0.5186392068862915,0.5898571014404297,0.3195299506187439,0.46571779251098633,0.5723954439163208,0.24968862533569336,0.3175784945487976,0.5117706060409546,9.961715698242188,8.355720520019531,10.637035369873047,9.514177322387695,11.16091251373291,12.567262649536133,10.453842163085938,8.07552719116211,8.400444030761719,10.490516662597656
19,3689,,,,,,,,,,,,,,,,,,,,,,,,,,,,,,,,,,,,,,,,,0.5583689212799072,0.3850056529045105,0.29149115085601807,0.7616283297538757,1.0611811876296997,0.38735735416412354,0.3170650601387024,0.8659334182739258,0.7031575441360474,0.25250041484832764,7.439797401428223,4.714114189147949,6.027316093444824,8.878342628479004,10.477018356323242,7.1393022537231445,7.1899518966674805,8.889689445495605,7.291481971740723,6.350958347320557,,,,,,,,,,,9.897299766540527,6.869036674499512,7.779009819030762,12.13183307647705,14.73989486694336,10.086297035217285,9.213932037353516,10.974909782409668,9.626083374023438,7.6547017097473145,,,,,,,,,,,,,,,,,,,,,,,,,,,,,,,,,,,,,,,,
19,3694,,,,,,,,,,,,,,,,,,,,,,,,,,,,,,,,,,,,,,,,,0.3684598505496979,0.43657445907592773,0.16486191749572754,0.46881136298179626,0.269925057888031,0.39341625571250916,0.2842436730861664,0.751865804195404,0.36549046635627747,0.1809498369693756,6.321171283721924,4.3583807945251465,4.378054618835449,7.346195697784424,6.303915500640869,8.53695011138916,7.33331823348999,7.870408535003662,5.702189922332764,5.061126232147217,,,,,,,,,,,8.07249641418457,7.3146138191223145,5.850214958190918,9.518179893493652,7.4339776039123535,10.164874076843262,8.724010467529297,10.226544380187988,6.940029144287109,6.480018615722656,,,,,,,,,,,,,,,,,,,,,,,,,,,,,,,,,,,,,,,,
19,3699,,,,,,,,,,,,,,,,,,,,,,,,,,,,,,,,,,,,,,,,,0.31639420986175537,0.34940406680107117,0.33569133281707764,0.29205989837646484,0.24471281468868256,0.3620823621749878,0.34732288122177124,0.23445340991020203,0.25015294551849365,0.4316679835319519,6.413174152374268,5.773032188415527,7.133802890777588,6.790220260620117,5.68959903717041,8.053969383239746,7.284570693969727,4.841999530792236,4.581458568572998,7.569910049438477,,,,,,,,,,,7.815402507781982,6.543743133544922,8.347986221313477,7.51261043548584,7.078284740447998,9.75168228149414,9.643562316894531,5.710669040679932,5.741509437561035,10.008572578430176,,,,,,,,,,,,,,,,,,,,,,,,,,,,,,,,,,,,,,,,
19,3704,,,,,,,,,,,,,,,,,,,,,,,,,,,,,,,,,,,,,,,,,0.509165346622467,0.6713299751281738,0.273072749376297,0.7205623388290405,0.4449189007282257,0.8839702606201172,0.2849041521549225,0.9399763941764832,0.00855738203972578,0.3551959991455078,7.43959903717041,7.750394344329834,6.968231201171875,7.632020473480225,8.114920616149902,11.812698364257812,6.637878894805908,10.580007553100586,0.944725751876831,6.5155110359191895,,,,,,,,,,,9.276713371276855,9.070480346679688,7.529234409332275,11.8002347946167,9.544211387634277,15.236832618713379,8.73414134979248,11.434500694274902,1.061924934387207,9.078857421875,,,,,,,,,,,,,,,,,,,,,,,,,,,,,,,,,,,,,,,,
19,3709,,,,,,,,,,,,,,,,,,,,,,,,,,,,,,,,,,,,,,,,,0.25711119174957275,0.4258822798728943,0.3035557270050049,0.08492323011159897,0.10583223402500153,0.3464421033859253,0.3844941556453705,0.25129204988479614,0.18166176974773407,0.22991685569286346,5.3415207862854,5.982682228088379,5.444699764251709,4.008795738220215,3.394714117050171,6.766687393188477,7.437711238861084,5.182247161865234,3.885378360748291,5.970767021179199,,,,,,,,,,,6.85148286819458,7.224487781524658,7.938361644744873,4.051054954528809,4.654881477355957,9.538744926452637,10.14648723602295,5.9121856689453125,4.892773151397705,7.3043670654296875,,,,,,,,,,,,,,,,,,,,,,,,,,,,,,,,,,,,,,,,
19,3714,,,,,,,,,,,,,,,,,,,,,,,,,,,,,,,,,,,,,,,,,0.3628667891025543,0.4176914095878601,0.19836001098155975,0.5266573429107666,0.5106651186943054,0.19574755430221558,0.23421251773834229,0.3802277445793152,0.6161844730377197,0.18605485558509827,6.340836524963379,4.786674499511719,5.582542419433594,8.525782585144043,6.27772331237793,6.067209720611572,6.367096900939941,6.165152072906494,7.41259241104126,5.882750988006592,,,,,,,,,,,7.980971336364746,7.154676914215088,6.417098045349121,10.088322639465332,10.225104331970215,7.17008113861084,7.919100761413574,7.27244758605957,9.011117935180664,6.570791721343994,,,,,,,,,,,,,,,,,,,,,,,,,,,,,,,,,,,,,,,,
19,3719,,,,,,,,,,,,,,,,,,,,,,,,,,,,,,,,,,,,,,,,,0.20206749439239502,0.17264965176582336,0.11211057007312775,0.25403767824172974,0.2083313763141632,0.29080814123153687,0.1145428940653801,0.20365086197853088,0.16308662295341492,0.2993896007537842,4.898985862731934,4.051826000213623,4.042233943939209,5.458444118499756,5.127894401550293,6.694824695587158,4.5469818115234375,3.96012544631958,3.827699899673462,6.380846977233887,,,,,,,,,,,6.1702728271484375,4.599865436553955,4.824306488037109,7.006545543670654,6.530959129333496,8.739350318908691,5.53802490234375,5.322330474853516,4.63588285446167,8.335190773010254,,,,,,,,,,,,,,,,,,,,,,,,,,,,,,,,,,,,,,,,
19,3724,,,,,,,,,,,,,,,,,,,,,,,,,,,,,,,,,,,,,,,,,0.3234010338783264,0.3062431216239929,0.18951578438282013,0.30139628052711487,0.1551545113325119,0.18580985069274902,0.5898668766021729,0.427639901638031,0.6617147922515869,0.0932682454586029,5.726810932159424,4.05068302154541,4.954308986663818,5.781673908233643,4.732990741729736,5.7602057456970215,8.104267120361328,6.461633205413818,7.771671772003174,3.9238626956939697,,,,,,,,,,,7.435848712921143,6.126260280609131,6.272408962249756,7.631744861602783,5.636141300201416,6.9857048988342285,12.567468643188477,7.7125468254089355,9.338104248046875,4.652261257171631,,,,,,,,,,,,,,,,,,,,,,,,,,,,,,,,,,,,,,,,
19,3729,,,,,,,,,,,,,,,,,,,,,,,,,,,,,,,,,,,,,,,,,0.5226877927780151,0.6962701082229614,0.3113723695278168,0.14012940227985382,1.0757659673690796,0.753753125667572,0.29765045642852783,0.5898101329803467,0.44500046968460083,0.39443838596343994,7.32546329498291,7.317634105682373,6.162773132324219,4.547126770019531,10.320443153381348,10.676304817199707,6.865365982055664,8.038115501403809,4.459232330322266,7.5421671867370605,,,,,,,,,,,9.62243366241455,9.23742961883545,8.039918899536133,5.203787326812744,14.840842247009277,14.069880485534668,8.927380561828613,9.057634353637695,7.657791614532471,9.567243576049805,,,,,,,,,,,,,,,,,,,,,,,,,,,,,,,,,,,,,,,,
19,3734,,,,,,,,,,,,,,,,,,,,,,,,,,,,,,,,,,,,,,,,,0.38162341713905334,0.33474671840667725,0.29058000445365906,0.16391320526599884,0.6582416892051697,0.7132676243782043,0.45329058170318604,0.2172444760799408,0.35392436385154724,0.24940188229084015,6.638027191162109,4.9228901863098145,6.442598819732666,4.677827835083008,8.77001953125,10.554895401000977,8.070877075195312,4.8745951652526855,6.016462802886963,5.412078857421875,,,,,,,,,,,8.449625015258789,6.405019760131836,7.766842842102051,5.628100872039795,11.60893440246582,13.686806678771973,11.01689338684082,5.497093677520752,6.829337120056152,7.607589244842529,,,,,,,,,,,,,,,,,,,,,,,,,,,,,,,,,,,,,,,,
19,3739,,,,,,,,,,,,,,,,,,,,,,,,,,,,,,,,,,,,,,,,,0.5878583788871765,0.7002434730529785,0.753706693649292,0.647911548614502,0.3924468159675598,0.37423965334892273,0.5737024545669556,1.1039528846740723,0.45577487349510193,0.28874659538269043,7.58531379699707,6.3560638427734375,8.791017532348633,8.61181926727295,7.1551079750061035,7.9692792892456055,8.999881744384766,9.134188652038574,5.834752082824707,5.415716648101807,,,,,,,,,,,10.284591674804688,9.263750076293945,12.508720397949219,11.189553260803223,8.963756561279297,9.914041519165039,12.394075393676758,12.391788482666016,7.749942779541016,8.185696601867676,,,,,,,,,,,,,,,,,,,,,,,,,,,,,,,,,,,,,,,,
19,3744,,,,,,,,,,,,,,,,,,,,,,,,,,,,,,,,,,,,,,,,,0.2922631502151489,0.31858012080192566,0.1604316085577011,0.590687096118927,0.10778390616178513,0.303386926651001,0.1089254841208458,0.3631482720375061,0.1347072720527649,0.542717456817627,5.423572063446045,3.619619846343994,4.590208053588867,8.034695625305176,3.9872472286224365,7.24317741394043,4.556760787963867,4.5677900314331055,3.5930213928222656,8.61962890625,,,,,,,,,,,7.141205787658691,6.248440265655518,5.771073818206787,10.68399429321289,4.697606086730957,8.92635726928711,5.400519847869873,7.107236385345459,4.213265419006348,11.222357749938965,,,,,,,,,,,,,,,,,,,,,,,,,,,,,,,,,,,,,,,,
19,3749,,,,,,,,,,,,,,,,,,,,,,,,,,,,,,,,,,,,,,,,,0.271034836769104,0.2542186379432678,0.25596141815185547,0.3054508864879608,0.17922064661979675,0.5699488520622253,0.2287159264087677,0.3132021129131317,0.07813482731580734,0.2544601559638977,5.750128746032715,4.548707008361816,5.697615146636963,6.1255412101745605,5.010746479034424,10.089385986328125,6.105685710906982,5.5029120445251465,2.5406494140625,6.129915714263916,,,,,,,,,,,7.129504680633545,5.581693172454834,7.289520263671875,7.682906627655029,6.057503700256348,12.234713554382324,7.825624942779541,6.600411415100098,3.208822011947632,7.684349060058594,,,,,,,,,,,,,,,,,,,,,,,,,,,,,,,,,,,,,,,,
19,3754,,,,,,,,,,,,,,,,,,,,,,,,,,,,,,,,,,,,,,,,,0.7461764216423035,0.5047467947006226,0.44989728927612305,0.4446989595890045,0.33982256054878235,0.5457342267036438,0.4972214102745056,1.2468980550765991,1.7453898191452026,0.9411784410476685,8.58745002746582,6.012469291687012,6.974708557128906,7.86960506439209,6.75716495513916,9.379267692565918,7.726024150848389,9.674864768981934,10.727442741394043,12.165496826171875,,,,,,,,,,,11.30724048614502,7.865006446838379,9.664253234863281,9.270174980163574,8.341145515441895,11.971992492675781,11.538402557373047,13.169648170471191,15.165946960449219,14.778595924377441,,,,,,,,,,,,,,,,,,,,,,,,,,,,,,,,,,,,,,,,
19,3759,,,,,,,,,,,,,,,,,,,,,,,,,,,,,,,,,,,,,,,,,0.3156515657901764,0.19881445169448853,0.12936696410179138,0.14430664479732513,0.3812185227870941,0.5096641778945923,0.4071747064590454,0.1839405596256256,0.28550100326538086,0.6008772253990173,6.404691696166992,4.020199775695801,4.354004859924316,4.391794204711914,6.821934700012207,9.201001167297363,8.77237606048584,4.629845142364502,5.550644874572754,9.900421142578125,,,,,,,,,,,7.693912029266357,4.936126708984375,5.182309627532959,5.280779838562012,8.8345947265625,11.569588661193848,10.441459655761719,5.0582170486450195,6.13376522064209,11.80837345123291,,,,,,,,,,,,,,,,,,,,,,,,,,,,,,,,,,,,,,,,
19,3764,,,,,,,,,,,,,,,,,,,,,,,,,,,,,,,,,,,,,,,,,0.4726593792438507,0.14061219990253448,0.5115077495574951,0.5773398280143738,0.26162272691726685,1.0400853157043457,0.42532649636268616,0.3604353964328766,0.7233087420463562,0.21369600296020508,6.914942264556885,3.349191188812256,7.517430782318115,7.057873725891113,5.741440773010254,12.441328048706055,7.169100761413574,5.858642578125,7.39063024520874,5.708841323852539,,,,,,,,,,,9.269140243530273,4.151200771331787,10.304757118225098,10.562596321105957,7.318758010864258,16.52762222290039,10.671660423278809,7.080638885498047,9.763042449951172,7.041990280151367,,,,,,,,,,,,,,,,,,,,,,,,,,,,,,,,,,,,,,,,
19,3769,,,,,,,,,,,,,,,,,,,,,,,,,,,,,,,,,,,,,,,,,0.24200259149074554,0.24189801514148712,0.13617530465126038,0.17045308649539948,0.47482872009277344,0.05737532302737236,0.4681192636489868,0.17550420761108398,0.3246343731880188,0.1290348768234253,5.106392860412598,4.396263122558594,4.560042381286621,4.7591962814331055,6.951030731201172,3.1482574939727783,8.457815170288086,4.482150077819824,5.6563262939453125,3.5464541912078857,,,,,,,,,,,6.487980365753174,5.444756507873535,5.316928386688232,5.739278793334961,9.859801292419434,3.8818471431732178,11.195643424987793,4.940859317779541,6.540644645690918,5.47205924987793,,,,,,,,,,,,,,,,,,,,,,,,,,,,,,,,,,,,,,,,
19,3774,,,,,,,,,,,,,,,,,,,,,,,,,,,,,,,,,,,,,,,,,0.32317301630973816,0.23664192855358124,0.21143217384815216,0.24410638213157654,0.835236668586731,0.38141685724258423,0.28587794303894043,0.23149441182613373,0.12000740319490433,0.36234337091445923,6.022360801696777,4.41540002822876,5.833485126495361,5.810497283935547,8.455408096313477,7.474879741668701,6.966760635375977,4.214740753173828,3.2744359970092773,7.755640983581543,,,,,,,,,,,7.7260308265686035,5.38527774810791,6.625172138214111,6.868223667144775,13.076888084411621,10.008655548095703,8.749053955078125,5.6745171546936035,3.976740598678589,9.169747352600098,,,,,,,,,,,,,,,,,,,,,,,,,,,,,,,,,,,,,,,,
19,3779,,,,,,,,,,,,,,,,,,,,,,,,,,,,,,,,,,,,,,,,,0.42928245663642883,0.5517709851264954,0.08387301862239838,0.3432581126689911,0.19499410688877106,0.30134591460227966,0.42336970567703247,0.1587660312652588,1.432457447052002,0.3737066388130188,5.983773231506348,5.553723335266113,3.871950149536133,4.756645202636719,5.274652481079102,6.886330604553223,8.233963966369629,3.2586851119995117,9.117182731628418,6.900824546813965,,,,,,,,,,,8.239261627197266,8.22321605682373,4.172753810882568,8.144516944885254,6.318447589874268,8.896281242370605,10.64708423614502,4.699347019195557,13.739285469055176,9.312421798706055,,,,,,,,,,,,,,,,,,,,,,,,,,,,,,,,,,,,,,,,
19,3784,,,,,,,,,,,,,,,,,,,,,,,,,,,,,,,,,,,,,,,,,0.2834203243255615,0.2510473132133484,0.1157320886850357,0.2265501469373703,0.293587863445282,0.4260852038860321,0.37271592020988464,0.41411837935447693,0.206091046333313,0.2448548674583435,5.713951110839844,4.43859338760376,4.141730785369873,5.805844783782959,5.551753044128418,8.44576358795166,6.536999225616455,6.09535551071167,4.674501895904541,5.735016345977783,,,,,,,,,,,7.3028106689453125,5.546768665313721,4.901607036590576,6.616633415222168,7.752980709075928,10.578499794006348,9.9898681640625,7.589636325836182,5.211381912231445,7.537920951843262,,,,,,,,,,,,,,,,,,,,,,,,,,,,,,,,,,,,,,,,
19,3789,,,,,,,,,,,,,,,,,,,,,,,,,,,,,,,,,,,,,,,,,0.2509918510913849,0.3683111369609833,0.4061874747276306,0.16803769767284393,0.17695416510105133,0.1902630776166916,0.12252560257911682,0.09903737902641296,0.42850419878959656,0.2991058826446533,5.408542156219482,5.1866888999938965,7.284090518951416,4.926727294921875,5.20766019821167,5.161793231964111,4.8676371574401855,2.8169901371002197,6.23364782333374,6.991641998291016,,,,,,,,,,,6.663645267486572,6.718459606170654,9.182796478271484,5.698470115661621,6.019078254699707,7.068921089172363,5.727751731872559,3.711575746536255,7.51451301574707,8.3312406539917,,,,,,,,,,,,,,,,,,,,,,,,,,,,,,,,,,,,,,,,
19,3794,,,,,,,,,,,,,,,,,,,,,,,,,,,,,,,,,,,,,,,,,0.4380236566066742,0.37342777848243713,0.21105539798736572,0.13333462178707123,0.8374051451683044,1.1138584613800049,0.6727844476699829,0.01581532135605812,0.30691319704055786,0.2776184678077698,6.511735916137695,4.845354080200195,5.62697172164917,4.96515417098999,8.61453628540039,9.991852760314941,10.622943878173828,1.4039130210876465,5.332494258880615,7.202402114868164,,,,,,,,,,,8.660982131958008,6.764966011047363,6.619266986846924,5.07605504989624,13.093853950500488,17.103731155395508,13.421738624572754,1.4831933975219727,6.359618663787842,8.026411056518555,,,,,,,,,,,,,,,,,,,,,,,,,,,,,,,,,,,,,,,,
19,3799,,,,,,,,,,,,,,,,,,,,,,,,,,,,,,,,,,,,,,,,,0.32907480001449585,0.2571697533130646,0.43979376554489136,0.3761451840400696,0.14890721440315247,0.3716365396976471,0.34941932559013367,0.6308918595314026,0.16181853413581848,0.2258911430835724,6.06697416305542,4.257521152496338,7.491630554199219,5.90839147567749,4.481074333190918,7.549797058105469,7.258337020874023,7.1524152755737305,4.599134922027588,5.904469013214111,,,,,,,,,,,7.77713680267334,5.613997936248779,9.555121421813965,8.525751113891602,5.521505355834961,9.879502296447754,9.672623634338379,9.367769241333008,4.617824554443359,7.240137100219727,,,,,,,,,,,,,,,,,,,,,,,,,,,,,,,,,,,,,,,,
19,3804,,,,,,,,,,,,,,,,,,,,,,,,,,,,,,,,,,,,,,,,,0.4748539924621582,0.6831306219100952,0.09524770081043243,0.2059888392686844,0.37603989243507385,0.453775018453598,0.6945396661758423,0.9309426546096802,0.3676190972328186,0.46640247106552124,7.665718078613281,7.02272367477417,3.5555763244628906,5.376036167144775,7.386137008666992,8.493000984191895,11.226893424987793,10.980897903442383,6.773171901702881,8.177024841308594,,,,,,,,,,,9.108566284179688,9.149852752685547,4.446710586547852,6.309235095977783,8.774382591247559,10.91681957244873,13.637014389038086,11.379422187805176,6.960209369659424,10.40345573425293,,,,,,,,,,,,,,,,,,,,,,,,,,,,,,,,,,,,,,,,
19,3809,,,,,,,,,,,,,,,,,,,,,,,,,,,,,,,,,,,,,,,,,0.20487578213214874,0.3371574878692627,0.14800302684307098,0.23272626101970673,0.1193917989730835,0.180719792842865,0.17998270690441132,0.1906897872686386,0.23916059732437134,0.21605052053928375,4.951034069061279,4.670441627502441,4.472356796264648,5.228315353393555,4.2135210037231445,4.986943244934082,5.681448936462402,4.800843238830566,4.74107551574707,5.764359474182129,,,,,,,,,,,6.144174098968506,6.428040981292725,5.543026924133301,6.706216812133789,4.944096088409424,6.88935661315918,6.942025184631348,5.150180339813232,5.613944053649902,7.080678462982178,,,,,,,,,,,,,,,,,,,,,,,,,,,,,,,,,,,,,,,,
19,3814,,,,,,,,,,,,,,,,,,,,,,,,,,,,,,,,,,,,,,,,,0.2728411853313446,0.18478642404079437,0.20476864278316498,0.09460896253585815,0.4680594205856323,0.32534098625183105,0.09012016654014587,0.7291461229324341,0.09760914742946625,0.2611309885978699,5.530941009521484,4.018375396728516,5.595663547515869,3.6305456161499023,7.354437828063965,8.223639488220215,3.8295466899871826,7.051350116729736,3.0717012882232666,7.003210544586182,,,,,,,,,,,6.77128267288208,4.758798599243164,6.519937515258789,4.27583646774292,9.789265632629395,9.243687629699707,4.912264823913574,10.070847511291504,3.5864810943603516,7.784422874450684,,,,,,,,,,,,,,,,,,,,,,,,,,,,,,,,,,,,,,,,
19,3819,,,,,,,,,,,,,,,,,,,,,,,,,,,,,,,,,,,,,,,,,0.5524260401725769,0.6459397077560425,0.34608110785484314,0.7609347105026245,0.3644322156906128,0.5005708932876587,0.41759535670280457,0.7033056020736694,0.8213351964950562,0.41163933277130127,7.780932903289795,5.900946617126465,6.58214807510376,9.205900192260742,6.571505069732666,9.376687049865723,8.300878524780273,7.773680686950684,8.571598052978516,7.7450480461120605,,,,,,,,,,,10.027316093444824,8.897300720214844,8.476187705993652,12.126307487487793,8.637897491455078,11.465913772583008,10.574226379394531,9.890785217285156,10.403596878051758,9.773624420166016,,,,,,,,,,,,,,,,,,,,,,,,,,,,,,,,,,,,,,,,
19,3824,,,,,,,,,,,,,,,,,,,,,,,,,,,,,,,,,,,,,,,,,0.35590994358062744,0.29350703954696655,0.4994688034057617,0.16713015735149384,0.3963004946708679,0.2871865928173065,0.4917137324810028,0.4027390480041504,0.32797473669052124,0.33716893196105957,6.535899639129639,5.117698669433594,8.193853378295898,4.653741836547852,7.0315165519714355,5.9357590675354,8.514351844787598,6.1759514808654785,5.254552841186523,7.945671558380127,,,,,,,,,,,8.214933395385742,5.9975175857543945,10.182767868041992,5.683060646057129,9.007659912109375,8.684762001037598,11.474320411682129,7.4846343994140625,6.5742082595825195,8.845471382141113,,,,,,,,,,,,,,,,,,,,,,,,,,,,,,,,,,,,,,,,
19,3829,,,,,,,,,,,,,,,,,,,,,,,,,,,,,,,,,,,,,,,,,0.35573434829711914,0.30549508333206177,0.25644469261169434,0.35812637209892273,0.4589191973209381,0.5900536775588989,0.3434315025806427,0.3278885781764984,0.13786184787750244,0.4233880937099457,6.7428717613220215,5.094844818115234,6.396059036254883,6.904134750366211,6.909346580505371,9.74062728881836,7.953907489776611,6.578892230987549,3.1688168048858643,7.939215183258057,,,,,,,,,,,8.265918731689453,6.118773937225342,7.296398162841797,8.319036483764648,9.69321346282959,12.448631286621094,9.589386940002441,6.753390312194824,4.262312889099121,9.912118911743164,,,,,,,,,,,,,,,,,,,,,,,,,,,,,,,,,,,,,,,,
19,3834,,,,,,,,,,,,,,,,,,,,,,,,,,,,,,,,,,,,,,,,,0.487109512090683,0.6675840616226196,0.3417026698589325,0.10064508765935898,0.21928533911705017,0.4321930408477783,0.19532634317874908,0.4695684313774109,1.5251507759094238,0.43252959847450256,7.079888343811035,6.46469259262085,6.133923530578613,2.6905293464660645,5.650988578796387,8.839056968688965,5.5691609382629395,6.590083599090576,13.346733093261719,8.43382740020752,,,,,,,,,,,8.749028205871582,9.04513931274414,8.42240047454834,4.410128116607666,6.700457572937012,10.65404987335205,7.231879711151123,8.08180046081543,14.176846504211426,10.018555641174316,,,,,,,,,,,,,,,,,,,,,,,,,,,,,,,,,,,,,,,,
19,3839,,,,,,,,,,,,,,,,,,,,,,,,,,,,,,,,,,,,,,,,,0.3704560101032257,0.29542478919029236,0.1029343381524086,0.1250838339328766,0.3241198658943176,1.1966861486434937,0.5981003046035767,0.22659888863563538,0.1334901750087738,0.33166563510894775,6.394201755523682,4.862114429473877,3.9394123554229736,4.739235877990723,6.1304192543029785,12.908215522766113,9.463750839233398,4.844231128692627,3.5934276580810547,7.067007064819336,,,,,,,,,,,8.074098587036133,6.0170793533325195,4.6226582527160645,4.9164934158325195,8.146150588989258,17.728256225585938,12.65487289428711,5.61419677734375,4.194188117980957,8.772985458374023,,,,,,,,,,,,,,,,,,,,,,,,,,,,,,,,,,,,,,,,
19,3844,,,,,,,,,,,,,,,,,,,,,,,,,,,,,,,,,,,,,,,,,0.5423083901405334,0.7858816385269165,0.21474285423755646,0.15711623430252075,0.6657962799072266,0.507465660572052,0.6816627979278564,1.0325524806976318,0.10099219530820847,0.7345650792121887,7.220804691314697,8.156970977783203,5.19726037979126,4.562347412109375,8.420966148376465,9.750001907348633,8.606863975524902,7.341689109802246,3.15240740776062,9.798736572265625,,,,,,,,,,,9.713266372680664,9.813881874084473,6.676840782165527,5.5101752281188965,11.675360679626465,11.544608116149902,13.51000690460205,11.984358787536621,3.6481034755706787,13.056065559387207,,,,,,,,,,,,,,,,,,,,,,,,,,,,,,,,,,,,,,,,
19,3849,,,,,,,,,,,,,,,,,,,,,,,,,,,,,,,,,,,,,,,,,0.2842467129230499,0.531711757183075,0.19025106728076935,0.1279953271150589,0.3247213363647461,0.25313475728034973,0.10544468462467194,0.2821935713291168,0.2045934647321701,0.538174569606781,5.587607383728027,6.605676174163818,4.873093605041504,4.587687969207764,5.082205772399902,6.333817481994629,3.845769166946411,4.820350170135498,4.40071964263916,9.73914909362793,,,,,,,,,,,7.064894676208496,8.072358131408691,6.284564971923828,4.97338342666626,8.153706550598145,8.153643608093262,5.313529968261719,6.265161514282227,5.19241189956665,11.17529010772705,,,,,,,,,,,,,,,,,,,,,,,,,,,,,,,,,,,,,,,,
19,3854,,,,,,,,,,,,,,,,,,,,,,,,,,,,,,,,,,,,,,,,,0.3833397924900055,0.7741422653198242,0.682759165763855,0.2796472907066345,0.3531750440597534,0.13523845374584198,0.31681185960769653,0.11956322193145752,0.4493573307991028,0.3393634855747223,6.335801124572754,7.518320560455322,7.482332706451416,5.985706329345703,7.205430030822754,4.475802898406982,7.569930076599121,3.3982324600219727,5.901210784912109,7.485245704650879,,,,,,,,,,,8.146431922912598,9.740307807922363,11.905439376831055,7.351232528686523,8.503439903259277,5.959721565246582,9.210251808166504,4.078096866607666,7.695187568664551,8.874211311340332,,,,,,,,,,,,,,,,,,,,,,,,,,,,,,,,,,,,,,,,
19,3859,,,,,,,,,,,,,,,,,,,,,,,,,,,,,,,,,,,,,,,,,0.3296920657157898,0.2620577812194824,0.2774547338485718,0.22573082149028778,0.1500263214111328,0.33890795707702637,0.10597550868988037,0.7727659344673157,0.47861528396606445,0.3556942343711853,5.962794780731201,4.523543357849121,4.655375957489014,5.127826690673828,4.395286560058594,7.170171737670898,4.436506271362305,8.708986282348633,7.503108024597168,7.144349575042725,,,,,,,,,,,7.506600379943848,5.6670989990234375,7.589404582977295,6.604658126831055,5.542215347290039,9.434453010559082,5.326887607574463,10.367706298828125,7.941756248474121,9.085224151611328,,,,,,,,,,,,,,,,,,,,,,,,,,,,,,,,,,,,,,,,
19,3864,,,,,,,,,,,,,,,,,,,,,,,,,,,,,,,,,,,,,,,,,0.3037993013858795,0.32352668046951294,0.2814842760562897,0.11074703931808472,0.5667904019355774,0.3371904492378235,0.2781766951084137,0.16660217940807343,0.39002054929733276,0.279655396938324,5.882854461669922,4.790982723236084,5.826841831207275,3.9246206283569336,8.960756301879883,7.23683500289917,6.216386795043945,4.316374778747559,5.179800033569336,6.493091106414795,,,,,,,,,,,7.4910430908203125,6.296762466430664,7.644318103790283,4.626163482666016,10.772360801696777,9.410516738891602,8.630404472351074,4.8139214515686035,7.169139385223389,8.055801391601562,,,,,,,,,,,,,,,,,,,,,,,,,,,,,,,,,,,,,,,,
19,3869,,,,,,,,,,,,,,,,,,,,,,,,,,,,,,,,,,,,,,,,,0.2756357789039612,0.29093894362449646,0.12146361172199249,0.24418573081493378,0.2499745488166809,0.6608201861381531,0.13348405063152313,0.09827523678541183,0.427846223115921,0.2537335157394409,5.414236545562744,4.902011394500732,3.699856758117676,5.472733020782471,6.466836929321289,7.64870548248291,4.857560634613037,3.183603048324585,5.995010852813721,6.501807689666748,,,,,,,,,,,7.005314826965332,5.971221923828125,5.021514892578125,6.869340419769287,7.153976917266846,13.173995971679688,5.978407382965088,3.6972665786743164,7.5087409019470215,7.673369407653809,,,,,,,,,,,,,,,,,,,,,,,,,,,,,,,,,,,,,,,,
19,3874,,,,,,,,,,,,,,,,,,,,,,,,,,,,,,,,,,,,,,,,,0.27814391255378723,0.3011722266674042,0.3851420283317566,0.12516790628433228,0.3631051778793335,0.3450797200202942,0.2544988691806793,0.25029271841049194,0.2833912968635559,0.19544517993927002,5.635095596313477,4.270288944244385,6.649179935455322,4.07177734375,7.162783145904541,7.126870632171631,6.242194175720215,5.207637310028076,4.757080078125,5.2280473709106445,,,,,,,,,,,7.2309250831604,6.0753278732299805,8.941742897033691,4.918145656585693,8.62215518951416,9.519969940185547,8.254936218261719,5.900418758392334,6.11106014251709,6.734567165374756,,,,,,,,,,,,,,,,,,,,,,,,,,,,,,,,,,,,,,,,
19,3879,,,,,,,,,,,,,,,,,,,,,,,,,,,,,,,,,,,,,,,,,0.2763351798057556,0.17398740351200104,0.2360018491744995,0.06279295682907104,0.11793145537376404,0.46706175804138184,0.1130712702870369,0.3241064250469208,0.6768665313720703,0.31519708037376404,5.375646114349365,3.305938720703125,5.664609909057617,2.3106942176818848,4.067387580871582,8.864056587219238,4.907094478607178,5.494143009185791,6.97835636138916,6.7885355949401855,,,,,,,,,,,6.81148624420166,4.617651462554932,6.999537467956543,3.4834563732147217,4.913765907287598,11.075491905212402,5.502333641052246,6.714327812194824,9.444409370422363,8.552406311035156,,,,,,,,,,,,,,,,,,,,,,,,,,,,,,,,,,,,,,,,
19,3879,,,,,,,,,,,,,,,,,,,,,,,,,,,,,,,,,,,,,,,,,,,,,,,,,,,6.430240631103516,5.19770622253418,6.3359599113464355,6.151101589202881,6.685453414916992,8.097853660583496,7.070336818695068,5.529181957244873,5.599023818969727,7.205549240112305,0.5954203009605408,0.5969215035438538,0.6530493497848511,0.6581094264984131,0.5968227982521057,0.4999520778656006,0.5833351612091064,0.615636944770813,0.5894062519073486,0.5655490159988403,8.486320495605469,6.847835540771484,8.357346534729004,8.095924377441406,8.909290313720703,10.791727066040039,9.518237113952637,7.223744869232178,7.265571594238281,9.367210388183594,0.5188797116279602,0.5920763611793518,0.5706095695495605,0.3506701588630676,0.5196326375007629,0.595474362373352,0.44671639800071716,0.5102381706237793,0.5633761882781982,0.5211238861083984,7.286371231079102,5.888515949249268,7.681987762451172,5.743865013122559,7.853472709655762,9.2733793258667,8.238020896911621,6.036319732666016,6.6689958572387695,8.19278335571289,0.41665613651275635,0.37898093461990356,0.5212374329566956,0.6167960166931152,0.3654937744140625,0.4612079858779907,0.5402949452400208,0.17197471857070923,0.2000429630279541,0.4938763976097107,10.113446235656738,8.72000503540039,10.60828971862793,9.196415901184082,10.77737808227539,12.62019157409668,10.839129447937012,8.483438491821289,9.095137596130371,10.681031227111816
20,3884,,,,,,,,,,,,,,,,,,,,,,,,,,,,,,,,,,,,,,,,,0.33335795998573303,0.3305998742580414,0.39388588070869446,0.3544992506504059,0.23570585250854492,0.45653992891311646,0.2998262643814087,0.3383699655532837,0.3525230884552002,0.23827171325683594,6.29600715637207,4.9971489906311035,7.249972820281982,6.000678062438965,5.549225807189941,7.455849647521973,7.709064483642578,6.4031982421875,5.663381576538086,5.635542869567871,,,,,,,,,,,7.961517333984375,6.365223407745361,9.042673110961914,8.276802062988281,6.94680118560791,10.950028419494629,8.95995044708252,6.8604817390441895,6.815803527832031,7.4358978271484375,,,,,,,,,,,,,,,,,,,,,,,,,,,,,,,,,,,,,,,,
20,3889,,,,,,,,,,,,,,,,,,,,,,,,,,,,,,,,,,,,,,,,,0.31472933292388916,0.19711364805698395,0.38894951343536377,0.30658161640167236,0.49639517068862915,0.4176076054573059,0.3267889618873596,0.19071578979492188,0.04240861535072327,0.466002881526947,5.852893352508545,4.1119914054870605,8.00208568572998,5.192605495452881,7.077812671661377,6.6830596923828125,7.743732452392578,4.033659934997559,2.2110533714294434,7.620041847229004,,,,,,,,,,,7.71328592300415,4.9149675369262695,8.985831260681152,7.697114944458008,10.08122730255127,10.472733497619629,9.354153633117676,5.150531768798828,2.3640151023864746,10.398998260498047,,,,,,,,,,,,,,,,,,,,,,,,,,,,,,,,,,,,,,,,
20,3894,,,,,,,,,,,,,,,,,,,,,,,,,,,,,,,,,,,,,,,,,0.38697099685668945,0.4522317051887512,0.14569170773029327,0.4936961233615875,0.30325010418891907,0.2140571027994156,0.24298568069934845,0.7389322519302368,0.44568952918052673,0.4462048411369324,6.598818302154541,5.8946614265441895,4.076868057250977,7.279545307159424,6.500199794769287,6.792283058166504,5.64630651473999,8.839530944824219,6.426594257354736,7.93337345123291,,,,,,,,,,,8.236983299255371,7.444624423980713,5.499574184417725,9.767529487609863,7.879526615142822,7.497917652130127,8.066054344177246,10.138204574584961,7.663717746734619,10.175701141357422,,,,,,,,,,,,,,,,,,,,,,,,,,,,,,,,,,,,,,,,
20,3899,,,,,,,,,,,,,,,,,,,,,,,,,,,,,,,,,,,,,,,,,0.45711979269981384,0.38870885968208313,0.4477187395095825,0.15665946900844574,0.5440640449523926,0.3913463354110718,0.4492713510990143,0.8421074151992798,0.6557652354240417,0.23843683302402496,7.596646785736084,5.91007661819458,8.043608665466309,5.2847442626953125,8.4865083694458,7.936255931854248,9.18720531463623,9.93957805633545,7.848690509796143,5.733147621154785,,,,,,,,,,,9.0291748046875,6.9019927978515625,9.640827178955078,5.50216007232666,10.554183959960938,10.13809871673584,10.967942237854004,10.822870254516602,9.296029090881348,7.438473701477051,,,,,,,,,,,,,,,,,,,,,,,,,,,,,,,,,,,,,,,,
20,3904,,,,,,,,,,,,,,,,,,,,,,,,,,,,,,,,,,,,,,,,,0.3748515844345093,0.39901891350746155,0.009722873568534851,0.29530709981918335,1.090391993522644,0.339910089969635,0.1957474797964096,0.4238184690475464,0.32696133852005005,0.29278600215911865,5.828573703765869,5.250483512878418,1.2836157083511353,5.972797870635986,10.818267822265625,6.9354095458984375,5.8518805503845215,5.344149112701416,4.435977935791016,6.5645751953125,,,,,,,,,,,7.78690767288208,6.992927074432373,1.4207215309143066,7.554258346557617,14.941390037536621,9.44839096069336,7.239672660827637,7.678009510040283,6.56404447555542,8.242754936218262,,,,,,,,,,,,,,,,,,,,,,,,,,,,,,,,,,,,,,,,
20,3909,,,,,,,,,,,,,,,,,,,,,,,,,,,,,,,,,,,,,,,,,0.2591857314109802,0.4227328300476074,0.22057946026325226,0.17062054574489594,0.19060878455638885,0.5756839513778687,0.2681087255477905,0.16461944580078125,0.15326392650604248,0.16645392775535583,5.552912712097168,5.593561172485352,5.207119941711426,4.2286248207092285,5.481891632080078,10.43914794921875,6.420067310333252,3.9753341674804688,3.777104139328003,4.85336446762085,,,,,,,,,,,6.913003444671631,7.19772481918335,6.766969680786133,5.742097854614258,6.2469940185546875,12.296113967895508,8.472786903381348,4.785190582275391,4.494105815887451,6.215044021606445,,,,,,,,,,,,,,,,,,,,,,,,,,,,,,,,,,,,,,,,
20,3914,,,,,,,,,,,,,,,,,,,,,,,,,,,,,,,,,,,,,,,,,0.3391494154930115,0.3188767433166504,0.3084042966365814,0.31134694814682007,0.31519460678100586,0.5819429755210876,0.5572441816329956,0.24388816952705383,0.20333771407604218,0.21210920810699463,5.984877586364746,4.074774742126465,6.047018051147461,5.637034893035889,5.899235725402832,8.95472240447998,8.976455688476562,4.740324020385742,3.7964119911193848,5.737921714782715,,,,,,,,,,,8.070804595947266,6.25134801864624,8.001507759094238,7.7567033767700195,8.033207893371582,12.362777709960938,12.21500301361084,5.82443904876709,5.17645263671875,7.015796184539795,,,,,,,,,,,,,,,,,,,,,,,,,,,,,,,,,,,,,,,,
20,3919,,,,,,,,,,,,,,,,,,,,,,,,,,,,,,,,,,,,,,,,,0.31955647468566895,0.2670500874519348,0.32343846559524536,0.1704879254102707,0.29518449306488037,0.37075769901275635,0.11737053841352463,0.5769431591033936,0.5227372646331787,0.2320386916399002,5.831862449645996,4.630319595336914,6.481790542602539,4.7852091789245605,6.653253078460693,6.866725444793701,3.9341137409210205,6.257972717285156,6.822585582733154,6.0547919273376465,,,,,,,,,,,7.499861717224121,5.720824718475342,8.194217681884766,5.739864826202393,7.774034023284912,9.867814064025879,5.605964660644531,8.958292007446289,8.299751281738281,7.337994575500488,,,,,,,,,,,,,,,,,,,,,,,,,,,,,,,,,,,,,,,,
20,3924,,,,,,,,,,,,,,,,,,,,,,,,,,,,,,,,,,,,,,,,,0.457746297121048,0.3198947310447693,0.5108487606048584,0.548367440700531,0.9428510069847107,0.6336037516593933,0.3454264998435974,0.12335941195487976,0.48442262411117554,0.21094228327274323,7.85378360748291,5.249205112457275,8.37791633605957,8.72232723236084,12.19650936126709,10.991679191589355,8.254170417785645,3.728020429611206,7.519673824310303,5.6445488929748535,,,,,,,,,,,9.15478229522705,6.261319160461426,10.298117637634277,10.294156074523926,13.893804550170898,12.899853706359863,9.617198944091797,4.142331600189209,7.9897918701171875,6.9964704513549805,,,,,,,,,,,,,,,,,,,,,,,,,,,,,,,,,,,,,,,,
20,3929,,,,,,,,,,,,,,,,,,,,,,,,,,,,,,,,,,,,,,,,,0.1791764348745346,0.25077328085899353,0.13194887340068817,0.14151239395141602,0.3216921389102936,0.22921137511730194,0.15984754264354706,0.05501599237322807,0.10161476582288742,0.2209714651107788,4.414814472198486,3.743718385696411,4.429892063140869,4.317731857299805,5.384113788604736,5.123263835906982,4.6929426193237305,2.3798322677612305,3.6309661865234375,6.030869483947754,,,,,,,,,,,5.778889179229736,5.543740749359131,5.233768463134766,5.229403018951416,8.115585327148438,7.7587890625,6.542199611663818,2.766324758529663,3.6593308448791504,7.160861968994141,,,,,,,,,,,,,,,,,,,,,,,,,,,,,,,,,,,,,,,,
20,3934,,,,,,,,,,,,,,,,,,,,,,,,,,,,,,,,,,,,,,,,,0.40395477414131165,0.5990090370178223,0.36378204822540283,0.5923768877983093,0.2917977571487427,0.47943300008773804,0.45094966888427734,0.23236338794231415,0.216901957988739,0.4089791774749756,6.785123348236084,6.550833702087402,5.929070472717285,8.684340476989746,5.791578769683838,9.091160774230957,8.980422973632812,4.036957740783691,3.972764253616333,8.028982162475586,,,,,,,,,,,8.741101264953613,8.567991256713867,8.6902494430542,10.699264526367188,7.729308128356934,11.221213340759277,10.988409042358398,5.685158729553223,5.346321105957031,9.74199390411377,,,,,,,,,,,,,,,,,,,,,,,,,,,,,,,,,,,,,,,,
20,3939,,,,,,,,,,,,,,,,,,,,,,,,,,,,,,,,,,,,,,,,,0.38367000222206116,0.44758525490760803,0.3596104085445404,0.27612167596817017,0.20985518395900726,0.42658576369285583,0.6017645001411438,0.31119057536125183,0.3957778811454773,0.42453882098197937,6.917225360870361,5.344179630279541,6.608358383178711,5.743240833282471,6.0645575523376465,8.836901664733887,9.192649841308594,5.902501583099365,6.660262584686279,7.902371406555176,,,,,,,,,,,8.545669555664062,7.406280517578125,8.640279769897461,7.304746150970459,6.554800510406494,10.584712028503418,12.693577766418457,6.5791826248168945,7.221859455108643,9.925580024719238,,,,,,,,,,,,,,,,,,,,,,,,,,,,,,,,,,,,,,,,
20,3944,,,,,,,,,,,,,,,,,,,,,,,,,,,,,,,,,,,,,,,,,0.23970068991184235,0.27552223205566406,0.20673874020576477,0.1185634434223175,0.2503035366535187,0.3341276943683624,0.35773131251335144,0.12210863083600998,0.3771307170391083,0.11507982760667801,5.475708961486816,4.015468597412109,5.335875034332275,4.46633768081665,5.882894515991211,7.81166934967041,7.140275001525879,4.121277809143066,5.8148674964904785,4.692716598510742,,,,,,,,,,,6.64452600479126,5.810862064361572,6.551226615905762,4.786635398864746,7.1586833000183105,9.367680549621582,9.786993026733398,4.121277809143066,7.04967737197876,5.167694091796875,,,,,,,,,,,,,,,,,,,,,,,,,,,,,,,,,,,,,,,,
20,3949,,,,,,,,,,,,,,,,,,,,,,,,,,,,,,,,,,,,,,,,,0.2147386074066162,0.4357578754425049,0.09191431105136871,0.0836460292339325,0.2282453030347824,0.32934150099754333,0.24780967831611633,0.08390974998474121,0.1035194918513298,0.32850342988967896,4.876455783843994,5.454206943511963,3.1406373977661133,3.0863595008850098,5.719604969024658,6.67887544631958,7.051469326019287,2.3293330669403076,3.3967292308807373,7.030881404876709,,,,,,,,,,,6.2021565437316895,7.307770729064941,4.368206977844238,4.020476818084717,6.835977077484131,9.300345420837402,8.145729064941406,3.4163706302642822,3.6934680938720703,8.731062889099121,,,,,,,,,,,,,,,,,,,,,,,,,,,,,,,,,,,,,,,,
20,3954,,,,,,,,,,,,,,,,,,,,,,,,,,,,,,,,,,,,,,,,,0.43575963377952576,0.5676786303520203,0.21164236962795258,0.262690007686615,0.5320593118667603,0.7465982437133789,0.5077568888664246,0.35784122347831726,0.2089664340019226,0.5266032814979553,7.393381595611572,6.511496067047119,6.330280780792236,6.623809814453125,7.989759922027588,11.2337646484375,9.37205696105957,5.517610549926758,4.50818395614624,8.453474998474121,,,,,,,,,,,9.061277389526367,8.340911865234375,6.628464698791504,7.1248650550842285,10.437095642089844,14.002944946289062,11.660002708435059,7.055111885070801,5.247610569000244,11.054496765136719,,,,,,,,,,,,,,,,,,,,,,,,,,,,,,,,,,,,,,,,
20,3959,,,,,,,,,,,,,,,,,,,,,,,,,,,,,,,,,,,,,,,,,0.37761178612709045,0.7601230144500732,0.36421722173690796,0.11919918656349182,0.4132121801376343,0.4612642526626587,0.33001890778541565,0.3181588053703308,0.10528536885976791,0.5270273089408875,6.356264591217041,7.777597904205322,6.231119632720947,3.9398117065429688,6.532966613769531,9.324999809265137,7.314059257507324,5.173084735870361,2.9223475456237793,7.990390300750732,,,,,,,,,,,8.243053436279297,9.651708602905273,8.695446968078613,4.799450397491455,9.197847366333008,11.006539344787598,9.400267601013184,6.652435302734375,3.724836826324463,11.05894660949707,,,,,,,,,,,,,,,,,,,,,,,,,,,,,,,,,,,,,,,,
20,3964,,,,,,,,,,,,,,,,,,,,,,,,,,,,,,,,,,,,,,,,,0.5428812503814697,0.5954058170318604,0.4427310526371002,0.5013339519500732,0.38918307423591614,0.534831702709198,0.5236197710037231,0.5389346480369568,0.8035802841186523,0.5563104748725891,8.183592796325684,6.4907402992248535,8.169035911560059,8.300732612609863,6.9079909324646,9.872081756591797,9.63081169128418,7.761505603790283,8.204569816589355,8.31486988067627,,,,,,,,,,,10.100183486938477,8.542181968688965,9.586976051330566,9.842795372009277,8.92640495300293,11.851802825927734,11.840740203857422,8.658183097839355,10.290534019470215,11.362027168273926,,,,,,,,,,,,,,,,,,,,,,,,,,,,,,,,,,,,,,,,
20,3969,,,,,,,,,,,,,,,,,,,,,,,,,,,,,,,,,,,,,,,,,0.6255455017089844,1.1390559673309326,0.21381020545959473,0.14490251243114471,0.7298675179481506,0.466385155916214,0.8045531511306763,0.4510793685913086,1.2325564622879028,0.4476989805698395,8.234795570373535,8.658050537109375,5.62778902053833,4.594639301300049,9.088521003723145,9.180484771728516,11.586962699890137,5.872836589813232,11.3746919631958,8.129181861877441,,,,,,,,,,,10.28850269317627,11.81502914428711,6.662326335906982,5.291671276092529,12.224233627319336,11.067466735839844,14.677367210388184,7.921093940734863,12.744614601135254,10.192723274230957,,,,,,,,,,,,,,,,,,,,,,,,,,,,,,,,,,,,,,,,
20,3974,,,,,,,,,,,,,,,,,,,,,,,,,,,,,,,,,,,,,,,,,0.39860931038856506,0.25463971495628357,0.39006903767585754,0.26438942551612854,0.3746672570705414,0.46231478452682495,0.20263749361038208,0.6965422034263611,0.6303335428237915,0.311890184879303,6.8885908126831055,4.215170860290527,7.148565292358398,6.495388031005859,7.143665313720703,8.452811241149902,5.994208812713623,9.012662887573242,7.4421539306640625,6.092692852020264,,,,,,,,,,,8.482318878173828,5.586313724517822,8.998753547668457,7.14787483215332,8.758355140686035,11.019064903259277,7.365982532501221,9.843111991882324,9.113988876342773,8.507424354553223,,,,,,,,,,,,,,,,,,,,,,,,,,,,,,,,,,,,,,,,
20,3979,,,,,,,,,,,,,,,,,,,,,,,,,,,,,,,,,,,,,,,,,0.30684468150138855,0.1930360645055771,0.06204121932387352,0.49053144454956055,0.3992123007774353,0.4329826235771179,0.329802542924881,0.3286452889442444,0.09136267751455307,0.4339880347251892,5.794874668121338,3.9444079399108887,2.7871086597442627,7.34542179107666,7.3512282371521,8.05817699432373,6.725854396820068,5.901881217956543,2.938788652420044,7.101001262664795,,,,,,,,,,,7.506328105926514,4.863864898681641,3.5888211727142334,9.736173629760742,9.040690422058105,10.663778305053711,9.397185325622559,6.761179447174072,3.4698262214660645,10.035431861877441,,,,,,,,,,,,,,,,,,,,,,,,,,,,,,,,,,,,,,,,
20,3984,,,,,,,,,,,,,,,,,,,,,,,,,,,,,,,,,,,,,,,,,0.2952791452407837,0.3021063506603241,0.2455359697341919,0.15024226903915405,0.2632209062576294,0.8292081356048584,0.24686333537101746,0.144544780254364,0.16094182431697845,0.31484854221343994,5.438526630401611,4.422112464904785,6.066539764404297,4.031436443328857,5.642800331115723,9.665104866027832,5.556380271911621,3.1487786769866943,3.3401176929473877,7.073472023010254,,,,,,,,,,,7.386448383331299,6.084742546081543,7.139523506164551,5.388289928436279,7.34107780456543,14.757325172424316,8.130160331726074,4.483941555023193,4.605298042297363,8.547677040100098,,,,,,,,,,,,,,,,,,,,,,,,,,,,,,,,,,,,,,,,
20,3989,,,,,,,,,,,,,,,,,,,,,,,,,,,,,,,,,,,,,,,,,0.3427348732948303,0.3979550004005432,0.2052581012248993,0.2414771169424057,0.5123408436775208,0.6009248495101929,0.17419299483299255,0.23155240714550018,0.2754146456718445,0.4454978406429291,6.161421298980713,5.49705171585083,5.563045501708984,4.274356365203857,6.916524887084961,9.29568099975586,5.586189270019531,5.54166316986084,5.605576038360596,7.172701835632324,,,,,,,,,,,7.98265266418457,6.983598232269287,6.527724266052246,6.831134796142578,10.241867065429688,12.562785148620605,6.829456329345703,5.675228595733643,6.024441719055176,10.167635917663574,,,,,,,,,,,,,,,,,,,,,,,,,,,,,,,,,,,,,,,,
20,3994,,,,,,,,,,,,,,,,,,,,,,,,,,,,,,,,,,,,,,,,,0.27574002742767334,0.3338063955307007,0.4236671030521393,0.36181873083114624,0.3413301110267639,0.5470880270004272,0.20754916965961456,0.07989692687988281,0.06824110448360443,0.11826258152723312,5.568874835968018,4.6758904457092285,7.416866302490234,6.01896333694458,6.80051851272583,8.983064651489258,6.05261754989624,2.8363349437713623,2.714919090270996,4.620695114135742,,,,,,,,,,,7.056494235992432,6.396017074584961,9.378297805786133,8.361812591552734,8.359628677368164,11.986831665039062,7.454719543457031,3.333678960800171,2.9987916946411133,5.238667964935303,,,,,,,,,,,,,,,,,,,,,,,,,,,,,,,,,,,,,,,,
20,3999,,,,,,,,,,,,,,,,,,,,,,,,,,,,,,,,,,,,,,,,,0.3693124055862427,0.31849539279937744,0.6703837513923645,0.23159748315811157,0.3103463649749756,0.23840461671352386,0.24594201147556305,0.5310913920402527,0.483495831489563,0.29405471682548523,6.495617389678955,5.083525657653809,9.408029556274414,4.2835564613342285,6.33319091796875,6.31523323059082,6.779195308685303,7.05084228515625,6.755127906799316,6.4518585205078125,,,,,,,,,,,8.174588203430176,6.247608661651611,11.797050476074219,6.689933776855469,7.97118616104126,7.9128546714782715,8.114974975585938,8.594950675964355,7.982145309448242,8.260594367980957,,,,,,,,,,,,,,,,,,,,,,,,,,,,,,,,,,,,,,,,
20,4004,,,,,,,,,,,,,,,,,,,,,,,,,,,,,,,,,,,,,,,,,0.35234811902046204,0.17984949052333832,0.1823432445526123,0.15481822192668915,0.39124926924705505,0.31804975867271423,0.48683273792266846,0.6917399764060974,0.43472743034362793,0.33152294158935547,6.252285480499268,3.482668399810791,5.160214900970459,5.106331825256348,6.785128116607666,6.569443702697754,7.574260234832764,7.6395344734191895,6.224940776824951,7.728047847747803,,,,,,,,,,,7.997002601623535,4.694797515869141,6.152568817138672,5.469729900360107,8.95007038116455,9.139520645141602,11.417228698730469,9.809123039245605,7.568883419036865,8.771099090576172,,,,,,,,,,,,,,,,,,,,,,,,,,,,,,,,,,,,,,,,
20,4009,,,,,,,,,,,,,,,,,,,,,,,,,,,,,,,,,,,,,,,,,0.2923412024974823,0.4813880920410156,0.23215600848197937,0.3443993926048279,0.15281906723976135,0.42931509017944336,0.10019531100988388,0.18584361672401428,0.3065322935581207,0.3984220325946808,5.4323272705078125,5.21986722946167,4.085577011108398,4.735197067260742,4.805209636688232,7.824064254760742,4.508065700531006,3.690054178237915,5.95311164855957,8.069795608520508,,,,,,,,,,,7.247583866119385,7.680861949920654,6.9422712326049805,8.158044815063477,5.593561172485352,10.618518829345703,5.179579257965088,5.084315776824951,6.355670928955078,9.615433692932129,,,,,,,,,,,,,,,,,,,,,,,,,,,,,,,,,,,,,,,,
20,4014,,,,,,,,,,,,,,,,,,,,,,,,,,,,,,,,,,,,,,,,,0.5144943594932556,0.40480944514274597,0.5866796374320984,0.46917346119880676,0.3743230998516083,0.7839550375938416,0.4105360805988312,0.7106239795684814,0.7961786985397339,0.09416937828063965,6.961517333984375,4.397084712982178,7.010895252227783,7.174857139587402,6.43654203414917,10.211230278015137,8.713151931762695,7.092927932739258,7.894144535064697,3.7228264808654785,,,,,,,,,,,9.560997009277344,7.043485164642334,11.036011695861816,9.521855354309082,8.7543306350708,14.348993301391602,10.48447036743164,9.94211196899414,10.243032455444336,4.674681663513184,,,,,,,,,,,,,,,,,,,,,,,,,,,,,,,,,,,,,,,,
20,4019,,,,,,,,,,,,,,,,,,,,,,,,,,,,,,,,,,,,,,,,,0.2898450195789337,0.5798013210296631,0.21217866241931915,0.21304529905319214,0.09465320408344269,0.7172409296035767,0.17493468523025513,0.19780083000659943,0.05368974804878235,0.36526045203208923,5.429999351501465,6.625991344451904,5.188401699066162,5.141353607177734,3.3758645057678223,8.637555122375488,5.25034236907959,4.764100074768066,2.2102317810058594,7.676156044006348,,,,,,,,,,,7.062846660614014,8.429500579833984,6.636857509613037,6.416391372680664,4.402175426483154,13.724875450134277,6.84398078918457,5.245329856872559,2.6599225997924805,9.206583976745605,,,,,,,,,,,,,,,,,,,,,,,,,,,,,,,,,,,,,,,,
20,4024,,,,,,,,,,,,,,,,,,,,,,,,,,,,,,,,,,,,,,,,,0.3843349814414978,0.27782633900642395,0.4821125864982605,0.6068902611732483,0.4430252015590668,0.4601499140262604,0.27886125445365906,0.2650220990180969,0.45603322982788086,0.18909399211406708,6.829553127288818,4.485923767089844,8.024568557739258,9.165183067321777,8.102311134338379,8.626538276672363,6.761105537414551,5.19190788269043,5.789283275604248,5.319157123565674,,,,,,,,,,,8.47499942779541,5.835108757019043,10.004281044006348,10.82953929901123,9.523879051208496,10.99323558807373,8.641016960144043,6.071552753448486,7.752139091491699,6.624239921569824,,,,,,,,,,,,,,,,,,,,,,,,,,,,,,,,,,,,,,,,
20,4029,,,,,,,,,,,,,,,,,,,,,,,,,,,,,,,,,,,,,,,,,0.4337896406650543,0.2433384209871292,0.7489025592803955,0.2750283479690552,0.6240217089653015,1.081730842590332,0.22699126601219177,0.13380372524261475,0.11585362255573273,0.4544360339641571,6.744060516357422,4.417810916900635,8.90605640411377,5.875209331512451,7.866324424743652,13.56464958190918,6.281618118286133,2.766801357269287,2.8038368225097656,8.214239120483398,,,,,,,,,,,8.85167121887207,5.46094274520874,12.468791007995605,7.290269374847412,11.303149223327637,16.855260848999023,7.796063423156738,4.314126491546631,3.9073119163513184,10.26912784576416,,,,,,,,,,,,,,,,,,,,,,,,,,,,,,,,,,,,,,,,
20,4034,,,,,,,,,,,,,,,,,,,,,,,,,,,,,,,,,,,,,,,,,0.4476863145828247,0.3793087303638458,0.5283010601997375,0.6154316663742065,0.31567156314849854,0.5642033815383911,0.2635667026042938,0.2951856851577759,0.90035080909729,0.16715705394744873,7.268080234527588,5.896860599517822,7.28548526763916,9.01875114440918,7.017162322998047,10.019221305847168,7.130764961242676,5.874756336212158,8.927955627441406,4.241765022277832,,,,,,,,,,,8.92637825012207,6.818026065826416,10.472548484802246,10.905481338500977,8.039283752441406,12.172890663146973,8.400711059570312,6.407761573791504,10.89254093170166,6.228156566619873,,,,,,,,,,,,,,,,,,,,,,,,,,,,,,,,,,,,,,,,
20,4039,,,,,,,,,,,,,,,,,,,,,,,,,,,,,,,,,,,,,,,,,0.28457149863243103,0.4733368754386902,0.12484264373779297,0.10922407358884811,0.21332120895385742,0.516315221786499,0.2828224301338196,0.23880842328071594,0.2765377163887024,0.3259347975254059,6.056639194488525,6.126688480377197,4.606232643127441,4.060744285583496,5.597112655639648,10.222817420959473,7.142582893371582,5.1141357421875,4.5926923751831055,7.046741962432861,,,,,,,,,,,7.194915771484375,7.616359710693359,5.090883255004883,4.594244003295898,6.608709335327148,11.644834518432617,8.702173233032227,5.763463497161865,6.036712169647217,8.696861267089844,,,,,,,,,,,,,,,,,,,,,,,,,,,,,,,,,,,,,,,,
20,4044,,,,,,,,,,,,,,,,,,,,,,,,,,,,,,,,,,,,,,,,,0.4019690752029419,0.5068573951721191,0.2872188985347748,0.42121344804763794,0.4893798828125,0.38938039541244507,0.5116744637489319,0.2579204738140106,0.5455991625785828,0.20847754180431366,7.228312969207764,6.587310314178467,7.1870808601379395,8.530228614807129,7.8595662117004395,8.349100112915039,9.975914001464844,4.325906753540039,6.144604682922363,6.09511137008667,,,,,,,,,,,8.652996063232422,7.881432056427002,7.721792697906494,9.022065162658691,10.009737014770508,10.112601280212402,11.704898834228516,5.989652633666992,8.479302406311035,6.955475807189941,,,,,,,,,,,,,,,,,,,,,,,,,,,,,,,,,,,,,,,,
20,4049,,,,,,,,,,,,,,,,,,,,,,,,,,,,,,,,,,,,,,,,,0.3660898506641388,0.42642804980278015,0.26318225264549255,0.25315728783607483,0.4854508340358734,0.798427402973175,0.13896027207374573,0.1947510689496994,0.22747984528541565,0.506971538066864,6.498090744018555,5.502248287200928,6.060187816619873,5.300039768218994,7.366663932800293,11.017762184143066,5.04218053817749,4.612497806549072,5.395328521728516,8.185907363891602,,,,,,,,,,,8.187955856323242,7.2291154861450195,7.391626358032227,6.994394302368164,9.969474792480469,14.480834007263184,6.099807262420654,5.204735279083252,5.475134372711182,10.84648323059082,,,,,,,,,,,,,,,,,,,,,,,,,,,,,,,,,,,,,,,,
20,4054,,,,,,,,,,,,,,,,,,,,,,,,,,,,,,,,,,,,,,,,,0.28822842240333557,0.16748106479644775,0.37964028120040894,0.30792900919914246,0.4703301191329956,0.29680120944976807,0.20118209719657898,0.22514425218105316,0.2900789678096771,0.25546860694885254,5.504173278808594,3.2772231101989746,7.047746658325195,5.537934303283691,6.854572772979736,6.3188066482543945,5.728762149810791,3.757441997528076,5.110678195953369,5.904394149780273,,,,,,,,,,,7.398001194000244,4.530489921569824,8.877644538879395,7.714010238647461,9.812983512878418,8.82894229888916,7.339483737945557,5.596147537231445,6.182745933532715,7.69956111907959,,,,,,,,,,,,,,,,,,,,,,,,,,,,,,,,,,,,,,,,
20,4059,,,,,,,,,,,,,,,,,,,,,,,,,,,,,,,,,,,,,,,,,0.26719096302986145,0.16658784449100494,0.057686224579811096,0.252605676651001,0.15500250458717346,0.32613539695739746,0.35959067940711975,0.1436343789100647,0.7517207264900208,0.19175519049167633,5.301739692687988,3.736901044845581,3.0969161987304688,5.714893341064453,5.090101718902588,6.683965682983398,7.1271843910217285,3.3438560962677,7.356209754943848,5.5656304359436035,,,,,,,,,,,6.751101016998291,4.518392086029053,3.460570812225342,6.986770153045654,5.633379936218262,9.25496768951416,9.812395095825195,4.4697980880737305,9.952943801879883,6.670690536499023,,,,,,,,,,,,,,,,,,,,,,,,,,,,,,,,,,,,,,,,
20,4064,,,,,,,,,,,,,,,,,,,,,,,,,,,,,,,,,,,,,,,,,0.492146760225296,0.3833213746547699,0.46839526295661926,0.871143639087677,0.465171217918396,0.4991041421890259,0.45438703894615173,0.311918169260025,0.4650198817253113,0.510860025882721,7.7970452308654785,4.813666343688965,8.177188873291016,11.819839477539062,8.033324241638184,9.600968360900879,8.005297660827637,5.043979644775391,7.279016971588135,7.400125980377197,,,,,,,,,,,9.692338943481445,6.853994846343994,9.860929489135742,12.974773406982422,9.759016990661621,11.449102401733398,11.0302095413208,6.586869716644287,7.82814884185791,10.888001441955566,,,,,,,,,,,,,,,,,,,,,,,,,,,,,,,,,,,,,,,,
20,4069,,,,,,,,,,,,,,,,,,,,,,,,,,,,,,,,,,,,,,,,,0.5037491321563721,0.5990294218063354,0.10761994123458862,0.2955513000488281,0.6409666538238525,0.8779512047767639,0.9454672336578369,0.21246252954006195,0.17183618247509003,0.6828573346138,6.7571845054626465,5.805368900299072,4.044808387756348,6.320339679718018,7.805460453033447,9.239099502563477,10.78256893157959,4.926599979400635,4.096014499664307,7.794395923614502,,,,,,,,,,,9.576286315917969,8.568137168884277,4.726700305938721,7.557381629943848,11.455586433410645,15.184869766235352,15.910873413085938,5.43625545501709,4.758615016937256,12.58815860748291,,,,,,,,,,,,,,,,,,,,,,,,,,,,,,,,,,,,,,,,
20,4073,,,,,,,,,,,,,,,,,,,,,,,,,,,,,,,,,,,,,,,,,,,,,,,,,,,6.478193759918213,5.2769951820373535,6.428966045379639,6.170508861541748,6.75987434387207,8.078989028930664,7.134870529174805,5.5859150886535645,5.625491619110107,7.242132663726807,0.5896292924880981,0.5830075740814209,0.6502142548561096,0.6592938899993896,0.5881795883178711,0.5079091787338257,0.5772196054458618,0.6016714572906494,0.5820435881614685,0.5571242570877075,8.541977882385254,6.965022563934326,8.391422271728516,8.081889152526855,9.004281997680664,10.705517768859863,9.587833404541016,7.353806972503662,7.330426216125488,9.457599639892578,0.5039523839950562,0.52069491147995,0.5593423247337341,0.37384745478630066,0.5401155352592468,0.6121965050697327,0.4520755112171173,0.4454154670238495,0.5131310224533081,0.5187522768974304,7.32253885269165,5.445574760437012,7.665225028991699,6.3897528648376465,8.15600299835205,9.552437782287598,8.394720077514648,5.832210540771484,6.337176322937012,8.129751205444336,0.44341006875038147,0.456312894821167,0.5400474071502686,0.5681495666503906,0.34821611642837524,0.4465656876564026,0.5372685194015503,0.30740201473236084,0.2885752320289612,0.4981532096862793,9.986621856689453,8.159034729003906,10.397808074951172,9.762707710266113,10.923127174377441,12.790525436401367,10.874750137329102,7.758731842041016,8.577098846435547,10.635807991027832
21,4074,,,,,,,,,,,,,,,,,,,,,,,,,,,,,,,,,,,,,,,,,0.2869807183742523,0.4926239848136902,0.2107062041759491,0.34477800130844116,0.11377114057540894,0.20941302180290222,0.2233995944261551,0.4584428369998932,0.26355111598968506,0.2661404609680176,5.724978923797607,6.305917739868164,5.201725482940674,6.394840240478516,3.5861454010009766,5.677306175231934,6.378509521484375,6.892263889312744,4.919590473175049,6.168511867523193,,,,,,,,,,,7.140041828155518,7.769983291625977,6.613789081573486,8.162527084350586,4.826315402984619,7.416136264801025,7.7341389656066895,7.985485076904297,5.893260955810547,7.85873556137085,,,,,,,,,,,,,,,,,,,,,,,,,,,,,,,,,,,,,,,,
21,4079,,,,,,,,,,,,,,,,,,,,,,,,,,,,,,,,,,,,,,,,,0.3746423125267029,0.5824378132820129,0.16108112037181854,0.09445411711931229,0.7103860378265381,0.351591020822525,0.2763920724391937,0.30189958214759827,0.2028389871120453,0.6907002925872803,5.8524627685546875,5.9598307609558105,4.6841559410095215,3.505510091781616,7.821932792663574,7.104883670806885,5.462414741516113,4.622024059295654,4.848561763763428,8.66285228729248,,,,,,,,,,,8.120701789855957,8.448644638061523,5.782744407653809,4.272336006164551,12.059988021850586,9.609365463256836,8.602676391601562,6.480223178863525,5.170100688934326,12.660242080688477,,,,,,,,,,,,,,,,,,,,,,,,,,,,,,,,,,,,,,,,
21,4084,,,,,,,,,,,,,,,,,,,,,,,,,,,,,,,,,,,,,,,,,0.34331637620925903,0.28029102087020874,0.18859249353408813,0.35474008321762085,0.26985371112823486,0.3775351643562317,0.27663373947143555,0.6761800646781921,0.23288224637508392,0.43313872814178467,6.169547080993652,4.7626142501831055,4.199299335479736,5.922286033630371,5.011806011199951,7.5489726066589355,6.170923233032227,8.678146362304688,4.795746326446533,8.436129570007324,,,,,,,,,,,7.962026119232178,5.860934257507324,6.257110595703125,8.27961254119873,7.432994842529297,9.957597732543945,8.606437683105469,9.698172569274902,5.539766788482666,10.02560806274414,,,,,,,,,,,,,,,,,,,,,,,,,,,,,,,,,,,,,,,,
21,4089,,,,,,,,,,,,,,,,,,,,,,,,,,,,,,,,,,,,,,,,,0.3929084837436676,0.2899198532104492,0.3615693747997284,0.27122336626052856,0.46865299344062805,0.23900391161441803,0.2122877985239029,0.6500995755195618,0.6625804305076599,0.3808388113975525,6.784397125244141,4.73089599609375,6.590858459472656,6.789725303649902,6.733422756195068,6.732448101043701,6.658014297485352,7.430009365081787,8.000160217285156,7.394041538238525,,,,,,,,,,,8.375131607055664,5.960754871368408,8.66378116607666,7.239664554595947,9.79547119140625,7.922793865203857,7.539339542388916,9.509303092956543,9.344210624694824,9.40086555480957,,,,,,,,,,,,,,,,,,,,,,,,,,,,,,,,,,,,,,,,
21,4094,,,,,,,,,,,,,,,,,,,,,,,,,,,,,,,,,,,,,,,,,0.23796875774860382,0.29359933733940125,0.1848241686820984,0.19553488492965698,0.1450767070055008,0.25771504640579224,0.14973680675029755,0.20278744399547577,0.2811098098754883,0.4313347339630127,5.455769062042236,4.7231597900390625,4.927464008331299,5.110881328582764,4.564287185668945,7.083457946777344,5.56321907043457,4.80115270614624,4.640692234039307,7.6876044273376465,,,,,,,,,,,6.638997554779053,5.99846076965332,6.1942830085754395,6.147054195404053,5.450024604797363,8.227080345153809,6.331915378570557,5.311036109924316,6.086410999298096,10.004708290100098,,,,,,,,,,,,,,,,,,,,,,,,,,,,,,,,,,,,,,,,
21,4099,,,,,,,,,,,,,,,,,,,,,,,,,,,,,,,,,,,,,,,,,0.4017190635204315,0.7071248292922974,0.6045250296592712,0.4368283450603485,0.24242374300956726,0.3876186013221741,0.1904369294643402,0.08889126777648926,0.6336682438850403,0.32395458221435547,5.93727445602417,7.31284761428833,6.92619514465332,6.519237518310547,4.9506306648254395,6.110517501831055,5.200655460357666,3.079519748687744,6.7629075050354,6.572962760925293,,,,,,,,,,,8.366657257080078,9.30915641784668,11.20259952545166,9.187774658203125,7.045100688934326,10.089696884155273,7.140792369842529,3.5163187980651855,9.13806438446045,8.670402526855469,,,,,,,,,,,,,,,,,,,,,,,,,,,,,,,,,,,,,,,,
21,4104,,,,,,,,,,,,,,,,,,,,,,,,,,,,,,,,,,,,,,,,,0.24496455490589142,0.0969008281826973,0.23142383992671967,0.1616126447916031,0.3718176782131195,0.4248111844062805,0.22514274716377258,0.3167535066604614,0.17932982742786407,0.19688859581947327,5.493091583251953,2.8333587646484375,6.3819684982299805,4.769981861114502,6.191040515899658,8.01585865020752,5.957928657531738,5.796309947967529,4.1550493240356445,5.336329460144043,,,,,,,,,,,6.808462619781494,3.446085214614868,6.931316375732422,5.588465690612793,8.724985122680664,10.56267261505127,7.764254570007324,6.637728214263916,4.861267566680908,6.759389877319336,,,,,,,,,,,,,,,,,,,,,,,,,,,,,,,,,,,,,,,,
21,4109,,,,,,,,,,,,,,,,,,,,,,,,,,,,,,,,,,,,,,,,,0.4320451319217682,0.34460294246673584,0.7628795504570007,0.29115915298461914,0.4796580374240875,0.28022998571395874,0.29142099618911743,0.5334870219230652,0.4530622661113739,0.4519064426422119,6.864866256713867,4.826114654541016,9.419130325317383,6.48057222366333,7.999422550201416,7.016515254974365,7.061706066131592,6.663604259490967,5.767758369445801,6.548973083496094,,,,,,,,,,,8.94312572479248,6.498629570007324,12.584606170654297,7.501016616821289,9.909812927246094,8.578930854797363,8.833467483520508,8.614313125610352,7.726845741271973,10.240506172180176,,,,,,,,,,,,,,,,,,,,,,,,,,,,,,,,,,,,,,,,
21,4114,,,,,,,,,,,,,,,,,,,,,,,,,,,,,,,,,,,,,,,,,0.20386618375778198,0.18751893937587738,0.09574361890554428,0.3624156713485718,0.2941862940788269,0.26942551136016846,0.2088332176208496,0.08389190584421158,0.038289204239845276,0.2944912314414978,4.7975754737854,3.9680912494659424,3.9211807250976562,6.6594462394714355,5.466007709503174,6.180328369140625,5.644013404846191,2.4470982551574707,2.007917881011963,6.884097576141357,,,,,,,,,,,6.1333746910095215,4.793854713439941,4.458272457122803,8.368706703186035,7.7608771324157715,8.411921501159668,7.477744102478027,3.4160070419311523,2.246267080307007,8.266722679138184,,,,,,,,,,,,,,,,,,,,,,,,,,,,,,,,,,,,,,,,
21,4119,,,,,,,,,,,,,,,,,,,,,,,,,,,,,,,,,,,,,,,,,0.1553819477558136,0.36862850189208984,0.02885356731712818,0.06571447849273682,0.18681764602661133,0.28641095757484436,0.1495950073003769,0.0036891296040266752,0.14501389861106873,0.16371439397335052,4.037373065948486,4.400759220123291,2.109161376953125,3.043393135070801,4.974429130554199,6.790923595428467,5.1093926429748535,0.7163429260253906,3.763314723968506,5.4286370277404785,,,,,,,,,,,5.018929481506348,6.721354007720947,2.4474356174468994,3.563570737838745,6.18455696105957,8.673026084899902,6.328916072845459,0.7163429260253906,4.371476650238037,6.163687705993652,,,,,,,,,,,,,,,,,,,,,,,,,,,,,,,,,,,,,,,,
21,4124,,,,,,,,,,,,,,,,,,,,,,,,,,,,,,,,,,,,,,,,,0.5820852518081665,0.22916753590106964,1.881379246711731,1.2488805055618286,0.36231184005737305,0.48692601919174194,0.17483630776405334,0.08631542325019836,0.3857704997062683,0.18686537444591522,8.543676376342773,3.8652842044830322,19.762861251831055,15.535144805908203,6.483375549316406,8.45792293548584,5.860413551330566,3.4649977684020996,5.160409927368164,4.9194159507751465,,,,,,,,,,,9.676373481750488,5.2995476722717285,19.762861251831055,15.535144805908203,8.61273193359375,11.308562278747559,6.842055320739746,3.4649977684020996,7.129971981048584,6.585089206695557,,,,,,,,,,,,,,,,,,,,,,,,,,,,,,,,,,,,,,,,
21,4129,,,,,,,,,,,,,,,,,,,,,,,,,,,,,,,,,,,,,,,,,0.21254873275756836,0.3419681191444397,0.1333121508359909,0.05058453604578972,0.2329028844833374,0.46621236205101013,0.1999058574438095,0.15098178386688232,0.1378326714038849,0.19923821091651917,4.873197078704834,3.663682699203491,4.307173252105713,2.971325397491455,5.762269020080566,8.37531566619873,5.45175313949585,3.8826944828033447,3.737428903579712,5.707130432128906,,,,,,,,,,,6.19912576675415,6.4737372398376465,5.260736465454102,3.1265382766723633,6.905372142791748,11.065417289733887,7.316165924072266,4.582695960998535,4.261861801147461,6.799602508544922,,,,,,,,,,,,,,,,,,,,,,,,,,,,,,,,,,,,,,,,
21,4134,,,,,,,,,,,,,,,,,,,,,,,,,,,,,,,,,,,,,,,,,0.3140704333782196,0.25109803676605225,0.255755752325058,0.47832614183425903,0.20176325738430023,0.4297212064266205,0.3600413501262665,0.3575817942619324,0.12771831452846527,0.3646281361579895,5.93943452835083,4.567517280578613,4.695124626159668,6.482956886291504,4.382857799530029,8.717581748962402,8.742510795593262,5.2114033699035645,2.9871745109558105,7.667782306671143,,,,,,,,,,,7.741238117218018,5.547328472137451,7.286591053009033,9.614283561706543,6.427183628082275,10.623539924621582,9.818541526794434,7.052554607391357,4.102511882781982,9.19861125946045,,,,,,,,,,,,,,,,,,,,,,,,,,,,,,,,,,,,,,,,
21,4139,,,,,,,,,,,,,,,,,,,,,,,,,,,,,,,,,,,,,,,,,0.3571086525917053,0.10325881838798523,0.248700350522995,0.18014656007289886,0.71335768699646,0.43073493242263794,0.3031836450099945,0.39448344707489014,0.2605552077293396,0.5795570611953735,6.136323928833008,3.0100672245025635,5.897472381591797,4.716341018676758,7.290588855743408,8.268457412719727,7.311063766479492,5.8229169845581055,4.621041774749756,8.28896427154541,,,,,,,,,,,8.137595176696777,3.5573437213897705,7.185381889343262,5.9002156257629395,12.085186004638672,10.636063575744629,9.009976387023926,7.407524585723877,5.8596696853637695,11.596990585327148,,,,,,,,,,,,,,,,,,,,,,,,,,,,,,,,,,,,,,,,
21,4144,,,,,,,,,,,,,,,,,,,,,,,,,,,,,,,,,,,,,,,,,0.2760046422481537,0.3176031708717346,0.21858561038970947,0.3940339982509613,0.376526415348053,0.35425418615341187,0.15667811036109924,0.20390437543392181,0.13412420451641083,0.32833170890808105,5.618037700653076,5.249988555908203,5.761364936828613,5.903171062469482,6.1948418617248535,6.902066707611084,5.3768157958984375,4.0530476570129395,3.540748119354248,7.580293655395508,,,,,,,,,,,7.206958293914795,6.238852024078369,6.736315727233887,8.726131439208984,8.780057907104492,9.64569091796875,6.477015495300293,5.325642108917236,4.204137325286865,8.728780746459961,,,,,,,,,,,,,,,,,,,,,,,,,,,,,,,,,,,,,,,,
21,4149,,,,,,,,,,,,,,,,,,,,,,,,,,,,,,,,,,,,,,,,,0.3412191569805145,0.38332730531692505,0.3870624303817749,0.3318885564804077,0.501450777053833,0.30889949202537537,0.3004290461540222,0.08252900093793869,0.5249594449996948,0.2504262924194336,6.4568939208984375,5.817358493804932,7.344056129455566,7.260614395141602,8.862948417663574,7.024064064025879,7.115716934204102,2.8107848167419434,5.995077610015869,5.881425857543945,,,,,,,,,,,7.91819429397583,6.854048252105713,8.964006423950195,8.00849723815918,10.132433891296387,9.007089614868164,8.968953132629395,3.3881452083587646,8.31737232208252,7.623197555541992,,,,,,,,,,,,,,,,,,,,,,,,,,,,,,,,,,,,,,,,
21,4154,,,,,,,,,,,,,,,,,,,,,,,,,,,,,,,,,,,,,,,,,0.507859468460083,0.7156931757926941,0.33400020003318787,0.21560896933078766,0.5939298868179321,0.22737586498260498,0.562885582447052,0.4934832751750946,0.8278786540031433,0.5998795032501221,7.34877347946167,6.71306037902832,6.885857582092285,5.188181400299072,7.804389476776123,6.564625263214111,9.19698715209961,7.224371433258057,8.074681282043457,8.486812591552734,,,,,,,,,,,9.523039817810059,9.365386962890625,8.326931953430176,6.4548821449279785,11.027249336242676,7.727660179138184,12.276677131652832,8.28504753112793,10.444955825805664,11.798564910888672,,,,,,,,,,,,,,,,,,,,,,,,,,,,,,,,,,,,,,,,
21,4159,,,,,,,,,,,,,,,,,,,,,,,,,,,,,,,,,,,,,,,,,0.4118614196777344,0.5238657593727112,0.512582540512085,0.5001658797264099,0.248721182346344,0.5635467171669006,0.17019523680210114,0.14628855884075165,0.521298885345459,0.5200878381729126,7.003081321716309,6.017490863800049,8.048537254333496,8.669837951660156,5.272477149963379,9.159693717956543,5.556131839752197,3.634885787963867,7.865771770477295,8.80290699005127,,,,,,,,,,,8.666340827941895,8.012578010559082,10.315577507019043,9.831321716308594,7.136019706726074,12.165803909301758,6.7506327629089355,4.510907173156738,8.288322448730469,10.985897064208984,,,,,,,,,,,,,,,,,,,,,,,,,,,,,,,,,,,,,,,,
21,4164,,,,,,,,,,,,,,,,,,,,,,,,,,,,,,,,,,,,,,,,,0.3960005044937134,0.3159315288066864,0.26717811822891235,0.8270145654678345,0.39997103810310364,0.41531267762184143,0.36261269450187683,0.5682556629180908,0.015584590844810009,0.3921435475349426,6.800213813781738,5.567923069000244,5.745933532714844,10.897870063781738,7.410545349121094,7.866663455963135,7.294554233551025,7.354842185974121,1.3935624361038208,7.6700286865234375,,,,,,,,,,,8.391287803649902,6.222411632537842,7.4475274085998535,12.64187240600586,9.049277305603027,10.443917274475098,9.85353946685791,8.89059066772461,1.4330816268920898,9.5393705368042,,,,,,,,,,,,,,,,,,,,,,,,,,,,,,,,,,,,,,,,
21,4169,,,,,,,,,,,,,,,,,,,,,,,,,,,,,,,,,,,,,,,,,0.3769899606704712,0.63104248046875,0.5301341414451599,0.24352945387363434,0.39224714040756226,0.5384366512298584,0.5351637005805969,0.17383813858032227,0.09798246622085571,0.25053563714027405,6.440944194793701,6.565227031707764,8.288965225219727,5.891050338745117,6.915805816650391,9.705130577087402,8.746126174926758,3.6511752605438232,2.612232208251953,5.5927886962890625,,,,,,,,,,,8.3449068069458,8.794103622436523,10.490702629089355,6.860103130340576,8.961475372314453,11.891678810119629,11.970550537109375,4.917351245880127,3.593332529067993,7.624861240386963,,,,,,,,,,,,,,,,,,,,,,,,,,,,,,,,,,,,,,,,
21,4174,,,,,,,,,,,,,,,,,,,,,,,,,,,,,,,,,,,,,,,,,0.17974933981895447,0.21362406015396118,0.24584335088729858,0.06848909705877304,0.1704258769750595,0.15345942974090576,0.08392442762851715,0.30031126737594604,0.12830768525600433,0.2533588409423828,4.639254093170166,4.126805305480957,4.93870210647583,3.0966055393218994,4.4834818840026855,5.1311564445495605,3.9624228477478027,5.506504535675049,3.967646598815918,6.539961338043213,,,,,,,,,,,5.681937217712402,5.116669654846191,7.143990993499756,3.63802433013916,5.90700626373291,6.348522186279297,4.740399360656738,6.463154315948486,4.111966609954834,7.667701721191406,,,,,,,,,,,,,,,,,,,,,,,,,,,,,,,,,,,,,,,,
21,4179,,,,,,,,,,,,,,,,,,,,,,,,,,,,,,,,,,,,,,,,,0.39420369267463684,0.9805435538291931,0.15009406208992004,0.2043585330247879,0.23091675341129303,0.469193696975708,0.49059200286865234,0.5285361409187317,0.06362558901309967,0.42997294664382935,6.501552104949951,7.7292256355285645,3.2977890968322754,4.598508358001709,6.099762916564941,9.68637466430664,10.097912788391113,7.103712558746338,2.588845729827881,7.311837673187256,,,,,,,,,,,8.191666603088379,10.962148666381836,5.582045555114746,6.284218788146973,6.875865459442139,11.100739479064941,11.461224555969238,8.574248313903809,2.895604372024536,9.988901138305664,,,,,,,,,,,,,,,,,,,,,,,,,,,,,,,,,,,,,,,,
21,4184,,,,,,,,,,,,,,,,,,,,,,,,,,,,,,,,,,,,,,,,,0.30882301926612854,0.2819657325744629,0.18384870886802673,0.12391896545886993,0.21107983589172363,0.28238123655319214,0.4419236481189728,0.3764627277851105,0.3181808292865753,0.5596453547477722,5.97142219543457,4.689912796020508,5.3642897605896,4.0532379150390625,5.164273738861084,5.874898910522461,8.784472465515137,6.008918762207031,4.976970195770264,8.82581901550293,,,,,,,,,,,7.56901741027832,5.87841796875,6.177915096282959,4.893547058105469,6.573898792266846,8.611797332763672,10.877883911132812,7.23635196685791,6.475306510925293,11.396031379699707,,,,,,,,,,,,,,,,,,,,,,,,,,,,,,,,,,,,,,,,
21,4189,,,,,,,,,,,,,,,,,,,,,,,,,,,,,,,,,,,,,,,,,0.28738826513290405,0.262389600276947,0.5533666014671326,0.5828036665916443,0.2363326996564865,0.36594244837760925,0.22156934440135956,0.15425652265548706,0.027650510892271996,0.1821831613779068,6.030293941497803,4.444173336029053,9.690290451049805,9.155058860778809,5.764556884765625,8.484025001525879,6.336909770965576,3.7677483558654785,1.3020037412643433,5.327879905700684,,,,,,,,,,,7.167361736297607,5.670685291290283,10.718109130859375,10.612458229064941,6.956031799316406,9.8035249710083,7.702392101287842,4.63212776184082,1.9088636636734009,6.502065181732178,,,,,,,,,,,,,,,,,,,,,,,,,,,,,,,,,,,,,,,,
21,4194,,,,,,,,,,,,,,,,,,,,,,,,,,,,,,,,,,,,,,,,,0.38330546021461487,0.716162919998169,0.1972472071647644,0.2550410330295563,0.28265470266342163,0.28856801986694336,0.43542754650115967,0.30625614523887634,0.680780291557312,0.28761106729507446,6.996518611907959,7.189250946044922,5.792630195617676,5.564572811126709,7.039073467254639,7.936551570892334,8.452507972717285,5.943533420562744,8.585139274597168,6.465406894683838,,,,,,,,,,,8.229610443115234,9.368459701538086,6.399073600769043,7.020369052886963,7.607251167297363,8.705625534057617,10.797636985778809,6.526812553405762,9.471674919128418,8.169585227966309,,,,,,,,,,,,,,,,,,,,,,,,,,,,,,,,,,,,,,,,
21,4199,,,,,,,,,,,,,,,,,,,,,,,,,,,,,,,,,,,,,,,,,0.4319179356098175,0.4522395730018616,0.4129554331302643,0.34162893891334534,0.19204092025756836,0.43737176060676575,0.23216432332992554,0.27192819118499756,1.2749874591827393,0.27194470167160034,6.461806774139404,5.313889980316162,5.697741985321045,6.216012477874756,5.178827285766602,8.697991371154785,5.870513439178467,5.115146160125732,9.409171104431152,6.656966686248779,,,,,,,,,,,8.528621673583984,7.4446892738342285,9.258981704711914,8.125164985656738,6.270419120788574,10.717690467834473,7.884397506713867,6.15015172958374,12.962125778198242,7.943967819213867,,,,,,,,,,,,,,,,,,,,,,,,,,,,,,,,,,,,,,,,
21,4204,,,,,,,,,,,,,,,,,,,,,,,,,,,,,,,,,,,,,,,,,0.2550112009048462,0.16479651629924774,0.1344679296016693,0.38994356989860535,0.3181559145450592,0.22835680842399597,0.27056828141212463,0.2055472433567047,0.20675846934318542,0.3765060603618622,5.4501190185546875,3.901832103729248,3.4039175510406494,6.250098705291748,6.3514251708984375,5.807380676269531,6.769321441650391,5.072803974151611,4.672205448150635,6.822084426879883,,,,,,,,,,,6.966564655303955,4.494032859802246,5.283492088317871,8.680720329284668,8.070856094360352,7.744312763214111,8.51156234741211,5.347053527832031,5.219812870025635,9.347235679626465,,,,,,,,,,,,,,,,,,,,,,,,,,,,,,,,,,,,,,,,
21,4209,,,,,,,,,,,,,,,,,,,,,,,,,,,,,,,,,,,,,,,,,0.4630476236343384,0.7603704929351807,0.27685287594795227,0.34599313139915466,0.3501517176628113,0.5331919193267822,0.6221683025360107,0.3046790063381195,0.3468325734138489,0.627188503742218,7.268624305725098,7.5557332038879395,5.833629131317139,6.093743801116943,6.670414447784424,9.727964401245117,8.13833999633789,5.582489967346191,5.281294822692871,10.534010887145996,,,,,,,,,,,9.328179359436035,9.653280258178711,7.581169128417969,8.176898002624512,8.466965675354004,11.83362102508545,12.906983375549316,6.509984970092773,6.760569095611572,12.064136505126953,,,,,,,,,,,,,,,,,,,,,,,,,,,,,,,,,,,,,,,,
21,4214,,,,,,,,,,,,,,,,,,,,,,,,,,,,,,,,,,,,,,,,,0.4503650665283203,0.42194485664367676,0.3859345018863678,0.2831789553165436,0.49316731095314026,0.34100621938705444,0.3420676290988922,0.38793572783470154,0.6969572305679321,0.7010931968688965,7.132693767547607,5.558468818664551,6.3687968254089355,5.410961627960205,8.565492630004883,7.274449825286865,6.606004238128662,6.4972825050354,7.480630397796631,10.43215560913086,,,,,,,,,,,9.145140647888184,7.191014289855957,8.950936317443848,7.397506237030029,10.048397064208984,9.463614463806152,9.570326805114746,7.345791339874268,9.583548545837402,12.755136489868164,,,,,,,,,,,,,,,,,,,,,,,,,,,,,,,,,,,,,,,,
21,4219,,,,,,,,,,,,,,,,,,,,,,,,,,,,,,,,,,,,,,,,,0.31671586632728577,0.3021678030490875,0.36240100860595703,0.027109717950224876,0.8024295568466187,0.4315834939479828,0.26064833998680115,0.3103839159011841,0.21801847219467163,0.13570035994052887,5.839906692504883,4.798579692840576,6.658457279205322,1.8214479684829712,8.030158042907715,8.558831214904785,6.831336498260498,5.7969069480896,5.054999828338623,5.008440971374512,,,,,,,,,,,7.3787078857421875,6.085361003875732,8.673738479614258,2.2888498306274414,12.817493438720703,10.646533966064453,8.354073524475098,6.570650577545166,5.360063552856445,5.611612796783447,,,,,,,,,,,,,,,,,,,,,,,,,,,,,,,,,,,,,,,,
21,4224,,,,,,,,,,,,,,,,,,,,,,,,,,,,,,,,,,,,,,,,,0.3726922571659088,0.239272341132164,0.14969764649868011,0.1617269366979599,0.4340449273586273,0.6551071405410767,0.1984427124261856,0.39865514636039734,0.8947434425354004,0.22253985702991486,6.108148097991943,3.9909157752990723,4.218869686126709,3.93145489692688,7.3820881843566895,9.19310474395752,5.990352153778076,5.4846649169921875,9.045909881591797,5.735971927642822,,,,,,,,,,,7.989416599273682,5.415125846862793,5.57466983795166,5.59044075012207,9.426858901977539,13.116925239562988,7.289342880249023,7.446589469909668,10.858567237854004,7.186229705810547,,,,,,,,,,,,,,,,,,,,,,,,,,,,,,,,,,,,,,,,
21,4229,,,,,,,,,,,,,,,,,,,,,,,,,,,,,,,,,,,,,,,,,0.3747258186340332,0.485343873500824,0.5473073124885559,0.13515424728393555,0.2677585780620575,0.49808570742607117,0.26951223611831665,0.367641806602478,0.33939412236213684,0.4623343348503113,6.676798343658447,6.230490684509277,8.407153129577637,4.273422718048096,5.48577356338501,8.968253135681152,6.845007419586182,5.8303141593933105,5.832345008850098,8.218422889709473,,,,,,,,,,,8.335041046142578,7.712355613708496,10.65926456451416,5.110574245452881,7.404084205627441,11.437416076660156,8.494935035705566,7.1510725021362305,6.687679290771484,10.35798454284668,,,,,,,,,,,,,,,,,,,,,,,,,,,,,,,,,,,,,,,,
21,4234,,,,,,,,,,,,,,,,,,,,,,,,,,,,,,,,,,,,,,,,,0.27911627292633057,0.48500657081604004,0.19434921443462372,0.06880537420511246,0.32289209961891174,0.2477978765964508,0.3255375325679779,0.27064669132232666,0.2979815900325775,0.29902929067611694,5.54097843170166,5.78877067565918,5.853226661682129,2.9970998764038086,6.122389793395996,6.0078816413879395,5.862211227416992,5.756862640380859,5.128227710723877,6.3521342277526855,,,,,,,,,,,7.108262538909912,7.709674835205078,6.35189151763916,3.6464147567749023,8.130707740783691,8.067233085632324,9.336225509643555,6.1356425285339355,6.2663984298706055,8.330174446105957,,,,,,,,,,,,,,,,,,,,,,,,,,,,,,,,,,,,,,,,
21,4239,,,,,,,,,,,,,,,,,,,,,,,,,,,,,,,,,,,,,,,,,0.36849290132522583,0.17321108281612396,0.37429407238960266,0.5420538783073425,0.37611696124076843,0.28404611349105835,0.25935250520706177,0.7173061370849609,0.04811681807041168,0.5419384837150574,6.691451072692871,3.75716233253479,7.695441246032715,9.567426681518555,7.460804462432861,5.550455093383789,7.111307621002197,8.330453872680664,2.215952157974243,8.534061431884766,,,,,,,,,,,8.124869346618652,4.6073384284973145,8.814915657043457,10.234723091125488,8.775282859802246,8.637146949768066,8.333280563354492,9.988746643066406,2.518092632293701,11.214301109313965,,,,,,,,,,,,,,,,,,,,,,,,,,,,,,,,,,,,,,,,
21,4244,,,,,,,,,,,,,,,,,,,,,,,,,,,,,,,,,,,,,,,,,0.5587577819824219,0.5268256664276123,1.210465908050537,0.6997091770172119,0.4832115173339844,0.36961686611175537,0.39171916246414185,0.7509209513664246,0.2165670245885849,0.3797840178012848,7.525633335113525,4.138168811798096,14.5558500289917,9.07381820678711,6.4168314933776855,7.264904499053955,7.189478397369385,7.022455215454102,5.342191696166992,6.726999759674072,,,,,,,,,,,10.056239128112793,8.035181999206543,15.852140426635742,11.6282320022583,9.946454048156738,9.852620124816895,10.241374015808105,10.22011661529541,5.342191696166992,9.387837409973145,,,,,,,,,,,,,,,,,,,,,,,,,,,,,,,,,,,,,,,,
21,4249,,,,,,,,,,,,,,,,,,,,,,,,,,,,,,,,,,,,,,,,,0.4746992886066437,0.7784589529037476,0.3347870409488678,0.24880987405776978,0.3291967511177063,0.4713154733181,0.2786882519721985,0.42269328236579895,1.2754631042480469,0.13288091123104095,6.817346096038818,6.754125595092773,6.255923748016357,6.080936431884766,6.859364032745361,9.098616600036621,6.343249797821045,6.426806449890137,8.772185325622559,4.764906883239746,,,,,,,,,,,8.799717903137207,9.767426490783691,8.3367338180542,6.934077739715576,8.209702491760254,11.125811576843262,8.638337135314941,7.667810916900635,12.964543342590332,5.553010940551758,,,,,,,,,,,,,,,,,,,,,,,,,,,,,,,,,,,,,,,,
21,4254,,,,,,,,,,,,,,,,,,,,,,,,,,,,,,,,,,,,,,,,,0.40039435029029846,0.22891372442245483,0.1271325647830963,0.21518319845199585,0.31068605184555054,0.34403955936431885,0.6260740160942078,0.6679896116256714,0.6427261233329773,0.44080406427383423,6.747685432434082,4.047398567199707,4.341824531555176,5.60988187789917,6.4092302322387695,7.636902332305908,9.433852195739746,8.306628227233887,6.566270351409912,8.377180099487305,,,,,,,,,,,8.47415542602539,5.29661226272583,5.137360572814941,6.448505401611328,7.9755473136901855,9.505611419677734,12.947431564331055,9.639257431030273,9.203144073486328,10.113931655883789,,,,,,,,,,,,,,,,,,,,,,,,,,,,,,,,,,,,,,,,
21,4259,,,,,,,,,,,,,,,,,,,,,,,,,,,,,,,,,,,,,,,,,0.2929937243461609,0.27901241183280945,0.3043210506439209,0.3954354226589203,0.18780767917633057,0.3842555284500122,0.21686145663261414,0.2759830951690674,0.43824923038482666,0.1550176590681076,5.911433219909668,4.803403854370117,7.29123067855835,7.30489444732666,4.7411699295043945,7.78193473815918,6.5095624923706055,4.520974159240723,5.404265403747559,4.845464706420898,,,,,,,,,,,7.355276584625244,5.847551345825195,7.948362350463867,8.741634368896484,6.200922966003418,10.045831680297852,7.620123386383057,6.195837020874023,7.5994791984558105,5.99774169921875,,,,,,,,,,,,,,,,,,,,,,,,,,,,,,,,,,,,,,,,
21,4264,,,,,,,,,,,,,,,,,,,,,,,,,,,,,,,,,,,,,,,,,0.6859332323074341,1.2010911703109741,0.4344514310359955,0.33321642875671387,0.8031712770462036,1.200533151626587,0.6088942289352417,0.5281266570091248,0.034937720745801926,1.0289769172668457,8.011979103088379,8.101999282836914,6.678657531738281,6.921433448791504,8.327165603637695,12.803059577941895,8.9010648727417,6.721344947814941,1.5919994115829468,12.061086654663086,,,,,,,,,,,11.019086837768555,12.132498741149902,9.496909141540527,8.02450180053711,12.823415756225586,17.756729125976562,12.768552780151367,8.57092571258545,2.145707845687866,15.452546119689941,,,,,,,,,,,,,,,,,,,,,,,,,,,,,,,,,,,,,,,,
21,4267,,,,,,,,,,,,,,,,,,,,,,,,,,,,,,,,,,,,,,,,,,,,,,,,,,,6.426774978637695,5.157588005065918,6.377048492431641,6.158720970153809,6.63792085647583,8.071192741394043,7.054791450500488,5.62436056137085,5.561014175415039,7.198338031768799,0.5967360734939575,0.6001896858215332,0.6539585590362549,0.6636327505111694,0.5970792174339294,0.5077754259109497,0.5893828868865967,0.6059122681617737,0.5903525352478027,0.5623409748077393,8.470277786254883,6.820015907287598,8.346389770507812,8.030261993408203,8.906455993652344,10.706974983215332,9.448907852172852,7.314558029174805,7.257195472717285,9.4017333984375,0.5310266017913818,0.5739293098449707,0.5092970132827759,0.3704046308994293,0.5761842131614685,0.6667632460594177,0.4705623388290405,0.510917067527771,0.6213566660881042,0.47982531785964966,7.45896577835083,5.78222131729126,7.308948993682861,6.033127784729004,8.371746063232422,9.803038597106934,8.45750617980957,6.278002738952637,7.120821475982666,7.975278377532959,0.4015542268753052,0.3983796238899231,0.5929944515228271,0.5905999541282654,0.30113720893859863,0.39489394426345825,0.5123640894889832,0.17258459329605103,0.12222713232040405,0.5288069248199463,10.22570514678955,8.582732200622559,9.781048774719238,9.505556106567383,11.31074333190918,13.374300956726074,11.163557052612305,8.480313301086426,9.527237892150879,10.305862426757812
22,4269,,,,,,,,,,,,,,,,,,,,,,,,,,,,,,,,,,,,,,,,,0.27575957775115967,0.24936266243457794,0.12170520424842834,0.17346392571926117,0.37288331985473633,0.2549726665019989,0.24529647827148438,0.6459410190582275,0.289614737033844,0.1285959929227829,5.693437576293945,4.330260753631592,4.339242935180664,4.638832092285156,6.387795448303223,6.090906620025635,6.118117332458496,9.307150840759277,5.5272064208984375,4.501422882080078,,,,,,,,,,,6.9431939125061035,5.5281267166137695,5.026506423950195,5.789746284484863,8.737479209899902,8.183191299438477,8.104316711425781,9.478838920593262,6.177796840667725,5.462745189666748,,,,,,,,,,,,,,,,,,,,,,,,,,,,,,,,,,,,,,,,
22,4274,,,,,,,,,,,,,,,,,,,,,,,,,,,,,,,,,,,,,,,,,0.4491603672504425,0.2999635636806488,0.1860157698392868,0.4244968295097351,0.5268301367759705,0.9193668365478516,0.4315505623817444,0.17411094903945923,0.3158213794231415,0.7642874121665955,7.391700744628906,5.445311546325684,4.534651279449463,7.57340669631958,9.03528881072998,11.928810119628906,7.628574848175049,4.839138031005859,5.417199611663818,10.122928619384766,,,,,,,,,,,9.188733100891113,6.063124656677246,6.214219093322754,9.057161331176758,10.385680198669434,15.538900375366211,10.749460220336914,4.921208381652832,6.4512529373168945,13.317587852478027,,,,,,,,,,,,,,,,,,,,,,,,,,,,,,,,,,,,,,,,
22,4279,,,,,,,,,,,,,,,,,,,,,,,,,,,,,,,,,,,,,,,,,0.4441683292388916,0.45012426376342773,0.2639967203140259,0.3387173116207123,0.8266702890396118,0.5295728445053101,0.13847298920154572,0.4039653539657593,0.7666594386100769,0.27933549880981445,6.576468467712402,5.708420753479004,6.238994121551514,6.629454135894775,7.978366851806641,8.646556854248047,4.96524715423584,4.7749786376953125,7.417417049407959,6.8287787437438965,,,,,,,,,,,8.82349967956543,7.427257537841797,7.403054237365723,8.09046745300293,13.009654998779297,11.793392181396484,6.089102745056152,7.496020317077637,10.051352500915527,8.051194190979004,,,,,,,,,,,,,,,,,,,,,,,,,,,,,,,,,,,,,,,,
22,4284,,,,,,,,,,,,,,,,,,,,,,,,,,,,,,,,,,,,,,,,,0.25169870257377625,0.1729595959186554,0.13773372769355774,0.2732369899749756,0.12809444963932037,0.31530457735061646,0.22036030888557434,0.26168033480644226,0.5262954235076904,0.22962287068367004,5.448239803314209,3.6153531074523926,4.73275089263916,6.147441387176514,3.8050484657287598,8.004587173461914,6.0907392501831055,5.054459571838379,6.478537082672119,5.10524320602417,,,,,,,,,,,6.753444671630859,4.603992462158203,5.34726619720459,7.266489505767822,5.121118068695068,9.099991798400879,7.6813483238220215,6.033152103424072,8.327949523925781,7.29969596862793,,,,,,,,,,,,,,,,,,,,,,,,,,,,,,,,,,,,,,,,
22,4289,,,,,,,,,,,,,,,,,,,,,,,,,,,,,,,,,,,,,,,,,0.46004560589790344,0.466747522354126,0.381262868642807,0.23221871256828308,0.7065331935882568,0.49574097990989685,0.3464330732822418,0.4376601576805115,0.6382823586463928,0.4355311691761017,7.708670616149902,6.268954753875732,8.490065574645996,5.66304349899292,8.854578018188477,9.782255172729492,8.129223823547363,7.063080787658691,7.062393665313721,8.06443977355957,,,,,,,,,,,9.250497817993164,7.563159942626953,8.89659595489502,6.698899745941162,12.027238845825195,11.410463333129883,9.63120174407959,7.802381992340088,9.17127513885498,10.053257942199707,,,,,,,,,,,,,,,,,,,,,,,,,,,,,,,,,,,,,,,,
22,4294,,,,,,,,,,,,,,,,,,,,,,,,,,,,,,,,,,,,,,,,,0.3045802116394043,0.13157783448696136,0.1570085883140564,0.29260116815567017,0.1497424691915512,0.2660442888736725,0.21109142899513245,0.42609983682632446,0.7717772722244263,0.33527904748916626,5.858573913574219,3.631169557571411,4.800235748291016,6.236987590789795,4.212527275085449,6.42867374420166,6.044361591339111,5.7048845291137695,8.927579879760742,6.740744590759277,,,,,,,,,,,7.2513909339904785,4.015629768371582,5.709175109863281,7.51956844329834,5.5369696617126465,8.35897159576416,7.518064975738525,7.698646545410156,10.084846496582031,8.820646286010742,,,,,,,,,,,,,,,,,,,,,,,,,,,,,,,,,,,,,,,,
22,4299,,,,,,,,,,,,,,,,,,,,,,,,,,,,,,,,,,,,,,,,,0.5623632073402405,0.6526496410369873,0.8452413082122803,0.674381673336029,0.5619345903396606,1.210676908493042,0.27629345655441284,0.07074163109064102,0.4441925883293152,0.32515689730644226,8.142383575439453,5.840629577636719,10.737427711486816,8.760099411010742,8.690662384033203,14.050647735595703,7.435632228851318,2.9439167976379395,7.432250499725342,7.390183448791504,,,,,,,,,,,10.026531219482422,8.94339370727539,13.246526718139648,11.415837287902832,10.726116180419922,17.831584930419922,8.601140975952148,3.1368677616119385,7.650836944580078,8.686477661132812,,,,,,,,,,,,,,,,,,,,,,,,,,,,,,,,,,,,,,,,
22,4304,,,,,,,,,,,,,,,,,,,,,,,,,,,,,,,,,,,,,,,,,0.21526487171649933,0.3078967034816742,0.24486583471298218,0.1677662581205368,0.25914719700813293,0.2530888020992279,0.12938429415225983,0.06725584715604782,0.017476722598075867,0.49050214886665344,4.889379978179932,4.7968878746032715,6.358357906341553,4.25921630859375,5.630642890930176,6.5423407554626465,4.593510150909424,2.221750497817993,1.252118706703186,8.349595069885254,,,,,,,,,,,6.170477390289307,6.142777919769287,7.1297736167907715,5.693865776062012,7.284049034118652,8.15290355682373,5.8858819007873535,3.0586071014404297,1.5175858736038208,10.668850898742676,,,,,,,,,,,,,,,,,,,,,,,,,,,,,,,,,,,,,,,,
22,4309,,,,,,,,,,,,,,,,,,,,,,,,,,,,,,,,,,,,,,,,,0.3371533751487732,1.2958173751831055,0.13411466777324677,0.26714855432510376,0.2318899929523468,0.21273823082447052,0.14010575413703918,0.335086852312088,0.16455626487731934,0.2529227137565613,5.875897407531738,9.70849323272705,4.411759376525879,6.506089210510254,5.607673645019531,6.218542098999023,4.880516052246094,6.34119176864624,3.515308380126953,5.693503379821777,,,,,,,,,,,7.188714981079102,12.601846694946289,5.276546478271484,7.185075283050537,6.890340328216553,7.474783420562744,6.124897003173828,6.827117919921875,4.656723976135254,7.661099433898926,,,,,,,,,,,,,,,,,,,,,,,,,,,,,,,,,,,,,,,,
22,4314,,,,,,,,,,,,,,,,,,,,,,,,,,,,,,,,,,,,,,,,,0.320061057806015,0.2453099489212036,0.37609273195266724,0.31236061453819275,0.18918423354625702,0.6866071820259094,0.22353345155715942,0.24953995645046234,0.34605586528778076,0.2518654763698578,6.350523471832275,4.423298358917236,7.601049900054932,6.702430725097656,5.026702404022217,11.24104118347168,5.66489315032959,4.988682746887207,5.903016090393066,5.603598594665527,,,,,,,,,,,7.751850605010986,5.483020305633545,8.836069107055664,7.769320964813232,6.223606586456299,13.42857837677002,7.73645544052124,5.891539096832275,6.752994537353516,7.645071029663086,,,,,,,,,,,,,,,,,,,,,,,,,,,,,,,,,,,,,,,,
22,4319,,,,,,,,,,,,,,,,,,,,,,,,,,,,,,,,,,,,,,,,,0.3639194667339325,0.23895315825939178,0.2769685387611389,0.46331116557121277,0.5247406959533691,0.7308759689331055,0.18136385083198547,0.35914188623428345,0.1308077573776245,0.369112104177475,6.614350318908691,4.3845977783203125,7.317958354949951,7.920316696166992,7.883617877960205,10.237906455993652,5.569211006164551,5.340699672698975,3.7926390171051025,7.082207679748535,,,,,,,,,,,8.235509872436523,5.411512851715088,7.582752704620361,9.462181091308594,10.36506462097168,13.854718208312988,6.968609809875488,7.067922115325928,4.151834487915039,9.254998207092285,,,,,,,,,,,,,,,,,,,,,,,,,,,,,,,,,,,,,,,,
22,4324,,,,,,,,,,,,,,,,,,,,,,,,,,,,,,,,,,,,,,,,,0.3382056653499603,0.454527884721756,0.21136751770973206,0.1505628228187561,0.21974311769008636,0.5976776480674744,0.16247005760669708,0.20953617990016937,0.3383049964904785,0.6996604800224304,6.014929294586182,5.876152515411377,5.482469081878662,4.825353145599365,5.21749210357666,8.133254051208496,4.831225395202637,4.04755973815918,5.679119110107422,10.041739463806152,,,,,,,,,,,7.792367935180664,7.463500022888184,6.624159336090088,5.3940348625183105,6.707447528839111,12.528797149658203,6.595647811889648,5.398687839508057,6.676939964294434,12.742096900939941,,,,,,,,,,,,,,,,,,,,,,,,,,,,,,,,,,,,,,,,
22,4329,,,,,,,,,,,,,,,,,,,,,,,,,,,,,,,,,,,,,,,,,0.31430113315582275,0.48245540261268616,0.14326874911785126,0.6663591265678406,0.2074718475341797,0.392630010843277,0.4829932153224945,0.24410143494606018,0.0642063245177269,0.14522390067577362,5.648165225982666,6.229553699493408,4.12683629989624,7.647300720214844,4.929250240325928,7.637794017791748,7.569347858428955,5.248636722564697,2.635923147201538,4.808842658996582,,,,,,,,,,,7.452890872955322,7.689371585845947,5.453651428222656,11.347732543945312,6.517472743988037,10.154711723327637,11.372117042541504,5.826984882354736,2.9087886810302734,5.805187702178955,,,,,,,,,,,,,,,,,,,,,,,,,,,,,,,,,,,,,,,,
22,4334,,,,,,,,,,,,,,,,,,,,,,,,,,,,,,,,,,,,,,,,,0.23110055923461914,0.19296295940876007,0.0626838281750679,0.23319116234779358,0.21460430324077606,0.5056538581848145,0.12715557217597961,0.38059473037719727,0.14306342601776123,0.21999523043632507,5.272736549377441,4.165177822113037,3.301084518432617,5.81160306930542,5.376014709472656,8.187056541442871,4.536746025085449,6.27756929397583,3.2212307453155518,6.57814359664917,,,,,,,,,,,6.437075138092041,4.862943649291992,3.607358932495117,6.712912082672119,6.628554821014404,11.523981094360352,5.834968090057373,7.275957107543945,4.341978073120117,7.145026206970215,,,,,,,,,,,,,,,,,,,,,,,,,,,,,,,,,,,,,,,,
22,4339,,,,,,,,,,,,,,,,,,,,,,,,,,,,,,,,,,,,,,,,,0.3269706070423126,0.3321388363838196,0.257274329662323,0.128201425075531,0.4125659465789795,0.4390496611595154,0.43918660283088684,0.07938612997531891,0.3876798152923584,0.4672527015209198,6.192818641662598,5.1369147300720215,5.575404644012451,3.367966890335083,7.443747520446777,8.75635814666748,8.637629508972168,2.8130977153778076,5.911813259124756,8.092436790466309,,,,,,,,,,,7.813573360443115,6.380021095275879,7.30819034576416,4.977385520935059,9.190652847290039,10.738229751586914,10.844144821166992,3.323005199432373,7.147593975067139,10.412934303283691,,,,,,,,,,,,,,,,,,,,,,,,,,,,,,,,,,,,,,,,
22,4344,,,,,,,,,,,,,,,,,,,,,,,,,,,,,,,,,,,,,,,,,0.4788271486759186,0.4488252103328705,0.27947163581848145,0.2608218193054199,1.0097683668136597,0.5434314012527466,0.41071459650993347,0.49370718002319336,0.5377914309501648,0.3249124586582184,7.2173004150390625,6.444340229034424,5.976904392242432,5.747749328613281,9.603095054626465,9.073836326599121,8.317214965820312,6.892231464385986,6.680816650390625,6.219516754150391,,,,,,,,,,,9.370373725891113,7.416532516479492,7.616940021514893,7.099484920501709,14.378398895263672,11.946707725524902,10.486748695373535,8.286925315856934,8.418412208557129,8.683211326599121,,,,,,,,,,,,,,,,,,,,,,,,,,,,,,,,,,,,,,,,
22,4349,,,,,,,,,,,,,,,,,,,,,,,,,,,,,,,,,,,,,,,,,0.343195378780365,0.3248916268348694,0.29016736149787903,0.45544835925102234,0.4015035033226013,0.5276347994804382,0.23222191631793976,0.2924129366874695,0.29110187292099,0.2733760476112366,6.341195583343506,4.99065637588501,5.826380729675293,7.424593448638916,6.928652286529541,8.802294731140137,6.068451881408691,4.8571882247924805,5.751880645751953,6.4206624031066895,,,,,,,,,,,8.079195022583008,6.310031890869141,7.761326313018799,9.381546974182129,9.066597938537598,11.7717924118042,7.885375499725342,6.377595901489258,6.193637371063232,7.964846611022949,,,,,,,,,,,,,,,,,,,,,,,,,,,,,,,,,,,,,,,,
22,4354,,,,,,,,,,,,,,,,,,,,,,,,,,,,,,,,,,,,,,,,,0.3648137152194977,0.22315704822540283,0.6978899240493774,0.19443802535533905,0.24189554154872894,0.3638172745704651,0.23277105391025543,0.23584501445293427,0.6897820234298706,0.4037271738052368,6.50792932510376,4.07964563369751,10.144819259643555,4.5565619468688965,5.210575580596924,8.306768417358398,6.340533256530762,4.9229254722595215,7.720822334289551,7.288712978363037,,,,,,,,,,,8.116007804870605,5.229588985443115,12.036635398864746,6.129788398742676,7.037421226501465,9.775016784667969,7.894693374633789,5.7275919914245605,9.534090042114258,9.679238319396973,,,,,,,,,,,,,,,,,,,,,,,,,,,,,,,,,,,,,,,,
22,4359,,,,,,,,,,,,,,,,,,,,,,,,,,,,,,,,,,,,,,,,,0.2349618524312973,0.1505434513092041,0.2772785723209381,0.16186653077602386,0.21519549190998077,0.1162085086107254,0.18333877623081207,0.4775872826576233,0.05020315200090408,0.48243483901023865,5.007535934448242,3.433361530303955,6.156303405761719,4.476628303527832,5.079582214355469,4.0513691902160645,5.831335544586182,5.324563026428223,2.266345739364624,8.448332786560059,,,,,,,,,,,6.438574314117432,4.295297145843506,7.586994647979736,5.59285306930542,6.637679100036621,5.5245232582092285,7.006448745727539,8.150516510009766,2.5721054077148438,10.580751419067383,,,,,,,,,,,,,,,,,,,,,,,,,,,,,,,,,,,,,,,,
22,4364,,,,,,,,,,,,,,,,,,,,,,,,,,,,,,,,,,,,,,,,,0.29573294520378113,0.37582892179489136,0.233860582113266,0.04928448423743248,0.23493677377700806,0.38550853729248047,0.36596035957336426,0.2917032539844513,0.33574581146240234,0.3887678384780884,5.964744567871094,5.319162845611572,5.993192195892334,2.462745428085327,6.148850440979004,7.658662796020508,7.740758895874023,5.898165225982666,5.575894355773926,6.885272026062012,,,,,,,,,,,7.3618645668029785,6.786679744720459,6.967711448669434,3.086099863052368,6.935458183288574,10.062198638916016,9.898920059204102,6.369852542877197,6.651638031005859,9.498222351074219,,,,,,,,,,,,,,,,,,,,,,,,,,,,,,,,,,,,,,,,
22,4369,,,,,,,,,,,,,,,,,,,,,,,,,,,,,,,,,,,,,,,,,0.4220181107521057,0.24799345433712006,0.49242374300956726,0.46285638213157654,0.3002016246318817,0.8785431385040283,0.46388673782348633,0.3569115996360779,0.33315789699554443,0.26218828558921814,7.211403846740723,4.660648822784424,7.853832721710205,8.840396881103516,6.80331563949585,11.237947463989258,8.755586624145508,5.332398414611816,5.649558067321777,5.768944263458252,,,,,,,,,,,8.969772338867188,5.512928485870361,10.110698699951172,9.457535743713379,7.839821815490723,15.189987182617188,11.144914627075195,7.045941352844238,6.625953197479248,7.800166130065918,,,,,,,,,,,,,,,,,,,,,,,,,,,,,,,,,,,,,,,,
22,4374,,,,,,,,,,,,,,,,,,,,,,,,,,,,,,,,,,,,,,,,,0.26877444982528687,0.16855692863464355,0.15000003576278687,0.17639470100402832,0.22765034437179565,0.3043540120124817,0.4508044719696045,0.3511255383491516,0.3275758624076843,0.26250818371772766,5.473398685455322,3.507411241531372,4.147214412689209,4.87071418762207,5.204348564147949,7.062687397003174,8.248625755310059,5.415264129638672,5.132430553436279,5.6718950271606445,,,,,,,,,,,7.12019681930542,4.545017719268799,5.580296993255615,5.838451385498047,6.827061653137207,8.940573692321777,10.986639976501465,6.988595485687256,6.570209980010986,7.804923057556152,,,,,,,,,,,,,,,,,,,,,,,,,,,,,,,,,,,,,,,,
22,4379,,,,,,,,,,,,,,,,,,,,,,,,,,,,,,,,,,,,,,,,,0.5842660069465637,0.4059070348739624,1.152976155281067,0.7591545581817627,0.6017835140228271,0.583609402179718,0.5486899614334106,0.3512391746044159,0.3496518135070801,0.5053825378417969,8.52122974395752,6.254030704498291,14.909442901611328,8.622270584106445,9.088047981262207,9.33575439453125,9.013782501220703,4.896725177764893,5.676048755645752,8.894968032836914,,,,,,,,,,,10.53830337524414,7.053027629852295,15.471121788024902,12.112114906311035,11.0999174118042,12.38046646118164,12.12088394165039,6.989726543426514,6.787990570068359,10.829472541809082,,,,,,,,,,,,,,,,,,,,,,,,,,,,,,,,,,,,,,,,
22,4384,,,,,,,,,,,,,,,,,,,,,,,,,,,,,,,,,,,,,,,,,0.6134111881256104,0.6313199400901794,0.36420828104019165,0.34000346064567566,0.49942052364349365,0.5017777681350708,0.2815377414226532,0.7813682556152344,1.767663836479187,0.3534010648727417,8.355546951293945,7.444937705993652,7.008179187774658,7.075538635253906,7.1734395027160645,10.018378257751465,6.582498073577881,8.321755409240723,13.9124755859375,7.662717819213867,,,,,,,,,,,10.068306922912598,8.796036720275879,8.695340156555176,8.105813026428223,10.11190128326416,11.479726791381836,8.68238639831543,10.425253868103027,15.262410163879395,9.055889129638672,,,,,,,,,,,,,,,,,,,,,,,,,,,,,,,,,,,,,,,,
22,4389,,,,,,,,,,,,,,,,,,,,,,,,,,,,,,,,,,,,,,,,,0.4026387631893158,0.3506152629852295,0.17122457921504974,0.32877787947654724,0.4826192855834961,0.4448385238647461,0.5276291966438293,0.3301664888858795,0.23607158660888672,0.75180584192276,6.335133075714111,5.817904472351074,5.054008483886719,5.749197959899902,6.831851482391357,7.9881792068481445,7.5872955322265625,4.839012622833252,3.0576682090759277,10.091078758239746,,,,,,,,,,,8.742877960205078,6.555075168609619,5.962037563323975,7.970877647399902,9.940357208251953,10.80879020690918,11.885986328125,6.776808261871338,5.577571392059326,13.208394050598145,,,,,,,,,,,,,,,,,,,,,,,,,,,,,,,,,,,,,,,,
22,4394,,,,,,,,,,,,,,,,,,,,,,,,,,,,,,,,,,,,,,,,,0.691245973110199,0.7171313762664795,0.9577848315238953,0.7280439734458923,0.4466809630393982,0.7708070874214172,0.8226776123046875,0.7655303478240967,0.4842401146888733,0.5283174514770508,9.152823448181152,7.420070171356201,12.408336639404297,8.724823951721191,7.510193824768066,11.163166999816895,10.733329772949219,8.441452026367188,7.098564147949219,8.875479698181152,,,,,,,,,,,11.48331356048584,9.374792098999023,14.100860595703125,11.86133861541748,9.563092231750488,14.22815990447998,14.841768264770508,10.319055557250977,7.988286972045898,11.072474479675293,,,,,,,,,,,,,,,,,,,,,,,,,,,,,,,,,,,,,,,,
22,4399,,,,,,,,,,,,,,,,,,,,,,,,,,,,,,,,,,,,,,,,,0.38719668984413147,0.17513002455234528,0.5127280950546265,0.3943127393722534,0.24123375117778778,0.41258731484413147,0.5290701389312744,0.48069697618484497,0.22933807969093323,0.5096733570098877,6.290278434753418,3.73606276512146,7.26310920715332,6.757152557373047,5.035425186157227,7.563285827636719,8.108240127563477,6.447967529296875,3.8281357288360596,7.873127460479736,,,,,,,,,,,8.6187162399292,4.632789611816406,10.31704330444336,8.729216575622559,7.0277886390686035,10.40959358215332,11.902205467224121,8.177007675170898,5.497451305389404,10.875348091125488,,,,,,,,,,,,,,,,,,,,,,,,,,,,,,,,,,,,,,,,
22,4404,,,,,,,,,,,,,,,,,,,,,,,,,,,,,,,,,,,,,,,,,0.25342857837677,0.09862254559993744,0.17912855744361877,0.2394745945930481,0.3707076609134674,0.26089122891426086,0.5584204792976379,0.2077150195837021,0.11396682262420654,0.2519301176071167,5.435669898986816,2.5835583209991455,5.0592451095581055,5.8727898597717285,6.302381992340088,5.873513698577881,9.550833702087402,4.842191219329834,3.0226807594299316,5.813835620880127,,,,,,,,,,,6.943495750427246,3.476565361022949,6.098093509674072,6.802751541137695,8.71195125579834,8.27762222290039,12.227887153625488,5.375175952911377,3.875364303588867,7.64605188369751,,,,,,,,,,,,,,,,,,,,,,,,,,,,,,,,,,,,,,,,
22,4409,,,,,,,,,,,,,,,,,,,,,,,,,,,,,,,,,,,,,,,,,0.3236997425556183,0.4089541733264923,0.512756884098053,0.3051382005214691,0.33034205436706543,0.5217265486717224,0.06685615330934525,0.15014491975307465,0.05073726922273636,0.566641628742218,6.069404125213623,5.6645188331604,8.845598220825195,7.052117824554443,5.363863468170166,8.635476112365723,3.6382250785827637,3.4551596641540527,2.249742031097412,9.719937324523926,,,,,,,,,,,7.539908409118652,7.079451084136963,10.317331314086914,7.67897367477417,8.223971366882324,11.705698013305664,4.230985164642334,4.569976806640625,2.585751533508301,11.467041969299316,,,,,,,,,,,,,,,,,,,,,,,,,,,,,,,,,,,,,,,,
22,4414,,,,,,,,,,,,,,,,,,,,,,,,,,,,,,,,,,,,,,,,,0.33229637145996094,0.36307594180107117,0.4750398099422455,0.49001359939575195,0.31226345896720886,0.14602170884609222,0.15539948642253876,0.3358890414237976,0.5066651105880737,0.2062990963459015,6.261159420013428,6.020681858062744,9.054717063903809,8.271262168884277,6.485537052154541,4.5202507972717285,4.809617519378662,5.085567474365234,6.436811923980713,5.665988445281982,,,,,,,,,,,7.655195713043213,6.6705403327941895,9.930627822875977,9.731033325195312,7.9957685470581055,6.192765235900879,6.450532913208008,6.835285186767578,8.171161651611328,6.919040679931641,,,,,,,,,,,,,,,,,,,,,,,,,,,,,,,,,,,,,,,,
22,4419,,,,,,,,,,,,,,,,,,,,,,,,,,,,,,,,,,,,,,,,,0.35554739832878113,0.47405990958213806,0.4167133867740631,0.3002682328224182,0.27374860644340515,0.37676090002059937,0.1923144906759262,0.4004625082015991,0.5491013526916504,0.21649716794490814,6.289766788482666,5.787722587585449,8.425261497497559,6.6443281173706055,6.270302772521973,7.0767130851745605,4.9860310554504395,5.117950439453125,6.5549211502075195,5.744668483734131,,,,,,,,,,,8.02314281463623,7.622174263000488,9.301015853881836,7.6174492835998535,7.486444473266602,9.947381019592285,7.175906658172607,7.4634504318237305,8.506473541259766,7.08799409866333,,,,,,,,,,,,,,,,,,,,,,,,,,,,,,,,,,,,,,,,
22,4424,,,,,,,,,,,,,,,,,,,,,,,,,,,,,,,,,,,,,,,,,0.21083706617355347,0.1850568801164627,0.20760785043239594,0.15212412178516388,0.11668089777231216,0.2653008997440338,0.4314895272254944,0.21071012318134308,0.14584840834140778,0.18271484971046448,4.872499942779541,3.6935901641845703,5.2522053718566895,4.164925575256348,3.8440442085266113,6.002586841583252,7.174264430999756,4.950850486755371,3.496161460876465,5.273869514465332,,,,,,,,,,,6.338021278381348,4.762279510498047,6.5649824142456055,5.421930313110352,4.887643814086914,8.347284317016602,10.748699188232422,5.413790225982666,4.384036540985107,6.5115461349487305,,,,,,,,,,,,,,,,,,,,,,,,,,,,,,,,,,,,,,,,
22,4429,,,,,,,,,,,,,,,,,,,,,,,,,,,,,,,,,,,,,,,,,0.3085289001464844,0.4891558289527893,0.5792782306671143,0.09412294626235962,0.1576501727104187,0.32109934091567993,0.23889324069023132,0.17372196912765503,0.38451096415519714,0.3383273184299469,6.10171365737915,6.160926818847656,9.613052368164062,3.407686948776245,4.535074234008789,6.963541507720947,6.1399993896484375,4.490304946899414,6.149083137512207,7.455754280090332,,,,,,,,,,,7.414516925811768,7.742583751678467,10.966177940368652,4.264839172363281,5.681289196014404,9.183232307434082,7.997840404510498,4.915708541870117,7.118322372436523,8.860652923583984,,,,,,,,,,,,,,,,,,,,,,,,,,,,,,,,,,,,,,,,
22,4434,,,,,,,,,,,,,,,,,,,,,,,,,,,,,,,,,,,,,,,,,0.2630866467952728,0.30736052989959717,0.12275218218564987,0.2407592535018921,0.43623146414756775,0.21863329410552979,0.15919294953346252,0.2135450690984726,0.2939133048057556,0.37539175152778625,5.679708480834961,4.979800701141357,4.127259254455566,5.936720848083496,7.490854263305664,6.275917053222656,4.898266315460205,4.9152045249938965,5.324860572814941,7.168492317199707,,,,,,,,,,,6.952270984649658,6.137426853179932,5.048080921173096,6.820974349975586,9.45057201385498,7.577640533447266,6.528789520263672,5.450088024139404,6.223474502563477,9.333393096923828,,,,,,,,,,,,,,,,,,,,,,,,,,,,,,,,,,,,,,,,
22,4439,,,,,,,,,,,,,,,,,,,,,,,,,,,,,,,,,,,,,,,,,0.4360722005367279,0.38057470321655273,0.4846263825893402,0.47385820746421814,0.30769455432891846,1.0631369352340698,0.3111799657344818,0.3767034113407135,0.16106711328029633,0.3658083975315094,6.979110240936279,5.549631595611572,8.443309783935547,6.636242389678955,6.514801025390625,11.791187286376953,6.4737067222595215,6.147682189941406,3.3204281330108643,7.935003280639648,,,,,,,,,,,9.0292329788208,6.829394817352295,10.030328750610352,9.569276809692383,7.9370574951171875,16.70977020263672,9.128020286560059,7.23866605758667,4.607090473175049,9.21348762512207,,,,,,,,,,,,,,,,,,,,,,,,,,,,,,,,,,,,,,,,
22,4444,,,,,,,,,,,,,,,,,,,,,,,,,,,,,,,,,,,,,,,,,0.39373692870140076,0.4590512812137604,0.1918853372335434,0.3850860297679901,0.5546166300773621,0.8252099752426147,0.3465288281440735,0.2170361876487732,0.07355550676584244,0.49066224694252014,6.7130303382873535,5.880925178527832,5.405051231384277,7.444404602050781,8.986459732055664,11.235626220703125,6.94089412689209,4.193670749664307,2.5168023109436035,7.813441753387451,,,,,,,,,,,8.525248527526855,7.500546455383301,6.311499118804932,8.626482963562012,10.656045913696289,14.721704483032227,9.632532119750977,5.494457244873047,3.1133711338043213,10.670592308044434,,,,,,,,,,,,,,,,,,,,,,,,,,,,,,,,,,,,,,,,
22,4449,,,,,,,,,,,,,,,,,,,,,,,,,,,,,,,,,,,,,,,,,0.2376960963010788,0.24442033469676971,0.17650049924850464,0.2727418541908264,0.19541941583156586,0.24807137250900269,0.22272634506225586,0.11471856385469437,0.43643802404403687,0.22822849452495575,5.29382848739624,4.386058807373047,5.151458740234375,6.33480978012085,4.479860782623291,6.524313926696777,5.708457946777344,3.1659584045410156,6.983394145965576,4.910141944885254,,,,,,,,,,,6.640171527862549,5.473069190979004,6.053194522857666,7.2599029541015625,6.3253350257873535,8.071684837341309,7.722476482391357,3.9946205615997314,7.5837602615356445,7.277498245239258,,,,,,,,,,,,,,,,,,,,,,,,,,,,,,,,,,,,,,,,
22,4454,,,,,,,,,,,,,,,,,,,,,,,,,,,,,,,,,,,,,,,,,0.3455829918384552,0.34851381182670593,0.3541103005409241,0.5929699540138245,0.12240840494632721,0.3068356215953827,0.14298339188098907,0.10256850719451904,0.6525439620018005,0.487312912940979,6.681227207183838,5.663678169250488,7.799673557281494,9.492963790893555,4.135525703430176,5.953849792480469,5.280235290527344,3.6481804847717285,9.055891036987305,9.101044654846191,,,,,,,,,,,7.741000652313232,6.535401344299316,8.573948860168457,10.704619407653809,5.006165981292725,8.976948738098145,6.187477111816406,3.77716326713562,9.27316951751709,10.634110450744629,,,,,,,,,,,,,,,,,,,,,,,,,,,,,,,,,,,,,,,,
22,4459,,,,,,,,,,,,,,,,,,,,,,,,,,,,,,,,,,,,,,,,,0.2725282311439514,0.16142041981220245,0.1454843282699585,0.39325982332229614,0.2785339057445526,0.30125102400779724,0.3017558753490448,0.13223643600940704,0.24759691953659058,0.49121522903442383,5.737918853759766,3.875690221786499,4.5676093101501465,7.500821590423584,6.2952165603637695,7.058310508728027,6.454641819000244,3.8800063133239746,5.1826372146606445,6.826334476470947,,,,,,,,,,,7.197074890136719,4.4477620124816895,5.4956583976745605,8.717554092407227,7.5515947341918945,8.894881248474121,8.988736152648926,4.288785457611084,5.712101459503174,10.676602363586426,,,,,,,,,,,,,,,,,,,,,,,,,,,,,,,,,,,,,,,,
22,4461,,,,,,,,,,,,,,,,,,,,,,,,,,,,,,,,,,,,,,,,,,,,,,,,,,,6.381258010864258,5.203812122344971,6.282655239105225,5.998513221740723,6.575904846191406,8.064617156982422,7.05381965637207,5.469586372375488,5.596376895904541,7.186037540435791,0.6009998321533203,0.595218300819397,0.6629608273506165,0.6719290018081665,0.604657769203186,0.5125950574874878,0.5860905051231384,0.6234530806541443,0.5859100222587585,0.5661838054656982,8.4222412109375,6.8622870445251465,8.237107276916504,7.930613040924072,8.822298049926758,10.654425621032715,9.486714363098145,7.149918079376221,7.296440124511719,9.36036491394043,0.5220673680305481,0.5295581817626953,0.6095821857452393,0.36804768443107605,0.5350015163421631,0.6121135354042053,0.44042453169822693,0.4740540683269501,0.5984039306640625,0.5314205884933472,7.39695930480957,5.580115795135498,8.082388877868652,5.7316203117370605,8.079530715942383,9.40936279296875,8.225407600402832,6.084284782409668,6.943718433380127,8.436202049255371,0.4204719364643097,0.44824230670928955,0.4924710988998413,0.5881248116493225,0.3491118550300598,0.44635164737701416,0.5477925539016724,0.22664600610733032,0.20227473974227905,0.48323237895965576,10.134305000305176,8.219368934631348,10.92233943939209,9.534247398376465,10.915618896484375,12.792998313903809,10.750375747680664,8.198592185974121,9.082441329956055,10.792760848999023
23,4464,,,,,,,,,,,,,,,,,,,,,,,,,,,,,,,,,,,,,,,,,0.3011307120323181,0.3692900538444519,0.22104056179523468,0.1632658988237381,0.28712671995162964,0.1869196742773056,0.5569241046905518,0.49529239535331726,0.2179906666278839,0.21232622861862183,5.722891330718994,5.631621360778809,5.688969612121582,4.157705307006836,5.9547648429870605,5.5482892990112305,8.008293151855469,6.21129846572876,4.666485786437988,5.63859224319458,,,,,,,,,,,7.409216403961182,6.727381706237793,6.774038791656494,5.616977214813232,7.667193412780762,7.006536483764648,12.211493492126465,8.300219535827637,5.359721660614014,7.019384384155273,,,,,,,,,,,,,,,,,,,,,,,,,,,,,,,,,,,,,,,,
23,4469,,,,,,,,,,,,,,,,,,,,,,,,,,,,,,,,,,,,,,,,,0.284099280834198,0.16720648109912872,0.18702951073646545,0.1080283671617508,0.8082360625267029,0.2700652480125427,0.3715134561061859,0.33134597539901733,0.11692561954259872,0.1965429037809372,5.620144367218018,3.8922929763793945,5.673933506011963,4.363960266113281,7.605391025543213,6.363184928894043,7.485241413116455,6.576757431030273,3.215815305709839,5.404723644256592,,,,,,,,,,,7.117117881774902,4.5267744064331055,6.231128692626953,4.569027423858643,12.863783836364746,8.42190170288086,9.973740577697754,6.788902759552002,3.9253478050231934,6.753453254699707,,,,,,,,,,,,,,,,,,,,,,,,,,,,,,,,,,,,,,,,
23,4474,,,,,,,,,,,,,,,,,,,,,,,,,,,,,,,,,,,,,,,,,0.33888131380081177,0.2582860589027405,0.09164376556873322,0.2138528674840927,0.21745476126670837,0.8530130982398987,0.0852552279829979,0.5515978336334229,0.4308461546897888,0.3479819893836975,5.9611287117004395,4.918760299682617,3.724447727203369,4.961550712585449,4.8803181648254395,10.275686264038086,3.998964548110962,7.191499710083008,6.564554691314697,7.134377956390381,,,,,,,,,,,7.568325519561768,5.626168727874756,4.361773490905762,6.42854118347168,6.672430992126465,14.967653274536133,4.777836799621582,8.75931167602539,7.535019874572754,8.986190795898438,,,,,,,,,,,,,,,,,,,,,,,,,,,,,,,,,,,,,,,,
23,4479,,,,,,,,,,,,,,,,,,,,,,,,,,,,,,,,,,,,,,,,,0.4078592360019684,0.2957102358341217,0.3459523320198059,0.36040985584259033,0.3817710280418396,0.4897213280200958,0.31673741340637207,0.507378339767456,0.35746893286705017,0.6155837178230286,7.273298740386963,4.87462854385376,7.122174263000488,6.990931987762451,7.391628265380859,8.938403129577637,8.362646102905273,5.40371561050415,6.220732688903809,10.154829025268555,,,,,,,,,,,8.827509880065918,6.019985198974609,8.474611282348633,8.345516204833984,8.840993881225586,11.340973854064941,9.209169387817383,8.400877952575684,6.863449573516846,11.952005386352539,,,,,,,,,,,,,,,,,,,,,,,,,,,,,,,,,,,,,,,,
23,4484,,,,,,,,,,,,,,,,,,,,,,,,,,,,,,,,,,,,,,,,,0.4203864634037018,0.9795950055122375,0.42712685465812683,0.22008733451366425,0.4401921033859253,0.26807594299316406,0.28469541668891907,0.2762944996356964,0.3448450267314911,0.5425658822059631,6.681501388549805,7.2359137535095215,7.642536640167236,5.176637649536133,6.723182201385498,6.08523416519165,6.848870754241943,5.5742950439453125,5.660122871398926,9.18671703338623,,,,,,,,,,,8.630152702331543,10.956846237182617,9.416512489318848,6.521574020385742,9.493378639221191,8.390827178955078,8.730940818786621,6.199331760406494,6.7411699295043945,11.220789909362793,,,,,,,,,,,,,,,,,,,,,,,,,,,,,,,,,,,,,,,,
23,4489,,,,,,,,,,,,,,,,,,,,,,,,,,,,,,,,,,,,,,,,,0.25348636507987976,0.19129395484924316,0.2025306671857834,0.14289937913417816,0.22294943034648895,0.23638826608657837,0.16046424210071564,0.1530933529138565,0.6256183981895447,0.346139520406723,5.486451148986816,4.249725341796875,5.2152018547058105,4.267769813537598,5.77313756942749,6.741157054901123,5.348389625549316,3.500553846359253,7.468504428863525,6.813620090484619,,,,,,,,,,,6.7142462730407715,4.841866970062256,6.484209060668945,5.254968166351318,6.7562055587768555,7.879321098327637,6.554807662963867,4.614629745483398,9.07983684539795,8.962368965148926,,,,,,,,,,,,,,,,,,,,,,,,,,,,,,,,,,,,,,,,
23,4494,,,,,,,,,,,,,,,,,,,,,,,,,,,,,,,,,,,,,,,,,0.2629868686199188,0.38325250148773193,0.27227628231048584,0.109219491481781,0.2215689718723297,0.5540227890014648,0.27391496300697327,0.07830271124839783,0.2561335265636444,0.21819069981575012,5.588369369506836,5.708603858947754,5.962262153625488,3.7524313926696777,5.4815497398376465,9.880935668945312,5.987526893615723,2.346388578414917,5.139225006103516,6.036397457122803,,,,,,,,,,,6.95036506652832,6.853378772735596,7.518246173858643,4.594147205352783,6.735256195068359,12.062565803527832,8.56403923034668,3.3002521991729736,5.809737205505371,7.115662097930908,,,,,,,,,,,,,,,,,,,,,,,,,,,,,,,,,,,,,,,,
23,4499,,,,,,,,,,,,,,,,,,,,,,,,,,,,,,,,,,,,,,,,,0.14120908081531525,0.08222422003746033,0.07899598777294159,0.0903489738702774,0.1284296065568924,0.10080039501190186,0.14915262162685394,0.18368622660636902,0.13890956342220306,0.3183341920375824,3.9279708862304688,2.8346707820892334,3.1193084716796875,2.951998472213745,4.195080280303955,4.24373722076416,4.6276702880859375,4.4896392822265625,2.594693660736084,6.29494047164917,,,,,,,,,,,5.102573871612549,3.174403667449951,4.049619674682617,4.178462505340576,5.127813339233398,5.145256519317627,6.31955099105835,5.054718971252441,4.278479099273682,8.594861030578613,,,,,,,,,,,,,,,,,,,,,,,,,,,,,,,,,,,,,,,,
23,4504,,,,,,,,,,,,,,,,,,,,,,,,,,,,,,,,,,,,,,,,,0.3603055775165558,0.2468942552804947,0.33004093170166016,0.29300200939178467,0.14952291548252106,0.3514632284641266,0.2426767647266388,0.8250728845596313,0.56334388256073,0.24073325097560883,6.441766738891602,4.404296398162842,5.9256134033203125,6.414632797241211,4.384183406829834,7.20711088180542,6.706845760345459,8.353899002075195,8.11961841583252,6.459696292877197,,,,,,,,,,,7.923048973083496,5.500698089599609,8.277430534362793,7.524717330932617,5.532908916473389,9.607620239257812,8.060924530029297,10.712846755981445,8.616086959838867,7.474208831787109,,,,,,,,,,,,,,,,,,,,,,,,,,,,,,,,,,,,,,,,
23,4509,,,,,,,,,,,,,,,,,,,,,,,,,,,,,,,,,,,,,,,,,0.4100942611694336,0.5192333459854126,0.19577930867671967,0.47140467166900635,0.4719337821006775,0.26744240522384644,0.38364744186401367,0.4301551282405853,0.7376003265380859,0.21365199983119965,6.60121488571167,6.496488571166992,5.495614051818848,6.433506965637207,7.760812759399414,7.367239475250244,7.621190547943115,4.718514919281006,7.310837745666504,6.206730365753174,,,,,,,,,,,8.542017936706543,7.9770731925964355,6.375218391418457,9.544469833374023,9.82969856262207,8.38090705871582,10.135308265686035,7.735194683074951,9.85902214050293,7.04126501083374,,,,,,,,,,,,,,,,,,,,,,,,,,,,,,,,,,,,,,,,
23,4514,,,,,,,,,,,,,,,,,,,,,,,,,,,,,,,,,,,,,,,,,0.4079430401325226,0.7204237580299377,0.5428728461265564,0.5951088070869446,0.20450010895729065,0.5521368980407715,0.15014271438121796,0.4359346330165863,0.1523774117231369,0.3179899752140045,6.771144390106201,6.531816482543945,9.788647651672363,8.245656967163086,5.437126159667969,8.908308982849121,4.994489669799805,5.659571647644043,4.0180745124816895,7.35660982131958,,,,,,,,,,,8.494178771972656,9.396286964416504,10.615995407104492,10.723907470703125,6.470627784729004,12.042016983032227,6.34049129486084,7.786986351013184,4.481089115142822,8.590211868286133,,,,,,,,,,,,,,,,,,,,,,,,,,,,,,,,,,,,,,,,
23,4519,,,,,,,,,,,,,,,,,,,,,,,,,,,,,,,,,,,,,,,,,0.2613968253135681,0.22750166058540344,0.1343754529953003,0.15074817836284637,0.2871541380882263,0.8305190205574036,0.2167733758687973,0.09983722120523453,0.218184232711792,0.187478169798851,5.226283550262451,3.951744556427002,4.017186164855957,4.690129280090332,6.127247333526611,9.637544631958008,5.730710029602051,3.054048538208008,4.741611480712891,5.086330890655518,,,,,,,,,,,6.855434894561768,5.280250549316406,5.281674385070801,5.397354602813721,7.66756010055542,14.768985748291016,7.618575096130371,3.7265331745147705,5.362101078033447,6.595877647399902,,,,,,,,,,,,,,,,,,,,,,,,,,,,,,,,,,,,,,,,
23,4524,,,,,,,,,,,,,,,,,,,,,,,,,,,,,,,,,,,,,,,,,0.332074373960495,0.6524363160133362,0.2956854999065399,0.12857387959957123,0.12385670840740204,0.2479272186756134,0.2067723125219345,0.44337689876556396,0.7148992419242859,0.17514130473136902,6.118015289306641,6.893446922302246,6.326474666595459,3.7941863536834717,4.378024578094482,6.511357307434082,6.0505194664001465,6.501589775085449,9.190750122070312,5.4157891273498535,,,,,,,,,,,7.360174655914307,8.94193172454834,7.834777355194092,4.9846110343933105,5.035694599151611,8.06933879852295,7.4407548904418945,7.853174686431885,9.706121444702148,6.375165939331055,,,,,,,,,,,,,,,,,,,,,,,,,,,,,,,,,,,,,,,,
23,4529,,,,,,,,,,,,,,,,,,,,,,,,,,,,,,,,,,,,,,,,,0.3958947956562042,0.16077786684036255,0.20885583758354187,0.6483121514320374,0.3590641915798187,0.4694131910800934,0.12323619425296783,0.5954707860946655,0.3628197908401489,0.635103166103363,6.500891208648682,3.1983354091644287,5.889493942260742,8.768190383911133,6.710381984710693,7.8969011306762695,5.0441484451293945,7.711843967437744,5.705316066741943,7.583404541015625,,,,,,,,,,,8.421550750732422,4.438900470733643,6.584684371948242,11.193012237548828,8.574044227600098,11.103336334228516,5.74433708190918,9.100996017456055,6.9146270751953125,12.14001750946045,,,,,,,,,,,,,,,,,,,,,,,,,,,,,,,,,,,,,,,,
23,4534,,,,,,,,,,,,,,,,,,,,,,,,,,,,,,,,,,,,,,,,,0.41999003291130066,0.6040701270103455,0.39407190680503845,0.14606857299804688,0.32010117173194885,0.49318161606788635,0.8203627467155457,0.28980767726898193,0.3382553458213806,0.3739911913871765,6.574179172515869,6.2648844718933105,6.177948474884033,4.663114070892334,6.098348140716553,8.479552268981934,10.93950366973877,3.482706069946289,5.31596565246582,7.7455925941467285,,,,,,,,,,,8.844524383544922,8.604109764099121,9.044808387756348,5.312920093536377,8.095492362976074,11.38097095489502,14.820871353149414,6.349122047424316,6.676450252532959,9.315966606140137,,,,,,,,,,,,,,,,,,,,,,,,,,,,,,,,,,,,,,,,
23,4539,,,,,,,,,,,,,,,,,,,,,,,,,,,,,,,,,,,,,,,,,0.27350494265556335,0.6785606145858765,0.398632287979126,0.0963788628578186,0.21765924990177155,0.3336997330188751,0.09616781026124954,0.17600131034851074,0.13819575309753418,0.3262488842010498,5.392601490020752,7.032407760620117,6.483551979064941,3.6624298095703125,4.940188407897949,6.867810249328613,4.197895526885986,4.920533657073975,3.9284212589263916,6.500173091888428,,,,,,,,,,,6.839985370635986,9.119196891784668,9.096994400024414,4.315645694732666,6.675567150115967,9.361680030822754,5.074411392211914,4.947851657867432,4.267471790313721,8.701051712036133,,,,,,,,,,,,,,,,,,,,,,,,,,,,,,,,,,,,,,,,
23,4544,,,,,,,,,,,,,,,,,,,,,,,,,,,,,,,,,,,,,,,,,0.26063087582588196,0.25671303272247314,0.23971350491046906,0.3819528818130493,0.1942380964756012,0.16960833966732025,0.1676783561706543,0.4192422032356262,0.2237870991230011,0.29274433851242065,5.547784805297852,4.174356937408447,5.545973777770996,7.222961902618408,5.457691669464111,4.5471930503845215,5.509475231170654,5.992123603820801,4.784576416015625,6.695706844329834,,,,,,,,,,,6.916082859039307,5.609010696411133,7.054365158081055,8.591318130493164,6.306187152862549,6.674204349517822,6.70053243637085,7.636444568634033,5.43051290512085,8.242167472839355,,,,,,,,,,,,,,,,,,,,,,,,,,,,,,,,,,,,,,,,
23,4549,,,,,,,,,,,,,,,,,,,,,,,,,,,,,,,,,,,,,,,,,0.30135977268218994,0.41559547185897827,0.4152567982673645,0.19935005903244019,0.22642354667186737,0.21065416932106018,0.20249192416667938,0.7163853645324707,0.11463815718889236,0.2114422470331192,5.684830665588379,5.994399547576904,6.686461925506592,5.287841796875,5.193214416503906,6.379197120666504,5.396937370300293,7.558972358703613,3.064688205718994,5.6017608642578125,,,,,,,,,,,7.234676837921143,7.136703968048096,9.284745216369629,6.206733703613281,6.808640956878662,7.438080787658691,7.363336563110352,9.98233413696289,3.886761426925659,7.004757404327393,,,,,,,,,,,,,,,,,,,,,,,,,,,,,,,,,,,,,,,,
23,4554,,,,,,,,,,,,,,,,,,,,,,,,,,,,,,,,,,,,,,,,,0.3456740379333496,0.4812592566013336,0.16162586212158203,0.1266411542892456,0.17497363686561584,0.48038458824157715,0.28896069526672363,0.4919872283935547,0.48475518822669983,0.42047885060310364,5.991535186767578,5.773191452026367,4.447677135467529,3.9392478466033936,4.420184135437012,7.878977298736572,7.522425651550293,6.179332256317139,7.025533199310303,6.737245559692383,,,,,,,,,,,7.841790199279785,7.679833889007568,5.792513847351074,4.947004795074463,5.985300064086914,11.232343673706055,8.796100616455078,8.272478103637695,7.992534160614014,9.878005981445312,,,,,,,,,,,,,,,,,,,,,,,,,,,,,,,,,,,,,,,,
23,4559,,,,,,,,,,,,,,,,,,,,,,,,,,,,,,,,,,,,,,,,,0.34204837679862976,0.3146774172782898,0.5672624111175537,0.1696455329656601,0.449184775352478,0.4681600034236908,0.3938802480697632,0.021014895290136337,0.5010935068130493,0.1935165822505951,6.450577259063721,5.2004780769348145,9.335977554321289,5.3465399742126465,6.573112487792969,8.860215187072754,8.03808307647705,1.6780035495758057,7.142799377441406,5.87998628616333,,,,,,,,,,,7.808064937591553,6.210049152374268,10.851846694946289,5.725666522979736,9.58985710144043,11.088505744934082,10.269584655761719,1.7097102403640747,8.126110076904297,6.701257705688477,,,,,,,,,,,,,,,,,,,,,,,,,,,,,,,,,,,,,,,,
23,4564,,,,,,,,,,,,,,,,,,,,,,,,,,,,,,,,,,,,,,,,,0.39049768447875977,0.17969413101673126,0.3548835515975952,0.41786038875579834,0.36974582076072693,0.35912957787513733,0.44688987731933594,0.4485221803188324,0.1899869441986084,0.7477665543556213,6.699751377105713,3.90643310546875,7.009051322937012,7.527255535125732,6.702471733093262,7.315722465515137,8.23546028137207,7.414682388305664,4.035852432250977,8.150830268859863,,,,,,,,,,,8.632064819335938,4.6927690505981445,8.583306312561035,8.986084938049316,8.700641632080078,9.711837768554688,10.938834190368652,7.898610591888428,5.003629684448242,13.17286491394043,,,,,,,,,,,,,,,,,,,,,,,,,,,,,,,,,,,,,,,,
23,4569,,,,,,,,,,,,,,,,,,,,,,,,,,,,,,,,,,,,,,,,,0.28310611844062805,0.2790815234184265,0.41893336176872253,0.3462916612625122,0.27127304673194885,0.3714370131492615,0.11862528324127197,0.30590754747390747,0.05365140363574028,0.38275420665740967,5.7749104499816895,4.683583736419678,7.711758136749268,6.151027202606201,6.420404434204102,8.140532493591309,4.640066146850586,5.098186492919922,2.2605483531951904,6.868086814880371,,,,,,,,,,,7.214025020599365,5.848275184631348,9.325757026672363,8.180426597595215,7.452516555786133,9.876850128173828,5.635850429534912,6.523097038269043,2.6589725017547607,9.424474716186523,,,,,,,,,,,,,,,,,,,,,,,,,,,,,,,,,,,,,,,,
23,4574,,,,,,,,,,,,,,,,,,,,,,,,,,,,,,,,,,,,,,,,,0.21425576508045197,0.19807331264019012,0.0971284881234169,0.23145610094070435,0.18784090876579285,0.24145469069480896,0.272832453250885,0.4251568913459778,0.1048225536942482,0.16953642666339874,5.009869575500488,4.110727787017822,3.792975902557373,5.723015785217285,4.81649112701416,5.705251216888428,6.640077114105225,6.097678184509277,3.238703489303589,4.963904857635498,,,,,,,,,,,6.277353763580322,4.92691707611084,4.490399360656738,6.687891483306885,6.201471328735352,7.963311195373535,8.547101020812988,7.690123558044434,3.7166411876678467,6.272327423095703,,,,,,,,,,,,,,,,,,,,,,,,,,,,,,,,,,,,,,,,
23,4579,,,,,,,,,,,,,,,,,,,,,,,,,,,,,,,,,,,,,,,,,0.30938878655433655,0.33399173617362976,0.21539151668548584,0.23823483288288116,0.26348647475242615,0.6451785564422607,0.41117167472839355,0.3345152735710144,0.12131136655807495,0.2212175726890564,5.99216365814209,4.63871955871582,5.218963146209717,6.01254415512085,5.460300445556641,11.033088684082031,6.795135498046875,5.374262809753418,3.9045205116271973,5.491940021514893,,,,,,,,,,,7.634307861328125,6.397792339324951,6.686916828155518,6.785119533538818,7.344779968261719,13.0171480178833,10.492582321166992,6.821293354034424,3.9982874393463135,7.164848804473877,,,,,,,,,,,,,,,,,,,,,,,,,,,,,,,,,,,,,,,,
23,4584,,,,,,,,,,,,,,,,,,,,,,,,,,,,,,,,,,,,,,,,,0.3530387878417969,0.1970425695180893,0.16404899954795837,0.26887762546539307,0.4930516183376312,0.2976526618003845,0.20739546418190002,0.643253743648529,0.5423818826675415,0.36364468932151794,6.56439208984375,4.215897560119629,4.622226238250732,6.34473180770874,7.389703273773193,7.544609546661377,5.991477966308594,8.173296928405762,7.4559478759765625,7.341634273529053,,,,,,,,,,,7.933165073394775,4.91408109664917,5.835773944854736,7.2082905769348145,10.047218322753906,8.841597557067871,7.451958656311035,9.459100723266602,8.454264640808105,9.186198234558105,,,,,,,,,,,,,,,,,,,,,,,,,,,,,,,,,,,,,,,,
23,4589,,,,,,,,,,,,,,,,,,,,,,,,,,,,,,,,,,,,,,,,,0.32015928626060486,0.24156567454338074,0.3295219838619232,0.5875339508056641,0.13733583688735962,0.412890762090683,0.3023233413696289,0.31944093108177185,0.2095508873462677,0.34126991033554077,6.054172992706299,4.437775135040283,5.554008960723877,7.527451515197754,4.0307936668396,8.34555721282959,6.552883148193359,5.806859016418457,4.7285614013671875,7.503665924072266,,,,,,,,,,,7.766721248626709,5.441014289855957,8.270920753479004,10.655440330505371,5.302632808685303,10.413420677185059,8.997184753417969,6.66582727432251,5.25494384765625,8.899103164672852,,,,,,,,,,,,,,,,,,,,,,,,,,,,,,,,,,,,,,,,
23,4594,,,,,,,,,,,,,,,,,,,,,,,,,,,,,,,,,,,,,,,,,0.45838069915771484,0.45076245069503784,0.16089795529842377,0.5035096406936646,0.19385139644145966,0.2327367067337036,0.3153201937675476,0.5052883625030518,1.0460618734359741,0.7169977426528931,6.761714458465576,6.096643447875977,4.595987796783447,7.831339359283447,5.087299823760986,6.272645473480225,6.186699390411377,6.779055118560791,8.484524726867676,9.521239280700684,,,,,,,,,,,8.822918891906738,7.432521343231201,5.779455661773682,9.864129066467285,6.2999067306518555,7.818227767944336,9.188543319702148,8.383557319641113,11.74091625213623,12.899002075195312,,,,,,,,,,,,,,,,,,,,,,,,,,,,,,,,,,,,,,,,
23,4599,,,,,,,,,,,,,,,,,,,,,,,,,,,,,,,,,,,,,,,,,0.30926793813705444,0.2868266999721527,0.08412221819162369,0.20848190784454346,0.25929248332977295,0.326038658618927,0.3152315318584442,0.6855788826942444,0.36671334505081177,0.25112563371658325,6.112977981567383,5.535038948059082,3.545619249343872,5.277395725250244,5.627861022949219,7.746125221252441,6.97493314743042,8.112462997436523,5.632447242736816,6.564918518066406,,,,,,,,,,,7.39254093170166,5.928872108459473,4.178948402404785,6.347301006317139,7.286091327667236,9.253592491149902,9.187252044677734,9.765341758728027,6.951629638671875,7.633833885192871,,,,,,,,,,,,,,,,,,,,,,,,,,,,,,,,,,,,,,,,
23,4604,,,,,,,,,,,,,,,,,,,,,,,,,,,,,,,,,,,,,,,,,0.35639727115631104,0.6587997674942017,0.22220958769321442,0.2660517394542694,0.3487023711204529,0.4027445614337921,0.44199851155281067,0.13387060165405273,0.31154581904411316,0.42165249586105347,6.449690818786621,6.138946056365967,5.065059185028076,6.357166290283203,7.220909595489502,8.547134399414062,9.037744522094727,3.9394359588623047,3.3740692138671875,8.366750717163086,,,,,,,,,,,8.130556106567383,8.985432624816895,6.791927337646484,7.170309543609619,8.449423789978027,10.28467845916748,10.878805160522461,4.31520414352417,6.407434940338135,9.8917818069458,,,,,,,,,,,,,,,,,,,,,,,,,,,,,,,,,,,,,,,,
23,4609,,,,,,,,,,,,,,,,,,,,,,,,,,,,,,,,,,,,,,,,,0.4934725761413574,0.7680040001869202,0.2936580181121826,0.3555164337158203,0.43222203850746155,0.48895320296287537,0.6751888394355774,0.8333512544631958,0.2124176025390625,0.38194167613983154,7.9330573081970215,7.3010382652282715,7.047624588012695,6.987783908843994,8.021184921264648,9.552895545959473,10.460878372192383,9.45207405090332,5.051349639892578,7.5226826667785645,,,,,,,,,,,9.494961738586426,9.701614379882812,7.807869911193848,8.288667678833008,9.407041549682617,11.332077026367188,13.445700645446777,10.76645565032959,5.290765762329102,9.414466857910156,,,,,,,,,,,,,,,,,,,,,,,,,,,,,,,,,,,,,,,,
23,4614,,,,,,,,,,,,,,,,,,,,,,,,,,,,,,,,,,,,,,,,,0.5870354175567627,0.4696728587150574,0.5762173533439636,0.4419442415237427,0.77487713098526,0.6006505489349365,0.5523848533630371,0.5750774145126343,0.7127594351768494,0.5797349810600281,7.976596355438232,6.3779802322387695,8.20287799835205,7.312143802642822,8.306721687316895,9.643179893493652,7.773893356323242,7.054528713226318,7.541395664215088,9.576642036437988,,,,,,,,,,,10.59073543548584,7.5868239402771,10.937167167663574,9.24141788482666,12.595518112182617,12.559918403625488,12.161625862121582,8.943796157836914,9.691584587097168,11.598770141601562,,,,,,,,,,,,,,,,,,,,,,,,,,,,,,,,,,,,,,,,
23,4619,,,,,,,,,,,,,,,,,,,,,,,,,,,,,,,,,,,,,,,,,0.36937621235847473,0.5223695635795593,0.569973886013031,0.04568290337920189,0.6021787524223328,0.172651469707489,0.21483224630355835,0.19899305701255798,0.4069335460662842,0.5907706022262573,6.836491584777832,6.58305025100708,9.567434310913086,2.6939449310302734,9.217392921447754,5.718371868133545,6.690982341766357,5.2610673904418945,6.603712558746338,9.19246768951416,,,,,,,,,,,7.951615333557129,8.001128196716309,10.877752304077148,2.971198797225952,11.103564262390137,6.7338128089904785,7.58438777923584,5.261114120483398,7.322932243347168,11.708645820617676,,,,,,,,,,,,,,,,,,,,,,,,,,,,,,,,,,,,,,,,
23,4624,,,,,,,,,,,,,,,,,,,,,,,,,,,,,,,,,,,,,,,,,0.46016064286231995,0.38062018156051636,0.4336669445037842,0.6292971968650818,0.6331963539123535,0.386475533246994,0.1488075852394104,0.43180838227272034,0.4566197991371155,0.6409536004066467,7.384389400482178,5.382175922393799,8.185698509216309,9.392087936401367,9.083714485168457,8.160004615783691,5.48395299911499,6.25798225402832,5.727183818817139,8.786702156066895,,,,,,,,,,,9.202415466308594,6.829802989959717,9.488330841064453,11.027645111083984,11.38593864440918,10.074810028076172,6.31223726272583,7.750046253204346,7.75712251663208,12.195806503295898,,,,,,,,,,,,,,,,,,,,,,,,,,,,,,,,,,,,,,,,
23,4629,,,,,,,,,,,,,,,,,,,,,,,,,,,,,,,,,,,,,,,,,0.41180139780044556,0.45546582341194153,0.44272059202194214,0.43534937500953674,0.2639106810092926,0.3712105453014374,0.23484335839748383,0.2755524218082428,0.7687618136405945,0.45839789509773254,7.015022277832031,5.463154315948486,8.22707462310791,6.56833028793335,6.820998191833496,7.3474249839782715,6.723074436187744,5.406793117523193,8.03350830078125,8.54484748840332,,,,,,,,,,,8.661608695983887,7.47119665145874,9.58686351776123,9.17220687866211,7.350690841674805,9.873838424682617,7.929758071899414,6.191000461578369,10.065126419067383,10.313796043395996,,,,,,,,,,,,,,,,,,,,,,,,,,,,,,,,,,,,,,,,
23,4634,,,,,,,,,,,,,,,,,,,,,,,,,,,,,,,,,,,,,,,,,0.3146842122077942,0.15218596160411835,0.12016084045171738,0.13667172193527222,0.5311373472213745,0.15024858713150024,0.6063076257705688,0.5630080699920654,0.2010727971792221,0.37136489152908325,5.793026447296143,3.3896725177764893,4.237096309661865,4.2957916259765625,6.925259113311768,4.922735214233398,9.1689453125,6.741011142730713,4.798955917358398,7.657771587371826,,,,,,,,,,,7.4648613929748535,4.318665027618408,4.994513034820557,5.139184474945068,10.428048133850098,6.281756401062012,12.74140453338623,8.849444389343262,5.147542476654053,9.283198356628418,,,,,,,,,,,,,,,,,,,,,,,,,,,,,,,,,,,,,,,,
23,4639,,,,,,,,,,,,,,,,,,,,,,,,,,,,,,,,,,,,,,,,,0.20940332114696503,0.5690701007843018,0.19567272067070007,0.07889853417873383,0.19595235586166382,0.271956205368042,0.18631421029567719,0.16202670335769653,0.05906176194548607,0.16567720472812653,4.583759784698486,6.434475421905518,4.981327533721924,2.705179214477539,4.746264457702637,6.0669331550598145,4.677959442138672,3.6593682765960693,2.5090034008026123,5.473330974578857,,,,,,,,,,,6.023932456970215,8.351128578186035,6.3734822273254395,3.9047152996063232,6.333952903747559,8.451335906982422,7.063074111938477,4.747358322143555,2.7898216247558594,6.200526714324951,,,,,,,,,,,,,,,,,,,,,,,,,,,,,,,,,,,,,,,,
23,4644,,,,,,,,,,,,,,,,,,,,,,,,,,,,,,,,,,,,,,,,,0.33278506994247437,0.6067787408828735,0.23990480601787567,0.1666356772184372,0.35392066836357117,0.5203596949577332,0.5694889426231384,0.17338807880878448,0.10671591013669968,0.25787314772605896,6.21340799331665,6.466628074645996,6.913553714752197,4.577686786651611,5.7568535804748535,8.694622993469238,9.153494834899902,4.910982131958008,3.3202178478240967,6.126631259918213,,,,,,,,,,,7.811466693878174,8.62337875366211,7.057178974151611,5.674647808074951,8.512411117553711,11.69035530090332,12.348478317260742,4.910982131958008,3.7500572204589844,7.735711574554443,,,,,,,,,,,,,,,,,,,,,,,,,,,,,,,,,,,,,,,,
23,4649,,,,,,,,,,,,,,,,,,,,,,,,,,,,,,,,,,,,,,,,,0.42413949966430664,0.5196884274482727,0.7565921545028687,0.4147408902645111,0.13253460824489594,0.7475767135620117,0.2340206801891327,0.17673277854919434,0.5179493427276611,0.31741976737976074,6.816397666931152,7.198270320892334,7.7357072830200195,7.795856952667236,4.41448974609375,9.297566413879395,6.260765075683594,4.600396156311035,6.913597583770752,7.130932331085205,,,,,,,,,,,8.711674690246582,7.9805684089660645,12.532639503479004,8.952479362487793,5.209118843078613,14.012116432189941,7.91585636138916,4.958123207092285,8.261652946472168,8.582507133483887,,,,,,,,,,,,,,,,,,,,,,,,,,,,,,,,,,,,,,,,
23,4654,,,,,,,,,,,,,,,,,,,,,,,,,,,,,,,,,,,,,,,,,0.7453271150588989,0.562545120716095,0.020872943103313446,0.7213170528411865,0.4260256886482239,1.1204302310943604,0.3809160888195038,1.1322845220565796,1.6655765771865845,0.677976131439209,8.649538040161133,6.203200817108154,1.9920421838760376,10.727715492248535,6.6803436279296875,13.13611125946045,6.6480560302734375,9.613836288452148,12.113275527954102,10.73125171661377,,,,,,,,,,,10.965757369995117,8.303112983703613,2.081629753112793,11.806413650512695,9.33936882019043,17.154111862182617,10.099165916442871,12.549792289733887,14.815134048461914,12.543087005615234,,,,,,,,,,,,,,,,,,,,,,,,,,,,,,,,,,,,,,,,
23,4655,,,,,,,,,,,,,,,,,,,,,,,,,,,,,,,,,,,,,,,,,,,,,,,,,,,6.346170902252197,5.178786754608154,6.2157111167907715,6.041462421417236,6.536051273345947,7.9662628173828125,7.083218574523926,5.450836658477783,5.4797258377075195,7.163486957550049,0.6049972176551819,0.6024984121322632,0.6659660339355469,0.6676121354103088,0.6085275411605835,0.5160320401191711,0.5842617750167847,0.6208909749984741,0.6093002557754517,0.56988525390625,8.38539981842041,6.800297260284424,8.200302124023438,7.9826202392578125,8.77901554107666,10.616792678833008,9.507645606994629,7.174201488494873,7.087371826171875,9.32034683227539,0.5136798620223999,0.5498355627059937,0.4788167476654053,0.350566565990448,0.5496025681495667,0.6084533929824829,0.4078558087348938,0.5460852384567261,0.6336168646812439,0.49828630685806274,7.248011112213135,5.623021602630615,6.992657661437988,5.825953960418701,8.115485191345215,9.400458335876465,7.956080436706543,6.383392810821533,7.049287796020508,7.88576078414917,0.42276731133461,0.42615294456481934,0.6176514625549316,0.6361534595489502,0.3281223177909851,0.45180559158325195,0.5747687816619873,0.1185864806175232,0.13875889778137207,0.5129059553146362,9.970718383789062,8.382284164428711,9.480144500732422,8.961129188537598,11.09022331237793,12.729830741882324,10.424790382385254,8.752657890319824,9.437093734741211,10.478311538696289
24,4659,,,,,,,,,,,,,,,,,,,,,,,,,,,,,,,,,,,,,,,,,0.1670825183391571,0.11865466088056564,0.18412218987941742,0.14265964925289154,0.21156422793865204,0.19319471716880798,0.1643497496843338,0.04741968959569931,0.2858297526836395,0.1559479832649231,4.494565010070801,2.7595109939575195,5.2231011390686035,4.67290735244751,5.025773525238037,6.1770758628845215,5.433597087860107,2.1817376613616943,4.333131313323975,4.644248962402344,,,,,,,,,,,5.58955192565918,3.8133325576782227,6.18250846862793,5.2505574226379395,6.581437587738037,7.123172760009766,6.633691787719727,2.5682551860809326,6.137294769287109,6.015712261199951,,,,,,,,,,,,,,,,,,,,,,,,,,,,,,,,,,,,,,,,
24,4664,,,,,,,,,,,,,,,,,,,,,,,,,,,,,,,,,,,,,,,,,0.34541580080986023,0.31283876299858093,0.2903478741645813,0.10090743750333786,0.5985308885574341,0.3486239016056061,0.18644225597381592,0.23356519639492035,0.8364385366439819,0.20104746520519257,6.071906089782715,4.622872352600098,6.097165584564209,3.4073193073272705,7.545461654663086,8.669205665588379,5.812527656555176,4.404541969299316,8.144700050354004,5.943362712860107,,,,,,,,,,,7.6782965660095215,6.19188117980957,7.763740539550781,4.415871620178223,11.069880485534668,9.568732261657715,7.065501689910889,5.699841499328613,10.498815536499023,6.8304057121276855,,,,,,,,,,,,,,,,,,,,,,,,,,,,,,,,,,,,,,,,
24,4669,,,,,,,,,,,,,,,,,,,,,,,,,,,,,,,,,,,,,,,,,0.4216497242450714,0.6406522989273071,0.27195751667022705,0.12335574626922607,0.5485276579856873,0.5396335124969482,0.3992460370063782,0.6267572641372681,0.20764188468456268,0.4370757043361664,7.33416748046875,6.70698881149292,6.4068922996521,4.23903226852417,8.668632507324219,9.402364730834961,8.585922241210938,8.277971267700195,5.023599147796631,8.69610595703125,,,,,,,,,,,8.748631477355957,8.860810279846191,7.513844966888428,4.882413864135742,10.597390174865723,11.904888153076172,10.339299201965332,9.337021827697754,5.230952739715576,10.07106876373291,,,,,,,,,,,,,,,,,,,,,,,,,,,,,,,,,,,,,,,,
24,4674,,,,,,,,,,,,,,,,,,,,,,,,,,,,,,,,,,,,,,,,,0.20408213138580322,0.19279752671718597,0.11695173382759094,0.0239407941699028,0.10303912311792374,0.266654908657074,0.29023391008377075,0.2303529679775238,0.22882962226867676,0.3839384913444519,4.7747697830200195,4.018270015716553,4.011494159698486,1.5799261331558228,3.4892537593841553,5.789448261260986,7.823956489562988,5.003625869750977,3.86061429977417,7.396338939666748,,,,,,,,,,,6.034124374389648,4.860858917236328,4.927367687225342,2.1509196758270264,4.593045234680176,8.368557929992676,8.815457344055176,5.660511016845703,5.491353511810303,9.439044952392578,,,,,,,,,,,,,,,,,,,,,,,,,,,,,,,,,,,,,,,,
24,4679,,,,,,,,,,,,,,,,,,,,,,,,,,,,,,,,,,,,,,,,,0.33370548486709595,0.7673195600509644,0.31667160987854004,0.2991245687007904,0.3888911008834839,0.3496754765510559,0.2076365351676941,0.31662341952323914,0.13819921016693115,0.21920764446258545,6.259039402008057,7.25713586807251,7.788558483123779,6.6112141609191895,6.7018656730651855,7.666385173797607,6.123833656311035,4.765105247497559,3.6183488368988037,5.7989044189453125,,,,,,,,,,,7.711874961853027,9.697290420532227,8.10804557800293,7.602928638458252,8.923056602478027,9.58315372467041,7.4562883377075195,6.636364459991455,4.2675251960754395,7.132225036621094,,,,,,,,,,,,,,,,,,,,,,,,,,,,,,,,,,,,,,,,
24,4684,,,,,,,,,,,,,,,,,,,,,,,,,,,,,,,,,,,,,,,,,0.48182815313339233,0.5090523958206177,0.3724820017814636,0.697918176651001,0.39728793501853943,0.4646591544151306,0.2513304352760315,0.9183602333068848,0.4176452159881592,0.307717889547348,7.324440002441406,4.914254188537598,6.487248420715332,9.795546531677246,7.483155727386475,8.457079887390137,6.140865325927734,9.657690048217773,6.193248748779297,6.790870666503906,,,,,,,,,,,9.305097579956055,7.898479461669922,8.793550491333008,11.6133394241333,9.018874168395996,11.046967506408691,8.203389167785645,11.30225944519043,7.418687343597412,8.450328826904297,,,,,,,,,,,,,,,,,,,,,,,,,,,,,,,,,,,,,,,,
24,4689,,,,,,,,,,,,,,,,,,,,,,,,,,,,,,,,,,,,,,,,,0.35237783193588257,0.4876784682273865,0.24040363729000092,0.20783746242523193,0.42039716243743896,0.4568518102169037,0.3517037332057953,0.3181103467941284,0.023946424946188927,0.664471447467804,6.15414571762085,6.210882663726807,5.530997276306152,5.231040954589844,6.64166784286499,7.8320488929748535,7.830101490020752,5.3002471923828125,1.0253031253814697,9.78502368927002,,,,,,,,,,,7.99046516418457,7.730882167816162,7.064512252807617,6.3374834060668945,9.277469635009766,10.953767776489258,9.704190254211426,6.65192985534668,1.776411771774292,12.417534828186035,,,,,,,,,,,,,,,,,,,,,,,,,,,,,,,,,,,,,,,,
24,4694,,,,,,,,,,,,,,,,,,,,,,,,,,,,,,,,,,,,,,,,,0.34327641129493713,0.3922216594219208,0.4390885531902313,0.30785784125328064,0.17892400920391083,0.3092269003391266,0.1518177092075348,0.31670770049095154,0.447309672832489,0.5463334321975708,6.220916271209717,4.854556083679199,7.596734046936035,5.6670122146606445,4.67357873916626,6.199767112731934,5.08209753036499,6.103188514709473,7.191733360290527,8.61958122253418,,,,,,,,,,,7.912039756774902,6.933108806610107,9.547455787658691,7.713117599487305,6.052488803863525,9.011860847473145,6.375760555267334,6.6372480392456055,7.6776347160339355,11.25968074798584,,,,,,,,,,,,,,,,,,,,,,,,,,,,,,,,,,,,,,,,
24,4699,,,,,,,,,,,,,,,,,,,,,,,,,,,,,,,,,,,,,,,,,0.3465166389942169,0.3068283498287201,0.22381141781806946,0.22634699940681458,0.665437638759613,0.6200723052024841,0.3775922954082489,0.23649735748767853,0.16677609086036682,0.29528725147247314,6.354520320892334,5.134341716766357,5.635501861572266,5.304880142211914,8.838171005249023,9.326151847839355,7.704424858093262,5.064425468444824,3.947519540786743,6.235264778137207,,,,,,,,,,,8.083572387695312,6.132111072540283,6.816364288330078,6.61366605758667,11.672216415405273,12.761362075805664,10.055006980895996,5.735507965087891,4.688027858734131,8.277888298034668,,,,,,,,,,,,,,,,,,,,,,,,,,,,,,,,,,,,,,,,
24,4704,,,,,,,,,,,,,,,,,,,,,,,,,,,,,,,,,,,,,,,,,0.47094249725341797,1.241768717765808,0.3578398823738098,0.4199216067790985,0.44283413887023926,0.46133771538734436,0.38921284675598145,0.25435781478881836,0.24435393512248993,0.42685598134994507,7.263153076171875,10.144919395446777,6.822083950042725,7.931530952453613,7.658251762390137,7.876992225646973,8.453328132629395,5.099515438079834,4.592794895172119,6.788967609405518,,,,,,,,,,,9.141841888427734,12.336235046386719,8.618983268737793,9.008219718933105,9.521824836730957,11.007413864135742,10.20855712890625,5.948141098022461,5.674570083618164,9.952630996704102,,,,,,,,,,,,,,,,,,,,,,,,,,,,,,,,,,,,,,,,
24,4709,,,,,,,,,,,,,,,,,,,,,,,,,,,,,,,,,,,,,,,,,0.48816215991973877,0.4970667362213135,0.20584045350551605,0.2721102833747864,0.5817211866378784,0.7970889210700989,0.4572524130344391,0.6475757956504822,0.6004483103752136,0.33435511589050293,6.8458147048950195,4.913457870483398,5.490246295928955,4.984318733215332,8.60555362701416,10.381131172180176,8.231000900268555,7.577071189880371,5.331949710845947,6.097599029541016,,,,,,,,,,,9.47055435180664,7.804941177368164,6.536977767944336,7.251492023468018,10.913324356079102,14.468690872192383,11.064932823181152,9.490826606750488,8.895309448242188,8.80848503112793,,,,,,,,,,,,,,,,,,,,,,,,,,,,,,,,,,,,,,,,
24,4714,,,,,,,,,,,,,,,,,,,,,,,,,,,,,,,,,,,,,,,,,0.3069698214530945,0.320514053106308,0.15450133383274078,0.21656958758831024,0.2751985192298889,0.33540910482406616,0.24820806086063385,0.6076098680496216,0.3209652304649353,0.2837527394294739,6.126242637634277,5.141465187072754,4.511561393737793,4.3049397468566895,6.044656753540039,7.6598310470581055,6.90093994140625,7.992870807647705,5.682546615600586,6.897371768951416,,,,,,,,,,,7.472849369049072,6.26737642288208,5.663406848907471,6.469245433807373,7.506244659423828,9.385626792907715,8.152273178100586,9.193293571472168,6.503576755523682,8.114602088928223,,,,,,,,,,,,,,,,,,,,,,,,,,,,,,,,,,,,,,,,
24,4719,,,,,,,,,,,,,,,,,,,,,,,,,,,,,,,,,,,,,,,,,0.3332272171974182,0.4081142246723175,0.3783474862575531,0.28120842576026917,0.7099172472953796,0.3947616219520569,0.22537171840667725,0.3334474563598633,0.09106419235467911,0.17681245505809784,5.918788433074951,5.698690414428711,6.1475443840026855,5.772702217102051,8.97590160369873,7.434186935424805,6.571398735046387,5.18912410736084,2.892669200897217,4.586880207061768,,,,,,,,,,,7.776991367340088,7.072177410125732,8.862516403198242,7.371723651885986,12.056007385253906,10.182239532470703,7.76820182800293,6.810397148132324,3.464153528213501,6.405508995056152,,,,,,,,,,,,,,,,,,,,,,,,,,,,,,,,,,,,,,,,
24,4724,,,,,,,,,,,,,,,,,,,,,,,,,,,,,,,,,,,,,,,,,0.2139049917459488,0.607632577419281,0.09708967059850693,0.08943960815668106,0.15801876783370972,0.22803433239459991,0.2188899666070938,0.20229920744895935,0.09283258765935898,0.23090818524360657,4.806917667388916,5.650144100189209,4.261085510253906,3.4645564556121826,4.77569580078125,6.677195072174072,6.156109809875488,3.48854660987854,2.5643887519836426,6.2245354652404785,,,,,,,,,,,6.053459167480469,8.629443168640137,4.489502429962158,4.157381057739258,5.687926769256592,7.738841533660889,7.655678749084473,5.304637908935547,3.497627019882202,7.32009744644165,,,,,,,,,,,,,,,,,,,,,,,,,,,,,,,,,,,,,,,,
24,4729,,,,,,,,,,,,,,,,,,,,,,,,,,,,,,,,,,,,,,,,,0.16180022060871124,0.1449735313653946,0.08232073485851288,0.19874778389930725,0.1729278862476349,0.14976638555526733,0.19551049172878265,0.04651018604636192,0.22944572567939758,0.23599931597709656,4.594412803649902,3.3820464611053467,2.8274898529052734,5.155844211578369,5.112630844116211,5.36599063873291,5.49168586730957,2.467771053314209,5.030328750610352,6.515925884246826,,,,,,,,,,,5.494018077850342,4.215087890625,4.133959770202637,6.197350025177002,5.950207710266113,6.27166748046875,7.235288143157959,2.543505907058716,5.498741149902344,7.400354862213135,,,,,,,,,,,,,,,,,,,,,,,,,,,,,,,,,,,,,,,,
24,4734,,,,,,,,,,,,,,,,,,,,,,,,,,,,,,,,,,,,,,,,,0.21359293162822723,0.3559160828590393,0.26850515604019165,0.06429652124643326,0.1246565729379654,0.314325213432312,0.29681044816970825,0.09287282824516296,0.3022673726081848,0.10268624126911163,4.73878812789917,4.585422039031982,5.174386501312256,2.30305552482605,4.375741958618164,7.479255676269531,7.329970836639404,3.000255584716797,4.722695827484131,3.6783108711242676,,,,,,,,,,,6.159434795379639,6.604441165924072,7.465999603271484,3.524914503097534,5.051928997039795,9.085848808288574,8.914773941040039,3.5942068099975586,6.311300754547119,4.881500720977783,,,,,,,,,,,,,,,,,,,,,,,,,,,,,,,,,,,,,,,,
24,4739,,,,,,,,,,,,,,,,,,,,,,,,,,,,,,,,,,,,,,,,,0.2588620185852051,0.23074305057525635,0.2517065703868866,0.49765288829803467,0.10249011218547821,0.10386675596237183,0.27048367261886597,0.2379443347454071,0.20782092213630676,0.4270496666431427,5.452314853668213,4.852940082550049,6.104174613952637,6.523439407348633,3.505399465560913,4.078110218048096,6.1766276359558105,5.240814208984375,3.989157199859619,8.600171089172363,,,,,,,,,,,6.845342636108398,5.317733287811279,7.2286787033081055,9.806593894958496,4.580792427062988,5.22292947769165,8.510231018066406,5.753026485443115,5.233207702636719,9.954888343811035,,,,,,,,,,,,,,,,,,,,,,,,,,,,,,,,,,,,,,,,
24,4744,,,,,,,,,,,,,,,,,,,,,,,,,,,,,,,,,,,,,,,,,0.21470995247364044,0.30639880895614624,0.12406215071678162,0.06420546025037766,0.17939689755439758,0.28303155303001404,0.4085213243961334,0.04475432261824608,0.12384551763534546,0.3981735408306122,4.845399856567383,4.748208045959473,4.40759801864624,3.081636667251587,5.301048278808594,5.957807540893555,7.423193454742432,2.077643632888794,3.3014986515045166,7.309964179992676,,,,,,,,,,,6.223708152770996,6.127817630767822,5.074944496154785,3.5224177837371826,6.06048059463501,8.621707916259766,10.458710670471191,2.495032787322998,4.039833068847656,9.612434387207031,,,,,,,,,,,,,,,,,,,,,,,,,,,,,,,,,,,,,,,,
24,4749,,,,,,,,,,,,,,,,,,,,,,,,,,,,,,,,,,,,,,,,,0.23706023395061493,0.3770623207092285,0.09319475293159485,0.2339654564857483,0.161028653383255,0.4149770140647888,0.13210582733154297,0.14267387986183167,0.376980185508728,0.20155392587184906,5.4122724533081055,6.219855785369873,3.263380765914917,5.326380252838135,4.527021408081055,8.029468536376953,4.8198041915893555,4.336151599884033,5.742422103881836,6.4459710121154785,,,,,,,,,,,6.487943172454834,6.797807216644287,4.398528575897217,6.724047660827637,5.7418413162231445,10.439697265625,5.947463512420654,4.454828262329102,7.048270225524902,6.839003562927246,,,,,,,,,,,,,,,,,,,,,,,,,,,,,,,,,,,,,,,,
24,4754,,,,,,,,,,,,,,,,,,,,,,,,,,,,,,,,,,,,,,,,,0.45710840821266174,0.34076759219169617,0.33799490332603455,0.13336819410324097,0.22720034420490265,0.9126721620559692,0.27851948142051697,0.32919204235076904,1.0663461685180664,0.48791447281837463,6.856987953186035,4.842648506164551,5.434989929199219,4.70042085647583,5.018746376037598,12.833552360534668,7.084400653839111,4.984699726104736,8.917109489440918,7.896320819854736,,,,,,,,,,,8.901729583740234,6.462364196777344,8.376580238342285,5.076694488525391,6.820310115814209,15.482220649719238,8.635720252990723,6.766800880432129,11.854203224182129,10.640671730041504,,,,,,,,,,,,,,,,,,,,,,,,,,,,,,,,,,,,,,,,
24,4759,,,,,,,,,,,,,,,,,,,,,,,,,,,,,,,,,,,,,,,,,0.3993902802467346,0.4966347813606262,0.17024128139019012,0.44478052854537964,0.5256138443946838,0.3957039713859558,0.4470660090446472,0.636986494064331,0.22614747285842896,0.2513379752635956,6.440901279449463,6.224933624267578,4.508698463439941,6.516158580780029,8.557806968688965,8.295465469360352,6.709268569946289,7.6158366203308105,4.063603401184082,5.4763383865356445,,,,,,,,,,,8.559507369995117,7.801549434661865,5.944893836975098,9.271025657653809,10.373684883117676,10.194384574890137,10.94098949432373,9.412907600402832,5.459076404571533,7.63706111907959,,,,,,,,,,,,,,,,,,,,,,,,,,,,,,,,,,,,,,,,
24,4764,,,,,,,,,,,,,,,,,,,,,,,,,,,,,,,,,,,,,,,,,0.3539517819881439,0.5360250473022461,0.4426060914993286,0.6284239888191223,0.19971470534801483,0.196907639503479,0.20563481748104095,0.19408473372459412,0.3020947277545929,0.48007404804229736,6.5742926597595215,6.8872151374816895,7.366184234619141,8.50563907623291,5.308664798736572,6.043813228607178,6.243692874908447,4.913147449493408,5.883309364318848,8.016968727111816,,,,,,,,,,,7.975203037261963,8.105033874511719,9.585622787475586,11.019991874694824,6.394471168518066,7.191296100616455,7.420259475708008,5.195823669433594,6.3094987869262695,10.554831504821777,,,,,,,,,,,,,,,,,,,,,,,,,,,,,,,,,,,,,,,,
24,4769,,,,,,,,,,,,,,,,,,,,,,,,,,,,,,,,,,,,,,,,,0.47214213013648987,0.29804426431655884,0.3386188745498657,0.8026570081710815,0.9444324374198914,0.5129016041755676,0.48698925971984863,0.1256754994392395,0.20535919070243835,0.5346008539199829,7.384847164154053,4.823899745941162,6.774030685424805,10.397363662719727,8.680468559265137,10.064740180969238,7.943639755249023,3.3247392177581787,4.4531636238098145,10.00157642364502,,,,,,,,,,,9.370488166809082,6.043696403503418,8.384307861328125,12.454316139221191,13.905451774597168,11.60627555847168,11.419063568115234,4.181036949157715,5.202120304107666,11.138123512268066,,,,,,,,,,,,,,,,,,,,,,,,,,,,,,,,,,,,,,,,
24,4774,,,,,,,,,,,,,,,,,,,,,,,,,,,,,,,,,,,,,,,,,0.30845409631729126,0.4334942102432251,0.17187754809856415,0.11693760007619858,0.6478862166404724,0.5483214855194092,0.36021167039871216,0.17250818014144897,0.08992531150579453,0.23492464423179626,5.982094764709473,5.380329608917236,5.35388708114624,3.9226512908935547,8.088295936584473,10.177702903747559,7.706205368041992,4.6570258140563965,3.020759105682373,5.5319929122924805,,,,,,,,,,,7.453192710876465,7.288764476776123,5.973395347595215,4.753702163696289,11.517255783081055,12.000338554382324,9.820863723754883,4.898505210876465,3.4424233436584473,7.383487224578857,,,,,,,,,,,,,,,,,,,,,,,,,,,,,,,,,,,,,,,,
24,4779,,,,,,,,,,,,,,,,,,,,,,,,,,,,,,,,,,,,,,,,,0.4073077440261841,0.48592787981033325,0.4091912806034088,0.23750464618206024,0.09305096417665482,1.014559030532837,0.33356741070747375,0.40610572695732117,0.1164834052324295,0.5693791508674622,6.576651573181152,6.398629188537598,6.912858486175537,6.082751750946045,3.5075252056121826,11.936300277709961,7.517888069152832,5.392484188079834,2.100144386291504,9.34128475189209,,,,,,,,,,,8.53065013885498,7.716994285583496,9.216687202453613,6.774713516235352,4.364757061004639,16.32354736328125,9.45067024230957,7.515852928161621,3.9179179668426514,11.494709014892578,,,,,,,,,,,,,,,,,,,,,,,,,,,,,,,,,,,,,,,,
24,4784,,,,,,,,,,,,,,,,,,,,,,,,,,,,,,,,,,,,,,,,,0.32357242703437805,0.11875039339065552,0.3379557728767395,0.25916314125061035,0.4278234541416168,0.3947449326515198,0.2751361131668091,0.21590225398540497,0.56371009349823,0.3189657926559448,5.535539627075195,2.8193395137786865,5.510502338409424,4.409770965576172,5.572320461273193,8.119884490966797,6.246711254119873,4.68794584274292,5.723834037780762,6.729547023773193,,,,,,,,,,,7.788264751434326,3.8148703575134277,8.376094818115234,7.076874732971191,9.359054565429688,10.182024002075195,8.583107948303223,5.4800848960876465,8.61888599395752,8.60338306427002,,,,,,,,,,,,,,,,,,,,,,,,,,,,,,,,,,,,,,,,
24,4789,,,,,,,,,,,,,,,,,,,,,,,,,,,,,,,,,,,,,,,,,0.3963608741760254,0.5615525245666504,0.4612070620059967,0.4104863107204437,0.34035682678222656,0.42154550552368164,0.26295843720436096,0.30305215716362,0.5586928129196167,0.24739612638950348,6.55726957321167,6.41015625,7.633574962615967,6.254113674163818,7.094934463500977,8.77678394317627,6.2296671867370605,5.282800197601318,5.952205657958984,5.38118839263916,,,,,,,,,,,8.544208526611328,8.295784950256348,9.78497314453125,8.906442642211914,8.347701072692871,10.521995544433594,8.391012191772461,6.492581367492676,8.580445289611816,7.576936721801758,,,,,,,,,,,,,,,,,,,,,,,,,,,,,,,,,,,,,,,,
24,4794,,,,,,,,,,,,,,,,,,,,,,,,,,,,,,,,,,,,,,,,,0.30718719959259033,0.2622748613357544,0.23056906461715698,0.12476327270269394,0.18781313300132751,0.3108295500278473,0.25721538066864014,0.4718098044395447,0.5650656223297119,0.35434386134147644,6.058842182159424,4.764556407928467,5.49578332901001,3.4378440380096436,4.896230697631836,8.182226181030273,6.1070027351379395,7.893688201904297,6.868525505065918,6.883725643157959,,,,,,,,,,,7.42572021484375,5.669445991516113,6.918503761291504,4.910189628601074,6.201013088226318,9.035183906555176,8.29887580871582,8.101066589355469,8.629243850708008,9.067960739135742,,,,,,,,,,,,,,,,,,,,,,,,,,,,,,,,,,,,,,,,
24,4799,,,,,,,,,,,,,,,,,,,,,,,,,,,,,,,,,,,,,,,,,0.4023951590061188,0.2575066089630127,0.7281513214111328,0.25017860531806946,0.5623477697372437,0.3293190896511078,0.2062358558177948,0.2977585792541504,0.7386645078659058,0.25139397382736206,6.8342061042785645,4.846066951751709,9.479288101196289,5.5871171951293945,8.649434089660645,8.057038307189941,5.639752388000488,5.531258583068848,7.752530574798584,5.965368747711182,,,,,,,,,,,8.474053382873535,5.617672920227051,12.294828414916992,6.953123569488525,10.730059623718262,9.300029754638672,7.431096076965332,6.4356279373168945,9.866130828857422,7.637911796569824,,,,,,,,,,,,,,,,,,,,,,,,,,,,,,,,,,,,,,,,
24,4804,,,,,,,,,,,,,,,,,,,,,,,,,,,,,,,,,,,,,,,,,0.4148368537425995,0.20143966376781464,0.2150200605392456,0.6470961570739746,0.5615369081497192,0.5405600070953369,0.25902441143989563,0.37112781405448914,0.4774887263774872,0.46023812890052795,6.76796817779541,3.754713296890259,4.337798118591309,8.52591609954834,8.564299583435059,8.560811996459961,7.0355024337768555,5.2967848777771,6.281800270080566,8.554089546203613,,,,,,,,,,,8.805498123168945,4.968608379364014,6.681148529052734,11.182510375976562,10.722320556640625,11.915103912353516,8.328007698059082,7.184895992279053,7.932404518127441,10.334476470947266,,,,,,,,,,,,,,,,,,,,,,,,,,,,,,,,,,,,,,,,
24,4809,,,,,,,,,,,,,,,,,,,,,,,,,,,,,,,,,,,,,,,,,0.2596377730369568,0.1953119933605194,0.2939716577529907,0.4701164662837982,0.2008533775806427,0.2627018094062805,0.312286376953125,0.12710535526275635,0.1527867317199707,0.3216061592102051,5.230113506317139,3.3579134941101074,6.600584983825684,5.851753234863281,5.134698390960693,6.736349105834961,5.135470390319824,3.31903076171875,3.399261951446533,7.535960674285889,,,,,,,,,,,7.047766208648682,4.892453193664551,7.812038421630859,9.531420707702637,6.412674427032471,8.306296348571777,9.144233703613281,4.20475435256958,4.487103462219238,8.63891887664795,,,,,,,,,,,,,,,,,,,,,,,,,,,,,,,,,,,,,,,,
24,4814,,,,,,,,,,,,,,,,,,,,,,,,,,,,,,,,,,,,,,,,,0.4140227138996124,0.2744179964065552,0.3177705407142639,0.4708497226238251,0.35355740785598755,0.5258560180664062,0.3529183864593506,0.6354492902755737,0.425849974155426,0.36953482031822205,7.262012958526611,4.7784552574157715,6.567356109619141,7.853373050689697,6.973388195037842,10.125161170959473,7.971074104309082,8.169532775878906,6.311983108520508,6.607787609100342,,,,,,,,,,,8.843790054321289,5.799206256866455,8.122101783752441,9.538849830627441,8.508042335510254,11.751932144165039,9.720932960510254,9.401543617248535,7.491203784942627,9.260295867919922,,,,,,,,,,,,,,,,,,,,,,,,,,,,,,,,,,,,,,,,
24,4819,,,,,,,,,,,,,,,,,,,,,,,,,,,,,,,,,,,,,,,,,0.3303830027580261,0.5369231700897217,0.09212849289178848,0.22615869343280792,0.29485848546028137,0.8470033407211304,0.2865082919597626,0.11530514806509018,0.4318212568759918,0.1427401304244995,5.860696315765381,6.185976982116699,4.175962924957275,5.464487552642822,6.069416046142578,10.471150398254395,5.786530494689941,3.3566651344299316,6.365364074707031,4.870710849761963,,,,,,,,,,,7.53810977935791,8.111821174621582,4.373293876647949,6.610914707183838,7.769739627838135,14.914833068847656,8.758694648742676,4.004820823669434,7.543542385101318,5.755330562591553,,,,,,,,,,,,,,,,,,,,,,,,,,,,,,,,,,,,,,,,
24,4824,,,,,,,,,,,,,,,,,,,,,,,,,,,,,,,,,,,,,,,,,0.20242302119731903,0.2665499150753021,0.23094673454761505,0.15035605430603027,0.10602761805057526,0.2246994823217392,0.26801371574401855,0.10974560678005219,0.31043410301208496,0.1550339311361313,4.906826496124268,4.370330810546875,5.766130447387695,4.227242469787598,3.867424726486206,6.206052780151367,6.729557991027832,2.855980634689331,5.856391906738281,4.282327651977539,,,,,,,,,,,6.127066612243652,5.7154645919799805,6.924167633056641,5.390329837799072,4.659175872802734,7.6820454597473145,8.471284866333008,3.9070799350738525,6.395993709564209,5.9980573654174805,,,,,,,,,,,,,,,,,,,,,,,,,,,,,,,,,,,,,,,,
24,4829,,,,,,,,,,,,,,,,,,,,,,,,,,,,,,,,,,,,,,,,,0.35399705171585083,0.3045196533203125,0.7958337664604187,0.1384352594614029,0.5217703580856323,0.33566179871559143,0.3480561077594757,0.16897021234035492,0.24774911999702454,0.32497721910476685,6.411670207977295,4.3876776695251465,9.823545455932617,3.9518768787384033,8.840150833129883,7.331089496612549,8.15440559387207,3.740312099456787,4.6445136070251465,6.831460952758789,,,,,,,,,,,8.084367752075195,6.108997344970703,12.85354232788086,5.172235488891602,10.335686683654785,9.389162063598633,9.653736114501953,4.848013401031494,5.7138566970825195,8.684077262878418,,,,,,,,,,,,,,,,,,,,,,,,,,,,,,,,,,,,,,,,
24,4834,,,,,,,,,,,,,,,,,,,,,,,,,,,,,,,,,,,,,,,,,0.535900890827179,0.6908723711967468,0.32104161381721497,0.39850181341171265,1.0170636177062988,0.25538262724876404,0.6718990206718445,0.6217473745346069,0.11337390542030334,0.7332254648208618,7.511147499084473,7.064654350280762,6.7792768478393555,7.681111812591553,10.581432342529297,6.374358177185059,8.478256225585938,8.222777366638184,3.3075473308563232,9.11091423034668,,,,,,,,,,,9.820310592651367,9.201554298400879,8.163800239562988,8.775463104248047,14.430245399475098,8.189766883850098,13.412903785705566,9.299631118774414,3.8652703762054443,13.04415512084961,,,,,,,,,,,,,,,,,,,,,,,,,,,,,,,,,,,,,,,,
24,4839,,,,,,,,,,,,,,,,,,,,,,,,,,,,,,,,,,,,,,,,,0.2473360151052475,0.1127181202173233,0.08571995794773102,0.1864892840385437,0.2354530245065689,0.2380458563566208,0.23561863601207733,0.4450562596321106,0.5080029964447021,0.17892014980316162,5.343209266662598,2.90497088432312,3.309504747390747,5.1219940185546875,5.653719425201416,6.510688781738281,6.5312604904174805,6.45436954498291,6.222937107086182,5.379438877105713,,,,,,,,,,,6.5805230140686035,3.7167139053344727,4.218447685241699,6.003186225891113,6.943073749542236,7.9068989753723145,7.942836284637451,7.868032932281494,8.1819429397583,6.443573951721191,,,,,,,,,,,,,,,,,,,,,,,,,,,,,,,,,,,,,,,,
24,4844,,,,,,,,,,,,,,,,,,,,,,,,,,,,,,,,,,,,,,,,,0.4525069296360016,0.6911935210227966,0.6190485954284668,0.23783719539642334,0.5790811777114868,0.42161834239959717,0.33847761154174805,0.9576117992401123,0.08427497744560242,0.14341877400875092,7.383425235748291,7.39408016204834,11.00027084350586,5.806496620178223,9.310425758361816,7.916393756866455,7.470203399658203,9.646726608276367,3.3312935829162598,4.574938774108887,,,,,,,,,,,8.76596736907959,9.203692436218262,11.336370468139648,6.779455184936523,10.888533592224121,10.522904396057129,9.519974708557129,11.541266441345215,3.3325185775756836,5.76899528503418,,,,,,,,,,,,,,,,,,,,,,,,,,,,,,,,,,,,,,,,
24,4849,,,,,,,,,,,,,,,,,,,,,,,,,,,,,,,,,,,,,,,,,0.39704784750938416,0.32464179396629333,0.3518356382846832,0.26318415999412537,0.6046475768089294,0.5180493593215942,0.47620242834091187,0.29465556144714355,0.45412835478782654,0.2860856056213379,7.082316875457764,5.456130027770996,6.472424030303955,6.453979015350342,8.276533126831055,9.12516975402832,9.785765647888184,5.082450866699219,6.092659950256348,6.9957427978515625,,,,,,,,,,,8.705991744995117,6.307604789733887,8.546366691589355,7.131564140319824,11.126300811767578,11.664373397827148,11.291888236999512,6.402005195617676,7.735931396484375,8.1478910446167,,,,,,,,,,,,,,,,,,,,,,,,,,,,,,,,,,,,,,,,
24,4849,,,,,,,,,,,,,,,,,,,,,,,,,,,,,,,,,,,,,,,,,,,,,,,,,,,6.33039665222168,5.125187397003174,6.1897454261779785,6.02243185043335,6.45810604095459,8.022997856140137,6.989442825317383,5.469296932220459,5.600360870361328,7.095996379852295,0.6060814261436462,0.6077552437782288,0.6719045639038086,0.667512059211731,0.6129988431930542,0.5137796401977539,0.5950473546981812,0.6279715299606323,0.5855599641799927,0.5722039937973022,8.36904525756836,6.75518274307251,8.127081871032715,7.983821868896484,8.728734016418457,10.641469955444336,9.38350772857666,7.10689115524292,7.299522399902344,9.29519271850586,0.5199353098869324,0.5275962948799133,0.6455444693565369,0.41413843631744385,0.5336957573890686,0.5969904065132141,0.4298584759235382,0.48010390996932983,0.521371066570282,0.5301189422607422,7.310807228088379,5.506383419036865,8.325542449951172,5.912299633026123,8.098126411437988,9.24625301361084,8.193877220153809,6.0845723152160645,6.287605285644531,8.14260482788086,0.42086872458457947,0.4460446834564209,0.44109463691711426,0.565933346748352,0.34465253353118896,0.4607023000717163,0.5545300245285034,0.2057594656944275,0.28222543001174927,0.48687607049942017,10.156982421875,8.235721588134766,11.46184253692627,9.787726402282715,10.952946662902832,12.62611198425293,10.669989585876465,8.30856704711914,8.615290641784668,10.754644393920898
25,4854,,,,,,,,,,,,,,,,,,,,,,,,,,,,,,,,,,,,,,,,,0.4390045702457428,0.5577439665794373,0.5035004615783691,0.2813531756401062,0.5212741494178772,0.5497588515281677,0.31708741188049316,0.42035049200057983,0.18668505549430847,0.6132873892784119,7.489015579223633,7.291432857513428,9.481343269348145,6.497636795043945,7.768490314483643,8.966094017028809,7.781950950622559,6.569817066192627,4.223488807678223,8.82088565826416,,,,,,,,,,,9.106919288635254,8.26760482788086,10.223782539367676,7.373620986938477,10.330771446228027,12.016056060791016,9.214256286621094,7.646531581878662,4.959958553314209,11.929691314697266,,,,,,,,,,,,,,,,,,,,,,,,,,,,,,,,,,,,,,,,
25,4859,,,,,,,,,,,,,,,,,,,,,,,,,,,,,,,,,,,,,,,,,0.34509584307670593,0.3324122428894043,0.2957111597061157,0.3819667398929596,0.3044144809246063,0.4029805660247803,0.42332085967063904,0.3986208438873291,0.38724756240844727,0.179188072681427,6.526347637176514,4.519495964050293,6.4548115730285645,6.730015754699707,6.263743877410889,8.210768699645996,7.895092964172363,6.934940814971924,6.3906145095825195,5.337646484375,,,,,,,,,,,8.075146675109863,6.382646083831787,7.835118293762207,8.591474533081055,7.894639015197754,10.287691116333008,10.646469116210938,7.446269512176514,7.143609046936035,6.448396682739258,,,,,,,,,,,,,,,,,,,,,,,,,,,,,,,,,,,,,,,,
25,4864,,,,,,,,,,,,,,,,,,,,,,,,,,,,,,,,,,,,,,,,,0.33338662981987,0.1494961827993393,0.12133822590112686,0.16699619591236115,0.6596587300300598,0.5949933528900146,0.45405313372612,0.10548857599496841,0.49888965487480164,0.24956586956977844,6.331249713897705,3.7295966148376465,4.244451999664307,4.196719169616699,10.031013488769531,9.764931678771973,9.163907051086426,3.1272900104522705,6.432294845581055,6.291044235229492,,,,,,,,,,,7.74190092086792,4.280330657958984,5.018922328948975,5.680782318115234,11.62142276763916,12.500630378723145,11.026156425476074,3.830552339553833,8.108220100402832,7.610090255737305,,,,,,,,,,,,,,,,,,,,,,,,,,,,,,,,,,,,,,,,
25,4869,,,,,,,,,,,,,,,,,,,,,,,,,,,,,,,,,,,,,,,,,0.2581753730773926,0.4898030757904053,0.2947559952735901,0.17161791026592255,0.3084173798561096,0.44908228516578674,0.1416265219449997,0.22400036454200745,0.057636115700006485,0.18663880228996277,5.218961238861084,5.0524749755859375,5.612082004547119,4.7439069747924805,6.0511794090271,7.4434428215026855,5.009175777435303,4.656652927398682,2.737196922302246,5.664536476135254,,,,,,,,,,,6.801401615142822,7.747703552246094,7.822452545166016,5.758855819702148,7.946375370025635,10.860224723815918,6.158048152923584,5.581913471221924,2.7559454441070557,6.581095218658447,,,,,,,,,,,,,,,,,,,,,,,,,,,,,,,,,,,,,,,,
25,4874,,,,,,,,,,,,,,,,,,,,,,,,,,,,,,,,,,,,,,,,,0.49196189641952515,0.6024654507637024,0.5039475560188293,0.15188944339752197,0.28673920035362244,0.4215664267539978,0.29011785984039307,0.9324878454208374,0.770053505897522,0.4683898687362671,7.552988529205322,7.442045211791992,9.332979202270508,4.458664894104004,6.4617462158203125,8.715811729431152,7.343893527984619,9.154231071472168,7.203304767608643,7.864228248596191,,,,,,,,,,,9.236082077026367,8.592674255371094,10.228320121765137,5.417746543884277,7.662018299102783,10.522255897521973,8.813694953918457,11.388861656188965,10.073577880859375,10.42559814453125,,,,,,,,,,,,,,,,,,,,,,,,,,,,,,,,,,,,,,,,
25,4879,,,,,,,,,,,,,,,,,,,,,,,,,,,,,,,,,,,,,,,,,0.36569657921791077,0.2996304929256439,0.4787304997444153,0.4100567698478699,0.550574779510498,0.6408768892288208,0.26121437549591064,0.17097695171833038,0.28182893991470337,0.19737949967384338,6.993174076080322,5.179641246795654,8.609436988830566,8.286953926086426,8.0589599609375,10.2667236328125,7.078495502471924,3.938819646835327,5.958411693572998,5.561127662658691,,,,,,,,,,,8.291483879089355,6.059758186340332,9.969128608703613,8.90178108215332,10.617146492004395,12.97368049621582,8.363139152526855,4.876716136932373,6.094191551208496,6.767810821533203,,,,,,,,,,,,,,,,,,,,,,,,,,,,,,,,,,,,,,,,
25,4884,,,,,,,,,,,,,,,,,,,,,,,,,,,,,,,,,,,,,,,,,0.22106356918811798,0.24368977546691895,0.19228774309158325,0.1514187753200531,0.131759911775589,0.23378583788871765,0.17141234874725342,0.08078508079051971,0.3821489214897156,0.40228375792503357,5.0281805992126465,4.252070903778076,5.06304407119751,4.503741264343262,3.977503538131714,6.735710620880127,4.938673973083496,2.678154230117798,5.722093105316162,7.382632732391357,,,,,,,,,,,6.345252990722656,5.464883327484131,6.318113803863525,5.409345626831055,5.193872451782227,7.83582878112793,6.7747273445129395,3.352156400680542,7.0964250564575195,9.661920547485352,,,,,,,,,,,,,,,,,,,,,,,,,,,,,,,,,,,,,,,,
25,4889,,,,,,,,,,,,,,,,,,,,,,,,,,,,,,,,,,,,,,,,,0.26630449295043945,0.49509450793266296,0.4666362702846527,0.1587037295103073,0.15729749202728271,0.1930152028799057,0.21665261685848236,0.33272406458854675,0.22018341720104218,0.15643319487571716,5.363526344299316,5.134194374084473,7.2721052169799805,4.665334701538086,5.195184707641602,5.297796249389648,5.9780449867248535,5.482356071472168,4.384479522705078,4.862237453460693,,,,,,,,,,,6.866190433502197,7.7894415855407715,9.842397689819336,5.537942886352539,5.674930572509766,7.1198625564575195,7.616453170776367,6.803005695343018,5.38661003112793,6.025063991546631,,,,,,,,,,,,,,,,,,,,,,,,,,,,,,,,,,,,,,,,
25,4894,,,,,,,,,,,,,,,,,,,,,,,,,,,,,,,,,,,,,,,,,0.354931503534317,0.20748315751552582,0.1972556710243225,0.17465563118457794,0.40294989943504333,0.3477531373500824,0.3676694929599762,0.34784045815467834,0.5344866514205933,0.6142894625663757,6.435696125030518,4.037790775299072,4.792490482330322,5.059489727020264,7.75290060043335,8.158079147338867,7.331272602081299,4.903153419494629,6.310272693634033,9.575817108154297,,,,,,,,,,,8.122318267822266,5.042590141296387,6.399209976196289,5.80959939956665,9.082913398742676,9.556775093078613,9.92200756072998,6.9558258056640625,8.39250659942627,11.939433097839355,,,,,,,,,,,,,,,,,,,,,,,,,,,,,,,,,,,,,,,,
25,4899,,,,,,,,,,,,,,,,,,,,,,,,,,,,,,,,,,,,,,,,,0.393047958612442,0.9683989882469177,0.08318081498146057,0.2598416805267334,0.43337345123291016,0.5008877515792847,0.34563708305358887,0.17792248725891113,0.39834341406822205,0.3698459565639496,6.347291469573975,8.413559913635254,3.5640506744384766,5.6638946533203125,6.885125637054443,7.95256233215332,6.167021751403809,4.711894512176514,6.3505706787109375,7.416941165924072,,,,,,,,,,,8.23656940460205,10.894051551818848,4.1554999351501465,7.086132049560547,9.419563293457031,11.4695405960083,9.62013053894043,4.974783420562744,7.245229244232178,9.264193534851074,,,,,,,,,,,,,,,,,,,,,,,,,,,,,,,,,,,,,,,,
25,4904,,,,,,,,,,,,,,,,,,,,,,,,,,,,,,,,,,,,,,,,,0.7911887764930725,0.7337763905525208,0.5532767176628113,1.0963963270187378,0.7547561526298523,0.9748760461807251,0.805596649646759,0.9159775972366333,0.7676184177398682,0.5184244513511658,9.494813919067383,7.573556423187256,8.296540260314941,10.80361270904541,9.525872230529785,12.791548728942871,10.945554733276367,7.796535491943359,8.704319953918457,9.015783309936523,,,,,,,,,,,12.243172645568848,9.482964515686035,10.71723747253418,14.555887222290039,12.430912017822266,16.001127243041992,14.686882972717285,11.287588119506836,10.057637214660645,10.968316078186035,,,,,,,,,,,,,,,,,,,,,,,,,,,,,,,,,,,,,,,,
25,4909,,,,,,,,,,,,,,,,,,,,,,,,,,,,,,,,,,,,,,,,,0.4556899070739746,0.4426802098751068,0.2727632522583008,0.8606899976730347,0.324194997549057,0.9776898622512817,0.5522147417068481,0.23782320320606232,0.029091883450746536,0.404060959815979,7.811380863189697,6.100691318511963,7.524957656860352,12.267231941223145,6.900681018829346,11.668450355529785,10.439789772033691,5.721541881561279,1.6924290657043457,7.986649036407471,,,,,,,,,,,9.05678653717041,7.365586757659912,7.524967193603516,12.896690368652344,8.147095680236816,16.024200439453125,12.159753799438477,5.751562595367432,1.9579840898513794,9.683239936828613,,,,,,,,,,,,,,,,,,,,,,,,,,,,,,,,,,,,,,,,
25,4914,,,,,,,,,,,,,,,,,,,,,,,,,,,,,,,,,,,,,,,,,0.40678149461746216,0.25523173809051514,0.278080552816391,0.3709864616394043,0.2265131026506424,1.0993616580963135,0.3296150267124176,0.543599545955658,0.2625746726989746,0.29507073760032654,6.311808109283447,4.398074626922607,6.394260883331299,6.941508769989014,4.8712897300720215,11.138148307800293,6.201722145080566,6.510778903961182,4.056803226470947,6.29368257522583,,,,,,,,,,,8.634130477905273,5.592804431915283,7.597959041595459,8.467085838317871,6.8099870681762695,16.992063522338867,9.394513130187988,8.695574760437012,5.882334232330322,8.27485179901123,,,,,,,,,,,,,,,,,,,,,,,,,,,,,,,,,,,,,,,,
25,4919,,,,,,,,,,,,,,,,,,,,,,,,,,,,,,,,,,,,,,,,,0.307414710521698,0.4557223916053772,0.07069583982229233,0.2770702838897705,0.6224930882453918,0.39865726232528687,0.47229018807411194,0.1404847949743271,0.0392596498131752,0.29005882143974304,5.638075351715088,5.009002685546875,3.229090452194214,5.877347469329834,7.023399353027344,8.217331886291504,8.978062629699707,4.420520782470703,1.8370766639709473,6.150842666625977,,,,,,,,,,,7.365329265594482,7.473300457000732,3.8309683799743652,7.317283630371094,11.289297103881836,10.232357025146484,11.24540901184082,4.420520782470703,2.2745561599731445,8.204275131225586,,,,,,,,,,,,,,,,,,,,,,,,,,,,,,,,,,,,,,,,
25,4924,,,,,,,,,,,,,,,,,,,,,,,,,,,,,,,,,,,,,,,,,0.4673696756362915,0.33143144845962524,0.5610496401786804,0.6181077361106873,0.5233217477798462,0.47500747442245483,0.5304057002067566,0.7977098226547241,0.17102326452732086,0.1982702761888504,7.281929969787598,5.280694484710693,8.874445915222168,9.348716735839844,8.085427284240723,9.4839448928833,8.520392417907715,8.221064567565918,3.2794480323791504,4.443233966827393,,,,,,,,,,,9.288480758666992,6.373223304748535,10.792257308959961,10.92916488647461,10.351041793823242,11.169302940368652,11.917218208312988,10.533705711364746,4.7473464012146,6.783065319061279,,,,,,,,,,,,,,,,,,,,,,,,,,,,,,,,,,,,,,,,
25,4929,,,,,,,,,,,,,,,,,,,,,,,,,,,,,,,,,,,,,,,,,0.2831825613975525,0.42746731638908386,0.13600796461105347,0.19278575479984283,0.28087231516838074,0.34620052576065063,0.32093286514282227,0.32888203859329224,0.13851872086524963,0.3769756555557251,5.808093070983887,6.452372074127197,4.295495510101318,5.17941427230835,5.83107328414917,8.155012130737305,6.472695827484131,5.990839958190918,3.051337480545044,6.844598770141602,,,,,,,,,,,7.270334720611572,7.237919330596924,5.313660144805908,6.1036882400512695,7.583228588104248,9.535417556762695,9.269960403442383,6.763614177703857,4.272455215454102,9.353063583374023,,,,,,,,,,,,,,,,,,,,,,,,,,,,,,,,,,,,,,,,
25,4934,,,,,,,,,,,,,,,,,,,,,,,,,,,,,,,,,,,,,,,,,0.22826051712036133,0.2656550109386444,0.06869962066411972,0.08975879102945328,0.18120869994163513,0.3180161416530609,0.18598513305187225,0.11596664786338806,0.3459948003292084,0.4830596446990967,5.046036720275879,4.714853763580322,3.2347757816314697,3.1832008361816406,4.668720245361328,6.63141393661499,5.6593804359436035,3.5017645359039307,5.280725002288818,8.539496421813965,,,,,,,,,,,6.365591049194336,5.705862522125244,3.776494264602661,4.164792537689209,6.091008186340332,9.139036178588867,7.056833744049072,4.016291618347168,6.75239896774292,10.587600708007812,,,,,,,,,,,,,,,,,,,,,,,,,,,,,,,,,,,,,,,,
25,4939,,,,,,,,,,,,,,,,,,,,,,,,,,,,,,,,,,,,,,,,,0.48028427362442017,0.489658385515213,0.25498008728027344,0.2561968266963959,0.8261988759040833,0.2965606451034546,0.3511214852333069,0.3421618342399597,1.318751335144043,0.18692918121814728,7.096680641174316,6.4313201904296875,5.549446105957031,4.458573818206787,8.538829803466797,7.9218621253967285,7.854891300201416,5.941864013671875,11.453956604003906,5.719380855560303,,,,,,,,,,,8.917061805725098,7.7465596199035645,7.275532245635986,7.036257743835449,13.005945205688477,8.825363159179688,9.69615364074707,6.898814678192139,13.182711601257324,6.5862135887146,,,,,,,,,,,,,,,,,,,,,,,,,,,,,,,,,,,,,,,,
25,4944,,,,,,,,,,,,,,,,,,,,,,,,,,,,,,,,,,,,,,,,,0.2541520297527313,0.3149957060813904,0.38704147934913635,0.11029297113418579,0.14107272028923035,0.15476542711257935,0.17886191606521606,0.5049589276313782,0.17876771092414856,0.31661155819892883,5.468451023101807,4.982579231262207,7.41837739944458,4.159336090087891,4.257319927215576,5.0341081619262695,5.458046913146973,7.524548530578613,4.1261796951293945,6.2555623054504395,,,,,,,,,,,6.696645736694336,6.213189125061035,8.963764190673828,4.61667013168335,5.374290943145752,6.375479221343994,6.920376300811768,8.380824089050293,4.85364294052124,8.571575164794922,,,,,,,,,,,,,,,,,,,,,,,,,,,,,,,,,,,,,,,,
25,4949,,,,,,,,,,,,,,,,,,,,,,,,,,,,,,,,,,,,,,,,,0.3718307316303253,0.3612585663795471,0.2171110361814499,0.3014400601387024,0.14813771843910217,0.345957487821579,0.35511308908462524,0.6657562851905823,0.4522320032119751,0.49947023391723633,6.55235481262207,5.166966438293457,5.633817672729492,6.271971225738525,4.044084072113037,6.7004547119140625,8.336240768432617,6.929239273071289,7.563790798187256,8.324624061584473,,,,,,,,,,,8.210989952087402,6.653824329376221,6.713555812835693,7.632299423217773,5.507220268249512,9.53207015991211,9.75111198425293,9.623129844665527,7.719761848449707,10.765941619873047,,,,,,,,,,,,,,,,,,,,,,,,,,,,,,,,,,,,,,,,
25,4954,,,,,,,,,,,,,,,,,,,,,,,,,,,,,,,,,,,,,,,,,0.43054211139678955,0.2631393373012543,0.27762728929519653,0.2772942781448364,0.5932626128196716,0.4824722111225128,0.14170995354652405,0.48261189460754395,0.844912588596344,0.5118486881256104,6.513849258422852,4.948261737823486,5.879393100738525,5.860836505889893,6.9038567543029785,8.810566902160645,5.4240570068359375,5.904736042022705,6.909880638122559,7.983055591583252,,,,,,,,,,,8.741345405578613,5.678781509399414,7.591764450073242,7.320240020751953,11.021053314208984,11.256723403930664,6.159862518310547,8.193278312683105,10.551863670349121,10.898531913757324,,,,,,,,,,,,,,,,,,,,,,,,,,,,,,,,,,,,,,,,
25,4959,,,,,,,,,,,,,,,,,,,,,,,,,,,,,,,,,,,,,,,,,0.2746548056602478,0.309030681848526,0.13981106877326965,0.17735525965690613,0.23725232481956482,0.24302610754966736,0.2171439230442047,0.19982008635997772,0.5598158836364746,0.38863787055015564,5.845846176147461,4.671947002410889,4.6592278480529785,4.893931865692139,4.588566780090332,6.57062292098999,6.713200092315674,4.842936038970947,7.480527877807617,8.191655158996582,,,,,,,,,,,7.037489414215088,6.154078960418701,5.387439727783203,5.8543267250061035,6.969552040100098,7.989182472229004,7.625084400177002,5.272035598754883,8.589065551757812,9.496635437011719,,,,,,,,,,,,,,,,,,,,,,,,,,,,,,,,,,,,,,,,
25,4964,,,,,,,,,,,,,,,,,,,,,,,,,,,,,,,,,,,,,,,,,0.5523332953453064,0.32977059483528137,0.45185646414756775,0.5953072905540466,0.6997806429862976,0.2559734880924225,0.4135753810405731,0.8367937207221985,0.685111939907074,0.7028301954269409,7.993523597717285,5.249199390411377,6.605259895324707,8.348597526550293,10.10663890838623,5.8924479484558105,7.761034965515137,10.587292671203613,7.5605950355529785,9.830643653869629,,,,,,,,,,,10.05795955657959,6.357234477996826,9.685274124145508,10.725696563720703,11.969627380371094,8.199234962463379,10.523207664489746,10.788670539855957,9.501760482788086,12.770926475524902,,,,,,,,,,,,,,,,,,,,,,,,,,,,,,,,,,,,,,,,
25,4969,,,,,,,,,,,,,,,,,,,,,,,,,,,,,,,,,,,,,,,,,0.3104652762413025,0.45181146264076233,0.30743566155433655,0.22900903224945068,0.3394668698310852,0.5667908787727356,0.20340898633003235,0.36738839745521545,0.05743782967329025,0.2714385390281677,5.704929828643799,5.4776740074157715,6.3736701011657715,5.761782646179199,6.281795024871826,8.172834396362305,5.387401103973389,5.197060585021973,2.2848551273345947,6.407294273376465,,,,,,,,,,,7.537384986877441,7.441164493560791,7.988933086395264,6.6524434089660645,8.336780548095703,12.20077133178711,7.37999153137207,7.14860725402832,2.7512006759643555,7.9365715980529785,,,,,,,,,,,,,,,,,,,,,,,,,,,,,,,,,,,,,,,,
25,4974,,,,,,,,,,,,,,,,,,,,,,,,,,,,,,,,,,,,,,,,,0.48151275515556335,0.9496973156929016,0.8282335996627808,0.036315739154815674,0.21994686126708984,0.18783412873744965,0.23134192824363708,0.20134225487709045,0.7917495369911194,0.887153685092926,7.0793561935424805,8.46528148651123,9.25408935546875,2.1534595489501953,6.397902011871338,5.310525417327881,6.271638870239258,4.709349155426025,8.70936107635498,12.442602157592773,,,,,,,,,,,8.66771411895752,10.788346290588379,13.112577438354492,2.6491241455078125,6.710556507110596,7.023653984069824,7.870420932769775,5.292077541351318,10.214502334594727,14.348174095153809,,,,,,,,,,,,,,,,,,,,,,,,,,,,,,,,,,,,,,,,
25,4979,,,,,,,,,,,,,,,,,,,,,,,,,,,,,,,,,,,,,,,,,0.43232718110084534,0.5732831954956055,0.13503769040107727,0.09391322731971741,0.9013879895210266,0.6999319791793823,0.40035176277160645,0.32745644450187683,0.14310254156589508,0.616479754447937,6.3155341148376465,6.44903039932251,4.306303024291992,3.6048898696899414,8.700926780700684,8.60372257232666,7.194992542266846,4.7387309074401855,3.7948341369628906,9.446374893188477,,,,,,,,,,,8.72063159942627,8.38198471069336,5.294673442840576,4.260085105895996,13.584872245788574,13.55825424194336,10.353606224060059,6.748939514160156,4.342571258544922,11.960700988769531,,,,,,,,,,,,,,,,,,,,,,,,,,,,,,,,,,,,,,,,
25,4984,,,,,,,,,,,,,,,,,,,,,,,,,,,,,,,,,,,,,,,,,0.40625494718551636,0.6219637393951416,0.18783506751060486,0.3782976269721985,0.3390085697174072,0.22124922275543213,0.6679040193557739,0.15154241025447845,0.9502328634262085,0.1382611244916916,6.8713836669921875,5.7400126457214355,4.956864833831787,7.890719413757324,7.165290832519531,6.555004596710205,10.195110321044922,3.8680293560028076,10.706817626953125,4.764605522155762,,,,,,,,,,,8.255326271057129,8.73061466217041,6.244533538818359,8.55010986328125,8.331151008605957,7.622838497161865,13.372967720031738,4.591195583343506,11.19021224975586,5.664312839508057,,,,,,,,,,,,,,,,,,,,,,,,,,,,,,,,,,,,,,,,
25,4989,,,,,,,,,,,,,,,,,,,,,,,,,,,,,,,,,,,,,,,,,0.3744508922100067,0.6323937773704529,0.3730427324771881,0.2839756906032562,0.4010941684246063,0.5323363542556763,0.39993491768836975,0.039674218744039536,0.10780137777328491,0.5998048186302185,6.197954177856445,5.573976039886475,7.625052452087402,4.673018932342529,7.022689342498779,8.727421760559082,8.358867645263672,1.7473024129867554,3.2947819232940674,8.758480072021484,,,,,,,,,,,8.240219116210938,8.803513526916504,8.80016803741455,7.4079060554504395,9.06197452545166,11.824122428894043,10.348215103149414,2.3491618633270264,3.769080638885498,11.797831535339355,,,,,,,,,,,,,,,,,,,,,,,,,,,,,,,,,,,,,,,,
25,4994,,,,,,,,,,,,,,,,,,,,,,,,,,,,,,,,,,,,,,,,,0.3175715506076813,0.24807070195674896,0.2567736804485321,0.15687917172908783,0.29439014196395874,0.31079232692718506,0.5041536688804626,0.4310322403907776,0.34046992659568787,0.3155823349952698,6.339034080505371,4.759558200836182,4.863795280456543,4.975674629211426,5.681005954742432,6.4775004386901855,9.063817977905273,7.590634346008301,6.321639537811279,7.317679405212402,,,,,,,,,,,7.748514175415039,5.513787269592285,7.301076889038086,5.506016254425049,7.763566493988037,9.034643173217773,11.618558883666992,7.743077278137207,6.698270320892334,8.55763053894043,,,,,,,,,,,,,,,,,,,,,,,,,,,,,,,,,,,,,,,,
25,4999,,,,,,,,,,,,,,,,,,,,,,,,,,,,,,,,,,,,,,,,,0.36582136154174805,0.7347349524497986,0.36726289987564087,0.23685260117053986,0.34398171305656433,0.3634106516838074,0.17644205689430237,0.6144334077835083,0.225703164935112,0.2295708805322647,6.595117568969727,7.389646053314209,7.246022701263428,5.196913719177246,6.356067657470703,7.886663436889648,5.951261043548584,8.962075233459473,4.328195095062256,6.039212703704834,,,,,,,,,,,8.002070426940918,9.489156723022461,8.731727600097656,6.765408039093018,8.392035484313965,9.769553184509277,6.873403549194336,9.244771003723145,5.453711032867432,7.298870086669922,,,,,,,,,,,,,,,,,,,,,,,,,,,,,,,,,,,,,,,,
25,5004,,,,,,,,,,,,,,,,,,,,,,,,,,,,,,,,,,,,,,,,,0.19154442846775055,0.3119456171989441,0.13275128602981567,0.1264038383960724,0.18856242299079895,0.23203924298286438,0.25045305490493774,0.04920020326972008,0.14382866024971008,0.28871554136276245,4.735958099365234,5.1303887367248535,3.8353042602539062,3.9239718914031982,4.751420021057129,6.186544418334961,6.5325164794921875,2.2269418239593506,3.3620893955230713,6.67444372177124,,,,,,,,,,,5.970983982086182,6.183035373687744,5.249658107757568,4.9423675537109375,6.213369369506836,7.806504249572754,8.189059257507324,2.6160268783569336,4.353574752807617,8.185256004333496,,,,,,,,,,,,,,,,,,,,,,,,,,,,,,,,,,,,,,,,
25,5009,,,,,,,,,,,,,,,,,,,,,,,,,,,,,,,,,,,,,,,,,0.34664186835289,0.2465929388999939,0.494145005941391,0.09226136654615402,0.2441590279340744,0.8700558543205261,0.3131396472454071,0.33833661675453186,0.23317760229110718,0.2879088222980499,6.403116226196289,4.515954494476318,7.913199424743652,3.6292216777801514,5.430946350097656,10.940986633300781,7.673501968383789,6.132892608642578,4.587265491485596,6.804074764251709,,,,,,,,,,,7.974312782287598,5.497339725494385,10.1283540725708,4.2224531173706055,7.070271015167236,15.116436958312988,9.156717300415039,6.860144138336182,5.543278217315674,8.173812866210938,,,,,,,,,,,,,,,,,,,,,,,,,,,,,,,,,,,,,,,,
25,5014,,,,,,,,,,,,,,,,,,,,,,,,,,,,,,,,,,,,,,,,,0.2932004928588867,0.20832008123397827,0.29070815443992615,0.4219307601451874,0.18047714233398438,0.33059075474739075,0.21960781514644623,0.16913282871246338,0.2683858275413513,0.5496511459350586,5.621835231781006,3.779099464416504,5.8468217849731445,6.707862854003906,4.195569038391113,7.115087985992432,5.77972936630249,3.5079727172851562,4.153905391693115,9.510468482971191,,,,,,,,,,,7.445241451263428,5.052750110626221,7.768555164337158,9.029745101928711,6.078700542449951,9.317968368530273,7.668222427368164,4.850345134735107,5.947070121765137,11.293817520141602,,,,,,,,,,,,,,,,,,,,,,,,,,,,,,,,,,,,,,,,
25,5019,,,,,,,,,,,,,,,,,,,,,,,,,,,,,,,,,,,,,,,,,0.36704015731811523,0.38166919350624084,0.37473657727241516,0.30491000413894653,0.20717059075832367,0.5226085782051086,0.16809521615505219,0.5856966376304626,0.3438919186592102,0.41458266973495483,7.0543341636657715,5.848953723907471,8.291891098022461,7.268748760223389,5.157680034637451,9.243948936462402,5.773024559020996,8.13380241394043,5.515131950378418,8.255824089050293,,,,,,,,,,,8.204328536987305,6.839208126068115,8.820123672485352,7.676102161407471,6.512739658355713,11.715588569641113,6.708856105804443,9.025994300842285,6.731847763061523,9.808504104614258,,,,,,,,,,,,,,,,,,,,,,,,,,,,,,,,,,,,,,,,
25,5024,,,,,,,,,,,,,,,,,,,,,,,,,,,,,,,,,,,,,,,,,0.5491282939910889,0.6594868302345276,0.8253921270370483,0.8895036578178406,0.5159696936607361,0.8786547780036926,0.21878759562969208,0.36133718490600586,0.1320669949054718,0.46095556020736694,7.63973331451416,5.910087585449219,10.180434226989746,9.593559265136719,8.408622741699219,10.539447784423828,6.074618339538574,5.601018905639648,3.8319766521453857,8.61783218383789,,,,,,,,,,,9.990853309631348,8.990116119384766,13.090065002441406,13.110786437988281,10.278074264526367,15.19095230102539,7.65388822555542,7.0894904136657715,4.171770095825195,10.342529296875,,,,,,,,,,,,,,,,,,,,,,,,,,,,,,,,,,,,,,,,
25,5029,,,,,,,,,,,,,,,,,,,,,,,,,,,,,,,,,,,,,,,,,0.4088875651359558,0.4074598550796509,0.5130963325500488,0.5306633114814758,0.39812707901000977,0.2808908522129059,0.321255087852478,0.2439495474100113,0.5810956954956055,0.40345025062561035,6.988057613372803,5.9575276374816895,7.791354656219482,8.100505828857422,6.998466968536377,7.082291603088379,6.64659309387207,4.571253299713135,7.223191261291504,8.521331787109375,,,,,,,,,,,8.739754676818848,7.066505432128906,10.320746421813965,10.126617431640625,9.028393745422363,8.589040756225586,9.274613380432129,5.82517147064209,8.750785827636719,9.675918579101562,,,,,,,,,,,,,,,,,,,,,,,,,,,,,,,,,,,,,,,,
25,5034,,,,,,,,,,,,,,,,,,,,,,,,,,,,,,,,,,,,,,,,,0.399814248085022,0.5231906771659851,0.31897711753845215,0.22225625813007355,0.1253030002117157,0.6695075035095215,0.2966678738594055,0.8862624168395996,0.3834215998649597,0.1727415919303894,6.540823936462402,6.449824333190918,6.439702033996582,5.8336310386657715,4.1851372718811035,10.232412338256836,6.633579730987549,7.4874396324157715,6.695347785949707,4.910346031188965,,,,,,,,,,,8.27545166015625,8.007413864135742,8.137508392333984,6.5536298751831055,5.0650105476379395,13.260307312011719,8.912632942199707,11.102988243103027,7.108232021331787,6.331340312957764,,,,,,,,,,,,,,,,,,,,,,,,,,,,,,,,,,,,,,,,
25,5039,,,,,,,,,,,,,,,,,,,,,,,,,,,,,,,,,,,,,,,,,0.3044939637184143,0.21197810769081116,0.17556141316890717,0.21351012587547302,0.7782127261161804,0.4401545524597168,0.1986352950334549,0.25588566064834595,0.15769700706005096,0.30881068110466003,6.124666690826416,4.373831748962402,5.447425365447998,5.556290626525879,9.907103538513184,8.397285461425781,5.8063836097717285,5.908965110778809,3.354720115661621,6.369998455047607,,,,,,,,,,,7.46828031539917,5.096920013427734,6.037070274353027,6.42338752746582,12.622599601745605,10.751733779907227,7.2928786277771,5.96597957611084,4.558636665344238,8.465319633483887,,,,,,,,,,,,,,,,,,,,,,,,,,,,,,,,,,,,,,,,
25,5043,,,,,,,,,,,,,,,,,,,,,,,,,,,,,,,,,,,,,,,,,,,,,,,,,,,6.3690948486328125,5.228912830352783,6.2898077964782715,5.998467445373535,6.546252727508545,7.9907989501953125,7.109833240509033,5.470771312713623,5.431386947631836,7.255619525909424,0.6061562895774841,0.6014390587806702,0.6653767824172974,0.6742510795593262,0.6099319458007812,0.5198411345481873,0.5873101949691772,0.6245101690292358,0.6093440651893616,0.5634022951126099,8.371940612792969,6.809352397918701,8.20753288269043,7.902496337890625,8.763251304626465,10.574934005737305,9.472723960876465,7.139875888824463,7.08697509765625,9.390325546264648,0.543450117111206,0.6362078189849854,0.5218443870544434,0.36548441648483276,0.5810341835021973,0.6599206328392029,0.39932799339294434,0.5739995241165161,0.6164202094078064,0.5368121862411499,7.473561763763428,6.129897117614746,7.270772933959961,5.543566703796387,8.332568168640137,9.84256649017334,7.868590831756592,6.6357903480529785,7.14783239364624,8.490473747253418,0.3840903341770172,0.3270384669303894,0.5749081373214722,0.6062930226325989,0.28633201122283936,0.40240001678466797,0.5892635583877563,0.03169792890548706,0.16203337907791138,0.4768461585044861,10.300381660461426,9.077357292175293,9.996009826660156,9.321593284606934,11.429923057556152,13.291090965270996,10.245575904846191,9.173933029174805,9.30870532989502,10.859244346618652
26,5044,,,,,,,,,,,,,,,,,,,,,,,,,,,,,,,,,,,,,,,,,0.40631023049354553,0.42859935760498047,0.14349260926246643,0.1832980215549469,0.3640081286430359,0.5297127962112427,0.25046414136886597,1.015390396118164,0.5558071136474609,0.18601928651332855,6.96345853805542,5.702028274536133,4.510887145996094,4.795533657073975,7.380619049072266,9.193414688110352,6.135791778564453,11.30842113494873,7.781386375427246,5.863046169281006,,,,,,,,,,,8.254093170166016,7.247497081756592,5.457910537719727,5.951600074768066,8.632869720458984,11.794949531555176,8.189239501953125,11.884346008300781,8.558257102966309,6.570163726806641,,,,,,,,,,,,,,,,,,,,,,,,,,,,,,,,,,,,,,,,
26,5049,,,,,,,,,,,,,,,,,,,,,,,,,,,,,,,,,,,,,,,,,0.38088321685791016,0.44671690464019775,0.26756414771080017,0.3915588855743408,0.7479583621025085,0.5051693320274353,0.30372941493988037,0.26161307096481323,0.1943272352218628,0.3093116879463196,6.928534507751465,6.031556129455566,6.837472438812256,7.348594665527344,9.166089057922363,10.014060020446777,7.1392669677734375,4.311071395874023,4.117168426513672,7.391533374786377,,,,,,,,,,,8.447450637817383,7.399092674255371,7.452906608581543,8.698681831359863,12.374804496765137,11.518457412719727,9.018082618713379,6.032375812530518,5.060461521148682,8.472184181213379,,,,,,,,,,,,,,,,,,,,,,,,,,,,,,,,,,,,,,,,
26,5054,,,,,,,,,,,,,,,,,,,,,,,,,,,,,,,,,,,,,,,,,0.3265966475009918,0.35268667340278625,0.3118346333503723,0.14600153267383575,0.32622095942497253,0.44568854570388794,0.41604122519493103,0.20967130362987518,0.23692844808101654,0.49429649114608765,6.40351676940918,5.408951759338379,7.136544227600098,3.949589729309082,6.519794940948486,8.47273063659668,8.355149269104004,4.440748691558838,5.315995216369629,8.032143592834473,,,,,,,,,,,7.908477783203125,6.5744099617004395,8.04588508605957,5.311700820922852,8.17251205444336,10.819111824035645,10.554532051086426,5.400428771972656,5.587684631347656,10.710037231445312,,,,,,,,,,,,,,,,,,,,,,,,,,,,,,,,,,,,,,,,
26,5059,,,,,,,,,,,,,,,,,,,,,,,,,,,,,,,,,,,,,,,,,0.6851230263710022,0.3873251974582672,1.3848499059677124,1.0025025606155396,0.32307150959968567,0.7130356431007385,0.21167531609535217,1.2761123180389404,0.6745305061340332,0.19300445914268494,7.794497966766357,5.050407409667969,11.689521789550781,10.724493026733398,6.4121623039245605,10.727689743041992,5.653592586517334,7.824220180511475,6.396379470825195,5.6720123291015625,,,,,,,,,,,10.728164672851562,6.889697551727295,16.955596923828125,13.91866683959961,8.132966041564941,13.684579849243164,7.5284552574157715,13.323034286499023,9.42809772491455,6.692384243011475,,,,,,,,,,,,,,,,,,,,,,,,,,,,,,,,,,,,,,,,
26,5064,,,,,,,,,,,,,,,,,,,,,,,,,,,,,,,,,,,,,,,,,0.31027185916900635,0.43421295285224915,0.017063260078430176,0.25142940878868103,0.168596550822258,0.3779067397117615,0.3486708402633667,0.37028640508651733,0.18795672059059143,0.6363238096237183,5.92008638381958,4.602834701538086,1.5323282480239868,6.286262512207031,5.194904327392578,7.293389797210693,6.641690731048584,6.595630645751953,4.589245319366455,10.544489860534668,,,,,,,,,,,7.328068256378174,7.29480504989624,1.882099986076355,6.970484733581543,5.875218391418457,9.962496757507324,9.662257194519043,7.176746368408203,4.976823329925537,12.151679992675781,,,,,,,,,,,,,,,,,,,,,,,,,,,,,,,,,,,,,,,,
26,5069,,,,,,,,,,,,,,,,,,,,,,,,,,,,,,,,,,,,,,,,,0.3497970402240753,0.2559806704521179,0.19693118333816528,0.23859509825706482,0.33064574003219604,0.6246851086616516,0.5650861859321594,0.18588204681873322,0.3328777253627777,0.4174894690513611,6.555187225341797,4.295890808105469,5.080129146575928,5.076633930206299,7.262272357940674,9.400605201721191,9.785604476928711,4.574974060058594,5.3795013427734375,8.141072273254395,,,,,,,,,,,8.185909271240234,5.601003646850586,6.393945217132568,6.790248394012451,8.227750778198242,12.808740615844727,12.300652503967285,5.084841728210449,6.623165607452393,9.842829704284668,,,,,,,,,,,,,,,,,,,,,,,,,,,,,,,,,,,,,,,,
26,5074,,,,,,,,,,,,,,,,,,,,,,,,,,,,,,,,,,,,,,,,,0.4188520610332489,0.3244897425174713,0.48909667134284973,0.6282826662063599,0.3479437232017517,0.5222019553184509,0.291645884513855,0.1297396421432495,0.6081900000572205,0.4280783236026764,6.845929145812988,5.506579399108887,7.434279918670654,7.924352169036865,7.000616550445557,8.055777549743652,6.10296630859375,3.704782724380493,7.241602420806885,8.642403602600098,,,,,,,,,,,8.83966064453125,6.306127548217773,10.076483726501465,11.018752098083496,8.440227508544922,11.711030006408691,8.836874961853027,4.248103618621826,8.952470779418945,9.96687126159668,,,,,,,,,,,,,,,,,,,,,,,,,,,,,,,,,,,,,,,,
26,5079,,,,,,,,,,,,,,,,,,,,,,,,,,,,,,,,,,,,,,,,,0.3749271035194397,0.15375404059886932,0.07346796244382858,0.28941988945007324,0.4541601538658142,0.826442539691925,0.17229455709457397,0.15445981919765472,0.9379316568374634,0.3124134838581085,5.906960487365723,2.667510986328125,3.2029943466186523,6.85691499710083,6.78875732421875,8.200745582580566,5.98946475982666,3.8746275901794434,9.268716812133789,6.312912464141846,,,,,,,,,,,7.906636714935303,4.340857982635498,3.905355930328369,7.478578567504883,9.642821311950684,14.732695579528809,6.792139053344727,4.635178565979004,11.117545127868652,8.514557838439941,,,,,,,,,,,,,,,,,,,,,,,,,,,,,,,,,,,,,,,,
26,5084,,,,,,,,,,,,,,,,,,,,,,,,,,,,,,,,,,,,,,,,,0.29277604818344116,0.39334535598754883,0.3795848786830902,0.1686563938856125,0.162090465426445,0.39700016379356384,0.23183751106262207,0.22915852069854736,0.3123832941055298,0.3609277904033661,5.869140625,5.640122890472412,6.721048831939697,4.197758674621582,4.693357944488525,7.884446144104004,6.01206636428833,4.430812358856201,5.25779390335083,7.984857082366943,,,,,,,,,,,7.399257183074951,6.943033218383789,8.876997947692871,5.708950519561768,5.760741233825684,10.211069107055664,7.878846168518066,5.645816802978516,6.416041374206543,9.151817321777344,,,,,,,,,,,,,,,,,,,,,,,,,,,,,,,,,,,,,,,,
26,5089,,,,,,,,,,,,,,,,,,,,,,,,,,,,,,,,,,,,,,,,,0.5355371832847595,0.40101951360702515,0.41830626130104065,0.19815132021903992,0.5173659324645996,1.0640323162078857,0.5142468214035034,0.35800111293792725,1.1743563413619995,0.17435482144355774,7.317966938018799,5.353759765625,6.498457431793213,5.218419551849365,7.7900495529174805,12.729585647583008,6.9886345863342285,5.859175205230713,10.206910133361816,5.216708660125732,,,,,,,,,,,9.679768562316895,7.010435581207275,9.318775177001953,6.188042640686035,10.291970252990723,16.71680450439453,11.734285354614258,7.056687831878662,12.440082550048828,6.360836505889893,,,,,,,,,,,,,,,,,,,,,,,,,,,,,,,,,,,,,,,,
26,5094,,,,,,,,,,,,,,,,,,,,,,,,,,,,,,,,,,,,,,,,,0.4575788080692291,0.5295490026473999,0.27559924125671387,0.12809516489505768,1.0698614120483398,0.3563504219055176,0.07898073643445969,0.5057572722434998,0.4570082128047943,0.7170078158378601,6.658477783203125,5.481445789337158,6.6624956130981445,3.782285451889038,8.750777244567871,6.966811180114746,3.810220241546631,7.895770072937012,5.935515403747559,10.640975952148438,,,,,,,,,,,8.746121406555176,8.055923461914062,7.5639848709106445,4.975322723388672,14.800057411193848,9.674186706542969,4.598660469055176,8.387447357177734,7.7604217529296875,12.899092674255371,,,,,,,,,,,,,,,,,,,,,,,,,,,,,,,,,,,,,,,,
26,5099,,,,,,,,,,,,,,,,,,,,,,,,,,,,,,,,,,,,,,,,,0.4388596713542938,0.5077491998672485,0.12147707492113113,0.4230688810348511,0.4051256477832794,1.2760512828826904,0.37578287720680237,0.35031136870384216,0.09166114777326584,0.3985099196434021,6.443586826324463,6.4036784172058105,4.338352680206299,5.709024429321289,6.99136209487915,8.994964599609375,8.42389965057373,5.984455108642578,2.9211385250091553,8.225400924682617,,,,,,,,,,,8.829947471618652,7.888363361358643,5.021793365478516,9.041915893554688,9.107402801513672,18.30669403076172,10.030885696411133,6.9804887771606445,3.4754889011383057,9.616493225097656,,,,,,,,,,,,,,,,,,,,,,,,,,,,,,,,,,,,,,,,
26,5104,,,,,,,,,,,,,,,,,,,,,,,,,,,,,,,,,,,,,,,,,0.3090682625770569,0.5151124000549316,0.3002175986766815,0.22806647419929504,0.3165587782859802,0.2570388615131378,0.12021388858556747,0.41023820638656616,0.48471522331237793,0.14945276081562042,6.032200336456299,6.724789142608643,6.766766548156738,5.210050106048584,6.499609470367432,6.640032768249512,4.240116596221924,6.56364107131958,6.9878997802734375,4.656896591186523,,,,,,,,,,,7.317145347595215,7.945354461669922,7.894592761993408,6.638739109039307,8.050573348999023,8.216280937194824,5.673461437225342,7.553996562957764,7.992204666137695,5.889102935791016,,,,,,,,,,,,,,,,,,,,,,,,,,,,,,,,,,,,,,,,
26,5109,,,,,,,,,,,,,,,,,,,,,,,,,,,,,,,,,,,,,,,,,0.32852375507354736,0.4525435268878937,0.08221671730279922,0.15875236690044403,0.2461150884628296,0.7431513071060181,0.20932230353355408,0.37038472294807434,0.25178468227386475,0.44244280457496643,5.967811107635498,5.115849018096924,3.781242847442627,4.605499744415283,5.424252510070801,10.323003768920898,6.578334331512451,4.475325107574463,4.575103759765625,8.831687927246094,,,,,,,,,,,7.638173580169678,7.447190761566162,4.13134765625,5.538790702819824,7.098535060882568,13.970582008361816,7.486495494842529,7.177699089050293,5.7602057456970215,10.132713317871094,,,,,,,,,,,,,,,,,,,,,,,,,,,,,,,,,,,,,,,,
26,5114,,,,,,,,,,,,,,,,,,,,,,,,,,,,,,,,,,,,,,,,,0.3830682337284088,0.18039476871490479,0.23410174250602722,0.24656961858272552,0.5391656756401062,0.4860745966434479,0.6100150346755981,0.29831090569496155,0.3943030536174774,0.4586789011955261,7.02028751373291,3.902352809906006,4.850351810455322,6.004611492156982,8.121777534484863,8.84506607055664,11.477594375610352,6.1611127853393555,5.623194694519043,8.196523666381836,,,,,,,,,,,8.569830894470215,4.701909065246582,6.971303462982178,6.902790069580078,10.50656509399414,11.298670768737793,12.78030014038086,6.441593170166016,7.208392143249512,10.31695556640625,,,,,,,,,,,,,,,,,,,,,,,,,,,,,,,,,,,,,,,,
26,5119,,,,,,,,,,,,,,,,,,,,,,,,,,,,,,,,,,,,,,,,,0.45988714694976807,1.0003855228424072,0.575194239616394,0.3533474802970886,0.5467230081558228,0.4401285946369171,0.2757907807826996,0.37529584765434265,0.23922725021839142,0.3328911364078522,6.85327672958374,7.576967716217041,7.726799011230469,6.428168296813965,7.650199890136719,7.277069091796875,6.553378582000732,6.571424961090088,4.205468654632568,7.690012454986572,,,,,,,,,,,9.090779304504395,11.072505950927734,10.927452087402344,8.263345718383789,10.57994270324707,10.75141716003418,8.593313217163086,7.2251296043396,5.614726543426514,8.789178848266602,,,,,,,,,,,,,,,,,,,,,,,,,,,,,,,,,,,,,,,,
26,5124,,,,,,,,,,,,,,,,,,,,,,,,,,,,,,,,,,,,,,,,,0.2342887967824936,0.48412150144577026,0.29362425208091736,0.11204133927822113,0.3396301865577698,0.32158568501472473,0.2417360246181488,0.1320134848356247,0.061763014644384384,0.1220836266875267,5.15889835357666,5.290309906005859,6.514733791351318,3.832379102706909,6.700669288635254,7.480387210845947,6.525836944580078,3.5980238914489746,2.327782392501831,4.159959316253662,,,,,,,,,,,6.466459274291992,7.702637672424316,7.8074212074279785,4.6531171798706055,8.338785171508789,9.190183639526367,8.045286178588867,4.285168170928955,2.8529067039489746,5.322625160217285,,,,,,,,,,,,,,,,,,,,,,,,,,,,,,,,,,,,,,,,
26,5129,,,,,,,,,,,,,,,,,,,,,,,,,,,,,,,,,,,,,,,,,0.4597074091434479,0.510619044303894,0.31901538372039795,0.636961817741394,0.39114484190940857,0.5025936365127563,0.23933936655521393,0.6894670724868774,0.4307413697242737,0.4174843728542328,6.58144998550415,6.2531538009643555,5.706422328948975,7.477074146270752,6.998481750488281,7.775252819061279,6.145699501037598,6.469051837921143,5.357454776763916,7.050456523895264,,,,,,,,,,,9.195147514343262,7.9106245040893555,8.137996673583984,11.094597816467285,8.948874473571777,11.489056587219238,8.005304336547852,9.792994499206543,7.5341033935546875,9.842769622802734,,,,,,,,,,,,,,,,,,,,,,,,,,,,,,,,,,,,,,,,
26,5134,,,,,,,,,,,,,,,,,,,,,,,,,,,,,,,,,,,,,,,,,0.22180722653865814,0.2855478525161743,0.08760952204465866,0.06853870302438736,0.34321948885917664,0.38368111848831177,0.26579999923706055,0.03334271162748337,0.38617175817489624,0.1423538327217102,5.052278518676758,4.685193061828613,3.3194267749786377,2.9435312747955322,6.650301933288574,8.037610054016113,6.494023323059082,2.1535205841064453,6.517477035522461,4.669419288635254,,,,,,,,,,,6.190193176269531,5.915639400482178,4.264688491821289,3.639341354370117,8.382732391357422,10.038321495056152,8.436226844787598,2.1535708904266357,7.133678913116455,5.747537136077881,,,,,,,,,,,,,,,,,,,,,,,,,,,,,,,,,,,,,,,,
26,5139,,,,,,,,,,,,,,,,,,,,,,,,,,,,,,,,,,,,,,,,,0.2713143527507782,0.42511969804763794,0.12369903177022934,0.12109698355197906,0.5401256084442139,0.27020907402038574,0.3376304507255554,0.06840841472148895,0.10966020822525024,0.44587987661361694,5.272233009338379,5.105098724365234,3.7343215942382812,3.98340106010437,7.389011859893799,6.584033489227295,7.355080604553223,2.551804542541504,3.1418614387512207,7.605480670928955,,,,,,,,,,,6.9588093757629395,7.218017101287842,5.067512035369873,4.837506294250488,10.515913963317871,8.42414379119873,9.508052825927734,3.0847034454345703,3.8014373779296875,10.171995162963867,,,,,,,,,,,,,,,,,,,,,,,,,,,,,,,,,,,,,,,,
26,5144,,,,,,,,,,,,,,,,,,,,,,,,,,,,,,,,,,,,,,,,,0.4703107476234436,0.3610895574092865,0.713874340057373,0.10086742043495178,0.5000578761100769,0.49568653106689453,0.32470250129699707,0.9366628527641296,0.05921470746397972,0.7406408786773682,7.2747650146484375,5.274018287658691,9.882668495178223,3.8571085929870605,6.795344352722168,9.662884712219238,7.75186014175415,9.503808975219727,2.3701393604278564,10.375054359436035,,,,,,,,,,,9.045679092407227,6.652268409729004,12.173698425292969,4.414996147155762,10.118352890014648,11.409836769104004,9.324244499206543,11.414328575134277,2.7934317588806152,13.10995101928711,,,,,,,,,,,,,,,,,,,,,,,,,,,,,,,,,,,,,,,,
26,5149,,,,,,,,,,,,,,,,,,,,,,,,,,,,,,,,,,,,,,,,,0.2811499536037445,0.3149793744087219,0.14543651044368744,0.06872252374887466,0.5982933044433594,0.6363617777824402,0.14812906086444855,0.2550928592681885,0.19582225382328033,0.16751177608966827,5.631692886352539,5.243162155151367,4.755229949951172,2.9302423000335693,9.034279823303223,10.21186351776123,5.205565452575684,4.764451026916504,4.368768215179443,4.1716718673706055,,,,,,,,,,,6.990755081176758,6.2130279541015625,5.494755744934082,3.644218683242798,11.067683219909668,12.927897453308105,6.297829627990723,5.956729412078857,5.07988977432251,6.234761714935303,,,,,,,,,,,,,,,,,,,,,,,,,,,,,,,,,,,,,,,,
26,5154,,,,,,,,,,,,,,,,,,,,,,,,,,,,,,,,,,,,,,,,,0.21377283334732056,0.4908568263053894,0.03653286397457123,0.15772555768489838,0.17060565948486328,0.373249888420105,0.3638669550418854,0.1177854835987091,0.05601777881383896,0.15731430053710938,4.873203754425049,6.275681018829346,2.211383819580078,5.195234775543213,4.329881191253662,7.495057106018066,7.898301124572754,3.696928024291992,2.429713487625122,4.326651573181152,,,,,,,,,,,6.057675838470459,7.756033897399902,2.753933906555176,5.520849227905273,5.910121440887451,9.900924682617188,9.870567321777344,4.047665119171143,2.7169787883758545,6.042008399963379,,,,,,,,,,,,,,,,,,,,,,,,,,,,,,,,,,,,,,,,
26,5159,,,,,,,,,,,,,,,,,,,,,,,,,,,,,,,,,,,,,,,,,0.26704591512680054,0.1707363873720169,0.3095555901527405,0.15276587009429932,0.3336969017982483,0.08149616420269012,0.3086433708667755,0.2942287027835846,0.35866209864616394,0.3936282694339752,5.413820266723633,3.9722251892089844,5.6020379066467285,4.705206871032715,6.278685569763184,3.718829393386841,7.134154319763184,4.832826137542725,5.624882698059082,6.855534076690674,,,,,,,,,,,6.981837749481201,4.574306964874268,8.01642894744873,5.43335485458374,8.265625,4.626413822174072,9.090741157531738,6.397366523742676,6.874894618988037,9.557412147521973,,,,,,,,,,,,,,,,,,,,,,,,,,,,,,,,,,,,,,,,
26,5164,,,,,,,,,,,,,,,,,,,,,,,,,,,,,,,,,,,,,,,,,0.3287079632282257,0.614116370677948,0.19592896103858948,0.2659030556678772,0.2631365954875946,0.3901553750038147,0.3554874062538147,0.3696550130844116,0.17444293200969696,0.3295459747314453,6.538541316986084,7.292758464813232,5.421428680419922,6.904660701751709,5.574277877807617,7.538022518157959,8.962462425231934,6.093286037445068,4.2818074226379395,6.778168678283691,,,,,,,,,,,7.79447078704834,8.675361633300781,6.377654075622559,7.168306827545166,7.339902400970459,10.122659683227539,9.75624942779541,7.17062520980835,4.794573783874512,8.74490737915039,,,,,,,,,,,,,,,,,,,,,,,,,,,,,,,,,,,,,,,,
26,5169,,,,,,,,,,,,,,,,,,,,,,,,,,,,,,,,,,,,,,,,,0.28901705145835876,0.2356739193201065,0.21868646144866943,0.08805239945650101,0.33130472898483276,0.45453891158103943,0.22733142971992493,0.42406198382377625,0.3142368495464325,0.3072666823863983,5.811158180236816,4.458775520324707,5.290410041809082,3.655590295791626,6.087442398071289,8.254385948181152,5.8338303565979,6.551590919494629,5.573685646057129,6.594707489013672,,,,,,,,,,,7.306709289550781,5.374251842498779,6.737869739532471,4.125014781951904,8.235945701599121,10.926004409790039,7.801902770996094,7.680214881896973,6.435049057006836,8.444130897521973,,,,,,,,,,,,,,,,,,,,,,,,,,,,,,,,,,,,,,,,
26,5174,,,,,,,,,,,,,,,,,,,,,,,,,,,,,,,,,,,,,,,,,0.23130543529987335,0.3265784978866577,0.1757899820804596,0.2836015820503235,0.16109082102775574,0.2757643461227417,0.2546720802783966,0.16585831344127655,0.18449315428733826,0.25390028953552246,5.124238014221191,4.711272716522217,4.6146087646484375,5.943625450134277,4.172420024871826,5.90125036239624,5.898225784301758,4.079992771148682,4.678030014038086,6.118712902069092,,,,,,,,,,,6.632358074188232,6.32639217376709,6.040998458862305,7.403024673461914,5.742949962615967,8.510300636291504,8.257744789123535,4.803163051605225,4.930754661560059,7.675890922546387,,,,,,,,,,,,,,,,,,,,,,,,,,,,,,,,,,,,,,,,
26,5179,,,,,,,,,,,,,,,,,,,,,,,,,,,,,,,,,,,,,,,,,0.28291940689086914,0.4635266661643982,0.19334521889686584,0.4856066405773163,0.13738279044628143,0.31114906072616577,0.25310954451560974,0.1246996521949768,0.42758744955062866,0.14986781775951385,5.846007823944092,5.749416828155518,5.8345794677734375,8.543595314025879,4.287781238555908,7.555881023406982,6.664190769195557,3.938129425048828,5.693994045257568,4.346502304077148,,,,,,,,,,,7.078212738037109,7.537019729614258,6.33546257019043,9.687176704406738,5.303539276123047,9.039826393127441,8.232372283935547,4.164772987365723,7.506470680236816,5.897275447845459,,,,,,,,,,,,,,,,,,,,,,,,,,,,,,,,,,,,,,,,
26,5184,,,,,,,,,,,,,,,,,,,,,,,,,,,,,,,,,,,,,,,,,0.37604236602783203,0.11186878383159637,0.2650318145751953,0.2719198167324066,0.3465430438518524,0.38435226678848267,0.27518758177757263,0.5402349829673767,0.858562171459198,0.3306806981563568,6.811028480529785,2.9751522541046143,6.403179168701172,5.28057336807251,7.037823677062988,7.869893550872803,6.381763935089111,8.641140937805176,9.093868255615234,7.6158647537231445,,,,,,,,,,,8.165416717529297,3.7026846408843994,7.417552947998047,7.248953342437744,8.423221588134766,10.047097206115723,8.583910942077637,8.668622016906738,10.636754989624023,8.759949684143066,,,,,,,,,,,,,,,,,,,,,,,,,,,,,,,,,,,,,,,,
26,5189,,,,,,,,,,,,,,,,,,,,,,,,,,,,,,,,,,,,,,,,,0.3222741186618805,0.318979948759079,0.2849609851837158,0.21375307440757751,0.2596032917499542,0.34741026163101196,0.2701539397239685,0.08964367210865021,0.5717558860778809,0.5442058444023132,6.276113986968994,5.002645015716553,5.811933517456055,5.888885498046875,5.92003870010376,7.707205772399902,7.085603713989258,2.9286372661590576,6.6858673095703125,9.454207420349121,,,,,,,,,,,7.6852707862854,6.252359867095947,7.691381454467773,6.427041530609131,7.290456771850586,9.552063941955566,8.505041122436523,3.5311694145202637,8.680177688598633,11.237735748291016,,,,,,,,,,,,,,,,,,,,,,,,,,,,,,,,,,,,,,,,
26,5194,,,,,,,,,,,,,,,,,,,,,,,,,,,,,,,,,,,,,,,,,0.40781909227371216,0.19383332133293152,0.23263993859291077,0.6915190815925598,0.5049535632133484,0.5009016394615173,0.42991042137145996,0.487626850605011,0.22413615882396698,0.4048507511615753,6.9617180824279785,3.8212246894836426,5.824429988861084,7.741612911224365,9.01148509979248,9.898112297058105,8.536128044128418,6.581893444061279,4.215048313140869,7.025526523590088,,,,,,,,,,,8.790337562561035,4.873898506164551,6.949503421783447,11.559976577758789,10.167760848999023,11.469700813293457,10.729013442993164,8.235737800598145,5.4347453117370605,9.692697525024414,,,,,,,,,,,,,,,,,,,,,,,,,,,,,,,,,,,,,,,,
26,5199,,,,,,,,,,,,,,,,,,,,,,,,,,,,,,,,,,,,,,,,,0.35567814111709595,0.2731439173221588,0.29887065291404724,0.1630631387233734,0.2404921054840088,0.4238506853580475,0.3068418502807617,0.7658275365829468,0.16108234226703644,0.5679311156272888,6.474647521972656,4.538289546966553,6.10349178314209,4.342068195343018,5.904234409332275,8.752326011657715,6.787725448608398,8.161437034606934,3.930785655975342,9.751466751098633,,,,,,,,,,,8.035155296325684,5.785728454589844,7.8768630027771,5.613487720489502,7.016977310180664,10.550724029541016,9.06417179107666,10.321057319641113,4.6073079109191895,11.480082511901855,,,,,,,,,,,,,,,,,,,,,,,,,,,,,,,,,,,,,,,,
26,5204,,,,,,,,,,,,,,,,,,,,,,,,,,,,,,,,,,,,,,,,,0.29105737805366516,0.3625876307487488,0.2681061327457428,0.08060277253389359,0.13197973370552063,0.4418376088142395,0.7519658207893372,0.19335709512233734,0.26745450496673584,0.12162503600120544,5.4674482345581055,4.740549087524414,5.496563911437988,2.971421241760254,4.364155292510986,7.451109409332275,10.184516906738281,4.769371509552002,5.163106441497803,4.066242218017578,,,,,,,,,,,7.1854071617126465,6.66605281829834,7.460450172424316,3.9466612339019775,5.1982035636901855,10.772269248962402,14.189590454101562,5.186074733734131,5.936743259429932,5.312619209289551,,,,,,,,,,,,,,,,,,,,,,,,,,,,,,,,,,,,,,,,
26,5209,,,,,,,,,,,,,,,,,,,,,,,,,,,,,,,,,,,,,,,,,0.5512574911117554,0.7078240513801575,0.44640061259269714,0.2865280508995056,0.7688074111938477,0.6192502379417419,0.48679518699645996,0.2864138185977936,0.9676260352134705,0.3916719853878021,7.556127071380615,6.861091136932373,6.981418132781982,6.061106204986572,7.5709147453308105,10.63060474395752,8.856447219848633,4.904470920562744,8.635863304138184,7.5032219886779785,,,,,,,,,,,10.026102066040039,9.313756942749023,9.626625061035156,7.441122055053711,12.546091079711914,12.752900123596191,11.416788101196289,6.311836242675781,11.292160987854004,9.533634185791016,,,,,,,,,,,,,,,,,,,,,,,,,,,,,,,,,,,,,,,,
26,5214,,,,,,,,,,,,,,,,,,,,,,,,,,,,,,,,,,,,,,,,,0.38683944940567017,0.5116655230522156,0.26667797565460205,0.12273641675710678,0.24517779052257538,0.6710375547409058,0.4629884362220764,0.13887304067611694,0.6175441741943359,0.44485387206077576,6.4013214111328125,5.40608024597168,5.931301116943359,3.2390758991241455,5.807750225067139,10.081026077270508,9.13036823272705,3.262800693511963,6.629639148712158,8.123847007751465,,,,,,,,,,,8.366714477539062,7.918726444244385,7.440553665161133,4.870142459869385,7.085005760192871,13.27545166015625,11.134119033813477,4.395089149475098,9.021055221557617,10.160284042358398,,,,,,,,,,,,,,,,,,,,,,,,,,,,,,,,,,,,,,,,
26,5219,,,,,,,,,,,,,,,,,,,,,,,,,,,,,,,,,,,,,,,,,0.4968143105506897,0.4008617103099823,0.3166254460811615,0.21158389747142792,0.36049485206604004,0.7132331728935242,0.743586540222168,1.0598551034927368,0.4121856391429901,0.25290244817733765,7.3914971351623535,6.051987648010254,6.6590752601623535,4.975111961364746,6.210574150085449,10.679913520812988,10.275089263916016,9.044288635253906,6.175864219665527,6.451571941375732,,,,,,,,,,,9.452372550964355,7.00905704498291,8.107455253601074,6.394347190856934,8.591108322143555,13.686476707458496,14.110310554504395,12.141769409179688,7.370038032531738,7.660792350769043,,,,,,,,,,,,,,,,,,,,,,,,,,,,,,,,,,,,,,,,
26,5224,,,,,,,,,,,,,,,,,,,,,,,,,,,,,,,,,,,,,,,,,0.2615918517112732,0.9542248249053955,0.008884711191058159,0.013889039866626263,0.2823302745819092,0.27315428853034973,0.11107213795185089,0.1811758279800415,0.19666443765163422,0.3329313099384308,4.782599449157715,8.647497177124023,1.0283620357513428,1.4170241355895996,5.488940238952637,6.246424198150635,4.133541584014893,4.877191543579102,4.7512383460998535,6.4531779289245605,,,,,,,,,,,6.026365756988525,10.814030647277832,1.3581050634384155,1.6382907629013062,7.602884292602539,8.469931602478027,5.453475475311279,5.020059585571289,5.090802192687988,8.78971004486084,,,,,,,,,,,,,,,,,,,,,,,,,,,,,,,,,,,,,,,,
26,5229,,,,,,,,,,,,,,,,,,,,,,,,,,,,,,,,,,,,,,,,,0.3563477098941803,0.5570153594017029,0.13120567798614502,0.13830900192260742,0.30492621660232544,0.8214597702026367,0.5853300094604492,0.11839668452739716,0.1315058171749115,0.41898059844970703,6.230262756347656,5.979033946990967,4.566274642944336,4.396161079406738,5.981095790863037,11.563984870910645,8.797996520996094,3.521876811981201,3.8145148754119873,7.451424598693848,,,,,,,,,,,7.982339859008789,8.262202262878418,5.219007968902588,5.1698760986328125,7.901271820068359,14.688214302062988,12.519043922424316,4.05815315246582,4.162898540496826,9.860392570495605,,,,,,,,,,,,,,,,,,,,,,,,,,,,,,,,,,,,,,,,
26,5234,,,,,,,,,,,,,,,,,,,,,,,,,,,,,,,,,,,,,,,,,0.3438391089439392,0.26669660210609436,0.5272967219352722,0.2396543025970459,0.3848039507865906,0.7416532039642334,0.372463583946228,0.2704527676105499,0.0787246972322464,0.21280619502067566,6.381843566894531,5.00560998916626,9.371047973632812,5.498166084289551,7.471078395843506,8.428457260131836,8.391759872436523,4.746799468994141,2.7086589336395264,5.815014362335205,,,,,,,,,,,8.020625114440918,5.717037200927734,10.462589263916016,6.805304050445557,8.876043319702148,13.95649242401123,9.986486434936523,6.1334452629089355,3.2209112644195557,7.027313709259033,,,,,,,,,,,,,,,,,,,,,,,,,,,,,,,,,,,,,,,,
26,5237,,,,,,,,,,,,,,,,,,,,,,,,,,,,,,,,,,,,,,,,,,,,,,,,,,,6.361468315124512,5.101433277130127,6.210147857666016,6.003305912017822,6.616057872772217,8.076436042785645,7.02573299407959,5.581740379333496,5.483862400054932,7.1544976234436035,0.602583110332489,0.6074937582015991,0.6665816307067871,0.6721487045288086,0.602318525314331,0.509228527545929,0.5866377353668213,0.6139524579048157,0.5919504165649414,0.5729360580444336,8.40754508972168,6.757432460784912,8.192743301391602,7.927958965301514,8.848361015319824,10.691158294677734,9.480438232421875,7.239556312561035,7.243028163909912,9.287233352661133,0.5998403429985046,0.6522583365440369,0.6535168886184692,0.4001532793045044,0.6980758309364319,0.6706559658050537,0.5301316976547241,0.6116486191749573,0.6457287073135376,0.5363937616348267,7.83388090133667,6.1190996170043945,8.423222541809082,6.031552791595459,9.263778686523438,9.618545532226562,8.903572082519531,6.42961311340332,7.29365348815918,8.421893119812012,0.3241887092590332,0.31175297498703003,0.4351176619529724,0.5534076690673828,0.1476154327392578,0.3879716992378235,0.4531337022781372,0.03387176990509033,0.11556142568588257,0.4792659282684326,10.884000778198242,9.179868698120117,11.522965431213379,9.927942276000977,12.491453170776367,13.450582504272461,11.82211971282959,9.163629531860352,9.56334400177002,10.834101676940918
27,5239,,,,,,,,,,,,,,,,,,,,,,,,,,,,,,,,,,,,,,,,,0.3929063379764557,0.4761580228805542,0.3538372218608856,0.5011876225471497,0.44695746898651123,0.2605675756931305,0.32294145226478577,0.38291701674461365,0.5765900611877441,0.21500042080879211,6.67853307723999,5.330957889556885,6.409346580505371,8.17465591430664,6.803166389465332,7.019567012786865,7.165158748626709,6.186171054840088,7.436097621917725,5.581679344177246,,,,,,,,,,,8.474095344543457,7.639024257659912,8.570643424987793,9.84135913848877,9.566052436828613,8.272486686706543,9.29892349243164,7.298120975494385,8.716794967651367,7.063449859619141,,,,,,,,,,,,,,,,,,,,,,,,,,,,,,,,,,,,,,,,
27,5244,,,,,,,,,,,,,,,,,,,,,,,,,,,,,,,,,,,,,,,,,0.24624469876289368,0.1682572066783905,0.6088908314704895,0.3364686965942383,0.17531780898571014,0.14296862483024597,0.07261627912521362,0.06845059990882874,0.190395325422287,0.4528370499610901,4.930004119873047,3.6470494270324707,8.09601879119873,6.225512504577637,4.485129356384277,4.915225028991699,3.4606473445892334,2.606375217437744,4.378266334533691,6.555811882019043,,,,,,,,,,,6.524620056152344,4.5409746170043945,11.242979049682617,8.063567161560059,5.991184234619141,6.127682209014893,4.409483909606934,3.0856547355651855,5.009004592895508,10.251046180725098,,,,,,,,,,,,,,,,,,,,,,,,,,,,,,,,,,,,,,,,
27,5249,,,,,,,,,,,,,,,,,,,,,,,,,,,,,,,,,,,,,,,,,0.4074980914592743,0.13450980186462402,0.4384378492832184,0.40248581767082214,0.3954673409461975,0.42270249128341675,0.3400160074234009,0.4640743136405945,0.9129045009613037,0.15688474476337433,6.967812538146973,2.932918071746826,8.945158004760742,7.543900489807129,7.6070733070373535,7.912594318389893,7.95400857925415,6.36022424697876,8.447076797485352,5.007356643676758,,,,,,,,,,,8.503585815429688,4.060123443603516,9.540380477905273,8.819219589233398,8.998185157775879,10.53642463684082,9.541583061218262,8.034382820129395,10.968214988708496,6.033753395080566,,,,,,,,,,,,,,,,,,,,,,,,,,,,,,,,,,,,,,,,
27,5254,,,,,,,,,,,,,,,,,,,,,,,,,,,,,,,,,,,,,,,,,0.42556455731391907,0.47949910163879395,0.08020897209644318,0.12829791009426117,0.5692786574363708,0.5189896821975708,0.9952297806739807,0.30669164657592773,0.32534781098365784,0.42653754353523254,6.607985019683838,6.471850872039795,2.681253671646118,3.854792356491089,7.240633010864258,9.298447608947754,12.339038848876953,4.478888988494873,5.10958194732666,7.997381210327148,,,,,,,,,,,8.727664947509766,7.665777206420898,4.080591678619385,4.9792585372924805,10.795980453491211,11.674954414367676,16.324220657348633,6.531451225280762,6.54782772064209,9.948917388916016,,,,,,,,,,,,,,,,,,,,,,,,,,,,,,,,,,,,,,,,
27,5259,,,,,,,,,,,,,,,,,,,,,,,,,,,,,,,,,,,,,,,,,0.5152715444564819,0.7567265629768372,0.6469491720199585,0.6712917685508728,0.3390039801597595,0.49031639099121094,0.39026007056236267,0.6151244044303894,0.20675916969776154,0.5210127830505371,7.688074588775635,7.584722995758057,7.7580647468566895,8.866809844970703,6.381530284881592,8.476425170898438,7.882906436920166,7.9149322509765625,5.036423206329346,9.290860176086426,,,,,,,,,,,9.775053024291992,9.630121231079102,11.589019775390625,11.389654159545898,8.331092834472656,11.347862243652344,10.222282409667969,9.249966621398926,5.219822406768799,10.995661735534668,,,,,,,,,,,,,,,,,,,,,,,,,,,,,,,,,,,,,,,,
27,5264,,,,,,,,,,,,,,,,,,,,,,,,,,,,,,,,,,,,,,,,,0.4224075675010681,0.5506030321121216,0.35178694128990173,0.30472204089164734,0.8150715827941895,0.7305687665939331,0.3054637908935547,0.10432954877614975,0.20904462039470673,0.43007779121398926,6.895074367523193,5.6052117347717285,6.685629367828369,6.986454963684082,8.897027969360352,9.087610244750977,8.045565605163574,3.2785918712615967,4.975836753845215,8.49374008178711,,,,,,,,,,,8.810650825500488,8.214507102966309,8.545778274536133,7.673735618591309,12.91806697845459,13.851806640625,9.043794631958008,3.8094513416290283,5.248592376708984,9.990119934082031,,,,,,,,,,,,,,,,,,,,,,,,,,,,,,,,,,,,,,,,
27,5269,,,,,,,,,,,,,,,,,,,,,,,,,,,,,,,,,,,,,,,,,0.76617830991745,0.33091071248054504,2.2471015453338623,0.17790639400482178,0.3170187771320343,0.6501544117927551,0.532121479511261,1.546738862991333,0.769990086555481,0.32366225123405457,9.036986351013184,4.831765651702881,18.088180541992188,5.469085693359375,6.558983325958252,9.985218048095703,8.346977233886719,12.081457138061523,9.27513599395752,6.696071147918701,,,,,,,,,,,11.144197463989258,6.368215084075928,21.59847068786621,5.863415718078613,8.05642032623291,13.06724739074707,11.936477661132812,14.667876243591309,10.073162078857422,8.666489601135254,,,,,,,,,,,,,,,,,,,,,,,,,,,,,,,,,,,,,,,,
27,5274,,,,,,,,,,,,,,,,,,,,,,,,,,,,,,,,,,,,,,,,,0.42080456018447876,0.2184566855430603,0.45117756724357605,0.14351096749305725,0.42849457263946533,0.3634220361709595,0.5841702818870544,0.8495451807975769,0.6550471782684326,0.09341676533222198,6.640992164611816,4.190453052520752,6.8745503425598145,4.759587287902832,6.753056049346924,7.209521293640137,9.978501319885254,8.946052551269531,7.458134174346924,3.5990772247314453,,,,,,,,,,,8.508734703063965,5.174220561981201,9.677995681762695,5.266200542449951,9.3663911819458,9.769705772399902,12.506636619567871,10.870560646057129,9.290938377380371,4.655963897705078,,,,,,,,,,,,,,,,,,,,,,,,,,,,,,,,,,,,,,,,
27,5279,,,,,,,,,,,,,,,,,,,,,,,,,,,,,,,,,,,,,,,,,0.40011706948280334,0.7607076168060303,0.10231787711381912,0.17422789335250854,0.3559373617172241,0.40043550729751587,0.8144077658653259,0.2631322741508484,0.11549552530050278,0.6143917441368103,5.997231483459473,7.415696144104004,4.138454914093018,4.951451301574707,6.088436126708984,7.337531566619873,7.8385772705078125,5.207285404205322,3.2912933826446533,7.706358432769775,,,,,,,,,,,8.39078140258789,9.65541934967041,4.608795642852783,5.802481174468994,8.536629676818848,10.25515365600586,14.766982078552246,6.049866199493408,3.90126895904541,11.940427780151367,,,,,,,,,,,,,,,,,,,,,,,,,,,,,,,,,,,,,,,,
27,5284,,,,,,,,,,,,,,,,,,,,,,,,,,,,,,,,,,,,,,,,,0.42327603697776794,1.0426472425460815,0.38137924671173096,0.15581342577934265,0.5542973279953003,0.41653770208358765,0.2868880331516266,0.2669304311275482,0.4801834225654602,0.2248072475194931,6.942873954772949,7.592250347137451,7.69406795501709,4.997467041015625,9.315276145935059,8.399612426757812,7.082732677459717,5.158913612365723,6.049086570739746,6.1964569091796875,,,,,,,,,,,8.537429809570312,11.303970336914062,8.897954940795898,5.487282752990723,10.65297794342041,10.459309577941895,8.764497756958008,6.093372821807861,7.954756259918213,7.2227463722229,,,,,,,,,,,,,,,,,,,,,,,,,,,,,,,,,,,,,,,,
27,5289,,,,,,,,,,,,,,,,,,,,,,,,,,,,,,,,,,,,,,,,,0.24489320814609528,0.28608861565589905,0.2213454395532608,0.1509193778038025,0.17048324644565582,0.6721614003181458,0.26554858684539795,0.12177841365337372,0.1044977456331253,0.21121615171432495,5.33096981048584,4.9882493019104,5.877480506896973,4.334129333496094,4.310757637023926,10.342093467712402,5.928184509277344,3.5384562015533447,3.033433198928833,5.625942230224609,,,,,,,,,,,6.728305816650391,5.921238422393799,6.778707981109619,5.400417804718018,5.907999515533447,13.2865629196167,8.432236671447754,4.115701675415039,3.710878610610962,7.001010894775391,,,,,,,,,,,,,,,,,,,,,,,,,,,,,,,,,,,,,,,,
27,5294,,,,,,,,,,,,,,,,,,,,,,,,,,,,,,,,,,,,,,,,,0.38748183846473694,0.4691602885723114,0.23751012980937958,0.28311240673065186,0.42584702372550964,0.32042065262794495,0.26362672448158264,0.5345519781112671,0.40229475498199463,0.5508126616477966,6.8159613609313965,6.222859859466553,5.712449550628662,5.6345391273498535,7.441092491149902,6.842187881469727,6.317795276641846,8.242932319641113,5.943726539611816,8.986068725585938,,,,,,,,,,,8.458168983459473,7.5826826095581055,7.02186918258667,7.396637439727783,9.337409973144531,9.173521041870117,8.401668548583984,8.622906684875488,7.281074523925781,11.305744171142578,,,,,,,,,,,,,,,,,,,,,,,,,,,,,,,,,,,,,,,,
27,5299,,,,,,,,,,,,,,,,,,,,,,,,,,,,,,,,,,,,,,,,,0.30592337250709534,0.19002114236354828,0.3874139189720154,0.3799148201942444,0.21338683366775513,0.3874529004096985,0.586987316608429,0.35127460956573486,0.12511880695819855,0.13174021244049072,6.424272537231445,3.7897887229919434,6.83836030960083,7.362702369689941,6.059765338897705,9.281359672546387,10.489767074584961,5.40301513671875,3.7894420623779297,4.804253578186035,,,,,,,,,,,7.575105667114258,4.825732231140137,8.9680757522583,8.568367004394531,6.6097259521484375,10.087540626525879,12.536755561828613,6.990079402923584,4.060547351837158,5.529124736785889,,,,,,,,,,,,,,,,,,,,,,,,,,,,,,,,,,,,,,,,
27,5304,,,,,,,,,,,,,,,,,,,,,,,,,,,,,,,,,,,,,,,,,0.3350636065006256,0.17431695759296417,0.16776412725448608,0.7104043960571289,0.284835547208786,0.4204699695110321,0.21948809921741486,0.48475492000579834,0.11264427751302719,0.44089436531066895,5.828948974609375,3.3550095558166504,5.2803635597229,6.98699951171875,6.3547868728637695,8.300861358642578,6.3859734535217285,4.704376697540283,3.232936143875122,7.85923433303833,,,,,,,,,,,7.803415298461914,4.62202262878418,5.90148401260376,11.716765403747559,7.636541843414307,10.508563041687012,7.666131973266602,8.21144962310791,3.8528122901916504,10.114968299865723,,,,,,,,,,,,,,,,,,,,,,,,,,,,,,,,,,,,,,,,
27,5309,,,,,,,,,,,,,,,,,,,,,,,,,,,,,,,,,,,,,,,,,0.3841616213321686,0.2837960124015808,0.15317365527153015,0.09249243140220642,0.5050050020217896,1.0034502744674683,0.3599275052547455,0.2293243706226349,0.13196930289268494,0.698316216468811,6.746461868286133,5.091904640197754,5.062564849853516,3.353084087371826,8.510151863098145,11.582850456237793,7.976451396942139,4.55946683883667,4.019469261169434,10.562214851379395,,,,,,,,,,,8.281262397766113,5.897465229034424,5.639020919799805,4.227736949920654,10.168279647827148,16.23393440246582,9.816988945007324,5.647858142852783,4.170227527618408,12.729849815368652,,,,,,,,,,,,,,,,,,,,,,,,,,,,,,,,,,,,,,,,
27,5314,,,,,,,,,,,,,,,,,,,,,,,,,,,,,,,,,,,,,,,,,0.3117508590221405,0.3119440972805023,0.040190115571022034,0.030757632106542587,0.5166447758674622,0.579190194606781,0.6482353210449219,0.20436818897724152,0.2541085183620453,0.22031892836093903,5.504854679107666,4.500328540802002,2.549142360687256,1.998360276222229,7.513908386230469,8.912168502807617,9.553817749023438,4.980940341949463,4.099113941192627,5.4359130859375,,,,,,,,,,,7.285676956176758,6.183020114898682,2.8884928226470947,2.4379868507385254,10.284794807434082,12.333502769470215,13.174591064453125,5.331696033477783,5.7867255210876465,7.150279998779297,,,,,,,,,,,,,,,,,,,,,,,,,,,,,,,,,,,,,,,,
27,5319,,,,,,,,,,,,,,,,,,,,,,,,,,,,,,,,,,,,,,,,,0.44443216919898987,0.37803226709365845,0.28920650482177734,0.23013371229171753,0.29938048124313354,0.3536147475242615,0.28632479906082153,0.595655083656311,1.1319139003753662,0.4356280565261841,7.24385404586792,5.486037731170654,7.156310558319092,6.130939960479736,6.967424392700195,6.837381839752197,7.311235427856445,7.528247833251953,10.1165189743042,7.660586357116699,,,,,,,,,,,8.757304191589355,6.806545257568359,7.748465538024902,6.668758869171143,7.829092025756836,9.636981964111328,8.755889892578125,9.102404594421387,12.213214874267578,10.054376602172852,,,,,,,,,,,,,,,,,,,,,,,,,,,,,,,,,,,,,,,,
27,5324,,,,,,,,,,,,,,,,,,,,,,,,,,,,,,,,,,,,,,,,,0.42888012528419495,0.4670340418815613,0.18323259055614471,0.11210315674543381,0.6570608019828796,0.7132118344306946,0.6581681370735168,0.10939623415470123,0.2658892273902893,0.6938250660896301,6.270456790924072,5.970795154571533,5.1734395027160645,4.146046161651611,8.652830123901367,9.307011604309082,7.12670373916626,3.452782392501831,4.055769920349121,8.548734664916992,,,,,,,,,,,8.8284912109375,7.565481662750244,6.16755485534668,4.6544013023376465,11.598516464233398,13.686270713806152,13.275142669677734,3.900855541229248,5.919344902038574,12.688847541809082,,,,,,,,,,,,,,,,,,,,,,,,,,,,,,,,,,,,,,,,
27,5329,,,,,,,,,,,,,,,,,,,,,,,,,,,,,,,,,,,,,,,,,0.48638656735420227,0.32281023263931274,0.4747437834739685,0.3463512659072876,0.42456313967704773,0.539963960647583,0.5976237654685974,0.4983018636703491,0.6755231022834778,0.49759793281555176,7.131128311157227,4.550767421722412,6.515848159790039,6.005387306213379,7.258680820465088,9.016931533813477,8.021875381469727,6.931758880615234,7.513121604919434,8.365778923034668,,,,,,,,,,,9.642923355102539,6.289786338806152,9.927533149719238,8.181129455566406,9.323324203491211,11.908533096313477,12.64983081817627,8.325397491455078,9.43503189086914,10.745743751525879,,,,,,,,,,,,,,,,,,,,,,,,,,,,,,,,,,,,,,,,
27,5334,,,,,,,,,,,,,,,,,,,,,,,,,,,,,,,,,,,,,,,,,0.4708825349807739,0.9163228273391724,0.3855336308479309,0.2788912057876587,0.7023031115531921,0.4629499912261963,0.6076568961143494,0.3049916625022888,0.1388798952102661,0.4404135048389435,7.412424564361572,8.407926559448242,8.024787902832031,4.789477348327637,9.3516263961792,8.687211036682129,10.084985733032227,5.196653366088867,3.968489408493042,8.200665473937988,,,,,,,,,,,9.284316062927246,10.597087860107422,8.94628620147705,7.3412885665893555,11.991179466247559,11.026633262634277,12.755574226379395,6.513323783874512,4.278021812438965,10.109450340270996,,,,,,,,,,,,,,,,,,,,,,,,,,,,,,,,,,,,,,,,
27,5339,,,,,,,,,,,,,,,,,,,,,,,,,,,,,,,,,,,,,,,,,0.22978682816028595,0.10505099594593048,0.08928914368152618,0.22978892922401428,0.3435852825641632,0.24378351867198944,0.3251621425151825,0.10217415541410446,0.1397402435541153,0.4895070493221283,5.056509494781494,2.9571731090545654,3.698967695236206,5.652755260467529,5.687746524810791,7.187113285064697,6.557806968688965,2.782971143722534,3.4590272903442383,7.52501916885376,,,,,,,,,,,6.555116653442383,3.5880820751190186,4.305375099182129,6.663760662078857,8.387198448181152,8.001622200012207,9.330841064453125,3.76989483833313,4.291252136230469,10.6580228805542,,,,,,,,,,,,,,,,,,,,,,,,,,,,,,,,,,,,,,,,
27,5344,,,,,,,,,,,,,,,,,,,,,,,,,,,,,,,,,,,,,,,,,0.2154698371887207,0.10138599574565887,0.2709430158138275,0.21325838565826416,0.19189195334911346,0.30930837988853455,0.27122417092323303,0.06824436038732529,0.3774908483028412,0.1354813277721405,5.326395511627197,2.911299467086792,6.570435523986816,5.361006736755371,5.567539215087891,7.617088794708252,6.805628299713135,2.6493327617645264,6.5427656173706055,3.912461519241333,,,,,,,,,,,6.332043170928955,3.5249359607696533,7.49981689453125,6.419600009918213,6.26798677444458,9.013049125671387,8.521871566772461,3.081002950668335,7.053042411804199,5.607082366943359,,,,,,,,,,,,,,,,,,,,,,,,,,,,,,,,,,,,,,,,
27,5349,,,,,,,,,,,,,,,,,,,,,,,,,,,,,,,,,,,,,,,,,0.36509737372398376,0.3229544162750244,0.23233181238174438,0.12444889545440674,0.10412188619375229,0.9737936854362488,0.256804496049881,0.4921421408653259,0.12514787912368774,0.6541308760643005,6.16532564163208,5.142019271850586,6.082571506500244,3.518760919570923,3.9721527099609375,10.481821060180664,6.261501789093018,6.1576972007751465,3.4510855674743652,10.42032241821289,,,,,,,,,,,7.966335773468018,6.291191101074219,6.944899559020996,4.903999328613281,4.617114543914795,15.992241859436035,8.292244911193848,8.273780822753906,4.061018943786621,12.320533752441406,,,,,,,,,,,,,,,,,,,,,,,,,,,,,,,,,,,,,,,,
27,5354,,,,,,,,,,,,,,,,,,,,,,,,,,,,,,,,,,,,,,,,,0.4482612609863281,0.44016823172569275,0.4310407042503357,0.4004715383052826,0.20843854546546936,0.4082379639148712,0.7165712714195251,0.26435521245002747,0.7144001722335815,0.4506676197052002,7.366189002990723,5.522279739379883,7.723607540130615,7.594397068023682,5.405387878417969,7.224556922912598,10.630599021911621,4.756778717041016,8.358831405639648,9.079261779785156,,,,,,,,,,,9.14814281463623,7.344658851623535,9.45955753326416,8.797123908996582,6.532639503479004,10.354581832885742,13.851616859436035,6.063909530639648,9.702733039855957,10.226461410522461,,,,,,,,,,,,,,,,,,,,,,,,,,,,,,,,,,,,,,,,
27,5359,,,,,,,,,,,,,,,,,,,,,,,,,,,,,,,,,,,,,,,,,0.360266774892807,0.4431602954864502,0.3857313096523285,0.5210821032524109,0.37688180804252625,0.49811461567878723,0.4457283318042755,0.15827198326587677,0.025738047435879707,0.3876924216747284,6.060759544372559,4.952843189239502,6.441097259521484,7.481198787689209,6.748939037322998,7.840914249420166,8.66002368927002,3.7832143306732178,1.1486223936080933,7.4899821281433105,,,,,,,,,,,8.168697357177734,7.369580268859863,8.948579788208008,10.034782409667969,8.784200668334961,11.43774700164795,10.924609184265137,4.69202995300293,1.8416668176651,9.485076904296875,,,,,,,,,,,,,,,,,,,,,,,,,,,,,,,,,,,,,,,,
27,5364,,,,,,,,,,,,,,,,,,,,,,,,,,,,,,,,,,,,,,,,,0.37266048789024353,0.2362428605556488,0.19710707664489746,0.4455389380455017,0.6014372706413269,0.6002134084701538,0.3302638828754425,0.17480699717998505,0.16281487047672272,0.6055192351341248,6.444687843322754,4.274753093719482,5.02013635635376,6.967298984527588,7.4563679695129395,8.4689302444458,7.6745710372924805,4.547300815582275,3.521669387817383,10.071159362792969,,,,,,,,,,,8.392138481140137,5.380734920501709,6.396800518035889,9.278925895690918,11.096725463867188,12.555346488952637,9.403756141662598,4.931035995483398,4.632019519805908,11.853898048400879,,,,,,,,,,,,,,,,,,,,,,,,,,,,,,,,,,,,,,,,
27,5369,,,,,,,,,,,,,,,,,,,,,,,,,,,,,,,,,,,,,,,,,0.2961050570011139,0.13731805980205536,0.31213587522506714,0.28226667642593384,0.3136041760444641,0.3150290250778198,0.11207619309425354,0.4527222812175751,0.4479406774044037,0.2918524742126465,5.598610877990723,3.1931090354919434,6.35610818862915,5.37455415725708,5.59681510925293,6.14817476272583,4.137472152709961,5.737966537475586,6.528310298919678,7.314986705780029,,,,,,,,,,,7.330310344696045,4.102287769317627,8.04977035522461,7.385581016540527,8.01291561126709,9.096014976501465,5.478068828582764,7.935506343841553,7.683047771453857,8.22960376739502,,,,,,,,,,,,,,,,,,,,,,,,,,,,,,,,,,,,,,,,
27,5374,,,,,,,,,,,,,,,,,,,,,,,,,,,,,,,,,,,,,,,,,0.3502449095249176,0.4449576139450073,0.2553718686103821,0.5372592806816101,0.19708576798439026,0.30560582876205444,0.26512372493743896,0.17659679055213928,0.563374936580658,0.40682822465896606,6.6651482582092285,5.635152339935303,6.099761962890625,8.844964981079102,5.39174222946167,7.301921367645264,6.766385078430176,4.105783939361572,7.535199165344238,8.305426597595215,,,,,,,,,,,7.986726760864258,7.3845086097717285,7.281120300292969,10.189358711242676,6.352244853973389,8.958940505981445,8.425488471984863,4.956214904785156,8.616324424743652,9.716341018676758,,,,,,,,,,,,,,,,,,,,,,,,,,,,,,,,,,,,,,,,
27,5379,,,,,,,,,,,,,,,,,,,,,,,,,,,,,,,,,,,,,,,,,0.19869576394557953,0.11497477442026138,0.1422281265258789,0.0853038802742958,0.31874510645866394,0.13712966442108154,0.2852399945259094,0.10183135420084,0.3341866731643677,0.2686223089694977,4.580362796783447,2.8827977180480957,4.315834045410156,2.924069404602051,5.539095401763916,5.243700981140137,6.598755836486816,3.0185203552246094,5.131791591644287,5.568702697753906,,,,,,,,,,,6.040173530578613,3.753734588623047,5.433809280395508,4.060123920440674,8.078326225280762,6.001247406005859,8.739286422729492,3.7635655403137207,6.636175155639648,7.895293235778809,,,,,,,,,,,,,,,,,,,,,,,,,,,,,,,,,,,,,,,,
27,5384,,,,,,,,,,,,,,,,,,,,,,,,,,,,,,,,,,,,,,,,,0.3483732044696808,0.19535958766937256,0.11444824934005737,0.45049068331718445,0.38763627409935,0.4155007600784302,0.40513649582862854,0.3772558271884918,0.5906473994255066,0.19888341426849365,6.559300899505615,4.3858747482299805,3.938659191131592,9.164142608642578,7.3360981941223145,7.960177421569824,7.254343032836914,6.219504356384277,7.1682257652282715,5.6066813468933105,,,,,,,,,,,7.969767093658447,4.893049716949463,4.874344348907471,9.330347061157227,8.908650398254395,10.446282386779785,10.415292739868164,7.2439703941345215,8.822415351867676,6.793545722961426,,,,,,,,,,,,,,,,,,,,,,,,,,,,,,,,,,,,,,,,
27,5389,,,,,,,,,,,,,,,,,,,,,,,,,,,,,,,,,,,,,,,,,0.3506840169429779,0.34298646450042725,0.24527005851268768,0.23337200284004211,0.3190319836139679,0.25270748138427734,0.49458304047584534,0.43276143074035645,0.4964526295661926,0.3389909267425537,6.251445293426514,5.118712902069092,6.011948585510254,4.952502727508545,5.525655269622803,5.881470680236816,8.057580947875977,6.510336399078369,6.998356342315674,7.206443786621094,,,,,,,,,,,8.087482452392578,6.483368396759033,7.135655879974365,6.715513706207275,8.081961631774902,8.146759986877441,11.507749557495117,7.7585930824279785,8.088391304016113,8.869338989257812,,,,,,,,,,,,,,,,,,,,,,,,,,,,,,,,,,,,,,,,
27,5394,,,,,,,,,,,,,,,,,,,,,,,,,,,,,,,,,,,,,,,,,0.3173648416996002,0.8088390231132507,0.3542427122592926,0.03765028342604637,0.10586713254451752,0.25120848417282104,0.22324161231517792,0.2704722583293915,0.47958487272262573,0.32517731189727783,5.60652494430542,6.753390312194824,5.29175329208374,2.154076099395752,4.378328800201416,6.375646114349365,5.6697001457214355,5.51852560043335,7.359292507171631,6.958012580871582,,,,,,,,,,,7.16765832901001,9.956192970275879,8.575551986694336,2.6973607540130615,4.655648708343506,8.12256145477295,7.731403827667236,6.133665561676025,7.949797630310059,8.686750411987305,,,,,,,,,,,,,,,,,,,,,,,,,,,,,,,,,,,,,,,,
27,5399,,,,,,,,,,,,,,,,,,,,,,,,,,,,,,,,,,,,,,,,,0.49749988317489624,0.16611431539058685,1.2370831966400146,0.18237370252609253,0.1895635724067688,1.3065061569213867,0.3140681982040405,0.38137197494506836,0.06793159991502762,0.6324864625930786,6.9862751960754395,3.166642427444458,14.576644897460938,5.501222610473633,5.346013069152832,12.773902893066406,7.061889171600342,4.655836582183838,2.960411787033081,6.833913803100586,,,,,,,,,,,9.198707580566406,4.511965751647949,16.025482177734375,5.936575889587402,6.229842662811279,18.52386474609375,9.170284271240234,7.283382415771484,2.9919838905334473,12.114983558654785,,,,,,,,,,,,,,,,,,,,,,,,,,,,,,,,,,,,,,,,
27,5404,,,,,,,,,,,,,,,,,,,,,,,,,,,,,,,,,,,,,,,,,0.38163119554519653,0.365822434425354,0.23250465095043182,0.1791478842496872,0.19760219752788544,0.5055127739906311,0.5609111785888672,0.5133780837059021,0.6286768317222595,0.2511247992515564,6.388863563537598,5.591196537017822,5.609116554260254,4.817060470581055,4.349445343017578,8.247885704040527,8.188491821289062,6.826294898986816,7.896082401275635,5.974194049835205,,,,,,,,,,,8.316815376281738,6.6957221031188965,6.947483062744141,5.883838653564453,6.360562324523926,11.52237319946289,12.255127906799316,8.45040225982666,9.102004051208496,7.6338210105896,,,,,,,,,,,,,,,,,,,,,,,,,,,,,,,,,,,,,,,,
27,5409,,,,,,,,,,,,,,,,,,,,,,,,,,,,,,,,,,,,,,,,,0.3700025975704193,0.27368488907814026,0.6474148631095886,0.35205212235450745,0.6361945271492004,0.2382304072380066,0.2533717155456543,0.3310793936252594,0.418573260307312,0.17942194640636444,6.110408782958984,4.7050065994262695,7.700534343719482,5.5244011878967285,8.056241035461426,5.37298059463501,6.109323024749756,5.781646728515625,6.040903568267822,5.702641010284424,,,,,,,,,,,8.206443786621094,5.791454792022705,11.593191146850586,8.248185157775879,11.412863731384277,7.909964084625244,8.2366361618042,6.7861714363098145,7.426924705505371,6.452603816986084,,,,,,,,,,,,,,,,,,,,,,,,,,,,,,,,,,,,,,,,
27,5414,,,,,,,,,,,,,,,,,,,,,,,,,,,,,,,,,,,,,,,,,0.32402849197387695,0.6748915910720825,0.22517657279968262,0.14966802299022675,0.24142976105213165,0.37317684292793274,0.46894413232803345,0.3644728660583496,0.2917458713054657,0.12675070762634277,6.013723373413086,7.560790061950684,5.008281230926514,4.336346626281738,6.176307678222656,7.337414264678955,7.115837574005127,6.19857120513916,5.624029636383057,4.765932559967041,,,,,,,,,,,7.576643466949463,9.09450912475586,6.83712100982666,5.3779826164245605,7.030643463134766,9.899954795837402,11.2055025100708,7.120185852050781,6.2004852294921875,5.423409461975098,,,,,,,,,,,,,,,,,,,,,,,,,,,,,,,,,,,,,,,,
27,5419,,,,,,,,,,,,,,,,,,,,,,,,,,,,,,,,,,,,,,,,,0.37401819229125977,0.41711848974227905,0.29941150546073914,0.33718469738960266,0.24625182151794434,0.47493261098861694,0.3598465323448181,0.49454084038734436,0.08578739315271378,0.6510896682739258,6.637321949005127,5.485044956207275,6.220790863037109,5.712801456451416,5.838831901550293,8.469802856445312,6.830865859985352,7.614847660064697,2.911010503768921,10.65190315246582,,,,,,,,,,,8.348752975463867,7.149768829345703,7.883986473083496,8.072141647338867,7.1005072593688965,11.16842269897461,9.815884590148926,8.29391860961914,3.3622887134552,12.291860580444336,,,,,,,,,,,,,,,,,,,,,,,,,,,,,,,,,,,,,,,,
27,5424,,,,,,,,,,,,,,,,,,,,,,,,,,,,,,,,,,,,,,,,,0.28077998757362366,0.2734454274177551,0.10692489147186279,0.2723295986652374,0.386822909116745,0.33648520708084106,0.32094717025756836,0.09044873714447021,0.5276221036911011,0.2119937390089035,6.01641845703125,4.824794292449951,3.8701071739196777,6.035587787628174,7.61467170715332,7.999544620513916,7.626327037811279,3.2730700969696045,7.33339786529541,5.570268154144287,,,,,,,,,,,7.136022090911865,5.788920879364014,4.711411476135254,7.254413604736328,8.899298667907715,9.40067195892334,9.270167350769043,3.546990156173706,8.338438987731934,7.013886451721191,,,,,,,,,,,,,,,,,,,,,,,,,,,,,,,,,,,,,,,,
27,5429,,,,,,,,,,,,,,,,,,,,,,,,,,,,,,,,,,,,,,,,,0.24782337248325348,0.14327967166900635,0.08891648054122925,0.27255702018737793,0.4000222682952881,0.26879531145095825,0.32557493448257446,0.11361125856637955,0.2306583970785141,0.3869948983192444,5.354491233825684,3.3562073707580566,3.7672338485717773,6.194189548492432,6.381852149963379,5.640807628631592,7.816148281097412,2.837167978286743,4.377593994140625,7.819221496582031,,,,,,,,,,,6.833110809326172,4.1903910636901855,4.296380996704102,7.257442474365234,9.049857139587402,8.402077674865723,9.336760520935059,3.9752957820892334,5.5132527351379395,9.476540565490723,,,,,,,,,,,,,,,,,,,,,,,,,,,,,,,,,,,,,,,,
27,5431,,,,,,,,,,,,,,,,,,,,,,,,,,,,,,,,,,,,,,,,,,,,,,,,,,,6.3021016120910645,5.063619613647461,6.225554466247559,5.9413042068481445,6.539223670959473,7.964705944061279,6.98508882522583,5.391513824462891,5.479037761688232,7.128865718841553,0.6114782691001892,0.6128703951835632,0.6653473377227783,0.6819969415664673,0.6174874305725098,0.5199106931686401,0.5954728126525879,0.638707160949707,0.5993356108665466,0.5721762776374817,8.314870834350586,6.710991382598877,8.207891464233398,7.807976245880127,8.677964210510254,10.574167251586914,9.378576278686523,7.003597736358643,7.177183151245117,9.295491218566895,0.5230435132980347,0.6550881266593933,0.5314029455184937,0.36897361278533936,0.5863130688667297,0.6306219696998596,0.41456422209739685,0.4230944514274597,0.5751864910125732,0.5221463441848755,7.39040470123291,6.096628665924072,7.65456485748291,5.844692230224609,8.365385055541992,9.44588565826416,7.908534526824951,6.0119123458862305,6.994117259979248,8.191922187805176,0.4131599962711334,0.3072105646133423,0.5492991209030151,0.6043674349784851,0.28367477655410767,0.42463505268096924,0.5724233388900757,0.29405277967453003,0.18742507696151733,0.49535197019577026,10.16205883026123,9.210111618041992,10.292704582214355,9.344361305236816,11.451181411743164,13.041484832763672,10.45350170135498,7.833146095275879,9.166585922241211,10.665450096130371
28,5434,,,,,,,,,,,,,,,,,,,,,,,,,,,,,,,,,,,,,,,,,0.42989227175712585,0.20062924921512604,0.08329322934150696,0.18348418176174164,0.5834546089172363,1.353327989578247,0.3685681223869324,0.2436329424381256,0.37700170278549194,0.4756384491920471,6.600653648376465,3.6244137287139893,3.4184863567352295,5.102361679077148,7.701936721801758,12.005708694458008,8.406249046325684,4.94185209274292,5.50414514541626,8.700732231140137,,,,,,,,,,,8.684880256652832,4.958603382110596,4.15830659866333,5.9546217918396,10.929573059082031,18.852867126464844,9.934125900268555,5.821390151977539,7.048471927642822,10.505959510803223,,,,,,,,,,,,,,,,,,,,,,,,,,,,,,,,,,,,,,,,
28,5439,,,,,,,,,,,,,,,,,,,,,,,,,,,,,,,,,,,,,,,,,0.5926227569580078,0.6522688865661621,0.5685945749282837,0.7762990593910217,0.344679594039917,0.6398122310638428,1.1505353450775146,0.38048774003982544,0.35566896200180054,0.4652584493160248,8.757505416870117,7.139892101287842,8.67986011505127,10.918586730957031,6.993984222412109,10.057387351989746,14.197032928466797,6.280091285705566,5.829002380371094,8.721712112426758,,,,,,,,,,,10.608940124511719,8.940784454345703,10.864582061767578,12.248119354248047,8.400544166564941,12.962897300720215,17.55176544189453,7.274933815002441,6.846147537231445,10.3906888961792,,,,,,,,,,,,,,,,,,,,,,,,,,,,,,,,,,,,,,,,
28,5444,,,,,,,,,,,,,,,,,,,,,,,,,,,,,,,,,,,,,,,,,0.27219364047050476,0.20174682140350342,0.4176056981086731,0.08480802923440933,0.6823877096176147,0.34133094549179077,0.10620005428791046,0.22294926643371582,0.2504267692565918,0.14228767156600952,5.614129066467285,4.089293956756592,7.18371057510376,3.659367799758911,9.582287788391113,7.166635990142822,4.087374210357666,4.576939105987549,5.115234375,5.066318988800049,,,,,,,,,,,6.890212059020996,4.972395420074463,9.310968399047852,4.048306465148926,11.819939613342285,9.468118667602539,5.332528114318848,5.568801403045654,5.744651794433594,5.746201038360596,,,,,,,,,,,,,,,,,,,,,,,,,,,,,,,,,,,,,,,,
28,5449,,,,,,,,,,,,,,,,,,,,,,,,,,,,,,,,,,,,,,,,,0.36934491991996765,0.1736462414264679,0.49552834033966064,0.21738167107105255,0.25916725397109985,0.8224880695343018,0.27807730436325073,0.3209091126918793,0.45272698998451233,0.30417919158935547,6.031219482421875,3.8891842365264893,6.714572429656982,5.3954362869262695,5.779426574707031,9.597766876220703,5.623746871948242,5.174796104431152,6.053692817687988,6.052353858947754,,,,,,,,,,,8.29492473602295,4.61312198638916,10.142520904541016,6.481362342834473,7.284331798553467,14.697405815124512,8.628862380981445,6.681127548217773,7.7239861488342285,8.401598930358887,,,,,,,,,,,,,,,,,,,,,,,,,,,,,,,,,,,,,,,,
28,5454,,,,,,,,,,,,,,,,,,,,,,,,,,,,,,,,,,,,,,,,,0.3999403417110443,0.3232114911079407,0.39535465836524963,0.6472548246383667,0.30435195565223694,0.7807331085205078,0.40676864981651306,0.3598879277706146,0.05706416815519333,0.32483619451522827,6.874771595001221,4.532074451446533,7.436822891235352,11.062419891357422,4.592068672180176,10.536434173583984,8.242621421813965,5.73916482925415,2.449252128601074,7.2820868492126465,,,,,,,,,,,8.631815910339355,6.293694496154785,9.059518814086914,11.183880805969238,7.89382791519165,14.319478988647461,10.436251640319824,7.075259208679199,2.7422373294830322,8.6821928024292,,,,,,,,,,,,,,,,,,,,,,,,,,,,,,,,,,,,,,,,
28,5459,,,,,,,,,,,,,,,,,,,,,,,,,,,,,,,,,,,,,,,,,0.32734209299087524,0.09299077838659286,0.19700318574905396,0.18053209781646729,0.25530147552490234,0.5503131151199341,0.41676265001296997,0.572991132736206,0.311501681804657,0.3686825931072235,5.97442102432251,2.5770037174224854,5.230039596557617,5.063759803771973,5.047423362731934,8.06532096862793,7.749127388000488,7.77780294418335,4.937440395355225,7.321873188018799,,,,,,,,,,,7.78635835647583,3.375843048095703,6.395113945007324,5.906525611877441,7.229800701141357,12.022113800048828,10.563678741455078,8.927557945251465,6.406981945037842,9.249612808227539,,,,,,,,,,,,,,,,,,,,,,,,,,,,,,,,,,,,,,,,
28,5464,,,,,,,,,,,,,,,,,,,,,,,,,,,,,,,,,,,,,,,,,0.1621723771095276,0.3321148455142975,0.14724893867969513,0.13412486016750336,0.12281593680381775,0.172418013215065,0.14304636418819427,0.08965077251195908,0.14077840745449066,0.1773531436920166,4.257558822631836,5.529789447784424,4.114917755126953,3.5463266372680664,3.495464324951172,5.132506847381592,4.965338230133057,2.9448697566986084,3.6254045963287354,4.963408470153809,,,,,,,,,,,5.465123653411865,6.379790306091309,5.5288872718811035,5.091075897216797,5.014492988586426,6.729258060455322,6.188839435577393,3.531309127807617,4.307162761688232,6.415295124053955,,,,,,,,,,,,,,,,,,,,,,,,,,,,,,,,,,,,,,,,
28,5469,,,,,,,,,,,,,,,,,,,,,,,,,,,,,,,,,,,,,,,,,0.5516266822814941,0.24926769733428955,0.7244316339492798,0.8044760823249817,0.3460712134838104,1.251548409461975,0.2987808585166931,0.28804948925971985,0.5800620317459106,0.42195257544517517,7.961555480957031,4.282635688781738,10.295062065124512,10.21202278137207,6.421964168548584,11.97707748413086,6.6571879386901855,5.717683792114258,8.02660846710205,8.063755989074707,,,,,,,,,,,10.079876899719238,5.527073860168457,12.263383865356445,12.46842098236084,8.417485237121582,18.13007926940918,8.944317817687988,6.329833507537842,8.743000984191895,9.89530086517334,,,,,,,,,,,,,,,,,,,,,,,,,,,,,,,,,,,,,,,,
28,5474,,,,,,,,,,,,,,,,,,,,,,,,,,,,,,,,,,,,,,,,,0.3953883945941925,0.37274205684661865,0.31165680289268494,0.45444929599761963,0.12813204526901245,0.32668590545654297,0.4325796365737915,0.8972657322883606,0.4527738690376282,0.1822102665901184,6.670166969299316,4.677017688751221,7.3090057373046875,7.202744007110596,4.177707195281982,7.449021816253662,8.709962844848633,9.033910751342773,5.535990238189697,5.936142921447754,,,,,,,,,,,8.30212688446045,6.758751392364502,8.04358959197998,9.371251106262207,5.121869087219238,9.262773513793945,10.76226806640625,11.171700477600098,7.724385738372803,6.502549171447754,,,,,,,,,,,,,,,,,,,,,,,,,,,,,,,,,,,,,,,,
28,5479,,,,,,,,,,,,,,,,,,,,,,,,,,,,,,,,,,,,,,,,,0.28626319766044617,0.4224740266799927,0.10352962464094162,0.21594972908496857,0.6253016591072083,0.24146997928619385,0.2821182608604431,0.23646557331085205,0.32112544775009155,0.12793473899364471,5.993625164031982,5.7382988929748535,3.9909439086914062,4.80294942855835,9.42684268951416,6.672730922698975,7.360707759857178,4.867519855499268,6.163574695587158,4.9190592765808105,,,,,,,,,,,7.105571746826172,7.195522308349609,4.636005878448486,6.459980487823486,11.314736366271973,7.963562965393066,8.691333770751953,5.735122203826904,6.505199909210205,5.448681831359863,,,,,,,,,,,,,,,,,,,,,,,,,,,,,,,,,,,,,,,,
28,5484,,,,,,,,,,,,,,,,,,,,,,,,,,,,,,,,,,,,,,,,,0.3070056140422821,0.2453346699476242,0.1536644995212555,0.5120351314544678,0.10214865207672119,0.41946524381637573,0.21370919048786163,0.27911698818206787,0.6878474950790405,0.1497289091348648,5.863364219665527,4.291856288909912,5.343037128448486,7.764485836029053,3.322040319442749,8.561896324157715,4.661908149719238,5.469608783721924,8.837642669677734,4.517800807952881,,,,,,,,,,,7.262055397033691,5.4832963943481445,5.648048400878906,9.94728946685791,4.573155879974365,10.496000289916992,7.564537525177002,6.230915546417236,9.520710945129395,5.8945417404174805,,,,,,,,,,,,,,,,,,,,,,,,,,,,,,,,,,,,,,,,
28,5489,,,,,,,,,,,,,,,,,,,,,,,,,,,,,,,,,,,,,,,,,0.345090389251709,0.23564955592155457,0.7481180429458618,0.5490967035293579,0.3534635007381439,0.4139661192893982,0.1917036473751068,0.11201394349336624,0.35309037566185,0.14871153235435486,6.093307018280029,4.471651554107666,10.567025184631348,7.176249980926514,5.521142482757568,8.399145126342773,6.228287696838379,3.100395679473877,5.017725467681885,4.35814094543457,,,,,,,,,,,7.87540340423584,5.373974323272705,12.462257385253906,10.300997734069824,8.506911277770996,10.426973342895508,7.164501667022705,3.947251319885254,6.821285724639893,5.874481201171875,,,,,,,,,,,,,,,,,,,,,,,,,,,,,,,,,,,,,,,,
28,5494,,,,,,,,,,,,,,,,,,,,,,,,,,,,,,,,,,,,,,,,,0.23545557260513306,0.29828977584838867,0.32913413643836975,0.0993671864271164,0.34086304903030396,0.20903027057647705,0.09168771654367447,0.22351862490177155,0.14858800172805786,0.3786213994026184,5.221739768981934,4.256250381469727,5.638097763061523,3.736485481262207,7.535953521728516,5.990420818328857,4.199753284454346,4.890721797943115,3.8916428089141846,6.856333255767822,,,,,,,,,,,6.531858444213867,6.046185493469238,8.266051292419434,4.382040500640869,8.353906631469727,7.409356117248535,4.954802513122559,5.575907230377197,4.425019264221191,9.373456001281738,,,,,,,,,,,,,,,,,,,,,,,,,,,,,,,,,,,,,,,,
28,5499,,,,,,,,,,,,,,,,,,,,,,,,,,,,,,,,,,,,,,,,,0.28244733810424805,0.2147313356399536,0.23057150840759277,0.44507575035095215,0.259581059217453,0.34214070439338684,0.4409931004047394,0.05382348224520683,0.30807948112487793,0.247029647231102,6.181419372558594,4.158298015594482,6.061844348907471,8.689599990844727,5.609821319580078,8.472906112670898,8.253800392150879,2.6326699256896973,5.817935466766357,5.9358954429626465,,,,,,,,,,,7.293074131011963,5.129912853240967,6.9185404777526855,9.274101257324219,7.290145397186279,9.479342460632324,10.866425514221191,2.7361795902252197,6.37169075012207,7.571322917938232,,,,,,,,,,,,,,,,,,,,,,,,,,,,,,,,,,,,,,,,
28,5504,,,,,,,,,,,,,,,,,,,,,,,,,,,,,,,,,,,,,,,,,0.39229118824005127,0.34583407640457153,0.41442227363586426,0.4229118227958679,0.26219308376312256,0.36871373653411865,0.22356769442558289,0.15061117708683014,0.6511923670768738,0.6911742687225342,6.743366718292236,5.190484046936035,6.9141645431518555,7.770071029663086,6.326807975769043,7.454151153564453,6.146350383758545,4.151193141937256,6.3262619972229,10.41081428527832,,,,,,,,,,,8.47060489654541,6.510227680206299,9.275411605834961,9.040236473083496,7.326731204986572,9.840576171875,7.737048625946045,4.577067852020264,9.263561248779297,12.66458511352539,,,,,,,,,,,,,,,,,,,,,,,,,,,,,,,,,,,,,,,,
28,5509,,,,,,,,,,,,,,,,,,,,,,,,,,,,,,,,,,,,,,,,,0.2927730679512024,0.212419331073761,0.3280990421772003,0.7191110849380493,0.16819769144058228,0.26650047302246094,0.1056269109249115,0.13427339494228363,0.47623106837272644,0.22449852526187897,5.471574783325195,3.514765977859497,6.091113567352295,8.376320838928223,5.45354700088501,6.207254886627197,4.366447448730469,2.812204122543335,6.608956336975098,5.813564777374268,,,,,,,,,,,7.128617286682129,5.1022210121154785,8.253043174743652,11.788346290588379,5.868264198303223,8.366134643554688,5.318119525909424,4.321691036224365,7.9219512939453125,7.217785358428955,,,,,,,,,,,,,,,,,,,,,,,,,,,,,,,,,,,,,,,,
28,5514,,,,,,,,,,,,,,,,,,,,,,,,,,,,,,,,,,,,,,,,,0.39291873574256897,0.6314547657966614,0.195857971906662,0.40780383348464966,0.1480368971824646,0.9750368595123291,0.13726483285427094,0.41616544127464294,0.4063430726528168,0.21830512583255768,6.29967737197876,7.436000347137451,5.418338775634766,5.885997295379639,4.265608787536621,10.73183536529541,4.9244585037231445,7.093605041503906,4.891072750091553,6.050181865692139,,,,,,,,,,,8.184950828552246,8.796975135803223,6.376499652862549,8.877293586730957,5.505345821380615,16.002445220947266,6.06248140335083,7.608371734619141,7.317617893218994,7.117527484893799,,,,,,,,,,,,,,,,,,,,,,,,,,,,,,,,,,,,,,,,
28,5519,,,,,,,,,,,,,,,,,,,,,,,,,,,,,,,,,,,,,,,,,0.22895942628383636,0.36172932386398315,0.0755309909582138,0.1800215244293213,0.13862408697605133,0.30691099166870117,0.10780785232782364,0.24619460105895996,0.38381120562553406,0.26000428199768066,5.376948833465576,5.331101417541504,3.2703635692596436,5.289252758026123,4.694653034210205,6.784587383270264,4.124429702758789,5.378143787384033,7.000489234924316,6.519518852233887,,,,,,,,,,,6.325082778930664,6.658158302307129,3.9598093032836914,5.898166656494141,5.3274455070495605,8.97805118560791,5.372742176055908,5.851914882659912,7.111841678619385,7.767610549926758,,,,,,,,,,,,,,,,,,,,,,,,,,,,,,,,,,,,,,,,
28,5524,,,,,,,,,,,,,,,,,,,,,,,,,,,,,,,,,,,,,,,,,0.45591217279434204,0.33031797409057617,0.1324801743030548,0.1444818079471588,0.8558945655822754,0.4809703826904297,0.38484442234039307,0.32268208265304565,0.7739976644515991,0.677540123462677,6.776195049285889,5.13049840927124,4.726381301879883,3.8216445446014404,7.32875394821167,8.634305953979492,7.975671291351318,5.45127010345459,8.783539772033691,9.13369083404541,,,,,,,,,,,8.9840726852417,6.362508296966553,5.2442946434021,5.2839837074279785,13.237614631652832,11.239190101623535,10.151105880737305,6.699557781219482,10.099343299865723,12.53905200958252,,,,,,,,,,,,,,,,,,,,,,,,,,,,,,,,,,,,,,,,
28,5529,,,,,,,,,,,,,,,,,,,,,,,,,,,,,,,,,,,,,,,,,0.3688070476055145,0.26500460505485535,0.2513922452926636,0.3649146258831024,0.4359244108200073,0.7377138137817383,0.24093495309352875,0.18275630474090576,0.466210275888443,0.3744121789932251,6.402552127838135,4.651371479034424,6.134865760803223,5.662005424499512,7.0155558586120605,9.136149406433105,6.717680931091309,4.040981292724609,7.171800136566162,7.092560768127441,,,,,,,,,,,8.324488639831543,5.698873519897461,7.224164009094238,8.397510528564453,9.447246551513672,13.919377326965332,8.03194522857666,5.041908264160156,7.838161945343018,9.321208000183105,,,,,,,,,,,,,,,,,,,,,,,,,,,,,,,,,,,,,,,,
28,5534,,,,,,,,,,,,,,,,,,,,,,,,,,,,,,,,,,,,,,,,,0.49937111139297485,0.27766522765159607,0.7375565767288208,0.23684243857860565,0.39417940378189087,1.0392868518829346,0.3336547613143921,0.6902233362197876,0.5921860337257385,0.19274547696113586,7.437862873077393,5.013204097747803,9.366104125976562,5.4478440284729,7.864947319030762,12.077095985412598,7.007120609283447,8.235896110534668,7.449212551116943,4.479335308074951,,,,,,,,,,,9.47216796875,5.833416938781738,12.373976707458496,6.765262603759766,8.983521461486816,16.52127456665039,9.45190715789795,9.798362731933594,8.833898544311523,6.687892913818359,,,,,,,,,,,,,,,,,,,,,,,,,,,,,,,,,,,,,,,,
28,5539,,,,,,,,,,,,,,,,,,,,,,,,,,,,,,,,,,,,,,,,,0.36036020517349243,0.5144309997558594,0.12417829036712646,0.5008519291877747,0.23142646253108978,0.34942781925201416,0.20711182057857513,0.6618420481681824,0.37835586071014404,0.27561646699905396,6.301346302032471,6.573190212249756,4.273078918457031,7.389265060424805,5.973704814910889,6.961878299713135,6.265425205230713,7.9244794845581055,5.56552267074585,5.7855706214904785,,,,,,,,,,,7.935431480407715,7.940097332000732,5.077319622039795,9.838061332702637,6.883450031280518,9.579758644104004,7.446860313415527,9.594799995422363,7.0611186027526855,7.99741792678833,,,,,,,,,,,,,,,,,,,,,,,,,,,,,,,,,,,,,,,,
28,5544,,,,,,,,,,,,,,,,,,,,,,,,,,,,,,,,,,,,,,,,,0.294316828250885,0.4222833514213562,0.23200863599777222,0.17204216122627258,0.3016907572746277,0.35029080510139465,0.2093101441860199,0.2658131420612335,0.2666575312614441,0.4287549555301666,6.004230976104736,5.764697074890137,5.3537397384643555,4.372206211090088,6.215653419494629,7.873126983642578,6.019626617431641,4.559821128845215,5.384807586669922,8.49439811706543,,,,,,,,,,,7.42447566986084,7.193897247314453,6.940068244934082,5.765969276428223,7.859241485595703,9.591581344604492,7.486278057098389,6.080606937408447,5.927891254425049,9.974743843078613,,,,,,,,,,,,,,,,,,,,,,,,,,,,,,,,,,,,,,,,
28,5549,,,,,,,,,,,,,,,,,,,,,,,,,,,,,,,,,,,,,,,,,0.5383063554763794,0.6952669024467468,0.1884768307209015,0.44205355644226074,0.1777244657278061,0.5524179339408875,0.13338620960712433,0.970353901386261,1.3321031332015991,0.3529741168022156,7.113596439361572,7.056570529937744,5.174355983734131,6.880014419555664,5.143059730529785,10.072552680969238,4.355334281921387,9.218217849731445,9.5078763961792,6.6143927574157715,,,,,,,,,,,9.188831329345703,9.230772972106934,6.255191802978516,9.242561340332031,6.032166004180908,12.04508113861084,5.976215362548828,11.6177978515625,13.24927806854248,9.05041790008545,,,,,,,,,,,,,,,,,,,,,,,,,,,,,,,,,,,,,,,,
28,5554,,,,,,,,,,,,,,,,,,,,,,,,,,,,,,,,,,,,,,,,,0.2611598074436188,0.38656187057495117,0.22386915981769562,0.14885170757770538,0.3981725573539734,0.38901370763778687,0.1119316890835762,0.19055411219596863,0.12534210085868835,0.3761413097381592,5.117715835571289,4.9458441734313965,5.431361198425293,3.5328898429870605,5.412918567657471,8.182929992675781,3.5742952823638916,3.8703036308288574,3.2972559928894043,7.811643600463867,,,,,,,,,,,6.914438724517822,6.882905006408691,6.8172430992126465,5.3632965087890625,9.028909683227539,10.10783863067627,5.474535942077637,5.148347854614258,4.064169406890869,9.342706680297852,,,,,,,,,,,,,,,,,,,,,,,,,,,,,,,,,,,,,,,,
28,5559,,,,,,,,,,,,,,,,,,,,,,,,,,,,,,,,,,,,,,,,,0.32397979497909546,0.45679736137390137,0.18972395360469818,0.1201530396938324,0.15642666816711426,0.25636106729507446,0.3413471579551697,0.5516319870948792,0.09361571818590164,0.7497614026069641,6.50628662109375,6.434702396392822,6.021549224853516,4.611564636230469,4.20997953414917,6.466667175292969,7.530120372772217,8.392382621765137,3.5123491287231445,11.377264976501465,,,,,,,,,,,7.495980262756348,7.482110023498535,6.275852680206299,4.818615436553955,5.659200191497803,8.205440521240234,9.560243606567383,8.75958251953125,3.5123491287231445,13.190423965454102,,,,,,,,,,,,,,,,,,,,,,,,,,,,,,,,,,,,,,,,
28,5564,,,,,,,,,,,,,,,,,,,,,,,,,,,,,,,,,,,,,,,,,0.2925277352333069,0.21088257431983948,0.29922860860824585,0.3101055324077606,0.36109659075737,0.39880889654159546,0.26747584342956543,0.15726757049560547,0.362220823764801,0.26566311717033386,6.1249613761901855,4.322046279907227,5.577855587005615,6.878759384155273,7.891661167144775,8.565842628479004,5.916239261627197,4.428007125854492,4.970650672912598,6.57358980178833,,,,,,,,,,,7.493290424346924,5.083731651306152,7.881577491760254,7.74122428894043,8.598275184631348,10.23430347442627,8.462780952453613,4.677117824554443,6.908917427062988,7.851684093475342,,,,,,,,,,,,,,,,,,,,,,,,,,,,,,,,,,,,,,,,
28,5569,,,,,,,,,,,,,,,,,,,,,,,,,,,,,,,,,,,,,,,,,0.34230056405067444,0.2658976912498474,0.3862214684486389,0.35212332010269165,0.2006017565727234,0.4121604561805725,0.3415844142436981,0.3206140995025635,0.35209906101226807,0.449402779340744,6.317599773406982,4.332947254180908,6.429282188415527,6.4921746253967285,4.961484432220459,8.10920238494873,7.300297260284424,5.414806365966797,5.3366804122924805,8.481523513793945,,,,,,,,,,,8.110004425048828,5.708467483520508,8.954263687133789,8.249018669128418,6.408656597137451,10.404208183288574,9.563565254211426,6.678055763244629,6.811703681945801,10.2121000289917,,,,,,,,,,,,,,,,,,,,,,,,,,,,,,,,,,,,,,,,
28,5574,,,,,,,,,,,,,,,,,,,,,,,,,,,,,,,,,,,,,,,,,0.44982174038887024,0.42987269163131714,0.45065799355506897,0.5126553177833557,0.4860093295574188,0.6789911985397339,0.3928436040878296,0.21254687011241913,0.5441266298294067,0.34069210290908813,7.307021141052246,4.845096588134766,7.760763645172119,7.13308572769165,8.242189407348633,11.040292739868164,8.172658920288086,4.604728698730469,6.583976745605469,7.380400657653809,,,,,,,,,,,9.2517671585083,7.258254051208496,9.6724214553833,9.9533109664917,9.975207328796387,13.35389518737793,10.256062507629395,5.437335014343262,8.467852592468262,8.891566276550293,,,,,,,,,,,,,,,,,,,,,,,,,,,,,,,,,,,,,,,,
28,5579,,,,,,,,,,,,,,,,,,,,,,,,,,,,,,,,,,,,,,,,,0.34479591250419617,0.5982637405395508,0.3522800803184509,0.36550331115722656,0.26061657071113586,0.41093137860298157,0.3597913980484009,0.13017641007900238,0.30397742986679077,0.321622759103775,6.102829933166504,5.487006664276123,6.270078182220459,8.00244426727295,5.850951194763184,7.2607197761535645,7.020120620727539,3.673800230026245,5.085468769073486,6.274881362915039,,,,,,,,,,,8.02785587310791,8.562658309936523,8.551763534545898,8.404281616210938,7.304671287536621,10.388683319091797,9.815133094787598,4.255247592926025,6.329129695892334,8.639142036437988,,,,,,,,,,,,,,,,,,,,,,,,,,,,,,,,,,,,,,,,
28,5584,,,,,,,,,,,,,,,,,,,,,,,,,,,,,,,,,,,,,,,,,0.3604036271572113,0.24709324538707733,0.40139156579971313,0.22214555740356445,0.2237558215856552,0.47646838426589966,0.1430591642856598,0.785601794719696,0.41120412945747375,0.33291301131248474,5.992186546325684,4.5754475593566895,5.806174278259277,4.824032783508301,5.287503242492676,8.358773231506348,5.290688514709473,7.959352970123291,5.552745819091797,6.274960994720459,,,,,,,,,,,7.992390155792236,5.502913951873779,9.128422737121582,6.551997184753418,6.768412113189697,11.186466217041016,6.18911600112915,10.453457832336426,7.361258029937744,8.789468765258789,,,,,,,,,,,,,,,,,,,,,,,,,,,,,,,,,,,,,,,,
28,5589,,,,,,,,,,,,,,,,,,,,,,,,,,,,,,,,,,,,,,,,,0.26957136392593384,0.19728325307369232,0.34744301438331604,0.2433329075574875,0.4411331117153168,0.3620840609073639,0.27143654227256775,0.06742370873689651,0.34214121103286743,0.15386442840099335,5.733874320983887,4.085208892822266,6.93558931350708,5.2673797607421875,7.502918243408203,8.47506332397461,6.858729839324951,2.41850209236145,5.000912666320801,5.0605645179748535,,,,,,,,,,,7.088911533355713,4.917081356048584,8.492850303649902,6.857334136962891,9.503520011901855,9.75170612335205,8.525206565856934,3.0624217987060547,6.7146897315979,5.975390911102295,,,,,,,,,,,,,,,,,,,,,,,,,,,,,,,,,,,,,,,,
28,5594,,,,,,,,,,,,,,,,,,,,,,,,,,,,,,,,,,,,,,,,,0.45082229375839233,0.3654320240020752,0.5278234481811523,0.3677825927734375,0.41264986991882324,0.310698926448822,0.7316595315933228,0.22646823525428772,0.2119700014591217,0.9029161930084229,7.677620887756348,5.483450889587402,9.415534973144531,6.1085333824157715,8.530793190002441,7.256014823913574,10.009678840637207,5.37557315826416,4.527655601501465,12.391357421875,,,,,,,,,,,9.242756843566895,6.692148685455322,10.467814445495605,8.430444717407227,9.191587448120117,9.033286094665527,13.996689796447754,5.612577438354492,5.2851881980896,14.475078582763672,,,,,,,,,,,,,,,,,,,,,,,,,,,,,,,,,,,,,,,,
28,5599,,,,,,,,,,,,,,,,,,,,,,,,,,,,,,,,,,,,,,,,,0.23077747225761414,0.16228505969047546,0.16331885755062103,0.24037300050258636,0.25856679677963257,0.4133595824241638,0.2418185919523239,0.06453628838062286,0.342221736907959,0.1905173659324646,5.377951622009277,3.4928042888641357,4.856800556182861,6.183948993682861,6.315155029296875,7.9530534744262695,6.3430256843566895,2.1585280895233154,5.602027416229248,5.4962239265441895,,,,,,,,,,,6.57783842086792,4.459658145904541,5.82277250289917,6.815499782562256,7.275887966156006,10.419331550598145,8.046659469604492,2.9961304664611816,6.715479850769043,6.649125099182129,,,,,,,,,,,,,,,,,,,,,,,,,,,,,,,,,,,,,,,,
28,5604,,,,,,,,,,,,,,,,,,,,,,,,,,,,,,,,,,,,,,,,,0.2460968792438507,0.14146630465984344,0.5380557775497437,0.1152392029762268,0.4542003273963928,0.25994646549224854,0.1147972047328949,0.11179542541503906,0.14431320130825043,0.3350578546524048,5.234943866729736,3.3557236194610596,7.390135288238525,4.645586967468262,6.431748390197754,6.119725227355957,4.944563865661621,3.1197502613067627,3.8137857913970947,7.2934746742248535,,,,,,,,,,,6.669301509857178,4.16378927230835,10.568792343139648,4.719054698944092,9.64324951171875,8.26262092590332,5.544168472290039,3.943398952484131,4.360901832580566,8.817736625671387,,,,,,,,,,,,,,,,,,,,,,,,,,,,,,,,,,,,,,,,
28,5609,,,,,,,,,,,,,,,,,,,,,,,,,,,,,,,,,,,,,,,,,0.9832276105880737,0.7689393162727356,1.5598604679107666,1.534373164176941,0.5810992121696472,0.3523716330528259,0.4583498239517212,2.5165042877197266,0.9379191994667053,0.13963161408901215,10.25479507446289,7.384626388549805,14.214619636535645,15.278656005859375,7.845839500427246,7.875212669372559,9.24376392364502,17.293373107910156,8.515960693359375,4.641101837158203,,,,,,,,,,,12.44965934753418,9.707520484924316,17.9951114654541,17.219493865966797,10.907488822937012,9.620028495788574,11.078204154968262,18.709300994873047,11.117470741271973,5.692317008972168,,,,,,,,,,,,,,,,,,,,,,,,,,,,,,,,,,,,,,,,
28,5614,,,,,,,,,,,,,,,,,,,,,,,,,,,,,,,,,,,,,,,,,0.4089164733886719,0.5931668281555176,0.43833857774734497,0.532518744468689,0.39327943325042725,0.4531698226928711,0.18119126558303833,0.4092036783695221,0.23775672912597656,0.4416232407093048,6.818445205688477,6.21914005279541,7.05004358291626,8.699413299560547,6.676455020904541,8.246960639953613,5.583224296569824,5.995758056640625,4.547192573547363,8.347818374633789,,,,,,,,,,,8.702559471130371,8.526105880737305,9.539299964904785,10.144306182861328,8.973259925842285,10.909538269042969,6.9652934074401855,7.544466018676758,5.597443103790283,10.123324394226074,,,,,,,,,,,,,,,,,,,,,,,,,,,,,,,,,,,,,,,,
28,5619,,,,,,,,,,,,,,,,,,,,,,,,,,,,,,,,,,,,,,,,,0.5464866757392883,0.8437795042991638,0.42000001668930054,0.18347977101802826,0.44514966011047363,0.2846154272556305,0.33255866169929504,0.7261990904808044,0.875401496887207,0.807195782661438,7.157301425933838,6.671966075897217,5.656198978424072,4.55720853805542,7.038712024688721,6.580395698547363,7.630695819854736,8.387093544006348,8.809992790222168,9.083449363708496,,,,,,,,,,,9.729704856872559,10.168964385986328,9.33762264251709,5.954550743103027,9.546687126159668,8.645797729492188,9.436368942260742,10.050474166870117,10.740560531616211,13.686318397521973,,,,,,,,,,,,,,,,,,,,,,,,,,,,,,,,,,,,,,,,
28,5624,,,,,,,,,,,,,,,,,,,,,,,,,,,,,,,,,,,,,,,,,0.34086546301841736,0.6268838047981262,0.36221081018447876,0.2838595509529114,0.3868776857852936,0.4094105362892151,0.37836307287216187,0.20188844203948975,0.28902003169059753,0.12927524745464325,6.55095100402832,6.914794445037842,6.740916728973389,6.0465826988220215,7.753649711608887,9.351710319519043,8.463376998901367,4.739861488342285,4.090590953826904,4.857077598571777,,,,,,,,,,,7.902824401855469,8.765077590942383,8.671462059020996,7.40639066696167,8.899928092956543,10.369441986083984,10.065264701843262,5.299250602722168,6.171450614929199,5.477153301239014,,,,,,,,,,,,,,,,,,,,,,,,,,,,,,,,,,,,,,,,
28,5625,,,,,,,,,,,,,,,,,,,,,,,,,,,,,,,,,,,,,,,,,,,,,,,,,,,6.262000560760498,5.071618556976318,6.1412353515625,5.957220554351807,6.448853492736816,7.9050984382629395,6.939877986907959,5.304917812347412,5.471109867095947,7.1180739402771,0.6148926615715027,0.6150064468383789,0.671572208404541,0.6789270639419556,0.6212114095687866,0.5220736861228943,0.5995022058486938,0.643876314163208,0.6086156368255615,0.5732488632202148,8.27973747253418,6.692449569702148,8.131196975708008,7.845574378967285,8.635621070861816,10.550317764282227,9.331750869750977,6.953315258026123,7.093578338623047,9.283830642700195,0.4973612129688263,0.5558253526687622,0.4527754485607147,0.3597294092178345,0.5911069512367249,0.6264992952346802,0.44265565276145935,0.3980490267276764,0.5457412600517273,0.5038679838180542,7.241373062133789,5.599369525909424,6.942432880401611,5.983352184295654,8.548196792602539,9.53683090209961,8.412116050720215,5.725616455078125,6.396484851837158,8.027956008911133,0.44537463784217834,0.41518718004226685,0.6420905590057373,0.6032116413116455,0.2783620357513428,0.4339791536331177,0.534137487411499,0.3560250997543335,0.2373831868171692,0.5079953670501709,9.913901329040527,8.461994171142578,9.172164916992188,9.358000755310059,11.493568420410156,12.935153007507324,10.911478996276855,7.481429576873779,8.880330085754395,10.530997276306152
29,5629,,,,,,,,,,,,,,,,,,,,,,,,,,,,,,,,,,,,,,,,,0.3222554624080658,0.6975050568580627,0.19183407723903656,0.1451132595539093,0.2368541955947876,0.2667410373687744,0.27292773127555847,0.46790361404418945,0.3638663589954376,0.2575537860393524,6.210499286651611,7.554551124572754,5.637475490570068,4.91234827041626,5.447707653045654,7.740281105041504,5.716279983520508,6.964409828186035,5.721485614776611,6.199955463409424,,,,,,,,,,,7.495218753814697,9.245617866516113,6.3106560707092285,5.295517921447754,6.9637017250061035,8.369909286499023,8.548592567443848,8.067461967468262,6.924592971801758,7.73091983795166,,,,,,,,,,,,,,,,,,,,,,,,,,,,,,,,,,,,,,,,
29,5634,,,,,,,,,,,,,,,,,,,,,,,,,,,,,,,,,,,,,,,,,0.33285409212112427,0.4244019091129303,0.27065926790237427,0.3878489136695862,0.2288859337568283,0.5075018405914307,0.26795145869255066,0.10970358550548553,0.5800520777702332,0.21868173778057098,6.022798538208008,4.548381328582764,5.996820449829102,6.778264999389648,5.77362060546875,9.101706504821777,7.230186462402344,2.8948357105255127,6.4285736083984375,5.452794075012207,,,,,,,,,,,7.777666091918945,7.211920738220215,7.4958882331848145,8.657374382019043,6.8455634117126465,11.54502010345459,8.470301628112793,3.906331777572632,8.742925643920898,7.123664855957031,,,,,,,,,,,,,,,,,,,,,,,,,,,,,,,,,,,,,,,,
29,5639,,,,,,,,,,,,,,,,,,,,,,,,,,,,,,,,,,,,,,,,,0.2891751825809479,0.5487809777259827,0.18941594660282135,0.042873870581388474,0.08174474537372589,0.4183554947376251,0.3818146884441376,0.246107280254364,0.3940354585647583,0.2994482219219208,5.656270503997803,6.549559593200684,5.203235149383545,1.9315001964569092,3.7887420654296875,7.6198272705078125,8.942489624023438,4.952965259552002,5.863857269287109,6.054256916046143,,,,,,,,,,,7.047452449798584,8.200905799865723,6.27075719833374,2.8784008026123047,4.091000556945801,10.482107162475586,10.11107063293457,5.850876331329346,7.205944538116455,8.336007118225098,,,,,,,,,,,,,,,,,,,,,,,,,,,,,,,,,,,,,,,,
29,5644,,,,,,,,,,,,,,,,,,,,,,,,,,,,,,,,,,,,,,,,,0.3561721742153168,0.3034077286720276,0.43562328815460205,0.6174598932266235,0.2778785526752472,0.16666150093078613,0.2783394157886505,0.32083815336227417,0.1438373327255249,0.6615034937858582,6.083280563354492,3.994109630584717,6.764956951141357,7.833610534667969,4.754405498504639,5.806023120880127,6.0951948165893555,5.676665306091309,3.3403496742248535,10.484207153320312,,,,,,,,,,,8.082938194274902,6.097833633422852,9.509708404541016,10.923436164855957,7.542705535888672,6.615969657897949,8.632927894592285,6.680388927459717,4.353705883026123,12.3897705078125,,,,,,,,,,,,,,,,,,,,,,,,,,,,,,,,,,,,,,,,
29,5649,,,,,,,,,,,,,,,,,,,,,,,,,,,,,,,,,,,,,,,,,0.292554646730423,0.2717958986759186,0.2044859081506729,0.24607805907726288,0.23321005702018738,0.19880779087543488,0.20084893703460693,0.24455955624580383,0.21650758385658264,0.816697895526886,5.118589878082275,3.534823417663574,4.749679088592529,4.626160621643066,5.087392807006836,5.018502235412598,5.5923380851745605,4.3638691902160645,4.193321704864502,8.901223182678223,,,,,,,,,,,7.28806209564209,5.771434307098389,6.515433311462402,6.8959059715271,6.909924030303955,7.225910186767578,7.333403587341309,5.832449913024902,5.341458320617676,13.76663875579834,,,,,,,,,,,,,,,,,,,,,,,,,,,,,,,,,,,,,,,,
29,5654,,,,,,,,,,,,,,,,,,,,,,,,,,,,,,,,,,,,,,,,,0.21670670807361603,0.5231462717056274,0.08905627578496933,0.05277140066027641,0.225925013422966,0.14079396426677704,0.45506423711776733,0.0778895765542984,0.16487599909305573,0.22083774209022522,4.818367004394531,6.845682621002197,3.596172332763672,2.4842300415039062,5.1912384033203125,4.065999507904053,8.004002571105957,2.86952543258667,4.313553333282471,5.994899749755859,,,,,,,,,,,6.059131145477295,8.007074356079102,4.299757480621338,3.193406581878662,6.801141262054443,6.080900192260742,11.038426399230957,3.291533946990967,4.661245822906494,7.158695220947266,,,,,,,,,,,,,,,,,,,,,,,,,,,,,,,,,,,,,,,,
29,5659,,,,,,,,,,,,,,,,,,,,,,,,,,,,,,,,,,,,,,,,,0.3329922556877136,0.2052016407251358,0.14285552501678467,0.6362175345420837,0.4042365550994873,0.26396214962005615,0.2219182699918747,0.3554113507270813,0.3507314920425415,0.41639578342437744,6.3865742683410645,3.9237864017486572,4.903717517852783,9.08574390411377,8.120430946350098,6.337669849395752,6.214591026306152,6.701658725738525,5.272150039672852,6.9194207191467285,,,,,,,,,,,7.815584182739258,5.01478910446167,5.445781230926514,11.088114738464355,9.097403526306152,8.326197624206543,7.708454608917236,7.0311174392700195,6.798462390899658,9.82992935180664,,,,,,,,,,,,,,,,,,,,,,,,,,,,,,,,,,,,,,,,
29,5664,,,,,,,,,,,,,,,,,,,,,,,,,,,,,,,,,,,,,,,,,0.3187103271484375,0.5312045216560364,0.17834490537643433,0.22034461796283722,0.21735022962093353,0.4102175831794739,0.20045718550682068,0.3409730792045593,0.5148531198501587,0.2546478807926178,5.834425449371338,5.612150192260742,4.112523078918457,5.346865653991699,4.987228870391846,8.677651405334473,5.392148017883301,5.734143257141113,7.158715724945068,5.488399028778076,,,,,,,,,,,7.540698528289795,8.068506240844727,6.084739685058594,6.525384426116943,6.670827388763428,10.379657745361328,7.326247692108154,6.886820316314697,8.236921310424805,7.687182903289795,,,,,,,,,,,,,,,,,,,,,,,,,,,,,,,,,,,,,,,,
29,5669,,,,,,,,,,,,,,,,,,,,,,,,,,,,,,,,,,,,,,,,,0.5212486386299133,0.17556698620319366,0.6525599360466003,0.406277060508728,0.2907688617706299,1.214592695236206,0.5280287265777588,0.3051775395870209,0.7697262167930603,0.348539263010025,7.85791540145874,3.766602039337158,10.281392097473145,6.964305877685547,6.270863056182861,12.629998207092285,9.742298126220703,4.946028709411621,8.754366874694824,7.365383625030518,,,,,,,,,,,9.798341751098633,4.638566017150879,11.639165878295898,8.860658645629883,7.71566915512085,17.860401153564453,11.890484809875488,6.515308856964111,10.071436882019043,8.993382453918457,,,,,,,,,,,,,,,,,,,,,,,,,,,,,,,,,,,,,,,,
29,5674,,,,,,,,,,,,,,,,,,,,,,,,,,,,,,,,,,,,,,,,,0.33990204334259033,0.31193631887435913,0.35489919781684875,0.48478952050209045,0.371782124042511,0.39370453357696533,0.37698373198509216,0.2450142651796341,0.2068822830915451,0.31312617659568787,6.387227535247803,4.701889514923096,7.030183792114258,6.82271671295166,7.769173622131348,7.2635416984558105,7.163651943206787,4.735640048980713,4.622519016265869,7.375728130340576,,,,,,,,,,,8.107670783996582,6.182943344116211,8.583495140075684,9.679023742675781,8.724566459655762,10.168598175048828,10.046899795532227,5.837870121002197,5.221375465393066,8.524263381958008,,,,,,,,,,,,,,,,,,,,,,,,,,,,,,,,,,,,,,,,
29,5679,,,,,,,,,,,,,,,,,,,,,,,,,,,,,,,,,,,,,,,,,0.4671405255794525,0.36648833751678467,0.4688072204589844,0.5056377053260803,0.32554927468299866,0.19491691887378693,0.5772879719734192,0.7529529929161072,0.7005191445350647,0.3121049106121063,7.114442825317383,5.101138591766357,8.120766639709473,7.7032389640808105,5.891920566558838,5.237751007080078,9.27037239074707,7.8323822021484375,8.533352851867676,6.3390583992004395,,,,,,,,,,,9.172890663146973,6.701813220977783,9.865266799926758,9.884952545166016,8.164093971252441,7.15485143661499,12.432745933532715,10.23393440246582,9.608006477355957,8.510351181030273,,,,,,,,,,,,,,,,,,,,,,,,,,,,,,,,,,,,,,,,
29,5684,,,,,,,,,,,,,,,,,,,,,,,,,,,,,,,,,,,,,,,,,0.2557308077812195,0.35480478405952454,0.23414656519889832,0.19165721535682678,0.13198937475681305,0.25095731019973755,0.1731218546628952,0.18336471915245056,0.29298481345176697,0.48855060338974,5.734833240509033,5.540606498718262,6.129269123077393,5.085923194885254,4.014621257781982,6.997037410736084,5.577672958374023,4.158239841461182,5.707658290863037,8.402469635009766,,,,,,,,,,,6.854305267333984,6.594122886657715,6.971971035003662,6.085797309875488,5.19839334487915,8.118500709533691,6.8084259033203125,5.05029296875,6.213636875152588,10.647605895996094,,,,,,,,,,,,,,,,,,,,,,,,,,,,,,,,,,,,,,,,
29,5689,,,,,,,,,,,,,,,,,,,,,,,,,,,,,,,,,,,,,,,,,0.3641417920589447,0.48603299260139465,0.1961730271577835,0.5677477717399597,0.2027871459722519,0.613705039024353,0.16262367367744446,0.36066219210624695,0.4644814133644104,0.22306294739246368,6.298509120941162,4.855532646179199,5.245654582977295,8.107841491699219,5.379147052764893,9.682748794555664,5.135745048522949,5.938569068908691,6.352660179138184,5.988681793212891,,,,,,,,,,,8.04588794708252,7.717828750610352,6.381624698638916,10.474483489990234,6.443470478057861,12.695672035217285,6.598764896392822,7.0828657150268555,7.823614597320557,7.194670677185059,,,,,,,,,,,,,,,,,,,,,,,,,,,,,,,,,,,,,,,,
29,5694,,,,,,,,,,,,,,,,,,,,,,,,,,,,,,,,,,,,,,,,,0.3181860148906708,0.31606945395469666,0.860541820526123,0.49329519271850586,0.17641805112361908,0.3141179084777832,0.2000790387392044,0.16008329391479492,0.08679035305976868,0.2562788426876068,5.982028007507324,5.364542007446289,10.323990821838379,6.970341205596924,4.640749454498291,7.1070685386657715,5.903878211975098,4.561878204345703,2.832066774368286,6.133739471435547,,,,,,,,,,,7.508645057678223,6.2237701416015625,13.365882873535156,9.763562202453613,6.00995397567749,9.082852363586426,7.319334506988525,4.718801975250244,3.3818869590759277,7.711761474609375,,,,,,,,,,,,,,,,,,,,,,,,,,,,,,,,,,,,,,,,
29,5699,,,,,,,,,,,,,,,,,,,,,,,,,,,,,,,,,,,,,,,,,0.3266507685184479,0.43723613023757935,0.1053505390882492,0.23491063714027405,0.5896774530410767,0.626706063747406,0.361552894115448,0.06627793610095978,0.10445535182952881,0.41368985176086426,5.837261199951172,5.425806522369385,3.7316205501556396,4.189910411834717,8.104583740234375,9.64634895324707,7.726621150970459,2.8724653720855713,2.7742111682891846,8.06378173828125,,,,,,,,,,,7.659444332122803,7.320155620574951,4.676598072052002,6.737616539001465,10.987702369689941,12.82944393157959,9.839130401611328,3.036289930343628,3.710125684738159,9.79793643951416,,,,,,,,,,,,,,,,,,,,,,,,,,,,,,,,,,,,,,,,
29,5704,,,,,,,,,,,,,,,,,,,,,,,,,,,,,,,,,,,,,,,,,0.2247086614370346,0.31459593772888184,0.16592684388160706,0.10322695970535278,0.09897203743457794,0.22321751713752747,0.2057761549949646,0.273877888917923,0.15059757232666016,0.48618707060813904,5.1361823081970215,5.091805458068848,4.761390209197998,3.8503470420837402,3.4984443187713623,6.634820461273193,6.298403739929199,4.463180065155029,3.7227783203125,7.904473304748535,,,,,,,,,,,6.37493896484375,6.209245681762695,5.869079113006592,4.466336727142334,4.501486301422119,7.656671047210693,7.422809600830078,6.1721601486206055,4.454841613769531,10.621819496154785,,,,,,,,,,,,,,,,,,,,,,,,,,,,,,,,,,,,,,,,
29,5709,,,,,,,,,,,,,,,,,,,,,,,,,,,,,,,,,,,,,,,,,0.39204487204551697,0.26810702681541443,0.2836386263370514,0.3091726303100586,0.3752172887325287,0.7477511167526245,0.5836596488952637,0.3830723762512207,0.4541025161743164,0.1236824318766594,6.834370136260986,4.656005382537842,6.5762481689453125,5.623824119567871,6.660431861877441,10.79634952545166,9.110032081604004,6.304658889770508,7.27838659286499,4.503396987915039,,,,,,,,,,,8.534177780151367,5.7321343421936035,7.673514366149902,7.72957181930542,8.76478099822998,14.013751983642578,12.501169204711914,7.2996015548706055,7.735711097717285,5.357364654541016,,,,,,,,,,,,,,,,,,,,,,,,,,,,,,,,,,,,,,,,
29,5714,,,,,,,,,,,,,,,,,,,,,,,,,,,,,,,,,,,,,,,,,0.09961163997650146,0.2036200314760208,0.10276495665311813,0.018454376608133316,0.10135821253061295,0.13260313868522644,0.14145976305007935,0.05090172588825226,0.038046784698963165,0.10729578137397766,3.2595629692077637,3.568941831588745,3.2681565284729004,1.5952496528625488,3.576382637023926,4.89853572845459,4.823521614074707,2.179155111312866,1.8980622291564941,3.5280630588531494,,,,,,,,,,,4.222647666931152,4.995426177978516,4.6188530921936035,1.8884459733963013,4.555427551269531,5.901369094848633,6.154421806335449,2.6608781814575195,2.239145278930664,4.989861965179443,,,,,,,,,,,,,,,,,,,,,,,,,,,,,,,,,,,,,,,,
29,5719,,,,,,,,,,,,,,,,,,,,,,,,,,,,,,,,,,,,,,,,,0.38186731934547424,0.45980754494667053,0.23530612885951996,0.6495130658149719,0.5683765411376953,0.3978801965713501,0.4302072525024414,0.17900662124156952,0.3339945673942566,0.1827138513326645,7.068685054779053,5.994961261749268,6.405050754547119,8.88892650604248,8.86966609954834,7.434859275817871,9.36807918548584,4.571231365203857,6.376650810241699,5.708736896514893,,,,,,,,,,,8.397503852844238,7.5067219734191895,6.989212989807129,11.203373908996582,10.787422180175781,10.222379684448242,10.73271656036377,4.9899163246154785,6.634267807006836,6.511528491973877,,,,,,,,,,,,,,,,,,,,,,,,,,,,,,,,,,,,,,,,
29,5724,,,,,,,,,,,,,,,,,,,,,,,,,,,,,,,,,,,,,,,,,0.5471307039260864,0.5730549097061157,0.5291162729263306,0.6843262910842896,0.24307194352149963,0.3529382348060608,0.4392852783203125,0.7107060551643372,0.68854159116745,0.7031357288360596,7.53395414352417,7.206400394439697,8.425033569335938,7.511068820953369,5.88646125793457,7.851285934448242,6.064953804016113,7.89011812210083,7.36662483215332,9.603641510009766,,,,,,,,,,,10.014463424682617,8.380315780639648,10.480626106262207,11.499698638916016,7.054513454437256,9.627758979797363,10.84536361694336,9.942687034606934,9.5255126953125,12.773701667785645,,,,,,,,,,,,,,,,,,,,,,,,,,,,,,,,,,,,,,,,
29,5729,,,,,,,,,,,,,,,,,,,,,,,,,,,,,,,,,,,,,,,,,0.30818748474121094,0.24834761023521423,0.1777278631925583,0.44788646697998047,0.3571479916572571,0.37187010049819946,0.24575938284397125,0.16154548525810242,0.6263431906700134,0.13705924153327942,5.912135124206543,4.319796085357666,4.458422660827637,8.627351760864258,6.512853145599365,8.808023452758789,6.743599891662598,3.9101226329803467,5.672802448272705,4.156244277954102,,,,,,,,,,,7.433905601501465,5.51686429977417,6.074204444885254,9.303339004516602,8.551135063171387,9.88260555267334,8.111960411071777,4.740303039550781,9.085095405578613,5.639639854431152,,,,,,,,,,,,,,,,,,,,,,,,,,,,,,,,,,,,,,,,
29,5734,,,,,,,,,,,,,,,,,,,,,,,,,,,,,,,,,,,,,,,,,0.2940617799758911,0.5307527184486389,0.18245059251785278,0.20317760109901428,0.4279882311820984,0.3463706076145172,0.15191888809204102,0.047368042171001434,0.34875985980033875,0.4077696204185486,5.727776050567627,5.680871963500977,5.1653900146484375,4.855264186859131,6.797487735748291,7.628273010253906,5.476322174072266,2.240636110305786,6.13922643661499,7.566511631011963,,,,,,,,,,,7.203971862792969,8.06507396697998,6.154379844665527,6.266034126281738,9.360856056213379,9.537759780883789,6.377884387969971,2.5668556690216064,6.77932596206665,9.72757625579834,,,,,,,,,,,,,,,,,,,,,,,,,,,,,,,,,,,,,,,,
29,5739,,,,,,,,,,,,,,,,,,,,,,,,,,,,,,,,,,,,,,,,,0.43760165572166443,0.4855281114578247,0.25405189394950867,0.22919952869415283,0.2977443337440491,0.28578662872314453,0.15912960469722748,1.1132432222366333,0.8418585658073425,0.27187269926071167,6.79599666595459,6.144591808319092,6.320631504058838,5.0102691650390625,6.116168022155762,6.803469181060791,5.305877685546875,8.395649909973145,10.323381423950195,6.743933200836182,,,,,,,,,,,8.394394874572754,7.7138190269470215,7.262277603149414,6.655210018157959,7.807669639587402,8.663568496704102,6.527490615844727,12.44382095336914,10.53277587890625,7.942916393280029,,,,,,,,,,,,,,,,,,,,,,,,,,,,,,,,,,,,,,,,
29,5744,,,,,,,,,,,,,,,,,,,,,,,,,,,,,,,,,,,,,,,,,0.3073260486125946,0.1674664467573166,0.4331951141357422,0.33768701553344727,0.29051467776298523,0.3830829858779907,0.23220627009868622,0.10746458917856216,0.39669764041900635,0.4176194667816162,5.93839693069458,3.722553014755249,7.548626899719238,5.622825622558594,6.164621829986572,7.578176021575928,5.645417213439941,3.2710399627685547,6.055450439453125,7.836864471435547,,,,,,,,,,,7.628931522369385,4.530291557312012,9.483166694641113,8.078153610229492,7.712296009063721,10.030492782592773,7.885110378265381,3.866262674331665,7.2302470207214355,9.844362258911133,,,,,,,,,,,,,,,,,,,,,,,,,,,,,,,,,,,,,,,,
29,5749,,,,,,,,,,,,,,,,,,,,,,,,,,,,,,,,,,,,,,,,,0.42891937494277954,0.15567246079444885,0.34857794642448425,0.8127328157424927,0.7008550763130188,0.4013320207595825,0.21286536753177643,0.7539914846420288,0.18459025025367737,0.2896569073200226,7.063359260559082,3.253735065460205,7.662234306335449,11.959814071655273,7.559152126312256,8.900790214538574,5.669390678405762,8.281158447265625,3.643075942993164,6.64088249206543,,,,,,,,,,,8.730385780334473,4.367854595184326,8.506710052490234,12.532241821289062,11.978811264038086,10.266626358032227,7.549588680267334,10.240989685058594,4.932052135467529,8.198589324951172,,,,,,,,,,,,,,,,,,,,,,,,,,,,,,,,,,,,,,,,
29,5754,,,,,,,,,,,,,,,,,,,,,,,,,,,,,,,,,,,,,,,,,0.36017271876335144,0.49779853224754333,0.5861623287200928,0.39602991938591003,0.26052770018577576,0.5781890749931335,0.3579079210758209,0.22418822348117828,0.11052362620830536,0.23022712767124176,7.0779829025268555,6.405738353729248,10.19328498840332,7.791416168212891,6.516807556152344,10.613397598266602,7.290500164031982,5.434708595275879,3.407261610031128,6.048731803894043,,,,,,,,,,,8.190625190734863,7.8106842041015625,11.031145095825195,8.74820327758789,7.303425312042236,12.322839736938477,9.789408683776855,5.584253311157227,3.816373348236084,7.3092942237854,,,,,,,,,,,,,,,,,,,,,,,,,,,,,,,,,,,,,,,,
29,5759,,,,,,,,,,,,,,,,,,,,,,,,,,,,,,,,,,,,,,,,,0.3141583204269409,0.3893655240535736,0.21591128408908844,0.27354225516319275,0.4866692125797272,0.4282763600349426,0.3825220465660095,0.14849498867988586,0.24115920066833496,0.2614838778972626,6.349209785461426,5.203822135925293,5.062935829162598,5.99858283996582,8.050466537475586,8.994385719299316,8.304792404174805,3.2919485569000244,5.185738563537598,7.050216197967529,,,,,,,,,,,7.728139400482178,6.907820224761963,6.694980144500732,7.270546913146973,9.981977462768555,10.605664253234863,10.120431900024414,4.544798374176025,5.637352466583252,7.7896809577941895,,,,,,,,,,,,,,,,,,,,,,,,,,,,,,,,,,,,,,,,
29,5764,,,,,,,,,,,,,,,,,,,,,,,,,,,,,,,,,,,,,,,,,0.34446319937705994,0.3968733847141266,0.2842593789100647,0.16479964554309845,0.17051179707050323,0.23846948146820068,0.38750118017196655,0.45637640357017517,0.41904300451278687,0.5823342800140381,6.369243144989014,5.936311721801758,5.643529415130615,4.828378677368164,4.944502830505371,6.302201271057129,7.054186820983887,6.789718151092529,6.407534122467041,9.416826248168945,,,,,,,,,,,7.925679683685303,6.974102020263672,7.681907653808594,5.643298149108887,5.90849494934082,7.913931369781494,10.186083793640137,7.967467308044434,7.431090831756592,11.624743461608887,,,,,,,,,,,,,,,,,,,,,,,,,,,,,,,,,,,,,,,,
29,5769,,,,,,,,,,,,,,,,,,,,,,,,,,,,,,,,,,,,,,,,,0.3540540337562561,0.1465037614107132,0.24105484783649445,0.34252870082855225,0.473254531621933,0.5258352160453796,0.3783551752567291,0.3905397951602936,0.1680782437324524,0.5203359723091125,6.427573204040527,2.917030096054077,5.07919454574585,7.079135417938232,8.097701072692871,8.727982521057129,7.940073013305664,5.437266826629639,3.908221483230591,8.661552429199219,,,,,,,,,,,8.241414070129395,4.237275123596191,7.074073791503906,8.135857582092285,9.843442916870117,11.751699447631836,10.06515884399414,7.370406627655029,4.70629358291626,10.988518714904785,,,,,,,,,,,,,,,,,,,,,,,,,,,,,,,,,,,,,,,,
29,5774,,,,,,,,,,,,,,,,,,,,,,,,,,,,,,,,,,,,,,,,,0.3546983301639557,0.31396740674972534,0.284551739692688,0.2209545075893402,0.27026069164276123,0.47452545166015625,0.24547472596168518,0.2210887223482132,0.22093842923641205,0.9405235052108765,6.672815799713135,5.270103454589844,6.821819305419922,5.695594787597656,6.010629653930664,8.630107879638672,6.100218772888184,4.713362693786621,4.2462310791015625,12.567276954650879,,,,,,,,,,,8.094179153442383,6.203039646148682,7.685856819152832,6.534409523010254,7.438598155975342,11.16363525390625,8.107261657714844,5.545516490936279,5.395837783813477,14.773452758789062,,,,,,,,,,,,,,,,,,,,,,,,,,,,,,,,,,,,,,,,
29,5779,,,,,,,,,,,,,,,,,,,,,,,,,,,,,,,,,,,,,,,,,0.19264963269233704,0.2560502886772156,0.1323547214269638,0.24759070575237274,0.23419396579265594,0.2352031022310257,0.2583082616329193,0.14562319219112396,0.08550754934549332,0.1390148103237152,4.9850311279296875,3.919212818145752,3.8228085041046143,6.602456092834473,5.682523250579834,6.652031898498535,6.845193386077881,3.6327195167541504,2.7088966369628906,4.999436378479004,,,,,,,,,,,6.044259071350098,5.601765155792236,5.241811275482178,6.917068004608154,6.924485206604004,7.85954475402832,8.316487312316895,4.500637531280518,3.3568005561828613,5.6797308921813965,,,,,,,,,,,,,,,,,,,,,,,,,,,,,,,,,,,,,,,,
29,5784,,,,,,,,,,,,,,,,,,,,,,,,,,,,,,,,,,,,,,,,,0.4093448519706726,0.6256193518638611,0.7181802988052368,0.23793959617614746,0.2058083564043045,0.7616942524909973,0.3087852895259857,0.062224049121141434,0.33859461545944214,0.425258070230484,6.796054363250732,6.643458843231201,10.39992904663086,5.65433406829834,5.690213203430176,10.835803031921387,6.88629150390625,2.3486149311065674,5.230951309204102,7.474895477294922,,,,,,,,,,,8.559020042419434,8.756234169006348,12.210358619689941,6.780914306640625,6.491291522979736,14.143802642822266,9.092830657958984,2.941967487335205,6.679797172546387,9.933984756469727,,,,,,,,,,,,,,,,,,,,,,,,,,,,,,,,,,,,,,,,
29,5789,,,,,,,,,,,,,,,,,,,,,,,,,,,,,,,,,,,,,,,,,0.4750940501689911,0.33720341324806213,0.6730386018753052,0.13480356335639954,0.4724973142147064,0.8245118856430054,0.27071747183799744,0.3757072985172272,0.7476998567581177,0.4396667778491974,7.26243257522583,4.773681163787842,10.238866806030273,3.8562567234039307,7.928463935852051,11.500059127807617,6.414575099945068,5.455392360687256,7.658283233642578,7.536309719085693,,,,,,,,,,,9.297112464904785,6.4284796714782715,11.820384979248047,5.103940010070801,9.835565567016602,14.715476036071777,8.513907432556152,7.22908878326416,9.926290512084961,10.100875854492188,,,,,,,,,,,,,,,,,,,,,,,,,,,,,,,,,,,,,,,,
29,5794,,,,,,,,,,,,,,,,,,,,,,,,,,,,,,,,,,,,,,,,,0.16690601408481598,0.20501822233200073,0.32379859685897827,0.06349824368953705,0.025729654356837273,0.4259006977081299,0.1633446365594864,0.02082289196550846,0.13417038321495056,0.1398707628250122,4.31989860534668,4.5529584884643555,6.583306789398193,3.002326011657715,1.8635343313217163,8.300272941589355,4.811804294586182,1.4107612371444702,3.5730783939361572,4.781044006347656,,,,,,,,,,,5.311442852020264,5.012547016143799,8.19877815246582,3.502964735031128,2.2951791286468506,10.57620906829834,6.613376140594482,1.7018812894821167,4.204860687255859,5.697189807891846,,,,,,,,,,,,,,,,,,,,,,,,,,,,,,,,,,,,,,,,
29,5799,,,,,,,,,,,,,,,,,,,,,,,,,,,,,,,,,,,,,,,,,0.3237079679965973,0.5771864652633667,0.3347603678703308,0.0965944454073906,0.4842521846294403,0.35550177097320557,0.21092921495437622,0.10197704285383224,0.4983227849006653,0.25384730100631714,5.825336933135986,6.806275844573975,7.1039018630981445,3.765568971633911,7.136350631713867,7.7454376220703125,5.452605247497559,2.8197975158691406,5.698610305786133,5.899484157562256,,,,,,,,,,,7.527477741241455,8.41047191619873,8.336402893066406,4.320469856262207,9.957159042358398,9.6626615524292,7.5151753425598145,3.766256809234619,8.103611946105957,7.6750898361206055,,,,,,,,,,,,,,,,,,,,,,,,,,,,,,,,,,,,,,,,
29,5804,,,,,,,,,,,,,,,,,,,,,,,,,,,,,,,,,,,,,,,,,0.2938903570175171,0.15653151273727417,0.3949037790298462,0.4474344849586487,0.05990747734904289,0.39032188057899475,0.284798264503479,0.35934722423553467,0.07517654448747635,0.4765920042991638,5.642348289489746,3.467219114303589,6.90566349029541,6.2032647132873535,3.1477420330047607,8.43456745147705,5.443899631500244,6.129473686218262,2.691549301147461,8.357756614685059,,,,,,,,,,,7.314037799835205,4.379889965057373,9.054350852966309,9.298644065856934,3.5021936893463135,10.1248197555542,8.732518196105957,7.069942474365234,3.1474907398223877,10.516484260559082,,,,,,,,,,,,,,,,,,,,,,,,,,,,,,,,,,,,,,,,
29,5809,,,,,,,,,,,,,,,,,,,,,,,,,,,,,,,,,,,,,,,,,0.33826500177383423,0.32199645042419434,0.43051862716674805,0.14628839492797852,0.36290615797042847,0.21152527630329132,0.2936755120754242,0.5010030269622803,0.5078367590904236,0.26863473653793335,6.406321048736572,5.384800434112549,8.130110740661621,4.843503475189209,7.1146721839904785,5.94118595123291,7.834571361541748,6.424559116363525,5.517104625701904,6.466386318206787,,,,,,,,,,,7.82415771484375,6.281854152679443,9.453825950622559,5.316915988922119,8.619791984558105,7.453444004058838,8.867570877075195,8.347931861877441,8.180603981018066,7.895475387573242,,,,,,,,,,,,,,,,,,,,,,,,,,,,,,,,,,,,,,,,
29,5814,,,,,,,,,,,,,,,,,,,,,,,,,,,,,,,,,,,,,,,,,0.5016909241676331,0.6811092495918274,0.3015839457511902,0.6762834191322327,0.20411556959152222,0.41226404905319214,0.5396378040313721,0.9188176393508911,0.37963685393333435,0.4017697870731354,7.771999835968018,6.79835319519043,7.302547454833984,10.214445114135742,5.244553565979004,8.180506706237793,8.53973388671875,9.819405555725098,5.921211242675781,7.927242755889893,,,,,,,,,,,9.48946475982666,9.136306762695312,7.912537097930908,11.43192195892334,6.464540958404541,10.40551471710205,12.02048397064209,11.305072784423828,7.073061943054199,9.655746459960938,,,,,,,,,,,,,,,,,,,,,,,,,,,,,,,,,,,,,,,,
29,5819,,,,,,,,,,,,,,,,,,,,,,,,,,,,,,,,,,,,,,,,,0.20938165485858917,0.22446295619010925,0.014158128760755062,0.11692824214696884,0.28935644030570984,0.15183034539222717,0.1251121312379837,0.3532893657684326,0.49304789304733276,0.11624924093484879,4.566774845123291,3.9378886222839355,1.2481722831726074,3.492769718170166,6.352138996124268,4.8189921379089355,4.342762470245361,6.298509120941162,6.4779486656188965,4.131795883178711,,,,,,,,,,,5.75299072265625,5.244868755340576,1.714409589767456,4.753511905670166,7.696907043457031,6.3147358894348145,5.787893295288086,7.010096073150635,8.060608863830566,5.193884372711182,,,,,,,,,,,,,,,,,,,,,,,,,,,,,,,,,,,,,,,,
29,5819,,,,,,,,,,,,,,,,,,,,,,,,,,,,,,,,,,,,,,,,,,,,,,,,,,,6.310892581939697,5.073198318481445,6.159078598022461,5.988852024078369,6.500905513763428,7.947259902954102,7.012216091156006,5.496226787567139,5.497946739196777,7.12235164642334,0.611789882183075,0.6165961027145386,0.6700629591941833,0.6769800186157227,0.6144570112228394,0.5250368118286133,0.5943155884742737,0.6281362771987915,0.6054970026016235,0.5750269889831543,8.312355041503906,6.678619861602783,8.149859428405762,7.869326114654541,8.712274551391602,10.517560005187988,9.391982078552246,7.105316638946533,7.12178373336792,9.264470100402832,0.5761537551879883,0.6173120737075806,0.6021961569786072,0.37297970056533813,0.6539314389228821,0.6627324223518372,0.48557335138320923,0.5449066758155823,0.6163913011550903,0.6293601989746094,7.784339904785156,6.019587993621826,7.963122367858887,6.150090217590332,9.016040802001953,9.75864315032959,8.62150764465332,6.260036945343018,7.040609836578369,9.229419708251953,0.3529515564441681,0.34476834535598755,0.5036253333091736,0.5998889207839966,0.19282734394073486,0.39681708812713623,0.49591225385665894,0.10637205839157104,0.14932167530059814,0.3870308995246887,10.662374496459961,8.956982612609863,10.80164909362793,9.397100448608398,12.155655860900879,13.353031158447266,11.350313186645508,8.813096046447754,9.379044532775879,11.754500389099121
30,5824,,,,,,,,,,,,,,,,,,,,,,,,,,,,,,,,,,,,,,,,,0.40999603271484375,0.22386063635349274,0.35839828848838806,0.28147321939468384,0.6779351234436035,0.1483330875635147,0.3520813584327698,1.094062089920044,0.18223129212856293,0.3715890645980835,6.644683837890625,3.939951181411743,7.185372829437256,6.186920166015625,7.120808124542236,4.755257606506348,7.178363800048828,11.727019309997559,4.689851760864258,7.0186076164245605,,,,,,,,,,,8.388178825378418,5.237826824188232,8.625704765319824,7.375193119049072,11.7813138961792,6.241584777832031,9.70939826965332,12.336151123046875,4.9004364013671875,9.285999298095703,,,,,,,,,,,,,,,,,,,,,,,,,,,,,,,,,,,,,,,,
30,5829,,,,,,,,,,,,,,,,,,,,,,,,,,,,,,,,,,,,,,,,,0.24743300676345825,0.3465689420700073,0.09642893821001053,0.1982841044664383,0.29704025387763977,0.42612913250923157,0.1871911585330963,0.09910770505666733,0.20634682476520538,0.36979997158050537,5.241125583648682,5.241870403289795,3.556821346282959,4.893078327178955,5.741152763366699,8.194972038269043,6.028703212738037,2.797088861465454,4.146449089050293,6.5699896812438965,,,,,,,,,,,6.758859634399414,6.5171403884887695,4.474199295043945,6.1901164054870605,7.798431873321533,10.579045295715332,7.079677581787109,3.71289324760437,5.214613914489746,9.263618469238281,,,,,,,,,,,,,,,,,,,,,,,,,,,,,,,,,,,,,,,,
30,5834,,,,,,,,,,,,,,,,,,,,,,,,,,,,,,,,,,,,,,,,,0.23988914489746094,0.2496209740638733,0.17195838689804077,0.15582889318466187,0.1252727508544922,0.2531673312187195,0.0768691897392273,0.1573973447084427,0.7042192816734314,0.26466813683509827,4.992205619812012,4.161564826965332,4.655432224273682,3.6396305561065674,4.02199125289917,6.37422513961792,3.7107417583465576,3.753105640411377,7.9790802001953125,6.6340813636779785,,,,,,,,,,,6.322004795074463,5.530989170074463,5.974799156188965,5.487555027008057,5.064399242401123,8.154168128967285,4.536771774291992,4.679047584533691,9.633347511291504,7.836967945098877,,,,,,,,,,,,,,,,,,,,,,,,,,,,,,,,,,,,,,,,
30,5839,,,,,,,,,,,,,,,,,,,,,,,,,,,,,,,,,,,,,,,,,0.3715221583843231,0.716118335723877,0.2938287854194641,0.04605596140027046,0.8379508256912231,0.5439049005508423,0.09878730773925781,0.10021179914474487,0.2870560586452484,0.41978561878204346,5.975935935974121,7.130777835845947,7.359424114227295,2.6096978187561035,9.116232872009277,9.547320365905762,3.78399920463562,3.2319209575653076,5.320549964904785,5.683503150939941,,,,,,,,,,,7.789835453033447,9.368167877197266,7.8101396560668945,2.983306407928467,13.09811782836914,11.951910972595215,5.143057346343994,3.7335174083709717,6.150446891784668,9.86985969543457,,,,,,,,,,,,,,,,,,,,,,,,,,,,,,,,,,,,,,,,
30,5844,,,,,,,,,,,,,,,,,,,,,,,,,,,,,,,,,,,,,,,,,0.3239630162715912,0.4151427149772644,0.3183043897151947,0.16318781673908234,0.32714471220970154,0.41798263788223267,0.281994104385376,0.4078725576400757,0.10982464998960495,0.47421368956565857,5.950089454650879,5.2415242195129395,7.417990207672119,4.306714057922363,5.896446228027344,7.592367649078369,7.322626113891602,4.980650901794434,3.0479111671447754,7.744571208953857,,,,,,,,,,,7.7838873863220215,7.132815837860107,8.128922462463379,5.615633487701416,8.184074401855469,10.477434158325195,8.689420700073242,7.532184600830078,3.804286003112793,10.490211486816406,,,,,,,,,,,,,,,,,,,,,,,,,,,,,,,,,,,,,,,,
30,5849,,,,,,,,,,,,,,,,,,,,,,,,,,,,,,,,,,,,,,,,,0.8279256224632263,0.499889999628067,0.9024415016174316,0.7041274309158325,1.1337811946868896,0.7911583185195923,0.4710719585418701,1.596140742301941,1.1660178899765015,0.18670174479484558,10.041032791137695,6.202544212341309,10.842045783996582,10.674424171447754,12.183563232421875,12.419702529907227,8.988962173461914,12.303079605102539,11.29361343383789,5.461357116699219,,,,,,,,,,,11.99323558807373,7.827075004577637,13.687408447265625,11.664886474609375,15.235764503479004,14.414764404296875,11.23089599609375,14.900276184082031,12.395837783813477,6.582205295562744,,,,,,,,,,,,,,,,,,,,,,,,,,,,,,,,,,,,,,,,
30,5854,,,,,,,,,,,,,,,,,,,,,,,,,,,,,,,,,,,,,,,,,0.5434880256652832,0.43291300535202026,0.2539368271827698,0.2419682741165161,0.417840838432312,0.3261319100856781,0.5204002261161804,0.6029319763183594,1.3852390050888062,0.7100304365158081,7.99380350112915,5.965705871582031,6.452670097351074,5.293408393859863,7.573730945587158,8.01968002319336,9.241927146911621,8.079465866088867,11.966169357299805,9.35147762298584,,,,,,,,,,,9.688440322875977,7.283876419067383,7.26063346862793,6.83807897567749,9.249218940734863,9.254916191101074,11.804280281066895,9.1578369140625,13.510942459106445,12.836176872253418,,,,,,,,,,,,,,,,,,,,,,,,,,,,,,,,,,,,,,,,
30,5859,,,,,,,,,,,,,,,,,,,,,,,,,,,,,,,,,,,,,,,,,0.2363717257976532,0.2882087826728821,0.12546701729297638,0.39710092544555664,0.29475438594818115,0.20423704385757446,0.20166906714439392,0.10849638283252716,0.15393005311489105,0.35348188877105713,5.292749404907227,4.333864212036133,4.959613800048828,5.854677677154541,6.501606464385986,6.099111080169678,5.323722839355469,3.5578036308288574,4.291833877563477,6.712510108947754,,,,,,,,,,,6.632552146911621,5.943138599395752,5.103597640991211,8.760025978088379,7.768367767333984,7.323912143707275,7.348360538482666,3.884779214859009,4.503860950469971,9.056925773620605,,,,,,,,,,,,,,,,,,,,,,,,,,,,,,,,,,,,,,,,
30,5864,,,,,,,,,,,,,,,,,,,,,,,,,,,,,,,,,,,,,,,,,0.3464818000793457,0.5621434450149536,0.258078932762146,0.20220091938972473,0.31077057123184204,0.46609172224998474,0.4028545618057251,0.37351560592651367,0.3727019131183624,0.1699783205986023,6.388208866119385,6.169840335845947,5.711844444274902,5.212464809417725,6.567751407623291,8.614200592041016,7.853677749633789,5.733428955078125,6.43558931350708,5.195084571838379,,,,,,,,,,,7.977097511291504,8.30014705657959,7.319610118865967,6.2509565353393555,7.976632595062256,11.063983917236328,10.385918617248535,7.207972049713135,7.0081610679626465,6.280496120452881,,,,,,,,,,,,,,,,,,,,,,,,,,,,,,,,,,,,,,,,
30,5869,,,,,,,,,,,,,,,,,,,,,,,,,,,,,,,,,,,,,,,,,0.4335167407989502,0.28290116786956787,0.44787493348121643,0.47828471660614014,0.6744450330734253,0.35047486424446106,0.48630478978157043,0.4340716004371643,0.35245609283447266,0.394837349653244,7.439659118652344,5.055976390838623,8.46464729309082,6.4551167488098145,9.386129379272461,7.38095760345459,9.93080997467041,6.090450763702393,6.6114935874938965,7.581353187561035,,,,,,,,,,,9.117575645446777,5.888160228729248,9.642508506774902,9.61386775970459,11.750948905944824,9.594100952148438,11.411035537719727,7.770328521728516,6.815155982971191,9.5720796585083,,,,,,,,,,,,,,,,,,,,,,,,,,,,,,,,,,,,,,,,
30,5874,,,,,,,,,,,,,,,,,,,,,,,,,,,,,,,,,,,,,,,,,0.4608725905418396,0.42557042837142944,0.8690072894096375,0.7268246412277222,0.5429129600524902,0.6059954762458801,0.427817165851593,0.12579631805419922,0.05156718194484711,0.3723617196083069,7.6288580894470215,5.828099727630615,12.927929878234863,9.571182250976562,7.308154582977295,10.423065185546875,8.83498477935791,4.170252323150635,2.049224615097046,7.5468268394470215,,,,,,,,,,,9.161307334899902,7.221841812133789,13.431464195251465,11.851402282714844,10.543012619018555,12.615675926208496,10.702860832214355,4.183046340942383,2.606813669204712,9.295648574829102,,,,,,,,,,,,,,,,,,,,,,,,,,,,,,,,,,,,,,,,
30,5879,,,,,,,,,,,,,,,,,,,,,,,,,,,,,,,,,,,,,,,,,0.34263715147972107,0.2982634902000427,0.3635246455669403,0.2329246699810028,0.36002108454704285,0.49994248151779175,0.3094855546951294,0.4896202087402344,0.24957934021949768,0.280372679233551,6.450695514678955,5.314663887023926,5.777854919433594,5.10086727142334,6.450986862182617,9.742852210998535,7.152665138244629,6.782508850097656,5.550382137298584,6.183477878570557,,,,,,,,,,,8.071454048156738,6.045918941497803,8.687175750732422,6.709074974060059,8.585461616516113,11.458714485168457,9.10313606262207,8.252553939819336,5.734923362731934,8.066126823425293,,,,,,,,,,,,,,,,,,,,,,,,,,,,,,,,,,,,,,,,
30,5884,,,,,,,,,,,,,,,,,,,,,,,,,,,,,,,,,,,,,,,,,0.29128456115722656,0.2157636135816574,0.19717808067798615,0.27643781900405884,0.33230018615722656,0.47456103563308716,0.5240936875343323,0.4220622777938843,0.07540951669216156,0.10375481843948364,5.681072235107422,4.100904941558838,5.1129631996154785,5.804986476898193,6.257663249969482,8.267694473266602,8.400765419006348,5.907092571258545,2.9034080505371094,4.374170303344727,,,,,,,,,,,7.314316749572754,5.142228126525879,6.397951602935791,7.308926105499268,8.248309135437012,11.164053916931152,11.84609603881836,7.66208553314209,3.1523640155792236,4.906833648681641,,,,,,,,,,,,,,,,,,,,,,,,,,,,,,,,,,,,,,,,
30,5889,,,,,,,,,,,,,,,,,,,,,,,,,,,,,,,,,,,,,,,,,0.34199249744415283,0.8244591355323792,0.4175661504268646,0.1221947893500328,0.3557684123516083,0.3643714487552643,0.4098334014415741,0.12446048855781555,0.11958286166191101,0.3396955132484436,6.119609355926514,7.018808841705322,8.455169677734375,3.7666096687316895,7.429157733917236,6.708486557006836,7.535341262817383,2.928948163986206,3.9697017669677734,7.264258861541748,,,,,,,,,,,7.780373573303223,10.05186939239502,9.310527801513672,4.859384536743164,8.534602165222168,9.782459259033203,10.475492477416992,4.1607770919799805,3.9697017669677734,8.878551483154297,,,,,,,,,,,,,,,,,,,,,,,,,,,,,,,,,,,,,,,,
30,5894,,,,,,,,,,,,,,,,,,,,,,,,,,,,,,,,,,,,,,,,,0.7971171736717224,0.5147621631622314,0.7827448844909668,1.112083077430725,0.7903977632522583,0.7418620586395264,0.767025887966156,1.1065773963928223,0.9340444803237915,0.42455682158470154,7.762622356414795,6.2587480545043945,7.659379959106445,9.35232162475586,6.97320032119751,9.918436050415039,8.079767227172852,7.029188632965088,7.638354778289795,6.9542012214660645,,,,,,,,,,,12.198551177978516,7.942652702331543,12.747405052185059,14.659646987915039,12.72103500366211,13.958457946777344,14.330976486206055,12.406510353088379,11.094481468200684,9.925790786743164,,,,,,,,,,,,,,,,,,,,,,,,,,,,,,,,,,,,,,,,
30,5899,,,,,,,,,,,,,,,,,,,,,,,,,,,,,,,,,,,,,,,,,0.25465571880340576,0.33606401085853577,0.307371586561203,0.16103067994117737,0.15999887883663177,0.23579266667366028,0.1903732717037201,0.11947192996740341,0.24847130477428436,0.533327043056488,5.340091705322266,5.468661785125732,5.550337791442871,4.004086971282959,4.274562835693359,6.608687877655029,5.472060680389404,3.3627190589904785,4.59058141708374,8.7291259765625,,,,,,,,,,,6.84890079498291,6.417609691619873,7.988101005554199,5.578393936157227,5.723453044891357,7.869389057159424,7.139598846435547,4.076539516448975,5.7221784591674805,11.124846458435059,,,,,,,,,,,,,,,,,,,,,,,,,,,,,,,,,,,,,,,,
30,5904,,,,,,,,,,,,,,,,,,,,,,,,,,,,,,,,,,,,,,,,,0.37560832500457764,0.5205990076065063,0.35272955894470215,0.41921231150627136,0.25669506192207336,0.7478925585746765,0.39935338497161865,0.20665815472602844,0.13500308990478516,0.3423319160938263,6.822153091430664,5.98100471496582,7.563389301300049,7.315216064453125,5.886442184448242,11.501270294189453,7.990607738494873,5.041173458099365,3.1298842430114746,6.990384578704834,,,,,,,,,,,8.40477466583252,7.987556457519531,8.557217597961426,9.000609397888184,7.249505519866943,14.015076637268066,10.34068775177002,5.361483573913574,4.217888832092285,8.912938117980957,,,,,,,,,,,,,,,,,,,,,,,,,,,,,,,,,,,,,,,,
30,5909,,,,,,,,,,,,,,,,,,,,,,,,,,,,,,,,,,,,,,,,,0.36051836609840393,0.3375190496444702,0.1919867992401123,0.10988826304674149,0.8978003263473511,0.33811837434768677,0.18620677292346954,0.5937404036521912,0.2851046025753021,0.3043005168437958,6.41627311706543,4.610618591308594,5.54104471206665,4.08578634262085,10.430862426757812,6.732292175292969,4.786534309387207,9.087763786315918,5.563114643096924,6.908437728881836,,,,,,,,,,,7.890633583068848,6.4314866065979,6.313168525695801,4.60819149017334,13.557809829711914,9.423457145690918,7.061037540435791,9.087763786315918,6.129505157470703,8.403274536132812,,,,,,,,,,,,,,,,,,,,,,,,,,,,,,,,,,,,,,,,
30,5914,,,,,,,,,,,,,,,,,,,,,,,,,,,,,,,,,,,,,,,,,0.340119868516922,0.4291001260280609,0.15693128108978271,0.41066357493400574,0.20991697907447815,0.3869035840034485,0.34864628314971924,0.1384837031364441,0.26909056305885315,0.7113428115844727,6.107137680053711,5.355632781982422,4.750360012054443,6.598841667175293,4.356439590454102,8.16270637512207,7.700990676879883,3.330204725265503,5.321481704711914,9.387578964233398,,,,,,,,,,,7.928641319274902,7.251729965209961,5.70776891708374,8.908365249633789,6.555765628814697,10.080388069152832,9.661917686462402,4.3889241218566895,5.954873561859131,12.848034858703613,,,,,,,,,,,,,,,,,,,,,,,,,,,,,,,,,,,,,,,,
30,5919,,,,,,,,,,,,,,,,,,,,,,,,,,,,,,,,,,,,,,,,,0.278041273355484,0.29226332902908325,0.2009478062391281,0.29494017362594604,0.35002899169921875,0.1996700018644333,0.2818830907344818,0.19449260830879211,0.21185210347175598,0.47629332542419434,6.139623641967773,4.624914646148682,4.4252142906188965,6.902791500091553,7.119462013244629,5.890860080718994,7.503584861755371,4.929875373840332,4.9376912117004395,8.922215461730957,,,,,,,,,,,7.265124797821045,5.984797477722168,6.4588212966918945,7.549563407897949,8.46548080444336,7.2415618896484375,8.68770980834961,5.20128059387207,5.283718585968018,10.513188362121582,,,,,,,,,,,,,,,,,,,,,,,,,,,,,,,,,,,,,,,,
30,5924,,,,,,,,,,,,,,,,,,,,,,,,,,,,,,,,,,,,,,,,,0.47035402059555054,0.37893015146255493,0.17198963463306427,1.0274862051010132,0.6492943167686462,0.7977957725524902,0.3015611171722412,0.314803808927536,0.1490573137998581,0.44226792454719543,7.467218399047852,5.131686687469482,5.290080547332764,12.918432235717773,8.724677085876465,10.711134910583496,7.471163749694824,5.274993896484375,3.8733463287353516,7.809445381164551,,,,,,,,,,,9.227965354919434,6.8146233558654785,5.975342750549316,14.091034889221191,11.529765129089355,14.475104331970215,8.985835075378418,6.617268085479736,4.43200159072876,10.130711555480957,,,,,,,,,,,,,,,,,,,,,,,,,,,,,,,,,,,,,,,,
30,5929,,,,,,,,,,,,,,,,,,,,,,,,,,,,,,,,,,,,,,,,,0.36473044753074646,0.19726751744747162,0.2776055335998535,0.3470720946788788,0.29110056161880493,0.29597771167755127,0.18996399641036987,0.5894285440444946,0.7072924971580505,0.3868655264377594,6.321355819702148,3.9339334964752197,5.82081937789917,5.991894721984863,6.2776923179626465,7.397624969482422,5.971861839294434,7.600496292114258,6.296616554260254,7.60126256942749,,,,,,,,,,,8.061185836791992,4.9168853759765625,7.59146785736084,8.189638137817383,7.720068454742432,8.816686630249023,7.1319193840026855,9.054704666137695,9.65434455871582,9.474957466125488,,,,,,,,,,,,,,,,,,,,,,,,,,,,,,,,,,,,,,,,
30,5934,,,,,,,,,,,,,,,,,,,,,,,,,,,,,,,,,,,,,,,,,0.36649832129478455,0.5070329308509827,0.5313500761985779,0.16733475029468536,0.3693636357784271,0.4389073848724365,0.6384012699127197,0.10094328224658966,0.27382752299308777,0.2713239789009094,6.470522403717041,6.568535327911377,6.811156749725342,4.856712341308594,8.040220260620117,8.218088150024414,10.136520385742188,3.3955633640289307,4.517200946807861,5.690704345703125,,,,,,,,,,,8.252004623413086,7.882796764373779,10.502725601196289,5.686538219451904,8.696144104003906,10.736489295959473,13.0742769241333,3.7471184730529785,6.0070576667785645,7.934896945953369,,,,,,,,,,,,,,,,,,,,,,,,,,,,,,,,,,,,,,,,
30,5939,,,,,,,,,,,,,,,,,,,,,,,,,,,,,,,,,,,,,,,,,0.3058362603187561,0.4295363426208496,0.27886486053466797,0.21169380843639374,0.2908623218536377,0.4995800256729126,0.13012665510177612,0.19211430847644806,0.3825235366821289,0.33722418546676636,5.882567882537842,4.745737075805664,6.2370195388793945,4.4221906661987305,6.032652378082275,7.471972465515137,5.1690216064453125,4.708676338195801,6.534538269042969,7.621303558349609,,,,,,,,,,,7.494420528411865,7.255414962768555,7.608666896820068,6.396007061004639,7.716908931732178,11.454559326171875,5.902743816375732,5.169381141662598,7.099902629852295,8.846196174621582,,,,,,,,,,,,,,,,,,,,,,,,,,,,,,,,,,,,,,,,
30,5944,,,,,,,,,,,,,,,,,,,,,,,,,,,,,,,,,,,,,,,,,0.34612956643104553,0.37850987911224365,0.02474604919552803,0.29328903555870056,0.2451603263616562,0.6192508935928345,0.07695144414901733,0.4282759428024292,0.7515648603439331,0.29741764068603516,5.531854152679443,5.242323398590088,1.860927939414978,6.025843143463135,5.039430618286133,8.914334297180176,3.1772968769073486,5.536731719970703,7.340898036956787,6.648899555206299,,,,,,,,,,,7.440059185028076,6.810843467712402,2.2665462493896484,7.5284013748168945,7.084753036499023,12.752906799316406,4.539198398590088,7.718280792236328,9.951910972595215,8.307695388793945,,,,,,,,,,,,,,,,,,,,,,,,,,,,,,,,,,,,,,,,
30,5949,,,,,,,,,,,,,,,,,,,,,,,,,,,,,,,,,,,,,,,,,0.3709781765937805,0.1874009221792221,0.4743884205818176,0.137221097946167,0.22250805795192719,0.3876824975013733,0.31429290771484375,0.1556021273136139,1.1324490308761597,0.3272583484649658,6.767177104949951,3.9028685092926025,9.11833381652832,3.9780967235565186,5.551051139831543,8.173434257507324,7.2074127197265625,4.109832763671875,11.341363906860352,7.522204875946045,,,,,,,,,,,7.940239906311035,4.7923455238342285,9.923815727233887,5.149502754211426,6.749514102935791,10.090529441833496,9.173563957214355,4.652286529541016,12.216100692749023,8.71450138092041,,,,,,,,,,,,,,,,,,,,,,,,,,,,,,,,,,,,,,,,
30,5954,,,,,,,,,,,,,,,,,,,,,,,,,,,,,,,,,,,,,,,,,0.2880115509033203,0.14483331143856049,0.19245633482933044,0.19760935008525848,0.25761380791664124,0.7480915784835815,0.3564526438713074,0.27351903915405273,0.18164367973804474,0.2398844212293625,5.490850925445557,3.190805435180664,5.095703601837158,5.0064239501953125,5.796879768371582,11.71259593963623,6.067017078399658,3.68802809715271,3.284904956817627,5.5752997398376465,,,,,,,,,,,7.364896297454834,4.213048934936523,6.320883274078369,6.179575443267822,7.262467384338379,14.016940116882324,9.769486427307129,6.168115139007568,4.892529487609863,7.461020469665527,,,,,,,,,,,,,,,,,,,,,,,,,,,,,,,,,,,,,,,,
30,5959,,,,,,,,,,,,,,,,,,,,,,,,,,,,,,,,,,,,,,,,,0.6390870213508606,0.8140798211097717,0.4456596374511719,0.5907052755355835,0.5915153622627258,0.8872515559196472,0.5168569684028625,0.8157047033309937,0.6762496829032898,0.41376054286956787,8.555601119995117,7.620415687561035,6.641988277435303,8.252607345581055,8.543305397033691,12.490435600280762,7.560129642486572,8.476533889770508,8.824995040893555,8.589998245239258,,,,,,,,,,,10.912871360778809,9.988396644592285,9.618632316589355,10.684158325195312,11.004813194274902,15.265087127685547,11.764026641845703,10.651854515075684,9.440104484558105,9.798773765563965,,,,,,,,,,,,,,,,,,,,,,,,,,,,,,,,,,,,,,,,
30,5964,,,,,,,,,,,,,,,,,,,,,,,,,,,,,,,,,,,,,,,,,0.2510380446910858,0.4843100309371948,0.23997986316680908,0.15961873531341553,0.20984704792499542,0.4290975332260132,0.3200279772281647,0.1025814563035965,0.13062027096748352,0.18325962126255035,5.62304162979126,6.1811699867248535,5.12599515914917,4.771739959716797,5.314671516418457,9.038957595825195,7.183013916015625,3.514248847961426,3.989028215408325,5.488552570343018,,,,,,,,,,,6.799021244049072,7.704137802124023,7.058282852172852,5.553884506225586,6.55467414855957,10.615827560424805,9.25688362121582,3.7774012088775635,4.148857593536377,6.52124547958374,,,,,,,,,,,,,,,,,,,,,,,,,,,,,,,,,,,,,,,,
30,5969,,,,,,,,,,,,,,,,,,,,,,,,,,,,,,,,,,,,,,,,,0.3685111403465271,0.39474403858184814,0.34501874446868896,0.4093388319015503,0.29171550273895264,0.6310427784919739,0.36373651027679443,0.4030091166496277,0.05980209633708,0.4181927442550659,6.722061634063721,5.855924129486084,7.622947692871094,7.013591289520264,6.8801774978637695,8.837874412536621,8.070509910583496,6.296566009521484,2.7357044219970703,7.185257434844971,,,,,,,,,,,8.325422286987305,6.955367088317871,8.463168144226074,8.893983840942383,7.728218078613281,12.873754501342773,9.868797302246094,7.487143516540527,2.807252883911133,9.851117134094238,,,,,,,,,,,,,,,,,,,,,,,,,,,,,,,,,,,,,,,,
30,5974,,,,,,,,,,,,,,,,,,,,,,,,,,,,,,,,,,,,,,,,,0.1913433074951172,0.2908313274383545,0.041182488203048706,0.17582914233207703,0.13688990473747253,0.2112443447113037,0.24501124024391174,0.17643997073173523,0.10070504248142242,0.3439562916755676,4.57814359664917,4.13295316696167,2.5212173461914062,3.9607319831848145,4.728306770324707,5.278933525085449,7.087910175323486,4.087119102478027,2.9016761779785156,6.504444122314453,,,,,,,,,,,5.8995819091796875,5.970117092132568,2.923936605453491,5.829084396362305,5.294017791748047,7.448493003845215,8.099603652954102,4.954013824462891,3.642914056777954,8.934060096740723,,,,,,,,,,,,,,,,,,,,,,,,,,,,,,,,,,,,,,,,
30,5979,,,,,,,,,,,,,,,,,,,,,,,,,,,,,,,,,,,,,,,,,0.38826146721839905,0.38906413316726685,0.2916274964809418,0.3848894536495209,0.32995352149009705,0.7525207996368408,0.7851312160491943,0.19735726714134216,0.0766274631023407,0.28718188405036926,7.078639984130859,5.3994293212890625,6.326498508453369,7.382833480834961,6.582155227661133,10.883513450622559,12.26651668548584,5.066019058227539,3.1764564514160156,6.624338150024414,,,,,,,,,,,8.51861572265625,6.905146598815918,7.780828952789307,8.62428092956543,8.219133377075195,14.058374404907227,14.499128341674805,5.239444255828857,3.1777191162109375,8.16348648071289,,,,,,,,,,,,,,,,,,,,,,,,,,,,,,,,,,,,,,,,
30,5984,,,,,,,,,,,,,,,,,,,,,,,,,,,,,,,,,,,,,,,,,0.3852229714393616,0.3117707371711731,0.5094608068466187,0.3009529709815979,0.38789084553718567,0.6762949228286743,0.2930670380592346,0.14828456938266754,0.5526542663574219,0.2866305708885193,6.726839542388916,4.9716362953186035,9.181941986083984,6.1443939208984375,6.953370571136475,10.5552396774292,6.287318229675293,3.6441071033477783,6.268543720245361,6.535007953643799,,,,,,,,,,,8.491114616394043,6.181301593780518,10.284117698669434,7.626129627227783,8.911574363708496,13.327352523803711,8.858379364013672,4.541576862335205,8.53394889831543,8.155648231506348,,,,,,,,,,,,,,,,,,,,,,,,,,,,,,,,,,,,,,,,
30,5989,,,,,,,,,,,,,,,,,,,,,,,,,,,,,,,,,,,,,,,,,0.2573510408401489,0.2948523461818695,0.2524985373020172,0.3563695549964905,0.18219877779483795,0.15469060838222504,0.19018468260765076,0.24209804832935333,0.35800597071647644,0.28526073694229126,5.5785956382751465,4.430331230163574,5.503360271453857,6.544341087341309,4.870423316955566,5.502098560333252,5.353521347045898,5.388956546783447,5.644647121429443,6.969677925109863,,,,,,,,,,,6.886142253875732,6.011246681213379,7.240042209625244,8.298606872558594,6.1076250076293945,6.373938083648682,7.136061668395996,5.803023815155029,6.868603229522705,8.13613510131836,,,,,,,,,,,,,,,,,,,,,,,,,,,,,,,,,,,,,,,,
30,5994,,,,,,,,,,,,,,,,,,,,,,,,,,,,,,,,,,,,,,,,,0.8131989240646362,0.4646880626678467,1.37571382522583,0.7153887748718262,0.39040279388427734,0.48690715432167053,0.8358216285705566,1.1409717798233032,1.0741111040115356,0.8347853422164917,9.434090614318848,5.807105541229248,13.169647216796875,8.673566818237305,6.7400288581848145,7.958137512207031,9.455297470092773,11.337851524353027,10.478610038757324,11.286569595336914,,,,,,,,,,,12.202865600585938,7.5464558601379395,16.899572372436523,11.757796287536621,8.94038200378418,11.308341979980469,14.959861755371094,12.597843170166016,11.897285461425781,13.918249130249023,,,,,,,,,,,,,,,,,,,,,,,,,,,,,,,,,,,,,,,,
30,5999,,,,,,,,,,,,,,,,,,,,,,,,,,,,,,,,,,,,,,,,,0.20677025616168976,0.24442598223686218,0.14275726675987244,0.10042661428451538,0.1855827271938324,0.20186510682106018,0.225824236869812,0.20783217251300812,0.23226125538349152,0.31995689868927,4.910150527954102,4.32244873046875,4.288160800933838,2.752814769744873,4.599519729614258,6.442813396453857,5.873745918273926,4.162160873413086,4.957568168640137,6.7921223640441895,,,,,,,,,,,6.229947090148926,5.473132133483887,5.443907737731934,4.405338764190674,6.1640825271606445,7.281259059906006,7.775996208190918,5.3766913414001465,5.532375335693359,8.616739273071289,,,,,,,,,,,,,,,,,,,,,,,,,,,,,,,,,,,,,,,,
30,6004,,,,,,,,,,,,,,,,,,,,,,,,,,,,,,,,,,,,,,,,,0.3025496304035187,0.23491816222667694,0.42865797877311707,0.3046538233757019,0.4140668511390686,0.4040237069129944,0.20570367574691772,0.17283760011196136,0.34902578592300415,0.20905905961990356,5.955002784729004,4.775950908660889,6.601077556610107,5.751863956451416,6.984763145446777,7.680703163146973,6.14540958404541,4.43613862991333,5.6137309074401855,5.605384826660156,,,,,,,,,,,7.561331748962402,5.365628242492676,9.433374404907227,7.672876358032227,9.207355499267578,10.300996780395508,7.421501636505127,4.90317964553833,6.781909942626953,6.965169429779053,,,,,,,,,,,,,,,,,,,,,,,,,,,,,,,,,,,,,,,,
30,6009,,,,,,,,,,,,,,,,,,,,,,,,,,,,,,,,,,,,,,,,,0.5005366206169128,0.5359592437744141,0.4134506583213806,0.67930668592453,0.658719539642334,0.33802330493927,0.3936665654182434,0.37779802083969116,0.5865501165390015,0.5213549137115479,8.090327262878418,6.969672679901123,8.9110107421875,10.43504524230957,8.915973663330078,7.570888042449951,7.851027011871338,6.155620574951172,7.310382843017578,8.69332504272461,,,,,,,,,,,9.68542194366455,8.104535102844238,9.264532089233398,11.457447052001953,11.613146781921387,9.42213249206543,10.266798973083496,7.249174118041992,8.791760444641113,10.999271392822266,,,,,,,,,,,,,,,,,,,,,,,,,,,,,,,,,,,,,,,,
30,6013,,,,,,,,,,,,,,,,,,,,,,,,,,,,,,,,,,,,,,,,,,,,,,,,,,,6.187825679779053,5.046612739562988,6.051131725311279,5.920786380767822,6.326551914215088,7.845641613006592,6.916566848754883,5.218762397766113,5.306867599487305,7.0575079917907715,0.6251786351203918,0.6187958717346191,0.6876465082168579,0.6855616569519043,0.6359038352966309,0.53349769115448,0.6010150909423828,0.6546562910079956,0.6297656297683716,0.5797647833824158,8.168499946594238,6.659431457519531,7.929718017578125,7.7640910148620605,8.466485023498535,10.423462867736816,9.314106941223145,6.847268104553223,6.899252891540527,9.212682723999023,0.5310764908790588,0.5430641174316406,0.595637321472168,0.37552592158317566,0.6059672832489014,0.6279751062393188,0.4937978684902191,0.4571795165538788,0.554896354675293,0.5256447196006775,7.5111846923828125,5.593581676483154,8.079257011413574,6.113485813140869,8.739889144897461,9.593844413757324,8.529056549072266,5.915040969848633,6.731081962585449,8.305424690246582,0.4099823534488678,0.42925816774368286,0.5013623237609863,0.5885053873062134,0.2576485276222229,0.42670363187789917,0.498798131942749,0.2514472007751465,0.2474997639656067,0.4886177182197571,10.259163856506348,8.359573364257812,10.826244354248047,9.529841423034668,11.657353401184082,13.018019676208496,11.31777572631836,8.066058158874512,8.821231842041016,10.736376762390137
31,6014,,,,,,,,,,,,,,,,,,,,,,,,,,,,,,,,,,,,,,,,,0.2225826531648636,0.47509703040122986,0.147854283452034,0.11136685311794281,0.10474283248186111,0.23713485896587372,0.2582651376724243,0.29754021763801575,0.10749991983175278,0.2637427747249603,5.038790225982666,5.9177374839782715,4.254082202911377,4.037978172302246,3.866617441177368,6.423421382904053,6.5303850173950195,5.876508712768555,3.423712730407715,5.018674373626709,,,,,,,,,,,6.2965087890625,7.630506992340088,5.540240287780762,4.639090538024902,4.630861282348633,7.891754627227783,8.31579303741455,6.433267116546631,3.7638072967529297,7.8232550621032715,,,,,,,,,,,,,,,,,,,,,,,,,,,,,,,,,,,,,,,,
31,6019,,,,,,,,,,,,,,,,,,,,,,,,,,,,,,,,,,,,,,,,,0.23099003732204437,0.36066222190856934,0.24814867973327637,0.0927732065320015,0.24856755137443542,0.17381194233894348,0.15701137483119965,0.2076950967311859,0.21103329956531525,0.3792071044445038,4.9205474853515625,4.812126159667969,5.1661906242370605,3.001444101333618,4.684835433959961,4.485635280609131,4.887117385864258,5.082263469696045,5.037423610687256,7.127893447875977,,,,,,,,,,,6.495903968811035,6.6483306884765625,7.177408218383789,4.234148979187012,7.133815765380859,6.756405353546143,6.483900547027588,5.374917984008789,5.27349853515625,9.380704879760742,,,,,,,,,,,,,,,,,,,,,,,,,,,,,,,,,,,,,,,,
31,6024,,,,,,,,,,,,,,,,,,,,,,,,,,,,,,,,,,,,,,,,,0.3874957263469696,0.3063758611679077,0.5432437658309937,0.31703776121139526,0.1734934151172638,0.4122885465621948,0.6220557689666748,0.4537052810192108,0.1748269498348236,0.48443421721458435,6.730300426483154,4.886361598968506,7.65030574798584,6.653268814086914,4.58018159866333,8.684037208557129,9.302848815917969,6.791281223297119,3.7262656688690186,8.2981538772583,,,,,,,,,,,8.576963424682617,6.127588272094727,10.619621276855469,7.827270984649658,5.959929943084717,10.405824661254883,12.905816078186035,7.944117069244385,4.799847602844238,10.602654457092285,,,,,,,,,,,,,,,,,,,,,,,,,,,,,,,,,,,,,,,,
31,6029,,,,,,,,,,,,,,,,,,,,,,,,,,,,,,,,,,,,,,,,,0.26241031289100647,0.31379616260528564,0.18873372673988342,0.07646512985229492,0.2932063043117523,0.32120344042778015,0.1620682179927826,0.3705427348613739,0.3652244806289673,0.27045273780822754,5.56603479385376,4.87196683883667,5.008219242095947,3.2190439701080322,6.143111705780029,6.323404312133789,5.47837495803833,6.5347161293029785,6.033060073852539,6.482417583465576,,,,,,,,,,,6.8737616539001465,6.201347351074219,6.259453773498535,3.8440284729003906,7.747940540313721,9.184720993041992,6.587486267089844,7.179230213165283,6.937503337860107,7.922146320343018,,,,,,,,,,,,,,,,,,,,,,,,,,,,,,,,,,,,,,,,
31,6034,,,,,,,,,,,,,,,,,,,,,,,,,,,,,,,,,,,,,,,,,0.29578983783721924,0.3667784035205841,0.1881815493106842,0.11188739538192749,0.616173267364502,0.3673030734062195,0.15478287637233734,0.3056776225566864,0.1550716608762741,0.3962525725364685,5.925388813018799,4.900548458099365,5.091941833496094,4.009580612182617,9.565601348876953,8.07339859008789,5.193408489227295,5.687694549560547,3.2695693969726562,7.536754131317139,,,,,,,,,,,7.302929401397705,6.704464912414551,6.250289440155029,4.649919033050537,11.231842994689941,9.821732521057129,6.437722682952881,6.5206451416015625,4.52053165435791,9.589219093322754,,,,,,,,,,,,,,,,,,,,,,,,,,,,,,,,,,,,,,,,
31,6039,,,,,,,,,,,,,,,,,,,,,,,,,,,,,,,,,,,,,,,,,0.3232278823852539,0.7286104559898376,0.11868906021118164,0.12134692072868347,0.24395684897899628,0.5296326875686646,0.4793013632297516,0.18815878033638,0.16374380886554718,0.3356110155582428,5.926687240600586,6.5617523193359375,4.467950820922852,3.445237398147583,5.723665714263916,8.272149085998535,9.485142707824707,4.102297306060791,3.9128241539001465,7.3691630363464355,,,,,,,,,,,7.559103965759277,9.44952392578125,4.963830947875977,4.842495441436768,7.067342758178711,11.794057846069336,11.328570365905762,5.115886688232422,4.645214557647705,8.825011253356934,,,,,,,,,,,,,,,,,,,,,,,,,,,,,,,,,,,,,,,,
31,6044,,,,,,,,,,,,,,,,,,,,,,,,,,,,,,,,,,,,,,,,,0.290881484746933,0.3443269729614258,0.3708254396915436,0.12100145220756531,0.23431962728500366,0.3848823606967926,0.2602415680885315,0.20705759525299072,0.19172994792461395,0.503548264503479,5.787426471710205,4.8639092445373535,6.734035015106201,3.6666157245635986,5.4558515548706055,8.817927360534668,6.996188163757324,4.411518573760986,4.015630722045898,7.125164031982422,,,,,,,,,,,7.40405797958374,6.496026992797852,8.77397632598877,4.835597991943359,6.9263434410095215,10.054022789001465,8.347552299499512,5.366662979125977,5.026529788970947,10.809802055358887,,,,,,,,,,,,,,,,,,,,,,,,,,,,,,,,,,,,,,,,
31,6049,,,,,,,,,,,,,,,,,,,,,,,,,,,,,,,,,,,,,,,,,0.5288545489311218,0.22108018398284912,0.609611451625824,0.7107297778129578,0.6192924380302429,0.2568538188934326,0.2922588586807251,0.6825628280639648,1.1624537706375122,0.20484749972820282,7.51322078704834,3.801128387451172,7.861424446105957,8.57726764678955,9.675763130187988,6.482562065124512,6.268340110778809,8.713650703430176,10.77590560913086,5.46294641494751,,,,,,,,,,,9.5010404586792,5.205197334289551,11.249629974365234,11.719447135925293,11.260237693786621,8.213323593139648,8.84615707397461,9.743837356567383,12.37687873840332,6.894654750823975,,,,,,,,,,,,,,,,,,,,,,,,,,,,,,,,,,,,,,,,
31,6054,,,,,,,,,,,,,,,,,,,,,,,,,,,,,,,,,,,,,,,,,0.23298655450344086,0.28714704513549805,0.24501650035381317,0.11925400793552399,0.24680349230766296,0.2681892514228821,0.2867719531059265,0.26172974705696106,0.23389124870300293,0.14807599782943726,5.350977420806885,4.634109973907471,5.547227382659912,3.6966748237609863,5.590887069702148,6.228244304656982,7.4596171379089355,4.788040637969971,5.12139892578125,5.092599868774414,,,,,,,,,,,6.619541645050049,5.932182312011719,7.131967067718506,4.800553798675537,7.108456611633301,8.392600059509277,8.762723922729492,6.033721923828125,5.551754951477051,5.861915588378906,,,,,,,,,,,,,,,,,,,,,,,,,,,,,,,,,,,,,,,,
31,6059,,,,,,,,,,,,,,,,,,,,,,,,,,,,,,,,,,,,,,,,,0.21178746223449707,0.12635257840156555,0.11679407954216003,0.15268905460834503,0.29933419823646545,0.07981815934181213,0.6041900515556335,0.15366990864276886,0.11281903833150864,0.2604200839996338,4.668503761291504,3.5135715007781982,4.038750171661377,4.6436967849731445,5.970191478729248,3.767072916030884,7.842990398406982,2.52877140045166,3.358261823654175,6.35322380065918,,,,,,,,,,,6.185579299926758,3.935086727142334,4.924045562744141,5.431988716125488,7.828486919403076,4.5785369873046875,12.719134330749512,4.623311519622803,3.855800151824951,7.7738189697265625,,,,,,,,,,,,,,,,,,,,,,,,,,,,,,,,,,,,,,,,
31,6064,,,,,,,,,,,,,,,,,,,,,,,,,,,,,,,,,,,,,,,,,0.6218801736831665,0.441305011510849,0.769201934337616,0.06075013801455498,0.8574177026748657,0.6320306658744812,0.5378825068473816,0.6597667932510376,1.1215248107910156,0.5170421600341797,7.905892372131348,5.3808913230896,9.193056106567383,3.066448926925659,9.498557090759277,9.066514015197754,9.066435813903809,7.9912028312683105,10.420045852661133,7.469872951507568,,,,,,,,,,,10.471302032470703,7.354137420654297,12.636646270751953,3.4263248443603516,13.249388694763184,12.883829116821289,12.000919342041016,9.579744338989258,12.157036781311035,10.953682899475098,,,,,,,,,,,,,,,,,,,,,,,,,,,,,,,,,,,,,,,,
31,6069,,,,,,,,,,,,,,,,,,,,,,,,,,,,,,,,,,,,,,,,,0.3541261851787567,0.18777544796466827,0.5393151640892029,0.8059841990470886,0.2576757073402405,0.48944327235221863,0.23475781083106995,0.18173959851264954,0.22993946075439453,0.26050516963005066,6.334408760070801,4.141557693481445,9.198265075683594,8.743332862854004,5.10944128036499,9.194835662841797,6.283823013305664,3.156325101852417,4.754727363586426,6.427368640899658,,,,,,,,,,,8.07726764678955,4.79713249206543,10.58115291595459,12.480101585388184,7.263339996337891,11.337754249572754,7.928313732147217,5.027863502502441,5.5046539306640625,7.775089740753174,,,,,,,,,,,,,,,,,,,,,,,,,,,,,,,,,,,,,,,,
31,6074,,,,,,,,,,,,,,,,,,,,,,,,,,,,,,,,,,,,,,,,,0.2478797435760498,0.16001449525356293,0.1168321967124939,0.13138487935066223,0.3229602575302124,0.540278971195221,0.16165071725845337,0.46807584166526794,0.16201503574848175,0.16770529747009277,5.200453281402588,3.4858734607696533,4.502866268157959,3.8696324825286865,6.014595985412598,9.137864112854004,4.973248481750488,6.29306173324585,3.6069748401641846,4.919959545135498,,,,,,,,,,,6.6602783203125,4.428350448608398,4.924849033355713,5.0388054847717285,8.131566047668457,11.912004470825195,6.578995704650879,8.068946838378906,4.620627403259277,6.238361835479736,,,,,,,,,,,,,,,,,,,,,,,,,,,,,,,,,,,,,,,,
31,6079,,,,,,,,,,,,,,,,,,,,,,,,,,,,,,,,,,,,,,,,,0.3209044933319092,0.8055952191352844,0.14532823860645294,0.10967393219470978,0.38502150774002075,0.4405868947505951,0.3448176085948944,0.22404605150222778,0.21263103187084198,0.22043997049331665,5.83835506439209,6.9355082511901855,3.968993663787842,3.5039215087890625,6.876426696777344,8.224777221679688,8.55884075164795,4.433323860168457,4.933834552764893,5.10957145690918,,,,,,,,,,,7.478339195251465,9.936209678649902,5.492709636688232,4.603695392608643,8.878551483154297,10.757012367248535,9.608719825744629,5.58248233795166,5.293423175811768,7.152245044708252,,,,,,,,,,,,,,,,,,,,,,,,,,,,,,,,,,,,,,,,
31,6084,,,,,,,,,,,,,,,,,,,,,,,,,,,,,,,,,,,,,,,,,1.2307382822036743,0.586513876914978,1.172279953956604,2.806034564971924,0.9590293169021606,0.5524643659591675,0.7376004457473755,1.029247760772705,2.857010841369629,0.3764630854129791,10.518446922302246,6.649120330810547,11.458335876464844,18.69481658935547,9.114697456359863,7.9769415855407715,8.355335235595703,8.549756050109863,17.994550704956055,5.872469425201416,,,,,,,,,,,14.243491172790527,8.478156089782715,15.600098609924316,23.286348342895508,14.01249885559082,12.045589447021484,14.053398132324219,11.965166091918945,19.40346336364746,9.346702575683594,,,,,,,,,,,,,,,,,,,,,,,,,,,,,,,,,,,,,,,,
31,6089,,,,,,,,,,,,,,,,,,,,,,,,,,,,,,,,,,,,,,,,,0.34393396973609924,0.5221249461174011,0.36427435278892517,0.21734759211540222,0.10922619700431824,0.16204634308815002,0.1009175032377243,0.7292559146881104,0.7474687099456787,0.14274413883686066,5.625962257385254,5.867829322814941,6.523268699645996,5.246128559112549,3.53143310546875,5.953092575073242,3.4763710498809814,7.469525337219238,8.439132690429688,4.126875400543213,,,,,,,,,,,7.26431941986084,7.9992547035217285,8.696128845214844,6.480855941772461,4.7289323806762695,6.523722171783447,5.198212623596191,10.071605682373047,9.924755096435547,5.755411148071289,,,,,,,,,,,,,,,,,,,,,,,,,,,,,,,,,,,,,,,,
31,6094,,,,,,,,,,,,,,,,,,,,,,,,,,,,,,,,,,,,,,,,,0.3645711839199066,0.6310194134712219,0.14603519439697266,0.6459839940071106,0.2824626564979553,0.42362117767333984,0.3273419141769409,0.22780075669288635,0.3877737522125244,0.20910172164440155,6.288513660430908,5.741153717041016,3.9841270446777344,8.991317749023438,6.270786762237549,8.934375762939453,7.353442192077637,3.61104679107666,6.01446008682251,5.695913314819336,,,,,,,,,,,8.08121109008789,8.793943405151367,5.506053447723389,11.172896385192871,7.604665756225586,10.547867774963379,9.36206340789795,5.629065036773682,7.1484599113464355,6.965880393981934,,,,,,,,,,,,,,,,,,,,,,,,,,,,,,,,,,,,,,,,
31,6099,,,,,,,,,,,,,,,,,,,,,,,,,,,,,,,,,,,,,,,,,0.22891511023044586,0.14686749875545502,0.17451390624046326,0.16505637764930725,0.07003442198038101,0.4053691625595093,0.41107016801834106,0.20097242295742035,0.159695565700531,0.3266564607620239,5.233557224273682,3.3068978786468506,4.52423095703125,5.019824981689453,3.127200126647949,7.922664642333984,7.739272117614746,3.7418413162231445,4.273462772369385,7.446617603302002,,,,,,,,,,,6.565162658691406,4.242531776428223,6.019032001495361,5.6476922035217285,3.786652088165283,10.318134307861328,10.491287231445312,5.287215232849121,4.587432861328125,8.7064847946167,,,,,,,,,,,,,,,,,,,,,,,,,,,,,,,,,,,,,,,,
31,6104,,,,,,,,,,,,,,,,,,,,,,,,,,,,,,,,,,,,,,,,,0.25166934728622437,0.29754769802093506,0.055563151836395264,0.34496012330055237,0.30591702461242676,0.376979798078537,0.19667799770832062,0.15468095242977142,0.15767836570739746,0.3750191628932953,5.277151584625244,4.628732204437256,3.051879405975342,5.667097091674805,5.398827075958252,8.24898624420166,6.3925957679748535,3.5690784454345703,3.897747039794922,6.639415740966797,,,,,,,,,,,6.805165767669678,6.038659572601318,3.3962926864624023,8.16468334197998,7.914099216461182,9.950270652770996,7.256858825683594,4.638495922088623,4.558367729187012,9.328761100769043,,,,,,,,,,,,,,,,,,,,,,,,,,,,,,,,,,,,,,,,
31,6109,,,,,,,,,,,,,,,,,,,,,,,,,,,,,,,,,,,,,,,,,0.4875512719154358,0.2885349690914154,0.7486213445663452,0.6313672065734863,0.30653804540634155,0.3364924192428589,0.2449675053358078,0.8682328462600708,0.7228695750236511,0.2403377890586853,6.900801181793213,4.449853420257568,8.131053924560547,8.172820091247559,5.768727779388428,7.297701835632324,6.457236289978027,7.2425665855407715,8.093291282653809,6.49395751953125,,,,,,,,,,,9.233123779296875,5.946500778198242,12.466448783874512,11.045766830444336,7.922127723693848,9.400772094726562,8.098880767822266,10.989472389221191,9.760077476501465,7.468067169189453,,,,,,,,,,,,,,,,,,,,,,,,,,,,,,,,,,,,,,,,
31,6114,,,,,,,,,,,,,,,,,,,,,,,,,,,,,,,,,,,,,,,,,0.37492841482162476,0.277967631816864,0.253856360912323,0.5260335206985474,0.2455121874809265,0.44381582736968994,0.3912557363510132,0.1794348657131195,0.3596138060092926,0.6968658566474915,6.694263935089111,4.741227149963379,5.086559772491455,9.344810485839844,5.5098795890808105,8.120060920715332,7.089011192321777,4.184366226196289,6.2859697341918945,9.88648796081543,,,,,,,,,,,8.432937622070312,5.836592674255371,7.259483337402344,10.082345962524414,7.089836597442627,10.796358108520508,10.235313415527344,4.995882034301758,6.884009838104248,12.716622352600098,,,,,,,,,,,,,,,,,,,,,,,,,,,,,,,,,,,,,,,,
31,6119,,,,,,,,,,,,,,,,,,,,,,,,,,,,,,,,,,,,,,,,,0.28909698128700256,0.36295086145401,0.14619308710098267,0.39842361211776733,0.2694055438041687,0.27457618713378906,0.2566985785961151,0.2801247239112854,0.2555825710296631,0.3579173982143402,5.902641296386719,4.89137601852417,4.786416530609131,6.895847320556641,5.7894816398620605,6.330266952514648,7.179635047912598,5.072247505187988,4.51157808303833,7.6669230461120605,,,,,,,,,,,7.369059085845947,6.669390678405762,5.509028434753418,8.774601936340332,7.426820755004883,8.491947174072266,8.290534019470215,6.242153167724609,5.80348539352417,9.113571166992188,,,,,,,,,,,,,,,,,,,,,,,,,,,,,,,,,,,,,,,,
31,6124,,,,,,,,,,,,,,,,,,,,,,,,,,,,,,,,,,,,,,,,,0.419201523065567,0.7409958243370056,0.39230045676231384,0.43966779112815857,0.461125910282135,0.44954726099967957,0.15620923042297363,0.11836278438568115,0.6655926704406738,0.34901151061058044,6.513238906860352,6.524153232574463,6.378608226776123,7.184175491333008,7.521247863769531,7.603056907653809,5.475690841674805,3.365072727203369,8.262962341308594,6.30418062210083,,,,,,,,,,,8.582630157470703,9.529500961303711,9.024456024169922,9.217586517333984,9.716489791870117,10.865845680236816,6.467316627502441,4.057572841644287,9.365426063537598,8.999473571777344,,,,,,,,,,,,,,,,,,,,,,,,,,,,,,,,,,,,,,,,
31,6129,,,,,,,,,,,,,,,,,,,,,,,,,,,,,,,,,,,,,,,,,0.33132123947143555,0.40533190965652466,0.23788046836853027,0.09392352402210236,0.4659196734428406,0.5247112512588501,0.4706164300441742,0.3405166566371918,0.14593946933746338,0.29705166816711426,6.135544776916504,5.087594985961914,4.916321754455566,3.8343615531921387,7.023187637329102,9.7352933883667,8.974528312683105,5.032650947570801,3.8044533729553223,6.8115081787109375,,,,,,,,,,,7.848594665527344,7.048028945922852,7.027341365814209,4.260318756103516,9.766864776611328,11.739134788513184,11.225464820861816,6.8822102546691895,4.38540506362915,8.302582740783691,,,,,,,,,,,,,,,,,,,,,,,,,,,,,,,,,,,,,,,,
31,6134,,,,,,,,,,,,,,,,,,,,,,,,,,,,,,,,,,,,,,,,,0.26550331711769104,0.33347824215888977,0.15248864889144897,0.15671099722385406,0.13546673953533173,0.24016311764717102,0.09212170541286469,0.5082113146781921,0.4042641818523407,0.3666248321533203,5.29435396194458,5.389204025268555,4.120200157165527,4.685552597045898,4.259222507476807,6.1388139724731445,3.722027540206909,5.45488977432251,6.905995845794678,6.973280906677246,,,,,,,,,,,6.736407279968262,6.392872333526611,5.626397609710693,5.5030646324157715,5.2664265632629395,7.941983699798584,4.966514587402344,8.407771110534668,7.298874855041504,9.223762512207031,,,,,,,,,,,,,,,,,,,,,,,,,,,,,,,,,,,,,,,,
31,6139,,,,,,,,,,,,,,,,,,,,,,,,,,,,,,,,,,,,,,,,,0.3856934607028961,0.18300320208072662,0.5969963073730469,0.44812262058258057,0.2847312092781067,0.36063629388809204,0.5086072683334351,0.4804162383079529,0.23592188954353333,0.3728061318397522,6.281054973602295,3.410909652709961,9.4407958984375,5.508712291717529,6.578787326812744,6.884357929229736,7.6023335456848145,6.030274868011475,4.085522651672363,6.987799167633057,,,,,,,,,,,8.58476734161377,4.735780715942383,11.132622718811035,9.305791854858398,7.635142803192139,9.732190132141113,11.669764518737793,8.174620628356934,5.575802803039551,9.30119514465332,,,,,,,,,,,,,,,,,,,,,,,,,,,,,,,,,,,,,,,,
31,6144,,,,,,,,,,,,,,,,,,,,,,,,,,,,,,,,,,,,,,,,,0.3513621389865875,0.3946872651576996,0.147806778550148,0.26268431544303894,0.2824283242225647,0.28271961212158203,0.263011634349823,1.0224664211273193,0.12159108370542526,0.38486361503601074,6.193025588989258,5.17958927154541,4.819948673248291,5.72404146194458,6.108071804046631,7.031081199645996,6.661137580871582,9.951887130737305,3.102440595626831,7.159029960632324,,,,,,,,,,,7.734556674957275,6.954867362976074,5.5393500328063965,7.124788284301758,7.6042046546936035,8.616954803466797,8.391860961914062,11.925682067871094,4.002894401550293,9.450408935546875,,,,,,,,,,,,,,,,,,,,,,,,,,,,,,,,,,,,,,,,
31,6149,,,,,,,,,,,,,,,,,,,,,,,,,,,,,,,,,,,,,,,,,0.23432190716266632,0.27520129084587097,0.1866893470287323,0.32021933794021606,0.4786660969257355,0.23410317301750183,0.2604611814022064,0.08499085903167725,0.06454687565565109,0.20401909947395325,5.04830265045166,4.17465353012085,4.835020542144775,6.2484846115112305,7.550320625305176,5.590318202972412,6.619086742401123,2.873972177505493,2.246582269668579,5.29628324508667,,,,,,,,,,,6.580740928649902,5.8074774742126465,6.225459575653076,7.866447448730469,9.89956283569336,7.8411455154418945,8.351072311401367,3.4383087158203125,2.9164929389953613,6.88070011138916,,,,,,,,,,,,,,,,,,,,,,,,,,,,,,,,,,,,,,,,
31,6154,,,,,,,,,,,,,,,,,,,,,,,,,,,,,,,,,,,,,,,,,0.5507238507270813,0.27218207716941833,0.7585664391517639,0.6816578507423401,0.3220268487930298,0.6769096851348877,0.31780409812927246,1.076930284500122,0.5100693106651306,0.3403681814670563,8.481569290161133,5.3206467628479,12.037221908569336,7.660675048828125,6.579887390136719,11.5510892868042,7.6331048011779785,11.38397216796875,7.2846903800964355,6.8828325271606445,,,,,,,,,,,9.978303909301758,5.775533199310303,12.548980712890625,11.477256774902344,8.119806289672852,13.333409309387207,9.224663734436035,12.239185333251953,8.198566436767578,8.887337684631348,,,,,,,,,,,,,,,,,,,,,,,,,,,,,,,,,,,,,,,,
31,6159,,,,,,,,,,,,,,,,,,,,,,,,,,,,,,,,,,,,,,,,,0.32207193970680237,0.5112366676330566,0.1309405118227005,0.3624710440635681,0.12233734875917435,0.34930679202079773,0.4314616918563843,0.2185390293598175,0.34858447313308716,0.42376962304115295,5.886619567871094,5.710907936096191,4.05696964263916,6.400470733642578,4.545817852020264,7.456948280334473,7.064717769622803,3.7733442783355713,5.872330188751221,8.098069190979004,,,,,,,,,,,7.670812129974365,7.915407180786133,5.213731288909912,8.369346618652344,5.00471305847168,9.57810115814209,10.748353004455566,5.513447284698486,6.777621269226074,9.916584968566895,,,,,,,,,,,,,,,,,,,,,,,,,,,,,,,,,,,,,,,,
31,6164,,,,,,,,,,,,,,,,,,,,,,,,,,,,,,,,,,,,,,,,,0.3980277180671692,0.3657744824886322,0.5764335989952087,0.5284301042556763,0.4692220687866211,0.21575035154819489,0.39289769530296326,0.20575661957263947,0.3164706230163574,0.511513888835907,6.84691858291626,5.571537971496582,9.292634963989258,8.289725303649902,6.657849311828613,6.09984827041626,7.090322017669678,4.589158058166504,5.810600280761719,8.22059154510498,,,,,,,,,,,8.66978931427002,6.695283889770508,10.939218521118164,10.105286598205566,9.801417350769043,7.527514457702637,10.256767272949219,5.349776268005371,6.457880020141602,10.894966125488281,,,,,,,,,,,,,,,,,,,,,,,,,,,,,,,,,,,,,,,,
31,6169,,,,,,,,,,,,,,,,,,,,,,,,,,,,,,,,,,,,,,,,,0.3167082369327545,0.5992568135261536,0.6026620864868164,0.13966690003871918,0.415368914604187,0.2034287452697754,0.17783430218696594,0.19783248007297516,0.05430542677640915,0.4600182771682739,6.296482086181641,7.90813684463501,9.764693260192871,4.506371974945068,7.6700119972229,6.257472038269043,5.302251815795898,4.783905982971191,2.2795863151550293,8.19591236114502,,,,,,,,,,,7.403872966766357,8.569762229919434,11.185323715209961,5.195192337036133,9.221818923950195,7.3094048500061035,6.900468349456787,5.245748519897461,2.6751301288604736,10.332008361816406,,,,,,,,,,,,,,,,,,,,,,,,,,,,,,,,,,,,,,,,
31,6174,,,,,,,,,,,,,,,,,,,,,,,,,,,,,,,,,,,,,,,,,0.32787927985191345,0.2150401473045349,0.3922269344329834,0.27462905645370483,0.2100508213043213,0.27099665999412537,0.3208656311035156,0.6078860759735107,0.31510573625564575,0.34411218762397766,6.142781734466553,3.9708287715911865,6.652614593505859,6.402973651885986,5.615031719207764,6.921928882598877,6.88169527053833,6.624887943267822,5.731490135192871,6.483587265014648,,,,,,,,,,,7.80898380279541,5.13360071182251,9.023611068725586,7.284976005554199,6.55785608291626,8.436412811279297,9.268989562988281,9.195383071899414,6.443939208984375,8.936083793640137,,,,,,,,,,,,,,,,,,,,,,,,,,,,,,,,,,,,,,,,
31,6179,,,,,,,,,,,,,,,,,,,,,,,,,,,,,,,,,,,,,,,,,0.232774019241333,0.23516076803207397,0.13879135251045227,0.19460754096508026,0.3802017569541931,0.1905069202184677,0.176375612616539,0.1965048760175705,0.23858438432216644,0.344232976436615,5.414729118347168,4.41700553894043,4.493102550506592,5.810155391693115,6.776889324188232,4.9622087478637695,5.73992919921875,4.285129070281982,4.901515007019043,7.346627712249756,,,,,,,,,,,6.601102828979492,5.3683977127075195,5.367757320404053,6.132460117340088,8.822805404663086,7.073448181152344,6.872109413146973,5.228118419647217,5.607177257537842,8.937651634216309,,,,,,,,,,,,,,,,,,,,,,,,,,,,,,,,,,,,,,,,
31,6184,,,,,,,,,,,,,,,,,,,,,,,,,,,,,,,,,,,,,,,,,0.3430657684803009,0.3468290865421295,0.24925555288791656,0.2062632143497467,0.4115065932273865,0.47236335277557373,0.3592537045478821,0.23211945593357086,0.09336444735527039,0.7166364192962646,6.597807884216309,5.492632865905762,4.802851676940918,5.560135841369629,7.535377025604248,9.266942977905273,8.108307838439941,4.386378288269043,2.816636800765991,11.411009788513184,,,,,,,,,,,8.026310920715332,6.519586086273193,7.1933979988098145,6.313436031341553,9.17884635925293,11.13817310333252,9.807795524597168,5.682173252105713,3.50763201713562,12.895751953125,,,,,,,,,,,,,,,,,,,,,,,,,,,,,,,,,,,,,,,,
31,6189,,,,,,,,,,,,,,,,,,,,,,,,,,,,,,,,,,,,,,,,,0.8722056150436401,1.2525520324707031,0.31775742769241333,0.7440235018730164,0.8291894793510437,1.0085152387619019,0.5960819721221924,0.8993048071861267,1.887211561203003,0.31521448493003845,10.376684188842773,9.444315910339355,8.099369049072266,11.667057991027832,9.825074195861816,12.989904403686523,10.479761123657227,9.304021835327148,15.084820747375488,6.4958343505859375,,,,,,,,,,,12.216371536254883,12.389681816101074,8.121935844421387,11.990801811218262,13.029463768005371,16.27485466003418,12.633502960205078,11.184388160705566,15.770069122314453,8.552641868591309,,,,,,,,,,,,,,,,,,,,,,,,,,,,,,,,,,,,,,,,
31,6194,,,,,,,,,,,,,,,,,,,,,,,,,,,,,,,,,,,,,,,,,0.3776879906654358,0.18872980773448944,0.4702059030532837,0.25126758217811584,0.5078089833259583,0.7965118288993835,0.7184791564941406,0.1858232468366623,0.10996915400028229,0.17039594054222107,6.5858073234558105,4.458620071411133,8.424345970153809,5.037411689758301,7.364704608917236,10.923619270324707,10.461431503295898,4.088586807250977,3.3741567134857178,5.1393866539001465,,,,,,,,,,,8.37405776977539,4.809307098388672,9.879971504211426,6.968239784240723,10.1964693069458,14.463451385498047,13.87004566192627,5.0840373039245605,3.806788206100464,6.288207054138184,,,,,,,,,,,,,,,,,,,,,,,,,,,,,,,,,,,,,,,,
31,6199,,,,,,,,,,,,,,,,,,,,,,,,,,,,,,,,,,,,,,,,,0.2954062223434448,0.2192983478307724,0.13668400049209595,0.20925122499465942,0.573092520236969,0.997742772102356,0.1340445876121521,0.13261739909648895,0.05286585912108421,0.20305922627449036,5.35963249206543,4.199139595031738,4.292145729064941,4.915014743804932,7.381266117095947,12.015233039855957,4.632254123687744,3.180182456970215,2.232466220855713,5.388986587524414,,,,,,,,,,,7.075516700744629,5.184178352355957,5.326849937438965,6.359001159667969,10.832084655761719,16.187700271606445,5.990946292877197,4.294958591461182,2.639434814453125,6.864494323730469,,,,,,,,,,,,,,,,,,,,,,,,,,,,,,,,,,,,,,,,
31,6204,,,,,,,,,,,,,,,,,,,,,,,,,,,,,,,,,,,,,,,,,0.4692699611186981,0.41365623474121094,0.7246515154838562,0.3256826400756836,0.5439386367797852,0.7570874691009521,0.5890682935714722,0.3363446593284607,0.28526875376701355,0.24773168563842773,7.727991580963135,6.006632328033447,10.193926811218262,6.800321102142334,8.646109580993652,11.707743644714355,9.802453994750977,5.492249965667725,5.690304756164551,5.212179660797119,,,,,,,,,,,9.453855514526367,7.120034217834473,12.265246391296387,7.933269023895264,10.552967071533203,14.100966453552246,12.558959007263184,6.839919090270996,6.1312689781188965,7.582073211669922,,,,,,,,,,,,,,,,,,,,,,,,,,,,,,,,,,,,,,,,
31,6207,,,,,,,,,,,,,,,,,,,,,,,,,,,,,,,,,,,,,,,,,,,,,,,,,,,6.2156662940979,5.057631015777588,6.0890727043151855,5.961688041687012,6.381260395050049,7.840956211090088,6.913000583648682,5.339959621429443,5.386080741882324,6.971347332000732,0.6219753623008728,0.6159281730651855,0.6868233680725098,0.6795358061790466,0.6318671703338623,0.5341600179672241,0.6040349006652832,0.6419899463653564,0.6166647672653198,0.5867741107940674,8.19981861114502,6.68443489074707,7.940158367156982,7.838133335113525,8.513289451599121,10.416062355041504,9.278794288635254,6.971707344055176,7.020257949829102,9.135527610778809,0.6944851279258728,0.8271712064743042,0.6912132501602173,0.4072116017341614,0.8619840741157532,0.8216124773025513,0.5693556070327759,0.7627423405647278,0.733761191368103,0.5753139853477478,8.574836730957031,7.2646002769470215,8.607372283935547,6.365818023681641,10.472149848937988,10.874610900878906,9.272314071655273,7.563565254211426,7.937180995941162,8.81591796875,0.20736707746982574,0.12432265281677246,0.40386801958084106,0.5657850503921509,-0.04587149620056152,0.24712258577346802,0.4157733917236328,-0.27378809452056885,-0.01026618480682373,0.4393576383590698,11.660038948059082,10.354671478271484,11.837404251098633,9.789398193359375,13.83675765991211,14.918235778808594,12.219274520874023,10.52200984954834,10.221010208129883,11.241593360900879
32,6209,,,,,,,,,,,,,,,,,,,,,,,,,,,,,,,,,,,,,,,,,0.39854559302330017,0.16732652485370636,0.30437594652175903,0.20864148437976837,0.5883515477180481,0.47500720620155334,0.27371013164520264,0.19640330970287323,0.3808409571647644,0.9922530651092529,6.596583366394043,3.7581393718719482,7.026068687438965,5.585973739624023,9.053890228271484,7.893540859222412,7.443730354309082,3.828845262527466,5.446096897125244,9.332966804504395,,,,,,,,,,,8.557558059692383,4.528398513793945,7.9490790367126465,6.349729537963867,10.975343704223633,11.169300079345703,8.560836791992188,5.226767063140869,7.084270477294922,15.174291610717773,,,,,,,,,,,,,,,,,,,,,,,,,,,,,,,,,,,,,,,,
32,6214,,,,,,,,,,,,,,,,,,,,,,,,,,,,,,,,,,,,,,,,,0.2702275812625885,0.38151589035987854,0.3357417583465576,0.2481161504983902,0.4010990262031555,0.1595163345336914,0.5021565556526184,0.18548628687858582,0.035334262996912,0.18308180570602417,5.580132007598877,6.19964599609375,6.2260212898254395,6.120389461517334,7.114141941070557,5.285558223724365,8.50306224822998,3.747706651687622,1.6477508544921875,5.37691068649292,,,,,,,,,,,6.999594688415527,6.837834358215332,8.348612785339355,6.924403667449951,9.062029838562012,6.472594738006592,11.5955228805542,5.07942533493042,2.1578500270843506,6.5180816650390625,,,,,,,,,,,,,,,,,,,,,,,,,,,,,,,,,,,,,,,,
32,6219,,,,,,,,,,,,,,,,,,,,,,,,,,,,,,,,,,,,,,,,,0.2681444585323334,0.19434307515621185,0.06866466999053955,0.09827539324760437,0.48575833439826965,0.2663012146949768,0.39520031213760376,0.3992372751235962,0.24442872405052185,0.2610911726951599,5.666426658630371,4.179236888885498,3.1838743686676025,3.5721163749694824,8.050683975219727,7.047943115234375,8.442428588867188,5.954808712005615,4.247256755828857,6.319491386413574,,,,,,,,,,,6.949716567993164,4.880303382873535,3.775533437728882,4.357900142669678,9.972631454467773,8.363005638122559,10.28678035736084,7.452024459838867,5.675437927246094,7.783829689025879,,,,,,,,,,,,,,,,,,,,,,,,,,,,,,,,,,,,,,,,
32,6224,,,,,,,,,,,,,,,,,,,,,,,,,,,,,,,,,,,,,,,,,0.27231162786483765,0.4290061593055725,0.1955031305551529,0.17309671640396118,0.4365840554237366,0.37948206067085266,0.2053060680627823,0.11812188476324081,0.2410496324300766,0.27265483140945435,5.197892665863037,5.195219993591309,4.374438762664795,4.15827751159668,7.212117671966553,6.857594013214111,4.700958251953125,3.515902519226074,4.524551868438721,6.241974353790283,,,,,,,,,,,7.100119113922119,7.2509355545043945,6.370719909667969,5.783613681793213,9.454391479492188,9.983240127563477,7.41432523727417,4.053441524505615,5.636071681976318,7.954333782196045,,,,,,,,,,,,,,,,,,,,,,,,,,,,,,,,,,,,,,,,
32,6229,,,,,,,,,,,,,,,,,,,,,,,,,,,,,,,,,,,,,,,,,0.40801286697387695,0.2859673798084259,0.4644341468811035,0.4747176766395569,0.43770280480384827,0.6537330746650696,0.29067090153694153,0.5688538551330566,0.16810953617095947,0.327926367521286,6.933248996734619,4.698410987854004,7.174488544464111,7.735344886779785,7.523159980773926,10.172992706298828,7.325749397277832,7.974669456481934,3.5350735187530518,6.259350776672363,,,,,,,,,,,8.781580924987793,5.919983863830566,9.819146156311035,9.577950477600098,9.466497421264648,13.103161811828613,8.822092056274414,8.895269393920898,4.706731796264648,8.723390579223633,,,,,,,,,,,,,,,,,,,,,,,,,,,,,,,,,,,,,,,,
32,6234,,,,,,,,,,,,,,,,,,,,,,,,,,,,,,,,,,,,,,,,,0.39811697602272034,0.4416329860687256,0.42175301909446716,0.4338078498840332,0.5279342532157898,0.3343876600265503,0.48818841576576233,0.4399782121181488,0.38678213953971863,0.10858836024999619,6.801299571990967,6.5077314376831055,6.613929748535156,7.03761100769043,9.200334548950195,8.363677024841309,8.603293418884277,5.428754806518555,5.400845527648926,4.055518627166748,,,,,,,,,,,8.56145191192627,7.356868743896484,9.357089042663574,9.155954360961914,10.396557807922363,9.37132453918457,11.433114051818848,7.823017597198486,7.139313697814941,5.019827842712402,,,,,,,,,,,,,,,,,,,,,,,,,,,,,,,,,,,,,,,,
32,6239,,,,,,,,,,,,,,,,,,,,,,,,,,,,,,,,,,,,,,,,,0.22805823385715485,0.13850978016853333,0.12463350594043732,0.32478323578834534,0.3344230353832245,0.33633530139923096,0.16860632598400116,0.20307870209217072,0.1512870490550995,0.27086710929870605,5.18215799331665,2.8055710792541504,4.051746368408203,6.450991630554199,6.137740135192871,7.866300106048584,4.9083757400512695,4.92757511138916,3.875086545944214,5.616030693054199,,,,,,,,,,,6.581034183502197,4.120049953460693,5.0866169929504395,7.922307014465332,8.274614334106445,9.398576736450195,6.719048500061035,5.314848899841309,4.465027809143066,7.928214073181152,,,,,,,,,,,,,,,,,,,,,,,,,,,,,,,,,,,,,,,,
32,6244,,,,,,,,,,,,,,,,,,,,,,,,,,,,,,,,,,,,,,,,,0.3841613233089447,0.3106069564819336,0.6500459313392639,0.4587079584598541,0.19678644835948944,0.3630308210849762,0.1185661107301712,0.6672676801681519,0.23701442778110504,0.4554254412651062,6.525578498840332,5.053966045379639,8.960562705993652,7.503885746002197,4.860293865203857,7.69353723526001,4.781196117401123,8.419378280639648,4.6143388748168945,6.843048095703125,,,,,,,,,,,8.272321701049805,6.169754505157471,11.616724967956543,9.415059089660645,6.3474202156066895,9.764446258544922,5.634444236755371,9.63404655456543,5.588698387145996,10.280302047729492,,,,,,,,,,,,,,,,,,,,,,,,,,,,,,,,,,,,,,,,
32,6249,,,,,,,,,,,,,,,,,,,,,,,,,,,,,,,,,,,,,,,,,0.6423824429512024,0.4109230041503906,0.7872194647789001,0.7245945930480957,0.8020480275154114,0.6601542234420776,0.7071307301521301,0.49616560339927673,0.5437105298042297,0.6494954824447632,7.814180374145508,5.867901802062988,9.013059616088867,8.192233085632324,8.339210510253906,8.855321884155273,8.608428955078125,5.319604396820068,7.35397481918335,8.777886390686035,,,,,,,,,,,11.167142868041992,7.096472263336182,12.783787727355957,11.833206176757812,12.814447402954102,13.167356491088867,13.760068893432617,8.30753231048584,8.464613914489746,12.276803016662598,,,,,,,,,,,,,,,,,,,,,,,,,,,,,,,,,,,,,,,,
32,6254,,,,,,,,,,,,,,,,,,,,,,,,,,,,,,,,,,,,,,,,,0.3075556457042694,0.35137590765953064,0.2263975888490677,0.1862608641386032,0.7816194891929626,0.27262139320373535,0.2842668890953064,0.20278124511241913,0.1122029647231102,0.35047447681427,6.222170352935791,4.789968967437744,4.936612129211426,5.395277500152588,9.565980911254883,7.700283527374268,7.844512939453125,5.162013053894043,2.9128482341766357,7.692040920257568,,,,,,,,,,,7.49200963973999,6.56218147277832,6.855632781982422,5.999509334564209,12.650197982788086,8.461665153503418,8.724367141723633,5.310955047607422,3.84525728225708,9.018314361572266,,,,,,,,,,,,,,,,,,,,,,,,,,,,,,,,,,,,,,,,
32,6259,,,,,,,,,,,,,,,,,,,,,,,,,,,,,,,,,,,,,,,,,0.2843421697616577,0.191314235329628,0.4847085177898407,0.12194246053695679,0.10621452331542969,0.38532280921936035,0.15467901527881622,0.07316523790359497,0.5977051854133606,0.44402751326560974,5.507958889007568,3.7208683490753174,7.666470527648926,4.114389896392822,3.7962968349456787,6.983148574829102,4.566755294799805,2.263204336166382,7.374356746673584,9.086138725280762,,,,,,,,,,,7.011360168457031,4.842123985290527,10.03117847442627,4.854363918304443,4.663281440734863,10.059773445129395,6.4355621337890625,3.1901497840881348,8.874967575073242,10.150843620300293,,,,,,,,,,,,,,,,,,,,,,,,,,,,,,,,,,,,,,,,
32,6264,,,,,,,,,,,,,,,,,,,,,,,,,,,,,,,,,,,,,,,,,0.39601999521255493,0.7512778639793396,0.0763988271355629,0.6330997943878174,0.39198458194732666,0.21447424590587616,0.613772988319397,0.2346992939710617,0.13894358277320862,0.5095285773277283,6.499698638916016,6.517176628112793,3.597409725189209,8.790372848510742,6.907342910766602,6.241296291351318,10.340028762817383,5.102377414703369,3.2156968116760254,7.785587787628174,,,,,,,,,,,8.309840202331543,9.595388412475586,3.9824929237365723,11.0609130859375,8.958476066589355,7.50521993637085,12.819605827331543,5.713663101196289,4.279002666473389,10.87380313873291,,,,,,,,,,,,,,,,,,,,,,,,,,,,,,,,,,,,,,,,
32,6269,,,,,,,,,,,,,,,,,,,,,,,,,,,,,,,,,,,,,,,,,0.37933915853500366,0.9866606593132019,0.3328952193260193,0.09059453010559082,0.16610834002494812,0.2848619520664215,0.33841216564178467,0.6566861271858215,0.27192795276641846,0.2859053313732147,6.4607672691345215,8.362299919128418,6.812642574310303,3.128769636154175,4.964437961578369,6.9000139236450195,7.444052696228027,9.134526252746582,5.257116317749023,6.1430439949035645,,,,,,,,,,,7.9091925621032715,10.996289253234863,8.313146591186523,4.184136867523193,5.831702709197998,8.649540901184082,9.519054412841797,9.557353019714355,5.986186504364014,8.145323753356934,,,,,,,,,,,,,,,,,,,,,,,,,,,,,,,,,,,,,,,,
32,6274,,,,,,,,,,,,,,,,,,,,,,,,,,,,,,,,,,,,,,,,,0.21648086607456207,0.20100411772727966,0.24568580090999603,0.15617376565933228,0.09312855452299118,0.1556011140346527,0.20482271909713745,0.42098942399024963,0.13757313787937164,0.3333491086959839,4.968151092529297,4.141795635223389,5.928439140319824,4.901025772094727,2.9471242427825928,5.075091361999512,5.865715026855469,6.5922322273254395,2.830282688140869,6.4316534996032715,,,,,,,,,,,6.274312496185303,4.9632344245910645,7.141700744628906,5.493624210357666,4.366576671600342,6.392669677734375,7.405593395233154,7.652340412139893,4.257847309112549,8.795222282409668,,,,,,,,,,,,,,,,,,,,,,,,,,,,,,,,,,,,,,,,
32,6279,,,,,,,,,,,,,,,,,,,,,,,,,,,,,,,,,,,,,,,,,0.23667870461940765,0.13903899490833282,0.08227163553237915,0.3919109106063843,0.38417601585388184,0.2532208263874054,0.25936201214790344,0.04836414009332657,0.10320784151554108,0.46855589747428894,5.172224521636963,3.4044103622436523,3.6376919746398926,6.74351167678833,7.36061429977417,6.340244770050049,6.123960971832275,2.2982633113861084,2.638519287109375,8.002798080444336,,,,,,,,,,,6.558838844299316,4.127913475036621,4.132726669311523,8.702590942382812,8.86879825592041,8.155030250549316,8.333433151245117,2.5937044620513916,3.687904119491577,10.427444458007812,,,,,,,,,,,,,,,,,,,,,,,,,,,,,,,,,,,,,,,,
32,6284,,,,,,,,,,,,,,,,,,,,,,,,,,,,,,,,,,,,,,,,,0.26934316754341125,0.34099486470222473,0.06333839893341064,0.0635918378829956,0.1527538299560547,0.4391704499721527,0.6542226672172546,0.3483588397502899,0.21744182705879211,0.1442159116268158,5.145519256591797,5.04779577255249,2.6544103622436523,2.9563822746276855,4.287450313568115,8.017674446105957,9.862553596496582,5.252867698669434,4.452396869659424,3.778141736984253,,,,,,,,,,,6.806951522827148,6.4645185470581055,3.626145362854004,3.5055456161499023,5.592367649078369,10.739706993103027,13.2352933883667,6.961008071899414,5.352970123291016,5.785005569458008,,,,,,,,,,,,,,,,,,,,,,,,,,,,,,,,,,,,,,,,
32,6289,,,,,,,,,,,,,,,,,,,,,,,,,,,,,,,,,,,,,,,,,0.23408132791519165,0.12665367126464844,0.13544023036956787,0.027341006323695183,0.4217317998409271,0.26322245597839355,0.27122172713279724,0.23380033671855927,0.2509170174598694,0.3764035999774933,5.020851135253906,3.0174832344055176,4.472263336181641,1.8756208419799805,7.071416854858398,6.261199951171875,6.364511966705322,4.208133697509766,4.3988356590271,7.518195629119873,,,,,,,,,,,6.496489524841309,3.939772844314575,5.302558422088623,2.298593282699585,9.292183876037598,8.314522743225098,8.521833419799805,5.702710151672363,5.750270843505859,9.345963478088379,,,,,,,,,,,,,,,,,,,,,,,,,,,,,,,,,,,,,,,,
32,6294,,,,,,,,,,,,,,,,,,,,,,,,,,,,,,,,,,,,,,,,,0.28851309418678284,0.49936389923095703,0.19110596179962158,0.3090875744819641,0.2299574315547943,0.21744969487190247,0.13800427317619324,0.6385564804077148,0.1364733725786209,0.23661890625953674,5.85799503326416,6.582019805908203,5.413651943206787,6.245336055755615,5.349052429199219,6.456949710845947,4.666743278503418,7.810972690582275,3.64884352684021,6.54838228225708,,,,,,,,,,,7.046994686126709,7.82295560836792,6.298669338226318,7.7285075187683105,6.861567974090576,7.557101726531982,6.078788757324219,9.424501419067383,4.240794658660889,7.41006326675415,,,,,,,,,,,,,,,,,,,,,,,,,,,,,,,,,,,,,,,,
32,6299,,,,,,,,,,,,,,,,,,,,,,,,,,,,,,,,,,,,,,,,,0.32913362979888916,0.5177445411682129,0.29894816875457764,0.08715201169252396,0.48950934410095215,0.3831586241722107,0.3059951961040497,0.19944262504577637,0.18488021194934845,0.49537184834480286,5.82818078994751,5.55678129196167,6.412929534912109,3.1861469745635986,7.176888942718506,7.113652229309082,6.094232082366943,4.523663520812988,3.6927719116210938,8.696558952331543,,,,,,,,,,,7.774027347564697,7.965628623962402,7.8778839111328125,4.103870391845703,10.011061668395996,10.031484603881836,9.051656723022461,5.267053127288818,4.935924530029297,10.721680641174316,,,,,,,,,,,,,,,,,,,,,,,,,,,,,,,,,,,,,,,,
32,6304,,,,,,,,,,,,,,,,,,,,,,,,,,,,,,,,,,,,,,,,,0.2746085226535797,0.265546590089798,0.4646780490875244,0.2543705105781555,0.43087640404701233,0.29222583770751953,0.2377217411994934,0.3931964337825775,0.029386108741164207,0.10347496718168259,5.243770599365234,4.599150657653809,8.796443939208984,4.872297763824463,5.769149303436279,6.047073841094971,6.625366687774658,4.71230936050415,1.6115013360977173,4.160642623901367,,,,,,,,,,,6.992475509643555,5.704697132110596,9.821723937988281,7.011133670806885,9.392387390136719,8.760626792907715,7.978206157684326,7.395431995391846,1.9678606986999512,4.900211811065674,,,,,,,,,,,,,,,,,,,,,,,,,,,,,,,,,,,,,,,,
32,6309,,,,,,,,,,,,,,,,,,,,,,,,,,,,,,,,,,,,,,,,,0.28595876693725586,0.2052472084760666,0.26627877354621887,0.139234259724617,0.2982431948184967,0.37977880239486694,0.4486413896083832,0.20326578617095947,0.40796518325805664,0.22497443854808807,6.167299747467041,4.111979007720947,5.950394153594971,4.547103404998779,6.546256065368652,8.065204620361328,9.347784042358398,4.202218532562256,6.679393291473389,6.055367946624756,,,,,,,,,,,7.363778114318848,5.015346050262451,7.4349822998046875,5.187139987945557,7.814207077026367,9.987141609191895,10.960249900817871,5.317296504974365,7.33220911026001,7.225431442260742,,,,,,,,,,,,,,,,,,,,,,,,,,,,,,,,,,,,,,,,
32,6314,,,,,,,,,,,,,,,,,,,,,,,,,,,,,,,,,,,,,,,,,0.29507631063461304,0.3023234009742737,0.3825283944606781,0.41663578152656555,0.22210125625133514,0.47429731488227844,0.3585403561592102,0.12168954312801361,0.2386258989572525,0.13894474506378174,5.725138187408447,4.7582197189331055,5.322961330413818,6.950011730194092,4.319721221923828,8.903281211853027,7.752628803253174,3.525278329849243,4.755825519561768,5.238317012786865,,,,,,,,,,,7.452632427215576,6.086927890777588,8.91135025024414,8.972907066345215,6.743341445922852,11.160950660705566,9.798053741455078,4.114199638366699,5.607665061950684,5.6782989501953125,,,,,,,,,,,,,,,,,,,,,,,,,,,,,,,,,,,,,,,,
32,6319,,,,,,,,,,,,,,,,,,,,,,,,,,,,,,,,,,,,,,,,,0.2644110321998596,0.2917914390563965,0.22145633399486542,0.11927380412817001,0.3732844591140747,0.16581891477108002,0.17564158141613007,0.21683424711227417,0.6653692126274109,0.15022921562194824,5.469826698303223,4.626578330993652,5.433612823486328,4.2035722732543945,6.6358208656311035,5.1949896812438965,5.868748188018799,4.367740631103516,7.610928535461426,5.286446571350098,,,,,,,,,,,6.724517345428467,5.979963779449463,6.7804059982299805,4.800952434539795,8.74217700958252,6.599224090576172,6.857793807983398,5.491900444030762,9.36385440826416,5.904381275177002,,,,,,,,,,,,,,,,,,,,,,,,,,,,,,,,,,,,,,,,
32,6324,,,,,,,,,,,,,,,,,,,,,,,,,,,,,,,,,,,,,,,,,0.23463504016399384,0.35187608003616333,0.14546547830104828,0.11186188459396362,0.24451202154159546,0.17938397824764252,0.1709005981683731,0.19726048409938812,0.174569770693779,0.5358848571777344,5.091477394104004,5.349454402923584,4.774897575378418,3.4658751487731934,5.336702823638916,5.875757217407227,5.195281982421875,3.9389584064483643,3.5342483520507812,8.352123260498047,,,,,,,,,,,6.511260986328125,6.566850662231445,5.495302677154541,4.649389743804932,7.075380325317383,6.863848686218262,6.7646074295043945,5.238159656524658,4.796316146850586,11.15149211883545,,,,,,,,,,,,,,,,,,,,,,,,,,,,,,,,,,,,,,,,
32,6329,,,,,,,,,,,,,,,,,,,,,,,,,,,,,,,,,,,,,,,,,0.22707499563694,0.12596248090267181,0.012652192264795303,0.08594682812690735,0.16407807171344757,0.5040712952613831,0.26400226354599,0.31849226355552673,0.07997359335422516,0.48849594593048096,4.326834201812744,2.992828845977783,1.2767329216003418,3.1622633934020996,3.692969560623169,7.065402507781982,6.02847957611084,4.774615287780762,2.4802422523498535,7.467975616455078,,,,,,,,,,,6.209322452545166,3.9290077686309814,1.6206697225570679,4.0753960609436035,5.795953750610352,11.505932807922363,8.4076509475708,6.655920505523682,3.24635910987854,10.647011756896973,,,,,,,,,,,,,,,,,,,,,,,,,,,,,,,,,,,,,,,,
32,6334,,,,,,,,,,,,,,,,,,,,,,,,,,,,,,,,,,,,,,,,,0.39329737424850464,0.37858524918556213,0.27010399103164673,0.1668541133403778,0.5845751762390137,0.34114721417427063,0.338710218667984,0.5593554973602295,0.5784364938735962,0.321908563375473,6.714407444000244,5.063909530639648,5.70668363571167,4.5799055099487305,7.0072479248046875,7.356719970703125,8.031516075134277,7.739376544952393,7.44915246963501,7.495152950286865,,,,,,,,,,,8.455708503723145,6.811521053314209,7.488195896148682,5.678365230560303,10.940064430236816,9.465570449829102,9.523244857788086,8.820693016052246,8.730740547180176,8.642979621887207,,,,,,,,,,,,,,,,,,,,,,,,,,,,,,,,,,,,,,,,
32,6339,,,,,,,,,,,,,,,,,,,,,,,,,,,,,,,,,,,,,,,,,0.32846030592918396,0.16744288802146912,0.5476966500282288,0.33735743165016174,0.2922053933143616,0.40385153889656067,0.29166457056999207,0.3947233259677887,0.22576574981212616,0.2954351603984833,6.115006923675537,3.196268320083618,8.411151885986328,5.72039794921875,6.587521076202393,8.208097457885742,5.974729537963867,5.989999771118164,4.459176063537598,6.487719535827637,,,,,,,,,,,7.920234680175781,4.529973030090332,10.663056373596191,8.074209213256836,7.734704494476318,10.298802375793457,8.837158203125,7.40977668762207,5.454467296600342,8.279961585998535,,,,,,,,,,,,,,,,,,,,,,,,,,,,,,,,,,,,,,,,
32,6344,,,,,,,,,,,,,,,,,,,,,,,,,,,,,,,,,,,,,,,,,0.24232032895088196,0.36176708340644836,0.2880725562572479,0.28035905957221985,0.1008303090929985,0.15629535913467407,0.18479229509830475,0.2054200917482376,0.2447274625301361,0.3586185872554779,5.442418098449707,5.116078853607178,6.888938903808594,6.488109588623047,3.1116435527801514,5.206406593322754,5.5089592933654785,5.17035436630249,4.513534069061279,6.9777350425720215,,,,,,,,,,,6.653753280639648,6.658505916595459,7.733259677886963,7.36058235168457,4.543549060821533,6.406914234161377,7.034167766571045,5.345399856567383,5.678905487060547,9.122493743896484,,,,,,,,,,,,,,,,,,,,,,,,,,,,,,,,,,,,,,,,
32,6349,,,,,,,,,,,,,,,,,,,,,,,,,,,,,,,,,,,,,,,,,0.29927483201026917,0.3248896300792694,0.4348813593387604,0.6451969146728516,0.3369438648223877,0.3118293285369873,0.1479959785938263,0.2452406883239746,0.16521130502223969,0.08128422498703003,6.164272785186768,5.829950332641602,7.190629482269287,9.818495750427246,6.9826507568359375,6.919538974761963,5.212699890136719,5.518576145172119,4.234306812286377,3.7716073989868164,,,,,,,,,,,7.2753119468688965,6.310012340545654,9.501606941223145,11.16608715057373,8.305741310119629,9.049703598022461,6.2950005531311035,5.840567111968994,4.6659836769104,4.343104839324951,,,,,,,,,,,,,,,,,,,,,,,,,,,,,,,,,,,,,,,,
32,6354,,,,,,,,,,,,,,,,,,,,,,,,,,,,,,,,,,,,,,,,,0.27163246273994446,0.3220445513725281,0.1407807171344757,0.22081522643566132,0.16497132182121277,0.7062186002731323,0.16305774450302124,0.3012295663356781,0.040947623550891876,0.38462695479393005,5.639168739318848,5.109442710876465,4.649940490722656,5.906430244445801,4.639313697814941,9.703695297241211,5.826537132263184,5.026773452758789,2.021160364151001,7.869223594665527,,,,,,,,,,,6.944723606109619,6.282322883605957,5.406089782714844,6.532349586486816,5.811708927154541,13.61900806427002,6.607565879821777,6.473028659820557,2.3229382038116455,9.447503089904785,,,,,,,,,,,,,,,,,,,,,,,,,,,,,,,,,,,,,,,,
32,6359,,,,,,,,,,,,,,,,,,,,,,,,,,,,,,,,,,,,,,,,,0.38558945059776306,0.5458343029022217,0.10671043395996094,0.1664625108242035,0.7511951327323914,0.49410587549209595,0.4926658868789673,0.07599926739931107,0.27283668518066406,0.5644948482513428,6.737266540527344,6.714117050170898,4.325716972351074,4.8928046226501465,8.957732200622559,8.978350639343262,9.75765323638916,2.8532440662384033,4.586350917816162,9.569426536560059,,,,,,,,,,,8.280963897705078,8.178857803344727,4.706684589385986,5.671697616577148,12.401552200317383,11.391630172729492,11.485424041748047,3.251347541809082,5.996179103851318,11.445300102233887,,,,,,,,,,,,,,,,,,,,,,,,,,,,,,,,,,,,,,,,
32,6364,,,,,,,,,,,,,,,,,,,,,,,,,,,,,,,,,,,,,,,,,0.23820717632770538,0.4201057255268097,0.2882657051086426,0.05334819108247757,0.37885889410972595,0.2341308891773224,0.26710420846939087,0.16048789024353027,0.07028046250343323,0.2712825536727905,4.934568881988525,5.295565128326416,4.913009166717529,3.0825881958007812,6.022361755371094,6.727385520935059,7.040233135223389,4.036311626434326,2.510648250579834,4.783018589019775,,,,,,,,,,,6.547781467437744,7.1753249168396,7.735852241516113,3.210810899734497,8.807210922241211,7.841609001159668,8.456899642944336,4.724761486053467,3.0432708263397217,7.934291839599609,,,,,,,,,,,,,,,,,,,,,,,,,,,,,,,,,,,,,,,,
32,6369,,,,,,,,,,,,,,,,,,,,,,,,,,,,,,,,,,,,,,,,,0.2668648362159729,0.1444457620382309,0.19417427480220795,0.19621632993221283,0.4538857936859131,0.1646101474761963,0.11019006371498108,0.38391879200935364,0.32642585039138794,0.4279164671897888,5.699892520904541,3.765852689743042,5.769425392150879,5.013532638549805,7.671773910522461,5.228133678436279,4.484294891357422,6.030893325805664,5.3937764167785645,7.941347122192383,,,,,,,,,,,6.910257816314697,4.207408428192139,6.349031925201416,6.157755374908447,9.639908790588379,6.575127124786377,5.4317779541015625,7.307661056518555,6.558666229248047,9.964985847473145,,,,,,,,,,,,,,,,,,,,,,,,,,,,,,,,,,,,,,,,
32,6374,,,,,,,,,,,,,,,,,,,,,,,,,,,,,,,,,,,,,,,,,0.3402385711669922,0.14532412588596344,0.3700369894504547,0.506901204586029,0.5362404584884644,0.2819429636001587,0.29118749499320984,0.5424909591674805,0.10532907396554947,0.2826939523220062,5.976254463195801,3.282146692276001,7.626061916351318,6.410334587097168,8.467412948608398,6.777040958404541,6.766644477844238,4.96210241317749,3.590214967727661,5.904328346252441,,,,,,,,,,,7.922994136810303,4.220181465148926,8.764642715454102,9.897295951843262,10.47802448272705,8.605112075805664,8.829928398132324,8.686702728271484,3.7256107330322266,8.099449157714844,,,,,,,,,,,,,,,,,,,,,,,,,,,,,,,,,,,,,,,,
32,6379,,,,,,,,,,,,,,,,,,,,,,,,,,,,,,,,,,,,,,,,,0.29963627457618713,0.44658201932907104,0.2612937092781067,0.35292187333106995,0.17718112468719482,0.11888021230697632,0.16687887907028198,0.11545461416244507,0.7524448037147522,0.3050893247127533,5.929238319396973,6.329494953155518,6.5135016441345215,5.609431743621826,5.115252494812012,4.422238349914551,5.418682098388672,3.5133824348449707,9.228129386901855,7.213030815124512,,,,,,,,,,,7.077317714691162,7.397975444793701,7.365057468414307,8.258367538452148,6.022938251495361,5.5876688957214355,6.684539318084717,4.007416248321533,9.957736015319824,8.414158821105957,,,,,,,,,,,,,,,,,,,,,,,,,,,,,,,,,,,,,,,,
32,6384,,,,,,,,,,,,,,,,,,,,,,,,,,,,,,,,,,,,,,,,,0.39379799365997314,0.5867337584495544,0.3036493957042694,0.3655177056789398,0.6990785002708435,0.29907771944999695,0.3185236155986786,0.08935278654098511,0.3936188220977783,0.48862966895103455,6.985950946807861,6.8227996826171875,7.098363399505615,7.247681617736816,9.311530113220215,7.253457069396973,7.2044243812561035,2.384462356567383,6.253863334655762,9.296975135803223,,,,,,,,,,,8.473475456237793,8.479745864868164,7.939586162567139,8.40444564819336,11.96362018585205,8.862738609313965,9.235099792480469,3.525435447692871,7.202134132385254,10.648467063903809,,,,,,,,,,,,,,,,,,,,,,,,,,,,,,,,,,,,,,,,
32,6389,,,,,,,,,,,,,,,,,,,,,,,,,,,,,,,,,,,,,,,,,0.23978056013584137,0.17302487790584564,0.16914956271648407,0.4016338288784027,0.44993528723716736,0.22703316807746887,0.3342095613479614,0.1515672355890274,0.1567937582731247,0.09467777609825134,5.5830979347229,3.731717109680176,5.612243175506592,6.10334587097168,8.665776252746582,6.6182637214660645,8.495548248291016,3.432374954223633,3.84610652923584,3.742501974105835,,,,,,,,,,,6.660491943359375,4.604861259460449,5.9258012771606445,8.809880256652832,9.59786605834961,7.721835613250732,9.459762573242188,4.591572284698486,4.545562744140625,4.687283515930176,,,,,,,,,,,,,,,,,,,,,,,,,,,,,,,,,,,,,,,,
32,6394,,,,,,,,,,,,,,,,,,,,,,,,,,,,,,,,,,,,,,,,,0.36709046363830566,0.6983375549316406,0.5254244804382324,0.2687230706214905,0.1436159312725067,0.2021530121564865,0.282890260219574,0.19839344918727875,0.5523680448532104,0.43190842866897583,6.289809226989746,7.131270885467529,8.636743545532227,6.3434295654296875,4.2364959716796875,5.911376953125,6.882627487182617,4.101754665374756,5.678390979766846,7.686192989349365,,,,,,,,,,,8.012202262878418,9.251134872436523,10.444000244140625,7.206216812133789,5.4225172996521,7.286449909210205,8.703217506408691,5.253181457519531,8.53173828125,10.011359214782715,,,,,,,,,,,,,,,,,,,,,,,,,,,,,,,,,,,,,,,,
32,6399,,,,,,,,,,,,,,,,,,,,,,,,,,,,,,,,,,,,,,,,,0.3410985767841339,0.32103997468948364,0.449393630027771,0.5406268239021301,0.15692448616027832,0.719321072101593,0.36201682686805725,0.09295828640460968,0.2591640055179596,0.16844211518764496,6.555171966552734,5.041453838348389,8.96816349029541,9.336227416992188,5.064513206481934,10.77728271484375,7.815116882324219,2.281710624694824,4.605619430541992,5.1064581871032715,,,,,,,,,,,7.90032434463501,6.27251672744751,9.658843040466309,10.22124195098877,5.6681976318359375,13.744762420654297,9.845440864562988,3.5958597660064697,5.844005107879639,6.252050876617432,,,,,,,,,,,,,,,,,,,,,,,,,,,,,,,,,,,,,,,,
32,6401,,,,,,,,,,,,,,,,,,,,,,,,,,,,,,,,,,,,,,,,,,,,,,,,,,,6.2161970138549805,5.0521240234375,6.210341453552246,5.861051559448242,6.386910915374756,7.9231157302856445,6.920753479003906,5.256384372711182,5.242452621459961,7.092637538909912,0.6233687996864319,0.6190773248672485,0.6742240190505981,0.6925759315490723,0.631606936454773,0.5284062623977661,0.6037809252738953,0.6499947309494019,0.633541464805603,0.5771114826202393,8.18995189666748,6.656973838806152,8.098304748535156,7.677005290985107,8.516297340393066,10.480188369750977,9.281767845153809,6.893326282501221,6.863980293273926,9.241721153259277,0.5464157462120056,0.6752142310142517,0.5616530179977417,0.344745397567749,0.669883131980896,0.639025092124939,0.5053044557571411,0.49838879704475403,0.5074431300163269,0.5160845518112183,7.585144996643066,6.335162162780762,7.666552543640137,5.781283378601074,9.095433235168457,9.520171165466309,8.765970230102539,6.388843059539795,6.465611457824707,8.247279167175293,0.3869462013244629,0.28924381732940674,0.5263317227363586,0.6319763660430908,0.17573392391204834,0.417241632938385,0.4811609983444214,0.1621164083480835,0.3008813261985779,0.497829794883728,10.388044357299805,9.328774452209473,10.5516996383667,9.012420654296875,12.28369140625,13.125009536743164,11.515189170837402,8.533790588378906,8.502593040466309,10.63923454284668
33,6404,,,,,,,,,,,,,,,,,,,,,,,,,,,,,,,,,,,,,,,,,0.2621292769908905,0.21117861568927765,0.22332704067230225,0.26337581872940063,0.3746161460876465,0.21127894520759583,0.3075235188007355,0.2740829885005951,0.1374691128730774,0.3563114404678345,5.780649662017822,4.0744547843933105,5.507181644439697,5.350521564483643,6.856015205383301,6.48187255859375,6.898054599761963,5.822381019592285,3.7653133869171143,7.270051956176758,,,,,,,,,,,7.09281587600708,5.087298393249512,6.80898380279541,7.134159088134766,8.757757186889648,7.449102401733398,9.074234008789062,6.174470901489258,4.256237506866455,9.093101501464844,,,,,,,,,,,,,,,,,,,,,,,,,,,,,,,,,,,,,,,,
33,6409,,,,,,,,,,,,,,,,,,,,,,,,,,,,,,,,,,,,,,,,,0.31680822372436523,0.3087322413921356,0.1478380262851715,0.15055210888385773,0.6456024646759033,0.29313814640045166,0.10429249703884125,0.10436925292015076,0.4056835472583771,0.6910657286643982,5.309450626373291,5.181206703186035,4.094740867614746,3.862398862838745,7.193295001983643,6.642082691192627,4.531107425689697,3.2870118618011475,5.155279159545898,7.8379340171813965,,,,,,,,,,,7.380664348602295,6.151106834411621,5.539935111999512,5.393842697143555,11.496939659118652,8.774291038513184,5.284420490264893,3.810175657272339,7.311676502227783,12.663592338562012,,,,,,,,,,,,,,,,,,,,,,,,,,,,,,,,,,,,,,,,
33,6414,,,,,,,,,,,,,,,,,,,,,,,,,,,,,,,,,,,,,,,,,0.5167091488838196,0.39405307173728943,0.3494914174079895,0.6334503293037415,0.4872821867465973,0.6875370740890503,0.23467041552066803,0.6038002967834473,1.0803502798080444,0.1797475516796112,7.41792631149292,5.379426956176758,7.49891996383667,7.8305816650390625,8.512467384338379,9.773650169372559,6.091553211212158,7.406149864196777,8.678915023803711,5.589677810668945,,,,,,,,,,,9.493171691894531,6.949277400970459,8.51784896850586,11.063974380493164,9.988261222839355,13.43766975402832,7.926837921142578,9.164427757263184,11.931788444519043,6.458455562591553,,,,,,,,,,,,,,,,,,,,,,,,,,,,,,,,,,,,,,,,
33,6419,,,,,,,,,,,,,,,,,,,,,,,,,,,,,,,,,,,,,,,,,0.5852537155151367,0.39537447690963745,0.6589219570159912,0.8819637298583984,0.27655473351478577,0.35193341970443726,0.6469162106513977,0.48410335183143616,0.9743038415908813,0.5972117185592651,7.638241291046143,5.330942153930664,7.871527194976807,11.640339851379395,5.2881245613098145,6.239227294921875,8.94072437286377,5.716584205627441,9.220776557922363,8.495920181274414,,,,,,,,,,,10.369001388549805,6.96091890335083,11.695765495300293,13.05510139465332,7.524716854095459,9.614044189453125,13.161178588867188,8.205928802490234,11.331059455871582,11.772300720214844,,,,,,,,,,,,,,,,,,,,,,,,,,,,,,,,,,,,,,,,
33,6424,,,,,,,,,,,,,,,,,,,,,,,,,,,,,,,,,,,,,,,,,0.2839290499687195,0.1752510815858841,0.14138783514499664,0.2896612584590912,0.4168930947780609,0.37377920746803284,0.343319296836853,0.17305418848991394,0.2218020111322403,0.4202134311199188,6.0400567054748535,4.160353183746338,4.388570785522461,5.741588115692139,7.9203691482543945,8.123674392700195,6.862919330596924,4.353521823883057,4.552568435668945,8.256949424743652,,,,,,,,,,,7.383979797363281,4.634390354156494,5.417734146118164,7.481696128845215,9.238724708557129,9.907941818237305,9.587820053100586,4.906250953674316,5.406373023986816,9.87488842010498,,,,,,,,,,,,,,,,,,,,,,,,,,,,,,,,,,,,,,,,
33,6429,,,,,,,,,,,,,,,,,,,,,,,,,,,,,,,,,,,,,,,,,0.3922354578971863,0.17899657785892487,0.8749690055847168,0.3134555220603943,0.2233753651380539,0.3487103581428528,0.2652849853038788,0.7721976041793823,0.30872389674186707,0.2444058209657669,7.16876745223999,3.6875486373901367,11.460553169250488,7.456918716430664,6.143441677093506,7.252233505249023,6.943802833557129,9.196207046508789,5.839839935302734,6.538361549377441,,,,,,,,,,,8.330879211425781,4.683652400970459,13.477458000183105,7.782925605773926,6.762655258178711,9.56991958618164,8.428050994873047,10.363893508911133,6.378350734710693,7.531005382537842,,,,,,,,,,,,,,,,,,,,,,,,,,,,,,,,,,,,,,,,
33,6434,,,,,,,,,,,,,,,,,,,,,,,,,,,,,,,,,,,,,,,,,0.43189525604248047,0.4384012520313263,0.29545316100120544,0.5010513067245483,0.5134690999984741,0.3634618818759918,0.5288828611373901,0.6086463928222656,0.18874430656433105,0.4489472210407257,7.442391395568848,6.258111476898193,5.993504524230957,8.223827362060547,7.9404168128967285,7.604694843292236,9.69792366027832,7.39459753036499,4.666945457458496,9.201495170593262,,,,,,,,,,,9.035599708557129,7.329902172088623,7.831698894500732,9.840020179748535,10.253138542175293,9.770241737365723,11.90009880065918,9.201131820678711,4.987238883972168,10.20692253112793,,,,,,,,,,,,,,,,,,,,,,,,,,,,,,,,,,,,,,,,
33,6439,,,,,,,,,,,,,,,,,,,,,,,,,,,,,,,,,,,,,,,,,0.3049970269203186,0.43392422795295715,0.3096381425857544,0.2556958794593811,0.1754143387079239,0.3892339766025543,0.322613924741745,0.16038772463798523,0.3075413703918457,0.3905237317085266,6.366466045379639,6.513465881347656,6.273046970367432,5.981542587280273,4.8638739585876465,8.740633010864258,8.127930641174316,3.7524125576019287,4.817135334014893,8.22815227508545,,,,,,,,,,,7.594006061553955,7.292378902435303,8.017498016357422,7.029374599456787,5.992833137512207,10.110700607299805,9.294207572937012,4.7232866287231445,6.366123199462891,9.519648551940918,,,,,,,,,,,,,,,,,,,,,,,,,,,,,,,,,,,,,,,,
33,6444,,,,,,,,,,,,,,,,,,,,,,,,,,,,,,,,,,,,,,,,,0.30066144466400146,0.3453316390514374,0.4349994659423828,0.07174626737833023,0.3405478298664093,0.144029900431633,0.2718653678894043,0.24151071906089783,0.5388047695159912,0.31711694598197937,5.9460015296936035,4.764620304107666,7.830909252166748,3.4736580848693848,5.905507564544678,4.687500476837158,7.093982219696045,5.481143951416016,7.181114673614502,7.095574378967285,,,,,,,,,,,7.2850022315979,6.505496501922607,9.502897262573242,3.723527431488037,8.350042343139648,6.150383472442627,8.531938552856445,5.795980453491211,8.426340103149414,8.578413009643555,,,,,,,,,,,,,,,,,,,,,,,,,,,,,,,,,,,,,,,,
33,6449,,,,,,,,,,,,,,,,,,,,,,,,,,,,,,,,,,,,,,,,,0.40301647782325745,0.27470076084136963,0.40767601132392883,0.3796001672744751,0.6282602548599243,0.4788109064102173,0.4011598229408264,0.6157022714614868,0.19863586127758026,0.24260219931602478,6.794015884399414,4.618131637573242,7.154337406158447,7.024496078491211,7.313738822937012,9.689377784729004,7.956625938415527,7.4250569343566895,4.499785900115967,5.464591026306152,,,,,,,,,,,8.706645011901855,5.802193641662598,9.199606895446777,8.564817428588867,11.341472625732422,11.2139310836792,10.36405086517334,9.254310607910156,5.116253852844238,7.503166198730469,,,,,,,,,,,,,,,,,,,,,,,,,,,,,,,,,,,,,,,,
33,6454,,,,,,,,,,,,,,,,,,,,,,,,,,,,,,,,,,,,,,,,,0.363598495721817,0.4796604514122009,0.3702573776245117,0.3508410155773163,0.42690959572792053,0.366696298122406,0.3763025403022766,0.2988002896308899,0.34718620777130127,0.2557328939437866,6.478479862213135,5.871282577514648,6.721141338348389,5.677886009216309,7.871121406555176,7.782095909118652,7.604547500610352,5.510303020477295,5.5243449211120605,5.743597984313965,,,,,,,,,,,8.309247016906738,7.66706657409668,8.767252922058105,8.23398494720459,9.349053382873535,9.813617706298828,10.037819862365723,6.446874141693115,6.76401424407959,7.703543186187744,,,,,,,,,,,,,,,,,,,,,,,,,,,,,,,,,,,,,,,,
33,6459,,,,,,,,,,,,,,,,,,,,,,,,,,,,,,,,,,,,,,,,,0.3204292058944702,0.37575963139533997,0.10661497712135315,0.25949665904045105,0.431079626083374,0.38374823331832886,0.4026308059692383,0.1452038735151291,0.35416239500045776,0.42516642808914185,5.885982990264893,4.523393154144287,4.105084419250488,6.359243392944336,6.648927211761475,6.9815144538879395,7.184652328491211,4.228122711181641,4.827971935272217,8.114937782287598,,,,,,,,,,,7.738622188568115,6.7860541343688965,4.7045793533325195,7.081427097320557,9.394601821899414,10.039198875427246,10.383034706115723,4.494152545928955,6.831632137298584,9.932914733886719,,,,,,,,,,,,,,,,,,,,,,,,,,,,,,,,,,,,,,,,
33,6464,,,,,,,,,,,,,,,,,,,,,,,,,,,,,,,,,,,,,,,,,0.29278564453125,0.4798697233200073,0.1575222909450531,0.3056636154651642,0.210087850689888,0.6877075433731079,0.1425381749868393,0.1739441454410553,0.10790800303220749,0.3698292672634125,5.448702335357666,4.606033802032471,5.376487731933594,6.659198760986328,4.264660835266113,8.488332748413086,4.655538558959961,4.319713592529297,3.201826810836792,7.466525077819824,,,,,,,,,,,7.24468994140625,7.66873836517334,5.718507289886475,7.685582160949707,6.558433532714844,13.439334869384766,6.177835464477539,4.918850421905518,3.770944118499756,9.263984680175781,,,,,,,,,,,,,,,,,,,,,,,,,,,,,,,,,,,,,,,,
33,6469,,,,,,,,,,,,,,,,,,,,,,,,,,,,,,,,,,,,,,,,,0.2588280737400055,0.3624875247478485,0.09467501938343048,0.12707695364952087,0.42951518297195435,0.46265003085136414,0.5059559345245361,0.11972765624523163,0.013096772134304047,0.21426747739315033,5.2698974609375,4.487612724304199,4.155907154083252,4.747493267059326,6.918484687805176,8.11544418334961,8.773202896118164,3.361917495727539,1.3056689500808716,5.563347339630127,,,,,,,,,,,6.726655960083008,6.66513204574585,4.433323383331299,4.955508708953857,9.37753963470459,11.023058891296387,11.639307975769043,4.080899715423584,1.3137282133102417,7.051399230957031,,,,,,,,,,,,,,,,,,,,,,,,,,,,,,,,,,,,,,,,
33,6474,,,,,,,,,,,,,,,,,,,,,,,,,,,,,,,,,,,,,,,,,0.24582873284816742,0.20234014093875885,0.27202078700065613,0.19166865944862366,0.23943640291690826,0.22948195040225983,0.20458698272705078,0.4242653548717499,0.05408404394984245,0.39457425475120544,5.4163031578063965,3.6383073329925537,5.83626651763916,4.824250221252441,5.575449466705322,6.274742603302002,4.660863399505615,7.358132362365723,2.012986660003662,8.565731048583984,,,,,,,,,,,6.740808486938477,4.979701042175293,7.514718532562256,6.085978984832764,7.001558303833008,7.763367176055908,7.401330471038818,7.682056427001953,2.6696715354919434,9.568890571594238,,,,,,,,,,,,,,,,,,,,,,,,,,,,,,,,,,,,,,,,
33,6479,,,,,,,,,,,,,,,,,,,,,,,,,,,,,,,,,,,,,,,,,0.2526542544364929,0.20967501401901245,0.28686508536338806,0.14614377915859222,0.07143325358629227,0.24607399106025696,0.30964985489845276,0.4102857708930969,0.24235084652900696,0.35141071677207947,5.346317768096924,4.107045650482178,6.701755046844482,4.632009983062744,2.9596312046051025,6.580993175506592,6.423925876617432,5.396327972412109,4.230721950531006,7.084449291229248,,,,,,,,,,,6.811720371246338,5.069155216217041,7.717035293579102,5.3142876625061035,3.8242814540863037,8.03912353515625,9.105550765991211,7.554433822631836,5.65126371383667,9.030352592468262,,,,,,,,,,,,,,,,,,,,,,,,,,,,,,,,,,,,,,,,
33,6484,,,,,,,,,,,,,,,,,,,,,,,,,,,,,,,,,,,,,,,,,0.465341717004776,0.4809291958808899,0.25276243686676025,0.4634508192539215,0.26530587673187256,0.5049211382865906,0.3669854998588562,0.7895678281784058,0.7628535032272339,0.3012990951538086,7.403249263763428,6.322667121887207,6.321625709533691,8.224940299987793,6.560938358306885,9.057290077209473,7.633692741394043,8.260441780090332,7.946206569671631,6.301443099975586,,,,,,,,,,,9.116782188415527,7.677199840545654,7.243824481964111,9.463606834411621,7.3700947761535645,11.515628814697266,9.912775039672852,10.479811668395996,10.026371955871582,8.361729621887207,,,,,,,,,,,,,,,,,,,,,,,,,,,,,,,,,,,,,,,,
33,6489,,,,,,,,,,,,,,,,,,,,,,,,,,,,,,,,,,,,,,,,,0.2474619299173355,0.16994036734104156,0.3924618661403656,0.3072960674762726,0.05626649782061577,0.4402919411659241,0.1365244835615158,0.14884179830551147,0.3095651865005493,0.2659691572189331,5.202348709106445,3.7984068393707275,7.456109523773193,5.856935024261475,2.84517502784729,7.399907112121582,4.64538049697876,3.4333176612854004,5.004881858825684,6.3810248374938965,,,,,,,,,,,6.6981096267700195,4.563631057739258,9.026312828063965,7.706077575683594,3.394099712371826,10.753410339355469,6.0461106300354,4.550102233886719,6.387035846710205,7.856205940246582,,,,,,,,,,,,,,,,,,,,,,,,,,,,,,,,,,,,,,,,
33,6494,,,,,,,,,,,,,,,,,,,,,,,,,,,,,,,,,,,,,,,,,0.5320094227790833,0.577796459197998,0.5283173322677612,0.13507241010665894,0.554736316204071,0.7656370997428894,0.1687164008617401,0.6696254014968872,0.9648919105529785,0.42329123616218567,7.403918743133545,6.813981056213379,7.830369472503662,3.961064100265503,6.3326263427734375,10.002716064453125,5.594537258148193,7.481247425079346,10.13144302368164,8.487282752990723,,,,,,,,,,,9.599299430847168,8.414915084838867,10.472709655761719,5.109026908874512,10.657195091247559,14.180363655090332,6.721241474151611,9.651053428649902,11.276195526123047,9.910984992980957,,,,,,,,,,,,,,,,,,,,,,,,,,,,,,,,,,,,,,,,
33,6499,,,,,,,,,,,,,,,,,,,,,,,,,,,,,,,,,,,,,,,,,0.5021629929542542,0.2082597315311432,0.5583523511886597,0.6188783645629883,0.17040714621543884,0.17479534447193146,0.2585158944129944,1.0165668725967407,1.2108229398727417,0.3028682470321655,6.887935638427734,4.213813304901123,8.175694465637207,7.843334197998047,5.104213237762451,5.340517044067383,6.456197261810303,9.229283332824707,9.318264961242676,6.310100078582764,,,,,,,,,,,8.962526321411133,5.052018642425537,10.766283988952637,10.935975074768066,5.906681060791016,6.775491237640381,8.319828987121582,11.891226768493652,12.631752967834473,8.383475303649902,,,,,,,,,,,,,,,,,,,,,,,,,,,,,,,,,,,,,,,,
33,6504,,,,,,,,,,,,,,,,,,,,,,,,,,,,,,,,,,,,,,,,,0.2647548317909241,0.22328050434589386,0.1030658483505249,0.2425725907087326,0.13090956211090088,0.22383686900138855,0.1785748451948166,0.17649078369140625,0.6915621161460876,0.4125004708766937,5.6877121925354,4.045079231262207,4.083799839019775,5.905982494354248,4.09183931350708,5.863227367401123,5.973771095275879,4.038028240203857,8.676782608032227,8.51090145111084,,,,,,,,,,,6.749711990356445,5.2310357093811035,4.625610828399658,6.846612930297852,5.177084922790527,7.667285442352295,6.914820671081543,4.954726696014404,9.54638385772705,9.783842086791992,,,,,,,,,,,,,,,,,,,,,,,,,,,,,,,,,,,,,,,,
33,6509,,,,,,,,,,,,,,,,,,,,,,,,,,,,,,,,,,,,,,,,,0.3764098882675171,0.413711279630661,0.29211753606796265,0.05479849874973297,0.6015254855155945,0.5318459272384644,0.27957290410995483,0.46628743410110474,0.1313735544681549,0.6164562702178955,6.260214805603027,3.9942615032196045,5.633749961853027,2.731921434402466,8.440988540649414,8.453853607177734,7.029415130615234,7.860678672790527,3.567598342895508,8.629471778869629,,,,,,,,,,,8.211674690246582,7.120507717132568,7.787363529205322,3.2541627883911133,11.097538948059082,11.81867504119873,8.6520357131958,8.05351734161377,4.16080379486084,11.96047306060791,,,,,,,,,,,,,,,,,,,,,,,,,,,,,,,,,,,,,,,,
33,6514,,,,,,,,,,,,,,,,,,,,,,,,,,,,,,,,,,,,,,,,,0.4812876284122467,0.48798027634620667,0.3176969587802887,0.5971640348434448,0.4584779143333435,0.4782945215702057,0.23370061814785004,0.5620009899139404,0.6881975531578064,0.5080755949020386,7.14251708984375,6.123766899108887,6.8866376876831055,7.73808479309082,7.708150863647461,7.878270626068115,6.042037010192871,6.7882184982299805,7.355226516723633,7.762263298034668,,,,,,,,,,,9.402963638305664,7.733274459838867,8.121161460876465,10.742409706115723,9.688551902770996,11.207881927490234,7.910441875457764,8.841526985168457,9.523133277893066,10.858287811279297,,,,,,,,,,,,,,,,,,,,,,,,,,,,,,,,,,,,,,,,
33,6519,,,,,,,,,,,,,,,,,,,,,,,,,,,,,,,,,,,,,,,,,0.18939848244190216,0.17508545517921448,0.3609868586063385,0.07115264236927032,0.1855669468641281,0.25359004735946655,0.16376632452011108,0.2543741762638092,0.051605224609375,0.18845859169960022,4.865076541900635,3.8511219024658203,7.9602227210998535,2.7486164569854736,5.031016826629639,6.164201736450195,4.731173515319824,5.250398635864258,2.43320631980896,5.615733623504639,,,,,,,,,,,5.901444435119629,4.632199764251709,8.65679931640625,3.7080907821655273,6.163819789886475,8.16097354888916,6.621906757354736,5.948332786560059,2.6077749729156494,6.613101482391357,,,,,,,,,,,,,,,,,,,,,,,,,,,,,,,,,,,,,,,,
33,6524,,,,,,,,,,,,,,,,,,,,,,,,,,,,,,,,,,,,,,,,,0.2366275042295456,0.30872005224227905,0.08863267302513123,0.0971565991640091,0.2626243233680725,0.37765225768089294,0.255062997341156,0.16073033213615417,0.24008481204509735,0.33898356556892395,5.192202091217041,4.7477126121521,3.275570869445801,3.310396194458008,5.920806884765625,7.684172630310059,6.938933849334717,4.172829627990723,4.404401779174805,6.274993419647217,,,,,,,,,,,6.616873264312744,6.1509857177734375,4.2895188331604,4.333023548126221,7.3327531814575195,9.95914077758789,8.264081001281738,4.728328227996826,5.624781131744385,8.869242668151855,,,,,,,,,,,,,,,,,,,,,,,,,,,,,,,,,,,,,,,,
33,6529,,,,,,,,,,,,,,,,,,,,,,,,,,,,,,,,,,,,,,,,,0.3855409026145935,0.2937091588973999,0.30690234899520874,0.245132178068161,0.39362818002700806,0.7138000130653381,0.3512553572654724,0.6030368804931641,0.1369139850139618,0.42548996210098267,6.8088884353637695,5.249709606170654,6.838875770568848,5.896821975708008,7.4420342445373535,11.150382041931152,7.892435550689697,6.22418737411499,3.959590196609497,6.62595796585083,,,,,,,,,,,8.508259773254395,5.999582767486572,7.982000827789307,6.882639408111572,8.977237701416016,13.691913604736328,9.698001861572266,9.1586332321167,4.247635364532471,9.93669319152832,,,,,,,,,,,,,,,,,,,,,,,,,,,,,,,,,,,,,,,,
33,6534,,,,,,,,,,,,,,,,,,,,,,,,,,,,,,,,,,,,,,,,,0.41218432784080505,0.46333351731300354,0.917182981967926,0.3607860505580902,0.287339448928833,0.4599348306655884,0.3110703229904175,0.0357588529586792,0.12210755050182343,0.7521452903747559,6.93637228012085,5.916981220245361,12.496376991271973,6.7502899169921875,7.041054725646973,8.168492317199707,7.079681396484375,1.9619945287704468,4.011386871337891,9.001092910766602,,,,,,,,,,,8.547130584716797,7.535449028015137,13.798747062683105,8.349869728088379,7.6700334548950195,10.990666389465332,9.126412391662598,2.230234384536743,4.011386871337891,13.211376190185547,,,,,,,,,,,,,,,,,,,,,,,,,,,,,,,,,,,,,,,,
33,6539,,,,,,,,,,,,,,,,,,,,,,,,,,,,,,,,,,,,,,,,,0.5413705706596375,0.24651069939136505,0.7413659691810608,0.8274977803230286,0.5394070744514465,0.4274285137653351,0.5129717588424683,0.6744124293327332,0.4877406060695648,0.41500037908554077,8.408439636230469,4.043323040008545,10.740348815917969,9.653984069824219,8.710082054138184,8.30385684967041,9.007118225097656,9.197056770324707,7.439085483551025,8.58110237121582,,,,,,,,,,,10.098636627197266,5.496423244476318,12.405892372131348,12.645566940307617,10.508916854858398,10.595161437988281,11.719727516174316,9.685487747192383,8.017107009887695,9.813443183898926,,,,,,,,,,,,,,,,,,,,,,,,,,,,,,,,,,,,,,,,
33,6544,,,,,,,,,,,,,,,,,,,,,,,,,,,,,,,,,,,,,,,,,0.3857918083667755,0.3470950722694397,0.32002371549606323,0.21593135595321655,0.3930671513080597,0.7825056910514832,0.3418150842189789,0.5281608700752258,0.3758143484592438,0.1677129715681076,6.772743225097656,5.804776191711426,7.495267868041992,5.636833667755127,5.38770866394043,10.185593605041504,7.412053108215332,7.439399719238281,6.589171409606934,5.003885269165039,,,,,,,,,,,8.428118705749512,6.522085189819336,8.150846481323242,6.459705829620361,8.97083854675293,14.335723876953125,9.566793441772461,8.57120418548584,7.037363052368164,6.238504886627197,,,,,,,,,,,,,,,,,,,,,,,,,,,,,,,,,,,,,,,,
33,6549,,,,,,,,,,,,,,,,,,,,,,,,,,,,,,,,,,,,,,,,,0.40956178307533264,0.35440805554389954,0.5817338824272156,0.4282676577568054,0.24866844713687897,0.3522368371486664,0.3361220359802246,0.39539381861686707,0.7952042818069458,0.19402116537094116,6.397045135498047,5.548179626464844,8.25532341003418,6.827415466308594,5.567349433898926,7.23113489151001,6.724109649658203,5.4121551513671875,6.069680213928223,5.938059329986572,,,,,,,,,,,8.586688041687012,6.590434551239014,10.989397048950195,9.09730052947998,7.135263442993164,9.618186950683594,9.486790657043457,7.416067123413086,10.236762046813965,6.709988117218018,,,,,,,,,,,,,,,,,,,,,,,,,,,,,,,,,,,,,,,,
33,6554,,,,,,,,,,,,,,,,,,,,,,,,,,,,,,,,,,,,,,,,,0.3489518165588379,0.7357513308525085,0.2573677599430084,0.36238253116607666,0.16708728671073914,0.3765266537666321,0.31962740421295166,0.5484935641288757,0.1936538815498352,0.17967577278614044,6.015793800354004,6.761916637420654,6.159108638763428,7.273894309997559,5.002038478851318,6.555274486541748,6.5491943359375,6.362314224243164,4.466696739196777,5.0117058753967285,,,,,,,,,,,7.829031467437744,9.49571704864502,7.3095173835754395,8.368325233459473,5.848861217498779,9.944289207458496,9.25108814239502,8.73462963104248,5.051686763763428,6.4571661949157715,,,,,,,,,,,,,,,,,,,,,,,,,,,,,,,,,,,,,,,,
33,6559,,,,,,,,,,,,,,,,,,,,,,,,,,,,,,,,,,,,,,,,,0.3362114727497101,0.35577937960624695,0.1802428960800171,0.5170557498931885,0.4127102196216583,0.40219834446907043,0.3040439784526825,0.3679289221763611,0.2961983382701874,0.18974529206752777,6.358005046844482,5.316250324249268,5.349063873291016,7.291171550750732,8.6029691696167,8.485505104064941,7.286996364593506,4.891396522521973,4.411952972412109,5.586742877960205,,,,,,,,,,,7.916219234466553,6.603172302246094,6.117032051086426,9.995938301086426,9.19225788116455,10.277701377868652,9.022751808166504,7.15386438369751,6.24761962890625,6.635638236999512,,,,,,,,,,,,,,,,,,,,,,,,,,,,,,,,,,,,,,,,
33,6564,,,,,,,,,,,,,,,,,,,,,,,,,,,,,,,,,,,,,,,,,0.19543500244617462,0.1695530116558075,0.07998879253864288,0.3287029266357422,0.17364218831062317,0.21025700867176056,0.28180256485939026,0.2696464955806732,0.09284543991088867,0.15247641503810883,4.8361358642578125,3.3957197666168213,3.6532459259033203,5.720776557922363,4.534731864929199,6.465172290802002,6.640922546386719,4.922109603881836,2.9590089321136475,5.233534812927246,,,,,,,,,,,6.0282158851623535,4.558427333831787,4.074986457824707,7.969969749450684,5.962485313415527,7.431066036224365,8.686469078063965,6.124294757843018,3.4978692531585693,5.948378086090088,,,,,,,,,,,,,,,,,,,,,,,,,,,,,,,,,,,,,,,,
33,6569,,,,,,,,,,,,,,,,,,,,,,,,,,,,,,,,,,,,,,,,,0.24880072474479675,0.2516501545906067,0.11741191148757935,0.1242581307888031,0.4044334888458252,0.44701626896858215,0.26326340436935425,0.28428882360458374,0.03642992675304413,0.31045445799827576,5.470683574676514,4.529853820800781,3.5333285331726074,4.4912004470825195,7.651362895965576,7.977888107299805,6.501298427581787,5.84440803527832,1.7033358812332153,7.003477573394775,,,,,,,,,,,6.743185997009277,5.55342435836792,4.9370527267456055,4.900238990783691,9.099618911743164,10.835213661193848,8.395875930786133,6.288377285003662,2.1910510063171387,8.48781967163086,,,,,,,,,,,,,,,,,,,,,,,,,,,,,,,,,,,,,,,,
33,6574,,,,,,,,,,,,,,,,,,,,,,,,,,,,,,,,,,,,,,,,,0.31167662143707275,0.07849854230880737,0.23185113072395325,0.400287002325058,0.34874227643013,0.30193254351615906,0.15505199134349823,0.3556993007659912,0.3753308951854706,0.5576959252357483,5.649585247039795,2.7804272174835205,5.994398593902588,4.669834613800049,6.853464126586914,7.6497392654418945,4.731418132781982,6.117221355438232,5.32968807220459,6.720076084136963,,,,,,,,,,,7.563953876495361,3.101652145385742,6.937711238861084,8.795095443725586,8.449907302856445,8.904936790466309,6.443316459655762,7.033965587615967,7.032835483551025,11.376165390014648,,,,,,,,,,,,,,,,,,,,,,,,,,,,,,,,,,,,,,,,
33,6579,,,,,,,,,,,,,,,,,,,,,,,,,,,,,,,,,,,,,,,,,0.4975678622722626,0.7834017276763916,0.24994704127311707,0.5599188804626465,0.49127334356307983,0.4533486068248749,0.2867147624492645,0.7289878726005554,0.6387777328491211,0.28574058413505554,7.514807224273682,7.131322860717773,4.894354343414307,8.7146577835083,7.973186016082764,8.993924140930176,6.5913543701171875,8.178678512573242,8.120112419128418,7.035669803619385,,,,,,,,,,,9.38821792602539,9.798385620117188,7.203368663787842,10.40201473236084,10.029082298278809,10.911690711975098,8.761850357055664,10.069754600524902,9.174833297729492,8.142975807189941,,,,,,,,,,,,,,,,,,,,,,,,,,,,,,,,,,,,,,,,
33,6584,,,,,,,,,,,,,,,,,,,,,,,,,,,,,,,,,,,,,,,,,0.30925315618515015,0.3030295968055725,0.11019837856292725,0.3914453983306885,0.2365766018629074,0.4358302652835846,0.3718565106391907,0.23418650031089783,0.2536580264568329,0.44649720191955566,6.006028175354004,4.668118476867676,3.75606107711792,6.234445571899414,5.140707969665527,8.442092895507812,7.65189266204834,4.707199573516846,5.326564788818359,8.127169609069824,,,,,,,,,,,7.653249263763428,6.094033241271973,4.782987594604492,8.697421073913574,6.959620475769043,10.698787689208984,9.978344917297363,5.7074174880981445,5.7815937995910645,10.179034233093262,,,,,,,,,,,,,,,,,,,,,,,,,,,,,,,,,,,,,,,,
33,6589,,,,,,,,,,,,,,,,,,,,,,,,,,,,,,,,,,,,,,,,,0.5603379607200623,0.2184087634086609,1.4355894327163696,0.2136106789112091,0.399687260389328,0.5769292116165161,0.6286383867263794,0.8714821934700012,0.08673535287380219,0.6119602918624878,7.565396785736084,3.916994094848633,13.925333023071289,4.515933990478516,7.509363174438477,9.187295913696289,9.374456405639648,6.940332889556885,3.2702763080596924,9.448586463928223,,,,,,,,,,,9.944331169128418,5.173652648925781,17.263418197631836,6.424899578094482,9.046066284179688,12.309406280517578,12.973920822143555,11.010017395019531,3.38081431388855,11.916777610778809,,,,,,,,,,,,,,,,,,,,,,,,,,,,,,,,,,,,,,,,
33,6594,,,,,,,,,,,,,,,,,,,,,,,,,,,,,,,,,,,,,,,,,0.33737650513648987,0.18892286717891693,0.437656968832016,0.29551368951797485,0.2898472547531128,0.37057435512542725,0.3162333369255066,0.6123320460319519,0.09404301643371582,0.43126505613327026,6.0982842445373535,3.6582672595977783,7.212992191314697,5.738106727600098,6.272133827209473,7.043528079986572,7.67742919921875,6.511923313140869,3.1132051944732666,7.656972408294678,,,,,,,,,,,7.936043739318848,4.811766624450684,9.531880378723145,7.5569000244140625,7.703431606292725,9.865372657775879,9.201839447021484,9.228947639465332,3.520355701446533,10.003900527954102,,,,,,,,,,,,,,,,,,,,,,,,,,,,,,,,,,,,,,,,
33,6595,,,,,,,,,,,,,,,,,,,,,,,,,,,,,,,,,,,,,,,,,,,,,,,,,,,6.121212482452393,5.042838096618652,5.898825168609619,5.733532428741455,6.270793914794922,7.767587661743164,6.893153667449951,5.1543707847595215,5.2730584144592285,7.056748390197754,0.6316981911659241,0.6172078847885132,0.7011945843696594,0.6975220441818237,0.6399968862533569,0.5419058799743652,0.6063871383666992,0.6669665575027466,0.6327970027923584,0.581305980682373,8.092668533325195,6.6732892990112305,7.755838394165039,7.614996910095215,8.41876220703125,10.329100608825684,9.251192092895508,6.724119186401367,6.8709492683410645,9.19577407836914,0.5197502374649048,0.601138174533844,0.5313378572463989,0.36483055353164673,0.6186918616294861,0.5881813764572144,0.46942490339279175,0.4153676927089691,0.528510332107544,0.5602692365646362,7.4250030517578125,6.030567169189453,7.461833953857422,5.906164646148682,8.647589683532715,9.345046043395996,8.419172286987305,5.9816365242004395,6.553603649139404,8.479412078857422,0.42567506432533264,0.37640541791915894,0.5582170486450195,0.6178321242332458,0.24200654029846191,0.4683430790901184,0.5172248482704163,0.30758172273635864,0.2867391109466553,0.4567257761955261,10.105338096618652,8.738068580627441,10.1903657913208,9.183974266052246,11.779528617858887,12.536349296569824,11.107778549194336,7.757724761962891,8.588159561157227,11.066096305847168
34,6599,,,,,,,,,,,,,,,,,,,,,,,,,,,,,,,,,,,,,,,,,0.27509424090385437,0.2945762872695923,0.12374258041381836,0.2360713928937912,0.1634518802165985,0.18439863622188568,0.21011343598365784,0.16067031025886536,0.7456749677658081,0.357148677110672,5.4481072425842285,4.520864486694336,3.8234987258911133,5.1252360343933105,4.4957733154296875,5.813865661621094,5.7507781982421875,3.879383087158203,8.867119789123535,6.756444454193115,,,,,,,,,,,6.8688645362854,6.008431911468506,5.068404197692871,6.754240989685059,5.78488302230835,6.959125995635986,7.50062894821167,4.727445125579834,9.912839889526367,9.103778839111328,,,,,,,,,,,,,,,,,,,,,,,,,,,,,,,,,,,,,,,,
34,6604,,,,,,,,,,,,,,,,,,,,,,,,,,,,,,,,,,,,,,,,,0.6343856453895569,0.19891493022441864,0.7430000305175781,0.7183822989463806,0.4892995059490204,0.4849197268486023,1.0013201236724854,0.8552820086479187,0.6869995594024658,0.5313524603843689,8.196681022644043,3.9536919593811035,9.22091007232666,8.15648078918457,7.512073993682861,8.153890609741211,11.79957389831543,8.223062515258789,7.8300909996032715,8.9203519821167,,,,,,,,,,,10.925981521606445,4.937373638153076,12.419556617736816,11.78237247467041,10.008915901184082,11.285240173339844,16.374094009399414,10.907203674316406,9.514841079711914,11.104232788085938,,,,,,,,,,,,,,,,,,,,,,,,,,,,,,,,,,,,,,,,
34,6609,,,,,,,,,,,,,,,,,,,,,,,,,,,,,,,,,,,,,,,,,0.5277069211006165,0.6729907393455505,0.3395814597606659,0.3979782462120056,1.1501591205596924,0.7222111225128174,0.3360635042190552,0.28967511653900146,0.5982666611671448,0.24243620038032532,7.727184772491455,7.505126953125,6.65838623046875,6.239424705505371,12.786846160888672,10.909346580505371,6.196900367736816,5.845541477203369,7.466180801391602,5.936910152435303,,,,,,,,,,,9.73097038269043,9.081692695617676,8.39621639251709,8.769697189331055,15.345415115356445,13.772347450256348,9.485963821411133,6.34766960144043,8.879136085510254,7.500598430633545,,,,,,,,,,,,,,,,,,,,,,,,,,,,,,,,,,,,,,,,
34,6614,,,,,,,,,,,,,,,,,,,,,,,,,,,,,,,,,,,,,,,,,0.3304750621318817,0.46517863869667053,0.2060871124267578,0.10535407066345215,0.1357903927564621,0.6453519463539124,0.4252878725528717,0.35044217109680176,0.18903598189353943,0.45174741744995117,6.203566551208496,5.301008224487305,5.519465923309326,4.127179145812988,4.191757678985596,9.91597843170166,8.735156059265137,5.881185531616211,4.090434551239014,8.06993579864502,,,,,,,,,,,7.753092288970947,7.550437927246094,6.5408935546875,4.512119293212891,5.272713661193848,13.01889705657959,10.671175956726074,6.981791973114014,4.991091251373291,10.238704681396484,,,,,,,,,,,,,,,,,,,,,,,,,,,,,,,,,,,,,,,,
34,6619,,,,,,,,,,,,,,,,,,,,,,,,,,,,,,,,,,,,,,,,,0.3570508360862732,0.2937809228897095,0.18584607541561127,0.21888934075832367,0.16972985863685608,0.15167661011219025,0.5095922350883484,0.3505244553089142,1.148822546005249,0.18459558486938477,6.248716354370117,4.696739196777344,4.438852787017822,5.530065059661865,5.129101276397705,4.981192588806152,9.63231086730957,5.8779778480529785,10.118966102600098,5.833239555358887,,,,,,,,,,,7.603856563568115,6.000316143035889,6.21138334274292,6.503799915313721,5.894931316375732,6.311537742614746,11.681058883666992,6.982611656188965,12.304096221923828,6.544972896575928,,,,,,,,,,,,,,,,,,,,,,,,,,,,,,,,,,,,,,,,
34,6624,,,,,,,,,,,,,,,,,,,,,,,,,,,,,,,,,,,,,,,,,0.15398815274238586,0.07218408584594727,0.26117801666259766,0.1133730411529541,0.10566912591457367,0.21080948412418365,0.21170674264431,0.1619688868522644,0.11996875703334808,0.12903523445129395,4.569633483886719,2.3353686332702637,6.286546230316162,4.271873474121094,3.610874891281128,6.046114444732666,6.458384037017822,3.863225221633911,3.6608834266662598,4.5934295654296875,,,,,,,,,,,5.426023483276367,2.974287986755371,7.363426208496094,4.680688858032227,4.65129280090332,7.440821647644043,7.529015064239502,4.746511459350586,3.9761006832122803,5.472066402435303,,,,,,,,,,,,,,,,,,,,,,,,,,,,,,,,,,,,,,,,
34,6629,,,,,,,,,,,,,,,,,,,,,,,,,,,,,,,,,,,,,,,,,0.4374493956565857,0.4313827157020569,0.586489200592041,0.294218510389328,0.19350793957710266,0.8592840433120728,0.34945249557495117,0.5478821992874146,0.2219647616147995,0.4528627097606659,6.825693607330322,5.714894771575928,9.058709144592285,5.368490695953369,4.7135396003723145,10.74476432800293,7.400704383850098,6.787325382232666,4.127309799194336,7.515498638153076,,,,,,,,,,,9.024995803833008,7.270992279052734,11.034220695495605,7.540321350097656,6.294322967529297,15.022570610046387,9.673081398010254,8.729759216308594,5.408356666564941,10.251336097717285,,,,,,,,,,,,,,,,,,,,,,,,,,,,,,,,,,,,,,,,
34,6634,,,,,,,,,,,,,,,,,,,,,,,,,,,,,,,,,,,,,,,,,0.620138943195343,0.5051963329315186,0.4927598834037781,0.5287418365478516,0.211373433470726,0.3530867397785187,0.47622501850128174,0.6828225255012512,2.0541248321533203,0.27691972255706787,8.359877586364746,5.787724494934082,10.106555938720703,8.211878776550293,4.081428527832031,6.571468830108643,7.884983539581299,9.295660018920898,16.452682495117188,6.8465166091918945,,,,,,,,,,,9.978446006774902,7.868507385253906,10.11414909362793,10.108267784118652,6.578469276428223,9.62978458404541,11.292156219482422,9.745691299438477,16.452682495117188,8.016304016113281,,,,,,,,,,,,,,,,,,,,,,,,,,,,,,,,,,,,,,,,
34,6639,,,,,,,,,,,,,,,,,,,,,,,,,,,,,,,,,,,,,,,,,0.3441702425479889,0.32333695888519287,0.333108127117157,0.12244115024805069,0.26271936297416687,0.9706219434738159,0.3026670217514038,0.4181421399116516,0.11812267452478409,0.2463730275630951,6.26668119430542,4.488617420196533,6.291219234466553,3.9650416374206543,5.976733684539795,11.784210205078125,6.933821201324463,6.83083963394165,3.546222686767578,6.583423614501953,,,,,,,,,,,7.878957271575928,6.294915676116943,8.315804481506348,4.8642802238464355,7.334080696105957,15.96617603302002,9.002297401428223,7.6264190673828125,3.94538950920105,7.561253070831299,,,,,,,,,,,,,,,,,,,,,,,,,,,,,,,,,,,,,,,,
34,6644,,,,,,,,,,,,,,,,,,,,,,,,,,,,,,,,,,,,,,,,,0.4401821196079254,0.44857752323150635,0.09003537148237228,0.31708824634552,0.5775451064109802,0.43913769721984863,0.2001403123140335,1.377282738685608,0.13005076348781586,0.381781667470932,6.685617923736572,5.717630386352539,3.6456146240234375,6.771905422210693,8.026071548461914,8.754598617553711,5.56585693359375,10.6576509475708,3.6364846229553223,7.3947529792785645,,,,,,,,,,,8.432548522949219,7.414484977722168,4.323328495025635,7.82789421081543,10.8740816116333,10.73930549621582,7.320455074310303,13.841089248657227,4.139803409576416,9.412494659423828,,,,,,,,,,,,,,,,,,,,,,,,,,,,,,,,,,,,,,,,
34,6649,,,,,,,,,,,,,,,,,,,,,,,,,,,,,,,,,,,,,,,,,0.22194404900074005,0.21828880906105042,0.23622345924377441,0.19703799486160278,0.2043180912733078,0.31703895330429077,0.29057273268699646,0.259345680475235,0.0237486120313406,0.25092214345932007,5.391488075256348,4.260298252105713,6.18437385559082,4.586644172668457,5.587558269500732,7.653941631317139,7.578680992126465,5.27716588973999,1.1914188861846924,6.20330810546875,,,,,,,,,,,6.462778091430664,5.172232151031494,7.002823352813721,6.170635223388672,6.467748165130615,9.124985694885254,8.820602416992188,6.006178379058838,1.7690595388412476,7.630741119384766,,,,,,,,,,,,,,,,,,,,,,,,,,,,,,,,,,,,,,,,
34,6654,,,,,,,,,,,,,,,,,,,,,,,,,,,,,,,,,,,,,,,,,0.3044838607311249,0.3451286256313324,0.08643621951341629,0.35124146938323975,0.707150399684906,0.5057143568992615,0.27446863055229187,0.09696710854768753,0.06933513283729553,0.3039127588272095,5.920203685760498,5.370993614196777,3.412449359893799,6.641585350036621,9.240168571472168,9.79110336303711,6.3850016593933105,3.2586681842803955,2.7190284729003906,6.46283483505249,,,,,,,,,,,7.355709552764893,6.503583908081055,4.236034870147705,8.23868179321289,12.032490730285645,11.524670600891113,8.5726900100708,3.672577142715454,3.0227344036102295,8.397919654846191,,,,,,,,,,,,,,,,,,,,,,,,,,,,,,,,,,,,,,,,
34,6659,,,,,,,,,,,,,,,,,,,,,,,,,,,,,,,,,,,,,,,,,0.46412917971611023,0.5252272486686707,0.375598281621933,0.2406431883573532,0.7034321427345276,0.7097006440162659,0.5668597221374512,0.544110894203186,0.040911924093961716,0.4706784784793854,7.667285442352295,5.991038799285889,7.0159101486206055,6.071718692779541,9.647128105163574,10.477418899536133,10.489909172058105,8.218350410461426,1.8872768878936768,9.206817626953125,,,,,,,,,,,9.235386848449707,8.02298355102539,8.8302583694458,6.819329261779785,12.000815391540527,13.65254020690918,12.319940567016602,8.699662208557129,2.321925163269043,10.451037406921387,,,,,,,,,,,,,,,,,,,,,,,,,,,,,,,,,,,,,,,,
34,6664,,,,,,,,,,,,,,,,,,,,,,,,,,,,,,,,,,,,,,,,,0.3741622269153595,0.44249677658081055,0.8351427912712097,0.36068660020828247,0.33417952060699463,0.31987833976745605,0.4007371664047241,0.06304211169481277,0.41519492864608765,0.19610175490379333,6.350581645965576,5.554963111877441,9.743793487548828,6.412577152252197,6.972801208496094,7.07164192199707,8.231311798095703,2.166790008544922,5.5781145095825195,5.423239231109619,,,,,,,,,,,8.197766304016113,7.364060401916504,13.167157173156738,8.348719596862793,8.271600723266602,9.165756225585938,10.358589172363281,2.961243152618408,7.396892547607422,6.7458696365356445,,,,,,,,,,,,,,,,,,,,,,,,,,,,,,,,,,,,,,,,
34,6669,,,,,,,,,,,,,,,,,,,,,,,,,,,,,,,,,,,,,,,,,0.27579590678215027,0.1316809505224228,0.48225516080856323,0.1919153928756714,0.25493207573890686,0.21559001505374908,0.31392747163772583,0.6994210481643677,0.050729379057884216,0.14171166718006134,5.683220863342285,2.9606406688690186,8.233283042907715,5.253878116607666,5.973592758178711,6.2271904945373535,7.094015598297119,8.88785457611084,1.9606940746307373,4.557837963104248,,,,,,,,,,,6.912657260894775,4.017202854156494,10.005760192871094,6.089894771575928,7.224567890167236,7.524716377258301,9.168229103088379,9.863432884216309,2.5855510234832764,5.734558582305908,,,,,,,,,,,,,,,,,,,,,,,,,,,,,,,,,,,,,,,,
34,6674,,,,,,,,,,,,,,,,,,,,,,,,,,,,,,,,,,,,,,,,,0.5277647376060486,0.2995865046977997,0.6462595462799072,0.8753051161766052,0.16985590755939484,1.0728623867034912,0.5329411625862122,0.374727725982666,0.44123929738998413,0.3371050953865051,7.483659744262695,4.824750900268555,9.473889350891113,9.281771659851074,3.6788434982299805,11.145748138427734,9.050439834594727,6.355887413024902,6.190372467041016,7.3512282371521,,,,,,,,,,,9.885149955749512,6.0593132972717285,11.582841873168945,13.005725860595703,5.897120475769043,16.786026000976562,11.94566822052002,7.219658374786377,7.62536096572876,8.844634056091309,,,,,,,,,,,,,,,,,,,,,,,,,,,,,,,,,,,,,,,,
34,6679,,,,,,,,,,,,,,,,,,,,,,,,,,,,,,,,,,,,,,,,,0.26510241627693176,0.6632238626480103,0.13020798563957214,0.10450205206871033,0.1724500060081482,0.3053177297115326,0.18586215376853943,0.17884306609630585,0.255013644695282,0.39050111174583435,5.485263824462891,6.814387798309326,4.542799472808838,3.828611135482788,4.985649585723877,6.339402198791504,5.975657939910889,4.220703125,4.472661018371582,8.187504768371582,,,,,,,,,,,6.773749828338623,9.015552520751953,5.199127674102783,4.493836879730225,5.941980361938477,8.954717636108398,7.054501056671143,4.987636566162109,5.797022819519043,9.519372940063477,,,,,,,,,,,,,,,,,,,,,,,,,,,,,,,,,,,,,,,,
34,6684,,,,,,,,,,,,,,,,,,,,,,,,,,,,,,,,,,,,,,,,,0.500178873538971,0.3831368684768677,0.4167833924293518,0.7549654245376587,0.28230103850364685,0.7257898449897766,0.5929847359657288,0.3669247627258301,0.6983572840690613,0.2803666889667511,7.5862579345703125,5.356858253479004,6.441669464111328,8.615729331970215,6.700250625610352,11.713529586791992,8.383877754211426,6.135326862335205,8.294200897216797,6.634881973266602,,,,,,,,,,,9.67173957824707,6.8523454666137695,9.301797866821289,12.078651428222656,7.6024909019470215,13.806427955627441,12.600638389587402,7.144095420837402,9.593169212341309,8.066040992736816,,,,,,,,,,,,,,,,,,,,,,,,,,,,,,,,,,,,,,,,
34,6689,,,,,,,,,,,,,,,,,,,,,,,,,,,,,,,,,,,,,,,,,0.2813439965248108,0.6748444437980652,0.3129178583621979,0.21246343851089478,0.19021719694137573,0.24342280626296997,0.1559758484363556,0.25599226355552673,0.1375155746936798,0.3487463593482971,5.954405307769775,6.616967678070068,6.8358330726623535,6.253403663635254,5.4281511306762695,6.6775102615356445,5.1564836502075195,5.498769283294678,3.858962297439575,7.2635698318481445,,,,,,,,,,,7.05340576171875,9.094191551208496,8.059847831726074,6.407623291015625,6.240573883056641,7.995699882507324,6.4624834060668945,5.967221260070801,4.256957054138184,8.996052742004395,,,,,,,,,,,,,,,,,,,,,,,,,,,,,,,,,,,,,,,,
34,6694,,,,,,,,,,,,,,,,,,,,,,,,,,,,,,,,,,,,,,,,,0.5869267582893372,1.0533149242401123,0.30602261424064636,0.6188597679138184,0.90080726146698,0.47002100944519043,0.655924379825592,0.42866724729537964,0.2867710590362549,0.5619530081748962,7.580382347106934,7.579134464263916,5.777312278747559,7.597291469573975,9.470446586608887,7.886697769165039,9.899397850036621,5.430558681488037,4.5914692878723145,9.991135597229004,,,,,,,,,,,10.388914108276367,11.361648559570312,7.970552444458008,10.935811042785645,13.580493927001953,11.110522270202637,13.252495765686035,7.721805572509766,6.147392749786377,11.419503211975098,,,,,,,,,,,,,,,,,,,,,,,,,,,,,,,,,,,,,,,,
34,6699,,,,,,,,,,,,,,,,,,,,,,,,,,,,,,,,,,,,,,,,,0.3155125677585602,0.2529115676879883,0.2679371237754822,0.3642653226852417,0.30875539779663086,0.21509234607219696,0.5512431859970093,0.39686155319213867,0.22133950889110565,0.2612069547176361,6.073259353637695,3.8787946701049805,6.8285675048828125,6.117713928222656,6.814764022827148,6.141646385192871,9.85318374633789,5.035265922546387,4.3455939292907715,5.643802165985107,,,,,,,,,,,7.738596439361572,5.567325592041016,7.458098411560059,8.390036582946777,7.950727462768555,7.516026496887207,12.149052619934082,7.429819583892822,5.400733470916748,7.785554885864258,,,,,,,,,,,,,,,,,,,,,,,,,,,,,,,,,,,,,,,,
34,6704,,,,,,,,,,,,,,,,,,,,,,,,,,,,,,,,,,,,,,,,,0.2952185571193695,0.5779350399971008,0.29894858598709106,0.09986015409231186,0.4621569812297821,0.31445857882499695,0.06477122008800507,0.13881464302539825,0.4511953592300415,0.24882644414901733,5.321593284606934,6.115256309509277,6.337064743041992,3.875281810760498,5.308463096618652,7.074390411376953,3.593585968017578,3.538351058959961,6.136463165283203,5.915487289428711,,,,,,,,,,,7.041134357452393,8.415923118591309,7.877890110015869,4.392897129058838,9.727347373962402,9.087775230407715,4.164490222930908,4.394165515899658,7.710909843444824,7.5988078117370605,,,,,,,,,,,,,,,,,,,,,,,,,,,,,,,,,,,,,,,,
34,6709,,,,,,,,,,,,,,,,,,,,,,,,,,,,,,,,,,,,,,,,,0.6438649296760559,0.49227815866470337,1.035836100578308,0.6438741683959961,0.6682047247886658,0.6857186555862427,0.5407180786132812,0.7594488859176636,0.5772129893302917,0.3914928138256073,8.80430793762207,5.171175003051758,11.300066947937012,8.405768394470215,9.955373764038086,10.404834747314453,9.427227973937988,10.03410530090332,6.4459991455078125,8.094222068786621,,,,,,,,,,,11.02953815460205,7.767254829406738,14.664158821105957,11.154635429382324,11.69645881652832,13.419885635375977,12.032510757446289,10.277985572814941,8.721502304077148,9.531452178955078,,,,,,,,,,,,,,,,,,,,,,,,,,,,,,,,,,,,,,,,
34,6714,,,,,,,,,,,,,,,,,,,,,,,,,,,,,,,,,,,,,,,,,0.6004209518432617,0.36182716488838196,0.960746705532074,0.8310090899467468,0.49603503942489624,0.43010005354881287,0.5551280975341797,0.4493938088417053,0.5474128127098083,0.7721361517906189,8.001672744750977,5.239802360534668,12.763015747070312,8.157299995422363,8.32375431060791,7.712540626525879,8.569877624511719,5.131589412689209,6.851174831390381,9.265999794006348,,,,,,,,,,,10.681901931762695,6.659058570861816,14.122648239135742,12.672368049621582,10.077569961547852,10.62822151184082,12.191787719726562,7.906281471252441,8.49338436126709,13.385795593261719,,,,,,,,,,,,,,,,,,,,,,,,,,,,,,,,,,,,,,,,
34,6719,,,,,,,,,,,,,,,,,,,,,,,,,,,,,,,,,,,,,,,,,0.24760600924491882,0.08922263234853745,0.21539998054504395,0.29700151085853577,0.23899322748184204,0.37276795506477356,0.2621521055698395,0.17822010815143585,0.31002867221832275,0.2646680772304535,5.288084983825684,2.3014543056488037,4.300473213195801,5.903894424438477,5.489595890045166,7.273287296295166,6.829996585845947,3.93015718460083,4.616336822509766,6.947567939758301,,,,,,,,,,,6.8939056396484375,3.3067378997802734,6.68704891204834,7.575900077819824,6.9950761795043945,9.894529342651367,8.378137588500977,4.978941917419434,6.391815185546875,7.836966514587402,,,,,,,,,,,,,,,,,,,,,,,,,,,,,,,,,,,,,,,,
34,6724,,,,,,,,,,,,,,,,,,,,,,,,,,,,,,,,,,,,,,,,,0.4146512448787689,0.37686169147491455,0.1286095231771469,0.10294840484857559,1.1485193967819214,0.7938357591629028,0.4136617183685303,0.14365431666374207,0.19453191757202148,0.42923837900161743,6.764870643615723,4.95461893081665,4.544635772705078,3.743138551712036,11.471197128295898,11.565744400024414,9.13320541381836,4.299349308013916,4.433746337890625,6.73820161819458,,,,,,,,,,,8.470548629760742,6.795998573303223,5.167115688323975,4.460306644439697,15.33447265625,14.439133644104004,10.52430534362793,4.470108509063721,5.0631256103515625,9.980366706848145,,,,,,,,,,,,,,,,,,,,,,,,,,,,,,,,,,,,,,,,
34,6729,,,,,,,,,,,,,,,,,,,,,,,,,,,,,,,,,,,,,,,,,0.5149586200714111,0.2937357425689697,0.5812743902206421,0.3206489086151123,0.42529061436653137,0.6684391498565674,0.2034008502960205,0.9719774127006531,0.8357459306716919,0.334114670753479,7.908199787139893,4.785391330718994,8.881510734558105,6.32797384262085,7.462704181671143,10.202993392944336,5.648074150085449,10.679729461669922,9.408567428588867,7.77685546875,,,,,,,,,,,9.527200698852539,5.999853610992432,10.985054969787598,7.8717217445373535,9.331307411193848,13.249723434448242,7.3798441886901855,11.62751293182373,10.494467735290527,8.805316925048828,,,,,,,,,,,,,,,,,,,,,,,,,,,,,,,,,,,,,,,,
34,6734,,,,,,,,,,,,,,,,,,,,,,,,,,,,,,,,,,,,,,,,,0.3690163791179657,0.45018452405929565,0.49313411116600037,0.22847580909729004,0.6181247234344482,0.34821125864982605,0.6449909210205078,0.13339051604270935,0.24761220812797546,0.15702325105667114,6.364401340484619,5.774729251861572,8.817167282104492,5.146197319030762,7.21087646484375,7.019489288330078,9.786836624145508,3.827272891998291,4.926045894622803,4.770998954772949,,,,,,,,,,,8.244539260864258,7.427753925323486,10.117989540100098,6.644694805145264,11.249614715576172,9.563068389892578,13.141579627990723,4.307459354400635,5.712277889251709,6.036416053771973,,,,,,,,,,,,,,,,,,,,,,,,,,,,,,,,,,,,,,,,
34,6739,,,,,,,,,,,,,,,,,,,,,,,,,,,,,,,,,,,,,,,,,0.18373627960681915,0.25862622261047363,0.16254377365112305,0.03281576558947563,0.24476301670074463,0.10283411294221878,0.2111687958240509,0.09147659689188004,0.2368437945842743,0.31255432963371277,4.71975564956665,4.798489570617676,4.944626331329346,2.060689687728882,6.218343257904053,4.054614067077637,4.942051887512207,3.124690055847168,4.780043125152588,7.554247856140137,,,,,,,,,,,5.713627815246582,5.6298723220825195,5.808938980102539,2.5182340145111084,7.079010009765625,5.196901321411133,7.519442558288574,3.567087173461914,5.586686611175537,8.51647663116455,,,,,,,,,,,,,,,,,,,,,,,,,,,,,,,,,,,,,,,,
34,6744,,,,,,,,,,,,,,,,,,,,,,,,,,,,,,,,,,,,,,,,,0.2105153352022171,0.2161312997341156,0.08545331656932831,0.05640546232461929,0.3560737073421478,0.19090239703655243,0.2642894983291626,0.2876488268375397,0.1235629990696907,0.31417059898376465,4.80620813369751,4.45795202255249,3.8874731063842773,2.4873604774475098,6.691527366638184,5.261013031005859,6.2642130851745605,5.136693954467773,3.403482437133789,5.6661553382873535,,,,,,,,,,,6.176712989807129,5.146608352661133,4.211881637573242,3.3015315532684326,8.538264274597168,7.080787181854248,8.412221908569336,6.325429439544678,4.03522253036499,8.538468360900879,,,,,,,,,,,,,,,,,,,,,,,,,,,,,,,,,,,,,,,,
34,6749,,,,,,,,,,,,,,,,,,,,,,,,,,,,,,,,,,,,,,,,,0.45138877630233765,0.4102799892425537,0.1815841645002365,0.28532034158706665,0.2905530631542206,0.1695915311574936,0.41458645462989807,0.7628688216209412,1.2758939266204834,0.2718210220336914,6.907373905181885,5.530825138092041,4.46864128112793,6.419371604919434,6.373223781585693,5.03220272064209,7.555878162384033,8.792583465576172,12.018383026123047,5.975255012512207,,,,,,,,,,,8.532093048095703,7.090918064117432,6.139749526977539,7.425423622131348,7.71280574798584,6.673873424530029,10.536062240600586,10.301101684570312,12.9667329788208,7.942161560058594,,,,,,,,,,,,,,,,,,,,,,,,,,,,,,,,,,,,,,,,
34,6754,,,,,,,,,,,,,,,,,,,,,,,,,,,,,,,,,,,,,,,,,0.36539211869239807,0.3558383285999298,0.10269805043935776,0.06477171927690506,0.703447699546814,0.17627878487110138,0.15656225383281708,0.5950432419776917,0.7541712522506714,0.37971755862236023,6.348015785217285,6.007547855377197,3.968154191970825,2.784738063812256,9.568060874938965,6.108109951019287,5.1148457527160645,7.489707946777344,9.235811233520508,6.855161666870117,,,,,,,,,,,7.610292911529541,6.603719711303711,4.617349624633789,3.537917137145996,12.000947952270508,6.804181098937988,6.474621295928955,9.097728729248047,9.96915340423584,9.387015342712402,,,,,,,,,,,,,,,,,,,,,,,,,,,,,,,,,,,,,,,,
34,6759,,,,,,,,,,,,,,,,,,,,,,,,,,,,,,,,,,,,,,,,,0.4035191237926483,0.22047622501850128,0.3546818494796753,0.578994631767273,0.581529974937439,0.36229074001312256,0.43956485390663147,0.2690504789352417,0.5239053964614868,0.3011779189109802,7.597361087799072,3.9938623905181885,7.995111465454102,9.642895698547363,9.4522123336792,8.5597562789917,9.584511756896973,5.298606872558594,7.10591983795166,6.743371486663818,,,,,,,,,,,8.739789009094238,5.198082447052002,8.580866813659668,10.577722549438477,10.911531448364258,9.754487991333008,10.848814010620117,6.117523193359375,8.309019088745117,8.360048294067383,,,,,,,,,,,,,,,,,,,,,,,,,,,,,,,,,,,,,,,,
34,6764,,,,,,,,,,,,,,,,,,,,,,,,,,,,,,,,,,,,,,,,,0.4177699089050293,0.5886668562889099,0.5349246859550476,0.2099921703338623,0.2584901452064514,0.4454538822174072,0.6681223511695862,0.3517013490200043,0.4392225444316864,0.26335516571998596,6.648264408111572,6.589968204498291,6.802187919616699,5.6521501541137695,5.420331001281738,7.291421413421631,8.883140563964844,6.158732891082764,7.076661586761475,5.95978307723999,,,,,,,,,,,8.809768676757812,8.49370288848877,10.537994384765625,6.3702497482299805,7.274810314178467,10.816263198852539,13.375153541564941,6.99432373046875,7.607914447784424,7.817504405975342,,,,,,,,,,,,,,,,,,,,,,,,,,,,,,,,,,,,,,,,
34,6769,,,,,,,,,,,,,,,,,,,,,,,,,,,,,,,,,,,,,,,,,0.1853305846452713,0.20954377949237823,0.14638309180736542,0.11287159472703934,0.2382577806711197,0.22517617046833038,0.3247220516204834,0.11981957405805588,0.08927470445632935,0.20192638039588928,4.982508182525635,3.752336025238037,4.250175476074219,3.887073516845703,5.766249656677246,6.952520847320557,7.817101955413818,3.770545482635498,2.914726972579956,5.731844425201416,,,,,,,,,,,5.956362247467041,5.067568302154541,5.512608051300049,4.670326232910156,6.984304428100586,7.690189838409424,9.324524879455566,4.0824666023254395,3.429947853088379,6.845320224761963,,,,,,,,,,,,,,,,,,,,,,,,,,,,,,,,,,,,,,,,
34,6774,,,,,,,,,,,,,,,,,,,,,,,,,,,,,,,,,,,,,,,,,0.22336168587207794,0.11687001585960388,0.21457894146442413,0.07477286458015442,0.32677802443504333,0.2689872682094574,0.19660353660583496,0.30538249015808105,0.22721868753433228,0.27906334400177,5.05248498916626,3.0693554878234863,5.022458553314209,2.968738079071045,6.338101387023926,6.0349931716918945,5.412886619567871,5.456673622131348,4.776390552520752,6.39276647567749,,,,,,,,,,,6.45965576171875,3.784546375274658,6.674292087554932,3.8012537956237793,8.179487228393555,8.405077934265137,7.255484580993652,6.517496585845947,5.471990585327148,8.047270774841309,,,,,,,,,,,,,,,,,,,,,,,,,,,,,,,,,,,,,,,,
34,6779,,,,,,,,,,,,,,,,,,,,,,,,,,,,,,,,,,,,,,,,,0.24380093812942505,0.4514482617378235,0.15069997310638428,0.048458851873874664,0.1884068101644516,0.181462362408638,0.21031835675239563,0.6840394735336304,0.14600665867328644,0.1333676427602768,5.111201763153076,5.548055171966553,4.726855278015137,2.930957794189453,5.1511311531066895,5.8684821128845215,5.84482479095459,7.987152099609375,3.6167373657226562,4.326623439788818,,,,,,,,,,,6.268240451812744,7.438172817230225,5.593301773071289,3.060141086578369,6.210805892944336,6.903497219085693,7.504286289215088,9.754371643066406,4.38641357421875,5.56317138671875,,,,,,,,,,,,,,,,,,,,,,,,,,,,,,,,,,,,,,,,
34,6784,,,,,,,,,,,,,,,,,,,,,,,,,,,,,,,,,,,,,,,,,0.32814958691596985,0.05136006325483322,0.16697417199611664,0.17088499665260315,0.5747596621513367,0.7754175066947937,0.3903573751449585,0.23136435449123383,0.1443929821252823,0.4478352665901184,5.936400413513184,1.9489365816116333,4.881198406219482,5.243666648864746,7.063726425170898,9.402979850769043,7.925940036773682,4.854044437408447,3.56536602973938,8.54174518585205,,,,,,,,,,,7.746034622192383,2.508852005004883,5.887572765350342,5.746545791625977,10.847827911376953,14.270647048950195,10.223556518554688,5.672924041748047,4.362106800079346,10.19427490234375,,,,,,,,,,,,,,,,,,,,,,,,,,,,,,,,,,,,,,,,
34,6789,,,,,,,,,,,,,,,,,,,,,,,,,,,,,,,,,,,,,,,,,0.4006044566631317,0.6399778723716736,0.5133184194564819,0.15785835683345795,0.24667827785015106,0.34159398078918457,0.19970451295375824,0.42217549681663513,0.5599586963653564,0.5241745114326477,6.741842746734619,6.168603420257568,7.544788837432861,5.382203578948975,5.928587436676025,7.711163520812988,6.555732727050781,4.918271064758301,6.742572784423828,9.724662780761719,,,,,,,,,,,8.4306058883667,8.856144905090332,10.322980880737305,5.5231733322143555,7.106652736663818,9.471765518188477,7.312480926513672,7.663113117218018,8.590160369873047,11.028975486755371,,,,,,,,,,,,,,,,,,,,,,,,,,,,,,,,,,,,,,,,
34,6789,,,,,,,,,,,,,,,,,,,,,,,,,,,,,,,,,,,,,,,,,,,,,,,,,,,6.177780628204346,5.040775775909424,6.0074849128723145,5.7896881103515625,6.352034091949463,7.782597064971924,6.93411111831665,5.297492504119873,5.362452507019043,7.033389091491699,0.6270907521247864,0.6184374690055847,0.6897762417793274,0.694622278213501,0.6383134126663208,0.5386887788772583,0.6050219535827637,0.6515390276908875,0.6212557554244995,0.5861619710922241,8.142894744873047,6.662563800811768,7.902636528015137,7.651412487030029,8.438424110412598,10.365303993225098,9.267221450805664,6.878101348876953,6.978090763092041,9.142292976379395,0.5772851705551147,0.6257330179214478,0.6288684606552124,0.46855854988098145,0.5753810405731201,0.6526072025299072,0.5546566247940063,0.5425015687942505,0.5765513777732849,0.5707086324691772,7.8132452964782715,6.07919454574585,8.283421516418457,6.6215972900390625,8.52233600616455,9.7220458984375,9.163178443908691,6.337182521820068,6.920236110687256,8.670015335083008,0.3478333652019501,0.33756500482559204,0.45479124784469604,0.4643133878707886,0.2985132932662964,0.40347301959991455,0.4352630376815796,0.08221572637557983,0.20848208665847778,0.4458833336830139,10.775458335876465,9.006082534790039,11.320528030395508,10.87324047088623,11.33195686340332,13.279153823852539,12.0137300491333,8.931417465209961,9.047035217285156,11.175976753234863
35,6790,0.6871695518493652,0.5409890413284302,0.50009685754776,0.7962966561317444,0.6006997227668762,0.669808030128479,0.7426506280899048,0.6477730870246887,0.9017447829246521,0.7844667434692383,8.599818229675293,6.123673915863037,7.801933288574219,9.777541160583496,8.563844680786133,10.163812637329102,11.517525672912598,6.600796699523926,7.783969402313232,9.065264701843262,0.27275338768959045,0.5194591283798218,0.26701945066452026,0.06705820560455322,0.47852039337158203,0.261508584022522,0.04350471496582031,0.32593369483947754,0.24234241247177124,0.2494339942932129,11.375717163085938,8.154322624206543,10.208829879760742,12.35616683959961,11.005002975463867,13.076750755310059,14.092696189880371,9.506152153015137,10.793532371520996,13.187994956970215,,,,,,,,,,,,,,,,,,,,,,,,,,,,,,,,,,,,,,,,,,,,,,,,,,,,,,,,,,,,,,,,,,,,,,,,,,,,,,,,
