epoch,step,train/loss,train/loss_BEE:LU,train/loss_CRO:LU,train/loss_EWB:LU,train/loss_HCH:LU,train/loss_HZL:LU,train/loss_LAR:NE,train/loss_LLL:LU,train/loss_SLL:LU,train/loss_SPR:NE,train/mae,train/mae_BEE:LU,train/mae_CRO:LU,train/mae_EWB:LU,train/mae_HCH:LU,train/mae_HZL:LU,train/mae_LAR:NE,train/mae_LLL:LU,train/mae_SLL:LU,train/mae_SPR:NE,train/r2,train/r2_BEE:LU,train/r2_CRO:LU,train/r2_EWB:LU,train/r2_HCH:LU,train/r2_HZL:LU,train/r2_LAR:NE,train/r2_LLL:LU,train/r2_SLL:LU,train/r2_SPR:NE,train/rmse,train/rmse_BEE:LU,train/rmse_CRO:LU,train/rmse_EWB:LU,train/rmse_HCH:LU,train/rmse_HZL:LU,train/rmse_LAR:NE,train/rmse_LLL:LU,train/rmse_SLL:LU,train/rmse_SPR:NE,val/loss,val/loss_BEE:LU,val/loss_CRO:LU,val/loss_EWB:LU,val/loss_HCH:LU,val/loss_HZL:LU,val/loss_LAR:NE,val/loss_LLL:LU,val/loss_SLL:LU,val/loss_SPR:NE,val/mae,val/mae_BEE:LU,val/mae_CRO:LU,val/mae_EWB:LU,val/mae_HCH:LU,val/mae_HZL:LU,val/mae_LAR:NE,val/mae_LLL:LU,val/mae_SLL:LU,val/mae_SPR:NE,val/r2,val/r2_BEE:LU,val/r2_CRO:LU,val/r2_EWB:LU,val/r2_HCH:LU,val/r2_HZL:LU,val/r2_LAR:NE,val/r2_LLL:LU,val/r2_SLL:LU,val/r2_SPR:NE,val/rmse,val/rmse_BEE:LU,val/rmse_CRO:LU,val/rmse_EWB:LU,val/rmse_HCH:LU,val/rmse_HZL:LU,val/rmse_LAR:NE,val/rmse_LLL:LU,val/rmse_SLL:LU,val/rmse_SPR:NE
0,4,0.68755704164505,1.213226318359375,0.5691978335380554,0.28483590483665466,1.115586519241333,0.5536231994628906,1.3262722492218018,0.3750242292881012,0.35310453176498413,0.3971427381038666,9.438014030456543,10.735268592834473,9.631765365600586,7.3231658935546875,12.864286422729492,10.258255004882812,14.156786918640137,5.7198166847229,6.0304741859436035,8.222306251525879,,,,,,,,,,,11.126985549926758,12.193634986877441,10.870344161987305,7.4191179275512695,15.113020896911621,12.058215141296387,18.8446102142334,7.2225141525268555,6.821422100067139,9.599984169006348,,,,,,,,,,,,,,,,,,,,,,,,,,,,,,,,,,,,,,,,
0,9,0.8783405423164368,0.6016836166381836,1.0574774742126465,0.7502293586730957,0.4196607172489166,0.5747588872909546,0.6084676384925842,0.32172971963882446,3.057307243347168,0.5137501955032349,9.668217658996582,6.787295341491699,13.513917922973633,9.542915344238281,8.111786842346191,10.1942138671875,10.181436538696289,5.963310241699219,15.442008972167969,7.277069091796875,,,,,,,,,,,11.938282012939453,8.58709716796875,14.81655502319336,12.040704727172852,9.269339561462402,12.286231994628906,12.764080047607422,6.689663887023926,20.072101593017578,10.918758392333984,,,,,,,,,,,,,,,,,,,,,,,,,,,,,,,,,,,,,,,,
0,14,0.8368180394172668,0.627166748046875,1.48324453830719,0.5874020457267761,0.677756130695343,0.5779001116752625,0.6174392104148865,1.703026294708252,0.8493125438690186,0.40811485052108765,10.063366889953613,6.17857027053833,15.643798828125,8.504925727844238,10.691793441772461,9.660150527954102,10.534716606140137,13.049853324890137,8.303304672241211,8.003190994262695,,,,,,,,,,,12.180928230285645,8.767056465148926,17.5476131439209,10.654243469238281,11.77975845336914,12.319758415222168,12.857836723327637,15.391090393066406,10.579301834106445,9.731693267822266,,,,,,,,,,,,,,,,,,,,,,,,,,,,,,,,,,,,,,,,
0,19,0.7322270274162292,0.9497511386871338,0.7228667140007019,1.026342749595642,0.6519972085952759,0.5859376192092896,0.8747417330741882,0.8627467751502991,0.444126695394516,0.47153240442276,10.198153495788574,9.013288497924805,10.879427909851074,13.507744789123535,9.231712341308594,10.140944480895996,13.478350639343262,9.91486930847168,6.766000270843506,8.851041793823242,,,,,,,,,,,11.71672534942627,10.788652420043945,12.250131607055664,14.08319091796875,11.553738594055176,12.405136108398438,15.30420207977295,10.954696655273438,7.650269508361816,10.460512161254883,,,,,,,,,,,,,,,,,,,,,,,,,,,,,,,,,,,,,,,,
0,24,0.5150248408317566,0.6044338345527649,0.36597996950149536,0.5931187272071838,0.31413933634757996,0.707878053188324,0.2906183898448944,0.8086143136024475,0.8073121905326843,0.1431283801794052,7.668097019195557,7.0795063972473145,5.842190265655518,8.101476669311523,6.40968656539917,11.35920524597168,7.918894290924072,8.76197338104248,9.05811882019043,4.481816291809082,,,,,,,,,,,9.465353965759277,8.60669994354248,8.716463088989258,10.705963134765625,8.019749641418457,13.63499927520752,8.821295738220215,10.60545825958252,10.314401626586914,5.763152122497559,,,,,,,,,,,,,,,,,,,,,,,,,,,,,,,,,,,,,,,,
0,29,0.7748042345046997,0.678500771522522,0.7232990264892578,0.446438729763031,0.5610717535018921,0.5194190740585327,0.8325271010398865,1.7142798900604248,1.0573701858520508,0.4403313398361206,9.757611274719238,7.246126651763916,9.812830924987793,6.988893032073975,8.701811790466309,10.135516166687012,10.39453411102295,15.403947830200195,10.78343391418457,8.35140323638916,,,,,,,,,,,11.704830169677734,9.118794441223145,12.253795623779297,9.288291931152344,10.717878341674805,11.67978286743164,14.930350303649902,15.441859245300293,11.804206848144531,10.108506202697754,,,,,,,,,,,,,,,,,,,,,,,,,,,,,,,,,,,,,,,,
0,34,0.5650069117546082,0.786044716835022,0.5450643301010132,0.1524454951286316,1.1184571981430054,0.8066714406013489,0.4025663137435913,0.5034244060516357,0.49599653482437134,0.27439141273498535,7.442461013793945,6.805239677429199,6.7586259841918945,4.728390216827393,9.661678314208984,10.576333999633789,7.059146881103516,6.769091606140137,8.040365219116211,6.583272933959961,,,,,,,,,,,10.042488098144531,9.814899444580078,10.637401580810547,5.427654266357422,15.132453918457031,14.555401802062988,10.3822021484375,8.368080139160156,8.084675788879395,7.979624271392822,,,,,,,,,,,,,,,,,,,,,,,,,,,,,,,,,,,,,,,,
0,39,0.46920767426490784,0.19028763473033905,0.9370646476745605,0.6015070676803589,0.20920279622077942,0.6166900396347046,0.3427824079990387,0.18784983456134796,0.3800249993801117,0.7574591636657715,7.58781099319458,3.780207395553589,11.757742881774902,9.245037078857422,5.106302261352539,10.705309867858887,7.483242988586426,4.5194411277771,5.741551876068115,9.951460838317871,,,,,,,,,,,9.31730842590332,4.82911491394043,13.947502136230469,10.781401634216309,6.5446038246154785,12.726510047912598,9.580320358276367,5.111685752868652,7.076676845550537,13.257962226867676,,,,,,,,,,,,,,,,,,,,,,,,,,,,,,,,,,,,,,,,
0,44,0.6251834034919739,1.1196402311325073,0.30876967310905457,0.6186327338218689,0.9690280556678772,0.78892582654953,0.43652617931365967,0.6138278245925903,0.529198944568634,0.24210144579410553,8.313234329223633,8.20526123046875,6.286318778991699,8.951376914978027,10.798040390014648,10.912190437316895,8.095250129699707,7.379091262817383,7.545044898986816,6.646535396575928,,,,,,,,,,,10.55905532836914,11.713899612426758,8.006246566772461,10.933805465698242,14.085354804992676,14.394414901733398,10.811250686645508,9.240213394165039,8.350890159606934,7.495418548583984,,,,,,,,,,,,,,,,,,,,,,,,,,,,,,,,,,,,,,,,
0,49,0.7409905195236206,0.38176167011260986,0.5390676856040955,0.15175843238830566,0.40141281485557556,0.8372857570648193,1.4248772859573364,0.38089627027511597,2.2222414016723633,0.32961350679397583,9.072972297668457,5.832837104797363,9.101881980895996,4.627725124359131,7.6495490074157715,11.266047477722168,15.493809700012207,5.516269207000732,15.04446792602539,7.124165058135986,,,,,,,,,,,11.044300079345703,6.840036392211914,10.578723907470703,5.415410041809082,9.065572738647461,14.829029083251953,19.532575607299805,7.278838634490967,17.112714767456055,8.745802879333496,,,,,,,,,,,,,,,,,,,,,,,,,,,,,,,,,,,,,,,,
0,54,1.0725449323654175,0.8689267039299011,0.9030805230140686,0.9327168464660645,1.3782141208648682,1.0750677585601807,1.314997911453247,1.0478614568710327,0.5905389785766602,1.5415000915527344,11.564912796020508,8.035486221313477,12.251825332641602,10.113871574401855,12.523287773132324,13.22728443145752,14.286273956298828,11.502161979675293,7.339056015014648,14.804966926574707,,,,,,,,,,,14.401177406311035,10.319385528564453,13.692253112792969,13.4254789352417,16.798017501831055,16.803266525268555,18.764341354370117,12.07287311553955,8.821603775024414,18.913373947143555,,,,,,,,,,,,,,,,,,,,,,,,,,,,,,,,,,,,,,,,
0,59,0.615160346031189,0.712894856929779,0.3322511911392212,0.4742867946624756,0.6088618040084839,0.39434829354286194,0.7799442410469055,0.8576738238334656,0.4303109645843506,0.7610214352607727,9.080121994018555,8.144462585449219,6.805650234222412,8.300165176391602,9.762765884399414,7.950969219207764,11.227766990661621,10.543529510498047,6.671867370605469,9.90566635131836,,,,,,,,,,,10.903797149658203,9.34705924987793,8.30510139465332,9.573603630065918,11.165007591247559,10.176907539367676,14.451155662536621,10.922443389892578,7.530338764190674,13.289100646972656,,,,,,,,,,,,,,,,,,,,,,,,,,,,,,,,,,,,,,,,
0,64,0.5184611082077026,0.7808927893638611,0.37609878182411194,0.33852115273475647,0.600581169128418,0.552000880241394,0.5401747822761536,0.4840490520000458,0.4915464520454407,0.5022850632667542,8.150277137756348,8.32121467590332,7.6737213134765625,7.347935199737549,9.40995979309082,8.936357498168945,9.203495979309082,6.037866592407227,7.293429851531982,9.128506660461426,,,,,,,,,,,9.87920093536377,9.782682418823242,8.836140632629395,8.08812427520752,11.088825225830078,12.040534019470215,12.026463508605957,8.205469131469727,8.048325538635254,10.796235084533691,,,,,,,,,,,,,,,,,,,,,,,,,,,,,,,,,,,,,,,,
0,69,0.8402544856071472,1.0242313146591187,0.4278920590877533,0.7734205722808838,0.7807868719100952,0.4765360653400421,0.9882099032402039,0.9614951610565186,1.2546736001968384,0.8750446438789368,10.062064170837402,9.792128562927246,7.905569553375244,8.92652702331543,9.692468643188477,7.863898754119873,13.00596809387207,9.745034217834473,11.14169979095459,12.485283851623535,,,,,,,,,,,12.40269947052002,11.203696250915527,9.424943923950195,12.22538948059082,12.643458366394043,11.187259674072266,16.26654815673828,11.564643859863281,12.858450889587402,14.24991512298584,,,,,,,,,,,,,,,,,,,,,,,,,,,,,,,,,,,,,,,,
0,74,0.4563892185688019,0.6979345083236694,0.2400420904159546,0.7283673882484436,0.13999290764331818,0.42986708879470825,0.7223767042160034,0.4016580581665039,0.17227128148078918,0.5749924778938293,7.3721466064453125,7.284614562988281,5.959146499633789,8.803247451782227,4.4528398513793945,9.369781494140625,11.268203735351562,5.7323150634765625,4.637894630432129,8.84127426147461,,,,,,,,,,,9.094303131103516,9.24846363067627,7.059197902679443,11.863972663879395,5.353682994842529,10.625343322753906,13.907615661621094,7.474583148956299,4.764636039733887,11.551231384277344,,,,,,,,,,,,,,,,,,,,,,,,,,,,,,,,,,,,,,,,
0,79,0.4743989408016205,0.4462447762489319,0.6128320693969727,0.7096912860870361,0.422897070646286,0.31640318036079407,0.35623806715011597,0.5781205892562866,0.22770719230175018,0.5994561314582825,7.497795104980469,5.352500915527344,8.880538940429688,9.99321174621582,7.720608711242676,7.7335591316223145,7.6450090408325195,7.508375644683838,3.2768142223358154,9.369537353515625,,,,,,,,,,,9.423605918884277,7.395181655883789,11.279306411743164,11.710881233215332,9.305012702941895,9.11583137512207,9.766545295715332,8.967429161071777,5.477869033813477,11.794401168823242,,,,,,,,,,,,,,,,,,,,,,,,,,,,,,,,,,,,,,,,
0,84,0.4906977117061615,0.5975023508071899,0.24050253629684448,0.44119271636009216,0.46695467829704285,0.33821871876716614,0.5306161046028137,0.6411956548690796,0.8641694188117981,0.29592689871788025,8.331053733825684,7.215762615203857,6.073423862457275,8.706855773925781,9.223501205444336,8.144686698913574,10.481616020202637,8.368576049804688,9.79615306854248,6.968913555145264,,,,,,,,,,,9.375679016113281,8.557208061218262,7.065965175628662,9.23355770111084,9.77770709991455,9.424854278564453,11.919581413269043,9.44395637512207,10.671432495117188,8.286849021911621,,,,,,,,,,,,,,,,,,,,,,,,,,,,,,,,,,,,,,,,
0,89,0.44785818457603455,0.5654686689376831,0.10904642194509506,0.43208596110343933,0.4955921173095703,0.6273545026779175,0.3916182518005371,0.36956363916397095,0.371543288230896,0.6684508919715881,7.7135162353515625,7.268505573272705,3.8131377696990967,7.867496490478516,8.923208236694336,10.596132278442383,8.74930191040039,6.446556091308594,6.224337100982666,9.532967567443848,,,,,,,,,,,9.110135078430176,8.324661254882812,4.757922172546387,9.137763977050781,10.073070526123047,12.836078643798828,10.2400541305542,7.16973876953125,6.997259616851807,12.454662322998047,,,,,,,,,,,,,,,,,,,,,,,,,,,,,,,,,,,,,,,,
0,94,0.7099772095680237,0.8071377277374268,0.4338609278202057,0.39187484979629517,0.941197395324707,0.6157822012901306,0.6493924856185913,0.7226542234420776,1.2100555896759033,0.6178396344184875,9.544998168945312,7.538689136505127,7.250082969665527,7.071994781494141,11.39686107635498,11.215043067932129,10.842260360717773,9.155644416809082,11.14472770690918,10.289684295654297,,,,,,,,,,,11.394556999206543,9.945716857910156,9.490453720092773,8.702190399169922,13.881614685058594,12.717140197753906,13.186344146728516,10.025915145874023,12.6277494430542,11.973885536193848,,,,,,,,,,,,,,,,,,,,,,,,,,,,,,,,,,,,,,,,
0,99,0.7478744983673096,0.658041775226593,0.6550025939941406,0.4965490996837616,0.9994515180587769,1.2162882089614868,0.6907250881195068,0.7914310693740845,0.6444626450538635,0.5789183974266052,9.628697395324707,6.95274543762207,9.859817504882812,7.4141082763671875,12.357504844665527,14.426215171813965,12.159605026245117,7.771289825439453,5.987154960632324,9.72983455657959,,,,,,,,,,,11.945819854736328,8.980262756347656,11.660930633544922,9.795711517333984,14.304758071899414,17.87286376953125,13.59951400756836,10.492169380187988,9.215568542480469,11.590599060058594,,,,,,,,,,,,,,,,,,,,,,,,,,,,,,,,,,,,,,,,
0,104,0.6546467542648315,0.4241520166397095,0.38523852825164795,0.837684690952301,0.5366497039794922,0.8377814292907715,0.4254116415977478,0.7688372135162354,0.8951160311698914,0.7809495329856873,8.759352684020996,5.41399621963501,7.492353916168213,8.414031028747559,8.613921165466309,12.354543685913086,8.749608993530273,8.245689392089844,9.467378616333008,10.082653045654297,,,,,,,,,,,11.058679580688477,7.209797382354736,8.942861557006836,12.723164558410645,10.482023239135742,14.833417892456055,10.672728538513184,10.341317176818848,10.860828399658203,13.461971282958984,,,,,,,,,,,,,,,,,,,,,,,,,,,,,,,,,,,,,,,,
0,109,0.500978410243988,0.6670722365379333,0.3304235339164734,0.2505108416080475,0.41328269243240356,0.48238804936408997,0.674022376537323,0.6697985529899597,0.4860990047454834,0.5352082848548889,8.181403160095215,7.9443230628967285,7.702242374420166,6.427864074707031,8.342397689819336,9.642547607421875,10.405491828918457,7.404144287109375,7.0690789222717285,8.694539070129395,,,,,,,,,,,9.663383483886719,9.041671752929688,8.282227516174316,6.957739353179932,9.198633193969727,11.255742073059082,13.434080123901367,9.652300834655762,8.003605842590332,11.144450187683105,,,,,,,,,,,,,,,,,,,,,,,,,,,,,,,,,,,,,,,,
0,114,0.3816221058368683,0.32717281579971313,0.2670876979827881,0.34789592027664185,0.3921484649181366,0.5911320447921753,0.2821728587150574,0.49632027745246887,0.24211113154888153,0.48855751752853394,6.7175164222717285,5.400899410247803,5.779568672180176,5.872307777404785,6.422148704528809,10.387826919555664,7.165339469909668,6.297939300537109,5.024874210357666,8.106746673583984,,,,,,,,,,,8.521696090698242,6.332145690917969,7.4462666511535645,8.199352264404297,8.960349082946777,12.460002899169922,8.692173957824707,8.30882740020752,5.648468017578125,10.647682189941406,,,,,,,,,,,,,,,,,,,,,,,,,,,,,,,,,,,,,,,,
0,119,0.3924388587474823,0.5532606840133667,0.4893924593925476,0.26553112268447876,0.24674662947654724,0.36535578966140747,0.7613229751586914,0.44056451320648193,0.15925124287605286,0.25052428245544434,7.119132995605469,7.070724964141846,8.968493461608887,6.120835781097412,5.711462020874023,8.000926971435547,10.685901641845703,6.612056255340576,4.023038387298584,6.878759860992432,,,,,,,,,,,8.521332740783691,8.234309196472168,10.079529762268066,7.1632914543151855,7.107637405395508,9.795663833618164,14.277602195739746,7.82822847366333,4.5810465812683105,7.624688625335693,,,,,,,,,,,,,,,,,,,,,,,,,,,,,,,,,,,,,,,,
0,124,0.6541415452957153,0.6893981099128723,0.19994276762008667,0.8217974305152893,0.5928339958190918,0.5811377167701721,0.5774943232536316,0.4135158658027649,1.6654704809188843,0.3456832766532898,9.068568229675293,7.161956310272217,5.803504943847656,11.157608985900879,9.162388801574707,10.707889556884766,10.395726203918457,6.85943078994751,12.920743942260742,7.4478631019592285,,,,,,,,,,,10.599757194519043,9.191731452941895,6.442649841308594,12.601936340332031,11.017071723937988,12.354220390319824,12.434967994689941,7.584113121032715,14.814661979675293,8.956460952758789,,,,,,,,,,,,,,,,,,,,,,,,,,,,,,,,,,,,,,,,
0,129,0.5182024836540222,1.3270152807235718,0.12345589697360992,0.1890089213848114,0.2673848271369934,0.5547486543655396,0.3993552029132843,0.515661895275116,1.0402837991714478,0.24690793454647064,7.328928470611572,9.698911666870117,4.544284343719482,5.447941780090332,5.734050273895264,10.386180877685547,8.369683265686035,6.359106540679932,10.444387435913086,4.975813865661621,,,,,,,,,,,9.046216011047363,12.752643585205078,5.062529563903809,6.043604373931885,7.398914337158203,12.070464134216309,10.340712547302246,8.46917724609375,11.708444595336914,7.569457530975342,,,,,,,,,,,,,,,,,,,,,,,,,,,,,,,,,,,,,,,,
0,134,0.6561524868011475,0.630116879940033,0.35088998079299927,0.23006193339824677,0.5806335210800171,0.7225233912467957,1.1571816205978394,0.8785675764083862,0.6530085206031799,0.7023886442184448,8.766682624816895,7.562636375427246,7.612525939941406,6.109308242797852,7.840464115142822,10.499314308166504,12.77961540222168,9.833165168762207,7.582860946655273,9.080249786376953,,,,,,,,,,,11.041015625,8.787652015686035,8.53487491607666,6.667718887329102,10.903117179870605,13.775324821472168,17.602388381958008,11.054682731628418,9.276469230651855,12.766914367675781,,,,,,,,,,,,,,,,,,,,,,,,,,,,,,,,,,,,,,,,
0,139,0.24390585720539093,0.28057360649108887,0.22007960081100464,0.2082783281803131,0.22689084708690643,0.6385435461997986,0.17647311091423035,0.0856926441192627,0.03788377344608307,0.3207372725009918,5.472784996032715,4.470672607421875,5.9614081382751465,5.9169745445251465,5.316249370574951,10.080135345458984,5.543701171875,2.77767014503479,2.053612232208252,7.134643077850342,,,,,,,,,,,6.657906532287598,5.863888740539551,6.7592973709106445,6.344200611114502,6.815663814544678,12.950039863586426,6.874008655548096,3.452474355697632,2.2343435287475586,8.627241134643555,,,,,,,,,,,,,,,,,,,,,,,,,,,,,,,,,,,,,,,,
0,144,0.2937256991863251,0.48697832226753235,0.277804970741272,0.27899402379989624,0.3047480285167694,0.42770564556121826,0.2220361828804016,0.29163217544555664,0.08365447074174881,0.2699775695800781,5.991358280181885,5.845179557800293,6.608253002166748,6.064369201660156,6.109809875488281,8.70164680480957,6.411465644836426,5.6853413581848145,2.6121768951416016,5.88398551940918,,,,,,,,,,,7.386079788208008,7.725330352783203,7.594193458557129,7.342641830444336,7.89896297454834,10.598596572875977,7.710501670837402,6.369075775146484,3.320227861404419,7.91518497467041,,,,,,,,,,,,,,,,,,,,,,,,,,,,,,,,,,,,,,,,
0,149,0.4426574409008026,0.3353577256202698,0.23227757215499878,0.4889167547225952,0.28596246242523193,0.29499515891075134,0.3293270766735077,0.7162556052207947,0.7093469500541687,0.5914775729179382,7.140347003936768,5.33496618270874,5.107844829559326,7.984435558319092,6.066607475280762,7.01043176651001,7.46657133102417,7.982982158660889,7.7834930419921875,9.525787353515625,,,,,,,,,,,8.920512199401855,6.410862445831299,6.944089889526367,9.720136642456055,7.651633262634277,8.802040100097656,9.390408515930176,9.981429100036621,9.668355941772461,11.71564769744873,,,,,,,,,,,,,,,,,,,,,,,,,,,,,,,,,,,,,,,,
0,154,0.5004003643989563,0.4854190945625305,0.5501501560211182,0.49811694025993347,0.5098277926445007,0.4863424599170685,0.3995985686779022,0.35214531421661377,0.7437115907669067,0.4782910645008087,7.881978511810303,6.599724292755127,8.454800605773926,7.670146465301514,8.271149635314941,8.557429313659668,7.932404518127441,6.174919605255127,8.209063529968262,9.068169593811035,,,,,,,,,,,9.723013877868652,7.712953567504883,10.68691349029541,9.811163902282715,10.216717720031738,11.301782608032227,10.343862533569336,6.998737335205078,9.8997802734375,10.535213470458984,,,,,,,,,,,,,,,,,,,,,,,,,,,,,,,,,,,,,,,,
0,159,0.5744322538375854,0.8206888437271118,0.7018028497695923,0.48541614413261414,0.34693098068237305,0.5299803614616394,0.5805571675300598,0.19194036722183228,1.2414511442184448,0.2711227238178253,8.466641426086426,8.341550827026367,11.200766563415527,8.11475944519043,7.469913959503174,9.503124237060547,10.906573295593262,3.8964710235595703,10.76515007019043,6.00146484375,,,,,,,,,,,10.040860176086426,10.02885913848877,12.070332527160645,9.685275077819824,8.427935600280762,11.797928810119629,12.467899322509766,5.167040824890137,12.790518760681152,7.931954383850098,,,,,,,,,,,,,,,,,,,,,,,,,,,,,,,,,,,,,,,,
0,164,0.46987226605415344,0.4232582151889801,0.3290136456489563,0.29438990354537964,0.25282561779022217,0.6645708084106445,0.5268703699111938,0.6847048401832581,0.7313770055770874,0.3218395709991455,7.382753849029541,5.574244976043701,5.741705894470215,6.033634185791016,5.989481449127197,10.67481517791748,8.924160957336426,7.918957233428955,8.233967781066895,7.353818416595459,,,,,,,,,,,9.279020309448242,7.2021965980529785,8.264538764953613,7.542518615722656,7.194658279418945,13.211328506469727,11.877435684204102,9.759114265441895,9.817342758178711,8.64205265045166,,,,,,,,,,,,,,,,,,,,,,,,,,,,,,,,,,,,,,,,
0,169,0.4075435698032379,0.48383790254592896,0.21313805878162384,0.09709461778402328,0.3290645480155945,0.6685978174209595,0.5090464353561401,0.39316511154174805,0.5149165987968445,0.4590310752391815,6.909516334533691,6.494547367095947,5.319404602050781,3.3363664150238037,7.083841800689697,9.41068172454834,7.801174163818359,6.3131184577941895,7.153293609619141,9.273218154907227,,,,,,,,,,,8.641278266906738,7.700380325317383,6.6518449783325195,4.331640720367432,8.208054542541504,13.251294136047363,11.67480182647705,7.39513635635376,8.23742961883545,10.320915222167969,,,,,,,,,,,,,,,,,,,,,,,,,,,,,,,,,,,,,,,,
0,174,0.5420330166816711,0.517646312713623,0.4406536817550659,0.27662551403045654,0.4670310914516449,1.1221035718917847,0.3483145833015442,0.5039193630218506,0.8954307436943054,0.30657216906547546,7.856843948364258,6.5576372146606445,8.548295974731445,5.47516393661499,6.950011253356934,11.578492164611816,7.822746276855469,8.125539779663086,9.104628562927246,6.54907751083374,,,,,,,,,,,9.901443481445312,7.964872360229492,9.564457893371582,7.311407566070557,9.778507232666016,17.16691780090332,9.657320022583008,8.372193336486816,10.862737655639648,8.434581756591797,,,,,,,,,,,,,,,,,,,,,,,,,,,,,,,,,,,,,,,,
0,179,0.37787267565727234,0.49235355854034424,0.45102688670158386,0.17450012266635895,0.5202115774154663,0.3689234256744385,0.6371743679046631,0.1824054718017578,0.39347314834594727,0.1807853877544403,6.485371112823486,6.443728923797607,7.299506664276123,4.899436950683594,6.720902919769287,7.404768943786621,10.127304077148438,4.212868690490723,6.124250411987305,5.135573387145996,,,,,,,,,,,8.35461139678955,7.767850399017334,9.676379203796387,5.80701208114624,10.320237159729004,9.843374252319336,13.06170654296875,5.0370659828186035,7.200801849365234,6.477074146270752,,,,,,,,,,,,,,,,,,,,,,,,,,,,,,,,,,,,,,,,
0,184,0.35485580563545227,0.44783374667167664,0.2515302300453186,0.34367355704307556,0.21921014785766602,0.2368687391281128,0.15443627536296844,0.29215702414512634,0.6270353198051453,0.6209574937820435,6.52466344833374,5.793720722198486,5.683461666107178,7.222665786743164,5.788149833679199,6.29630184173584,5.036020755767822,5.334275245666504,7.016011714935303,10.551359176635742,,,,,,,,,,,7.918894290924072,7.408336162567139,7.226146221160889,8.149442672729492,6.699308395385742,7.887324810028076,6.430510520935059,6.374804496765137,9.090112686157227,12.004058837890625,,,,,,,,,,,,,,,,,,,,,,,,,,,,,,,,,,,,,,,,
0,189,0.6112416386604309,0.8597129583358765,0.23095569014549255,0.5105395317077637,0.4032932221889496,0.8382827043533325,0.5113365650177002,0.9636767506599426,0.22917333245277405,0.9542044401168823,8.884207725524902,8.899672508239746,5.487591743469238,8.677916526794434,7.420945644378662,11.38830852508545,9.136950492858887,10.812259674072266,4.981873989105225,13.152356147766113,,,,,,,,,,,10.522333145141602,10.264528274536133,6.924301624298096,9.93275260925293,9.086782455444336,14.837854385375977,11.701032638549805,11.577756881713867,5.495475769042969,14.880513191223145,,,,,,,,,,,,,,,,,,,,,,,,,,,,,,,,,,,,,,,,
0,193,,,,,,,,,,,8.295944213867188,6.6807098388671875,8.3390474319458,8.120471954345703,8.49980640411377,9.856246948242188,9.294767379760742,7.712848663330078,7.471999168395996,8.68760871887207,0.3630755543708801,0.37327808141708374,0.4247133731842041,0.4420319199562073,0.4002014398574829,0.312697172164917,0.3402565121650696,0.297372043132782,0.2933275103569031,0.38380181789398193,10.621453285217285,8.53878116607666,10.761595726013184,10.342547416687012,10.86670207977295,12.651996612548828,11.977072715759277,9.766841888427734,9.531753540039062,11.155786514282227,0.5526072382926941,0.5680758357048035,0.5946909189224243,0.45215630531311035,0.578503429889679,0.6468842029571533,0.5236769318580627,0.4594962000846863,0.5740633010864258,0.5759180188179016,7.730612754821777,5.915034770965576,7.839788436889648,6.777350425720215,8.717347145080566,9.744239807128906,9.20779037475586,5.5880446434021,6.946282386779785,8.839635848999023,0.40016528964042664,0.4140161871910095,0.5168365836143494,0.5429000854492188,0.3064996004104614,0.40831923484802246,0.4619995951652527,0.3141164779663086,0.20380324125289917,0.4329967498779297,10.387741088867188,8.47046184539795,10.65693473815918,10.04405689239502,11.267265319824219,13.225103378295898,11.725896835327148,7.7210307121276855,9.073735237121582,11.305185317993164
1,194,0.6098538041114807,0.3526645302772522,1.1484180688858032,0.27588582038879395,0.6760908365249634,0.6414780020713806,0.6128462553024292,0.8348281979560852,0.5724157094955444,0.37405693531036377,8.3467435836792,5.591753959655762,10.24825382232666,4.593357086181641,9.25872802734375,10.655062675476074,10.333480834960938,9.463362693786621,7.568506717681885,7.4081807136535645,,,,,,,,,,,10.62769603729248,6.5742034912109375,15.440510749816895,7.301625728607178,11.765277862548828,12.979762077331543,12.809924125671387,10.775993347167969,8.685184478759766,9.316784858703613,,,,,,,,,,,,,,,,,,,,,,,,,,,,,,,,,,,,,,,,
1,199,0.3640001714229584,0.9251154661178589,0.14794807136058807,0.1923917979001999,0.36152809858322144,0.46980226039886475,0.23799404501914978,0.2470279484987259,0.04912247508764267,0.645071268081665,6.399580955505371,7.855027198791504,5.008989334106445,4.54071044921875,6.513145923614502,9.115428924560547,6.452122211456299,4.38627290725708,2.4918200969696045,11.23271656036377,,,,,,,,,,,7.846930503845215,10.647809028625488,5.54199743270874,6.097448348999023,8.603411674499512,11.107937812805176,7.982774257659912,5.861810207366943,2.544271230697632,12.234917640686035,,,,,,,,,,,,,,,,,,,,,,,,,,,,,,,,,,,,,,,,
1,204,0.45365551114082336,0.22967557609081268,0.27147001028060913,0.12122763693332672,0.3986331522464752,0.6408976316452026,0.346973717212677,0.6434929370880127,0.7420260310173035,0.688502848148346,7.555721759796143,4.010931491851807,6.9814772605896,4.73389196395874,5.466809272766113,9.573397636413574,7.2147135734558105,9.076939582824707,9.20022201538086,11.743108749389648,,,,,,,,,,,9.032097816467285,5.305418968200684,7.507106781005859,4.840115070343018,9.034131050109863,12.973888397216797,9.638713836669922,9.460860252380371,9.888555526733398,12.64008617401123,,,,,,,,,,,,,,,,,,,,,,,,,,,,,,,,,,,,,,,,
1,209,0.5123531818389893,0.5717523694038391,0.25566452741622925,0.4757809638977051,0.8769447207450867,0.48237234354019165,0.5730159282684326,0.5297487378120422,0.47359052300453186,0.37230849266052246,7.696250915527344,6.9289164543151855,5.83170747756958,7.985795974731445,9.075821876525879,8.565027236938477,8.442258834838867,7.3218560218811035,6.5552215576171875,8.559653282165527,,,,,,,,,,,9.78504467010498,8.3707857131958,7.2852911949157715,9.58867073059082,13.399412155151367,11.255558967590332,12.386658668518066,8.584078788757324,7.89995813369751,9.294984817504883,,,,,,,,,,,,,,,,,,,,,,,,,,,,,,,,,,,,,,,,
1,214,0.5200367569923401,0.5266791582107544,0.5041829347610474,0.40553033351898193,0.4817630648612976,0.4704764187335968,0.2889957129955292,0.4623430371284485,0.9309858083724976,0.6093741059303284,8.020237922668457,6.739990234375,8.847723007202148,7.520069599151611,7.8895087242126465,9.673806190490723,6.635127067565918,6.680320739746094,9.131901741027832,9.063700675964355,,,,,,,,,,,9.77206802368164,8.034064292907715,10.230708122253418,8.852513313293457,9.931535720825195,11.115903854370117,8.79663372039795,8.019381523132324,11.076302528381348,11.891570091247559,,,,,,,,,,,,,,,,,,,,,,,,,,,,,,,,,,,,,,,,
1,219,0.8542904853820801,1.1016266345977783,0.3038257956504822,0.66121906042099,0.5514219403266907,0.8907116651535034,0.7606461644172668,0.9839671850204468,1.7812345027923584,0.6539614200592041,10.125117301940918,9.269051551818848,7.141349792480469,9.395401954650879,9.548583984375,11.561955451965332,11.526273727416992,11.491945266723633,11.91453742980957,9.276952743530273,,,,,,,,,,,12.266141891479492,11.61928653717041,7.941892147064209,11.303881645202637,10.625310897827148,15.294821739196777,14.27125358581543,11.699007987976074,15.320884704589844,12.318937301635742,,,,,,,,,,,,,,,,,,,,,,,,,,,,,,,,,,,,,,,,
1,224,0.6863905191421509,0.5191782116889954,0.5548664927482605,0.8658918738365173,0.4140335023403168,0.5119664669036865,0.6635571718215942,1.106377124786377,1.0273969173431396,0.5142467021942139,9.261395454406738,6.706715106964111,9.10417652130127,10.295896530151367,7.398265361785889,9.187131881713867,10.75637435913086,10.892927169799805,9.866281509399414,9.144787788391113,,,,,,,,,,,11.193561553955078,7.976649284362793,10.732624053955078,12.935604095458984,9.20698356628418,11.595690727233887,13.32938003540039,12.405386924743652,11.635697364807129,10.924031257629395,,,,,,,,,,,,,,,,,,,,,,,,,,,,,,,,,,,,,,,,
1,229,0.45420345664024353,0.7039579749107361,0.23081597685813904,0.5329492688179016,0.3133927881717682,0.4177221953868866,0.3033290505409241,0.3366818130016327,0.3848891854286194,0.8640927076339722,7.8064398765563965,8.045614242553711,6.831148624420166,9.533563613891602,6.531181812286377,8.731348037719727,7.208601951599121,5.867991924285889,6.3764567375183105,11.132051467895508,,,,,,,,,,,9.10900592803955,9.288287162780762,6.922205924987793,10.148405075073242,8.010213851928711,10.474170684814453,9.012137413024902,6.84334659576416,7.121822357177734,14.160460472106934,,,,,,,,,,,,,,,,,,,,,,,,,,,,,,,,,,,,,,,,
1,234,0.6176962852478027,0.4849616289138794,0.26528674364089966,1.013183832168579,1.172266960144043,0.46865567564964294,0.5020811557769775,0.055603284388780594,0.9082834124565125,0.6889439821243286,8.504127502441406,6.097408294677734,6.708622455596924,12.29423713684082,11.528085708618164,8.973546028137207,9.932112693786621,2.7810511589050293,9.05947494506836,9.162612915039062,,,,,,,,,,,10.40776538848877,7.709318161010742,7.421119213104248,13.992619514465332,15.492193222045898,11.094374656677246,11.59465217590332,2.7810511589050293,10.940420150756836,12.644136428833008,,,,,,,,,,,,,,,,,,,,,,,,,,,,,,,,,,,,,,,,
1,239,0.2783428430557251,0.2705475986003876,0.1973992884159088,0.23057332634925842,0.2594057023525238,0.22773101925849915,0.4732586145401001,0.17016074061393738,0.23294098675251007,0.4430682957172394,5.698594093322754,4.715958595275879,5.36448860168457,4.395728588104248,5.970186233520508,6.665167331695557,8.314446449279785,3.981199026107788,3.6881070137023926,8.192066192626953,,,,,,,,,,,7.295393466949463,5.75816535949707,6.4015398025512695,6.675125598907471,7.287681579589844,7.7336931228637695,11.256932258605957,4.865062236785889,5.540464878082275,10.139873504638672,,,,,,,,,,,,,,,,,,,,,,,,,,,,,,,,,,,,,,,,
1,244,0.37352246046066284,0.7626805305480957,0.15547949075698853,0.09442079067230225,0.3612253963947296,0.4708455204963684,0.25264772772789,0.22167843580245972,0.5142327547073364,0.5284916758537292,6.734498500823975,8.395768165588379,5.650213241577148,3.246957302093506,6.779130935668945,9.470929145812988,6.153859615325928,5.548273086547852,6.175681114196777,9.189671516418457,,,,,,,,,,,8.047213554382324,9.667932510375977,5.681305885314941,4.271582126617432,8.599808692932129,11.120264053344727,8.224859237670898,5.552907466888428,8.231959342956543,11.074299812316895,,,,,,,,,,,,,,,,,,,,,,,,,,,,,,,,,,,,,,,,
1,249,0.41857460141181946,0.3214610815048218,0.47014909982681274,0.3882448673248291,0.4706941545009613,0.48780709505081177,0.3267122805118561,0.528999924659729,0.5856170058250427,0.18748565018177032,7.202402591705322,4.936209678649902,8.298463821411133,7.252085208892822,8.152684211730957,10.127862930297852,7.19775390625,6.978913307189941,7.071628570556641,4.806018352508545,,,,,,,,,,,8.807245254516602,6.2766289710998535,9.879374504089355,8.661791801452637,9.816780090332031,11.318787574768066,9.353055953979492,8.578009605407715,8.784765243530273,6.59600830078125,,,,,,,,,,,,,,,,,,,,,,,,,,,,,,,,,,,,,,,,
1,254,0.4134135842323303,0.3801557123661041,0.4424608647823334,0.35282662510871887,0.4642179012298584,0.42723292112350464,0.29253721237182617,0.4163157343864441,0.597476601600647,0.3474985361099243,6.365297794342041,5.973151683807373,6.155940055847168,6.1231889724731445,5.861210346221924,6.9244866371154785,6.460196018218994,6.562236785888672,6.961352348327637,6.2659220695495605,,,,,,,,,,,8.813557624816895,6.825634956359863,9.584050178527832,8.257251739501953,9.749011039733887,10.592737197875977,8.850369453430176,7.609745502471924,8.873270988464355,8.979945182800293,,,,,,,,,,,,,,,,,,,,,,,,,,,,,,,,,,,,,,,,
1,259,0.3620941638946533,0.4892117977142334,0.29556208848953247,0.16245314478874207,0.31149783730506897,0.4993744194507599,0.22467775642871857,0.9423807263374329,0.13334771990776062,0.20034193992614746,6.2708306312561035,6.645798683166504,5.510217189788818,4.379431247711182,6.563326835632324,9.03359603881836,6.136044979095459,8.875638961791992,3.8215060234069824,5.471918106079102,,,,,,,,,,,7.870336055755615,7.7430267333984375,7.833142280578613,5.602978706359863,7.985960960388184,11.452202796936035,7.756232261657715,11.449115753173828,4.191949844360352,6.818410873413086,,,,,,,,,,,,,,,,,,,,,,,,,,,,,,,,,,,,,,,,
1,264,0.43339020013809204,0.3167710304260254,0.5797885656356812,0.17312802374362946,0.6158592104911804,0.44733455777168274,0.3408878445625305,0.5718540549278259,0.6100106835365295,0.2448778599500656,6.914125442504883,4.578061103820801,9.41901969909668,4.908767223358154,7.724946022033691,8.57324504852295,7.890684127807617,7.182113170623779,5.984466075897217,5.96582555770874,,,,,,,,,,,8.892277717590332,6.230673313140869,10.971006393432617,5.7841362953186035,11.22898006439209,10.839071273803711,9.55380916595459,8.918695449829102,8.965862274169922,7.53827428817749,,,,,,,,,,,,,,,,,,,,,,,,,,,,,,,,,,,,,,,,
1,269,0.5388572812080383,0.4436344504356384,1.021382212638855,0.5790175199508667,0.5067293643951416,0.5649880170822144,0.30955812335014343,0.3185531795024872,0.9986662864685059,0.10718660056591034,8.3132963180542,6.159095764160156,11.892163276672363,9.858405113220215,8.109053611755371,11.197225570678711,7.623239994049072,6.3115997314453125,10.038692474365234,3.6301887035369873,,,,,,,,,,,9.677762031555176,7.373520851135254,14.561490058898926,10.57793140411377,10.185624122619629,12.181351661682129,9.104202270507812,6.656557559967041,11.471851348876953,4.9873223304748535,,,,,,,,,,,,,,,,,,,,,,,,,,,,,,,,,,,,,,,,
1,274,0.5436317324638367,0.5485990643501282,0.18292628228664398,0.11285334080457687,0.336390882730484,0.6410434246063232,1.367958664894104,0.6040105819702148,0.339102566242218,0.7598005533218384,7.397492408752441,6.281156539916992,5.082482814788818,3.1235275268554688,6.231204509735107,10.007777214050293,13.05710220336914,8.188344955444336,4.991517066955566,9.614316940307617,,,,,,,,,,,9.841546058654785,8.199545860290527,6.162397384643555,4.669948101043701,8.29892349243164,12.97536563873291,19.138473510742188,9.166023254394531,6.6848063468933105,13.278437614440918,,,,,,,,,,,,,,,,,,,,,,,,,,,,,,,,,,,,,,,,
1,279,0.36231517791748047,0.20525126159191132,0.09568066149950027,0.17491213977336884,0.3242949843406677,0.28701263666152954,0.3884425461292267,0.15587745606899261,0.9607148170471191,0.6686501502990723,6.396867752075195,4.361610412597656,3.7169809341430664,4.781497478485107,7.5491557121276855,6.06066370010376,7.751163005828857,4.09072208404541,9.700579643249512,9.559432983398438,,,,,,,,,,,7.853296756744385,5.015395641326904,4.45680570602417,5.813863754272461,8.148350715637207,8.682130813598633,10.198450088500977,4.65640115737915,11.251761436462402,12.456518173217773,,,,,,,,,,,,,,,,,,,,,,,,,,,,,,,,,,,,,,,,
1,284,0.5996049046516418,0.4478055536746979,0.5658196210861206,0.7647711634635925,0.2776331603527069,0.4731537997722626,0.6380005478858948,1.3036367893218994,0.5071865916252136,0.41843703389167786,8.669110298156738,5.404460430145264,10.293636322021484,9.51661491394043,6.0625128746032715,8.836248397827148,10.900293350219727,11.004983901977539,7.497568130493164,8.505669593811035,,,,,,,,,,,10.406147003173828,7.408102035522461,10.838037490844727,12.156838417053223,7.539373874664307,11.14748764038086,13.070172309875488,13.465950965881348,8.175365447998047,9.853992462158203,,,,,,,,,,,,,,,,,,,,,,,,,,,,,,,,,,,,,,,,
1,289,0.700999915599823,0.44068053364753723,1.1286324262619019,0.8626724481582642,0.649919331073761,0.6619577407836914,0.1403019279241562,1.0296529531478882,1.0409282445907593,0.3542535901069641,8.318225860595703,5.929978370666504,11.595878601074219,8.223793983459473,8.435633659362793,10.08141803741455,4.812713623046875,9.998130798339844,8.530289649963379,7.2561869621276855,,,,,,,,,,,11.018178939819336,7.348931312561035,15.306922912597656,12.91153335571289,11.53531265258789,13.185330390930176,6.129183292388916,11.967520713806152,11.71207046508789,9.066805839538574,,,,,,,,,,,,,,,,,,,,,,,,,,,,,,,,,,,,,,,,
1,294,0.3233432173728943,0.06858965754508972,0.24124571681022644,0.26151180267333984,0.23201660811901093,0.30166488885879517,0.2747247815132141,0.7097107172012329,0.3128875494003296,0.5077372789382935,5.992368221282959,2.4403083324432373,5.818503379821777,5.494085311889648,5.734347820281982,6.830946445465088,6.178792476654053,8.053201675415039,4.985463619232178,8.395662307739258,,,,,,,,,,,7.629615783691406,2.89928936958313,7.076873779296875,7.108870029449463,6.892220497131348,8.90098762512207,8.576689720153809,9.935721397399902,6.421218395233154,10.854671478271484,,,,,,,,,,,,,,,,,,,,,,,,,,,,,,,,,,,,,,,,
1,299,0.5090706944465637,0.6427451968193054,0.36809778213500977,0.6186163425445557,0.2492489516735077,0.622700572013855,0.5231412649154663,0.23739483952522278,0.5340946912765503,0.7855966687202454,7.72943115234375,6.835644245147705,7.416421890258789,8.773248672485352,6.174176216125488,10.697991371154785,9.212943077087402,4.929665565490723,6.49862003326416,9.026169776916504,,,,,,,,,,,9.772850036621094,8.875271797180176,8.741645812988281,10.933660507202148,7.143587112426758,12.788378715515137,11.8353271484375,5.74638032913208,8.389430046081543,13.501965522766113,,,,,,,,,,,,,,,,,,,,,,,,,,,,,,,,,,,,,,,,
1,304,0.8656618595123291,0.6887167692184448,1.3215973377227783,0.9957484006881714,0.9660531878471375,0.7097633481025696,0.3518907129764557,0.9609459638595581,1.0987415313720703,0.6974993944168091,9.855815887451172,7.335899829864502,11.820125579833984,8.992297172546387,12.833622932434082,10.731871604919434,8.321274757385254,10.107867240905762,8.352463722229004,10.206913948059082,,,,,,,,,,,12.595891952514648,9.187188148498535,16.563846588134766,13.871700286865234,14.06371784210205,13.653141975402832,9.706768989562988,11.561341285705566,12.032920837402344,12.722402572631836,,,,,,,,,,,,,,,,,,,,,,,,,,,,,,,,,,,,,,,,
1,309,0.9781898856163025,0.78371661901474,1.9293479919433594,1.5056374073028564,0.7116389274597168,1.0794117450714111,0.6393769979476929,0.8880752921104431,0.8626366853713989,0.40386682748794556,9.468914985656738,6.463203430175781,15.505054473876953,12.958968162536621,7.534994125366211,11.206024169921875,7.710290908813477,8.314864158630371,8.646879196166992,6.87995719909668,,,,,,,,,,,13.368927001953125,9.800354957580566,20.013219833374023,17.0574893951416,12.070616722106934,16.837181091308594,13.084263801574707,11.114337921142578,10.661964416503906,9.680912971496582,,,,,,,,,,,,,,,,,,,,,,,,,,,,,,,,,,,,,,,,
1,314,0.49594810605049133,0.6798324584960938,0.7476068735122681,0.5188584327697754,0.33744797110557556,0.701579749584198,0.43053126335144043,0.352424681186676,0.14666306972503662,0.5485881567001343,7.87852668762207,7.551342964172363,11.398655891418457,8.019161224365234,6.605691432952881,10.096406936645508,8.829431533813477,6.684975624084473,3.948760986328125,7.772314071655273,,,,,,,,,,,9.655851364135742,9.127739906311035,12.457999229431152,10.013348579406738,8.311952590942383,13.574204444885254,10.7367582321167,7.00151252746582,4.396263122558594,11.282892227172852,,,,,,,,,,,,,,,,,,,,,,,,,,,,,,,,,,,,,,,,
1,319,0.4374731481075287,0.7884407043457031,0.11225726455450058,0.271820992231369,0.40864142775535583,0.4543808102607727,0.44107723236083984,0.262107789516449,0.6861245632171631,0.5124074220657349,7.462231159210205,8.008116722106934,3.83026123046875,6.396049499511719,7.246769428253174,9.227437973022461,8.642927169799805,5.658207893371582,8.806350708007812,9.34395980834961,,,,,,,,,,,8.81052017211914,9.829848289489746,4.827462673187256,7.247636318206787,9.146834373474121,10.924104690551758,10.867462158203125,6.0380778312683105,9.508779525756836,10.904479026794434,,,,,,,,,,,,,,,,,,,,,,,,,,,,,,,,,,,,,,,,
1,324,0.47418212890625,0.42266201972961426,0.5828830003738403,0.9751095771789551,0.20621292293071747,0.47040045261383057,0.3068334758281708,0.13111387193202972,0.6529155373573303,0.519508421421051,7.382558345794678,5.060696601867676,8.954258918762207,9.058100700378418,5.245511531829834,8.389189720153809,7.457900047302246,4.270542621612549,8.73046875,9.276350021362305,,,,,,,,,,,9.23637866973877,7.197122097015381,11.000245094299316,13.727189064025879,6.497669219970703,11.115007400512695,9.064046859741211,4.270542621612549,9.275808334350586,10.979776382446289,,,,,,,,,,,,,,,,,,,,,,,,,,,,,,,,,,,,,,,,
1,329,0.26856687664985657,0.4367324709892273,0.17240338027477264,0.17535415291786194,0.3635667860507965,0.32939597964286804,0.3129452168941498,0.2478097826242447,0.1747117042541504,0.20418232679367065,5.50899076461792,6.003276348114014,4.480694770812988,4.842512130737305,6.749239444732666,6.448848247528076,6.512977600097656,5.284176349639893,4.002002716064453,5.257185935974121,,,,,,,,,,,7.083899021148682,7.3159379959106445,5.98252534866333,5.821205139160156,8.62763500213623,9.301115036010742,9.153875350952148,5.871079444885254,4.7982659339904785,6.883451461791992,,,,,,,,,,,,,,,,,,,,,,,,,,,,,,,,,,,,,,,,
1,334,0.3692365884780884,0.3870655298233032,0.24581362307071686,0.29095134139060974,0.3086465001106262,0.4505019783973694,0.5760894417762756,0.11614422500133514,0.7251085042953491,0.22280816733837128,6.541685581207275,5.366888523101807,6.204631805419922,6.73952579498291,6.23604679107666,9.716814041137695,7.640528202056885,3.552717924118042,7.74610710144043,5.671910762786865,,,,,,,,,,,8.195658683776855,6.887387752532959,7.143558979034424,7.498338222503662,7.949326038360596,10.877378463745117,12.419831275939941,4.0193657875061035,9.775179862976074,7.190560817718506,,,,,,,,,,,,,,,,,,,,,,,,,,,,,,,,,,,,,,,,
1,339,0.4042642414569855,0.5145597457885742,0.23693934082984924,0.13928177952766418,0.3067890703678131,0.4435361921787262,0.6969811916351318,0.4870063364505768,0.6067066788673401,0.20657770335674286,6.942599296569824,6.947389125823975,6.3013691902160645,4.741236686706543,6.769476890563965,8.680146217346191,10.678311347961426,6.281952857971191,6.770530700683594,5.312981605529785,,,,,,,,,,,8.513065338134766,7.941091060638428,7.013426780700684,5.188024997711182,7.925370693206787,10.792956352233887,13.66096305847168,8.230496406555176,8.941547393798828,6.923710823059082,,,,,,,,,,,,,,,,,,,,,,,,,,,,,,,,,,,,,,,,
1,344,0.30044010281562805,0.4883648157119751,0.31819453835487366,0.07930050790309906,0.22171327471733093,0.30763620138168335,0.13183775544166565,0.31324419379234314,0.624705970287323,0.21896348893642426,5.9042649269104,6.753560543060303,7.160638809204102,3.103473663330078,5.407958030700684,7.527069568634033,5.292313098907471,4.577524662017822,7.692323207855225,5.623520851135254,,,,,,,,,,,7.138704299926758,7.736320972442627,8.127519607543945,3.914649486541748,6.737448215484619,8.988652229309082,5.9414262771606445,6.600855350494385,9.073212623596191,7.128251552581787,,,,,,,,,,,,,,,,,,,,,,,,,,,,,,,,,,,,,,,,
1,349,0.4315560460090637,0.4360294044017792,0.16066423058509827,0.11094720661640167,0.48111245036125183,0.4068567752838135,0.6027200222015381,0.7889760136604309,0.18087121844291687,0.7158269882202148,7.312398433685303,6.614128589630127,4.569611549377441,3.8314340114593506,8.333722114562988,7.698089122772217,10.30413818359375,8.896313667297363,4.029078960418701,11.535066604614258,,,,,,,,,,,8.76973819732666,7.310046672821045,5.775256156921387,4.63034200668335,9.924826622009277,10.337051391601562,12.703653335571289,10.475881576538086,4.882115364074707,12.888465881347656,,,,,,,,,,,,,,,,,,,,,,,,,,,,,,,,,,,,,,,,
1,354,0.4628733694553375,0.41739386320114136,0.5579522848129272,0.4274768531322479,0.34273433685302734,0.326840341091156,0.22488029301166534,0.9346719980239868,0.4696386754512787,0.4642716944217682,7.919151306152344,6.184243202209473,9.288467407226562,8.357117652893066,7.310349464416504,7.886914253234863,6.4398932456970215,10.67138671875,6.566495418548584,8.56749439239502,,,,,,,,,,,9.117081642150879,7.15212869644165,10.762425422668457,9.088896751403809,8.376805305480957,9.264963150024414,7.759727954864502,11.402192115783691,7.866929054260254,10.379663467407227,,,,,,,,,,,,,,,,,,,,,,,,,,,,,,,,,,,,,,,,
1,359,0.6010186672210693,0.24503272771835327,1.1906039714813232,0.7040445804595947,0.6027931571006775,0.43125468492507935,0.42816460132598877,0.4339446425437927,0.3956071734428406,0.97772216796875,8.311062812805176,4.631842613220215,12.394858360290527,6.615903854370117,9.572152137756348,8.072725296020508,8.941620826721191,5.992750644683838,7.0373735427856445,11.54033374786377,,,,,,,,,,,10.597427368164062,5.479920864105225,15.721548080444336,11.664198875427246,11.10922622680664,10.642477989196777,10.707206726074219,7.769192695617676,7.220301628112793,15.062773704528809,,,,,,,,,,,,,,,,,,,,,,,,,,,,,,,,,,,,,,,,
1,364,0.42934417724609375,0.7285274863243103,0.5224088430404663,0.733374297618866,0.19379042088985443,0.4787153899669647,0.183216854929924,0.5405632853507996,0.12996432185173035,0.35353654623031616,6.777405738830566,7.327150821685791,7.5014777183532715,8.611920356750488,5.437309741973877,8.105958938598633,5.629330635070801,6.893381595611572,3.4642703533172607,8.025846481323242,,,,,,,,,,,8.683423042297363,9.448987007141113,10.413985252380371,11.904680252075195,6.298916339874268,11.212812423706055,7.0041184425354,8.671256065368652,4.138427257537842,9.057625770568848,,,,,,,,,,,,,,,,,,,,,,,,,,,,,,,,,,,,,,,,
1,369,0.6591098308563232,0.686000645160675,0.31722304224967957,0.1979248970746994,0.5549024343490601,1.2228811979293823,0.3183623254299164,1.1035550832748413,1.1282752752304077,0.40286311507225037,8.671221733093262,6.967390060424805,7.4427690505981445,4.769339561462402,8.894486427307129,14.154486656188965,6.971750736236572,10.899091720581055,10.021181106567383,7.920495510101318,,,,,,,,,,,10.614828109741211,9.16905403137207,8.115102767944336,6.184506893157959,10.658791542053223,17.92123794555664,9.232762336730957,12.389555931091309,12.19356918334961,9.668874740600586,,,,,,,,,,,,,,,,,,,,,,,,,,,,,,,,,,,,,,,,
1,374,0.4168274700641632,0.23629389703273773,0.7966689467430115,0.36612531542778015,0.26457810401916504,0.23408831655979156,0.26320013403892517,0.4750422537326813,0.586510181427002,0.5289401412010193,6.39957332611084,4.674675464630127,8.25982666015625,6.3514533042907715,5.839961528778076,5.75626802444458,6.005516052246094,6.43974494934082,7.033113479614258,7.235605239868164,,,,,,,,,,,8.694222450256348,5.381316184997559,12.860284805297852,8.411429405212402,7.359979152679443,7.8408966064453125,8.394867897033691,8.128769874572754,8.791460990905762,11.078997611999512,,,,,,,,,,,,,,,,,,,,,,,,,,,,,,,,,,,,,,,,
1,379,0.6941053867340088,0.5177794098854065,0.16104534268379211,0.2278956174850464,0.06524468958377838,0.12498073279857635,0.204933300614357,1.7638721466064453,2.369572162628174,0.8116245865821838,7.006223201751709,6.05515718460083,4.345630168914795,6.110223293304443,2.9569127559661865,4.834230422973633,5.680940628051758,10.407913208007812,12.721474647521973,9.943527221679688,,,,,,,,,,,9.35936450958252,7.9658966064453125,5.782101631164551,6.636252403259277,3.6548726558685303,5.729244709014893,7.407592296600342,15.663625717163086,17.67088508605957,13.7238130569458,,,,,,,,,,,,,,,,,,,,,,,,,,,,,,,,,,,,,,,,
1,384,0.5017614364624023,0.5317724347114563,0.6255955696105957,0.14661966264247894,0.7784662842750549,0.5165952444076538,0.611779510974884,0.32226330041885376,0.7354352474212646,0.24732564389705658,8.420501708984375,6.281861305236816,11.038880348205566,5.138407230377197,11.117939949035645,10.605477333068848,10.66175651550293,5.3853631019592285,8.976863861083984,6.577960014343262,,,,,,,,,,,9.553215026855469,8.072818756103516,11.396159172058105,5.322932720184326,12.624655723571777,11.647992134094238,12.798770904541016,6.695208549499512,9.844542503356934,7.575857639312744,,,,,,,,,,,,,,,,,,,,,,,,,,,,,,,,,,,,,,,,
1,387,,,,,,,,,,,7.40424108505249,6.200886249542236,7.449373722076416,6.995392322540283,7.532618045806885,8.997859001159668,8.028176307678223,6.7494025230407715,6.709357261657715,7.9751081466674805,0.47864213585853577,0.45761948823928833,0.5432248711585999,0.5644717216491699,0.5062742233276367,0.41371089220046997,0.47921496629714966,0.44053125381469727,0.42791759967803955,0.4748144745826721,9.6051607131958,7.943474292755127,9.589275360107422,9.137578010559082,9.859115600585938,11.685330390930176,10.641241073608398,8.715241432189941,8.576162338256836,10.299029350280762,0.6434320211410522,0.6079996228218079,0.7293577194213867,0.37276628613471985,0.6592946648597717,0.6785586476325989,0.716528058052063,0.6280686855316162,0.699686586856842,0.6986282467842102,8.365239143371582,6.340335845947266,8.639870643615723,6.265478610992432,9.091658592224121,9.855043411254883,10.39192008972168,7.040731430053711,7.933071613311768,9.729048728942871,0.27113428711891174,0.36609065532684326,0.40256792306900024,0.6036931276321411,0.1958301067352295,0.3799942135810852,0.25891315937042236,-0.052247047424316406,-0.014662742614746094,0.300028920173645,11.31260871887207,8.810039520263672,11.850305557250977,9.35232162475586,12.133025169372559,13.537960052490234,13.762246131896973,9.563325881958008,10.243227005004883,12.56102180480957
2,389,0.5271651744842529,0.3411475419998169,0.48955222964286804,0.6946663856506348,0.679781436920166,0.4559105634689331,0.4668259024620056,0.5984331369400024,0.6046820878982544,0.4134868085384369,7.696279048919678,4.968986988067627,8.607643127441406,9.016617774963379,8.838541984558105,8.935416221618652,7.648234844207764,6.673728942871094,6.773380279541016,7.803958892822266,,,,,,,,,,,9.98879337310791,6.465965747833252,10.081175804138184,11.58625316619873,11.797344207763672,10.94247817993164,11.180167198181152,9.12360668182373,8.926615715026855,9.795531272888184,,,,,,,,,,,,,,,,,,,,,,,,,,,,,,,,,,,,,,,,
2,394,0.471952348947525,0.2650083005428314,0.5720364451408386,0.4932335317134857,0.22940382361412048,0.3274793028831482,0.4122035503387451,0.5448809862136841,0.8500806093215942,0.5532442927360535,7.57904052734375,4.805214881896973,7.957894802093506,8.109042167663574,6.420342922210693,7.820942401885986,8.672782897949219,7.301140785217285,7.955296993255615,9.168703079223633,,,,,,,,,,,9.290324211120605,5.698912620544434,10.897415161132812,9.76295280456543,6.853302955627441,9.274014472961426,10.50574016571045,8.705816268920898,10.584085464477539,11.330672264099121,,,,,,,,,,,,,,,,,,,,,,,,,,,,,,,,,,,,,,,,
2,399,0.42669814825057983,0.6748453378677368,0.688771665096283,0.13434959948062897,0.5322901606559753,0.4085540175437927,0.29830485582351685,0.30669331550598145,0.338367223739624,0.4581070840358734,6.663968563079834,7.214293956756592,8.624333381652832,4.423658847808838,7.31221342086792,6.66837739944458,6.291223049163818,4.984973430633545,6.675378799438477,7.781263828277588,,,,,,,,,,,8.822440147399902,9.094198226928711,11.957744598388672,5.095338821411133,10.439359664916992,10.358588218688965,8.937189102172852,6.531468868255615,6.677554130554199,10.310523986816406,,,,,,,,,,,,,,,,,,,,,,,,,,,,,,,,,,,,,,,,
2,404,0.4879867136478424,1.3764119148254395,0.2416403740644455,0.2574469745159149,0.3536036014556885,0.8722520470619202,0.3708752691745758,0.26010364294052124,0.169273242354393,0.49027323722839355,6.937251567840576,8.816426277160645,6.679269313812256,5.857378959655762,6.524930953979492,10.184842109680176,7.918853759765625,4.0737385749816895,4.575704097747803,7.804121017456055,,,,,,,,,,,9.126385688781738,12.987826347351074,7.082659721374512,7.053404331207275,8.508597373962402,15.135503768920898,9.965170860290527,6.014949321746826,4.722994327545166,10.666361808776855,,,,,,,,,,,,,,,,,,,,,,,,,,,,,,,,,,,,,,,,
2,409,0.44363725185394287,0.5472198128700256,0.2951357960700989,0.38311243057250977,0.34503209590911865,0.23381970822811127,0.3009609580039978,0.7205071449279785,0.65739905834198,0.5095483064651489,7.889169692993164,7.524957656860352,6.933664798736572,8.12212085723877,7.375425815582275,6.356419563293457,8.242280960083008,8.613797187805176,8.885390281677246,8.948467254638672,,,,,,,,,,,8.892424583435059,8.189231872558594,7.827491283416748,8.604348182678223,8.404839515686035,7.836397171020508,8.976889610290527,10.011009216308594,9.307601928710938,10.874013900756836,,,,,,,,,,,,,,,,,,,,,,,,,,,,,,,,,,,,,,,,
2,414,0.3359653055667877,0.3200700879096985,0.45179787278175354,0.16220884025096893,0.2648421823978424,0.36312708258628845,0.26305344700813293,0.4556047022342682,0.5521701574325562,0.19081354141235352,6.51168155670166,5.2062811851501465,8.716081619262695,5.262770652770996,5.9259843826293945,8.13581657409668,6.880141258239746,6.658078670501709,6.279252529144287,5.5407257080078125,,,,,,,,,,,7.801510334014893,6.263034820556641,9.684646606445312,5.598764419555664,7.363650798797607,9.765741348266602,8.39252758026123,7.960729122161865,8.530210494995117,6.654290676116943,,,,,,,,,,,,,,,,,,,,,,,,,,,,,,,,,,,,,,,,
2,419,0.3291812837123871,0.40250730514526367,0.4986030161380768,0.3432161211967468,0.2912473976612091,0.35741832852363586,0.2695274353027344,0.2943268418312073,0.3942764103412628,0.1115085557103157,6.331798076629639,5.332148551940918,8.305596351623535,6.877102851867676,6.495707988739014,8.31730842590332,6.735296249389648,5.138710021972656,5.69895076751709,4.085361003875732,,,,,,,,,,,7.771189212799072,7.023428440093994,10.173937797546387,8.144018173217773,7.722014904022217,9.68867301940918,8.495174407958984,6.398433208465576,7.2081475257873535,5.086877822875977,,,,,,,,,,,,,,,,,,,,,,,,,,,,,,,,,,,,,,,,
2,424,0.4463074505329132,0.4433230757713318,0.4703059792518616,0.2919819951057434,0.5924771428108215,0.5328224897384644,0.40938079357147217,0.5922291278839111,0.13554291427135468,0.548703670501709,7.535351276397705,5.540581226348877,8.775555610656738,6.154830455780029,9.745102882385254,9.636842727661133,8.096723556518555,7.540308952331543,3.159496545791626,9.168717384338379,,,,,,,,,,,9.184791564941406,7.370932102203369,9.881022453308105,7.511607646942139,11.013755798339844,11.829519271850586,10.469706535339355,9.076189994812012,4.22631311416626,11.284079551696777,,,,,,,,,,,,,,,,,,,,,,,,,,,,,,,,,,,,,,,,
2,429,0.6059466004371643,0.2921932339668274,0.5980958938598633,0.24449586868286133,0.35781174898147583,0.7865445017814636,0.25718778371810913,1.0254682302474976,1.4568188190460205,0.4349033534526825,8.63718318939209,5.09041690826416,9.675004005432129,5.995564937591553,7.686770439147949,11.525284767150879,6.1812944412231445,10.482664108276367,13.321027755737305,7.776620864868164,,,,,,,,,,,10.119515419006348,5.984079360961914,11.14286994934082,6.873701572418213,8.559077262878418,14.372672080993652,8.298430442810059,11.94317626953125,13.855623245239258,10.046009063720703,,,,,,,,,,,,,,,,,,,,,,,,,,,,,,,,,,,,,,,,
2,434,0.4236084222793579,0.5659990310668945,0.42294105887413025,0.18893887102603912,0.5388149619102478,0.3528638184070587,0.18630653619766235,0.5148054957389832,0.30219507217407227,0.7396109700202942,7.202770709991455,6.980010032653809,7.5269904136657715,5.490883827209473,8.474540710449219,8.041441917419434,5.629158973693848,7.4178147315979,5.184422969818115,10.07967472076416,,,,,,,,,,,8.7564058303833,8.328563690185547,9.370259284973145,6.042483806610107,10.50314712524414,9.62674331665039,7.062928676605225,8.462141990661621,6.310546398162842,13.100831985473633,,,,,,,,,,,,,,,,,,,,,,,,,,,,,,,,,,,,,,,,
2,439,0.37698057293891907,0.5888256430625916,0.11867678165435791,0.12832152843475342,0.22164535522460938,0.6505056023597717,0.44986775517463684,0.6231312155723572,0.2869624197483063,0.32488885521888733,6.215804576873779,7.186839580535889,3.2262182235717773,3.0209593772888184,5.41812801361084,10.814364433288574,8.440340995788574,5.849319934844971,4.975274085998535,7.010795593261719,,,,,,,,,,,8.151430130004883,8.494848251342773,4.9635748863220215,4.979716777801514,6.736417293548584,13.07077693939209,10.9752197265625,9.30997371673584,6.149443626403809,8.682896614074707,,,,,,,,,,,,,,,,,,,,,,,,,,,,,,,,,,,,,,,,
2,444,0.45636191964149475,0.629264771938324,1.0154314041137695,0.16582663357257843,0.6299875974655151,0.3109581768512726,0.1975889801979065,0.03659892827272415,0.7199365496635437,0.40166446566581726,7.0430121421813965,6.541993141174316,11.302498817443848,5.577665328979492,9.16718578338623,8.33024787902832,6.212342262268066,2.1098647117614746,6.423530578613281,7.72178316116333,,,,,,,,,,,8.697815895080566,8.781708717346191,14.519007682800293,5.660855293273926,11.35705280303955,9.037053108215332,7.273645877838135,2.256279468536377,9.740257263183594,9.65447998046875,,,,,,,,,,,,,,,,,,,,,,,,,,,,,,,,,,,,,,,,
2,449,0.37167903780937195,0.22716237604618073,0.15855737030506134,0.4223801791667938,0.5190861225128174,0.5368462800979614,0.34129053354263306,0.8444938659667969,0.09186482429504395,0.20342974364757538,6.851377964019775,4.186886787414551,5.206569194793701,7.073195934295654,8.675420761108398,10.49844741821289,8.180503845214844,9.644599914550781,2.603135347366333,5.593645095825195,,,,,,,,,,,8.108783721923828,5.276312351226807,5.737265110015869,9.034552574157715,10.309065818786621,11.874103546142578,9.559450149536133,10.83819580078125,3.4793481826782227,6.870754241943359,,,,,,,,,,,,,,,,,,,,,,,,,,,,,,,,,,,,,,,,
2,454,0.614790141582489,0.4540855288505554,0.6607233881950378,0.43133729696273804,1.123212456703186,0.9672194719314575,0.6699565052986145,0.4327908754348755,0.02525992877781391,0.7685258388519287,8.666791915893555,5.406649112701416,9.668807029724121,7.774048805236816,13.067407608032227,12.041536331176758,11.544229507446289,6.509347915649414,1.4466966390609741,10.542409896850586,,,,,,,,,,,10.637279510498047,7.45986795425415,11.711742401123047,9.129844665527344,15.164587020874023,15.938167572021484,13.393501281738281,7.758857727050781,1.8244810104370117,13.354462623596191,,,,,,,,,,,,,,,,,,,,,,,,,,,,,,,,,,,,,,,,
2,459,0.5496255159378052,0.6629760265350342,1.096417784690857,0.25919196009635925,0.8518132567405701,0.4681655168533325,0.41181954741477966,0.5668146014213562,0.20469115674495697,0.4247395098209381,7.961659908294678,7.001896381378174,11.637661933898926,5.396262168884277,11.384904861450195,9.323555946350098,8.682744979858398,6.2276153564453125,4.239321231842041,7.7609734535217285,,,,,,,,,,,9.997149467468262,9.013867378234863,15.086889266967773,7.077268123626709,13.206015586853027,11.088570594787598,10.500845909118652,8.879310607910156,5.193652153015137,9.927926063537598,,,,,,,,,,,,,,,,,,,,,,,,,,,,,,,,,,,,,,,,
2,464,0.4280875027179718,0.3073115944862366,0.3471594750881195,0.6001273393630981,0.5546839833259583,0.5808391571044922,0.23810867965221405,0.3142409324645996,0.22673672437667847,0.6835795640945435,7.3398871421813965,5.5385308265686035,7.21621036529541,8.836860656738281,8.077790260314941,10.892722129821777,5.841717720031738,6.048890113830566,4.138002395629883,9.468260765075684,,,,,,,,,,,9.006681442260742,6.136938095092773,8.489384651184082,10.76902961730957,10.656693458557129,12.35104751586914,7.984696388244629,6.611349105834961,5.466183662414551,12.59481430053711,,,,,,,,,,,,,,,,,,,,,,,,,,,,,,,,,,,,,,,,
2,469,0.5235446095466614,0.39138346910476685,0.2020730972290039,0.30576375126838684,0.8056120276451111,1.0781691074371338,1.0810339450836182,0.29908284544944763,0.20230922102928162,0.3464738726615906,7.70988655090332,5.699868202209473,5.6576619148254395,5.93393087387085,10.42625904083252,12.893880844116211,12.77249526977539,5.114504814147949,3.8892338275909424,7.0011396408081055,,,,,,,,,,,9.817014694213867,6.925697326660156,6.47688102722168,7.686840534210205,12.842885971069336,16.82748794555664,17.01337432861328,6.44992208480835,5.163344860076904,8.966695785522461,,,,,,,,,,,,,,,,,,,,,,,,,,,,,,,,,,,,,,,,
2,474,0.37102189660072327,0.677570641040802,0.2501583993434906,0.10226647555828094,0.29909762740135193,0.45323607325553894,0.36654531955718994,0.3100734055042267,0.44981878995895386,0.430430144071579,6.664997100830078,7.396029949188232,6.0616583824157715,3.427870988845825,5.932848930358887,8.661942481994629,6.6781086921691895,5.766298770904541,7.692895412445068,8.367319107055664,,,,,,,,,,,8.185303688049316,9.112543106079102,7.206413269042969,4.445509433746338,7.82539176940918,10.910335540771484,9.906827926635742,6.567362308502197,7.6991376876831055,9.99421215057373,,,,,,,,,,,,,,,,,,,,,,,,,,,,,,,,,,,,,,,,
2,479,0.4147963523864746,0.21766549348831177,0.366245299577713,1.2511471509933472,0.14731475710868835,0.5988434553146362,0.405120849609375,0.10894923657178879,0.21159589290618896,0.42628493905067444,6.624656677246094,3.6471643447875977,6.961541652679443,9.834868431091309,4.657909393310547,10.293328285217285,8.352269172668457,3.6408495903015137,4.7855544090271,7.448421478271484,,,,,,,,,,,8.555675506591797,5.164842128753662,8.719622611999512,15.549237251281738,5.491901874542236,12.541009902954102,10.415090560913086,3.892878770828247,5.280522346496582,9.945971488952637,,,,,,,,,,,,,,,,,,,,,,,,,,,,,,,,,,,,,,,,
2,484,0.4945710599422455,0.6858676075935364,0.600527822971344,0.13351187109947205,0.7591738104820251,0.6190107464790344,0.29542869329452515,0.1283729523420334,0.6887191534042358,0.5405268669128418,7.294216632843018,6.9834513664245605,9.49731731414795,3.82073974609375,9.347519874572754,10.782649040222168,6.936531066894531,3.1737701892852783,8.030255317687988,7.07570743560791,,,,,,,,,,,9.386319160461426,9.16816520690918,11.165501594543457,5.079428195953369,12.467239379882812,12.750433921813965,8.894000053405762,4.225668907165527,9.526741027832031,11.199685096740723,,,,,,,,,,,,,,,,,,,,,,,,,,,,,,,,,,,,,,,,
2,489,0.3607921600341797,0.8539694547653198,0.3957710564136505,0.4433499574661255,0.5042390823364258,0.2075519859790802,0.4476548433303833,0.055062614381313324,0.0366496816277504,0.30288082361221313,5.77474308013916,7.36456298828125,7.41282320022583,6.392984390258789,5.91387939453125,5.327475547790527,8.17651653289795,2.35933518409729,2.105834484100342,6.919275283813477,,,,,,,,,,,7.821248531341553,10.230183601379395,9.064287185668945,9.256103515625,10.160566329956055,7.383109092712402,10.948193550109863,2.7674970626831055,2.1976492404937744,8.383648872375488,,,,,,,,,,,,,,,,,,,,,,,,,,,,,,,,,,,,,,,,
2,494,0.38909777998924255,0.42272016406059265,0.4878380596637726,0.2107996791601181,0.19085700809955597,0.3122038245201111,0.34788233041763306,0.4168495237827301,0.7751063108444214,0.3376230001449585,6.904476642608643,5.5950212478637695,8.979364395141602,5.50764274597168,5.45419979095459,7.638439178466797,8.16598129272461,6.632852077484131,7.525272369384766,6.641514778137207,,,,,,,,,,,8.352640151977539,7.197617053985596,10.06351089477539,6.382485389709473,6.251060485839844,9.055135726928711,9.651326179504395,7.614622116088867,10.106573104858398,8.851425170898438,,,,,,,,,,,,,,,,,,,,,,,,,,,,,,,,,,,,,,,,
2,499,0.3141704797744751,0.6998257040977478,0.22789348661899567,0.12837328016757965,0.337595134973526,0.4427702724933624,0.2406294047832489,0.1567598134279251,0.22334566712379456,0.37034133076667786,5.7175679206848145,7.157238960266113,4.214550971984863,4.330055236816406,6.040763854980469,7.5973591804504395,5.758758068084717,4.09768533706665,4.225438594818115,8.036261558532715,,,,,,,,,,,7.51214599609375,9.260985374450684,6.878243923187256,4.980720520019531,8.313764572143555,10.7836332321167,8.026849746704102,4.669561386108398,5.425153732299805,9.27039623260498,,,,,,,,,,,,,,,,,,,,,,,,,,,,,,,,,,,,,,,,
2,504,0.4807685911655426,0.5234192609786987,0.735110342502594,0.6948744058609009,0.38581275939941406,0.3525620996952057,0.2942189574241638,0.9207956194877625,0.20979391038417816,0.21032974123954773,7.827147483825684,6.563546657562256,9.248202323913574,10.297407150268555,7.8193182945251465,8.036172866821289,8.055459022521973,11.232638359069824,3.803968906402588,5.387613296508789,,,,,,,,,,,9.21091079711914,8.009162902832031,12.353439331054688,11.587987899780273,8.887670516967773,9.622627258300781,8.875771522521973,11.317235946655273,5.257989406585693,6.986305236816406,,,,,,,,,,,,,,,,,,,,,,,,,,,,,,,,,,,,,,,,
2,509,0.33745676279067993,0.5068039894104004,0.22145047783851624,0.22659261524677277,0.27371835708618164,0.5514520406723022,0.2416152060031891,0.11282863467931747,0.6355719566345215,0.26707765460014343,6.78211784362793,6.672271728515625,6.129680156707764,6.224735260009766,6.479281425476074,10.092537879943848,6.689785480499268,3.8946285247802734,8.738999366760254,6.117138385772705,,,,,,,,,,,7.758707046508789,7.881017684936523,6.7803168296813965,6.617253303527832,7.486030578613281,12.034546852111816,8.043274879455566,3.9615797996520996,9.15178108215332,7.872560024261475,,,,,,,,,,,,,,,,,,,,,,,,,,,,,,,,,,,,,,,,
2,514,0.48515447974205017,0.6393067240715027,0.5156645178794861,0.3129773736000061,0.6750379800796509,0.6822593212127686,0.39711254835128784,0.43258795142173767,0.3885548710823059,0.3228888511657715,7.499294757843018,7.579041004180908,7.468717098236084,4.392399311065674,10.17397689819336,10.195709228515625,8.03105354309082,6.882787227630615,5.6679229736328125,7.102039813995361,,,,,,,,,,,9.555289268493652,8.851500511169434,10.346543312072754,7.776986122131348,11.756113052368164,13.385993003845215,10.311636924743652,7.757038593292236,7.155656337738037,8.656129837036133,,,,,,,,,,,,,,,,,,,,,,,,,,,,,,,,,,,,,,,,
2,519,0.3773646354675293,0.5433945655822754,0.14525103569030762,0.10045492649078369,0.3677198886871338,0.10368018597364426,0.7170926332473755,0.5273345708847046,0.13289552927017212,0.7584585547447205,6.160701274871826,6.940688133239746,4.338740825653076,3.61173152923584,6.273440361022949,3.9256622791290283,9.334917068481445,6.46265983581543,3.273162364959717,11.285307884216309,,,,,,,,,,,7.980607986450195,8.160558700561523,5.491250991821289,4.405959606170654,8.676772117614746,5.218236446380615,13.856656074523926,8.564496994018555,4.184835910797119,13.266705513000488,,,,,,,,,,,,,,,,,,,,,,,,,,,,,,,,,,,,,,,,
2,524,0.2922300398349762,0.3534712791442871,0.17839528620243073,0.2685212194919586,0.09986446797847748,0.23055599629878998,0.2541990876197815,0.7942197918891907,0.1375477910041809,0.3132952153682709,5.697636127471924,4.8014302253723145,5.166329860687256,5.944359302520752,3.865363359451294,5.92523717880249,6.536210536956787,8.503379821777344,3.314417839050293,7.221994400024414,,,,,,,,,,,7.079867839813232,6.581718921661377,6.085598945617676,7.2035112380981445,4.521735191345215,7.7815141677856445,8.250072479248047,10.510638236999512,4.257455825805664,8.526564598083496,,,,,,,,,,,,,,,,,,,,,,,,,,,,,,,,,,,,,,,,
2,529,0.2634279429912567,0.23382790386676788,0.22001990675926208,0.1606721580028534,0.30656492710113525,0.41691964864730835,0.17750713229179382,0.15514284372329712,0.03672187030315399,0.6634751558303833,5.026926040649414,4.212973594665527,4.743134498596191,4.353229522705078,5.658633232116699,6.851330757141113,4.7048258781433105,3.3547115325927734,1.8544832468032837,9.509008407592773,,,,,,,,,,,6.913096904754639,5.35316276550293,6.75838041305542,5.57218074798584,7.9224748611450195,10.464103698730469,6.894118309020996,4.645415782928467,2.199812650680542,12.408221244812012,,,,,,,,,,,,,,,,,,,,,,,,,,,,,,,,,,,,,,,,
2,534,0.7256966829299927,0.5022238492965698,1.0306023359298706,0.6505379676818848,0.7829439043998718,0.8322321176528931,0.505103349685669,1.1390061378479004,0.7372420430183411,0.35137784481048584,9.16462516784668,6.1729817390441895,11.763604164123535,8.10538387298584,10.847390174865723,12.843582153320312,9.387890815734863,8.482845306396484,7.426087379455566,7.451868057250977,,,,,,,,,,,11.58141803741455,7.845324993133545,14.627065658569336,11.212209701538086,12.660911560058594,14.784209251403809,11.629496574401855,12.58698558807373,9.856627464294434,9.02993106842041,,,,,,,,,,,,,,,,,,,,,,,,,,,,,,,,,,,,,,,,
2,539,0.3595893681049347,0.6865376234054565,0.5595273375511169,0.08722589164972305,0.26115405559539795,0.2780660092830658,0.35731205344200134,0.3950430154800415,0.40418314933776855,0.20725522935390472,6.467782497406006,7.561324119567871,9.898036003112793,3.004178047180176,4.774094581604004,6.632376194000244,7.508905410766602,6.204098701477051,6.542705535888672,6.084322929382324,,,,,,,,,,,7.92678165435791,9.172642707824707,10.777606010437012,4.10560941696167,7.31220006942749,8.545743942260742,9.781256675720215,7.412776470184326,7.29814338684082,6.935055732727051,,,,,,,,,,,,,,,,,,,,,,,,,,,,,,,,,,,,,,,,
2,544,0.6271529793739319,0.3016321063041687,0.548351526260376,0.48796430230140686,0.6110469102859497,0.6153202056884766,0.7536804676055908,0.4047945439815521,1.5883175134658813,0.3332694172859192,8.514057159423828,4.628763675689697,7.6062822341918945,7.288730144500732,9.717153549194336,10.428194046020508,12.463419914245605,6.278542995452881,11.394829750061035,6.820601940155029,,,,,,,,,,,10.592060089111328,6.079964637756348,10.669428825378418,9.710663795471191,11.18502426147461,12.71236801147461,14.205758094787598,7.50370979309082,14.467448234558105,8.794171333312988,,,,,,,,,,,,,,,,,,,,,,,,,,,,,,,,,,,,,,,,
2,549,0.5497351884841919,0.5091099739074707,0.518103301525116,0.7716649174690247,0.7810707092285156,0.41582831740379333,0.4869282841682434,0.9136250019073486,0.31020188331604004,0.2410842776298523,8.482555389404297,6.472026348114014,8.390851020812988,10.901407241821289,10.589118003845215,8.647926330566406,9.771838188171387,9.953718185424805,5.48093318939209,6.13517427444458,,,,,,,,,,,10.015806198120117,7.898926734924316,10.37098217010498,12.211506843566895,12.645755767822266,10.450399398803711,11.418349266052246,11.273083686828613,6.393600940704346,7.47965669631958,,,,,,,,,,,,,,,,,,,,,,,,,,,,,,,,,,,,,,,,
2,554,0.4435112178325653,0.24319541454315186,0.5327368974685669,0.3778529167175293,0.575814962387085,0.582987904548645,0.626157820224762,0.34188464283943176,0.12960681319236755,0.5813636183738708,7.739274978637695,4.727065563201904,8.857732772827148,7.508669376373291,8.903018951416016,10.116145133972168,11.338830947875977,5.428534507751465,3.3884475231170654,9.385024070739746,,,,,,,,,,,9.260510444641113,5.4593377113342285,10.516422271728516,8.545083045959473,10.857782363891602,12.373870849609375,12.948298454284668,6.896020412445068,4.1327314376831055,11.615050315856934,,,,,,,,,,,,,,,,,,,,,,,,,,,,,,,,,,,,,,,,
2,559,0.28015443682670593,0.2523579001426697,0.08376385271549225,0.13561341166496277,0.3530401587486267,0.13935834169387817,0.18188892304897308,0.25224408507347107,0.7399478554725647,0.383175253868103,5.249510765075684,3.841738224029541,3.1665306091308594,4.45733118057251,6.638545036315918,4.664271354675293,4.790570259094238,4.466317653656006,7.3086652755737305,7.911628723144531,,,,,,,,,,,6.845396518707275,5.5612287521362305,4.170037269592285,5.119248390197754,8.501815795898438,6.049818992614746,6.978690147399902,5.923374652862549,9.874698638916016,9.429657936096191,,,,,,,,,,,,,,,,,,,,,,,,,,,,,,,,,,,,,,,,
2,564,0.7357156872749329,0.30163490772247314,1.1362234354019165,0.7547688484191895,0.44275903701782227,0.5361925363540649,0.694837749004364,1.252954363822937,1.0857748985290527,0.41629549860954285,9.094244956970215,5.189879417419434,12.923294067382812,9.051729202270508,7.214113712310791,9.91661548614502,12.105865478515625,9.69660472869873,8.364660263061523,7.385448932647705,,,,,,,,,,,11.503917694091797,6.079992294311523,15.35831356048584,12.077077865600586,9.521017074584961,11.866870880126953,13.63994026184082,13.201592445373535,11.961709022521973,9.828744888305664,,,,,,,,,,,,,,,,,,,,,,,,,,,,,,,,,,,,,,,,
2,569,0.4474605917930603,0.3692159950733185,0.2341148853302002,0.553835391998291,0.3774438798427582,0.8558871746063232,0.7056406140327454,0.389893501996994,0.058777809143066406,0.4823363423347473,7.123740196228027,5.29876184463501,6.134653091430664,8.385844230651855,6.377930641174316,11.482561111450195,10.706892013549805,5.6300368309021,2.072953462600708,8.024025917053223,,,,,,,,,,,9.14442253112793,6.726707458496094,6.971499443054199,10.345351219177246,8.79074764251709,14.992847442626953,13.745564460754395,7.364304065704346,2.783107280731201,10.579670906066895,,,,,,,,,,,,,,,,,,,,,,,,,,,,,,,,,,,,,,,,
2,574,0.2642573416233063,0.44366782903671265,0.18009933829307556,0.04611587151885033,0.1544019728899002,0.1549101173877716,0.22056302428245544,0.23982122540473938,0.5354076027870178,0.40332889556884766,5.245105743408203,5.965582847595215,4.946340560913086,2.1123526096343994,5.010486125946045,4.767116069793701,6.004855155944824,3.9617433547973633,6.69724702835083,7.740226745605469,,,,,,,,,,,6.667700290679932,7.373798370361328,6.114595413208008,2.985245943069458,5.622456073760986,6.378458499908447,7.68488073348999,5.775672435760498,8.399734497070312,9.674463272094727,,,,,,,,,,,,,,,,,,,,,,,,,,,,,,,,,,,,,,,,
2,579,0.33856308460235596,0.4563310146331787,0.3072359263896942,0.8180493116378784,0.313998281955719,0.17565491795539856,0.5144128203392029,0.053102415055036545,0.1285611391067505,0.27972179651260376,6.495333194732666,6.497374534606934,6.1343841552734375,11.794300079345703,5.691154479980469,5.974055290222168,9.302579879760742,2.134214162826538,4.032668590545654,6.897268295288086,,,,,,,,,,,7.71940279006958,7.478289604187012,7.986337661743164,12.573165893554688,8.017949104309082,6.792130470275879,11.736178398132324,2.7177894115448,4.116026401519775,8.056757926940918,,,,,,,,,,,,,,,,,,,,,,,,,,,,,,,,,,,,,,,,
2,581,,,,,,,,,,,7.133002281188965,6.0556864738464355,7.05703067779541,6.791845798492432,7.309197425842285,8.746484756469727,7.801361083984375,6.283565521240234,6.334350109100342,7.817497730255127,0.5106305480003357,0.47572803497314453,0.5816290378570557,0.5898794531822205,0.5289583206176758,0.43472039699554443,0.5153599977493286,0.507610559463501,0.47216176986694336,0.48962730169296265,9.310014724731445,7.809743881225586,9.177308082580566,8.86703872680664,9.629965782165527,11.47404956817627,10.265324592590332,8.176092147827148,8.23785400390625,10.152748107910156,0.5168431997299194,0.5665501356124878,0.6149001121520996,0.3935181796550751,0.5762467980384827,0.5788977146148682,0.5145748853683472,0.4300629794597626,0.4798301160335541,0.49700820446014404,7.346269607543945,5.786975383758545,7.917104244232178,6.2341814041137695,8.482100486755371,9.180913925170898,8.710291862487793,5.480408191680908,6.232362747192383,8.092090606689453,0.44121313095092773,0.43155962228775024,0.49992138147354126,0.5808089971542358,0.308829665184021,0.4751932621002197,0.4771100878715515,0.3434397578239441,0.34052711725234985,0.5135282278060913,10.038957595825195,8.342702865600586,10.841875076293945,9.618549346923828,11.248321533203125,12.455324172973633,11.560054779052734,7.554181098937988,8.257990837097168,10.4716157913208
3,584,0.4346531927585602,0.47964704036712646,0.16831402480602264,0.4035223722457886,0.38277503848075867,0.43290483951568604,0.6050993204116821,0.5847280025482178,0.6884225606918335,0.16646547615528107,6.500509262084961,5.6931376457214355,4.699677467346191,6.632017612457275,6.43833589553833,7.58842134475708,9.35937786102295,6.529019832611084,6.104635238647461,5.459959030151367,,,,,,,,,,,8.82347583770752,7.666958808898926,5.911147594451904,8.83056926727295,8.852611541748047,10.662820816040039,12.728702545166016,9.01852798461914,9.524688720703125,6.215260028839111,,,,,,,,,,,,,,,,,,,,,,,,,,,,,,,,,,,,,,,,
3,589,0.28560173511505127,0.5193108916282654,0.3323642313480377,0.4919569492340088,0.1328333616256714,0.2591366469860077,0.2540988326072693,0.1758376806974411,0.24386295676231384,0.16101399064064026,5.672568321228027,6.26660680770874,7.033655166625977,7.220492839813232,4.055154800415039,6.534195899963379,6.773720741271973,4.1522016525268555,4.447977542877197,4.569108963012695,,,,,,,,,,,7.163858890533447,7.977668285369873,8.306514739990234,9.750309944152832,5.214986801147461,8.249740600585938,8.248445510864258,4.945550918579102,5.668866157531738,6.112642765045166,,,,,,,,,,,,,,,,,,,,,,,,,,,,,,,,,,,,,,,,
3,594,0.49877119064331055,0.2336079627275467,0.6075372695922852,0.7950550317764282,0.287372350692749,0.17620880901813507,0.38612088561058044,0.514202356338501,0.6815794110298157,0.8072565793991089,6.942469120025635,4.207976818084717,8.118426322937012,8.942978858947754,5.470506191253662,5.2653045654296875,5.7641448974609375,6.977085590362549,7.103633880615234,10.632166862487793,,,,,,,,,,,9.470977783203125,5.350644111633301,11.230474472045898,12.395198822021484,7.670473098754883,6.802830696105957,10.167926788330078,8.457183837890625,9.477231979370117,13.686835289001465,,,,,,,,,,,,,,,,,,,,,,,,,,,,,,,,,,,,,,,,
3,599,0.3387942314147949,0.2645089030265808,0.23974674940109253,0.34011176228523254,0.41662776470184326,0.584841251373291,0.3981616199016571,0.24077285826206207,0.2540034353733063,0.31037357449531555,6.332703113555908,4.5203680992126465,5.608575344085693,6.001827716827393,7.016575813293457,8.643476486206055,8.739229202270508,4.28084659576416,4.982068061828613,7.201361179351807,,,,,,,,,,,8.096601486206055,5.693540573120117,7.054853916168213,8.10710334777832,9.235783576965332,12.393525123596191,10.325248718261719,5.7871198654174805,5.785528659820557,8.486713409423828,,,,,,,,,,,,,,,,,,,,,,,,,,,,,,,,,,,,,,,,
3,604,0.42226916551589966,0.21530166268348694,0.38527020812034607,0.2942463457584381,0.5589920878410339,0.4135179817676544,0.2873321771621704,0.19596163928508759,1.0740584135055542,0.3757418096065521,7.029633522033691,3.61075496673584,6.76503849029541,6.526612758636475,9.314569473266602,8.447994232177734,6.489063739776611,4.3300395011901855,10.118379592895508,7.66425085067749,,,,,,,,,,,8.662983894348145,5.136721134185791,8.943229675292969,7.54067850112915,10.697997093200684,10.421327590942383,8.771279335021973,5.220886707305908,11.896993637084961,9.337743759155273,,,,,,,,,,,,,,,,,,,,,,,,,,,,,,,,,,,,,,,,
3,609,0.4603500962257385,0.5805236101150513,0.29468992352485657,0.3349510431289673,0.4082750976085663,0.46999648213386536,0.3316667377948761,0.6016196012496948,0.7262657880783081,0.3951626121997833,7.53253173828125,6.6337785720825195,7.464235305786133,6.80808687210083,7.613112449645996,9.664767265319824,6.313150882720947,7.516051292419434,8.127528190612793,7.652070999145508,,,,,,,,,,,9.165024757385254,8.434749603271484,7.8215765953063965,8.045360565185547,9.142733573913574,11.11023235321045,9.423707008361816,9.14786434173584,9.782978057861328,9.576021194458008,,,,,,,,,,,,,,,,,,,,,,,,,,,,,,,,,,,,,,,,
3,614,0.5555788278579712,0.6632172465324402,0.3652874827384949,0.4411529302597046,0.46194252371788025,0.32347607612609863,0.4371036887168884,0.5262559056282043,1.1887824535369873,0.5929909944534302,8.543588638305664,6.126908779144287,6.60615873336792,8.08216381072998,8.181471824645996,8.127660751342773,9.226058006286621,8.555404663085938,12.406048774719238,9.580419540405273,,,,,,,,,,,9.946681022644043,9.015506744384766,8.708212852478027,9.23314094543457,9.725090026855469,9.217155456542969,10.818399429321289,8.555732727050781,12.516257286071777,11.730627059936523,,,,,,,,,,,,,,,,,,,,,,,,,,,,,,,,,,,,,,,,
3,619,0.3752952218055725,0.5512303709983826,0.02481769770383835,0.125406876206398,0.9924508929252625,0.2999025881290436,0.4876381456851959,0.33351415395736694,0.3687977194786072,0.19389858841896057,6.131049633026123,7.021718502044678,2.0605056285858154,3.4026317596435547,9.452138900756836,7.264892578125,8.645732879638672,5.732594966888428,6.098151206970215,5.50108003616333,,,,,,,,,,,7.828704833984375,8.219186782836914,2.269824981689453,4.92283821105957,14.254571914672852,8.874951362609863,11.426668167114258,6.8110785484313965,6.971358299255371,6.707867622375488,,,,,,,,,,,,,,,,,,,,,,,,,,,,,,,,,,,,,,,,
3,624,0.31056278944015503,0.28237730264663696,0.1738913357257843,0.3056033253669739,0.23376582562923431,0.37085431814193726,0.3393186330795288,0.4486912190914154,0.39527782797813416,0.24528533220291138,6.048563480377197,4.8591227531433105,4.536135196685791,6.182180881500244,5.59614896774292,8.76960277557373,8.054741859436035,5.916141986846924,4.929615497589111,5.593384742736816,,,,,,,,,,,7.617422580718994,5.882706642150879,6.008286952972412,7.684823513031006,6.918152809143066,9.869099617004395,9.531793594360352,7.900097370147705,7.217296123504639,7.544544219970703,,,,,,,,,,,,,,,,,,,,,,,,,,,,,,,,,,,,,,,,
3,629,0.521317183971405,0.511286199092865,0.39352166652679443,0.4724198281764984,0.5428239107131958,0.5512213110923767,0.573418378829956,0.8039005994796753,0.4027359187602997,0.44052672386169434,8.222638130187988,5.713322162628174,7.293820858001709,8.115330696105957,8.68097972869873,10.3130464553833,10.296810150146484,9.162551879882812,5.8622965812683105,8.56558609008789,,,,,,,,,,,9.93828010559082,7.915790557861328,9.038492202758789,9.554740905761719,10.54214859008789,12.032028198242188,12.391006469726562,10.57450008392334,7.285065174102783,10.110749244689941,,,,,,,,,,,,,,,,,,,,,,,,,,,,,,,,,,,,,,,,
3,634,0.48222604393959045,0.436149537563324,0.6099991798400879,0.8337810039520264,0.5244554877281189,0.2635098099708557,0.26055824756622314,0.6612827777862549,0.42708098888397217,0.32321715354919434,7.600943565368652,6.180815696716309,8.807872772216797,8.921613693237305,8.299899101257324,7.125253677368164,6.420014381408691,8.517374992370605,6.927361488342285,7.20828914642334,,,,,,,,,,,9.33833122253418,7.311054229736328,11.253205299377441,12.693485260009766,10.362247467041016,8.319059371948242,8.352629661560059,9.590744972229004,7.502023220062256,8.660528182983398,,,,,,,,,,,,,,,,,,,,,,,,,,,,,,,,,,,,,,,,
3,639,0.5747218728065491,0.7443587183952332,0.9116100072860718,0.24843654036521912,0.4003956615924835,0.4686921238899231,0.8713548183441162,0.4449625015258789,0.5266029238700867,0.5560836791992188,7.8144965171813965,7.28764533996582,10.950896263122559,6.173526763916016,5.732788562774658,8.705939292907715,11.342134475708008,5.141380310058594,6.133316516876221,8.862838745117188,,,,,,,,,,,10.35749626159668,9.551100730895996,13.756760597229004,6.928873062133789,9.05408000946045,11.094805717468262,15.274545669555664,7.867204189300537,8.330382347106934,11.359710693359375,,,,,,,,,,,,,,,,,,,,,,,,,,,,,,,,,,,,,,,,
3,644,0.35829412937164307,0.19712883234024048,0.35800260305404663,0.39250630140304565,0.4703024625778198,0.7703551054000854,0.32942289113998413,0.09312275797128677,0.11984437704086304,0.4939618706703186,6.855734348297119,3.781440258026123,8.218273162841797,7.797264099121094,8.14846134185791,11.478571891784668,7.603936672210693,2.5105738639831543,3.3249847888946533,8.838101387023926,,,,,,,,,,,8.21702766418457,4.915156364440918,8.620943069458008,8.709197998046875,9.812694549560547,14.22398567199707,9.39177417755127,3.5990400314331055,3.97403883934021,10.706411361694336,,,,,,,,,,,,,,,,,,,,,,,,,,,,,,,,,,,,,,,,
3,649,0.47246217727661133,0.6825433969497681,0.2784672975540161,0.2671705484390259,0.9831732511520386,0.8337543606758118,0.3182624876499176,0.3230670392513275,0.28063642978668213,0.28508463501930237,6.850252628326416,6.8181657791137695,5.236120700836182,5.8833136558532715,9.581111907958984,8.890480995178223,7.890615463256836,5.484901428222656,4.513059139251709,7.3545050621032715,,,,,,,,,,,9.229979515075684,9.145920753479004,7.603241443634033,7.185370922088623,14.187787055969238,14.797725677490234,9.231313705444336,6.703553199768066,6.081284046173096,8.133624076843262,,,,,,,,,,,,,,,,,,,,,,,,,,,,,,,,,,,,,,,,
3,654,0.5342437028884888,0.49686330556869507,0.7786787152290344,1.0455615520477295,0.3532470762729645,0.4309309720993042,0.3233763873577118,0.5301500558853149,0.2653411328792572,0.584043562412262,7.991597652435303,6.403323650360107,10.474860191345215,10.93179702758789,5.952942371368408,8.957167625427246,7.868868350982666,6.481222629547119,5.703616619110107,9.150580406188965,,,,,,,,,,,9.924708366394043,7.803343296051025,12.714252471923828,14.214437484741211,8.50430679321289,10.638483047485352,9.305183410644531,8.587328910827637,5.913240909576416,11.641790390014648,,,,,,,,,,,,,,,,,,,,,,,,,,,,,,,,,,,,,,,,
3,659,0.44026726484298706,0.3874019682407379,0.21585720777511597,0.5761263966560364,0.274289071559906,0.5507087707519531,0.2371421605348587,0.7971652746200562,0.4850381314754486,0.43867647647857666,7.32885217666626,5.632029056549072,4.957556247711182,7.784469127655029,6.926677703857422,9.901506423950195,6.4606404304504395,8.64141845703125,6.864817142486572,8.790557861328125,,,,,,,,,,,8.915470123291016,6.890380859375,6.6941423416137695,10.55148983001709,7.493830680847168,12.026433944702148,7.968474864959717,10.530110359191895,7.994866847991943,10.089493751525879,,,,,,,,,,,,,,,,,,,,,,,,,,,,,,,,,,,,,,,,
3,664,0.5896533131599426,0.5796655416488647,0.7689279317855835,0.30525487661361694,0.3313656747341156,0.2582855820655823,0.4165135324001312,0.9895695447921753,1.1900200843811035,0.4672766923904419,7.652553081512451,6.319608688354492,11.283435821533203,5.709651947021484,6.89508581161499,6.24492073059082,7.7937116622924805,8.614679336547852,8.318178176879883,7.693702697753906,,,,,,,,,,,10.049443244934082,8.42851448059082,12.63439655303955,7.680441379547119,8.236703872680664,8.236181259155273,10.560522079467773,11.73226547241211,12.522769927978516,10.413201332092285,,,,,,,,,,,,,,,,,,,,,,,,,,,,,,,,,,,,,,,,
3,669,0.32215678691864014,0.212925523519516,0.5073919296264648,0.3675452172756195,0.44659146666526794,0.31651902198791504,0.2397034615278244,0.0937698483467102,0.3750021159648895,0.339962363243103,6.057114124298096,4.292714595794678,7.763906478881836,6.5143656730651855,7.858667850494385,6.7487030029296875,6.2886457443237305,3.349034070968628,5.153215408325195,6.544775009155273,,,,,,,,,,,7.779285907745361,5.108296871185303,10.263215065002441,8.427722930908203,9.562134742736816,9.117500305175781,8.011390686035156,3.611522674560547,7.029754161834717,8.882038116455078,,,,,,,,,,,,,,,,,,,,,,,,,,,,,,,,,,,,,,,,
3,674,0.3600810766220093,0.42615243792533875,0.2349458783864975,0.2443450689315796,0.5529615879058838,0.5907524228096008,0.24864087998867035,0.2069700062274933,0.16367028653621674,0.5722910165786743,6.76788854598999,6.145773410797119,6.255071640014648,6.057188987731934,8.12173080444336,8.547999382019043,6.8016204833984375,5.238247394561768,3.9900763034820557,9.753291130065918,,,,,,,,,,,8.2079439163208,7.226778507232666,6.983860969543457,6.871581077575684,10.640134811401367,12.455999374389648,8.159378051757812,5.365527153015137,4.644171714782715,11.524063110351562,,,,,,,,,,,,,,,,,,,,,,,,,,,,,,,,,,,,,,,,
3,679,0.34430497884750366,0.2007385790348053,0.19870100915431976,0.5337425470352173,0.36987921595573425,0.5088634490966797,0.16265158355236053,0.4056093096733093,0.4585643410682678,0.2599949538707733,6.123406410217285,4.122574329376221,4.6034626960754395,7.408985137939453,5.76979398727417,9.601637840270996,5.477675437927246,5.802112102508545,6.36284875869751,5.961564064025879,,,,,,,,,,,7.939212322235107,4.959954261779785,6.42261266708374,10.155956268310547,8.702210426330566,11.56049633026123,6.599330902099609,7.511257171630859,7.773622035980225,7.767472267150879,,,,,,,,,,,,,,,,,,,,,,,,,,,,,,,,,,,,,,,,
3,684,0.48634710907936096,0.6975634098052979,0.3868609368801117,0.9068883657455444,0.4573211371898651,0.404512494802475,0.34910663962364197,0.36175286769866943,0.4294893145561218,0.3836284875869751,7.639984130859375,7.349603652954102,6.850376129150391,10.953137397766113,8.17918586730957,7.810507297515869,7.364487648010254,6.441352844238281,6.760245323181152,7.0509562492370605,,,,,,,,,,,9.461084365844727,9.246005058288574,8.96167278289795,13.238287925720215,9.676321029663086,10.30722713470459,9.668294906616211,7.093567848205566,7.523146152496338,9.435232162475586,,,,,,,,,,,,,,,,,,,,,,,,,,,,,,,,,,,,,,,,
3,689,0.447611927986145,0.19252249598503113,0.31136345863342285,0.26817113161087036,0.5162226557731628,0.7357568144798279,0.509843111038208,0.4886171221733093,0.35257238149642944,0.6534377932548523,7.466383457183838,4.4974589347839355,6.061665058135986,6.427072048187256,7.92859411239624,10.516103744506836,9.325325965881348,7.0976386070251465,5.52318811416626,9.820398330688477,,,,,,,,,,,9.25953483581543,4.857390403747559,8.039804458618164,7.198812484741211,10.280592918395996,13.90090274810791,11.68393325805664,8.244095802307129,6.816280364990234,12.314004898071289,,,,,,,,,,,,,,,,,,,,,,,,,,,,,,,,,,,,,,,,
3,694,0.2839668095111847,0.24207937717437744,0.18144537508487701,0.30654701590538025,0.18783621490001678,0.30564936995506287,0.15131433308124542,0.10183067619800568,0.5700253844261169,0.5089734792709351,5.50248908996582,3.8174965381622314,5.041995525360107,6.3911824226379395,4.297447681427002,6.5051798820495605,5.023540496826172,3.2789313793182373,7.152304649353027,8.014320373535156,,,,,,,,,,,7.122833251953125,5.446796417236328,6.1374030113220215,7.69667911529541,6.201394081115723,8.959578514099121,6.3651814460754395,3.7635529041290283,8.667031288146973,10.867878913879395,,,,,,,,,,,,,,,,,,,,,,,,,,,,,,,,,,,,,,,,
3,699,0.5490429401397705,0.6288915872573853,0.5590651631355286,0.3568502366542816,0.7558568120002747,0.3225226402282715,0.21059627830982208,0.5101271867752075,1.1256076097488403,0.4718683660030365,8.03604507446289,6.671458721160889,9.657626152038574,6.899716377258301,8.152105331420898,8.21325397491455,5.911178112030029,7.744339942932129,10.709355354309082,8.365365028381348,,,,,,,,,,,9.786247253417969,8.77910327911377,10.773154258728027,8.30420207977295,12.439972877502441,9.20356273651123,7.509243011474609,8.423604011535645,12.179145812988281,10.464238166809082,,,,,,,,,,,,,,,,,,,,,,,,,,,,,,,,,,,,,,,,
3,704,0.43006277084350586,1.1641747951507568,0.32232949137687683,0.10729014128446579,0.38148096203804016,0.3766375780105591,0.40268993377685547,0.23239241540431976,0.6048991680145264,0.2786705791950226,6.643660545349121,8.708731651306152,6.344486713409424,3.7636868953704834,6.6302361488342285,7.732245922088623,8.537714004516602,4.937875270843506,6.914414405822754,6.223554611206055,,,,,,,,,,,8.500073432922363,11.944594383239746,8.180157661437988,4.553389549255371,8.837635040283203,9.94575309753418,10.383796691894531,5.685513496398926,8.928216934204102,8.041604995727539,,,,,,,,,,,,,,,,,,,,,,,,,,,,,,,,,,,,,,,,
3,709,0.3126963973045349,0.46457183361053467,0.13044673204421997,0.17963236570358276,0.18871791660785675,0.5868452191352844,0.4874478578567505,0.3229387700557709,0.30161479115486145,0.152052104473114,6.047037601470947,6.124131679534912,4.348472595214844,5.51641845703125,4.524322986602783,10.055420875549316,8.5015230178833,5.348168849945068,4.769538402557373,5.235339164733887,,,,,,,,,,,7.515901565551758,7.5455121994018555,5.203892230987549,5.891789436340332,6.215931415557861,12.414739608764648,11.424439430236816,6.7022223472595215,6.304485321044922,5.9400954246521,,,,,,,,,,,,,,,,,,,,,,,,,,,,,,,,,,,,,,,,
3,714,0.6541283130645752,1.1773015260696411,0.31523579359054565,0.7822793126106262,0.5577465295791626,0.5434566736221313,0.8546260595321655,0.20371697843074799,0.6606206297874451,0.7921707630157471,8.769993782043457,9.719534873962402,6.5403900146484375,11.246688842773438,8.816125869750977,9.559969902038574,13.287835121154785,4.021561145782471,5.552583694458008,10.185258865356445,,,,,,,,,,,10.929863929748535,12.011744499206543,8.089644432067871,12.295206069946289,10.68607234954834,11.94698429107666,15.127211570739746,5.32319450378418,9.3303804397583,13.558342933654785,,,,,,,,,,,,,,,,,,,,,,,,,,,,,,,,,,,,,,,,
3,719,0.3755006790161133,0.21524778008460999,0.2064698338508606,0.41783609986305237,0.5329363346099854,0.5087712407112122,0.6405333876609802,0.1228616014122963,0.33962389826774597,0.39522603154182434,6.956908702850342,4.465551853179932,5.453922271728516,6.983096122741699,9.224960327148438,9.53547477722168,11.8160400390625,3.067379951477051,5.277708530426025,6.788043022155762,,,,,,,,,,,8.463421821594238,5.136077880859375,6.546963691711426,8.985823631286621,10.445693969726562,11.5594482421875,13.096090316772461,4.133965015411377,6.689942359924316,9.576790809631348,,,,,,,,,,,,,,,,,,,,,,,,,,,,,,,,,,,,,,,,
3,724,0.4914870262145996,0.4005715548992157,0.33285197615623474,0.5422601699829102,0.27600741386413574,0.46876925230026245,0.3456690013408661,1.1604325771331787,0.5514739155769348,0.34534746408462524,7.797847270965576,5.723795413970947,7.1048736572265625,8.839077949523926,6.206719875335693,9.240344047546387,7.753314018249512,9.329063415527344,8.283815383911133,7.699620246887207,,,,,,,,,,,9.33012580871582,7.006519317626953,8.312606811523438,10.23667049407959,7.517267227172852,11.095717430114746,9.620574951171875,12.704825401306152,8.52483081817627,8.952109336853027,,,,,,,,,,,,,,,,,,,,,,,,,,,,,,,,,,,,,,,,
3,729,0.35662275552749634,0.243759423494339,0.29574552178382874,0.3077816963195801,0.5148173570632935,0.1988244503736496,0.5999915599822998,0.16852334141731262,0.5880808234214783,0.2920806109905243,6.1463518142700195,4.255380630493164,5.606635570526123,6.34191370010376,8.15667724609375,5.427850246429443,8.870893478393555,3.649641275405884,6.279165267944336,6.729008197784424,,,,,,,,,,,8.117634773254395,5.465664863586426,7.835571765899658,7.712164402008057,10.266590118408203,7.226212024688721,12.67486572265625,4.8415985107421875,8.80322551727295,8.232818603515625,,,,,,,,,,,,,,,,,,,,,,,,,,,,,,,,,,,,,,,,
3,734,0.5245092511177063,0.16104097664356232,0.7648217082023621,0.4993342161178589,0.34881994128227234,0.7740923166275024,0.6714463233947754,0.48913055658340454,0.5685945153236389,0.44330206513404846,7.03516960144043,3.4892141819000244,10.150894165039062,6.7332024574279785,6.454078197479248,10.350064277648926,7.982852935791016,5.191091060638428,5.58467435836792,7.380452632904053,,,,,,,,,,,10.00345516204834,4.442531108856201,12.600616455078125,9.823145866394043,8.450848579406738,14.258447647094727,13.408384323120117,8.248425483703613,8.656146049499512,10.142548561096191,,,,,,,,,,,,,,,,,,,,,,,,,,,,,,,,,,,,,,,,
3,739,0.6773890256881714,0.8213204145431519,0.2816508412361145,0.41668403148651123,0.3689531981945038,0.17774853110313416,0.30379343032836914,1.6194261312484741,1.57473623752594,0.532188355922699,7.919303894042969,7.781918048858643,5.861442565917969,7.9255805015563965,6.730695724487305,5.941193580627441,6.053807258605957,12.003928184509277,10.161949157714844,8.813216209411621,,,,,,,,,,,10.191394805908203,10.032716751098633,7.646578788757324,8.97342586517334,8.69131088256836,6.832488059997559,9.019033432006836,15.008569717407227,14.405463218688965,11.11296272277832,,,,,,,,,,,,,,,,,,,,,,,,,,,,,,,,,,,,,,,,
3,744,0.2886650264263153,0.45827779173851013,0.2445855438709259,0.09197898954153061,0.10725057870149612,0.20085151493549347,0.16780933737754822,0.16877256333827972,0.42978939414024353,0.7286697030067444,5.408151149749756,5.253808498382568,4.805591106414795,3.4689652919769287,3.9765496253967285,6.07393217086792,4.472647190093994,3.603395938873291,5.880409240722656,11.138060569763184,,,,,,,,,,,6.984721660614014,7.4942240715026855,7.125692367553711,4.215986728668213,4.685969829559326,7.262955665588379,6.703147888183594,4.845176696777344,7.525773525238037,13.003568649291992,,,,,,,,,,,,,,,,,,,,,,,,,,,,,,,,,,,,,,,,
3,749,0.4047606289386749,0.33498069643974304,0.26082831621170044,0.5657324194908142,0.16606269776821136,0.5994317531585693,0.5995334982872009,0.6399974822998047,0.13878685235977173,0.33749181032180786,6.489439964294434,4.980668067932129,5.8270368576049805,6.867761611938477,4.483944416046143,9.75783634185791,7.990803241729736,7.60479211807251,3.979840040206909,6.912276268005371,,,,,,,,,,,8.647905349731445,6.407257080078125,7.358495235443115,10.455876350402832,5.8309006690979,12.547167778015137,12.670025825500488,9.435128211975098,4.276587963104248,8.84970474243164,,,,,,,,,,,,,,,,,,,,,,,,,,,,,,,,,,,,,,,,
3,754,0.36293426156044006,0.28559184074401855,0.2159077227115631,0.1804034560918808,0.7901750206947327,0.6090042591094971,0.3708805441856384,0.11582235246896744,0.14433901011943817,0.5542842149734497,5.856179237365723,4.690261363983154,5.375091075897217,4.943027496337891,7.7467851638793945,9.375418663024902,6.4370856285095215,2.676074981689453,2.918968915939331,8.542899131774902,,,,,,,,,,,8.173698425292969,5.91609525680542,6.694924831390381,5.904421329498291,12.719243049621582,12.646955490112305,9.965241432189941,4.013792514801025,4.361291885375977,11.341315269470215,,,,,,,,,,,,,,,,,,,,,,,,,,,,,,,,,,,,,,,,
3,759,0.5082996487617493,0.1304849535226822,0.620827853679657,0.6488142609596252,0.7386536598205566,0.4564485549926758,0.3714301586151123,0.6066187024116516,0.7459988594055176,0.2554194927215576,6.8866448402404785,2.660457134246826,8.993778228759766,8.662759780883789,7.951596736907959,7.538363456726074,7.8182692527771,5.744906425476074,7.020508766174316,5.589165210723877,,,,,,,,,,,9.618629455566406,3.998917579650879,11.352649688720703,11.197344779968262,12.297592163085938,10.948932647705078,9.972622871398926,9.185791969299316,9.914993286132812,7.698821067810059,,,,,,,,,,,,,,,,,,,,,,,,,,,,,,,,,,,,,,,,
3,764,0.5733822584152222,0.10613000392913818,0.6529499888420105,0.771751344203949,0.3045981526374817,0.37560057640075684,0.7791345715522766,0.5039333701133728,1.0174593925476074,0.6488834619522095,7.87307596206665,2.7727580070495605,9.122912406921387,10.231406211853027,5.862118244171143,7.742668628692627,9.681830406188965,6.475290775299072,10.209539413452148,8.75915241241455,,,,,,,,,,,10.21740436553955,3.606462240219116,11.642643928527832,12.21219253540039,7.897021293640137,9.932052612304688,14.443653106689453,8.372309684753418,11.5792875289917,12.271017074584961,,,,,,,,,,,,,,,,,,,,,,,,,,,,,,,,,,,,,,,,
3,769,0.31304454803466797,0.3697032630443573,0.09098885208368301,0.13536925613880157,0.29361408948898315,0.37542882561683655,0.3781455457210541,0.3769649565219879,0.318450927734375,0.4787350296974182,5.362245559692383,5.473565578460693,3.774782419204712,4.605606555938721,4.906449317932129,6.682925701141357,5.685885429382324,6.028861999511719,4.730391025543213,6.3717427253723145,,,,,,,,,,,7.577417373657227,6.731144428253174,4.346160888671875,5.114638328552246,7.753327369689941,9.929780960083008,10.062370300292969,7.241177558898926,6.478054046630859,10.540102005004883,,,,,,,,,,,,,,,,,,,,,,,,,,,,,,,,,,,,,,,,
3,774,0.5562546253204346,0.45224788784980774,0.3895909786224365,0.18356673419475555,0.7456442713737488,0.6210514307022095,0.395198792219162,1.1353416442871094,0.6672953367233276,0.4163545072078705,8.068978309631348,6.16089391708374,5.227300643920898,5.697139739990234,8.449545860290527,11.106987953186035,8.600421905517578,11.450261116027832,8.507997512817383,7.420258045196533,,,,,,,,,,,9.953484535217285,7.44475793838501,8.993237495422363,5.95596170425415,12.355646133422852,12.771432876586914,10.286760330200195,12.56672191619873,9.377397537231445,9.82944107055664,,,,,,,,,,,,,,,,,,,,,,,,,,,,,,,,,,,,,,,,
3,775,,,,,,,,,,,7.00786828994751,5.801329135894775,6.942431449890137,6.733284950256348,7.241950035095215,8.593467712402344,7.626687049865723,6.175942420959473,6.255035400390625,7.700685501098633,0.5249927639961243,0.506351113319397,0.59483402967453,0.5998964309692383,0.5381691455841064,0.44828081130981445,0.5243270993232727,0.5258584022521973,0.4885040521621704,0.4987138509750366,9.178104400634766,7.578227519989014,9.031316757202148,8.75808334350586,9.535347938537598,11.335591316223145,10.169912338256836,8.023162841796875,8.109326362609863,10.061964988708496,0.4972383975982666,0.537646472454071,0.5229418277740479,0.3928666412830353,0.546404242515564,0.6207146048545837,0.4894309341907501,0.40152204036712646,0.4811971187591553,0.4824218451976776,7.331137180328369,5.44113302230835,7.441646575927734,7.426199913024902,8.3136625289917,9.591937065124512,8.708051681518555,5.072527885437012,6.054645538330078,7.930427551269531,0.45881494879722595,0.44688475131988525,0.5946130752563477,0.5561817288398743,0.34277862310409546,0.4371168613433838,0.49097996950149536,0.41224873065948486,0.33060479164123535,0.5179257392883301,9.894789695739746,8.229474067687988,9.761581420898438,9.897059440612793,10.968595504760742,12.899250030517578,11.405706405639648,7.147380352020264,8.319883346557617,10.424179077148438
4,779,0.5468723177909851,0.39276519417762756,0.658483624458313,0.7428569197654724,0.5649917721748352,0.8330429792404175,0.4201045334339142,0.7090997695922852,0.28837069869041443,0.3121350407600403,7.670140743255615,5.790591716766357,7.307077884674072,7.334578990936279,8.53453540802002,11.949943542480469,7.279597282409668,8.772496223449707,5.126683235168457,6.935753345489502,,,,,,,,,,,10.1522798538208,6.937911510467529,11.691874504089355,11.98139762878418,10.755253791809082,14.791409492492676,10.60594654083252,9.93144416809082,6.164514541625977,8.510763168334961,,,,,,,,,,,,,,,,,,,,,,,,,,,,,,,,,,,,,,,,
4,784,0.5109670758247375,0.6392031908035278,0.42226770520210266,0.5133175253868103,0.4781528115272522,0.7591232657432556,0.2778271436691284,0.5443216562271118,0.5673940777778625,0.3970962166786194,7.884524822235107,6.97453498840332,6.9832634925842285,7.922105312347412,7.5985307693481445,11.075831413269043,6.847598552703857,8.13994026184082,8.124902725219727,7.294023036956787,,,,,,,,,,,9.751137733459473,8.850784301757812,9.362796783447266,9.959738731384277,9.89425277709961,14.119912147521973,8.624980926513672,8.701348304748535,8.647004127502441,9.599421501159668,,,,,,,,,,,,,,,,,,,,,,,,,,,,,,,,,,,,,,,,
4,789,0.49511614441871643,0.5165784955024719,0.32824239134788513,0.4278748035430908,0.8569310903549194,0.9279179573059082,0.7012521624565125,0.16874371469020844,0.23888623714447021,0.28961822390556335,7.543301105499268,6.167750358581543,5.414619445800781,7.7906813621521,10.756442070007324,11.986824989318848,10.033194541931152,3.83624267578125,5.072701930999756,6.8312482833862305,,,,,,,,,,,9.613059043884277,7.956652641296387,8.25484561920166,9.093127250671387,13.245630264282227,15.61099624633789,13.702754974365234,4.844762802124023,5.610723495483398,8.198041915893555,,,,,,,,,,,,,,,,,,,,,,,,,,,,,,,,,,,,,,,,
4,794,0.3273178040981293,0.7504681944847107,0.12095106393098831,0.05834969878196716,0.22956137359142303,0.4174779951572418,0.35549184679985046,0.25341707468032837,0.3996260464191437,0.36051684617996216,6.242222785949707,7.992489814758301,3.6506595611572266,2.8964130878448486,5.91942834854126,8.920251846313477,8.322797775268555,5.686051845550537,5.779653072357178,7.012259483337402,,,,,,,,,,,7.486974239349365,9.590216636657715,5.0109076499938965,3.357949733734131,6.855656147003174,10.471107482910156,9.75631046295166,5.937131404876709,7.25688362121582,9.1466064453125,,,,,,,,,,,,,,,,,,,,,,,,,,,,,,,,,,,,,,,,
4,799,0.7620118260383606,0.5306833982467651,1.396934986114502,0.662927508354187,0.3755444288253784,0.4089515805244446,0.65128493309021,1.5982872247695923,0.9506761431694031,0.2828170657157898,8.756450653076172,6.11265754699707,13.210705757141113,7.715953826904297,7.103128433227539,7.850306987762451,10.428349494934082,10.290921211242676,9.607211112976074,6.488813877105713,,,,,,,,,,,11.439393043518066,8.064547538757324,17.029417037963867,11.318474769592285,8.768601417541504,10.363627433776855,13.205544471740723,14.91029167175293,11.192821502685547,8.101212501525879,,,,,,,,,,,,,,,,,,,,,,,,,,,,,,,,,,,,,,,,
4,804,0.3491150736808777,0.8677423596382141,0.42672988772392273,0.20587478578090668,0.5619787573814392,0.09737490117549896,0.19259633123874664,0.16648344695568085,0.35973024368286133,0.2635250687599182,6.153677940368652,6.9733195304870605,8.101292610168457,5.582065582275391,7.94912052154541,4.18081521987915,5.855003356933594,4.084624767303467,6.086912155151367,6.569952011108398,,,,,,,,,,,7.612678527832031,10.312350273132324,9.412135124206543,6.307487964630127,10.726537704467773,5.057074546813965,7.181163787841797,4.812206745147705,6.885124206542969,7.8200249671936035,,,,,,,,,,,,,,,,,,,,,,,,,,,,,,,,,,,,,,,,
4,809,0.5697384476661682,0.5187385678291321,0.5354644060134888,0.43531516194343567,0.5524498820304871,0.7952943444252014,0.5232559442520142,0.24151593446731567,0.7609418630599976,0.7646697759628296,8.222515106201172,6.391965389251709,8.71240520477295,6.536347389221191,8.650408744812012,12.119158744812012,9.914408683776855,5.070390701293945,8.12731647491455,8.480233192443848,,,,,,,,,,,10.415936470031738,7.973271369934082,10.543309211730957,9.171846389770508,10.635210990905762,14.452394485473633,11.836624145507812,5.796043395996094,10.013802528381348,13.320918083190918,,,,,,,,,,,,,,,,,,,,,,,,,,,,,,,,,,,,,,,,
4,814,0.492121160030365,0.8207743167877197,0.6498832106590271,0.5565907955169678,0.3989855945110321,0.572309672832489,0.2648766338825226,0.370012491941452,0.34650492668151855,0.4491526484489441,7.00933313369751,6.502115726470947,8.189558029174805,7.453474044799805,6.665348529815674,8.561399459838867,6.438079833984375,6.086275100708008,5.202704906463623,7.985042095184326,,,,,,,,,,,9.541793823242188,10.02938175201416,11.615270614624023,10.371054649353027,9.038122177124023,12.260026931762695,8.421561241149902,7.174091815948486,6.757374286651611,10.209258079528809,,,,,,,,,,,,,,,,,,,,,,,,,,,,,,,,,,,,,,,,
4,819,0.3674003779888153,0.6847676634788513,0.17124493420124054,0.3008418679237366,0.4137040972709656,0.2023928463459015,0.46538060903549194,0.44724714756011963,0.22460967302322388,0.3964144289493561,6.318831443786621,7.169299125671387,4.266320705413818,5.212889194488525,7.268575191497803,5.1565985679626465,9.495314598083496,6.720358371734619,3.859372854232788,7.720755100250244,,,,,,,,,,,8.147099494934082,9.160810470581055,5.9623918533325195,7.624722480773926,9.203320503234863,7.290770530700684,11.162846565246582,7.887375354766846,5.440483570098877,9.591176986694336,,,,,,,,,,,,,,,,,,,,,,,,,,,,,,,,,,,,,,,,
4,824,0.7010415196418762,0.7793547511100769,0.41779714822769165,0.3057973384857178,0.552806556224823,0.5704358220100403,0.8200262784957886,0.8690680265426636,0.8930470943450928,1.1010408401489258,9.009451866149902,7.96034574508667,7.974554538726807,6.729104518890381,8.532981872558594,10.171005249023438,11.703875541687012,8.76302433013916,6.697591304779053,12.55258846282959,,,,,,,,,,,11.366372108459473,9.773043632507324,9.313102722167969,7.687263011932373,10.638643264770508,12.23993968963623,14.817832946777344,10.994756698608398,10.848270416259766,15.984495162963867,,,,,,,,,,,,,,,,,,,,,,,,,,,,,,,,,,,,,,,,
4,829,0.3453141748905182,1.055150032043457,0.18005692958831787,0.22983354330062866,0.1919344812631607,0.37670063972473145,0.24119824171066284,0.19125601649284363,0.2808731496334076,0.360824316740036,6.242024898529053,8.991634368896484,5.2247490882873535,6.255438327789307,5.295649528503418,7.998517990112305,6.359172821044922,4.544302463531494,5.241836071014404,6.266922950744629,,,,,,,,,,,7.64373254776001,11.371542930603027,6.113875389099121,6.664408206939697,6.268680095672607,9.946585655212402,8.036331176757812,5.157821178436279,6.0838494300842285,9.150505065917969,,,,,,,,,,,,,,,,,,,,,,,,,,,,,,,,,,,,,,,,
4,834,0.4179200232028961,0.41370782256126404,0.2511071264743805,0.268858402967453,0.39007481932640076,0.6169299483299255,0.2606731653213501,0.464526891708374,0.6382012367248535,0.45720070600509644,7.157782077789307,5.455015182495117,5.733919620513916,6.164947032928467,7.191181659698486,11.040802001953125,6.183973789215088,5.861095428466797,8.603386878967285,8.185715675354004,,,,,,,,,,,8.786441802978516,7.120477199554443,7.220066070556641,7.208032131195068,8.936625480651855,12.728985786437988,8.354471206665039,8.038299560546875,9.170692443847656,10.300318717956543,,,,,,,,,,,,,,,,,,,,,,,,,,,,,,,,,,,,,,,,
4,839,0.3828090727329254,0.37053582072257996,0.3805406093597412,0.5585266947746277,0.3442327678203583,0.3061788082122803,0.24499985575675964,0.24010998010635376,0.5926166772842407,0.40754011273384094,6.964208602905273,6.280335426330566,7.510959625244141,8.20889949798584,6.744787693023682,7.436502933502197,6.422638893127441,5.099715232849121,6.744206428527832,8.229828834533691,,,,,,,,,,,8.424323081970215,6.738719463348389,8.888166427612305,10.38907527923584,8.395097732543945,8.96733570098877,8.09941577911377,5.779148578643799,8.837109565734863,9.724837303161621,,,,,,,,,,,,,,,,,,,,,,,,,,,,,,,,,,,,,,,,
4,844,0.304510235786438,0.39624759554862976,0.3949277102947235,0.3049844205379486,0.23909544944763184,0.34305819869041443,0.18618515133857727,0.2513561248779297,0.23102815449237823,0.3937091827392578,6.400873184204102,5.111275672912598,7.638742923736572,6.575943946838379,5.9881272315979,8.34803295135498,5.7744646072387695,5.310825347900391,4.548652648925781,8.311793327331543,,,,,,,,,,,7.582056522369385,6.968601226806641,9.054625511169434,7.677038192749023,6.9965715408325195,9.492044448852539,7.060627460479736,5.912939548492432,5.517669677734375,9.558395385742188,,,,,,,,,,,,,,,,,,,,,,,,,,,,,,,,,,,,,,,,
4,849,0.5173603892326355,0.47362762689590454,0.6262915134429932,0.7479580640792847,0.2547476887702942,0.47045451402664185,0.6015996336936951,0.6539269685745239,0.4021032154560089,0.42553436756134033,7.50374174118042,4.72728157043457,9.692925453186035,8.221576690673828,5.3998003005981445,8.840173721313477,8.570977210998535,8.456335067749023,5.963210105895996,7.661391735076904,,,,,,,,,,,9.869656562805176,7.618698596954346,11.402495384216309,12.022465705871582,7.221954822540283,11.115644454956055,12.691839218139648,9.537254333496094,7.279340744018555,9.937211990356445,,,,,,,,,,,,,,,,,,,,,,,,,,,,,,,,,,,,,,,,
4,854,0.47542136907577515,0.4580352008342743,0.39014795422554016,0.5212244391441345,0.35921964049339294,0.3513646721839905,0.30352842807769775,0.5438414812088013,0.9040424227714539,0.4473879933357239,7.349265098571777,5.894313335418701,7.323871612548828,8.730254173278809,6.168701171875,7.376267433166504,7.18287467956543,6.838859558105469,8.703495979309082,7.92474889755249,,,,,,,,,,,9.280763626098633,7.4922404289245605,8.999664306640625,10.036152839660645,8.575900077819824,9.60627269744873,9.015098571777344,8.697508811950684,10.914847373962402,10.189183235168457,,,,,,,,,,,,,,,,,,,,,,,,,,,,,,,,,,,,,,,,
4,859,0.2853659987449646,0.3308270573616028,0.27162113785743713,0.2985331118106842,0.19649451971054077,0.3741056025028229,0.23700609803199768,0.26055246591567993,0.22003719210624695,0.3791167438030243,5.815440654754639,4.862843036651611,5.298593044281006,6.164117336273193,5.209321022033691,6.93280553817749,6.227927207946777,5.3931074142456055,4.56545877456665,7.684791564941406,,,,,,,,,,,7.38641357421875,6.367409706115723,7.509195804595947,7.595407962799072,6.342710018157959,9.912266731262207,7.966187953948975,6.020135879516602,5.384822368621826,9.379587173461914,,,,,,,,,,,,,,,,,,,,,,,,,,,,,,,,,,,,,,,,
4,864,0.5147055387496948,0.6183180809020996,0.45368698239326477,0.4707545042037964,0.5419568419456482,0.6231376528739929,0.11547888815402985,0.8121696710586548,0.4519633948802948,0.5448840260505676,7.2727227210998535,6.958225250244141,6.8493475914001465,6.350771427154541,8.29352855682373,9.99608325958252,4.431821346282959,7.644270896911621,5.513926982879639,9.416533470153809,,,,,,,,,,,9.602877616882324,8.704989433288574,9.70487117767334,9.537886619567871,10.533724784851074,12.792866706848145,5.560605525970459,10.628747940063477,7.717469215393066,11.244735717773438,,,,,,,,,,,,,,,,,,,,,,,,,,,,,,,,,,,,,,,,
4,869,0.44158878922462463,0.17470748722553253,0.447521835565567,0.3373095393180847,0.5033934712409973,0.722709059715271,0.5351352691650391,0.5021039247512817,0.16714558005332947,0.5842728018760681,7.492825984954834,3.628347158432007,8.551471710205078,7.800911903381348,8.531301498413086,9.476192474365234,9.964763641357422,7.16200065612793,3.4056358337402344,8.914803504943848,,,,,,,,,,,9.214811325073242,4.627197742462158,9.638707160949707,8.073637008666992,10.152042388916016,13.777093887329102,11.970232009887695,8.357097625732422,4.693218231201172,11.644076347351074,,,,,,,,,,,,,,,,,,,,,,,,,,,,,,,,,,,,,,,,
4,874,0.3602788746356964,0.5778951048851013,0.17213702201843262,0.289422869682312,0.6742207407951355,0.19056616723537445,0.3537677526473999,0.3493410646915436,0.14641313254833221,0.48874613642692566,6.459524154663086,5.98620080947876,4.684329509735107,6.346852779388428,9.83634090423584,5.981357097625732,7.465664386749268,5.086281776428223,4.0982770919799805,8.650411605834961,,,,,,,,,,,8.049043655395508,8.415633201599121,5.977902412414551,7.478617191314697,11.748994827270508,7.074549198150635,9.732623100280762,6.9708147048950195,4.392515659332275,10.649737358093262,,,,,,,,,,,,,,,,,,,,,,,,,,,,,,,,,,,,,,,,
4,879,0.25855445861816406,0.42846187949180603,0.07630538940429688,0.16955116391181946,0.20524734258651733,0.5538609027862549,0.30561181902885437,0.21552486717700958,0.056863654404878616,0.31556302309036255,5.111377239227295,5.281521320343018,3.1524860858917236,4.176753044128418,4.575070381164551,8.892419815063477,6.701706886291504,4.926795959472656,2.293858289718628,6.001783847808838,,,,,,,,,,,6.812196731567383,7.246334552764893,3.9800570011138916,5.724074363708496,6.482438564300537,12.060802459716797,9.045985221862793,5.4752936363220215,2.737415313720703,8.557368278503418,,,,,,,,,,,,,,,,,,,,,,,,,,,,,,,,,,,,,,,,
4,884,0.4945582449436188,0.22739830613136292,0.30483484268188477,0.38216736912727356,0.4651584327220917,0.35070544481277466,0.3414713144302368,0.6416595578193665,0.9235537052154541,0.814075231552124,7.392104148864746,3.999479293823242,6.792677879333496,6.6276960372924805,8.720965385437012,7.381157398223877,7.591126441955566,6.496070861816406,8.578729629516602,10.341033935546875,,,,,,,,,,,9.441096305847168,5.279051303863525,7.955069541931152,8.593729972839355,9.758882522583008,9.597256660461426,9.561982154846191,9.447373390197754,11.032002449035645,13.74451732635498,,,,,,,,,,,,,,,,,,,,,,,,,,,,,,,,,,,,,,,,
4,889,0.41496965289115906,0.4734545648097992,0.09192691743373871,0.30225810408592224,0.23154743015766144,0.44606244564056396,0.1537795513868332,0.22991879284381866,1.2883316278457642,0.5174474716186523,6.747184753417969,6.137978553771973,4.195084095001221,6.753199100494385,5.990108489990234,8.966029167175293,5.5165557861328125,4.497975826263428,10.461731910705566,8.205999374389648,,,,,,,,,,,8.155234336853027,7.617306709289551,4.368506908416748,7.642648220062256,6.885249137878418,10.823648452758789,6.416823387145996,5.655174255371094,13.029781341552734,10.957975387573242,,,,,,,,,,,,,,,,,,,,,,,,,,,,,,,,,,,,,,,,
4,894,0.5304386615753174,0.46462270617485046,0.6214564442634583,0.2280261069536209,0.3245845437049866,0.4580533802509308,0.9393547773361206,0.291946142911911,0.9358748197555542,0.5100288987159729,7.643953323364258,6.001433372497559,9.27584457397461,5.5560503005981445,6.297072887420654,8.575530052185059,10.642770767211914,5.217442035675049,9.002936363220215,8.226499557495117,,,,,,,,,,,9.87544059753418,7.545924663543701,11.358396530151367,6.638152122497559,8.15198802947998,10.96816349029541,15.859358787536621,6.372503757476807,11.1053466796875,10.879140853881836,,,,,,,,,,,,,,,,,,,,,,,,,,,,,,,,,,,,,,,,
4,899,0.5058242082595825,0.5682978630065918,0.10763996839523315,0.6067224740982056,0.7392557859420776,0.7284206748008728,0.6786176562309265,0.2309306561946869,0.4223383963108063,0.4701940417289734,7.630782127380371,6.086581707000732,3.7195639610290527,10.136122703552246,9.084660530090332,10.854118347167969,10.348307609558105,4.614631652832031,5.817000389099121,8.016047477722168,,,,,,,,,,,9.676443099975586,8.345460891723633,4.727139949798584,10.828042030334473,12.302603721618652,13.831427574157715,13.47979736328125,5.667603969573975,7.4602532386779785,10.445656776428223,,,,,,,,,,,,,,,,,,,,,,,,,,,,,,,,,,,,,,,,
4,904,0.602741003036499,0.2959544062614441,0.3601536750793457,0.9373298287391663,0.5088537931442261,0.5628420114517212,0.33533111214637756,0.7874563932418823,0.7986242175102234,0.8381234407424927,8.086822509765625,5.090012550354004,7.210513591766357,10.705531120300293,7.141308784484863,9.569929122924805,7.7959065437316895,7.798703193664551,8.270739555358887,9.19875717163086,,,,,,,,,,,10.515475273132324,6.022469997406006,8.646803855895996,13.458638191223145,10.206953048706055,12.158196449279785,9.475622177124023,10.465788841247559,10.25875186920166,13.946046829223633,,,,,,,,,,,,,,,,,,,,,,,,,,,,,,,,,,,,,,,,
4,909,0.3851994276046753,0.3488447070121765,0.37777993083000183,0.5015996694564819,0.20884832739830017,0.5163251757621765,0.4442741572856903,0.27583059668540955,0.40412500500679016,0.38916701078414917,6.610929489135742,4.569519996643066,7.566350936889648,6.8716325759887695,5.415443420410156,9.398524284362793,7.239450931549072,5.546722888946533,6.093245029449463,6.797472953796387,,,,,,,,,,,8.591710090637207,6.538503170013428,8.855867385864258,9.845402717590332,6.53905725479126,11.644946098327637,10.906774520874023,6.194124221801758,7.297617435455322,9.503097534179688,,,,,,,,,,,,,,,,,,,,,,,,,,,,,,,,,,,,,,,,
4,914,0.9342215061187744,0.4398011267185211,0.6620307564735413,1.034398078918457,1.4610458612442017,1.278497576713562,0.6764293313026428,1.1785552501678467,0.8839308023452759,0.7933048009872437,9.86823844909668,5.554050922393799,8.446263313293457,10.257357597351074,13.299039840698242,12.91032886505127,8.436365127563477,10.810126304626465,8.741985321044922,10.35862922668457,,,,,,,,,,,13.27171516418457,7.34159517288208,11.723322868347168,14.138350486755371,17.295438766479492,18.324234008789062,13.458046913146973,12.803646087646484,10.792757987976074,13.56804370880127,,,,,,,,,,,,,,,,,,,,,,,,,,,,,,,,,,,,,,,,
4,919,0.674329936504364,0.6695766448974609,0.424658864736557,0.7881309390068054,1.147403597831726,0.389483779668808,0.7630705237388611,0.6636126041412354,0.599240779876709,0.6237913370132446,8.7531099319458,6.870024681091309,8.350341796875,9.19000244140625,10.614378929138184,7.65437650680542,11.892240524291992,7.8937811851501465,6.268042087554932,10.044804573059082,,,,,,,,,,,11.227705955505371,9.05862808227539,9.38926887512207,12.341106414794922,15.327020645141602,10.113944053649902,14.293977737426758,9.607625007629395,8.886362075805664,12.031420707702637,,,,,,,,,,,,,,,,,,,,,,,,,,,,,,,,,,,,,,,,
4,924,0.39226844906806946,0.4847509264945984,0.48599231243133545,0.37967926263809204,0.4169747233390808,0.41594260931015015,0.33774334192276,0.30816227197647095,0.38834571838378906,0.3128247857093811,6.946086883544922,6.691639423370361,7.8448486328125,6.78317403793335,7.960873126983643,7.613193511962891,7.013063907623291,5.743934154510498,5.569258689880371,7.294797897338867,,,,,,,,,,,8.63776683807373,7.707642555236816,10.044454574584961,8.565709114074707,9.239627838134766,10.451835632324219,9.509641647338867,6.547091960906982,7.1537299156188965,8.520160675048828,,,,,,,,,,,,,,,,,,,,,,,,,,,,,,,,,,,,,,,,
4,929,0.3830881118774414,0.322663277387619,0.3819332420825958,0.17548474669456482,0.862970232963562,0.18422332406044006,0.29273104667663574,0.2510763108730316,0.4553843140602112,0.5213265419006348,6.706678867340088,4.861103057861328,7.897538661956787,4.1420512199401855,9.702200889587402,5.26124382019043,6.9195122718811035,5.631812572479248,6.3381500244140625,9.60649585723877,,,,,,,,,,,8.308079719543457,6.288354396820068,8.904414176940918,5.8233723640441895,13.292220115661621,6.955817699432373,8.853300094604492,5.909647464752197,7.746621131896973,10.998973846435547,,,,,,,,,,,,,,,,,,,,,,,,,,,,,,,,,,,,,,,,
4,934,0.5010779500007629,0.7903304696083069,0.9985426068305969,0.151651993393898,0.6583693623542786,0.8535504937171936,0.2396981418132782,0.18515454232692719,0.18747757375240326,0.44492653012275696,7.293233394622803,8.336336135864258,10.279836654663086,5.029654026031494,8.945866584777832,10.49255657196045,6.377325534820557,4.062859535217285,4.089850425720215,8.024815559387207,,,,,,,,,,,9.38367748260498,9.841621398925781,14.397760391235352,5.413509845733643,11.61005973815918,14.972367286682129,8.01130199432373,5.074881553649902,4.970475673675537,10.161114692687988,,,,,,,,,,,,,,,,,,,,,,,,,,,,,,,,,,,,,,,,
4,939,0.7061923146247864,0.3880743384361267,0.8623584508895874,1.1567391157150269,0.42265668511390686,0.4024282395839691,0.3742864727973938,0.40109527111053467,1.8081086874008179,0.5399832725524902,9.21334171295166,6.207326889038086,11.11950397491455,12.146528244018555,6.704412937164307,8.582262992858887,8.097590446472168,7.029212951660156,13.937870979309082,9.095367431640625,,,,,,,,,,,10.991193771362305,6.89635705947876,13.379981994628906,14.951081275939941,9.3023681640625,10.280638694763184,10.010893821716309,7.4693450927734375,15.436027526855469,11.194053649902344,,,,,,,,,,,,,,,,,,,,,,,,,,,,,,,,,,,,,,,,
4,944,0.3778373599052429,0.6913590431213379,0.19622021913528442,0.11731202155351639,0.9092925786972046,0.24093212187290192,0.23178967833518982,0.10227866470813751,0.5963832139968872,0.31496894359588623,5.961098670959473,7.347197532653809,5.215762138366699,3.79457950592041,8.051766395568848,6.257226943969727,6.279024600982666,2.318189859390259,7.822709560394287,6.5634307861328125,,,,,,,,,,,7.890200138092041,9.204793930053711,6.382392406463623,4.7613067626953125,13.644307136535645,7.95468807220459,7.878033638000488,3.771822214126587,8.865148544311523,8.549310684204102,,,,,,,,,,,,,,,,,,,,,,,,,,,,,,,,,,,,,,,,
4,949,0.3059893548488617,0.5727418065071106,0.11838752031326294,0.3111017942428589,0.17491881549358368,0.1820158213376999,0.30179426074028015,0.4882257878780365,0.3760344982147217,0.2286839634180069,5.728298664093018,5.8701300621032715,4.253468990325928,6.010205268859863,5.257884979248047,5.79684591293335,6.221203327178955,6.806037902832031,5.302785396575928,6.036128044128418,,,,,,,,,,,7.282429218292236,8.378026962280273,4.957521438598633,7.753649711608887,5.9843621253967285,6.914017200469971,8.98930835723877,8.240795135498047,7.039424419403076,7.284757137298584,,,,,,,,,,,,,,,,,,,,,,,,,,,,,,,,,,,,,,,,
4,954,0.29963478446006775,0.25442254543304443,0.2914256453514099,0.3574582636356354,0.13827268779277802,0.4189450740814209,0.13745848834514618,0.16408243775367737,0.5966795086860657,0.3379681706428528,6.220448017120361,4.176400184631348,7.000410079956055,7.502446174621582,4.033890247344971,9.401697158813477,5.2649431228637695,3.901411533355713,7.949578285217285,6.75325870513916,,,,,,,,,,,7.338995456695557,5.583930969238281,7.778136253356934,8.311273574829102,5.320688724517822,10.489490509033203,6.066756725311279,4.777379989624023,8.867350578308105,8.855949401855469,,,,,,,,,,,,,,,,,,,,,,,,,,,,,,,,,,,,,,,,
4,959,1.0579067468643188,0.3535037338733673,1.199766993522644,0.9317540526390076,1.0155080556869507,1.1075248718261719,0.5985701084136963,1.594222903251648,2.3193979263305664,0.4009121060371399,11.333077430725098,6.0224199295043945,12.583988189697266,9.92733383178711,11.945615768432617,14.088430404663086,9.469575881958008,12.46750259399414,17.125690460205078,8.367136001586914,,,,,,,,,,,13.54845905303955,6.5820207595825195,15.781929016113281,13.418548583984375,14.419205665588379,17.055034637451172,12.659841537475586,14.891321182250977,17.482797622680664,9.645434379577637,,,,,,,,,,,,,,,,,,,,,,,,,,,,,,,,,,,,,,,,
4,964,0.41203418374061584,0.7325716018676758,0.4221164286136627,0.11873680353164673,0.2688831090927124,0.6554826498031616,0.3368927538394928,0.4131565988063812,0.315234899520874,0.44523292779922485,6.75274133682251,6.784667491912842,6.53606653213501,4.0976338386535645,6.150132179260254,9.893805503845215,7.659590721130371,6.69863748550415,5.213944435119629,7.74019718170166,,,,,,,,,,,8.65056324005127,9.475175857543945,9.361119270324707,4.790132999420166,7.419615745544434,13.120683670043945,9.497660636901855,7.580818176269531,6.445260524749756,10.164612770080566,,,,,,,,,,,,,,,,,,,,,,,,,,,,,,,,,,,,,,,,
4,969,0.5167695879936218,0.6804486513137817,0.566593587398529,0.12743380665779114,0.6160959005355835,0.4875659644603729,0.2052135169506073,0.2076021283864975,1.3290475606918335,0.43092530965805054,8.117204666137695,7.5446367263793945,9.1676664352417,4.164466381072998,9.806516647338867,10.039461135864258,5.832282066345215,4.826939105987549,13.2340726852417,8.438793182373047,,,,,,,,,,,9.27859115600586,9.131875991821289,10.845447540283203,4.962462425231934,11.23114013671875,11.31598949432373,7.412655353546143,5.373715400695801,13.2340726852417,9.999958038330078,,,,,,,,,,,,,,,,,,,,,,,,,,,,,,,,,,,,,,,,
4,969,,,,,,,,,,,6.907527446746826,5.648301601409912,6.868988990783691,6.566742897033691,7.08861780166626,8.532344818115234,7.5101318359375,6.173189640045166,6.181086540222168,7.59834623336792,0.5354915261268616,0.5261238217353821,0.5924316048622131,0.6079262495040894,0.5498604774475098,0.4573802947998047,0.5404527187347412,0.5328363180160522,0.49720025062561035,0.5152115821838379,9.07815170288086,7.424903869628906,9.058050155639648,8.669754028320312,9.413881301879883,11.241722106933594,9.996044158935547,7.963905334472656,8.040096282958984,9.895005226135254,0.6754334568977356,0.5412204265594482,0.8150088787078857,0.4444809854030609,0.6961843371391296,0.725414514541626,0.6545209288597107,0.6952041387557983,0.9223660230636597,0.5845006704330444,8.501667976379395,5.6377153396606445,9.53018569946289,6.470019817352295,9.435609817504883,10.098809242248535,9.739044189453125,7.596802234649658,9.112833023071289,8.893999099731445,0.2337314784526825,0.44195306301116943,0.3255951404571533,0.5625125765800476,0.14812785387039185,0.3350027799606323,0.32891207933425903,-0.13311398029327393,-0.32804417610168457,0.4226379990577698,11.482007026672363,8.266080856323242,12.590577125549316,9.826217651367188,12.48769760131836,14.020557403564453,13.096175193786621,9.924003601074219,11.71877384185791,11.407986640930176
5,974,0.4638248085975647,0.28855100274086,0.6680712103843689,0.352713406085968,0.17852181196212769,0.3640461564064026,0.31084564328193665,0.8043624758720398,0.8782089352607727,0.32910245656967163,6.28628396987915,4.8001790046691895,6.484505653381348,5.293720245361328,4.8948798179626465,5.631229877471924,6.582173824310303,8.213041305541992,7.781603813171387,6.895218372344971,,,,,,,,,,,9.000054359436035,5.946666240692139,11.776683807373047,8.255927085876465,6.045681476593018,9.778091430664062,9.123115539550781,10.577539443969727,10.757769584655762,8.739020347595215,,,,,,,,,,,,,,,,,,,,,,,,,,,,,,,,,,,,,,,,
5,979,0.24628284573554993,0.307997465133667,0.017395028844475746,0.13778649270534515,0.23824208974838257,0.43067115545272827,0.28456911444664,0.12947790324687958,0.46750903129577637,0.20289722084999084,5.068322658538818,4.8412017822265625,1.3230159282684326,4.0811638832092285,4.748702526092529,9.025031089782715,6.178735733032227,3.398573398590088,6.7065019607543945,5.311975479125977,,,,,,,,,,,6.50079870223999,6.143782138824463,1.9003090858459473,5.160100936889648,6.98407506942749,10.635274887084961,8.72900390625,4.243816375732422,7.849071025848389,6.861755847930908,,,,,,,,,,,,,,,,,,,,,,,,,,,,,,,,,,,,,,,,
5,984,0.48433902859687805,0.8038440942764282,0.14424178004264832,0.3948476314544678,0.2671530246734619,0.44208136200904846,0.2975708544254303,0.5445560216903687,0.8572893142700195,0.6074671745300293,7.319393634796143,8.307973861694336,3.827320098876953,7.161666393280029,6.0592451095581055,8.06300163269043,6.597487449645996,8.174759864807129,8.198301315307617,9.484781265258789,,,,,,,,,,,9.159427642822266,9.925403594970703,5.472139835357666,8.735135078430176,7.3957061767578125,10.775238990783691,8.926186561584473,8.703221321105957,10.628866195678711,11.872949600219727,,,,,,,,,,,,,,,,,,,,,,,,,,,,,,,,,,,,,,,,
5,989,0.6346845030784607,0.6322826743125916,0.08538300544023514,0.16774000227451324,0.5154312252998352,0.4625883996486664,0.8764269948005676,1.3909106254577637,0.7548619508743286,0.8265357613563538,8.19124698638916,7.468186378479004,3.7587857246398926,5.004891872406006,8.306480407714844,9.597501754760742,10.390438079833984,10.215904235839844,8.11668586730957,10.862346649169922,,,,,,,,,,,10.339189529418945,8.802741050720215,4.210148334503174,5.693419933319092,10.272709846496582,11.022324562072754,15.318938255310059,13.909399032592773,9.973718643188477,13.8493070602417,,,,,,,,,,,,,,,,,,,,,,,,,,,,,,,,,,,,,,,,
5,994,0.34740379452705383,0.17807763814926147,0.36810973286628723,0.469485878944397,0.5715150237083435,0.28705042600631714,0.4212537705898285,0.24141012132167816,0.45993050932884216,0.12980115413665771,6.367769718170166,3.730830430984497,7.892536640167236,7.151036262512207,8.533792495727539,7.073633670806885,8.36752700805664,3.918731689453125,6.284724235534668,4.357120513916016,,,,,,,,,,,8.014110565185547,4.671613693237305,8.741788864135742,9.525026321411133,10.81716537475586,8.682703018188477,10.620445251464844,5.794773101806641,7.785193920135498,5.488282680511475,,,,,,,,,,,,,,,,,,,,,,,,,,,,,,,,,,,,,,,,
5,999,0.23807726800441742,0.36755454540252686,0.3398853838443756,0.10367089509963989,0.20170201361179352,0.13142713904380798,0.2696523070335388,0.3603208065032959,0.12919981777668,0.2392825186252594,5.250715732574463,4.726955413818359,7.1006011962890625,3.7632033824920654,5.242687702178955,5.280023097991943,6.217879772186279,5.967000484466553,3.6303067207336426,5.327785491943359,,,,,,,,,,,6.560373306274414,6.711555480957031,8.399972915649414,4.475930213928223,6.426207542419434,5.8751420974731445,8.497142791748047,7.079513072967529,4.126237869262695,7.451654434204102,,,,,,,,,,,,,,,,,,,,,,,,,,,,,,,,,,,,,,,,
5,1004,0.43702757358551025,0.38750791549682617,0.2163802683353424,0.24661873281002045,0.5396572351455688,0.8498058915138245,0.787874698638916,0.09523426741361618,0.3046470880508423,0.5055220723152161,7.498831748962402,6.060359477996826,5.5904693603515625,4.738784313201904,8.268439292907715,12.853680610656738,12.069746971130371,3.142086982727051,5.611294746398926,9.154619216918945,,,,,,,,,,,9.031001091003418,6.891322135925293,6.7022480964660645,6.903477191925049,10.511354446411133,14.939488410949707,14.524438858032227,3.6396141052246094,6.336097240447998,10.83096694946289,,,,,,,,,,,,,,,,,,,,,,,,,,,,,,,,,,,,,,,,
5,1009,0.5188587307929993,1.3713380098342896,0.6006639003753662,0.5344022512435913,0.4080132842063904,0.48026329278945923,0.29280027747154236,0.3050035536289215,0.19949740171432495,0.47774600982666016,7.592008113861084,9.083818435668945,8.353845596313477,8.968552589416504,7.214746952056885,9.62713623046875,7.8728203773498535,5.388466835021973,3.971985101699829,7.846696376800537,,,,,,,,,,,9.520881652832031,12.963865280151367,11.166767120361328,10.162230491638184,9.139801979064941,11.230925559997559,8.854347229003906,6.51345157623291,5.127337455749512,10.529210090637207,,,,,,,,,,,,,,,,,,,,,,,,,,,,,,,,,,,,,,,,
5,1014,0.2971312403678894,0.14940020442008972,0.15531229972839355,0.1878506988286972,0.25658276677131653,0.05653243511915207,0.6589310765266418,0.09106379747390747,0.7983839511871338,0.3201240301132202,5.297417640686035,3.4824717044830322,4.737569332122803,4.120514392852783,5.923620700836182,2.8415169715881348,9.8964262008667,2.7275917530059814,6.608752250671387,7.338292598724365,,,,,,,,,,,6.977941989898682,4.278956413269043,5.678251266479492,6.025058746337891,7.247920036315918,3.8532280921936035,13.282835006713867,3.5590293407440186,10.257207870483398,8.618989944458008,,,,,,,,,,,,,,,,,,,,,,,,,,,,,,,,,,,,,,,,
5,1019,0.29246756434440613,0.6319470405578613,0.32092180848121643,0.20035681128501892,0.07515060156583786,0.4460225999355316,0.09071013331413269,0.2717965841293335,0.2966621220111847,0.2986404001712799,5.899858474731445,7.209080696105957,6.97196102142334,5.356113433837891,3.052614450454712,8.71098804473877,4.134934425354004,5.872982025146484,4.9330596923828125,6.856991767883301,,,,,,,,,,,7.065000534057617,8.80040454864502,8.162275314331055,6.222385406494141,3.9225261211395264,10.823164939880371,4.928317546844482,6.148663520812988,6.252509117126465,8.324755668640137,,,,,,,,,,,,,,,,,,,,,,,,,,,,,,,,,,,,,,,,
5,1024,0.3941781520843506,0.4871969521045685,0.33720824122428894,0.13571161031723022,0.6914660334587097,0.42623046040534973,0.39927512407302856,0.16905176639556885,0.42050397396087646,0.5072850584983826,6.718133926391602,6.002571105957031,7.777089595794678,4.547957897186279,8.384330749511719,7.251896381378174,7.5296502113342285,4.1091389656066895,6.492162227630615,8.142439842224121,,,,,,,,,,,8.716537475585938,7.72706413269043,8.366826057434082,5.121101379394531,11.89830493927002,10.580302238464355,10.339675903320312,4.849182605743408,7.444033622741699,10.849837303161621,,,,,,,,,,,,,,,,,,,,,,,,,,,,,,,,,,,,,,,,
5,1029,0.3873894214630127,0.24453917145729065,0.22868463397026062,0.3981752395629883,0.7912361025810242,0.3802131116390228,0.18224865198135376,0.14426934719085693,0.8123747706413269,0.30476394295692444,6.693595886230469,4.726027488708496,6.061605453491211,8.055237770080566,7.841002464294434,8.472328186035156,5.35895299911499,3.9137184619903564,8.11400318145752,7.699490070343018,,,,,,,,,,,8.230965614318848,5.474400043487549,6.890172958374023,8.771866798400879,12.72778034210205,9.992850303649902,6.9855875968933105,4.4796671867370605,10.346692085266113,8.40967082977295,,,,,,,,,,,,,,,,,,,,,,,,,,,,,,,,,,,,,,,,
5,1034,0.5693677663803101,0.27679672837257385,0.6114891171455383,0.7302192449569702,0.3889584541320801,0.4108011722564697,1.0414327383041382,0.9333930015563965,0.4329144060611725,0.2983051836490631,7.417677879333496,4.734947204589844,7.728785514831543,8.522027969360352,6.053062438964844,7.381651878356934,10.360526084899902,10.2555570602417,5.613654613494873,6.108887672424316,,,,,,,,,,,10.249726295471191,5.824286460876465,11.26694107055664,11.879044532775879,8.923829078674316,10.387038230895996,16.69884490966797,11.394387245178223,7.553083419799805,8.32008171081543,,,,,,,,,,,,,,,,,,,,,,,,,,,,,,,,,,,,,,,,
5,1039,0.5835530757904053,1.138312578201294,0.5952821969985962,0.1828540414571762,0.7045428156852722,0.38114622235298157,0.3749474287033081,0.36649125814437866,0.43125423789024353,0.9248483180999756,8.085905075073242,7.590250492095947,8.25032901763916,5.7428412437438965,8.724278450012207,7.835569381713867,8.50814437866211,5.670128345489502,7.194039821624756,12.365700721740723,,,,,,,,,,,10.337125778198242,11.811172485351562,11.116628646850586,5.944388389587402,12.010286331176758,10.005105018615723,10.019729614257812,7.139873027801514,7.5385870933532715,14.649826049804688,,,,,,,,,,,,,,,,,,,,,,,,,,,,,,,,,,,,,,,,
5,1044,0.6589617133140564,1.0693080425262451,0.44255197048187256,0.5022337436676025,0.6305471062660217,0.7323295474052429,0.9049926996231079,0.5124308466911316,0.1447608470916748,0.9915009140968323,8.39534854888916,9.003083229064941,7.504553318023682,8.1519193649292,8.079497337341309,9.672789573669434,11.263421058654785,6.69352388381958,3.817145586013794,11.37220573425293,,,,,,,,,,,11.073356628417969,11.447579383850098,9.585037231445312,9.85162353515625,11.36209487915039,13.868488311767578,15.566584587097168,8.442602157592773,4.367660045623779,15.168539047241211,,,,,,,,,,,,,,,,,,,,,,,,,,,,,,,,,,,,,,,,
5,1049,0.3890334367752075,0.26953864097595215,0.26046088337898254,0.5149599313735962,0.20150421559810638,0.3312298059463501,0.46010661125183105,0.4509983956813812,0.7620393633842468,0.2504630982875824,6.737705707550049,4.878217697143555,5.925178527832031,8.213886260986328,4.921728134155273,7.203852653503418,8.454257011413574,6.348588466644287,8.622784614562988,6.070855617523193,,,,,,,,,,,8.387887954711914,5.74741792678833,7.353311061859131,9.975659370422363,6.423056602478027,9.326970100402832,11.09941291809082,7.920383930206299,10.021020889282227,7.623757362365723,,,,,,,,,,,,,,,,,,,,,,,,,,,,,,,,,,,,,,,,
5,1054,0.4111599922180176,0.3242042660713196,0.6674226522445679,0.33420130610466003,0.4477473199367523,0.47964492440223694,0.48259323835372925,0.12158404290676117,0.28499481081962585,0.5580472946166992,7.14546537399292,4.790770053863525,9.372196197509766,6.444601535797119,8.144221305847168,9.74390983581543,9.36794662475586,3.2452027797698975,4.636497497558594,8.563838005065918,,,,,,,,,,,8.87741756439209,6.3033528327941895,11.770966529846191,8.036352157592773,9.574501037597656,11.223692893981934,11.36740779876709,4.112415790557861,6.128324031829834,11.379749298095703,,,,,,,,,,,,,,,,,,,,,,,,,,,,,,,,,,,,,,,,
5,1059,0.5400243401527405,0.4839146137237549,0.6646565198898315,0.08338212966918945,1.2037309408187866,0.6660410165786743,0.3368695378303528,0.17448079586029053,0.7442832589149475,0.502859890460968,7.936750888824463,5.89594841003418,10.066656112670898,2.7107574939727783,13.062748908996582,11.184947967529297,7.298314094543457,3.9071972370147705,9.617884635925293,7.686307430267334,,,,,,,,,,,9.72400951385498,7.700991630554199,11.746548652648926,4.014129638671875,15.698722839355469,13.225934028625488,9.497332572937012,4.926433086395264,9.903585433959961,10.802410125732422,,,,,,,,,,,,,,,,,,,,,,,,,,,,,,,,,,,,,,,,
5,1064,0.4659024477005005,0.4841555953025818,0.5885792374610901,0.3823128640651703,0.3214692771434784,0.44308528304100037,0.546150803565979,0.3924994468688965,0.4907016158103943,0.5441675186157227,7.507693767547607,6.628250598907471,8.135763168334961,7.393515110015869,7.360890865325928,8.351588249206543,9.228866577148438,5.677438259124756,6.17470121383667,8.618226051330566,,,,,,,,,,,9.445866584777832,7.702908515930176,11.053864479064941,8.595365524291992,8.112773895263672,10.787467956542969,12.092804908752441,7.388874053955078,8.041406631469727,11.237339973449707,,,,,,,,,,,,,,,,,,,,,,,,,,,,,,,,,,,,,,,,
5,1069,0.5517348051071167,0.41910961270332336,0.551954984664917,0.4886663854122162,0.48406004905700684,0.7140793204307556,0.42172539234161377,0.471018522977829,0.5075591206550598,0.9074402451515198,8.005749702453613,6.172848224639893,8.055777549743652,7.864323616027832,7.171908855438232,10.427815437316895,8.619584083557129,5.870108127593994,6.568556785583496,11.300820350646973,,,,,,,,,,,10.294331550598145,7.166813373565674,10.704428672790527,9.717646598815918,9.955183029174805,13.694591522216797,10.626387596130371,8.094271659851074,8.178366661071777,14.511296272277832,,,,,,,,,,,,,,,,,,,,,,,,,,,,,,,,,,,,,,,,
5,1074,0.575403094291687,0.8232937455177307,0.2008698582649231,0.34533509612083435,0.24967432022094727,0.428455650806427,0.3231200575828552,0.8156280517578125,1.647534728050232,0.3447166383266449,7.517383098602295,7.836702823638916,5.589447975158691,6.954969882965088,5.734946250915527,8.999152183532715,7.280158519744873,7.608480453491211,10.14901351928711,7.503570556640625,,,,,,,,,,,9.562274932861328,10.04476261138916,6.457568645477295,8.169119834899902,7.149680137634277,10.607884407043457,9.301494598388672,10.65135383605957,14.734675407409668,8.943928718566895,,,,,,,,,,,,,,,,,,,,,,,,,,,,,,,,,,,,,,,,
5,1079,0.2787111699581146,0.3358615040779114,0.1408102810382843,0.24946530163288116,0.24648530781269073,0.3669096529483795,0.20005711913108826,0.20810775458812714,0.5007878541946411,0.25991570949554443,6.103415012359619,5.201305389404297,4.482027053833008,6.437071323394775,6.458394527435303,8.228611946105957,5.5518717765808105,4.711050510406494,7.020832061767578,6.839569091796875,,,,,,,,,,,7.141664981842041,6.415675640106201,5.4066572189331055,6.943204879760742,7.103872776031494,9.816472053527832,7.318933486938477,5.380254745483398,8.12363052368164,7.766287326812744,,,,,,,,,,,,,,,,,,,,,,,,,,,,,,,,,,,,,,,,
5,1084,0.4115457832813263,0.43461528420448303,0.47012433409690857,0.5920408368110657,0.3303564488887787,0.4024994373321533,0.31156885623931885,0.4096793532371521,0.44791167974472046,0.3051157295703888,6.87788200378418,5.1674418449401855,8.242250442504883,9.277629852294922,6.8482208251953125,8.020929336547852,6.97382926940918,5.499734401702881,5.027130603790283,6.843769550323486,,,,,,,,,,,8.79545783996582,7.298183441162109,9.879114151000977,10.696228981018066,8.224149703979492,10.281547546386719,9.133722305297852,7.548849582672119,7.682798862457275,8.414522171020508,,,,,,,,,,,,,,,,,,,,,,,,,,,,,,,,,,,,,,,,
5,1089,0.4988081157207489,0.46736884117126465,0.6070022583007812,1.1800323724746704,0.22821033000946045,0.6724785566329956,0.4564589262008667,0.13693252205848694,0.3469752073287964,0.3938140869140625,7.903170108795166,6.742157936096191,9.560958862304688,14.292201042175293,5.4410176277160645,9.938291549682617,8.723005294799805,3.686779022216797,5.429812431335449,7.314310550689697,,,,,,,,,,,9.528996467590332,7.568192005157471,11.225528717041016,15.100866317749023,6.835453033447266,13.289697647094727,11.055328369140625,4.364274501800537,6.761958599090576,9.55966854095459,,,,,,,,,,,,,,,,,,,,,,,,,,,,,,,,,,,,,,,,
5,1094,0.5228009819984436,0.5431006550788879,0.18290886282920837,0.4692617654800415,0.5791301131248474,0.4747728705406189,0.2762964963912964,0.7605366110801697,0.9322461485862732,0.4869554042816162,7.395051002502441,5.876711368560791,5.123899459838867,7.876824855804443,9.369811058044434,7.861295223236084,6.595512390136719,7.813904285430908,7.860556125640869,8.176946640014648,,,,,,,,,,,9.611031532287598,8.158350944519043,6.162104606628418,9.522751808166504,10.888992309570312,11.166544914245605,8.601188659667969,10.285343170166016,11.0837984085083,10.630208969116211,,,,,,,,,,,,,,,,,,,,,,,,,,,,,,,,,,,,,,,,
5,1099,0.4087143540382385,0.28778380155563354,0.08359691500663757,0.2941323220729828,0.7162058353424072,0.9233647584915161,0.5252622961997986,0.08834705501794815,0.29335200786590576,0.46638423204421997,6.358479022979736,4.576674461364746,3.234506607055664,5.398282051086426,7.987274169921875,11.294483184814453,8.373099327087402,3.070868968963623,5.7712178230285645,7.519903182983398,,,,,,,,,,,8.590155601501465,5.938755512237549,4.16588020324707,7.539216995239258,12.109286308288574,15.572649955749512,11.859294891357422,3.5055384635925293,6.217529296875,10.403252601623535,,,,,,,,,,,,,,,,,,,,,,,,,,,,,,,,,,,,,,,,
5,1104,0.5450183153152466,0.7866286635398865,0.3678693175315857,0.36357855796813965,0.2064998596906662,0.26429152488708496,0.471883088350296,0.844531774520874,0.9044537544250488,0.6954283118247986,7.490909099578857,6.2893195152282715,6.496638298034668,5.76220703125,5.497378826141357,6.139319896697998,8.882757186889648,9.30853271484375,8.621337890625,10.420690536499023,,,,,,,,,,,9.719223976135254,9.818546295166016,8.738934516906738,8.382123947143555,6.502188205718994,8.331390380859375,11.240561485290527,10.838438987731934,10.917330741882324,12.703500747680664,,,,,,,,,,,,,,,,,,,,,,,,,,,,,,,,,,,,,,,,
5,1109,0.22584231197834015,0.21732580661773682,0.15951596200466156,0.24294167757034302,0.25885817408561707,0.48285558819770813,0.4411984980106354,0.041426002979278564,0.054697178304195404,0.13376183807849884,5.176273822784424,4.273012638092041,4.596164703369141,5.343291759490967,5.650187015533447,9.940683364868164,8.165254592895508,2.0387866497039795,2.0685698986053467,4.510512351989746,,,,,,,,,,,6.425995826721191,5.160810470581055,5.754581451416016,6.8518195152282715,7.279986381530762,11.261195182800293,10.868955612182617,2.4004642963409424,2.6847617626190186,5.571386337280273,,,,,,,,,,,,,,,,,,,,,,,,,,,,,,,,,,,,,,,,
5,1114,0.3465607464313507,0.23366311192512512,0.3911759555339813,0.22219067811965942,0.6698529124259949,0.3511406481266022,0.27599236369132996,0.5936641693115234,0.17622753977775574,0.20513920485973358,6.424747467041016,4.302086353302002,7.442869663238525,4.929495334625244,8.928068161010742,7.51806116104126,5.990057945251465,8.979426383972168,4.563124656677246,5.16953706741333,,,,,,,,,,,7.959085464477539,5.351275444030762,9.011512756347656,6.552662372589111,11.710875511169434,9.603209495544434,8.596452713012695,9.087180137634277,4.81903600692749,6.899562358856201,,,,,,,,,,,,,,,,,,,,,,,,,,,,,,,,,,,,,,,,
5,1119,0.6135685443878174,0.2866511940956116,1.1570404767990112,0.5082976222038269,0.426993727684021,0.4204937219619751,0.8204211592674255,0.6465184688568115,0.6955045461654663,0.560196042060852,8.212733268737793,4.718599796295166,13.132129669189453,7.442787170410156,7.328414440155029,7.346855163574219,9.414609909057617,8.181888580322266,7.652161598205566,8.697152137756348,,,,,,,,,,,10.719426155090332,5.92705774307251,15.498367309570312,9.910919189453125,9.34997272491455,10.50886058807373,14.821398735046387,9.483075141906738,9.573555946350098,11.401636123657227,,,,,,,,,,,,,,,,,,,,,,,,,,,,,,,,,,,,,,,,
5,1124,0.4886689782142639,0.4302929937839508,0.5498179793357849,0.2486366182565689,0.8760069012641907,0.3406539857387543,0.8682571053504944,0.14298830926418304,0.15952207148075104,0.781844437122345,7.07275915145874,5.373866081237793,9.525873184204102,6.228857040405273,8.186906814575195,6.973217010498047,10.573488235473633,3.933915853500366,3.783093214035034,9.075613975524902,,,,,,,,,,,9.498872756958008,7.2618021965026855,10.683685302734375,6.931662082672119,13.39224624633789,9.458724975585938,15.247370719909668,4.459733963012695,4.584940433502197,13.469683647155762,,,,,,,,,,,,,,,,,,,,,,,,,,,,,,,,,,,,,,,,
5,1129,0.4345386326313019,0.3317558169364929,0.6105940937995911,0.527442216873169,0.4848911166191101,0.6571802496910095,0.18381410837173462,0.5261256098747253,0.11282608658075333,0.4762182831764221,7.399415969848633,5.022540092468262,9.92015552520752,7.8757452964782715,8.46454906463623,10.533886909484863,5.536893844604492,7.154940128326416,3.666053533554077,8.4199800491333,,,,,,,,,,,8.974526405334473,6.376340866088867,11.258691787719727,10.095836639404297,9.963725090026855,13.137662887573242,7.0155253410339355,8.55467414855957,3.8559203147888184,10.512360572814941,,,,,,,,,,,,,,,,,,,,,,,,,,,,,,,,,,,,,,,,
5,1134,0.3927432596683502,0.38308724761009216,0.38963717222213745,0.24177882075309753,0.16471636295318604,0.8290355205535889,0.49293944239616394,0.2560526728630066,0.37525641918182373,0.40218570828437805,6.800505638122559,5.376237869262695,7.99284029006958,6.656063079833984,4.816836357116699,10.815479278564453,8.40454387664795,4.660154819488525,5.402707576751709,7.079683780670166,,,,,,,,,,,8.59927749633789,6.851901054382324,8.99377155303955,6.8354010581970215,5.807217121124268,14.755788803100586,11.488612174987793,5.967925071716309,7.032137393951416,9.66074275970459,,,,,,,,,,,,,,,,,,,,,,,,,,,,,,,,,,,,,,,,
5,1139,0.3719991445541382,0.22632189095020294,0.3150142431259155,0.4826876223087311,0.6182552576065063,0.4473414123058319,0.20798848569393158,0.12830346822738647,0.29950544238090515,0.6225743293762207,6.546565532684326,3.9108662605285645,5.439691543579102,8.205866813659668,8.335229873657227,7.512007713317871,6.078070163726807,3.9255576133728027,5.9856858253479,9.526114463806152,,,,,,,,,,,8.343392372131348,5.266541957855225,8.086800575256348,9.6580171585083,11.25080394744873,10.839154243469238,7.462604999542236,4.224525451660156,6.282400608062744,12.019678115844727,,,,,,,,,,,,,,,,,,,,,,,,,,,,,,,,,,,,,,,,
5,1144,0.3444089889526367,0.1520305722951889,0.5073728561401367,0.20006436109542847,0.39450162649154663,0.25003868341445923,0.2773575782775879,0.652292013168335,0.1107298880815506,0.5552934408187866,6.724310398101807,3.5054852962493896,9.381677627563477,5.150547027587891,7.358909606933594,7.08819580078125,7.102020263671875,7.756729602813721,3.3381218910217285,9.837105751037598,,,,,,,,,,,7.91141414642334,4.316460132598877,10.263021469116211,6.217843532562256,8.98719310760498,8.10362720489502,8.617688179016113,9.525323867797852,3.819932699203491,11.35163688659668,,,,,,,,,,,,,,,,,,,,,,,,,,,,,,,,,,,,,,,,
5,1149,0.5970765948295593,0.4360004663467407,0.8172208070755005,0.7933365106582642,0.615243136882782,0.7509857416152954,0.4506184756755829,0.4277783930301666,0.1572527289390564,0.9252530932426453,8.687352180480957,6.3861494064331055,10.614155769348145,10.29243278503418,8.817208290100098,11.5440673828125,8.73239803314209,5.880554676055908,4.074896335601807,11.844310760498047,,,,,,,,,,,10.654168128967285,7.309804439544678,13.02510929107666,12.381794929504395,11.223362922668457,14.044028282165527,10.984373092651367,7.713796615600586,4.552211284637451,14.653031349182129,,,,,,,,,,,,,,,,,,,,,,,,,,,,,,,,,,,,,,,,
5,1154,0.31200850009918213,0.15279856324195862,0.2714044153690338,0.27957218885421753,0.2953270971775055,0.33240216970443726,0.30330342054367065,0.5374495387077332,0.37685319781303406,0.2589656412601471,6.0179948806762695,3.331670045852661,5.710515022277832,5.995957374572754,5.966728687286377,7.4717817306518555,6.4315338134765625,7.381682395935059,5.993046283721924,5.879038333892822,,,,,,,,,,,7.640036582946777,4.327348709106445,7.506199836730957,7.350246429443359,7.775911808013916,9.343461036682129,9.011756896972656,8.646245002746582,7.047082901000977,7.752080917358398,,,,,,,,,,,,,,,,,,,,,,,,,,,,,,,,,,,,,,,,
5,1159,0.2749289870262146,0.4376334249973297,0.27273687720298767,0.05724450573325157,0.2745724320411682,0.506887674331665,0.3581482768058777,0.10018574446439743,0.02481226995587349,0.4421398341655731,5.532767295837402,6.2640700340271,6.1023993492126465,2.652057647705078,5.704596996307373,9.084022521972656,7.263172149658203,3.302380084991455,1.666514277458191,7.755694389343262,,,,,,,,,,,6.963669776916504,7.323480129241943,7.52460241317749,3.3259966373443604,7.4977006912231445,11.538030624389648,9.792695045471191,3.733031749725342,1.8082420825958252,10.129243850708008,,,,,,,,,,,,,,,,,,,,,,,,,,,,,,,,,,,,,,,,
5,1163,,,,,,,,,,,6.886015892028809,5.69959020614624,6.828928470611572,6.525904178619385,6.989616394042969,8.410181999206543,7.661778450012207,6.043338298797607,6.211361885070801,7.603444576263428,0.5366560816764832,0.52467942237854,0.5996041893959045,0.616593599319458,0.5548534393310547,0.46940892934799194,0.5194289684295654,0.5479223728179932,0.4882856011390686,0.5091280937194824,9.065545082092285,7.436213493347168,8.977992057800293,8.57339096069336,9.361526489257812,11.116422653198242,10.22214126586914,7.834262371063232,8.111058235168457,9.956896781921387,0.5399733781814575,0.6186239123344421,0.5846965312957764,0.3989408314228058,0.5316562056541443,0.6020029783248901,0.4484476149082184,0.5649985074996948,0.6171913146972656,0.4932023882865906,7.554384708404541,6.401280879974365,7.676608085632324,6.3502373695373535,8.023755073547363,9.294015884399414,8.140844345092773,6.706855297088623,7.399084091186523,7.996782302856445,0.3990119695663452,0.3490736484527588,0.5427993535995483,0.5906467437744141,0.3619133234024048,0.4529806971549988,0.5406075716018677,0.10286730527877808,0.13049465417861938,0.5197244882583618,10.2084321975708,8.927506446838379,10.366656303405762,9.505012512207031,10.807743072509766,12.716179847717285,10.835443496704102,8.830360412597656,9.482263565063477,10.40471363067627
6,1164,0.47791752219200134,0.4997960031032562,0.6499354243278503,0.23402300477027893,0.6099417209625244,0.5190140604972839,0.6465810537338257,0.47388312220573425,0.20325613021850586,0.46482712030410767,7.53032922744751,6.22429895401001,8.591861724853516,4.525889873504639,8.409708976745605,8.471816062927246,10.44010066986084,7.573805332183838,5.0498833656311035,8.485605239868164,,,,,,,,,,,9.539443969726562,7.826339244842529,11.615736961364746,6.724874496459961,11.174904823303223,11.675230026245117,13.157769203186035,8.118846893310547,5.175414085388184,10.385871887207031,,,,,,,,,,,,,,,,,,,,,,,,,,,,,,,,,,,,,,,,
6,1169,0.34830397367477417,0.4601381719112396,0.3389882445335388,0.07541729509830475,0.23878531157970428,0.3351619243621826,0.13462822139263153,0.3289909064769745,0.8890740275382996,0.3335520029067993,6.019560813903809,5.745089054107666,6.0263190269470215,3.3906803131103516,6.124691009521484,7.112093448638916,4.569270610809326,5.740957260131836,8.350750923156738,7.116199016571045,,,,,,,,,,,7.608980178833008,7.509420394897461,8.388879776000977,3.817599296569824,6.992032527923584,9.382166862487793,6.003974914550781,6.764732837677002,10.824110984802246,8.79789924621582,,,,,,,,,,,,,,,,,,,,,,,,,,,,,,,,,,,,,,,,
6,1174,0.44098687171936035,0.45309895277023315,0.35564273595809937,0.47840023040771484,0.44157564640045166,0.48595187067985535,0.3005385994911194,0.3507615923881531,0.9318370223045349,0.17107506096363068,6.844125747680664,6.382331371307373,6.218816757202148,7.667544841766357,7.676341533660889,9.455036163330078,6.579766750335693,4.70810604095459,7.899208068847656,5.009980201721191,,,,,,,,,,,8.866939544677734,7.45175838470459,8.592482566833496,9.615028381347656,9.508285522460938,11.29724407196045,8.970587730407715,6.984972953796387,11.081364631652832,6.300725936889648,,,,,,,,,,,,,,,,,,,,,,,,,,,,,,,,,,,,,,,,
6,1179,0.29517892003059387,0.45805802941322327,0.07035908848047256,0.10223367810249329,0.3293011486530304,0.680972158908844,0.549643874168396,0.07601241767406464,0.13297080993652344,0.25705888867378235,5.687323570251465,5.663233280181885,3.129148483276367,3.6101558208465576,6.023523330688477,8.601292610168457,10.213563919067383,3.1336965560913086,4.068214416503906,6.743085861206055,,,,,,,,,,,7.1817755699157715,7.492427349090576,3.821833610534668,4.444796562194824,8.211003303527832,13.373359680175781,12.131415367126465,3.25162935256958,4.186021327972412,7.723488807678223,,,,,,,,,,,,,,,,,,,,,,,,,,,,,,,,,,,,,,,,
6,1184,0.7005136609077454,0.8427537679672241,0.9579174518585205,1.0001804828643799,0.4018399715423584,0.6044834852218628,0.3287850320339203,1.4487384557724,0.14158695936203003,0.5783377885818481,8.485572814941406,7.266814231872559,10.665453910827637,10.725040435791016,6.850193500518799,9.140782356262207,7.4165544509887695,11.39515495300293,3.8085825443267822,9.101576805114746,,,,,,,,,,,11.035561561584473,10.162782669067383,14.101837158203125,13.90253734588623,9.070395469665527,12.59992790222168,9.382678031921387,14.195598602294922,4.319514274597168,11.584785461425781,,,,,,,,,,,,,,,,,,,,,,,,,,,,,,,,,,,,,,,,
6,1189,0.5361698269844055,0.3515005111694336,0.18116119503974915,0.3123115599155426,0.49639615416526794,0.46100202202796936,0.5164952874183655,2.059422731399536,0.21716724336147308,0.2300718128681183,7.669264316558838,5.421195030212402,5.623071670532227,6.070953369140625,8.821703910827637,9.323643684387207,9.10140323638916,15.505512237548828,3.0834813117980957,6.072414398193359,,,,,,,,,,,9.210081100463867,6.563344955444336,6.132594585418701,7.768710613250732,10.08123779296875,11.003410339355469,11.759909629821777,16.92510986328125,5.349589824676514,7.30682897567749,,,,,,,,,,,,,,,,,,,,,,,,,,,,,,,,,,,,,,,,
6,1194,0.35587140917778015,0.17998798191547394,0.39463821053504944,0.28060734272003174,0.48859769105911255,0.32441407442092896,0.2298322319984436,0.17942462861537933,0.6385824680328369,0.4867582619190216,6.505302429199219,4.359123229980469,6.342625141143799,6.64933443069458,7.4645915031433105,7.667738437652588,6.366223335266113,4.154393196105957,7.626548767089844,7.917145729064941,,,,,,,,,,,8.109546661376953,4.6966047286987305,9.051305770874023,7.363840579986572,10.001734733581543,9.230509757995605,7.844698429107666,4.995739459991455,9.173430442810059,10.628055572509766,,,,,,,,,,,,,,,,,,,,,,,,,,,,,,,,,,,,,,,,
6,1199,0.31021812558174133,0.22805950045585632,0.32483863830566406,0.3138349950313568,0.20194178819656372,0.41303732991218567,0.12937356531620026,0.2797684073448181,0.5076963901519775,0.3934122920036316,6.027520656585693,4.178369045257568,6.611947059631348,6.3875274658203125,5.449361324310303,8.066027641296387,4.7992424964904785,5.3411712646484375,6.346515655517578,7.0675225257873535,,,,,,,,,,,7.554407596588135,5.2867207527160645,8.211935043334961,7.787634372711182,6.430026054382324,10.41526985168457,5.88563871383667,6.238182067871094,8.179472923278809,9.554790496826172,,,,,,,,,,,,,,,,,,,,,,,,,,,,,,,,,,,,,,,,
6,1204,0.4070185124874115,0.873471200466156,0.48361116647720337,0.45153936743736267,0.380462110042572,0.4791128635406494,0.09940619766712189,0.07782556861639023,0.246339350938797,0.5713986754417419,6.766041278839111,7.954926490783691,8.407220840454102,7.843661785125732,6.715936660766602,9.111358642578125,4.279385566711426,2.9604039192199707,5.072388648986816,8.549087524414062,,,,,,,,,,,8.379180908203125,10.346336364746094,10.019817352294922,9.341200828552246,8.825825691223145,11.217466354370117,5.159142971038818,3.2901816368103027,5.697576999664307,11.51507568359375,,,,,,,,,,,,,,,,,,,,,,,,,,,,,,,,,,,,,,,,
6,1209,0.5429268479347229,0.47788915038108826,0.29632362723350525,0.27935364842414856,0.7187964916229248,1.1088966131210327,0.37332668900489807,0.8653658628463745,0.27760982513427734,0.48877954483032227,8.048185348510742,5.925989151000977,6.378655433654785,6.143442630767822,9.752725601196289,13.014140129089355,7.5592474937438965,9.805496215820312,5.1703081130981445,8.683666229248047,,,,,,,,,,,9.967570304870605,7.652896881103516,7.843226909637451,7.347373008728027,12.131168365478516,17.065593719482422,9.99804973602295,10.971312522888184,6.048403263092041,10.650100708007812,,,,,,,,,,,,,,,,,,,,,,,,,,,,,,,,,,,,,,,,
6,1214,0.43953195214271545,0.9582240581512451,0.1370369791984558,0.11449643224477768,0.43078240752220154,0.5268017053604126,0.17679017782211304,0.327579528093338,0.9525772333145142,0.3314990997314453,6.922084808349609,9.014394760131836,4.8387885093688965,3.928624391555786,7.639869213104248,8.712453842163086,5.491456985473633,5.334789752960205,11.196722030639648,6.141664981842041,,,,,,,,,,,8.403694152832031,10.836668968200684,5.333723545074463,4.703821659088135,9.391363143920898,11.762494087219238,6.880180835723877,6.750206470489502,11.204007148742676,8.770782470703125,,,,,,,,,,,,,,,,,,,,,,,,,,,,,,,,,,,,,,,,
6,1219,0.4731336236000061,0.6320703625679016,0.07565263658761978,0.4383874237537384,0.61043381690979,0.5055071115493774,0.4932149648666382,0.39581990242004395,0.653049886226654,0.45406609773635864,7.215254306793213,7.234587669372559,3.8072330951690674,6.989651679992676,8.331120491027832,8.550226211547852,8.196818351745605,6.624230861663818,7.420851230621338,7.782564640045166,,,,,,,,,,,9.235969543457031,8.801262855529785,3.962996482849121,9.204154968261719,11.179411888122559,11.522308349609375,11.491822242736816,7.420062065124512,9.276763916015625,10.264947891235352,,,,,,,,,,,,,,,,,,,,,,,,,,,,,,,,,,,,,,,,
6,1224,0.3886931240558624,0.1907878965139389,0.35799071192741394,0.48564839363098145,0.12567897140979767,0.36005699634552,0.3098674416542053,0.7774766087532043,0.7415463924407959,0.14918488264083862,6.438301086425781,3.903240919113159,6.641214847564697,8.107608795166016,4.329526901245117,8.02414321899414,7.583798408508301,6.724188804626465,8.015223503112793,4.615762710571289,,,,,,,,,,,8.135334968566895,4.835458755493164,8.62079906463623,9.687593460083008,5.072603702545166,9.724369049072266,9.108750343322754,10.399259567260742,9.885358810424805,5.883822441101074,,,,,,,,,,,,,,,,,,,,,,,,,,,,,,,,,,,,,,,,
6,1229,0.3771493136882782,0.23761379718780518,0.2805497646331787,0.1764075607061386,0.09810038655996323,1.328758955001831,0.24184970557689667,0.21673695743083954,0.21561934053897858,0.5987072587013245,6.288741111755371,4.650835037231445,6.897009372711182,5.086376190185547,3.5545945167541504,11.7997407913208,7.0946946144104,5.435073375701904,3.9171128273010254,8.16323471069336,,,,,,,,,,,8.076061248779297,5.39632511138916,7.631617546081543,5.8386640548706055,4.481619358062744,18.680952072143555,8.0471773147583,5.490668296813965,5.330490589141846,11.787031173706055,,,,,,,,,,,,,,,,,,,,,,,,,,,,,,,,,,,,,,,,
6,1234,0.3480491042137146,0.25208327174186707,0.35152512788772583,0.24603712558746338,0.3933131694793701,0.5518524646759033,0.15587390959262848,0.24162597954273224,0.6923071146011353,0.24782396852970123,6.209108829498291,4.361730098724365,6.146542072296143,6.072363376617432,7.734869003295898,8.511813163757324,5.574538230895996,3.715205669403076,7.2743377685546875,6.49058198928833,,,,,,,,,,,7.933493137359619,5.558201789855957,8.542594909667969,6.8953328132629395,8.973645210266113,12.038915634155273,6.460371971130371,5.79736328125,9.55152416229248,7.5834856033325195,,,,,,,,,,,,,,,,,,,,,,,,,,,,,,,,,,,,,,,,
6,1239,0.5027610063552856,0.739546537399292,0.3677538335323334,0.35467278957366943,0.6121116876602173,0.6087051630020142,0.3978569209575653,0.6473478674888611,0.2995862066745758,0.4972677230834961,7.95320987701416,7.905256748199463,6.348846435546875,7.640179634094238,8.22795295715332,10.859076499938965,8.861161231994629,8.598052978515625,4.508472919464111,8.629881858825684,,,,,,,,,,,9.690117835998535,9.520176887512207,8.73756217956543,8.278827667236328,11.194765090942383,12.643850326538086,10.321296691894531,9.489156723022461,6.283248424530029,10.742177963256836,,,,,,,,,,,,,,,,,,,,,,,,,,,,,,,,,,,,,,,,
6,1244,0.36767473816871643,0.3813703954219818,0.12298928201198578,0.28842923045158386,0.35053300857543945,0.6379966735839844,0.39268139004707336,0.07790367305278778,0.9560276865959167,0.10114125162363052,6.064310073852539,5.7868146896362305,4.457011699676514,6.179745197296143,7.05115270614624,10.875643730163574,7.595916748046875,2.108341693878174,6.922239303588867,3.6019201278686523,,,,,,,,,,,7.820668697357178,6.8365302085876465,5.052953243255615,7.465769290924072,8.471573829650879,12.944493293762207,10.25394344329834,3.291832208633423,11.22428035736084,4.844638347625732,,,,,,,,,,,,,,,,,,,,,,,,,,,,,,,,,,,,,,,,
6,1249,0.26441624760627747,0.21452873945236206,0.19566497206687927,0.3975827395915985,0.24012042582035065,0.37209320068359375,0.24892908334732056,0.303665429353714,0.15840454399585724,0.24875697493553162,5.632589817047119,3.961686849594116,4.866206645965576,6.6441755294799805,5.866870403289795,7.8385090827941895,6.646927356719971,4.337630748748779,4.19179630279541,6.339502334594727,,,,,,,,,,,7.1103515625,5.1274919509887695,6.373355865478516,8.765337944030762,7.011552333831787,9.885570526123047,8.164105415344238,6.499148845672607,4.568851947784424,7.597747325897217,,,,,,,,,,,,,,,,,,,,,,,,,,,,,,,,,,,,,,,,
6,1254,0.3669835329055786,0.47909727692604065,0.40249449014663696,0.14878296852111816,0.2929731011390686,0.24831995368003845,0.34536847472190857,0.3899734616279602,0.580662190914154,0.4151798188686371,6.760190963745117,5.8116960525512695,7.941516399383545,4.803440093994141,5.493646144866943,7.136824131011963,7.513875484466553,6.256913661956787,7.276148319244385,8.607656478881836,,,,,,,,,,,8.17007827758789,7.662564277648926,9.140955924987793,5.362057685852051,7.744858741760254,8.075727462768555,9.616392135620117,7.3650593757629395,8.74752140045166,9.815566062927246,,,,,,,,,,,,,,,,,,,,,,,,,,,,,,,,,,,,,,,,
6,1259,0.5300648212432861,0.5029703378677368,0.6669032573699951,0.8459178805351257,0.48991334438323975,0.43167534470558167,0.3136354684829712,0.3377890884876251,0.6047915816307068,0.5769867897033691,7.7710418701171875,6.1350531578063965,8.586735725402832,10.499427795410156,6.670189380645752,8.775031089782715,7.707052707672119,5.716908931732178,7.212100028991699,8.636876106262207,,,,,,,,,,,9.953685760498047,7.85115385055542,11.766386032104492,12.785537719726562,10.015192031860352,10.64766788482666,9.16396427154541,6.85459041595459,8.927424430847168,11.571247100830078,,,,,,,,,,,,,,,,,,,,,,,,,,,,,,,,,,,,,,,,
6,1264,0.3728737235069275,0.15436911582946777,0.2461351454257965,0.3614886999130249,0.32384753227233887,0.4706088602542877,0.5718465447425842,0.42504599690437317,0.44690924882888794,0.355612576007843,6.893100738525391,3.124437093734741,6.109775066375732,6.839186668395996,6.606684684753418,9.03626823425293,9.450675010681152,6.364368915557861,6.920421600341797,7.586089134216309,,,,,,,,,,,8.43749713897705,4.349531650543213,7.148228645324707,8.35799789428711,8.142727851867676,11.11746883392334,12.374011993408203,7.689120292663574,7.674196720123291,9.08418083190918,,,,,,,,,,,,,,,,,,,,,,,,,,,,,,,,,,,,,,,,
6,1269,0.30529001355171204,0.14068160951137543,0.3329528570175171,0.36011266708374023,0.2373177409172058,0.2517234683036804,0.23405461013317108,0.5123947858810425,0.14272980391979218,0.5356423854827881,5.946367263793945,3.4130795001983643,7.108977794647217,7.6060566902160645,4.754275798797607,5.355789661407471,6.697466850280762,6.867658615112305,3.6222732067108154,8.091723442077637,,,,,,,,,,,7.528242588043213,4.152225494384766,8.31386661529541,8.34207534790039,6.970513343811035,8.13088321685791,7.916430473327637,8.442305564880371,4.336912155151367,11.148968696594238,,,,,,,,,,,,,,,,,,,,,,,,,,,,,,,,,,,,,,,,
6,1274,0.4505707919597626,0.43798837065696716,0.5967384576797485,0.14417408406734467,0.33913955092430115,0.530383288860321,0.6310213804244995,0.5040591359138489,0.6086032390594482,0.26302972435951233,7.605564594268799,5.962011337280273,10.000515937805176,4.576522350311279,6.035983085632324,8.072641372680664,10.15947437286377,8.253094673156738,8.687115669250488,6.702716827392578,,,,,,,,,,,9.1122465133667,7.326448917388916,11.130217552185059,5.278353691101074,8.332759857177734,11.802412033081055,12.998486518859863,8.373353958129883,8.955513000488281,7.8126726150512695,,,,,,,,,,,,,,,,,,,,,,,,,,,,,,,,,,,,,,,,
6,1279,0.2745431959629059,0.23568181693553925,0.1266069859266281,0.11923766136169434,0.5254490971565247,0.43748244643211365,0.1743626892566681,0.2739444375038147,0.21024189889431,0.3678815960884094,5.843100547790527,4.824432373046875,4.630311489105225,4.074790954589844,8.347696304321289,8.402510643005371,4.92449951171875,5.914139270782471,4.407064914703369,7.062458515167236,,,,,,,,,,,7.10014009475708,5.374342441558838,5.126730442047119,4.800225257873535,10.37205982208252,10.719047546386719,6.83278226852417,6.172910213470459,5.263600826263428,9.239559173583984,,,,,,,,,,,,,,,,,,,,,,,,,,,,,,,,,,,,,,,,
6,1284,0.3062543570995331,0.3635314702987671,0.32896918058395386,0.17845025658607483,0.2421383559703827,0.3368063271045685,0.16318579018115997,0.5806541442871094,0.3796892762184143,0.1828644871711731,6.008917808532715,4.852772235870361,5.84302282333374,4.63545560836792,5.770452499389648,8.220198631286621,5.726375102996826,7.761086940765381,5.8459906578063965,5.424903392791748,,,,,,,,,,,7.382462501525879,6.674723148345947,8.2639799118042,5.872370719909668,7.040953159332275,9.40515422821045,6.6101603507995605,8.987056732177734,7.073550224304199,6.514211654663086,,,,,,,,,,,,,,,,,,,,,,,,,,,,,,,,,,,,,,,,
6,1289,1.1201398372650146,0.919593095779419,0.7788330316543579,1.7503455877304077,1.0687768459320068,1.1148008108139038,0.31613391637802124,1.4910136461257935,1.4374041557312012,1.204357624053955,11.526049613952637,8.650325775146484,11.797823905944824,16.592729568481445,10.58211898803711,13.73492431640625,7.610353469848633,10.825278282165527,11.297392845153809,12.643495559692383,,,,,,,,,,,14.189860343933105,10.615981101989746,12.715511322021484,18.3914852142334,14.79255485534668,17.110963821411133,9.200392723083496,14.401227951049805,13.762988090515137,16.71763801574707,,,,,,,,,,,,,,,,,,,,,,,,,,,,,,,,,,,,,,,,
6,1294,0.5236937403678894,0.37404897809028625,0.521638810634613,0.5474952459335327,0.2095431536436081,0.5265344977378845,0.35397976636886597,1.1319819688796997,0.6628561019897461,0.3851650059223175,7.700894832611084,5.384701728820801,7.867401123046875,8.392412185668945,5.264463424682617,9.583560943603516,7.709920883178711,8.960683822631836,8.199033737182617,7.9458770751953125,,,,,,,,,,,9.650691032409668,6.770589351654053,10.406305313110352,10.285965919494629,6.549925804138184,11.75951099395752,9.735539436340332,12.548114776611328,9.346153259277344,9.454109191894531,,,,,,,,,,,,,,,,,,,,,,,,,,,,,,,,,,,,,,,,
6,1299,0.3170251250267029,0.37685927748680115,0.6051256060600281,0.22609642148017883,0.2699134349822998,0.30250999331474304,0.32059913873672485,0.22113946080207825,0.3780463635921478,0.15293653309345245,6.14937162399292,5.400649547576904,8.688037872314453,4.743123531341553,5.6042962074279785,7.2777581214904785,7.375589847564697,5.2096967697143555,6.249603271484375,4.795593738555908,,,,,,,,,,,7.643141746520996,6.795976638793945,11.208161354064941,6.61000394821167,7.4338178634643555,8.913447380065918,9.26513957977295,5.5461530685424805,7.058230400085449,5.957345962524414,,,,,,,,,,,,,,,,,,,,,,,,,,,,,,,,,,,,,,,,
6,1304,0.35342803597450256,0.49872300028800964,0.2572043538093567,0.41565895080566406,0.4186786115169525,0.357746958732605,0.3136238753795624,0.2279556393623352,0.3960143029689789,0.29524680972099304,6.254446506500244,6.235169410705566,5.770697593688965,6.09962797164917,5.9582037925720215,7.837930202484131,7.277731418609619,4.7902936935424805,5.798989295959473,6.521377086639404,,,,,,,,,,,8.148359298706055,7.817933082580566,7.307196617126465,8.962381362915039,9.2584867477417,9.69312572479248,9.16379451751709,5.630979061126709,7.224016189575195,8.277321815490723,,,,,,,,,,,,,,,,,,,,,,,,,,,,,,,,,,,,,,,,
6,1309,0.28960952162742615,0.4423515796661377,0.16869691014289856,0.19631610810756683,0.20835700631141663,0.26626497507095337,0.10994989424943924,0.551816463470459,0.40469852089881897,0.2580341398715973,5.595019340515137,5.854167938232422,5.138209819793701,3.6766984462738037,4.810954570770264,6.804774284362793,4.322662353515625,7.551990509033203,5.893669128417969,6.3020477294921875,,,,,,,,,,,7.06240701675415,7.362851619720459,5.917867183685303,6.159321308135986,6.5313615798950195,8.362438201904297,5.42585563659668,8.761048316955566,7.30279541015625,7.738126277923584,,,,,,,,,,,,,,,,,,,,,,,,,,,,,,,,,,,,,,,,
6,1314,0.3543757498264313,0.6841681599617004,0.45487266778945923,0.14563341438770294,0.18105827271938324,0.3509928584098816,0.2071690559387207,0.6228674650192261,0.1422290951013565,0.40039071440696716,6.447689533233643,7.469988822937012,8.03281021118164,4.213597297668457,5.065317630767822,8.025960922241211,6.006181716918945,8.031087875366211,3.3019165992736816,7.88234281539917,,,,,,,,,,,7.84370756149292,9.15679931640625,9.717545509338379,5.305000305175781,6.088479518890381,9.601187705993652,7.447889804840088,9.308004379272461,4.329298496246338,9.63916015625,,,,,,,,,,,,,,,,,,,,,,,,,,,,,,,,,,,,,,,,
6,1319,0.3148406744003296,0.5849131941795349,0.18444940447807312,0.3415476083755493,0.14105646312236786,0.20236366987228394,0.27179914712905884,0.20688433945178986,0.6167019009590149,0.2838503122329712,5.948227882385254,6.695382118225098,5.740787982940674,6.307889461517334,4.852808952331543,5.488427639007568,6.977118968963623,4.606822490692139,7.346470832824707,5.518339157104492,,,,,,,,,,,7.385469436645508,8.46657943725586,6.187999248504639,8.124198913574219,5.37398099899292,7.290245056152344,8.530899047851562,5.36441707611084,9.014900207519531,8.115997314453125,,,,,,,,,,,,,,,,,,,,,,,,,,,,,,,,,,,,,,,,
6,1324,0.4004409909248352,0.5536808371543884,0.3924088478088379,0.36132872104644775,0.19392703473567963,0.374220073223114,0.3207421898841858,0.23711934685707092,0.25941914319992065,0.911122739315033,6.470491886138916,5.332869529724121,5.643123626708984,7.517274379730225,5.676254749298096,8.347079277038574,6.420116424560547,4.653951168060303,4.20469856262207,10.439061164855957,,,,,,,,,,,8.581339836120605,8.237435340881348,9.025703430175781,8.356148719787598,6.301135540008545,9.913783073425293,9.267206192016602,5.743044853210449,5.84688138961792,14.540711402893066,,,,,,,,,,,,,,,,,,,,,,,,,,,,,,,,,,,,,,,,
6,1329,0.3371981084346771,0.42320874333381653,0.08799672871828079,0.2013639509677887,0.3150540292263031,0.301685631275177,0.25933095812797546,0.16111469268798828,0.2092665433883667,1.0757615566253662,6.13035774230957,5.479176044464111,3.8395023345947266,5.4298601150512695,5.214635848999023,7.322232723236084,6.00699520111084,3.6769824028015137,5.174751281738281,13.02907943725586,,,,,,,,,,,7.640535354614258,7.201775550842285,4.274102210998535,6.238005638122559,8.031415939331055,8.901294708251953,8.332934379577637,4.733978748321533,5.251377105712891,15.799932479858398,,,,,,,,,,,,,,,,,,,,,,,,,,,,,,,,,,,,,,,,
6,1334,0.5593434572219849,0.2844911515712738,0.9495325088500977,1.0488779544830322,0.6237739324569702,0.3368673026561737,0.4407384991645813,0.18757222592830658,0.4573075473308563,0.7049301266670227,7.868173599243164,4.176685333251953,10.980701446533203,11.75472640991211,7.879452705383301,7.336293697357178,8.474313735961914,3.611906051635742,6.760496616363525,9.838987350463867,,,,,,,,,,,10.156965255737305,5.904684066772461,14.039982795715332,14.23696231842041,11.300905227661133,9.406006813049316,10.863287925720215,5.107907295227051,7.762962341308594,12.789990425109863,,,,,,,,,,,,,,,,,,,,,,,,,,,,,,,,,,,,,,,,
6,1339,0.4517665505409241,0.28097978234291077,0.3135523498058319,0.12516403198242188,0.8633813261985779,0.614008903503418,0.4323132634162903,0.8169683814048767,0.2999834716320038,0.319547176361084,7.201455116271973,5.176146507263184,6.1081976890563965,4.2017927169799805,10.520587921142578,8.948150634765625,8.81126594543457,8.722078323364258,5.3671746253967285,6.957694053649902,,,,,,,,,,,9.01845645904541,5.868130683898926,8.068014144897461,4.918069362640381,13.295387268066406,12.698816299438477,10.758955001831055,10.660101890563965,6.287412166595459,8.611220359802246,,,,,,,,,,,,,,,,,,,,,,,,,,,,,,,,,,,,,,,,
6,1344,0.1928158849477768,0.33030426502227783,0.12539656460285187,0.08941242843866348,0.1514691263437271,0.1719101071357727,0.23556818068027496,0.18832388520240784,0.19406819343566895,0.24889031052589417,4.721382141113281,5.611959457397461,4.027413368225098,3.210847854614258,4.022071838378906,4.744966506958008,6.651783466339111,4.334810733795166,3.9610788822174072,5.927508354187012,,,,,,,,,,,5.95849084854126,6.362376689910889,5.1021647453308105,4.1567487716674805,5.568801403045654,6.719338893890381,7.941985607147217,5.118131637573242,5.057087421417236,7.599783420562744,,,,,,,,,,,,,,,,,,,,,,,,,,,,,,,,,,,,,,,,
6,1349,0.36940455436706543,0.27617090940475464,0.5467827916145325,0.3484232425689697,0.2980150282382965,0.3140709698200226,0.3540153503417969,0.3276408612728119,0.46948713064193726,0.3900347054004669,6.799954414367676,4.54658317565918,7.995447158813477,6.446036338806152,6.092280864715576,7.599454879760742,7.945222854614258,5.536910533905029,7.015787601470947,8.021867752075195,,,,,,,,,,,8.381892204284668,5.817698955535889,10.654156684875488,8.205564498901367,7.811217308044434,9.082173347473145,9.736028671264648,6.750838756561279,7.865659236907959,9.513686180114746,,,,,,,,,,,,,,,,,,,,,,,,,,,,,,,,,,,,,,,,
6,1354,0.2717982530593872,0.36180779337882996,0.24296711385250092,0.3711325228214264,0.08075233548879623,0.2710150480270386,0.6643586158752441,0.10450221598148346,0.08808054029941559,0.26156800985336304,5.539575576782227,5.405697345733643,6.297684669494629,6.4332733154296875,3.3462929725646973,5.762481212615967,9.879037857055664,3.6023380756378174,3.039233922958374,6.090141296386719,,,,,,,,,,,7.008933067321777,6.658880710601807,7.102077960968018,8.468750953674316,4.066091537475586,8.436698913574219,13.337428092956543,3.8126020431518555,3.406930446624756,7.7909345626831055,,,,,,,,,,,,,,,,,,,,,,,,,,,,,,,,,,,,,,,,
6,1357,,,,,,,,,,,6.8114542961120605,5.645569801330566,6.809249401092529,6.441073894500732,6.937788963317871,8.435925483703613,7.462405681610107,6.087776184082031,6.057157039642334,7.42614221572876,0.5453124642372131,0.5276148319244385,0.6025968790054321,0.6187146902084351,0.563254177570343,0.4685649275779724,0.5443698167800903,0.5332849025726318,0.518375813961029,0.5310364961624146,8.97998046875,7.413214206695557,8.944378852844238,8.549642562866211,9.2727689743042,11.125261306762695,9.953350067138672,7.960081100463867,7.868968486785889,9.732165336608887,0.5369899272918701,0.5710617303848267,0.5800383687019348,0.3602226972579956,0.653485894203186,0.658205509185791,0.49723345041275024,0.4384614825248718,0.5878406167030334,0.4863593876361847,7.541249752044678,5.905295372009277,7.728044033050537,6.112393379211426,8.976968765258789,9.793625831604004,8.505882263183594,5.690933704376221,7.158914566040039,7.999190807342529,0.4054373800754547,0.40208756923675537,0.5404760837554932,0.6243410110473633,0.2063988447189331,0.40001773834228516,0.4867764711380005,0.3061440587043762,0.1599929928779602,0.5227017402648926,10.25957202911377,8.556241989135742,10.392961502075195,9.105430603027344,12.053031921386719,13.317556381225586,11.452704429626465,7.765774726867676,9.32003116607666,10.372413635253906
7,1359,0.4482811987400055,0.6868643760681152,0.7480188012123108,0.524344801902771,0.34310445189476013,0.2782183885574341,0.44705015420913696,0.34117087721824646,0.39590924978256226,0.26984962821006775,7.096996307373047,7.556060791015625,10.187369346618652,8.072291374206543,6.4137701988220215,7.4817047119140625,7.5015435218811035,5.3623046875,5.538679599761963,5.759243011474609,,,,,,,,,,,9.066421508789062,9.174823760986328,12.461429595947266,10.066149711608887,8.381327629089355,8.548084259033203,10.9407958984375,6.888817310333252,7.223057746887207,7.913308620452881,,,,,,,,,,,,,,,,,,,,,,,,,,,,,,,,,,,,,,,,
7,1364,0.34433692693710327,0.36765143275260925,0.37171125411987305,0.4933204650878906,0.38869941234588623,0.2933867871761322,0.40742409229278564,0.348126083612442,0.21102221310138702,0.21769076585769653,6.481056213378906,5.442924976348877,6.877012729644775,8.150046348571777,6.7282819747924805,7.356688499450684,7.157262325286865,6.456934928894043,4.395040988922119,5.765315055847168,,,,,,,,,,,8.0826416015625,6.71243953704834,8.784448623657227,9.763813972473145,8.920856475830078,8.778011322021484,10.444655418395996,6.958682060241699,5.2733588218688965,7.107505798339844,,,,,,,,,,,,,,,,,,,,,,,,,,,,,,,,,,,,,,,,
7,1369,0.34102025628089905,0.32240310311317444,0.3571425974369049,0.27534914016723633,0.2984183728694916,0.5514928102493286,0.29835671186447144,0.12105879187583923,0.3885319232940674,0.4564288258552551,6.643964767456055,4.8457136154174805,7.338329792022705,6.023563861846924,6.857736587524414,9.83342456817627,6.8760223388671875,3.2101216316223145,6.4069671630859375,8.403802871704102,,,,,,,,,,,8.058996200561523,6.2858195304870605,8.61058235168457,7.294520378112793,7.816502094268799,12.034991264343262,8.937966346740723,4.103523254394531,7.155445098876953,10.291619300842285,,,,,,,,,,,,,,,,,,,,,,,,,,,,,,,,,,,,,,,,
7,1374,0.2179802805185318,0.14240707457065582,0.1151450127363205,0.2612353265285492,0.1779223382472992,0.17801956832408905,0.17183330655097961,0.10657403618097305,0.525969386100769,0.2827165424823761,5.208639621734619,3.9862797260284424,3.979722499847412,5.587517738342285,4.726822853088379,5.72750186920166,5.397879123687744,3.391237258911133,7.435144901275635,6.645644187927246,,,,,,,,,,,6.2337212562561035,4.177611351013184,4.889159679412842,7.1051106452941895,6.035522937774658,6.8376946449279785,6.783041477203369,3.850210189819336,8.325369834899902,8.099772453308105,,,,,,,,,,,,,,,,,,,,,,,,,,,,,,,,,,,,,,,,
7,1379,0.35747799277305603,0.510634183883667,0.49223822355270386,0.22042758762836456,0.4866221845149994,0.34748193621635437,0.34459027647972107,0.4023410975933075,0.21004363894462585,0.20292286574840546,6.391018390655518,5.492266654968262,8.165719032287598,5.167527198791504,7.759359836578369,8.14648151397705,7.334836006164551,6.235179424285889,4.015049457550049,5.202744483947754,,,,,,,,,,,8.143386840820312,7.910741806030273,10.108794212341309,6.526613235473633,9.981494903564453,9.553049087524414,9.605551719665527,7.480935573577881,5.261118412017822,6.862188816070557,,,,,,,,,,,,,,,,,,,,,,,,,,,,,,,,,,,,,,,,
7,1384,0.3968750238418579,0.9701139330863953,0.16977833211421967,0.19970479607582092,0.22577957808971405,0.2627205550670624,0.2663203775882721,0.22725793719291687,0.6217162609100342,0.6284832954406738,6.3854546546936035,6.7284698486328125,4.600323677062988,5.618039608001709,4.340641021728516,6.928954601287842,6.03140115737915,4.661682605743408,8.437663078308105,10.121910095214844,,,,,,,,,,,8.150354385375977,10.903692245483398,5.93680477142334,6.212252140045166,6.798952579498291,8.306591987609863,8.444480895996094,5.622354507446289,9.05147647857666,12.076582908630371,,,,,,,,,,,,,,,,,,,,,,,,,,,,,,,,,,,,,,,,
7,1389,0.37605592608451843,0.19802385568618774,0.2901434004306793,0.2578080892562866,0.2610895335674286,0.24307814240455627,0.6892011165618896,0.7029517292976379,0.3699429929256439,0.3722645342350006,6.635302543640137,3.8293280601501465,5.904123783111572,5.185812950134277,6.43034029006958,6.553658485412598,9.26582145690918,8.334359169006348,6.127174377441406,8.087103843688965,,,,,,,,,,,8.310711860656738,4.926301956176758,7.761005878448486,7.058349609375,7.3112969398498535,7.990037441253662,13.584504127502441,9.888296127319336,6.982173919677734,9.29443645477295,,,,,,,,,,,,,,,,,,,,,,,,,,,,,,,,,,,,,,,,
7,1394,0.5793299078941345,0.21980202198028564,0.8307806849479675,0.7653177976608276,0.8160006999969482,0.4395730495452881,0.46122312545776367,0.5543355345726013,0.807508647441864,0.3194274306297302,7.468862056732178,4.3464035987854,9.623578071594238,8.36435317993164,8.693848609924316,8.866399765014648,7.255263328552246,6.047597408294678,8.099565505981445,5.922747611999512,,,,,,,,,,,10.330360412597656,5.190128326416016,13.132725715637207,12.161182403564453,12.925427436828613,10.744627952575684,11.112872123718262,8.781021118164062,10.315656661987305,8.609606742858887,,,,,,,,,,,,,,,,,,,,,,,,,,,,,,,,,,,,,,,,
7,1399,0.28803443908691406,0.42867517471313477,0.23285257816314697,0.11262686550617218,0.20973335206508636,0.20801083743572235,0.08541487157344818,0.38335248827934265,0.6577459573745728,0.2738979458808899,5.69011116027832,5.916677474975586,5.964592456817627,4.251844882965088,5.344851016998291,5.84238338470459,3.691749334335327,6.491435527801514,7.961694240570068,5.745770454406738,,,,,,,,,,,6.908592224121094,7.248137950897217,6.952679634094238,4.665260314941406,6.552897930145264,7.391266345977783,4.782308101654053,7.30226993560791,9.31005859375,7.972446441650391,,,,,,,,,,,,,,,,,,,,,,,,,,,,,,,,,,,,,,,,
7,1404,0.24555815756320953,0.3285003900527954,0.09701353311538696,0.488908976316452,0.17805853486061096,0.21980279684066772,0.16691461205482483,0.3576614260673523,0.13745848834514618,0.2357044219970703,5.342250347137451,4.407118797302246,3.965327501296997,7.805440902709961,4.957649230957031,6.010392665863037,5.49751615524292,5.356597900390625,3.7261390686035156,6.354072570800781,,,,,,,,,,,6.619876861572266,6.344979763031006,4.487740993499756,9.72005844116211,6.037832736968994,7.597880840301514,6.6852545738220215,7.053339004516602,4.256072998046875,7.395730495452881,,,,,,,,,,,,,,,,,,,,,,,,,,,,,,,,,,,,,,,,
7,1409,0.6061015725135803,1.0167522430419922,0.21005842089653015,0.43652066588401794,0.26310285925865173,0.38155481219291687,0.12495625019073486,1.1095807552337646,1.5145740509033203,0.3978140950202942,7.19771146774292,8.04169750213623,5.25391960144043,8.110241889953613,5.43227481842041,8.251497268676758,4.213801383972168,9.883077621459961,8.865912437438965,6.726977348327637,,,,,,,,,,,9.582676887512207,11.162714958190918,6.603614330291748,9.184537887573242,7.3394317626953125,10.010466575622559,5.784286022186279,12.423334121704102,14.127605438232422,9.608094215393066,,,,,,,,,,,,,,,,,,,,,,,,,,,,,,,,,,,,,,,,
7,1414,0.40059390664100647,0.38076770305633545,0.37242600321769714,0.4790869355201721,0.41499853134155273,0.2965138852596283,0.4926556944847107,0.40843772888183594,0.2888866066932678,0.4715721011161804,7.051486492156982,5.562410354614258,7.4298224449157715,7.764434814453125,7.648000717163086,7.472934246063232,7.3263630867004395,5.843868732452393,5.585212707519531,8.830333709716797,,,,,,,,,,,8.771333694458008,6.831126689910889,8.792890548706055,9.621926307678223,9.217708587646484,8.824667930603027,11.485305786132812,7.53740119934082,6.170025825500488,10.460952758789062,,,,,,,,,,,,,,,,,,,,,,,,,,,,,,,,,,,,,,,,
7,1419,0.28691282868385315,0.30600419640541077,0.5791012644767761,0.14823472499847412,0.29529380798339844,0.34639278054237366,0.23201793432235718,0.12167499214410782,0.23813927173614502,0.31535616517066956,5.866352558135986,5.139810085296631,9.05536937713623,4.024069309234619,5.902494430541992,7.036282062530518,6.7346062660217285,3.538112163543701,4.270022392272949,7.096404075622559,,,,,,,,,,,7.322938919067383,6.123869895935059,10.964502334594727,5.352169036865234,7.775473117828369,9.538064956665039,7.881911754608154,4.113953590393066,5.601944923400879,8.554563522338867,,,,,,,,,,,,,,,,,,,,,,,,,,,,,,,,,,,,,,,,
7,1424,0.3748384714126587,0.8037247061729431,0.23960593342781067,0.28093039989471436,0.12729139626026154,0.6244524717330933,0.12917184829711914,0.2324507087469101,0.18647633492946625,0.7494422197341919,6.7602667808532715,8.521267890930176,6.491447925567627,6.5113844871521,3.975299596786499,9.330239295959473,5.24216890335083,5.340362548828125,4.672711372375488,10.757516860961914,,,,,,,,,,,7.996555805206299,9.924666404724121,7.05278205871582,7.368078231811523,5.105040550231934,12.806356430053711,5.881048202514648,5.686226844787598,4.957185745239258,13.187615394592285,,,,,,,,,,,,,,,,,,,,,,,,,,,,,,,,,,,,,,,,
7,1429,0.47884130477905273,0.39532625675201416,0.16414597630500793,0.19846950471401215,0.31901878118515015,0.5917372107505798,0.8018512725830078,0.12449955940246582,0.6619540452957153,1.052569031715393,6.949403762817383,5.541923522949219,4.2914838790893555,5.630368232727051,6.5591511726379395,9.148880004882812,10.537580490112305,3.5627598762512207,6.189375877380371,11.083107948303223,,,,,,,,,,,9.257976531982422,6.960494518280029,5.837498188018799,6.193010330200195,8.081793785095215,12.466378211975098,14.652702331542969,4.161430358886719,9.339792251586914,15.628686904907227,,,,,,,,,,,,,,,,,,,,,,,,,,,,,,,,,,,,,,,,
7,1434,0.5675538778305054,0.36466658115386963,0.27951163053512573,0.07908209413290024,0.18671685457229614,0.5028761029243469,0.610927402973175,0.9768035411834717,1.7023898363113403,0.4050109386444092,7.294771671295166,5.013070583343506,6.907663345336914,3.3697898387908936,4.879576206207275,8.926092147827148,10.251999855041504,9.772965431213379,9.096460342407227,7.435326099395752,,,,,,,,,,,9.44509220123291,6.685136318206787,7.617485046386719,3.909254789352417,6.182888984680176,11.49228286743164,12.789855003356934,11.656342506408691,14.977964401245117,9.694615364074707,,,,,,,,,,,,,,,,,,,,,,,,,,,,,,,,,,,,,,,,
7,1439,0.5447729825973511,0.5753512978553772,0.7592279314994812,0.47272390127182007,0.33555471897125244,0.7320882081985474,0.5077760219573975,0.5665003061294556,0.35724490880966187,0.5964897871017456,8.068167686462402,6.344536304473877,9.406167030334473,8.414145469665527,6.42687463760376,10.2703857421875,8.45801067352295,8.50406265258789,6.047906875610352,8.741426467895508,,,,,,,,,,,10.203079223632812,8.397090911865234,12.554450035095215,9.557815551757812,8.288602828979492,13.866203308105469,11.660223960876465,8.876847267150879,6.86129903793335,11.765183448791504,,,,,,,,,,,,,,,,,,,,,,,,,,,,,,,,,,,,,,,,
7,1444,0.3048489987850189,0.07752779871225357,0.19340959191322327,0.13925740122795105,0.40905728936195374,0.4146786034107208,0.42168813943862915,0.4029635190963745,0.43930259346961975,0.2457561194896698,5.853387832641602,2.5412027835845947,5.1053290367126465,3.6460492610931396,6.166363716125488,6.568673133850098,8.942477226257324,6.330665111541748,6.914183616638184,6.465545654296875,,,,,,,,,,,7.496328830718994,3.082414150238037,6.336517333984375,5.187571048736572,9.151487350463867,10.435942649841309,10.625919342041016,7.486719608306885,7.608606815338135,7.551781177520752,,,,,,,,,,,,,,,,,,,,,,,,,,,,,,,,,,,,,,,,
7,1449,0.4732377827167511,0.47975343465805054,0.8761451244354248,0.2476356476545334,0.36064448952674866,0.36379122734069824,0.4300192594528198,0.45682770013809204,0.5933932065963745,0.45092999935150146,7.734385967254639,6.977636814117432,10.181395530700684,5.258316993713379,7.472288608551025,7.496654510498047,9.108684539794922,7.2240118980407715,8.446002960205078,7.444484233856201,,,,,,,,,,,9.357076644897461,7.667809963226318,13.486512184143066,6.91769552230835,8.592890739440918,9.774667739868164,10.730371475219727,7.971405982971191,8.842896461486816,10.229437828063965,,,,,,,,,,,,,,,,,,,,,,,,,,,,,,,,,,,,,,,,
7,1454,0.4869554936885834,0.3054347634315491,0.6301476955413818,0.45051971077919006,0.3670985996723175,0.6024497747421265,0.4496155083179474,0.7001945376396179,0.4032120704650879,0.47392648458480835,7.828237056732178,4.844228267669678,7.869780540466309,7.171727657318115,6.623414039611816,10.75130844116211,9.865262985229492,8.771110534667969,6.081310272216797,8.475994110107422,,,,,,,,,,,9.639105796813965,6.118169784545898,11.437545776367188,9.330647468566895,8.669440269470215,12.578714370727539,10.972142219543457,9.868884086608887,7.289370536804199,10.48703384399414,,,,,,,,,,,,,,,,,,,,,,,,,,,,,,,,,,,,,,,,
7,1459,0.24422921240329742,0.3049597442150116,0.1601673662662506,0.19058726727962494,0.19145633280277252,0.46706175804138184,0.11481523513793945,0.1266099512577057,0.28537091612815857,0.35703417658805847,4.932764530181885,4.6833391189575195,4.439536094665527,4.655832290649414,5.351257801055908,7.22252893447876,4.806270122528076,3.1743931770324707,4.098971366882324,5.962754249572754,,,,,,,,,,,6.6956353187561035,6.113409996032715,5.7663187980651855,6.068785667419434,6.260867118835449,11.075492858886719,5.544604301452637,4.196552276611328,6.13236665725708,9.102319717407227,,,,,,,,,,,,,,,,,,,,,,,,,,,,,,,,,,,,,,,,
7,1464,0.25149309635162354,0.3273313641548157,0.12428024411201477,0.024150164797902107,0.3548737168312073,0.35414811968803406,0.3011297583580017,0.09095808863639832,0.12029498815536499,0.5662712454795837,5.195928573608398,5.3064470291137695,4.2508721351623535,1.6524932384490967,6.837867259979248,7.59807014465332,6.420603275299072,2.4197769165039062,3.0893020629882812,9.187923431396484,,,,,,,,,,,6.635851860046387,6.33367919921875,5.079403400421143,2.160304546356201,8.52386474609375,9.644247055053711,8.979406356811523,3.5569634437561035,3.9815030097961426,11.46329402923584,,,,,,,,,,,,,,,,,,,,,,,,,,,,,,,,,,,,,,,,
7,1469,0.4278281331062317,0.2637390196323395,0.2631944417953491,0.21191398799419403,0.30569371581077576,1.0967518091201782,0.27113744616508484,0.2400028556585312,0.6577461957931519,0.5402734875679016,6.625455379486084,4.522926330566406,5.332347393035889,5.63458251953125,6.675721645355225,11.240275382995605,6.375156879425049,5.0356221199035645,7.440195560455322,7.37226676940918,,,,,,,,,,,8.796107292175293,5.685248851776123,7.391797065734863,6.3993330001831055,7.911209583282471,16.97188377380371,8.520508766174316,5.777859210968018,9.310059547424316,11.197060585021973,,,,,,,,,,,,,,,,,,,,,,,,,,,,,,,,,,,,,,,,
7,1474,0.29059118032455444,0.1597202867269516,0.2670825123786926,0.1867789775133133,0.3077377378940582,0.37496069073677063,0.27535462379455566,0.3733348846435547,0.22997808456420898,0.4403730630874634,5.632091999053955,3.507836103439331,6.111397743225098,5.195376873016357,5.731941223144531,6.4593505859375,6.3294219970703125,5.423624515533447,4.149494647979736,7.780385971069336,,,,,,,,,,,7.460707664489746,4.424277305603027,7.446194171905518,6.007847309112549,7.937614917755127,9.923587799072266,8.586516380310059,7.206227779388428,5.5051164627075195,10.108985900878906,,,,,,,,,,,,,,,,,,,,,,,,,,,,,,,,,,,,,,,,
7,1479,0.28600218892097473,0.5188987851142883,0.2485094517469406,0.17047399282455444,0.3162214457988739,0.22304277122020721,0.3021683990955353,0.2995613217353821,0.19935110211372375,0.2957924008369446,5.896063804626465,6.295073986053467,6.434872150421143,4.926755428314209,5.678834915161133,5.576815128326416,7.5886921882629395,5.89481782913208,4.186526775360107,6.482187747955322,,,,,,,,,,,7.27301025390625,7.974501132965088,7.182623386383057,5.739630699157715,8.046283721923828,7.653674125671387,8.994878768920898,6.455080032348633,5.125456809997559,8.284965515136719,,,,,,,,,,,,,,,,,,,,,,,,,,,,,,,,,,,,,,,,
7,1484,0.36754322052001953,0.5212830901145935,0.3738066852092743,0.32791584730148315,0.6827066540718079,0.2644869387149811,0.35165396332740784,0.0381716713309288,0.16468046605587006,0.583183765411377,6.510385513305664,6.17416524887085,7.388604640960693,6.156038284301758,9.375664710998535,7.069055557250977,7.956750869750977,2.0672953128814697,3.7546756267547607,8.651213645935059,,,,,,,,,,,8.13544750213623,7.992802143096924,8.809175491333008,7.960422039031982,11.822701454162598,8.33446979522705,9.703502655029297,2.304248332977295,4.658481597900391,11.633218765258789,,,,,,,,,,,,,,,,,,,,,,,,,,,,,,,,,,,,,,,,
7,1489,0.316411554813385,0.4320288896560669,0.12351900339126587,0.2022906392812729,0.42606231570243835,0.36136767268180847,0.30123773217201233,0.10783396661281586,0.5813328623771667,0.3120308220386505,6.005914211273193,6.008206844329834,4.10387659072876,4.923326015472412,7.641798973083496,7.64222526550293,6.309410572052002,3.1278038024902344,7.827459812164307,6.469120502471924,,,,,,,,,,,7.53225040435791,7.276434898376465,5.063823699951172,6.252342224121094,9.339770317077637,9.742053031921387,8.981016159057617,3.8729019165039062,8.752572059631348,8.5093412399292,,,,,,,,,,,,,,,,,,,,,,,,,,,,,,,,,,,,,,,,
7,1494,0.39394304156303406,0.23070195317268372,0.7139304876327515,0.32286882400512695,0.5139050483703613,0.320199579000473,0.24266618490219116,0.33294931054115295,0.6383076906204224,0.22995826601982117,7.020571231842041,3.9287867546081543,10.101400375366211,6.78066349029541,8.272051811218262,8.25658130645752,6.377668857574463,5.630680084228516,7.805541515350342,6.031765460968018,,,,,,,,,,,8.462305068969727,5.317259788513184,12.174178123474121,7.898924350738525,10.257490158081055,9.170356750488281,8.060750007629395,6.805307865142822,9.171456336975098,7.30502462387085,,,,,,,,,,,,,,,,,,,,,,,,,,,,,,,,,,,,,,,,
7,1499,0.6549357771873474,0.367972731590271,0.7683795690536499,0.8673147559165955,0.40202537178993225,0.7066566944122314,0.1856970191001892,1.0916751623153687,1.0946980714797974,0.4100027084350586,8.123271942138672,4.899089813232422,9.97603702545166,10.327651977539062,5.494333744049072,10.094653129577637,6.109797477722168,9.187728881835938,9.599345207214355,7.420806884765625,,,,,,,,,,,10.680688858032227,6.715372562408447,12.629890441894531,12.94622802734375,9.072486877441406,13.62322998046875,7.051366806030273,12.322687149047852,12.010759353637695,9.754176139831543,,,,,,,,,,,,,,,,,,,,,,,,,,,,,,,,,,,,,,,,
7,1504,0.6503124237060547,0.9627066850662231,0.5006627440452576,0.5757901072502136,0.3917441964149475,0.6480504870414734,0.46811550855636597,1.1246212720870972,0.766351580619812,0.4147692620754242,8.635891914367676,6.863315105438232,7.041522979736328,8.280305862426758,7.886772632598877,10.5255708694458,8.763303756713867,11.396156311035156,8.335729598999023,8.630345344543457,,,,,,,,,,,10.796671867370605,10.86198616027832,10.194931030273438,10.548409461975098,8.955728530883789,13.046088218688965,11.195597648620605,12.507251739501953,10.049335479736328,9.810710906982422,,,,,,,,,,,,,,,,,,,,,,,,,,,,,,,,,,,,,,,,
7,1509,0.5791597366333008,0.499203622341156,0.9401515126228333,0.5432746410369873,0.8907512426376343,0.4088212251663208,0.2914431691169739,0.5420635342597961,0.662549614906311,0.4341789484024048,8.197193145751953,5.6415205001831055,9.995591163635254,8.914839744567871,10.416088104248047,8.400591850280762,7.4031829833984375,6.9810791015625,8.247269630432129,7.774577617645264,,,,,,,,,,,10.311508178710938,7.821700096130371,13.970458030700684,10.246241569519043,13.504480361938477,10.361974716186523,8.8338041305542,8.683279991149902,9.343993186950684,10.037639617919922,,,,,,,,,,,,,,,,,,,,,,,,,,,,,,,,,,,,,,,,
7,1514,0.3221522569656372,0.27193009853363037,0.26877647638320923,0.19409948587417603,0.8132321238517761,0.38623476028442383,0.321895956993103,0.1777610033750534,0.06071775406599045,0.4047226011753082,6.031742572784424,4.420568466186523,6.2322893142700195,4.64656925201416,9.385162353515625,8.175537109375,6.394887924194336,4.617008686065674,2.036318302154541,8.37734317779541,,,,,,,,,,,7.679826736450195,5.772858619689941,7.469770431518555,6.124449729919434,12.903480529785156,10.071671485900879,9.283860206604004,4.972525119781494,2.828662872314453,9.691164016723633,,,,,,,,,,,,,,,,,,,,,,,,,,,,,,,,,,,,,,,,
7,1519,0.43944501876831055,0.6731023788452148,0.5735859274864197,0.2637835144996643,0.5538918375968933,0.30152225494384766,0.2799840569496155,0.6881017684936523,0.1357264518737793,0.48530691862106323,6.621598243713379,6.612351894378662,7.820206642150879,6.100972652435303,7.599037170410156,7.014119625091553,6.887906551361084,6.232059001922607,4.028952598571777,7.298774719238281,,,,,,,,,,,8.885035514831543,9.082447052001953,10.912164688110352,7.139679431915283,10.649081230163574,8.898884773254395,8.658395767211914,9.783293724060059,4.22917366027832,10.612200736999512,,,,,,,,,,,,,,,,,,,,,,,,,,,,,,,,,,,,,,,,
7,1524,0.3144771456718445,0.598219633102417,0.12757611274719238,0.033388059586286545,0.7257112264633179,0.32391253113746643,0.32247281074523926,0.27037498354911804,0.19699354469776154,0.23164543509483337,5.541994571685791,5.9146013259887695,5.114714622497559,2.2471933364868164,7.393251419067383,6.811245918273926,6.734642028808594,5.444652080535889,4.381308555603027,5.836345672607422,,,,,,,,,,,7.27923059463501,8.562342643737793,5.1463141441345215,2.540098190307617,12.18937873840332,9.223372459411621,9.292174339294434,6.132562637329102,5.095059871673584,7.3317742347717285,,,,,,,,,,,,,,,,,,,,,,,,,,,,,,,,,,,,,,,,
7,1529,0.5514035820960999,0.8860029578208923,0.8398651480674744,0.5303754210472107,0.3012932538986206,0.4120684564113617,0.6011285185813904,0.42777296900749207,0.5387864112854004,0.4253389835357666,7.9129638671875,8.231908798217773,8.205121994018555,7.52382230758667,6.53596305847168,9.238926887512207,10.382275581359863,6.562390327453613,6.515929222106934,8.020332336425781,,,,,,,,,,,10.085261344909668,10.420291900634766,13.20433235168457,10.123870849609375,7.854062080383301,10.403046607971191,12.686869621276855,7.713747024536133,8.42619800567627,9.934929847717285,,,,,,,,,,,,,,,,,,,,,,,,,,,,,,,,,,,,,,,,
7,1534,0.7262333035469055,0.44136184453964233,0.1258145421743393,0.3658532500267029,0.3415924310684204,0.5398458242416382,0.6481380462646484,1.4222620725631714,1.9353210926055908,0.7159104943275452,8.40599536895752,6.205294609069824,3.373004913330078,7.108438014984131,5.806856632232666,10.20786190032959,8.817167282104492,12.6156005859375,12.704808235168457,8.814922332763672,,,,,,,,,,,10.804617881774902,7.354610443115234,5.110661029815674,8.408302307128906,8.362839698791504,11.90722942352295,13.173603057861328,14.065284729003906,15.96981143951416,12.889217376708984,,,,,,,,,,,,,,,,,,,,,,,,,,,,,,,,,,,,,,,,
7,1539,0.2474205195903778,0.16337546706199646,0.1624835580587387,0.2835288941860199,0.2835158407688141,0.268928587436676,0.44712138175964355,0.23492348194122314,0.23833231627941132,0.14457516372203827,5.462748050689697,3.7654316425323486,4.577339172363281,6.4159064292907715,6.8009867668151855,6.001102924346924,8.761130332946777,4.049816131591797,3.557698965072632,5.235315322875977,,,,,,,,,,,6.862447261810303,4.474615097045898,5.807863235473633,7.402076244354248,7.61883020401001,8.404160499572754,10.941666603088379,5.716391086578369,5.604214191436768,5.792206764221191,,,,,,,,,,,,,,,,,,,,,,,,,,,,,,,,,,,,,,,,
7,1544,0.5540693998336792,0.4399171471595764,0.301031231880188,0.24188518524169922,0.5557042360305786,0.562367856502533,1.118202805519104,0.4078955054283142,0.6177054047584534,0.7419151663780212,7.868113040924072,4.4723358154296875,6.5373053550720215,6.2433624267578125,7.947558403015137,9.858323097229004,11.530218124389648,6.530796051025391,8.385960578918457,9.307159423828125,,,,,,,,,,,10.209282875061035,7.342563629150391,7.905283451080322,6.836905002593994,10.666488647460938,12.15307331085205,17.303386688232422,7.5323967933654785,9.022232055664062,13.121223449707031,,,,,,,,,,,,,,,,,,,,,,,,,,,,,,,,,,,,,,,,
7,1549,0.5067742466926575,0.4556007981300354,0.41582149267196655,0.4143766462802887,0.3319023847579956,0.5366923213005066,0.9512168169021606,0.4794096052646637,0.22929230332374573,0.7466555237770081,7.704996585845947,5.872298240661621,7.843769550323486,7.510867118835449,6.672794818878174,9.234045028686523,11.519161224365234,6.23765230178833,4.407749176025391,10.046637535095215,,,,,,,,,,,9.84587574005127,7.47230339050293,9.291057586669922,8.94854736328125,8.24337100982666,11.872400283813477,15.959179878234863,8.166050910949707,5.4969024658203125,13.163073539733887,,,,,,,,,,,,,,,,,,,,,,,,,,,,,,,,,,,,,,,,
7,1551,,,,,,,,,,,6.770159721374512,5.5472917556762695,6.718143939971924,6.4761762619018555,6.915362358093262,8.391658782958984,7.336403846740723,6.077290058135986,5.922374248504639,7.5467376708984375,0.55153489112854,0.5482817888259888,0.6106036901473999,0.6243956089019775,0.56036376953125,0.4690185785293579,0.5481077432632446,0.5467404127120972,0.532724142074585,0.523578405380249,8.925525665283203,7.249236583709717,8.853815078735352,8.485712051391602,9.30340576171875,11.120511054992676,9.91243839263916,7.844494819641113,7.750868320465088,9.809245109558105,0.5886349081993103,0.6431307196617126,0.6753177642822266,0.40907177329063416,0.727005660533905,0.6893120408058167,0.5189181566238403,0.48519864678382874,0.6023932099342346,0.5473659634590149,7.929446697235107,6.705603122711182,8.341756820678711,6.2589569091796875,9.576528549194336,9.805854797363281,8.669814109802246,6.179593563079834,7.245273590087891,8.581636428833008,0.34371036291122437,0.32031261920928955,0.4310891032218933,0.5884992480278015,0.10955542325973511,0.37026894092559814,0.47499972581863403,0.1968887448310852,0.13468968868255615,0.4670898914337158,10.776123046875,9.122605323791504,11.563982009887695,9.529911994934082,12.767287254333496,13.643723487854004,11.583358764648438,8.354836463928223,9.459362030029297,10.960033416748047
8,1554,0.3801683783531189,0.43036991357803345,0.36758729815483093,0.3740162253379822,0.259724885225296,0.35868602991104126,0.32779961824417114,0.4400739371776581,0.3355249762535095,0.5277323722839355,6.941423416137695,6.110841274261475,8.242545127868652,7.398745059967041,5.781044960021973,6.7909932136535645,6.43983793258667,6.750696659088135,5.805741786956787,9.152364730834961,,,,,,,,,,,8.489543914794922,7.262450695037842,8.735583305358887,8.50158977508545,7.292163848876953,9.705839157104492,9.368606567382812,7.823868751525879,6.649449825286865,11.066341400146484,,,,,,,,,,,,,,,,,,,,,,,,,,,,,,,,,,,,,,,,
8,1559,0.42913544178009033,0.5127567052841187,0.5015607476234436,0.2163342535495758,0.5302842259407043,0.24386204779148102,0.5552908778190613,0.5817245841026306,0.3144519329071045,0.4059534966945648,7.427969932556152,6.704259872436523,8.446117401123047,5.536814212799072,9.145319938659668,6.53872013092041,8.29861831665039,8.394946098327637,5.860047340393066,7.926883697509766,,,,,,,,,,,8.92795467376709,7.927165985107422,10.204070091247559,6.465728282928467,10.419671058654785,8.002910614013672,12.193575859069824,8.995336532592773,6.43725061416626,9.705888748168945,,,,,,,,,,,,,,,,,,,,,,,,,,,,,,,,,,,,,,,,
8,1564,0.3373100757598877,0.5051995515823364,0.20826773345470428,0.461310476064682,0.19288446009159088,0.23431770503520966,0.43566465377807617,0.27572953701019287,0.37267082929611206,0.34974563121795654,6.108500003814697,5.742228984832764,4.844221591949463,7.808050632476807,5.099262714385986,6.30393648147583,7.651447772979736,4.49193811416626,6.084145545959473,6.951270580291748,,,,,,,,,,,7.891661167144775,7.868533134460449,6.5754075050354,9.441729545593262,6.284174919128418,7.8447370529174805,10.800577163696289,6.192989349365234,7.007869243621826,9.008933067321777,,,,,,,,,,,,,,,,,,,,,,,,,,,,,,,,,,,,,,,,
8,1569,0.3243408501148224,0.33540859818458557,0.2091590166091919,0.22053594887256622,0.46471545100212097,0.43645167350769043,0.11577046662569046,0.6763057112693787,0.08044497668743134,0.3802756667137146,5.456114768981934,4.498008728027344,5.3996686935424805,5.189386367797852,7.4256205558776855,8.45772647857666,4.765803813934326,5.856154918670654,2.0067219734191895,5.505943298339844,,,,,,,,,,,7.545133113861084,6.411348342895508,6.589461803436279,6.528217315673828,9.754234313964844,10.706412315368652,5.567621231079102,9.699074745178223,3.2559125423431396,9.393912315368652,,,,,,,,,,,,,,,,,,,,,,,,,,,,,,,,,,,,,,,,
8,1574,0.31578800082206726,0.22819925844669342,0.10988422483205795,0.2821328639984131,0.7110428810119629,0.2815038561820984,0.2447255253791809,0.353983610868454,0.29738691449165344,0.33323290944099426,5.832869529724121,4.798835754394531,4.031650066375732,5.900949001312256,7.700735092163086,6.424300193786621,5.986130237579346,5.83991813659668,5.4843878746032715,6.328921318054199,,,,,,,,,,,7.58644437789917,5.288340091705322,4.776165008544922,7.383830547332764,12.06556224822998,8.598408699035645,8.094880104064941,7.016981601715088,6.2601423263549805,8.793689727783203,,,,,,,,,,,,,,,,,,,,,,,,,,,,,,,,,,,,,,,,
8,1579,0.2755087912082672,0.2741951048374176,0.028069039806723595,0.18199484050273895,0.14828607439994812,0.2607951760292053,0.11020378768444061,0.8012823462486267,0.31777042150497437,0.35698217153549194,5.4756340980529785,4.700250625610352,1.5321937799453735,5.3901543617248535,4.929398059844971,7.11667013168335,4.551342487335205,8.946124076843262,5.569637775421143,6.544933795928955,,,,,,,,,,,6.6099371910095215,5.796850681304932,2.4139344692230225,5.93040657043457,5.5099778175354,8.276098251342773,5.432116508483887,10.557266235351562,6.471127986907959,9.101656913757324,,,,,,,,,,,,,,,,,,,,,,,,,,,,,,,,,,,,,,,,
8,1584,0.2779497504234314,0.4312892556190491,0.11929464340209961,0.057384997606277466,0.3124426305294037,0.3878365159034729,0.1493767499923706,0.251711905002594,0.37733104825019836,0.41488006711006165,5.587735652923584,5.398929595947266,3.689262866973877,2.8752810955047607,5.624119281768799,8.43441390991211,4.775038719177246,5.447975158691406,6.637156963348389,7.407440185546875,,,,,,,,,,,6.974705219268799,7.270204067230225,4.976478099822998,3.33007550239563,7.998062610626221,10.092534065246582,6.3242974281311035,5.917122840881348,7.051549434661865,9.81202220916748,,,,,,,,,,,,,,,,,,,,,,,,,,,,,,,,,,,,,,,,
8,1589,0.38827046751976013,0.3549588918685913,0.37823328375816345,0.40389618277549744,0.24710436165332794,0.28608787059783936,0.276163250207901,0.4076942205429077,0.5680573582649231,0.5722386240959167,7.272424697875977,5.783416271209717,8.113734245300293,8.308059692382812,6.067221164703369,7.129262447357178,7.187474250793457,6.985208988189697,7.230284690856934,8.647159576416016,,,,,,,,,,,8.486395835876465,6.595554351806641,8.86117935180664,8.8346586227417,7.11278772354126,8.668133735656738,8.599114418029785,7.530538082122803,8.652056694030762,11.523536682128906,,,,,,,,,,,,,,,,,,,,,,,,,,,,,,,,,,,,,,,,
8,1594,0.4057374596595764,0.2940909266471863,0.3250676095485687,0.12573543190956116,0.4310363829135895,0.31490492820739746,0.5149300694465637,1.0873463153839111,0.27037346363067627,0.2881517708301544,5.9685773849487305,3.848823070526123,6.471569061279297,3.710253953933716,7.278563022613525,7.380926609039307,7.253692626953125,7.889533996582031,3.8874800205230713,5.996356010437012,,,,,,,,,,,8.42473030090332,6.003479957580566,8.214828491210938,4.929283142089844,9.394131660461426,9.094223022460938,11.74207592010498,12.29823112487793,5.969051361083984,8.177261352539062,,,,,,,,,,,,,,,,,,,,,,,,,,,,,,,,,,,,,,,,
8,1599,0.32548776268959045,0.1497073471546173,0.292118638753891,0.1265953630208969,0.38461777567863464,0.4348096251487732,0.3553186058998108,0.47496992349624634,0.1244926005601883,0.5867598652839661,6.252715110778809,3.55542254447937,5.78031587600708,4.559658527374268,6.631028175354004,8.635729789733887,7.943026542663574,6.675690650939941,3.5042500495910645,8.98931884765625,,,,,,,,,,,7.797586917877197,4.283352375030518,7.787379264831543,4.946110248565674,8.873895645141602,10.686251640319824,9.753933906555176,8.128150939941406,4.050373077392578,11.668831825256348,,,,,,,,,,,,,,,,,,,,,,,,,,,,,,,,,,,,,,,,
8,1604,0.41978541016578674,0.14150407910346985,0.3119913935661316,0.5530582666397095,0.32565057277679443,0.4313821792602539,0.22938677668571472,1.1127302646636963,0.35800084471702576,0.31436389684677124,7.170509338378906,3.5006227493286133,7.438831806182861,8.675435066223145,6.544657230377197,8.508070945739746,6.784993648529053,10.648380279541016,4.860641956329346,7.572953701019287,,,,,,,,,,,8.56082820892334,4.1643452644348145,8.047906875610352,10.338090896606445,8.165364265441895,10.644051551818848,7.837092876434326,12.440953254699707,6.86855411529541,8.541094779968262,,,,,,,,,,,,,,,,,,,,,,,,,,,,,,,,,,,,,,,,
8,1609,0.30371206998825073,0.6688050031661987,0.22580486536026,0.19196836650371552,0.4302918314933777,0.3317268490791321,0.1386992335319519,0.07723714411258698,0.5260128974914551,0.14286261796951294,5.803828716278076,7.0245256423950195,5.817708969116211,5.552299499511719,7.208065032958984,7.3110032081604,4.8828654289245605,3.0518970489501953,6.702136993408203,4.683958530426025,,,,,,,,,,,7.1295647621154785,9.053406715393066,6.846652507781982,6.090734958648682,9.386013984680176,9.333965301513672,6.0940752029418945,3.2777202129364014,8.325714111328125,5.75779914855957,,,,,,,,,,,,,,,,,,,,,,,,,,,,,,,,,,,,,,,,
8,1614,0.30270788073539734,0.26745086908340454,0.3078411817550659,0.1993183195590973,0.2569393217563629,0.30522772669792175,0.43834608793258667,0.40255701541900635,0.13209986686706543,0.4145905077457428,6.197798728942871,4.795968055725098,6.786685943603516,4.817163467407227,5.725122451782227,6.701394081115723,8.957685470581055,6.530131816864014,3.4107837677001953,8.055255889892578,,,,,,,,,,,7.603277683258057,5.725115776062012,7.994200706481934,6.206239223480225,7.252954483032227,8.953396797180176,10.83376407623291,7.482942581176758,4.172289848327637,9.80859661102295,,,,,,,,,,,,,,,,,,,,,,,,,,,,,,,,,,,,,,,,
8,1619,0.49698692560195923,0.30502113699913025,0.7509257793426514,0.38646751642227173,0.23614995181560516,0.39667266607284546,0.5456461906433105,0.9436060190200806,0.6837145090103149,0.2246788740158081,6.862843990325928,5.031752109527588,7.164913654327393,4.565841197967529,5.149857997894287,6.8134002685546875,10.4432373046875,8.217363357543945,8.305779457092285,6.073445796966553,,,,,,,,,,,9.406478881835938,6.114025592803955,12.485623359680176,8.641942977905273,6.953341960906982,10.206855773925781,12.087218284606934,11.456555366516113,9.4920654296875,7.220683574676514,,,,,,,,,,,,,,,,,,,,,,,,,,,,,,,,,,,,,,,,
8,1624,0.34864482283592224,0.4172956049442291,0.18541285395622253,0.19857314229011536,0.5993344783782959,0.23001283407211304,0.6258761882781982,0.11730366945266724,0.45628833770751953,0.30770620703697205,6.186359882354736,5.875881671905518,5.397825717926025,5.050924777984619,7.035776615142822,6.417703628540039,8.67601490020752,3.439101457595825,6.6167192459106445,7.167287826538086,,,,,,,,,,,7.95432710647583,7.151286602020264,6.204139709472656,6.194626808166504,11.077309608459473,7.772342205047607,12.94538688659668,4.039378643035889,7.754307270050049,8.45016860961914,,,,,,,,,,,,,,,,,,,,,,,,,,,,,,,,,,,,,,,,
8,1629,0.2975853979587555,0.19072489440441132,0.11396146565675735,0.23387742042541504,0.24192266166210175,0.33711808919906616,0.11113367229700089,0.8165537714958191,0.4415454864501953,0.19143103063106537,5.7813310623168945,4.031373023986816,4.303054332733154,5.528441429138184,5.5574116706848145,7.362357139587402,3.87595534324646,9.833720207214355,6.0000457763671875,5.539621353149414,,,,,,,,,,,7.030463218688965,4.834660053253174,4.8639678955078125,6.722782135009766,7.037816047668457,9.409506797790527,5.454985618591309,10.65739631652832,7.628005504608154,6.665050029754639,,,,,,,,,,,,,,,,,,,,,,,,,,,,,,,,,,,,,,,,
8,1634,0.33384376764297485,0.351614773273468,0.2519538402557373,0.45640361309051514,0.5776249766349792,0.22158758342266083,0.32201310992240906,0.24268071353435516,0.2179204225540161,0.36279481649398804,5.8132195472717285,5.038208961486816,5.333199977874756,5.114771366119385,7.748386383056641,5.418741703033447,6.981593132019043,4.859030723571777,3.873549222946167,7.951496124267578,,,,,,,,,,,7.924599647521973,6.564412593841553,7.232228755950928,9.391380310058594,10.874834060668945,7.628665924072266,9.28554916381836,5.810003280639648,5.35885763168335,9.175457000732422,,,,,,,,,,,,,,,,,,,,,,,,,,,,,,,,,,,,,,,,
8,1639,0.396205335855484,0.36378273367881775,0.4866928160190582,0.2586584985256195,0.2125050574541092,0.28474241495132446,0.24296218156814575,1.280719518661499,0.1634252667427063,0.27235978841781616,6.638844966888428,5.200197696685791,8.749295234680176,6.054938316345215,5.13605260848999,7.371187686920166,6.8520941734313965,10.28969955444336,4.050002098083496,6.046133995056152,,,,,,,,,,,8.116215705871582,6.677030086517334,10.051691055297852,7.069981098175049,6.596055030822754,8.647726058959961,8.065664291381836,13.347063064575195,4.640693187713623,7.950028896331787,,,,,,,,,,,,,,,,,,,,,,,,,,,,,,,,,,,,,,,,
8,1644,0.3678397238254547,0.3400954604148865,0.5417696833610535,0.35388195514678955,0.2733924388885498,0.5767850279808044,0.17632229626178741,0.6764793992042542,0.07309868186712265,0.298732727766037,6.489470958709717,4.8609771728515625,9.352314949035645,5.527072906494141,5.558745861053467,10.127168655395508,5.8274054527282715,7.322281837463379,2.7764172554016113,7.052853107452393,,,,,,,,,,,8.124593734741211,6.455987453460693,10.605202674865723,8.269593238830566,7.481572151184082,12.307868957519531,6.871070384979248,9.700319290161133,3.1036880016326904,8.326042175292969,,,,,,,,,,,,,,,,,,,,,,,,,,,,,,,,,,,,,,,,
8,1649,0.18446120619773865,0.23429438471794128,0.06325006484985352,0.21196293830871582,0.16863887012004852,0.16459308564662933,0.17228972911834717,0.23904839158058167,0.20487195253372192,0.20120146870613098,4.634707927703857,4.583713054656982,2.9608335494995117,4.682472229003906,5.136425971984863,5.850448131561279,5.294066429138184,4.391373157501221,3.379333257675171,5.433703899383545,,,,,,,,,,,5.824477195739746,5.358499526977539,3.6236159801483154,6.400071620941162,5.875955581665039,6.5747857093811035,6.792044162750244,5.766357898712158,5.195944786071777,6.833021640777588,,,,,,,,,,,,,,,,,,,,,,,,,,,,,,,,,,,,,,,,
8,1654,0.29854297637939453,0.3738318085670471,0.3877837061882019,0.14195185899734497,0.15853986144065857,0.16339360177516937,0.16040876507759094,0.3255065977573395,0.31901615858078003,0.6564545631408691,6.006015777587891,5.265990734100342,6.796160697937012,4.827205657958984,4.542056083679199,5.544747352600098,5.833975791931152,5.04514217376709,5.669396877288818,10.52946949005127,,,,,,,,,,,7.259474277496338,6.768624305725098,8.9723539352417,5.237516403198242,5.6972975730896,6.550785064697266,6.55367374420166,6.72881555557251,6.483800411224365,12.342397689819336,,,,,,,,,,,,,,,,,,,,,,,,,,,,,,,,,,,,,,,,
8,1659,0.30565494298934937,0.5836271047592163,0.1275697946548462,0.11988969147205353,0.4737883508205414,0.16361303627490997,0.3409229815006256,0.35365545749664307,0.23625314235687256,0.3515750467777252,5.900660514831543,7.1414313316345215,4.183590412139893,3.821028470993042,6.9010419845581055,4.900362968444824,7.9739155769348145,6.166247844696045,4.781816005706787,7.236512184143066,,,,,,,,,,,7.333463191986084,8.457265853881836,5.146186828613281,4.813331604003906,9.848993301391602,6.555182933807373,9.554301261901855,7.01372766494751,5.579715728759766,9.032462120056152,,,,,,,,,,,,,,,,,,,,,,,,,,,,,,,,,,,,,,,,
8,1664,0.3213667869567871,0.5023583769798279,0.4008573889732361,0.27662360668182373,0.6361250281333923,0.3806275725364685,0.26902514696121216,0.1121426448225975,0.08947373926639557,0.22506758570671082,5.79110050201416,6.490362167358398,6.731607913970947,4.659233570098877,8.475519180297852,7.9002556800842285,6.853033065795898,3.401905059814453,3.099841833114624,4.508147239685059,,,,,,,,,,,7.643123149871826,7.846375942230225,9.122347831726074,7.31138277053833,11.412238121032715,9.998294830322266,8.487255096435547,3.9495184421539307,3.4337692260742188,7.226927280426025,,,,,,,,,,,,,,,,,,,,,,,,,,,,,,,,,,,,,,,,
8,1669,0.37691423296928406,0.23291105031967163,0.4704338312149048,0.5093488693237305,0.43698495626449585,0.1306341588497162,0.2569359540939331,0.47906294465065,0.3952495753765106,0.48066675662994385,6.872030735015869,4.246966361999512,8.558900833129883,8.071660041809082,7.804999828338623,4.619017124176025,7.032175540924072,6.422072410583496,7.057395935058594,8.035090446472168,,,,,,,,,,,8.29979419708252,5.342657089233398,9.882366180419922,9.921162605285645,9.458730697631836,5.857391357421875,8.294366836547852,8.163097381591797,7.217038154602051,10.561346054077148,,,,,,,,,,,,,,,,,,,,,,,,,,,,,,,,,,,,,,,,
8,1674,0.3179996907711029,0.3047693967819214,0.18203839659690857,0.16895197331905365,0.5810086727142334,0.46209293603897095,0.517072319984436,0.10965470224618912,0.33320075273513794,0.20320814847946167,6.3296217918396,5.289453983306885,4.594919204711914,4.551755428314209,8.971220016479492,8.662044525146484,9.775469779968262,3.3972861766815186,5.506687164306641,6.217755317687988,,,,,,,,,,,7.673473834991455,6.111502170562744,6.147423267364502,5.713951110839844,10.906639099121094,11.016422271728516,11.76647663116455,3.9054605960845947,6.626379013061523,6.867011547088623,,,,,,,,,,,,,,,,,,,,,,,,,,,,,,,,,,,,,,,,
8,1679,0.5687863230705261,0.5460575222969055,0.6380703449249268,0.44462937116622925,0.3545890152454376,0.6350885033607483,0.6947014331817627,0.5646606683731079,0.5279932618141174,0.7132864594459534,7.684404373168945,6.3720173835754395,8.10909366607666,7.573902130126953,6.242278575897217,8.871142387390137,9.330460548400879,6.420018196105957,5.498965740203857,10.74176025390625,,,,,,,,,,,10.455841064453125,8.180530548095703,11.509221076965332,9.269449234008789,8.520444869995117,12.914958953857422,13.638603210449219,8.862422943115234,8.341371536254883,12.86557388305664,,,,,,,,,,,,,,,,,,,,,,,,,,,,,,,,,,,,,,,,
8,1684,0.5427108407020569,0.30961480736732483,0.5901521444320679,0.13743917644023895,1.1103780269622803,0.5034547448158264,0.30586177110671997,0.16925328969955444,1.0175597667694092,0.7406840324401855,7.5522637367248535,4.989889621734619,7.918675899505615,3.983752489089966,10.86382007598877,7.844566345214844,7.570877552032471,3.5987749099731445,11.578302383422852,9.621721267700195,,,,,,,,,,,9.727849006652832,6.159892559051514,11.068623542785645,5.153593063354492,15.077698707580566,11.498893737792969,9.049683570861816,4.852072715759277,11.579858779907227,13.110331535339355,,,,,,,,,,,,,,,,,,,,,,,,,,,,,,,,,,,,,,,,
8,1689,0.649825930595398,0.28539344668388367,0.5726878046989441,0.7963336110115051,1.1735188961029053,0.6014860272407532,0.5970091819763184,0.48757678270339966,0.748879611492157,0.5855480432510376,9.11132526397705,4.752586841583252,7.775888919830322,10.189539909362793,12.762261390686035,10.446396827697754,10.471634864807129,7.404078960418701,8.429945945739746,9.769593238830566,,,,,,,,,,,11.08460807800293,5.9140400886535645,10.903616905212402,12.40516185760498,15.50046443939209,12.568650245666504,12.643324851989746,8.235316276550293,9.934117317199707,11.656776428222656,,,,,,,,,,,,,,,,,,,,,,,,,,,,,,,,,,,,,,,,
8,1694,0.32430440187454224,0.4457385540008545,0.16926729679107666,0.2665253281593323,0.16423897445201874,0.5383471846580505,0.40704360604286194,0.31955885887145996,0.043371763080358505,0.564647912979126,6.295759677886963,6.525888919830322,4.904552936553955,6.210519790649414,4.409812927246094,9.21456527709961,8.621213912963867,5.5753679275512695,2.150219440460205,9.049696922302246,,,,,,,,,,,7.681046485900879,7.39098596572876,5.927863121032715,7.176689147949219,5.798795223236084,11.890690803527832,10.439777374267578,6.667057514190674,2.390709400177002,11.44685173034668,,,,,,,,,,,,,,,,,,,,,,,,,,,,,,,,,,,,,,,,
8,1699,0.448792040348053,0.5117937326431274,0.5941486358642578,0.1718524694442749,0.2946813702583313,0.2098550796508789,0.30230459570884705,0.4409809112548828,1.0817891359329224,0.4317225217819214,6.402599811553955,6.257029056549072,7.412204265594482,4.613763332366943,5.296163082122803,5.65674352645874,6.923117160797119,5.481608867645264,7.703942775726318,8.278825759887695,,,,,,,,,,,8.750853538513184,7.919718265533447,11.106039047241211,5.762790203094482,7.7674055099487305,7.423959732055664,8.996906280517578,7.8319268226623535,11.939732551574707,10.009203910827637,,,,,,,,,,,,,,,,,,,,,,,,,,,,,,,,,,,,,,,,
8,1704,0.5468857288360596,0.5461981892585754,0.219791442155838,0.14751452207565308,0.7661193013191223,0.8370718359947205,0.6617252230644226,0.32219091057777405,0.8301337957382202,0.5912263989448547,7.898800373077393,5.552417755126953,5.692262649536133,4.412924766540527,10.133804321289062,9.660100936889648,11.14026927947998,5.619828224182129,9.188165664672852,9.689428329467773,,,,,,,,,,,9.978292465209961,8.181584358215332,6.754871368408203,5.3391523361206055,12.524137496948242,14.827133178710938,13.310968399047852,6.694456577301025,10.459173202514648,11.71316146850586,,,,,,,,,,,,,,,,,,,,,,,,,,,,,,,,,,,,,,,,
8,1709,0.6073944568634033,0.7333335280418396,0.29878249764442444,0.6881692409515381,0.19011151790618896,0.3908305764198303,0.602918803691864,0.4352271258831024,1.8286821842193604,0.2984943389892578,8.34503173828125,7.673742771148682,6.889944553375244,10.792384147644043,4.555650234222412,8.108365058898926,10.892114639282227,5.877418041229248,13.54589557647705,6.769768714904785,,,,,,,,,,,9.9545259475708,9.4801025390625,7.875701427459717,11.531944274902344,6.238840103149414,10.131415367126465,12.7057466506958,7.780664443969727,15.523597717285156,8.32271957397461,,,,,,,,,,,,,,,,,,,,,,,,,,,,,,,,,,,,,,,,
8,1714,0.4013674557209015,0.3882957696914673,0.37697234749794006,0.4051057696342468,0.24651065468788147,0.672419548034668,0.3182366192340851,0.6093258857727051,0.2728121876716614,0.3226282596588135,7.159119606018066,5.71870231628418,8.380056381225586,7.839476108551025,5.410609722137451,10.687922477722168,7.159869194030762,6.804919242858887,5.050053119659424,7.380466938018799,,,,,,,,,,,8.674633979797363,6.898324012756348,8.846395492553711,8.84787654876709,7.104238033294678,13.289114952087402,9.230938911437988,9.206266403198242,5.99591064453125,8.65263557434082,,,,,,,,,,,,,,,,,,,,,,,,,,,,,,,,,,,,,,,,
8,1719,0.3331441283226013,0.49190253019332886,0.28665873408317566,0.21008074283599854,0.18109697103500366,0.3434945046901703,0.4270346760749817,0.4462718963623047,0.29560479521751404,0.3161522150039673,6.0889692306518555,6.429438591003418,6.633467674255371,5.016958236694336,4.965707302093506,7.633581161499023,6.138241291046143,6.429616928100586,4.660305023193359,6.893405437469482,,,,,,,,,,,7.868433475494385,7.7642903327941895,7.714259624481201,6.371593475341797,6.08912992477417,9.498078346252441,10.693068504333496,7.8787713050842285,6.241358280181885,8.565354347229004,,,,,,,,,,,,,,,,,,,,,,,,,,,,,,,,,,,,,,,,
8,1724,0.3587613105773926,0.4983227252960205,0.13822494447231293,0.3127182424068451,0.3969440460205078,0.5537317991256714,0.2890729606151581,0.17566926777362823,0.2892993092536926,0.5748684406280518,6.673304080963135,6.061877250671387,4.9162421226501465,6.348486423492432,6.823731899261475,10.063702583312988,7.550259113311768,4.222184658050537,5.635951519012451,8.437300682067871,,,,,,,,,,,8.165014266967773,7.81479549407959,5.35679292678833,7.77376651763916,9.014970779418945,12.059395790100098,8.797809600830078,4.943182468414307,6.174431324005127,11.549985885620117,,,,,,,,,,,,,,,,,,,,,,,,,,,,,,,,,,,,,,,,
8,1729,0.5665823221206665,0.45144230127334595,0.6508702039718628,0.8221277594566345,0.2766479551792145,0.41971856355667114,0.4733445644378662,0.8581371307373047,0.964362382888794,0.18258988857269287,8.57052993774414,6.285257816314697,9.751129150390625,11.913958549499512,6.422729015350342,9.035260200500488,9.381739616394043,10.034357070922852,9.172329902648926,5.13800573348999,,,,,,,,,,,9.961956977844238,7.43812370300293,11.6240873336792,12.604469299316406,7.525985240936279,10.49916934967041,11.257954597473145,10.925394058227539,11.273101806640625,6.509319305419922,,,,,,,,,,,,,,,,,,,,,,,,,,,,,,,,,,,,,,,,
8,1734,0.3367975056171417,0.6073822379112244,0.6106038093566895,0.1326211541891098,0.27657797932624817,0.32146134972572327,0.31659048795700073,0.37874841690063477,0.18255023658275604,0.20464161038398743,6.036702632904053,5.498215198516846,9.250998497009277,4.575084686279297,5.426206111907959,7.600894451141357,6.122732639312744,5.99058198928833,4.455763816833496,5.409842491149902,,,,,,,,,,,7.769286155700684,8.627666473388672,11.258781433105469,5.062456130981445,7.525033473968506,9.188406944274902,9.207033157348633,7.258286952972412,4.904723167419434,6.891189098358154,,,,,,,,,,,,,,,,,,,,,,,,,,,,,,,,,,,,,,,,
8,1739,0.3551495373249054,0.7589248418807983,0.1551113873720169,0.33369430899620056,0.2653665244579315,0.21292656660079956,0.22684739530086517,0.18673740327358246,0.6576612591743469,0.399075984954834,6.126094341278076,7.192836284637451,4.3600640296936035,6.822290897369385,5.653589725494385,5.3025946617126465,6.038736343383789,4.127969264984131,8.757951736450195,6.878814697265625,,,,,,,,,,,7.78009557723999,9.644099235534668,5.674577236175537,8.030254364013672,7.370937347412109,7.478091239929199,7.7935919761657715,5.096528053283691,9.30945873260498,9.623321533203125,,,,,,,,,,,,,,,,,,,,,,,,,,,,,,,,,,,,,,,,
8,1744,0.5622254610061646,0.29650238156318665,1.1209349632263184,0.8866121172904968,0.34279903769493103,0.8726444840431213,0.29476961493492126,0.9693164825439453,0.030761942267417908,0.2456878274679184,7.173536777496338,5.3586273193359375,10.22878360748291,8.204977989196777,7.04231595993042,10.882665634155273,7.457037448883057,7.009561061859131,1.6506683826446533,6.7271881103515625,,,,,,,,,,,9.772047996520996,6.028043270111084,15.25463581085205,13.089459419250488,8.377595901489258,15.138907432556152,8.884074211120605,11.611586570739746,2.0134003162384033,7.550731658935547,,,,,,,,,,,,,,,,,,,,,,,,,,,,,,,,,,,,,,,,
8,1745,,,,,,,,,,,6.744059085845947,5.552548408508301,6.722623825073242,6.40338659286499,6.922520637512207,8.366138458251953,7.44679594039917,5.968780994415283,5.871642112731934,7.442095756530762,0.5556963086128235,0.5445630550384521,0.6128509044647217,0.6358528137207031,0.5673197507858276,0.4755345582962036,0.549390435218811,0.5556116104125977,0.532827615737915,0.5273154973983765,8.881169319152832,7.2790141105651855,8.828231811523438,8.355286598205566,9.229509353637695,11.052067756652832,9.898360252380371,7.767350673675537,7.750010013580322,9.770698547363281,0.5185744166374207,0.5262765288352966,0.5734907984733582,0.3787215054035187,0.587043046951294,0.6399003267288208,0.5354105234146118,0.4082942306995392,0.5091406106948853,0.5088920593261719,7.520773887634277,5.529560565948486,8.087955474853516,6.119827747344971,8.356184005737305,9.962610244750977,9.407004356384277,5.638483047485352,6.487183094024658,8.098164558410645,0.43738996982574463,0.4548203945159912,0.532597005367279,0.591526985168457,0.3112684488296509,0.4234771132469177,0.4519147276878357,0.384086549282074,0.2814892530441284,0.5053291916847229,10.084538459777832,8.170226097106934,10.481682777404785,9.49478816986084,11.228459358215332,13.054601669311523,11.835288047790527,7.316610813140869,8.619708061218262,10.559492111206055
9,1749,0.38157758116722107,0.2651900351047516,0.6589850187301636,0.6574599146842957,0.18201234936714172,0.5776435732841492,0.27930939197540283,0.2127886712551117,0.19127227365970612,0.40953677892684937,6.765727519989014,4.279267311096191,8.479042053222656,8.871105194091797,5.0335469245910645,9.782814979553223,6.659447193145752,4.7516069412231445,4.673714637756348,8.361001968383789,,,,,,,,,,,8.438663482666016,5.700866222381592,11.696325302124023,11.27170181274414,6.104499816894531,12.317026138305664,8.647956848144531,5.440426826477051,5.020526885986328,9.74863052368164,,,,,,,,,,,,,,,,,,,,,,,,,,,,,,,,,,,,,,,,
9,1754,0.32703128457069397,0.2057763636112213,0.36230918765068054,0.33265772461891174,0.3996121287345886,0.5289044976234436,0.2189665138721466,0.23259882628917694,0.3672111928462982,0.2952449321746826,6.2268805503845215,4.253218650817871,6.5831122398376465,7.371288776397705,6.245651721954346,8.647137641906738,5.769998550415039,4.58597993850708,6.180068016052246,6.405464172363281,,,,,,,,,,,7.9024529457092285,5.0218071937561035,8.672640800476074,8.01777172088623,9.045217514038086,11.7859468460083,7.657017707824707,5.688037395477295,6.956347465515137,8.277294158935547,,,,,,,,,,,,,,,,,,,,,,,,,,,,,,,,,,,,,,,,
9,1759,0.37307658791542053,0.21205416321754456,0.3904154300689697,0.45467609167099,0.4991774559020996,0.33833009004592896,0.24427631497383118,0.5326946377754211,0.23899678885936737,0.44706815481185913,7.3466477394104,4.347287178039551,8.691192626953125,8.595952987670898,8.924379348754883,7.953104496002197,6.308413982391357,7.269296169281006,4.857146263122559,9.173051834106445,,,,,,,,,,,8.389216423034668,5.097833633422852,9.0027494430542,9.373589515686035,10.109439849853516,9.426406860351562,8.087447166442871,8.607912063598633,5.612021446228027,10.185540199279785,,,,,,,,,,,,,,,,,,,,,,,,,,,,,,,,,,,,,,,,
9,1764,0.5308874845504761,0.2786371409893036,0.3589574694633484,0.9242770671844482,0.2080124169588089,0.36243993043899536,0.2399376928806305,0.8595161437988281,1.1445660591125488,0.4016430079936981,7.668318748474121,4.220884799957275,7.063568115234375,11.473755836486816,4.936800956726074,7.672216415405273,6.243347644805908,8.603741645812988,10.385202407836914,8.415353775024414,,,,,,,,,,,9.445343017578125,5.8436174392700195,8.632431983947754,13.36460018157959,6.525958061218262,9.75649642944336,8.015304565429688,10.934167861938477,12.281283378601074,9.65422248840332,,,,,,,,,,,,,,,,,,,,,,,,,,,,,,,,,,,,,,,,
9,1769,0.7288067936897278,0.41562068462371826,1.256399154663086,0.7193928360939026,0.6771504282951355,0.6817883253097534,0.1975296437740326,1.3811888694763184,0.9573664665222168,0.27282488346099854,8.002660751342773,5.921441555023193,10.407573699951172,8.333779335021973,7.266072750091553,11.0338773727417,5.140342712402344,8.840744972229004,8.779006958007812,6.301109313964844,,,,,,,,,,,11.17286205291748,7.13692045211792,16.150110244750977,11.790654182434082,11.774493217468262,13.38137149810791,7.27255392074585,13.860702514648438,11.232137680053711,7.956813812255859,,,,,,,,,,,,,,,,,,,,,,,,,,,,,,,,,,,,,,,,
9,1774,0.39658990502357483,0.4696119427680969,0.07047854363918304,0.10493973642587662,0.5977147221565247,0.5458744168281555,0.3654263913631439,0.3535322844982147,0.39446893334388733,0.6672623157501221,5.9441399574279785,5.5422258377075195,3.1163506507873535,3.188002824783325,7.50851583480835,7.5283684730529785,5.563843727111816,6.134303092956543,6.210716247558594,8.704931259155273,,,,,,,,,,,8.389800071716309,7.586331844329834,3.8250765800476074,4.503237724304199,11.06233024597168,11.973530769348145,9.891695976257324,7.012506008148193,7.2099080085754395,12.443584442138672,,,,,,,,,,,,,,,,,,,,,,,,,,,,,,,,,,,,,,,,
9,1779,0.3776915669441223,0.46059027314186096,0.29611635208129883,0.5219510793685913,0.5531080365180969,0.44393375515937805,0.4570857584476471,0.12104625999927521,0.3017215132713318,0.2436709851026535,6.643354415893555,5.169739246368408,6.594107151031494,8.6622896194458,8.520832061767578,7.934664249420166,7.437254905700684,3.752570390701294,5.274287223815918,6.444441795349121,,,,,,,,,,,8.425286293029785,7.513108730316162,7.840483665466309,10.043146133422852,10.6415433883667,10.797791481018066,11.06291675567627,4.103310585021973,6.305600166320801,7.5196757316589355,,,,,,,,,,,,,,,,,,,,,,,,,,,,,,,,,,,,,,,,
9,1784,0.3875484764575958,0.6734610795974731,0.42052358388900757,0.24647651612758636,0.10787700861692429,0.45982539653778076,0.22825412452220917,0.9197642207145691,0.29845982789993286,0.13329438865184784,6.251118183135986,5.7955546379089355,7.203080177307129,6.234429359436035,3.891181468963623,7.975637435913086,6.23887825012207,8.470608711242676,5.777731418609619,4.6729631423950195,,,,,,,,,,,7.997829914093018,9.08486557006836,9.343440055847168,6.901486873626709,4.699634552001953,10.989358901977539,7.817720413208008,11.310894966125488,6.271424770355225,5.561644077301025,,,,,,,,,,,,,,,,,,,,,,,,,,,,,,,,,,,,,,,,
9,1789,0.33794617652893066,0.3384644687175751,0.34734421968460083,0.33810102939605713,0.5512083768844604,0.33804458379745483,0.36887988448143005,0.12449345737695694,0.4259622097015381,0.20901744067668915,6.473488807678223,5.18341064453125,6.485074043273926,6.431191921234131,8.392082214355469,8.295234680175781,7.765146732330322,3.9498798847198486,6.100578784942627,5.658801555633545,,,,,,,,,,,7.957470417022705,6.440488338470459,8.491641998291016,8.08310317993164,10.62325382232666,9.422428131103516,9.938326835632324,4.161327838897705,7.492190837860107,6.964475631713867,,,,,,,,,,,,,,,,,,,,,,,,,,,,,,,,,,,,,,,,
9,1794,0.42526012659072876,0.26938363909721375,0.413544625043869,0.6255999207496643,0.38958728313446045,0.3959933817386627,0.3173007667064667,0.3020513653755188,0.49181973934173584,0.6220604181289673,6.8298516273498535,4.440928936004639,6.829834461212158,8.528271675109863,5.750439643859863,8.56586742401123,6.698957920074463,5.25181245803833,6.037869930267334,9.364681243896484,,,,,,,,,,,8.988910675048828,5.74576473236084,9.265584945678711,10.99520206451416,8.931039810180664,10.198113441467285,9.217355728149414,6.4818525314331055,8.050562858581543,12.014715194702148,,,,,,,,,,,,,,,,,,,,,,,,,,,,,,,,,,,,,,,,
9,1799,0.4766896665096283,0.3632897138595581,0.6796678900718689,0.23078477382659912,0.5752665996551514,0.4640936255455017,0.37313753366470337,0.43307170271873474,0.7250862717628479,0.4458088278770447,7.528415203094482,5.535364151000977,10.356171607971191,5.748767852783203,8.481316566467285,9.427862167358398,7.6289801597595215,5.3502373695373535,7.920480251312256,7.306558609008789,,,,,,,,,,,9.425012588500977,6.672504425048828,11.878457069396973,6.67818546295166,10.852609634399414,11.040244102478027,9.995516777038574,7.761374473571777,9.775031089782715,10.171184539794922,,,,,,,,,,,,,,,,,,,,,,,,,,,,,,,,,,,,,,,,
9,1804,0.434164822101593,0.35835587978363037,0.6797823905944824,0.22725968062877655,0.3526456654071808,0.31655335426330566,0.6047688722610474,0.5339845418930054,0.465550035238266,0.3685828149318695,7.480616092681885,5.473904609680176,10.93951416015625,5.5164289474487305,7.253722190856934,7.712126731872559,9.716828346252441,7.484984397888184,6.180486679077148,7.047544956207275,,,,,,,,,,,9.019229888916016,6.627038955688477,11.879457473754883,6.626986980438232,8.497064590454102,9.11799430847168,12.725226402282715,8.618329048156738,7.832609176635742,9.248359680175781,,,,,,,,,,,,,,,,,,,,,,,,,,,,,,,,,,,,,,,,
9,1809,0.31966540217399597,0.6164829134941101,0.1682407408952713,0.276424378156662,0.1820966899394989,0.27686816453933716,0.32162314653396606,0.4437328279018402,0.40882858633995056,0.18269117176532745,6.021770000457764,7.1807379722595215,4.754727840423584,5.839547634124756,5.138083457946777,6.833313941955566,5.990981578826904,7.067460060119629,5.869125843048096,5.521950721740723,,,,,,,,,,,7.503471374511719,8.692061424255371,5.909861087799072,7.308749198913574,6.105914115905762,8.527316093444824,9.279924392700195,7.856325626373291,7.339964389801025,6.511124134063721,,,,,,,,,,,,,,,,,,,,,,,,,,,,,,,,,,,,,,,,
9,1814,0.3448418378829956,0.11833349615335464,0.14954093098640442,0.2855701446533203,0.4822233319282532,0.38812965154647827,0.5454825758934021,0.4409809112548828,0.232786625623703,0.4605289101600647,6.462708473205566,3.11171817779541,4.5621337890625,5.848544597625732,8.108637809753418,7.2020955085754395,8.361247062683105,6.9732890129089355,5.381660461425781,8.615049362182617,,,,,,,,,,,8.07054615020752,3.8081681728363037,5.571750640869141,7.428673267364502,9.936278343200684,10.096346855163574,12.085405349731445,7.831926345825195,5.538629055023193,10.337740898132324,,,,,,,,,,,,,,,,,,,,,,,,,,,,,,,,,,,,,,,,
9,1819,0.41813331842422485,0.2983618974685669,0.16680209338665009,0.09685273468494415,0.34055376052856445,0.30481815338134766,0.2229265719652176,0.8736786842346191,1.286336898803711,0.1728692203760147,5.941258907318115,5.002223014831543,4.922153472900391,3.681879997253418,6.870825290679932,7.186146259307861,5.985715389251709,6.587444305419922,7.972711086273193,5.262228488922119,,,,,,,,,,,7.962044715881348,6.046916484832764,5.884538650512695,4.326241970062256,8.350115776062012,8.947388648986816,7.725946426391602,11.023881912231445,13.01969051361084,6.333678722381592,,,,,,,,,,,,,,,,,,,,,,,,,,,,,,,,,,,,,,,,
9,1824,0.47485849261283875,0.43765735626220703,0.15602414309978485,0.0857289731502533,0.18491028249263763,0.18019524216651917,0.3463551700115204,0.6390551924705505,2.0472426414489746,0.19655755162239075,6.838945388793945,5.65906286239624,5.6586689949035645,3.9080252647399902,5.108331203460693,4.986015319824219,7.361246585845947,6.775574684143066,16.006275177001953,6.087307453155518,,,,,,,,,,,8.039390563964844,7.323680400848389,5.691248416900635,4.070228099822998,6.152904510498047,6.879351615905762,9.630119323730469,9.428180694580078,16.425098419189453,6.75370454788208,,,,,,,,,,,,,,,,,,,,,,,,,,,,,,,,,,,,,,,,
9,1829,0.671820342540741,0.5076422691345215,0.2558099627494812,0.13953492045402527,0.25028127431869507,0.22253963351249695,0.2895859479904175,1.7247434854507446,2.0846898555755615,0.5715558528900146,7.860496520996094,5.5373687744140625,6.9968743324279785,4.073024749755859,5.921292781829834,6.65087366104126,7.3778486251831055,12.524429321289062,12.322028160095215,9.34072494506836,,,,,,,,,,,9.72853946685791,7.887532711029053,7.287363052368164,5.192737102508545,7.158365249633789,7.645035743713379,8.805611610412598,15.488914489746094,16.574636459350586,11.516658782958984,,,,,,,,,,,,,,,,,,,,,,,,,,,,,,,,,,,,,,,,
9,1834,0.2806139290332794,0.2631138861179352,0.15440110862255096,0.36988505721092224,0.10557549446821213,0.24219302833080292,0.1850527822971344,0.3187482953071594,0.21910721063613892,0.6674484610557556,5.807633399963379,4.812973976135254,4.761502265930176,8.044899940490723,3.690317153930664,6.540252685546875,4.272162914276123,6.1720452308654785,5.054747581481934,8.919795036315918,,,,,,,,,,,7.103973388671875,5.678506851196289,5.661569595336914,8.454505920410156,4.649231910705566,7.975477695465088,7.039123058319092,6.658595561981201,5.3734307289123535,12.445320129394531,,,,,,,,,,,,,,,,,,,,,,,,,,,,,,,,,,,,,,,,
9,1839,0.8747210502624512,0.9435744285583496,0.42523446679115295,0.579265296459198,0.7280030250549316,0.7158467173576355,0.3286198675632477,1.208580732345581,1.8966232538223267,1.046741247177124,9.722271919250488,8.322035789489746,7.737364292144775,7.320777893066406,9.190376281738281,9.503178596496582,7.696324348449707,10.074311256408691,14.112146377563477,13.54393482208252,,,,,,,,,,,12.265579223632812,10.753512382507324,9.3956298828125,10.580193519592285,12.208609580993652,13.711527824401855,9.380321502685547,12.965719223022461,15.809342384338379,15.585360527038574,,,,,,,,,,,,,,,,,,,,,,,,,,,,,,,,,,,,,,,,
9,1844,0.338774710893631,0.2993347942829132,0.2620612680912018,0.303318589925766,0.09327197074890137,0.753986656665802,0.35015320777893066,0.12052987515926361,0.49151721596717834,0.37479883432388306,6.211777687072754,5.600054740905762,5.8224616050720215,6.794886589050293,3.9300179481506348,9.878191947937012,6.717469692230225,3.823354959487915,5.956851959228516,7.382706642150879,,,,,,,,,,,7.853567600250244,6.056766986846924,7.375866889953613,7.656043529510498,4.369937419891357,14.072060585021973,9.682775497436523,4.094549179077148,8.048087120056152,9.326018333435059,,,,,,,,,,,,,,,,,,,,,,,,,,,,,,,,,,,,,,,,
9,1849,0.39033833146095276,0.3813811242580414,0.3375064730644226,0.4995291829109192,0.3932073414325714,0.39706042408943176,0.31375566124916077,0.3220871090888977,0.3367719054222107,0.5317457318305969,6.823150634765625,5.6149139404296875,6.430286407470703,7.948896884918213,6.1563191413879395,7.320774555206299,6.069903373718262,6.140721797943115,6.115499019622803,9.611039161682129,,,,,,,,,,,8.64952564239502,6.8366265296936035,8.370525360107422,9.82506275177002,8.972437858581543,10.211843490600586,9.165719985961914,6.69337797164917,6.6617937088012695,11.1083402633667,,,,,,,,,,,,,,,,,,,,,,,,,,,,,,,,,,,,,,,,
9,1854,0.3975174129009247,0.2439277321100235,0.23282574117183685,0.13658998906612396,0.20679333806037903,0.7012678384780884,0.46293139457702637,0.38485655188560486,0.841270387172699,0.36719393730163574,6.3814215660095215,4.282774448394775,5.569281101226807,4.280847072601318,4.301338195800781,9.272710800170898,9.037764549255371,6.010924339294434,6.99075984954834,7.686391830444336,,,,,,,,,,,8.427278518676758,5.467550754547119,6.9522786140441895,5.137648105621338,6.50680685043335,13.571187019348145,11.13343334197998,7.3165812492370605,10.529096603393555,9.23091983795166,,,,,,,,,,,,,,,,,,,,,,,,,,,,,,,,,,,,,,,,
9,1859,0.29641690850257874,0.32350918650627136,0.21715985238552094,0.4818955361843109,0.07564195990562439,0.47985267639160156,0.40048640966415405,0.15126270055770874,0.06796487420797348,0.46997886896133423,5.775899887084961,4.887795448303223,5.130236625671387,6.820480823516846,3.3797805309295654,8.809017181396484,7.894927501678467,4.178684711456299,2.6502578258514404,8.231914520263672,,,,,,,,,,,7.355637550354004,6.296593189239502,6.714310169219971,9.650090217590332,3.935328960418701,11.226123809814453,10.355348587036133,4.5869574546813965,2.9927165508270264,10.443266868591309,,,,,,,,,,,,,,,,,,,,,,,,,,,,,,,,,,,,,,,,
9,1864,0.3763200342655182,0.8840178847312927,0.4156235158443451,0.48089346289634705,0.36330679059028625,0.4532809257507324,0.2131759524345398,0.2101869285106659,0.10533101856708527,0.26106396317481995,6.152506351470947,7.585036277770996,6.488631725311279,7.374655723571777,6.889225959777832,7.522326469421387,5.977104187011719,4.2118306159973145,3.177036762237549,6.1467132568359375,,,,,,,,,,,8.149351119995117,10.408611297607422,9.288846015930176,9.640050888061523,8.62454891204834,10.910874366760254,7.555094242095947,5.407064914703369,3.725644826889038,7.783423900604248,,,,,,,,,,,,,,,,,,,,,,,,,,,,,,,,,,,,,,,,
9,1869,0.48506397008895874,0.29414090514183044,0.14016951620578766,0.03962273150682449,0.32160258293151855,0.21109214425086975,0.2128298431634903,0.9341623783111572,1.8311841487884521,0.3807714283466339,6.913797378540039,4.561654090881348,5.012892723083496,2.427241325378418,7.317605495452881,5.5002007484436035,5.468386650085449,10.847982406616211,13.710274696350098,7.377933979034424,,,,,,,,,,,8.178667068481445,6.003990650177002,5.394341468811035,2.7671141624450684,8.114456176757812,7.445809364318848,7.5489583015441895,11.399083137512207,15.53421401977539,9.400033950805664,,,,,,,,,,,,,,,,,,,,,,,,,,,,,,,,,,,,,,,,
9,1874,0.4154364764690399,0.5831203460693359,0.0895981639623642,0.2774415910243988,0.46376684308052063,0.9080321788787842,0.6007777452468872,0.24480567872524261,0.1763661503791809,0.39501968026161194,6.6528000831604,6.607780456542969,3.9912662506103516,6.556573390960693,6.470703125,11.675821304321289,8.631763458251953,5.405025959014893,3.262040138244629,7.274226188659668,,,,,,,,,,,8.687718391418457,8.453593254089355,4.312819004058838,7.322185039520264,9.744274139404297,15.442817687988281,12.683167457580566,5.835383892059326,4.8209309577941895,9.574289321899414,,,,,,,,,,,,,,,,,,,,,,,,,,,,,,,,,,,,,,,,
9,1879,0.3152431547641754,0.5091531872749329,0.015201428905129433,0.045055922120809555,0.372625470161438,0.37042129039764404,0.28754186630249023,0.5048525333404541,0.3527536392211914,0.37958312034606934,5.767276763916016,6.306556224822998,1.4892711639404297,2.454838275909424,6.91863489151001,7.13901948928833,6.257349014282227,7.0715179443359375,6.488271236419678,7.780033588409424,,,,,,,,,,,7.175783634185791,7.899261951446533,1.7764534950256348,2.9507389068603516,8.734457015991211,9.863336563110352,8.774478912353516,8.379941940307617,6.818032264709473,9.385354042053223,,,,,,,,,,,,,,,,,,,,,,,,,,,,,,,,,,,,,,,,
9,1884,0.31837740540504456,0.5981698036193848,0.3265690207481384,0.09702955186367035,0.25604110956192017,0.13555750250816345,0.20858897268772125,0.7825590968132019,0.050769172608852386,0.4101121425628662,5.847427845001221,6.963412761688232,6.186977386474609,3.267906904220581,5.619848728179932,5.099545955657959,6.350745677947998,8.833878517150879,2.40248966217041,7.902044296264648,,,,,,,,,,,7.175730228424072,8.561985969543457,8.23377799987793,4.330189228057861,7.240265846252441,5.966747760772705,7.473369598388672,10.433194160461426,2.586564540863037,9.755476951599121,,,,,,,,,,,,,,,,,,,,,,,,,,,,,,,,,,,,,,,,
9,1889,0.22421665489673615,0.298514723777771,0.31800299882888794,0.16588258743286133,0.23817309737205505,0.3800871670246124,0.0944485291838646,0.10351581871509552,0.16297361254692078,0.2563513219356537,5.220975399017334,5.00112771987915,6.515408992767334,5.211474895477295,4.960119247436523,7.708101749420166,3.6965677738189697,3.5616888999938965,3.7741401195526123,6.5601487159729,,,,,,,,,,,6.442238807678223,6.048464775085449,8.125072479248047,5.661809921264648,6.9830641746521,9.991195678710938,5.0288472175598145,3.794565200805664,4.634276390075684,7.712851047515869,,,,,,,,,,,,,,,,,,,,,,,,,,,,,,,,,,,,,,,,
9,1894,0.5411517024040222,0.5016542673110962,0.34022197127342224,0.9059641361236572,0.4152882695198059,0.373148649930954,0.5861810445785522,1.0280771255493164,0.227174311876297,0.49265533685684204,7.230355262756348,6.55525541305542,6.134101867675781,7.731290340423584,7.71075439453125,7.5486979484558105,7.890450954437256,9.063885688781738,4.565382480621338,7.87337589263916,,,,,,,,,,,9.916361808776855,7.840875148773193,8.404131889343262,13.231539726257324,9.220924377441406,9.899580955505371,12.528141975402832,11.958359718322754,5.4714555740356445,10.692242622375488,,,,,,,,,,,,,,,,,,,,,,,,,,,,,,,,,,,,,,,,
9,1899,0.3334093391895294,0.4374645948410034,0.15964481234550476,0.02557491883635521,0.5842176675796509,0.3959619700908661,0.4038783311843872,0.21370039880275726,0.23469634354114532,0.5455449223518372,6.138082027435303,5.933045387268066,4.537554740905762,1.7357902526855469,8.109119415283203,8.218754768371582,8.212631225585938,4.739634990692139,4.799131870269775,8.957075119018555,,,,,,,,,,,7.6778388023376465,7.322066783905029,5.7569050788879395,2.2231154441833496,10.936717987060547,10.197709083557129,10.399107933044434,5.452069282531738,5.5613017082214355,11.25155258178711,,,,,,,,,,,,,,,,,,,,,,,,,,,,,,,,,,,,,,,,
9,1904,0.4244604706764221,0.5731568932533264,0.3969373106956482,0.16734515130519867,0.3110562264919281,0.37037792801856995,0.39697790145874023,0.225778728723526,1.0491273403167725,0.32938671112060547,6.885682582855225,6.834068298339844,7.673072814941406,4.514150142669678,6.715001583099365,7.71539831161499,7.867485046386719,4.969911575317383,9.951539039611816,5.73051118850708,,,,,,,,,,,8.600364685058594,8.381062507629395,9.077632904052734,5.6867146492004395,7.980297565460205,9.86275863647461,10.30988883972168,5.604027271270752,11.75810718536377,8.742794036865234,,,,,,,,,,,,,,,,,,,,,,,,,,,,,,,,,,,,,,,,
9,1909,0.41089946031570435,0.5270053744316101,0.16441091895103455,0.28349360823631287,0.6076643466949463,0.834129273891449,0.4610002636909485,0.3892185389995575,0.22937187552452087,0.2018008977174759,6.804988384246826,5.897843837738037,3.7519097328186035,6.66855525970459,8.873113632202148,11.079337120056152,8.727766036987305,6.65594482421875,3.871901273727417,5.7185282707214355,,,,,,,,,,,8.671623229980469,8.036552429199219,5.842207431793213,7.401615142822266,11.154022216796875,14.801050186157227,11.110187530517578,7.357926845550537,5.497856616973877,6.843192100524902,,,,,,,,,,,,,,,,,,,,,,,,,,,,,,,,,,,,,,,,
9,1914,0.28166407346725464,0.4728713631629944,0.09783609211444855,0.08549187332391739,0.2780758738517761,0.24038001894950867,0.3720841705799103,0.4349816143512726,0.2625420093536377,0.29071366786956787,5.808310031890869,5.98684024810791,3.9099740982055664,3.5976128578186035,6.332473278045654,6.125154495239258,8.053308486938477,7.4804182052612305,4.787257671356201,6.001745223999023,,,,,,,,,,,7.058917045593262,7.612613201141357,4.506726264953613,4.0645952224731445,7.545382499694824,7.94556999206543,9.981398582458496,7.778470039367676,5.881968975067139,8.213531494140625,,,,,,,,,,,,,,,,,,,,,,,,,,,,,,,,,,,,,,,,
9,1919,0.3969811797142029,0.2969776391983032,0.41615086793899536,0.34732624888420105,0.7247506380081177,0.259185254573822,0.44402748346328735,0.34430932998657227,0.45370766520500183,0.2863953113555908,6.6291351318359375,4.867555618286133,7.454655647277832,6.454031944274902,7.702974796295166,6.3105573654174805,8.398417472839355,5.962513446807861,6.0521955490112305,6.459312915802002,,,,,,,,,,,8.628987312316895,6.032872676849365,9.294736862182617,8.192636489868164,12.181306838989258,8.250514030456543,10.903745651245117,6.920429706573486,7.73234748840332,8.152299880981445,,,,,,,,,,,,,,,,,,,,,,,,,,,,,,,,,,,,,,,,
9,1924,0.2028166949748993,0.23180988430976868,0.12408600002527237,0.3620752692222595,0.23944158852100372,0.1692974716424942,0.30329495668411255,0.10486683994531631,0.06881047785282135,0.22166787087917328,4.458162784576416,3.837472915649414,3.9377341270446777,4.776264667510986,5.444228172302246,5.4378180503845215,6.079022407531738,2.7570393085479736,2.654655933380127,5.199230670928955,,,,,,,,,,,6.161581516265869,5.330012798309326,5.075432300567627,8.364776611328125,7.0016350746154785,6.668084621429443,9.01163101196289,3.8192477226257324,3.0112760066986084,7.172136306762695,,,,,,,,,,,,,,,,,,,,,,,,,,,,,,,,,,,,,,,,
9,1929,0.5784311890602112,0.23623934388160706,0.6602035760879517,0.7875709533691406,0.36442309617996216,0.5887488722801208,0.20385867357254028,1.406540870666504,0.5626916885375977,0.39560383558273315,7.9001030921936035,3.746746063232422,9.736993789672852,10.062556266784668,6.426260948181152,9.956695556640625,5.864374160766602,12.00926399230957,5.961109161376953,7.336932182312012,,,,,,,,,,,10.007237434387207,5.38069486618042,11.707133293151855,12.336721420288086,8.637788772583008,12.434859275817871,7.388144493103027,13.987332344055176,8.611098289489746,9.581366539001465,,,,,,,,,,,,,,,,,,,,,,,,,,,,,,,,,,,,,,,,
9,1934,0.47551828622817993,0.37254223227500916,0.31247085332870483,0.34532737731933594,0.37752291560173035,0.3206624388694763,0.2603004276752472,0.9151824116706848,0.6328989863395691,0.7427567839622498,7.565762042999268,5.7933478355407715,7.302632808685303,7.203210353851318,6.5524749755859375,7.7114434242248535,7.221869945526123,8.165628433227539,8.225990295410156,9.915263175964355,,,,,,,,,,,9.204564094543457,6.756939888000488,8.054089546203613,8.169028282165527,8.791668891906738,9.176983833312988,8.348495483398438,11.282687187194824,9.132516860961914,13.128664016723633,,,,,,,,,,,,,,,,,,,,,,,,,,,,,,,,,,,,,,,,
9,1939,0.28512731194496155,0.40685752034187317,0.36674126982688904,0.11081589013338089,0.27045804262161255,0.4552144408226013,0.20138593018054962,0.27058589458465576,0.2735857367515564,0.21050100028514862,5.716827392578125,5.622922420501709,6.731308937072754,3.650709390640259,6.293224811553955,8.19201946258545,5.100935935974121,5.101901531219482,4.437279224395752,6.321146011352539,,,,,,,,,,,7.251283645629883,7.061279773712158,8.72552490234375,4.62760066986084,7.441312313079834,10.934120178222656,7.343199729919434,6.13495397567749,6.004405498504639,6.98914909362793,,,,,,,,,,,,,,,,,,,,,,,,,,,,,,,,,,,,,,,,
9,1939,,,,,,,,,,,6.68900728225708,5.491322040557861,6.563137054443359,6.319800853729248,6.880547046661377,8.302078247070312,7.346173286437988,5.905307292938232,5.946861743927002,7.445836067199707,0.5599762797355652,0.550101637840271,0.6230102777481079,0.6349408626556396,0.5704159736633301,0.48011451959609985,0.5512305498123169,0.5671273469924927,0.53420090675354,0.5286438465118408,8.839096069335938,7.234618663787842,8.711627006530762,8.365742683410645,9.196427345275879,11.003704071044922,9.878129005432129,7.666049003601074,7.738609790802002,9.756958961486816,0.5223581194877625,0.5422407984733582,0.598654568195343,0.368177205324173,0.6163274049758911,0.6110014915466309,0.48382094502449036,0.43966904282569885,0.509911835193634,0.5314196348190308,7.4252610206604,5.717286109924316,7.937016010284424,6.397483825683594,8.521354675292969,9.520355224609375,8.604205131530762,5.843617916107178,6.310759544372559,7.97526741027832,0.44382938742637634,0.4541572332382202,0.5237070322036743,0.6069616675376892,0.27560901641845703,0.44865643978118896,0.5054040551185608,0.36607009172439575,0.3301733136177063,0.4837256073951721,10.014171600341797,8.175193786621094,10.580894470214844,9.313673973083496,11.515470504760742,12.766343116760254,11.24294376373291,7.422851085662842,8.322564125061035,10.787609100341797
10,1944,0.37132495641708374,0.36702802777290344,0.07871674001216888,0.11540178209543228,0.10713571310043335,0.518138587474823,0.17968788743019104,0.2409929484128952,1.112566590309143,0.6222562193870544,6.311427593231201,5.94626522064209,3.4436557292938232,3.1699233055114746,4.010622024536133,8.711003303527832,5.4174628257751465,4.860470294952393,10.95612907409668,10.287321090698242,,,,,,,,,,,7.630168437957764,6.706746578216553,4.042455196380615,4.72238302230835,4.683459281921387,11.665377616882324,6.936336994171143,5.789763927459717,12.108386039733887,12.016606330871582,,,,,,,,,,,,,,,,,,,,,,,,,,,,,,,,,,,,,,,,
10,1949,0.4848400354385376,0.7859557271003723,0.2868940830230713,0.4001777768135071,0.39630070328712463,0.2657928466796875,0.2820433974266052,1.0913405418395996,0.21552559733390808,0.6395295858383179,7.644857883453369,6.430782318115234,7.484048843383789,6.848691463470459,7.034532070159912,7.475203514099121,7.072148323059082,11.348423957824707,4.979734420776367,10.13015079498291,,,,,,,,,,,9.13454532623291,9.81434440612793,7.717425346374512,8.793896675109863,9.007661819458008,8.355020523071289,8.690179824829102,12.320798873901367,5.329331398010254,12.182250022888184,,,,,,,,,,,,,,,,,,,,,,,,,,,,,,,,,,,,,,,,
10,1954,0.3293241560459137,0.25748711824417114,0.23159992694854736,0.1363668441772461,0.2715228199958801,0.39944154024124146,0.4381396770477295,0.5915297269821167,0.36329367756843567,0.2745360732078552,6.483335971832275,4.9733662605285645,5.656768798828125,3.909374237060547,6.150844573974609,9.014483451843262,8.697112083435059,7.053723335266113,6.421320915222168,6.4730305671691895,,,,,,,,,,,7.798459529876709,5.617460250854492,6.933952808380127,5.133449554443359,7.455946922302246,10.242417335510254,10.831212997436523,9.070829391479492,6.9191412925720215,7.9817280769348145,,,,,,,,,,,,,,,,,,,,,,,,,,,,,,,,,,,,,,,,
10,1959,0.4513179063796997,0.3265897333621979,0.6809582114219666,0.41521120071411133,0.5312906503677368,0.3999488949775696,0.34699320793151855,0.3247302770614624,0.5590551495552063,0.4770834743976593,7.177690505981445,4.684178829193115,9.291475296020508,6.08669376373291,7.794780254364014,7.158322334289551,7.85506534576416,5.919450759887695,7.25546407699585,8.553775787353516,,,,,,,,,,,9.257462501525879,6.326500415802002,11.889726638793945,8.95755386352539,10.429553985595703,10.248920440673828,9.638983726501465,6.7207865715026855,8.583227157592773,10.521904945373535,,,,,,,,,,,,,,,,,,,,,,,,,,,,,,,,,,,,,,,,
10,1964,0.3628883361816406,0.3343586325645447,0.46356654167175293,0.5595318078994751,0.4889962375164032,0.37791579961776733,0.3909114599227905,0.18219050765037537,0.12415421009063721,0.3443699777126312,6.600326061248779,5.20164155960083,7.240389347076416,8.312814712524414,7.8143157958984375,8.318177223205566,7.673043251037598,4.5509233474731445,3.080399751663208,7.21122932434082,,,,,,,,,,,8.314146995544434,6.401305198669434,9.80997085571289,10.398417472839355,10.005813598632812,9.962615966796875,10.230809211730957,5.034097194671631,4.044864654541016,8.939430236816406,,,,,,,,,,,,,,,,,,,,,,,,,,,,,,,,,,,,,,,,
10,1969,0.4356957674026489,0.30130115151405334,0.2691640853881836,0.6549175977706909,0.2859264016151428,0.7339109778404236,0.3210667073726654,0.6521590352058411,0.4521971046924591,0.25061869621276855,7.115349769592285,5.2289228439331055,5.338294982910156,8.043992042541504,6.152646541595459,10.59428596496582,8.303947448730469,7.006925106048584,6.5857014656066895,6.783423900604248,,,,,,,,,,,8.942012786865234,6.0766282081604,7.475154876708984,11.24988842010498,7.651150703430176,13.883455276489258,9.271893501281738,9.524353981018066,7.719464302062988,7.626125335693359,,,,,,,,,,,,,,,,,,,,,,,,,,,,,,,,,,,,,,,,
10,1974,0.37131375074386597,0.24679253995418549,0.1569894552230835,0.38143008947372437,0.23507583141326904,0.40162310004234314,0.0858418196439743,0.7604874968528748,0.6175858974456787,0.45599743723869324,6.398561000823975,4.467525959014893,4.90277624130249,7.718971252441406,5.087161540985107,8.626790046691895,3.711139678955078,8.031766891479492,7.7217512130737305,7.3191680908203125,,,,,,,,,,,7.932116985321045,5.499563694000244,5.708827018737793,8.58543586730957,6.937510013580322,10.270349502563477,4.79424524307251,10.285011291503906,9.02135944366455,10.286755561828613,,,,,,,,,,,,,,,,,,,,,,,,,,,,,,,,,,,,,,,,
10,1979,0.4870525598526001,0.8908204436302185,0.2784326672554016,0.379736989736557,0.5104947686195374,0.4628048241138458,0.20835910737514496,0.11515660583972931,1.2363762855529785,0.3012913763523102,6.654979228973389,7.3923211097717285,5.950107574462891,5.325411796569824,7.23765230178833,7.8333587646484375,6.1105523109436035,3.2467970848083496,9.810455322265625,6.988158226013184,,,,,,,,,,,8.940385818481445,10.44858169555664,7.6027679443359375,8.566359519958496,10.22339916229248,11.024903297424316,7.469250679016113,4.002240180969238,12.764348983764648,8.36162281036377,,,,,,,,,,,,,,,,,,,,,,,,,,,,,,,,,,,,,,,,
10,1984,0.4551898241043091,0.34797269105911255,0.16378581523895264,0.34431275725364685,0.7319189310073853,0.5039048790931702,0.683249831199646,0.4524920880794525,0.1059335470199585,0.763137698173523,6.587025165557861,4.705946445465088,4.5530242919921875,6.187675476074219,7.5123419761657715,8.64640998840332,8.787239074707031,6.20510721206665,3.543626070022583,9.14185619354248,,,,,,,,,,,9.19632625579834,6.530325889587402,5.831091403961182,8.157018661499023,12.241400718688965,11.504034042358398,13.525725364685059,7.933488368988037,3.736285448074341,13.30756664276123,,,,,,,,,,,,,,,,,,,,,,,,,,,,,,,,,,,,,,,,
10,1989,0.7339882254600525,0.7917013764381409,0.4216321110725403,0.6939936280250549,0.6379184722900391,0.7254272699356079,0.7545498609542847,0.6063276529312134,0.6156321167945862,1.358711838722229,8.801336288452148,7.590977191925049,7.589627742767334,9.67319393157959,8.450762748718262,9.367419242858887,10.804905891418457,5.47789192199707,6.294136047363281,13.963112831115723,,,,,,,,,,,11.797677993774414,9.850152969360352,9.35574722290039,11.580641746520996,11.428316116333008,13.802978515625,14.213950157165527,9.183588027954102,9.007078170776367,17.756643295288086,,,,,,,,,,,,,,,,,,,,,,,,,,,,,,,,,,,,,,,,
10,1994,0.3151346445083618,0.39829644560813904,0.2967180013656616,0.1709606647491455,0.2636107802391052,0.3281950354576111,0.36559754610061646,0.4576299786567688,0.21165047585964203,0.34355276823043823,5.911932468414307,5.855490207672119,6.253911972045898,4.676785469055176,4.713500022888184,6.4104719161987305,7.940329074859619,6.457122802734375,4.003818035125732,6.895960807800293,,,,,,,,,,,7.699549198150635,6.986593723297119,7.84844446182251,5.747817516326904,7.346512317657471,9.284143447875977,9.894012451171875,7.978402614593506,5.281203746795654,8.928816795349121,,,,,,,,,,,,,,,,,,,,,,,,,,,,,,,,,,,,,,,,
10,1999,0.3672897219657898,0.8365220427513123,0.017366431653499603,0.3642687499523163,0.3490659296512604,0.43066510558128357,0.38070783019065857,0.21314238011837006,0.3070392608642578,0.40682998299598694,6.125297546386719,7.081920146942139,1.49336838722229,5.397375106811523,6.43009614944458,8.537874221801758,8.15385627746582,4.534967422485352,5.241090297698975,8.257132530212402,,,,,,,,,,,7.902403354644775,10.125138282775879,1.8987467288970947,8.390074729919434,8.453827857971191,10.635201454162598,10.096403121948242,5.4449462890625,6.36092472076416,9.716361999511719,,,,,,,,,,,,,,,,,,,,,,,,,,,,,,,,,,,,,,,,
10,2004,0.3473939001560211,0.6090894937515259,0.3297009766101837,0.11857037991285324,0.30748265981674194,0.38720420002937317,0.1623392403125763,0.6100271940231323,0.2530940771102905,0.34903672337532043,6.561837673187256,7.226583003997803,6.628949165344238,4.195102214813232,7.13956880569458,7.346498966217041,5.212165355682373,9.071013450622559,5.084514141082764,7.152139186859131,,,,,,,,,,,7.810873985290527,8.639781951904297,8.273167610168457,4.7867751121521,7.934324741363525,10.08430290222168,6.592992305755615,9.211563110351562,5.775163173675537,8.999797821044922,,,,,,,,,,,,,,,,,,,,,,,,,,,,,,,,,,,,,,,,
10,2009,0.35823556780815125,0.5297893285751343,0.23418854176998138,0.152007594704628,0.3215634226799011,1.0490894317626953,0.4375400245189667,0.1673554629087448,0.09378701448440552,0.2387993037700653,5.970075607299805,6.826991081237793,6.28019380569458,4.119926452636719,5.917156219482422,10.227691650390625,8.322991371154785,3.2936489582061768,3.216843843460083,5.525234699249268,,,,,,,,,,,7.974605083465576,8.057751655578613,6.972595691680908,5.419853210449219,8.113962173461914,16.599008560180664,10.823798179626465,4.824792861938477,3.5155608654022217,7.444126129150391,,,,,,,,,,,,,,,,,,,,,,,,,,,,,,,,,,,,,,,,
10,2014,0.36031466722488403,0.228520005941391,0.6160485148429871,0.02474389225244522,0.4293195605278015,0.450946569442749,0.32556602358818054,0.34078463912010193,0.4989171326160431,0.32798564434051514,5.851370334625244,3.9872310161590576,7.532370567321777,2.1449577808380127,7.106046199798584,8.287148475646973,6.4228291511535645,5.307583808898926,5.623955726623535,6.250208377838135,,,,,,,,,,,8.01110553741455,5.292055130004883,11.308867454528809,2.1866984367370605,9.37540340423584,10.882743835449219,9.336634635925293,6.884917259216309,8.108444213867188,8.724180221557617,,,,,,,,,,,,,,,,,,,,,,,,,,,,,,,,,,,,,,,,
10,2019,0.3634328246116638,0.8459821343421936,0.3985142409801483,0.17109346389770508,0.3459794223308563,0.19817250967025757,0.1104007437825203,0.3136822283267975,0.5825724601745605,0.30449849367141724,6.350555419921875,7.345659255981445,8.618867874145508,4.679142475128174,6.93073844909668,6.106630325317383,4.428053855895996,5.717493534088135,6.898055076599121,6.430355548858643,,,,,,,,,,,7.763221740722656,10.182229042053223,9.095646858215332,5.750049591064453,8.416369438171387,7.214356422424316,5.4369683265686035,6.605469226837158,8.761899948120117,8.406006813049316,,,,,,,,,,,,,,,,,,,,,,,,,,,,,,,,,,,,,,,,
10,2024,0.3243507146835327,0.3069714307785034,0.49154725670814514,0.10938850790262222,0.2321784794330597,0.3261268138885498,0.17062711715698242,0.16154548525810242,0.8720999956130981,0.24867144227027893,5.9644365310668945,5.173414707183838,8.67990493774414,3.491987705230713,5.693451404571533,7.270492076873779,5.443410873413086,4.251275062561035,7.938553333282471,5.737436771392822,,,,,,,,,,,7.422070026397705,6.133540630340576,10.101696968078613,4.597701072692871,6.894624710083008,9.254843711853027,6.759192943572998,4.7403035163879395,10.720287322998047,7.596441268920898,,,,,,,,,,,,,,,,,,,,,,,,,,,,,,,,,,,,,,,,
10,2029,0.5732865929603577,0.58185875415802,0.45363175868988037,1.462510585784912,0.7600775957107544,0.3284203112125397,0.18764080107212067,0.7061511874198914,0.37790706753730774,0.3013814091682434,7.23526668548584,7.1735520362854,6.849007606506348,11.61755084991455,7.7536702156066895,6.07081937789917,5.717207908630371,8.450518608093262,6.00214958190918,5.482926845550537,,,,,,,,,,,9.904542922973633,8.444443702697754,9.704280853271484,16.811420440673828,12.474658012390137,9.28732967376709,7.088174819946289,9.910773277282715,7.056930065155029,8.362871170043945,,,,,,,,,,,,,,,,,,,,,,,,,,,,,,,,,,,,,,,,
10,2034,0.5220102667808533,0.35959574580192566,0.10831477493047714,1.2942017316818237,0.24382361769676208,0.36395660042762756,0.27261635661125183,1.158804178237915,0.409553587436676,0.48722583055496216,7.52949857711792,5.1976823806762695,3.9024860858917236,12.84056568145752,6.5666937828063965,8.012704849243164,6.684453010559082,10.46165657043457,5.717899799346924,8.381345748901367,,,,,,,,,,,9.25072193145752,6.638493537902832,4.741934299468994,15.814515113830566,7.065412998199463,9.776887893676758,8.543715476989746,12.695906639099121,7.346468448638916,10.633159637451172,,,,,,,,,,,,,,,,,,,,,,,,,,,,,,,,,,,,,,,,
10,2039,0.3575022518634796,0.2692444622516632,0.3337264955043793,0.3591763377189636,0.3357425928115845,0.38650834560394287,0.14481358230113983,0.5401522517204285,0.5988536477088928,0.24930259585380554,6.1830315589904785,5.106482028961182,5.7702250480651855,5.806049823760986,6.734267234802246,8.571348190307617,4.718032360076904,6.335179805755615,6.725008964538574,5.8806891441345215,,,,,,,,,,,8.016629219055176,5.74428129196167,8.323519706726074,8.331222534179688,8.290922164916992,10.075238227844238,6.226950645446777,8.667957305908203,8.883490562438965,7.606074810028076,,,,,,,,,,,,,,,,,,,,,,,,,,,,,,,,,,,,,,,,
10,2044,0.26428651809692383,0.3033462166786194,0.11910643428564072,0.18090713024139404,0.30952686071395874,0.32031911611557007,0.24187906086444855,0.23990437388420105,0.2829422652721405,0.38064709305763245,5.88012170791626,4.870684623718262,4.3109331130981445,5.553861141204834,6.917792797088623,7.65961217880249,6.349721431732178,4.623145580291748,5.380319118499756,7.255027770996094,,,,,,,,,,,7.049355983734131,6.09721565246582,4.972551345825195,5.912657737731934,7.960655212402344,9.17206859588623,8.0476655960083,5.776673316955566,6.1062164306640625,9.39849853515625,,,,,,,,,,,,,,,,,,,,,,,,,,,,,,,,,,,,,,,,
10,2049,0.29679813981056213,0.35114675760269165,0.13352689146995544,0.3292788863182068,0.27689027786254883,0.4260561466217041,0.172876238822937,0.22465527057647705,0.23772484064102173,0.519027829170227,6.295797824859619,5.3427910804748535,4.052237033843994,6.862987518310547,6.687397003173828,9.837421417236328,5.800474643707275,4.989560127258301,4.841336250305176,8.24797248840332,,,,,,,,,,,7.430534362792969,6.560041427612305,5.264971733093262,7.976949691772461,7.529281139373779,10.578139305114746,6.803594589233398,5.590067386627197,5.597067832946777,10.974696159362793,,,,,,,,,,,,,,,,,,,,,,,,,,,,,,,,,,,,,,,,
10,2054,0.4264950454235077,0.14275559782981873,0.46457409858703613,0.35392817854881287,0.2781967520713806,0.5838746428489685,0.4002651572227478,0.7772305011749268,0.497548371553421,0.3400822877883911,7.7297797203063965,3.456909656524658,9.441697120666504,7.236498832702637,6.440527439117432,10.368355751037598,8.725419044494629,9.577980041503906,7.608867645263672,6.711759567260742,,,,,,,,,,,8.881644248962402,4.182720184326172,9.820625305175781,8.270132064819336,7.547023296356201,12.383279800415039,10.352486610412598,10.397612571716309,8.097312927246094,8.883604049682617,,,,,,,,,,,,,,,,,,,,,,,,,,,,,,,,,,,,,,,,
10,2059,0.43617600202560425,0.8818448781967163,0.44683483242988586,0.2903923988342285,0.4897734224796295,0.24814492464065552,0.7236542701721191,0.1867726445198059,0.44887009263038635,0.2092965841293335,6.731832027435303,7.5970306396484375,6.918540000915527,5.607296943664551,8.337747573852539,5.819236755371094,9.816495895385742,4.832174777984619,6.248327255249023,5.409637451171875,,,,,,,,,,,8.809104919433594,10.395812034606934,9.631305694580078,7.491132736206055,10.013761520385742,8.072880744934082,13.919907569885254,5.09700870513916,7.691014766693115,6.969125270843506,,,,,,,,,,,,,,,,,,,,,,,,,,,,,,,,,,,,,,,,
10,2064,0.8750605583190918,0.4322042763233185,1.2431178092956543,1.2528218030929565,0.8474888801574707,0.6965514421463013,0.9448026418685913,1.439041256904602,0.5655373334884644,0.45397934317588806,8.800349235534668,5.978133201599121,13.211039543151855,9.999695777893066,6.8653388023376465,9.361106872558594,10.195961952209473,10.456833839416504,5.615176677703857,7.519850730895996,,,,,,,,,,,12.727788925170898,7.277912616729736,16.06452178955078,15.559639930725098,13.17245101928711,13.525472640991211,15.905281066894531,14.148009300231934,8.632843971252441,10.263967514038086,,,,,,,,,,,,,,,,,,,,,,,,,,,,,,,,,,,,,,,,
10,2069,0.8551696538925171,0.7535814642906189,1.1924419403076172,1.0525387525558472,1.1002017259597778,1.2411905527114868,0.6875244975090027,0.6297769546508789,0.025408051908016205,1.0138630867004395,10.246806144714355,6.592430114746094,12.439732551574707,13.557390213012695,10.889775276184082,15.657317161560059,12.07937240600586,8.37455940246582,1.8113871812820435,10.819282531738281,,,,,,,,,,,12.529424667358398,9.610088348388672,15.73367977142334,14.261785507202148,15.00844955444336,18.054899215698242,13.567970275878906,9.359488487243652,1.8298224210739136,15.338641166687012,,,,,,,,,,,,,,,,,,,,,,,,,,,,,,,,,,,,,,,,
10,2074,0.3168541491031647,0.3141777515411377,0.12370500713586807,0.19298933446407318,0.11498477309942245,0.26170435547828674,0.29486480355262756,0.5147905945777893,0.15333148837089539,0.8811390995979309,5.8333306312561035,5.409886837005615,3.4120101928710938,4.806682586669922,4.029188632965088,6.152426242828369,6.631002902984619,8.074285507202148,3.6619176864624023,10.322575569152832,,,,,,,,,,,7.407138347625732,6.2051167488098145,5.067634582519531,6.106910228729248,4.851988792419434,8.290511131286621,8.885507583618164,8.462019920349121,4.495096206665039,14.299454689025879,,,,,,,,,,,,,,,,,,,,,,,,,,,,,,,,,,,,,,,,
10,2079,0.23252619802951813,0.1433844417333603,0.11028776317834854,0.28348979353904724,0.19361189007759094,0.19091665744781494,0.14415767788887024,0.1584622859954834,0.6547639966011047,0.2136612981557846,5.024601459503174,3.1866908073425293,3.4800963401794434,5.951613903045654,5.240792751312256,5.838479518890381,5.307122230529785,4.168493747711182,6.700884819030762,5.347239971160889,,,,,,,,,,,6.332612991333008,4.191923141479492,4.784927845001221,7.4015655517578125,6.296013355255127,7.081051826477051,6.212832927703857,4.694849491119385,9.28892993927002,7.041418075561523,,,,,,,,,,,,,,,,,,,,,,,,,,,,,,,,,,,,,,,,
10,2084,0.4477527439594269,0.6171672940254211,0.18529000878334045,0.17871151864528656,0.2482098788022995,0.4092872440814972,0.6390726566314697,0.3978193700313568,1.1115423440933228,0.24267446994781494,6.956125736236572,6.912434101104736,5.215932369232178,4.394015312194824,5.292840480804443,8.939236640930176,10.617546081542969,5.899921417236328,9.242382049560547,6.090825080871582,,,,,,,,,,,8.71102523803711,8.696885108947754,6.202084541320801,5.876668930053711,7.128681659698486,10.367879867553711,13.08115005493164,7.438778877258301,12.102811813354492,7.504283905029297,,,,,,,,,,,,,,,,,,,,,,,,,,,,,,,,,,,,,,,,
10,2089,0.40702858567237854,0.6472079753875732,0.37753304839134216,0.5770691633224487,0.27141833305358887,0.38302120566368103,0.30128517746925354,0.4856719970703125,0.48835161328315735,0.1316985785961151,6.80714750289917,7.632430553436279,7.972649097442627,8.746105194091797,5.888662338256836,7.091228008270264,7.459603309631348,7.356294631958008,4.653229236602783,4.464123725891113,,,,,,,,,,,8.506071090698242,8.906031608581543,8.852972984313965,10.56011962890625,7.454512596130371,10.029684066772461,8.981722831726074,8.219213485717773,8.02212905883789,5.528250694274902,,,,,,,,,,,,,,,,,,,,,,,,,,,,,,,,,,,,,,,,
10,2094,0.4540558457374573,0.3387869596481323,0.38413006067276,0.47901907563209534,0.4338928163051605,0.5320724844932556,0.1939559280872345,0.8185809254646301,0.581096887588501,0.3249673843383789,7.642993450164795,5.223004341125488,8.35057544708252,8.313528060913086,8.130141258239746,9.674717903137207,5.375352382659912,9.215228080749512,7.427944183349609,7.076449394226074,,,,,,,,,,,9.061445236206055,6.443556308746338,8.929986953735352,9.621245384216309,9.425206184387207,11.821191787719727,7.206465721130371,10.67061710357666,8.7507963180542,8.683945655822754,,,,,,,,,,,,,,,,,,,,,,,,,,,,,,,,,,,,,,,,
10,2099,0.5969893336296082,0.2782832980155945,0.6452280879020691,0.7278637290000916,0.47493258118629456,0.5342757701873779,0.33862432837486267,1.2103097438812256,0.6984840631484985,0.46490195393562317,7.908066749572754,4.875572681427002,6.079920291900635,8.765748023986816,7.390126705169678,9.947635650634766,7.174865245819092,9.563957214355469,8.47514533996582,8.899627685546875,,,,,,,,,,,10.384185791015625,5.839905261993408,11.573594093322754,11.859869956970215,9.860877990722656,11.84564208984375,9.522037506103516,12.974989891052246,9.594040870666504,10.38670825958252,,,,,,,,,,,,,,,,,,,,,,,,,,,,,,,,,,,,,,,,
10,2104,0.34698766469955444,0.30677130818367004,0.38595491647720337,0.18551406264305115,0.21619686484336853,0.47678107023239136,0.37040433287620544,0.5708373785018921,0.19925807416439056,0.41117119789123535,6.705502033233643,5.244367599487305,6.86685037612915,4.987042427062988,5.750998497009277,9.057107925415039,7.491229057312012,8.139972686767578,4.041102409362793,8.77084732055664,,,,,,,,,,,8.075039863586426,6.1315412521362305,8.951172828674316,5.987469673156738,6.653104782104492,11.19013500213623,9.958841323852539,8.91076374053955,5.124261379241943,9.768064498901367,,,,,,,,,,,,,,,,,,,,,,,,,,,,,,,,,,,,,,,,
10,2109,0.4218996465206146,0.38822585344314575,0.557811975479126,0.4629760980606079,0.5516060590744019,0.5739592909812927,0.37260401248931885,0.21816381812095642,0.2156221717596054,0.45612743496894836,7.347841262817383,5.66607141494751,9.383890151977539,7.754081726074219,8.752870559692383,9.323419570922852,8.657143592834473,3.8023579120635986,4.386004447937012,8.404728889465332,,,,,,,,,,,9.015347480773926,6.897702693939209,10.761072158813477,9.458759307861328,10.627084732055664,12.27768325805664,9.988368034362793,5.508711814880371,5.330524921417236,10.28822135925293,,,,,,,,,,,,,,,,,,,,,,,,,,,,,,,,,,,,,,,,
10,2114,0.18061256408691406,0.24933138489723206,0.08830831944942474,0.1939404457807541,0.21247857809066772,0.21164622902870178,0.24445927143096924,0.14774379134178162,0.09807854890823364,0.17952655255794525,4.678767681121826,4.562509059906006,4.021655559539795,4.511000156402588,4.840342044830322,6.571295738220215,5.739590644836426,3.761082172393799,3.279351234436035,4.822081089019775,,,,,,,,,,,5.850660800933838,5.527779579162598,4.281663417816162,6.1219401359558105,6.595643997192383,7.4555745124816895,8.090476036071777,4.53328800201416,3.5950944423675537,6.454483985900879,,,,,,,,,,,,,,,,,,,,,,,,,,,,,,,,,,,,,,,,
10,2119,0.3263229429721832,0.2964431345462799,0.3803889751434326,0.10548838973045349,0.354074627161026,0.3848322927951813,0.5901552438735962,0.2058390974998474,0.2320692241191864,0.3876156806945801,6.805452346801758,4.771976947784424,8.186125755310059,4.310819625854492,7.044977188110352,8.614984512329102,11.639586448669434,4.573242664337158,5.160691261291504,6.946664333343506,,,,,,,,,,,7.881341934204102,6.027441024780273,8.886395454406738,4.5149946212768555,8.514262199401855,10.05336856842041,12.570540428161621,5.35084867477417,5.530088424682617,9.484137535095215,,,,,,,,,,,,,,,,,,,,,,,,,,,,,,,,,,,,,,,,
10,2124,0.5431227087974548,0.593477189540863,0.34152165055274963,0.4323607385158539,1.1936911344528198,0.6760738492012024,0.3145781457424164,0.4712768793106079,0.4958914816379547,0.369233638048172,7.802915096282959,7.1561737060546875,7.269432067871094,6.494510173797607,10.66480541229248,9.88121223449707,7.785122394561768,7.032869815826416,6.675612449645996,7.2664995193481445,,,,,,,,,,,9.962447166442871,8.528335571289062,8.420167922973633,9.140669822692871,15.633118629455566,13.325174331665039,9.177725791931152,8.096488952636719,8.083820343017578,9.256523132324219,,,,,,,,,,,,,,,,,,,,,,,,,,,,,,,,,,,,,,,,
10,2129,0.767473042011261,0.9695730209350586,0.5860540866851807,0.7652958631515503,1.0084850788116455,0.5916165709495544,0.8492550849914551,0.8856069445610046,0.39924919605255127,0.8521210551261902,9.67746639251709,7.785031795501709,9.535847663879395,10.777595520019531,10.752355575561523,9.876907348632812,11.060107231140137,9.990649223327637,5.928831100463867,11.389876365661621,,,,,,,,,,,12.046680450439453,10.900653839111328,11.030125617980957,12.16100788116455,14.369258880615234,12.465107917785645,15.079601287841797,11.098881721496582,7.253461837768555,14.062024116516113,,,,,,,,,,,,,,,,,,,,,,,,,,,,,,,,,,,,,,,,
10,2133,,,,,,,,,,,6.714258670806885,5.441702842712402,6.671553134918213,6.3541579246521,6.902098178863525,8.396706581115723,7.343136310577393,5.992643356323242,5.947228908538818,7.37910270690918,0.5601899027824402,0.5588040351867676,0.6194444894790649,0.6362029314041138,0.5653520822525024,0.4731648564338684,0.5596590042114258,0.5546212792396545,0.5339227914810181,0.5405375361442566,8.836746215820312,7.164307594299316,8.752730369567871,8.35127067565918,9.250473022460938,11.077007293701172,9.784927368164062,7.776000499725342,7.740920066833496,9.633073806762695,0.5712124705314636,0.5835936665534973,0.6101108193397522,0.4533778727054596,0.6379813551902771,0.7149884104728699,0.5423600673675537,0.44015568494796753,0.5734433531761169,0.5849006175994873,7.807342529296875,6.315186977386475,8.004889488220215,6.439636707305908,8.824831008911133,10.023046493530273,8.841313362121582,5.81719970703125,7.053750991821289,8.946229934692383,0.3676588833332062,0.38982856273651123,0.4913870096206665,0.5329841375350952,0.22392165660858154,0.3448670506477356,0.4527509808540344,0.2720194458961487,0.17210882902145386,0.4290621876716614,10.660327911376953,8.643511772155762,10.933998107910156,10.152416229248047,11.91922378540039,13.916180610656738,11.826255798339844,7.954447269439697,9.252573013305664,11.344342231750488
11,2134,0.30247509479522705,0.3238658010959625,0.20798653364181519,0.26291948556900024,0.23177477717399597,0.2436375617980957,0.19011133909225464,0.38040387630462646,0.4161023497581482,0.46547380089759827,6.230079650878906,4.869502067565918,5.343940258026123,6.534861087799072,5.870578765869141,6.042672157287598,5.22451114654541,7.030467510223389,6.38638162612915,8.767802238464355,,,,,,,,,,,7.454860210418701,6.30006217956543,6.570966720581055,7.127976894378662,6.888627529144287,7.999226093292236,7.134685039520264,7.274132251739502,7.404971122741699,10.393094062805176,,,,,,,,,,,,,,,,,,,,,,,,,,,,,,,,,,,,,,,,
11,2139,0.5379069447517395,0.5714114308357239,0.4657183587551117,0.7823536396026611,0.27763664722442627,0.7487266659736633,0.2907204329967499,0.23204049468040466,1.2821732759475708,0.19038204848766327,7.811578750610352,7.143815517425537,7.210676670074463,10.32614517211914,5.834129810333252,10.295134544372559,7.208715915679932,5.219886779785156,11.570213317871094,5.495489597320557,,,,,,,,,,,9.57872486114502,8.368289947509766,9.83271312713623,12.29578971862793,7.539421558380127,14.0228910446167,8.822842597961426,5.681206703186035,12.998602867126465,6.646763324737549,,,,,,,,,,,,,,,,,,,,,,,,,,,,,,,,,,,,,,,,
11,2144,0.3447073996067047,0.5805601477622986,0.37404775619506836,0.06189912557601929,0.2488977164030075,0.4387451112270355,0.38609829545021057,0.07078529894351959,0.7006980180740356,0.2406352013349533,6.282445430755615,7.383957862854004,7.003974914550781,2.72723126411438,6.198550701141357,9.096502304077148,8.352299690246582,2.803421974182129,7.422349452972412,5.5537214279174805,,,,,,,,,,,7.662894248962402,8.435016632080078,8.81201457977295,3.4585745334625244,7.138551712036133,10.734504699707031,10.16762924194336,3.137835741043091,9.609232902526855,7.472686767578125,,,,,,,,,,,,,,,,,,,,,,,,,,,,,,,,,,,,,,,,
11,2149,0.22987858951091766,0.052266642451286316,0.10637231171131134,0.07083900272846222,0.7147684097290039,0.31713977456092834,0.2800489664077759,0.03407951444387436,0.20346209406852722,0.28993046283721924,4.628093242645264,1.6984940767288208,3.426701545715332,3.4331653118133545,9.071511268615723,5.566129207611084,6.405574321746826,1.9546653032302856,3.7128379344940186,6.383760452270508,,,,,,,,,,,6.263413906097412,2.530897617340088,4.699222087860107,3.6999094486236572,12.097127914428711,9.126436233520508,8.659399032592773,2.1772356033325195,5.178035736083984,8.202459335327148,,,,,,,,,,,,,,,,,,,,,,,,,,,,,,,,,,,,,,,,
11,2154,0.4134790599346161,0.5272907018661499,0.8944073915481567,0.44329261779785156,0.4787834584712982,0.4106411635875702,0.31328028440475464,0.19247227907180786,0.17895273864269257,0.2821909785270691,6.96987771987915,6.4378838539123535,11.0751314163208,7.0873565673828125,7.1626105308532715,9.025040626525879,7.617265701293945,4.44411563873291,3.4739081859588623,6.405581951141357,,,,,,,,,,,8.72085952758789,8.038727760314941,13.626343727111816,9.255505561828613,9.900775909423828,10.385015487670898,9.158774375915527,5.174194812774658,4.856153964996338,8.092240333557129,,,,,,,,,,,,,,,,,,,,,,,,,,,,,,,,,,,,,,,,
11,2159,0.3322400152683258,0.3047320246696472,0.126027911901474,0.5402289032936096,0.4480210840702057,0.46208256483078003,0.3251054286956787,0.40958699584007263,0.17960399389266968,0.19477126002311707,6.4669952392578125,5.082706928253174,4.485839366912842,9.209633827209473,7.120240211486816,8.921087265014648,8.234135627746582,5.738672733306885,4.474588394165039,4.9360527992248535,,,,,,,,,,,7.83369779586792,6.1111273765563965,5.114992618560791,10.217479705810547,9.57742691040039,11.01629638671875,9.330026626586914,7.547998905181885,4.864982604980469,6.722945690155029,,,,,,,,,,,,,,,,,,,,,,,,,,,,,,,,,,,,,,,,
11,2164,0.6107785105705261,0.49259915947914124,0.628417432308197,0.8753412365913391,0.5910883545875549,0.732205867767334,0.26701539754867554,0.7166551947593689,0.7230786681175232,0.47060492634773254,8.617603302001953,6.352409362792969,7.254559516906738,10.730009078979492,7.911929130554199,11.329049110412598,7.0687408447265625,8.853214263916016,9.179171562194824,8.879337310791016,,,,,,,,,,,10.63524341583252,7.769786834716797,11.421833038330078,13.005995750427246,11.000839233398438,13.867318153381348,8.455492973327637,9.984212875366211,9.761488914489746,10.450221061706543,,,,,,,,,,,,,,,,,,,,,,,,,,,,,,,,,,,,,,,,
11,2169,0.6304187774658203,0.7713220119476318,0.6323182582855225,0.48433902859687805,1.2602955102920532,0.7181720733642578,0.8468837141990662,0.29779744148254395,0.36551493406295776,0.2971257269382477,8.995773315429688,8.198881149291992,9.843704223632812,8.420944213867188,12.838109970092773,10.900814056396484,12.018057823181152,6.168990135192871,6.185227870941162,6.387227535247803,,,,,,,,,,,10.821097373962402,9.722548484802246,11.457226753234863,9.67452335357666,16.063339233398438,13.733780860900879,15.058533668518066,6.436047554016113,6.940261363983154,8.303617477416992,,,,,,,,,,,,,,,,,,,,,,,,,,,,,,,,,,,,,,,,
11,2174,0.21511374413967133,0.39584290981292725,0.14605362713336945,0.054907605051994324,0.1775592416524887,0.2561482787132263,0.25981777906417847,0.036519747227430344,0.23530469834804535,0.37386977672576904,4.9091691970825195,4.939297676086426,5.121975421905518,3.247605562210083,4.773893356323242,6.2542548179626465,5.583240509033203,2.23844838142395,4.787632942199707,7.236173629760742,,,,,,,,,,,6.159754276275635,6.965041637420654,5.5064005851745605,3.2574009895324707,6.029360771179199,8.202033996582031,8.340752601623535,2.2538368701934814,5.568504810333252,9.314453125,,,,,,,,,,,,,,,,,,,,,,,,,,,,,,,,,,,,,,,,
11,2179,0.35274067521095276,0.6180486679077148,0.12339979410171509,0.7822108864784241,0.22576475143432617,0.3157394230365753,0.5355149507522583,0.19498322904109955,0.22506149113178253,0.1539427936077118,5.76131010055542,5.434813976287842,3.8249447345733643,8.218375205993652,5.551078796386719,6.745537281036377,8.83824634552002,4.15740442276001,4.030891418457031,5.050500869750977,,,,,,,,,,,7.841034889221191,8.703092575073242,5.061379432678223,12.294668197631836,6.798728942871094,9.1062650680542,11.974477767944336,5.207836151123047,5.445952892303467,5.976912498474121,,,,,,,,,,,,,,,,,,,,,,,,,,,,,,,,,,,,,,,,
11,2184,0.29481735825538635,0.2503470778465271,0.1595589965581894,0.0069640325382351875,0.5131093263626099,0.5188037157058716,0.38231539726257324,0.24958032369613647,0.20881418883800507,0.36386287212371826,5.748563289642334,4.891562461853027,3.9519195556640625,1.0849937200546265,7.750179290771484,9.599564552307129,8.243481636047363,4.870001792907715,4.740054607391357,6.6053080558776855,,,,,,,,,,,7.202358722686768,5.539027690887451,5.755357265472412,1.160072684288025,10.249545097351074,11.672863006591797,10.117697715759277,5.8920159339904785,5.245697021484375,9.18895435333252,,,,,,,,,,,,,,,,,,,,,,,,,,,,,,,,,,,,,,,,
11,2189,0.41599076986312866,0.24837042391300201,0.3305446207523346,0.8327351808547974,0.16237175464630127,0.3515915274620056,0.19631585478782654,0.6058682203292847,0.42149704694747925,0.5946223735809326,6.915513038635254,4.427002906799316,7.144439220428467,10.229289054870605,4.507916450500488,7.275521278381348,5.467150688171387,7.843928337097168,6.308736801147461,9.035629272460938,,,,,,,,,,,8.610150337219238,5.517117500305176,8.283744812011719,12.685522079467773,5.765737533569336,9.609373092651367,7.250174522399902,9.180109024047852,7.452818870544434,11.746752738952637,,,,,,,,,,,,,,,,,,,,,,,,,,,,,,,,,,,,,,,,
11,2194,0.39475271105766296,0.4286648631095886,0.08191150426864624,0.21105889976024628,1.0189226865768433,0.31246238946914673,0.3894232511520386,0.15890735387802124,0.6521915793418884,0.29923200607299805,6.458580017089844,6.000448226928711,3.4777050018310547,4.935558795928955,10.301138877868652,6.996865272521973,8.8186674118042,3.8837482929229736,7.600769519805908,6.112321853637695,,,,,,,,,,,8.197429656982422,7.248051166534424,4.1236724853515625,6.386408805847168,14.443426132202148,9.058883666992188,10.21131706237793,4.701437950134277,9.27066421508789,8.33299732208252,,,,,,,,,,,,,,,,,,,,,,,,,,,,,,,,,,,,,,,,
11,2199,0.25314411520957947,0.401643842458725,0.24202343821525574,0.18480011820793152,0.33852651715278625,0.21977275609970093,0.2400132417678833,0.15718397498130798,0.21022388339042664,0.2841092646121979,5.5501837730407715,4.964661598205566,6.450760364532471,4.514517307281494,6.6485595703125,6.178186416625977,6.4198455810546875,4.027298450469971,4.043656826019287,6.704166889190674,,,,,,,,,,,6.89757776260376,7.015890121459961,7.0882720947265625,5.975937366485596,8.325225830078125,7.5973615646362305,8.01656723022461,4.675874710083008,5.2633748054504395,8.119698524475098,,,,,,,,,,,,,,,,,,,,,,,,,,,,,,,,,,,,,,,,
11,2204,0.24431943893432617,0.2245311439037323,0.28145653009414673,0.22347693145275116,0.49460601806640625,0.22119519114494324,0.2868024408817291,0.07268105447292328,0.24639356136322021,0.14773201942443848,5.497107028961182,4.371669769287109,7.186368942260742,5.08138370513916,8.208029747009277,6.49422550201416,7.05866813659668,2.219740152359009,4.4109416007995605,4.44293212890625,,,,,,,,,,,6.738025188446045,5.245665073394775,7.643940448760986,6.571601867675781,10.063043594360352,7.621907711029053,8.763189315795898,3.179576873779297,5.6982035636901855,5.855103015899658,,,,,,,,,,,,,,,,,,,,,,,,,,,,,,,,,,,,,,,,
11,2209,0.3859735131263733,0.5494346618652344,0.35407525300979614,0.4052000939846039,0.4948357939720154,0.3341482877731323,0.27673429250717163,0.050037018954753876,0.8247414827346802,0.18455439805984497,6.742509841918945,6.273849010467529,7.247377872467041,8.597593307495117,7.972238540649414,7.908504962921143,7.374995231628418,2.3936147689819336,7.589160919189453,5.325251579284668,,,,,,,,,,,8.141904830932617,8.205788612365723,8.573525428771973,8.848907470703125,10.065381050109863,9.367969512939453,8.608000755310059,2.6381800174713135,10.42514705657959,6.544242858886719,,,,,,,,,,,,,,,,,,,,,,,,,,,,,,,,,,,,,,,,
11,2214,0.3998088836669922,0.28840768337249756,0.49353259801864624,0.5710672736167908,0.22075814008712769,0.22638818621635437,0.7602636814117432,0.12719422578811646,0.46563392877578735,0.445034384727478,7.139670372009277,4.887532711029053,7.936318874359131,10.200136184692383,5.71635103225708,6.462118148803711,10.243791580200195,3.7857892513275146,6.587394714355469,8.437603950500488,,,,,,,,,,,8.608406066894531,5.945189476013184,10.122075080871582,10.505059242248535,6.722921371459961,7.7108588218688965,14.26766586303711,4.206223964691162,7.833315372467041,10.162346839904785,,,,,,,,,,,,,,,,,,,,,,,,,,,,,,,,,,,,,,,,
11,2219,0.32619476318359375,0.1060686856508255,0.3400607407093048,0.27334582805633545,0.2975772023200989,0.5146281719207764,0.6166824102401733,0.1869029700756073,0.18128104507923126,0.41920581459999084,6.192831516265869,2.550506591796875,6.964906215667725,6.125469207763672,5.471484661102295,9.714557647705078,9.079782485961914,3.99700927734375,4.1819257736206055,7.649837970733643,,,,,,,,,,,7.93402099609375,3.6054201126098633,8.402139663696289,7.2679362297058105,7.805477619171143,11.625794410705566,12.849953651428223,5.098785877227783,4.887642860412598,9.863040924072266,,,,,,,,,,,,,,,,,,,,,,,,,,,,,,,,,,,,,,,,
11,2224,0.3916814625263214,0.257854700088501,0.31823569536209106,0.4379400312900543,0.2730378210544586,0.35622087121009827,0.30649569630622864,0.14061781764030457,0.8695136904716492,0.5652167797088623,6.813555717468262,4.1737213134765625,6.6123552322387695,7.570483207702637,6.042356967926025,7.548299312591553,7.737532138824463,3.61885929107666,8.622665405273438,9.395730018615723,,,,,,,,,,,8.41519832611084,5.621469020843506,8.128045082092285,9.199457168579102,7.476718902587891,9.672429084777832,9.059056282043457,4.42261266708374,10.704380989074707,11.452616691589355,,,,,,,,,,,,,,,,,,,,,,,,,,,,,,,,,,,,,,,,
11,2229,0.47219276428222656,0.5872871279716492,0.8059841394424438,0.26962634921073914,0.36085811257362366,0.38198405504226685,0.472797691822052,0.23392349481582642,0.3505529463291168,0.7867211103439331,7.62441873550415,6.132707118988037,10.260313987731934,5.981475830078125,7.059433937072754,8.494811058044434,9.742634773254395,3.980679512023926,6.287967681884766,10.679740905761719,,,,,,,,,,,9.390317916870117,8.483743667602539,12.935253143310547,7.218318462371826,8.59543514251709,10.016096115112305,11.251449584960938,5.704211711883545,6.796731472015381,13.511625289916992,,,,,,,,,,,,,,,,,,,,,,,,,,,,,,,,,,,,,,,,
11,2234,0.3346136510372162,0.23697520792484283,0.5515426993370056,0.3504692018032074,0.2833671271800995,0.46801963448524475,0.19862931966781616,0.16493916511535645,0.2505415678024292,0.5070388317108154,6.15250825881958,4.401386737823486,7.743766784667969,6.021137714385986,6.7796630859375,7.846472263336182,6.424241065979004,3.743311882019043,4.518792629241943,7.893801689147949,,,,,,,,,,,7.966507911682129,5.389068603515625,10.700429916381836,8.229620933532715,7.6168317794799805,11.08684253692627,7.292769432067871,4.789835453033447,5.745967388153076,10.847203254699707,,,,,,,,,,,,,,,,,,,,,,,,,,,,,,,,,,,,,,,,
11,2239,0.47842326760292053,0.3476604223251343,0.45691031217575073,1.1909277439117432,0.3671833872795105,0.5466986894607544,0.43136730790138245,0.2565695345401764,0.31224051117897034,0.3962516486644745,7.251348972320557,5.515688419342041,6.656901836395264,11.70661449432373,6.391413688659668,9.71777629852295,8.225906372070312,4.046011447906494,5.6158552169799805,7.3859686851501465,,,,,,,,,,,9.423890113830566,6.527394771575928,9.739286422729492,15.170417785644531,8.670439720153809,11.98256778717041,10.747177124023438,5.973945617675781,6.41457462310791,9.589207649230957,,,,,,,,,,,,,,,,,,,,,,,,,,,,,,,,,,,,,,,,
11,2244,0.8663375377655029,0.3185740113258362,0.747890293598175,2.4094552993774414,0.654558002948761,0.4468051493167877,0.6663128137588501,0.5339452624320984,0.6988229751586914,1.3206738233566284,9.755045890808105,4.8561859130859375,9.848661422729492,18.317821502685547,8.775445938110352,8.057562828063965,9.771672248840332,5.858953952789307,8.813632011413574,13.495474815368652,,,,,,,,,,,12.419299125671387,6.248380184173584,12.46036148071289,21.578155517578125,11.57640552520752,10.832655906677246,13.35702896118164,8.618011474609375,9.596367835998535,17.506324768066406,,,,,,,,,,,,,,,,,,,,,,,,,,,,,,,,,,,,,,,,
11,2249,0.21248799562454224,0.28480616211891174,0.14186017215251923,0.18390055000782013,0.30838543176651,0.413176566362381,0.20291288197040558,0.13414369523525238,0.09433989971876144,0.14886653423309326,5.065439701080322,4.206379413604736,4.63830041885376,5.072257041931152,6.471631050109863,7.3031792640686035,5.843611717224121,4.015501499176025,3.2381865978240967,4.799911975860596,,,,,,,,,,,6.305903434753418,5.907951831817627,5.42677640914917,5.961373805999756,7.9459638595581055,10.417024612426758,7.370986461639404,4.319603443145752,3.5259082317352295,5.877542495727539,,,,,,,,,,,,,,,,,,,,,,,,,,,,,,,,,,,,,,,,
11,2254,0.5055182576179504,0.5967464447021484,0.11464075744152069,0.34349268674850464,0.7700846791267395,0.4728703796863556,1.0096684694290161,0.23161444067955017,0.33060747385025024,0.6799395084381104,7.188783645629883,6.69879674911499,4.703737735748291,7.267454624176025,9.527437210083008,8.202885627746582,11.661802291870117,4.6607794761657715,5.172396183013916,6.803755283355713,,,,,,,,,,,9.617573738098145,8.551793098449707,4.878442764282227,8.147298812866211,12.556507110595703,11.144147872924805,16.442209243774414,5.67598819732666,6.600542068481445,12.561236381530762,,,,,,,,,,,,,,,,,,,,,,,,,,,,,,,,,,,,,,,,
11,2259,0.40168219804763794,0.6476621031761169,0.44329652190208435,0.5218955874443054,0.13676084578037262,0.5624408721923828,0.48650944232940674,0.22904327511787415,0.10980209708213806,0.47772905230522156,6.851861476898193,7.5416693687438965,7.498695373535156,6.617112636566162,4.565687656402588,9.701725006103516,8.239738464355469,5.262416839599609,3.6221323013305664,8.617572784423828,,,,,,,,,,,8.597888946533203,8.909154891967773,9.593096733093262,10.042612075805664,5.291521072387695,12.153861999511719,11.413436889648438,5.64439582824707,3.8038954734802246,10.529022216796875,,,,,,,,,,,,,,,,,,,,,,,,,,,,,,,,,,,,,,,,
11,2264,0.33271148800849915,0.19295187294483185,0.22804413735866547,0.4407341480255127,0.589530348777771,0.43529433012008667,0.2998797297477722,0.2730536460876465,0.30963173508644104,0.22528336942195892,6.546091079711914,3.761942148208618,5.26205587387085,7.782797813415527,9.508535385131836,8.448210716247559,7.318346977233887,5.588214874267578,5.449030876159668,5.795680046081543,,,,,,,,,,,7.932483196258545,4.862803936004639,6.880517959594727,9.228757858276367,10.986332893371582,10.692207336425781,8.960749626159668,6.162866115570068,6.387721538543701,7.230390548706055,,,,,,,,,,,,,,,,,,,,,,,,,,,,,,,,,,,,,,,,
11,2269,0.3009609282016754,0.47171124815940857,0.21982872486114502,0.2003973424434662,0.28804314136505127,0.31183940172195435,0.14250066876411438,0.46296635270118713,0.31881338357925415,0.2925482392311096,6.30761194229126,6.564369201660156,6.181441783905029,4.841930866241455,6.014925479888916,7.93430233001709,5.508813381195068,7.516659259796143,5.299607276916504,6.906459331512451,,,,,,,,,,,7.359327793121338,7.603269577026367,6.755443572998047,6.223015308380127,7.679420471191406,9.049849510192871,6.177023410797119,8.024785995483398,6.481739044189453,8.23940658569336,,,,,,,,,,,,,,,,,,,,,,,,,,,,,,,,,,,,,,,,
11,2274,0.3462637960910797,0.952752411365509,0.06266322731971741,0.07748017460107803,0.134073406457901,0.7367032170295715,0.2675440311431885,0.1751950979232788,0.31435835361480713,0.3956044614315033,5.7438740730285645,7.435192584991455,2.7681665420532227,3.3993358612060547,4.747634410858154,9.647438049316406,6.290812015533447,4.618757724761963,5.156105041503906,7.631424427032471,,,,,,,,,,,7.427672386169434,10.805684089660645,3.6067662239074707,3.8694584369659424,5.239272117614746,13.909841537475586,8.463859558105469,4.936506271362305,6.43629264831543,9.581374168395996,,,,,,,,,,,,,,,,,,,,,,,,,,,,,,,,,,,,,,,,
11,2279,0.5438503623008728,0.6261126399040222,0.5388258695602417,0.3850092887878418,0.6623343229293823,0.3764292597770691,0.19014862179756165,0.7325875759124756,1.0932996273040771,0.28990602493286133,7.393285274505615,6.93953275680542,8.728217124938965,6.847616195678711,7.454665184020996,7.71813440322876,5.224847793579102,8.644211769104004,8.262056350708008,6.72028112411499,,,,,,,,,,,9.66497802734375,8.759684562683105,10.576351165771484,8.62562370300293,11.644967079162598,9.943002700805664,7.135384559631348,10.094586372375488,12.003084182739258,8.202115058898926,,,,,,,,,,,,,,,,,,,,,,,,,,,,,,,,,,,,,,,,
11,2284,0.30308106541633606,0.7071437835693359,0.19567137956619263,0.1947680413722992,0.40623268485069275,0.3486476540565491,0.15385502576828003,0.05323415994644165,0.36187976598739624,0.30629706382751465,5.729660987854004,7.455267429351807,4.769992828369141,4.8243184089660645,6.275712490081787,7.361575126647949,5.691197872161865,2.258511781692505,6.014027118682861,6.916345596313477,,,,,,,,,,,7.2202935218811035,9.309281349182129,6.373460292816162,6.134988307952881,9.119836807250977,9.569059371948242,6.418397426605225,2.721158742904663,6.90566349029541,8.430797576904297,,,,,,,,,,,,,,,,,,,,,,,,,,,,,,,,,,,,,,,,
11,2289,0.3625260889530182,0.552354097366333,0.28808650374412537,0.400094211101532,0.491239070892334,0.5733219385147095,0.40955033898353577,0.0852808952331543,0.1315142810344696,0.3312932252883911,6.438935279846191,6.003663539886475,6.505215644836426,7.727615833282471,7.997593402862549,8.587360382080078,7.113211631774902,2.6748733520507812,3.694950580596924,7.645933628082275,,,,,,,,,,,8.211191177368164,8.227559089660645,7.733447074890137,8.792978286743164,10.028735160827637,12.270864486694336,10.471874237060547,3.4441702365875244,4.163031578063965,8.768059730529785,,,,,,,,,,,,,,,,,,,,,,,,,,,,,,,,,,,,,,,,
11,2294,0.3940812647342682,0.7373401522636414,0.28004783391952515,0.2232467532157898,0.387407511472702,0.28547465801239014,0.22044163942337036,0.5814459919929504,0.5849604606628418,0.2463664710521698,6.09364652633667,6.019516944885254,5.632345676422119,5.183103084564209,6.540634632110596,6.226670742034912,5.5744524002075195,7.560619831085205,5.682287216186523,6.423188209533691,,,,,,,,,,,8.253418922424316,9.505965232849121,7.624788284301758,6.568216323852539,8.90601921081543,8.658838272094727,7.682765960693359,8.993182182312012,8.779838562011719,7.561152458190918,,,,,,,,,,,,,,,,,,,,,,,,,,,,,,,,,,,,,,,,
11,2299,0.291925847530365,0.19711339473724365,0.5030940771102905,0.1707935333251953,0.21359217166900635,0.35952454805374146,0.17203746736049652,0.4973861277103424,0.2655668258666992,0.24822461605072021,5.827664852142334,4.101144790649414,7.678925514221191,4.788579940795898,5.321171283721924,7.276142597198486,4.442073345184326,7.0988945960998535,5.011859893798828,6.730189800262451,,,,,,,,,,,7.313320636749268,4.914964199066162,10.219655990600586,5.745007514953613,6.612905502319336,9.717177391052246,6.787069797515869,8.317744255065918,5.915755271911621,7.5896124839782715,,,,,,,,,,,,,,,,,,,,,,,,,,,,,,,,,,,,,,,,
11,2304,0.3089403510093689,0.21473044157028198,0.40803849697113037,0.1819605976343155,0.3965146243572235,0.2998959720134735,0.27366209030151367,0.3165384829044342,0.205095112323761,0.4840275049209595,6.170623779296875,4.491699695587158,7.105169773101807,4.727402210235596,6.266938209533691,7.54659366607666,7.1189165115356445,5.576889991760254,4.160552978515625,8.541450500488281,,,,,,,,,,,7.682325839996338,5.129901885986328,9.203695297241211,5.9298481941223145,9.010092735290527,8.874853134155273,8.560086250305176,6.635474681854248,5.1987738609313965,10.5982027053833,,,,,,,,,,,,,,,,,,,,,,,,,,,,,,,,,,,,,,,,
11,2309,0.5320680737495422,0.8748311400413513,0.40210890769958496,0.1380128711462021,0.3845183849334717,0.8190140128135681,0.4695837199687958,1.0191504955291748,0.18595843017101288,0.49543485045433044,7.999056339263916,7.418520927429199,8.357134819030762,5.030745983123779,8.355278968811035,9.098555564880371,8.317588806152344,11.472989082336426,4.94746208190918,8.993230819702148,,,,,,,,,,,9.665167808532715,10.354387283325195,9.136575698852539,5.164338111877441,8.872749328613281,14.666333198547363,11.213141441345215,11.906327247619629,4.950296401977539,10.722362518310547,,,,,,,,,,,,,,,,,,,,,,,,,,,,,,,,,,,,,,,,
11,2314,0.576927661895752,0.27182215452194214,0.23569536209106445,0.4149108827114105,0.22175751626491547,0.7287387847900391,0.3062480390071869,1.617228388786316,0.9574320316314697,0.4385157823562622,7.676347732543945,4.9129252433776855,6.269779205322266,6.107027530670166,6.228243350982666,10.697993278503418,6.927046775817871,10.730466842651367,9.192436218261719,8.021206855773926,,,,,,,,,,,9.740836143493652,5.771712303161621,6.994991302490234,8.954313278198242,6.738121509552002,13.834446907043457,9.05539608001709,14.998381614685059,11.232522010803223,10.087645530700684,,,,,,,,,,,,,,,,,,,,,,,,,,,,,,,,,,,,,,,,
11,2319,0.5766869783401489,0.652154266834259,0.3263140022754669,0.47127243876457214,0.8147111535072327,1.2540639638900757,0.3518664240837097,0.6626927256584167,0.221644327044487,0.4354636073112488,8.146484375,6.872067451477051,6.15291166305542,8.461780548095703,9.542647361755371,14.29040241241455,7.522375106811523,8.633459091186523,4.556739807128906,7.285979270935059,,,,,,,,,,,10.282391548156738,8.939998626708984,8.230562210083008,9.543131828308105,12.915210723876953,18.14828872680664,9.70643424987793,9.600963592529297,5.4044508934021,10.052477836608887,,,,,,,,,,,,,,,,,,,,,,,,,,,,,,,,,,,,,,,,
11,2324,0.34552833437919617,0.14925269782543182,0.6377180814743042,0.38646891713142395,0.2371615618467331,0.25395089387893677,0.2660243511199951,0.47018444538116455,0.3273162245750427,0.3816779553890228,6.972407341003418,3.8420639038085938,10.745361328125,7.967653751373291,6.305692195892334,7.236889362335205,5.703988075256348,7.293088436126709,5.943230628967285,7.713697910308838,,,,,,,,,,,8.007283210754395,4.276844024658203,11.50604248046875,8.64195728302002,6.96821928024292,8.166777610778809,8.439786911010742,8.087100982666016,6.567605972290039,9.411215782165527,,,,,,,,,,,,,,,,,,,,,,,,,,,,,,,,,,,,,,,,
11,2327,,,,,,,,,,,6.640236854553223,5.389398097991943,6.627373218536377,6.298219203948975,6.82790994644165,8.302486419677734,7.207464694976807,5.886425495147705,5.764683723449707,7.4581732749938965,0.5687887072563171,0.5705453157424927,0.6255596876144409,0.6403290033340454,0.5729960203170776,0.47924166917800903,0.5711382627487183,0.5696226358413696,0.5560183525085449,0.5336472988128662,8.755183219909668,7.068334102630615,8.682122230529785,8.303775787353516,9.168769836425781,11.012937545776367,9.656543731689453,7.643922328948975,7.555203437805176,9.705038070678711,0.505228579044342,0.5675382614135742,0.5063006281852722,0.3167196214199066,0.6189202666282654,0.6154751181602478,0.4632182717323303,0.44271260499954224,0.5093923807144165,0.5067803263664246,7.305065631866455,6.040923118591309,7.19943380355835,5.846812725067139,8.615860939025879,9.403964042663574,8.32346248626709,5.712887287139893,6.513219356536865,8.089019775390625,0.44132688641548157,0.40515226125717163,0.5889794826507568,0.6961764097213745,0.25191259384155273,0.4400235414505005,0.5190305709838867,0.3023937940597534,0.2653934359550476,0.5028797388076782,9.921710968017578,8.534285545349121,9.829174041748047,8.188688278198242,11.702303886413574,12.865901947021484,11.086986541748047,7.786733150482178,8.715721130371094,10.585603713989258
