epoch,step,train/loss,train/loss_BEE:LU,train/loss_CRO:LU,train/loss_EWB:LU,train/loss_HCH:LU,train/loss_HZL:LU,train/loss_LAR:NE,train/loss_LLL:LU,train/loss_SLL:LU,train/loss_SPR:NE,train/mae,train/mae_BEE:LU,train/mae_CRO:LU,train/mae_EWB:LU,train/mae_HCH:LU,train/mae_HZL:LU,train/mae_LAR:NE,train/mae_LLL:LU,train/mae_SLL:LU,train/mae_SPR:NE,train/r2,train/r2_BEE:LU,train/r2_CRO:LU,train/r2_EWB:LU,train/r2_HCH:LU,train/r2_HZL:LU,train/r2_LAR:NE,train/r2_LLL:LU,train/r2_SLL:LU,train/r2_SPR:NE,train/rmse,train/rmse_BEE:LU,train/rmse_CRO:LU,train/rmse_EWB:LU,train/rmse_HCH:LU,train/rmse_HZL:LU,train/rmse_LAR:NE,train/rmse_LLL:LU,train/rmse_SLL:LU,train/rmse_SPR:NE,val/loss,val/loss_BEE:LU,val/loss_CRO:LU,val/loss_EWB:LU,val/loss_HCH:LU,val/loss_HZL:LU,val/loss_LAR:NE,val/loss_LLL:LU,val/loss_SLL:LU,val/loss_SPR:NE,val/mae,val/mae_BEE:LU,val/mae_CRO:LU,val/mae_EWB:LU,val/mae_HCH:LU,val/mae_HZL:LU,val/mae_LAR:NE,val/mae_LLL:LU,val/mae_SLL:LU,val/mae_SPR:NE,val/r2,val/r2_BEE:LU,val/r2_CRO:LU,val/r2_EWB:LU,val/r2_HCH:LU,val/r2_HZL:LU,val/r2_LAR:NE,val/r2_LLL:LU,val/r2_SLL:LU,val/r2_SPR:NE,val/rmse,val/rmse_BEE:LU,val/rmse_CRO:LU,val/rmse_EWB:LU,val/rmse_HCH:LU,val/rmse_HZL:LU,val/rmse_LAR:NE,val/rmse_LLL:LU,val/rmse_SLL:LU,val/rmse_SPR:NE
0,4,1.052148461341858,0.48496270179748535,0.4781503677368164,0.35258418321609497,0.5923161506652832,0.9019277691841125,0.49027594923973083,1.699239730834961,3.0181307792663574,1.451748251914978,10.845014572143555,6.403489589691162,7.3408050537109375,7.142860412597656,8.849883079528809,12.272475242614746,9.190572738647461,13.313570022583008,15.885887145996094,17.205585479736328,,,,,,,,,,,13.05100154876709,7.70932674407959,9.96308708190918,8.254415512084961,11.012259483337402,15.39081859588623,11.457531929016113,15.373970985412598,19.943084716796875,18.35451316833496,,,,,,,,,,,,,,,,,,,,,,,,,,,,,,,,,,,,,,,,
0,9,0.7623714804649353,0.7463909387588501,0.20515501499176025,1.1903800964355469,1.0096638202667236,0.6060729026794434,0.6351490020751953,1.7765510082244873,0.4656852185726166,0.2262953221797943,9.094950675964355,7.318838119506836,5.640311241149902,12.699894905090332,11.432578086853027,10.760092735290527,9.60029411315918,12.367393493652344,6.205943584442139,5.829206943511963,,,,,,,,,,,11.343599319458008,9.564129829406738,6.5260844230651855,15.16693115234375,14.377654075622559,12.616482734680176,13.040932655334473,15.719820022583008,7.833746910095215,7.246612071990967,,,,,,,,,,,,,,,,,,,,,,,,,,,,,,,,,,,,,,,,
0,14,0.36258643865585327,0.18307720124721527,0.2134195864200592,0.15834030508995056,0.48133763670921326,0.2743723690509796,0.4483414590358734,0.3427748680114746,0.6592521071434021,0.5023624897003174,6.701214790344238,4.147430419921875,5.735201358795166,4.378094673156738,7.162425994873047,7.509894847869873,8.46860408782959,5.1851067543029785,8.254242897033691,9.469932556152344,,,,,,,,,,,8.146653175354004,4.736738681793213,6.6562371253967285,5.531598091125488,9.927149772644043,8.488795280456543,10.956584930419922,6.904992580413818,9.320711135864258,10.797067642211914,,,,,,,,,,,,,,,,,,,,,,,,,,,,,,,,,,,,,,,,
0,19,0.6063772439956665,1.2434184551239014,0.30570563673973083,0.1610051691532135,1.0348176956176758,0.6543992161750793,0.7337133884429932,0.3981579542160034,0.40092453360557556,0.5252529978752136,8.21644401550293,9.054438591003418,6.120047569274902,5.001875400543213,10.24687385559082,11.662301063537598,10.887833595275879,6.748319149017334,5.312538146972656,8.913776397705078,,,,,,,,,,,10.369059562683105,12.344426155090332,7.966423034667969,5.577952861785889,14.555647850036621,13.109834671020508,14.01632022857666,7.441944122314453,7.2686638832092285,11.040315628051758,,,,,,,,,,,,,,,,,,,,,,,,,,,,,,,,,,,,,,,,
0,24,0.43657124042510986,0.5230297446250916,0.47058984637260437,0.42277824878692627,0.6303715705871582,0.4879567325115204,0.5608985424041748,0.407253235578537,0.16197238862514496,0.26429063081741333,7.502668857574463,6.068188667297363,9.156941413879395,6.627302646636963,9.72929859161377,9.919706344604492,10.566965103149414,6.392114639282227,2.9052939414978027,6.158207416534424,,,,,,,,,,,9.093653678894043,8.006181716918945,9.884005546569824,9.038808822631836,11.360512733459473,11.320524215698242,12.254990577697754,7.526464462280273,4.620019435882568,7.831375598907471,,,,,,,,,,,,,,,,,,,,,,,,,,,,,,,,,,,,,,,,
0,29,0.39368006587028503,0.39045676589012146,0.47457271814346313,0.586234986782074,0.3660295009613037,0.3566685616970062,0.5722674131393433,0.2655092179775238,0.19625574350357056,0.33512580394744873,7.01417875289917,5.393462657928467,8.634830474853516,9.206171989440918,6.658777236938477,7.676826477050781,9.126566886901855,5.318023204803467,4.2299370765686035,6.883014678955078,,,,,,,,,,,8.686893463134766,6.9174933433532715,9.92574405670166,10.643653869628906,8.656805992126465,9.67850399017334,12.378564834594727,6.077130317687988,5.085509777069092,8.818631172180176,,,,,,,,,,,,,,,,,,,,,,,,,,,,,,,,,,,,,,,,
0,34,0.5558202862739563,0.537124752998352,0.37957310676574707,0.40932735800743103,0.38825783133506775,0.8540802597999573,0.4380330443382263,0.3287966549396515,0.5299518704414368,1.1372374296188354,8.184041023254395,6.801337718963623,7.874067306518555,6.461604118347168,7.454442977905273,12.686945915222168,8.15099811553955,4.61403226852417,7.092745780944824,12.520194053649902,,,,,,,,,,,10.219048500061035,8.113343238830566,8.876859664916992,8.893858909606934,8.915788650512695,14.977012634277344,10.82989501953125,6.7627363204956055,8.356828689575195,16.245115280151367,,,,,,,,,,,,,,,,,,,,,,,,,,,,,,,,,,,,,,,,
0,39,0.34876590967178345,0.35562360286712646,0.34335437417030334,0.3383685350418091,0.6600310802459717,0.3675552308559418,0.3614220917224884,0.14947627484798431,0.08757757395505905,0.4754842519760132,6.71937894821167,5.3507080078125,6.615657329559326,7.210750579833984,10.51162052154541,8.23204517364502,8.630627632141113,4.028339385986328,2.227935791015625,7.666724681854248,,,,,,,,,,,8.097683906555176,6.60172700881958,8.442730903625488,8.086299896240234,11.624702453613281,9.825103759765625,9.837349891662598,4.559789657592773,3.397189140319824,10.504255294799805,,,,,,,,,,,,,,,,,,,,,,,,,,,,,,,,,,,,,,,,
0,44,0.5128095746040344,0.4528942406177521,0.7873286008834839,0.3593093752861023,0.13830408453941345,0.585155725479126,0.8527234792709351,0.11771880090236664,0.8710920810699463,0.4507596492767334,7.769704341888428,5.650261402130127,9.325939178466797,6.658320903778076,4.7888031005859375,9.377920150756836,12.594453811645508,3.434417724609375,10.583372116088867,7.51384973526001,,,,,,,,,,,9.598237991333008,7.450075149536133,12.784673690795898,8.332765579223633,5.321292400360107,12.396856307983398,15.11036491394043,4.0465192794799805,10.714091300964355,10.22750473022461,,,,,,,,,,,,,,,,,,,,,,,,,,,,,,,,,,,,,,,,
0,49,0.6970751881599426,0.6638453006744385,0.617830216884613,0.6177756190299988,0.537502110004425,1.21342933177948,0.6717156171798706,0.8107731938362122,0.39358723163604736,0.7472177743911743,9.860323905944824,7.2518463134765625,9.720809936523438,10.007059097290039,8.709123611450195,14.210098266601562,11.823769569396973,9.596796989440918,6.839173793792725,10.584238052368164,,,,,,,,,,,11.55710506439209,9.019775390625,11.32520866394043,10.926227569580078,10.490344047546387,17.851844787597656,13.411072731018066,10.619606018066406,7.201845169067383,13.168028831481934,,,,,,,,,,,,,,,,,,,,,,,,,,,,,,,,,,,,,,,,
0,54,0.50123530626297,0.7224937677383423,0.27367275953292847,0.6721068620681763,0.3860292434692383,0.9570226073265076,0.5049705505371094,0.463439404964447,0.11048301309347153,0.4208999276161194,8.309614181518555,8.078784942626953,6.7462053298950195,11.036040306091309,7.023741722106934,13.842798233032227,10.796659469604492,6.193606376647949,3.4224109649658203,7.646284580230713,,,,,,,,,,,9.60482406616211,9.409777641296387,7.537501811981201,11.396566390991211,8.89016342163086,15.853931427001953,11.627967834472656,8.028883934020996,3.815671920776367,9.882949829101562,,,,,,,,,,,,,,,,,,,,,,,,,,,,,,,,,,,,,,,,
0,59,0.5259469151496887,1.0354228019714355,0.31800714135169983,0.13694226741790771,0.8970786333084106,0.784639298915863,0.4890250861644745,0.10326407104730606,0.1317947506904602,0.8373485803604126,8.069750785827637,9.432807922363281,7.792773246765137,4.965305805206299,11.678767204284668,11.639325141906738,9.627949714660645,2.99234676361084,2.81951642036438,11.67895793914795,,,,,,,,,,,9.531296730041504,11.264739036560059,8.12512493133545,5.14426851272583,13.552358627319336,14.355253219604492,11.442907333374023,3.7899487018585205,4.167468547821045,13.939600944519043,,,,,,,,,,,,,,,,,,,,,,,,,,,,,,,,,,,,,,,,
0,64,0.49934113025665283,0.41460883617401123,0.3825455904006958,0.5595113635063171,1.097609043121338,0.45616140961647034,0.47621971368789673,0.07744155824184418,0.28599652647972107,0.7439758777618408,7.348470211029053,5.870556831359863,7.482418537139893,8.107626914978027,11.13063907623291,8.180122375488281,8.55256462097168,2.851598024368286,5.325897216796875,8.634805679321289,,,,,,,,,,,9.580768585205078,7.128227710723877,8.911550521850586,10.398226737976074,14.990754127502441,10.945487976074219,11.292095184326172,3.2820544242858887,6.139085292816162,13.139432907104492,,,,,,,,,,,,,,,,,,,,,,,,,,,,,,,,,,,,,,,,
0,69,0.5470858812332153,0.9579823613166809,0.3091692626476288,0.21365319192409515,0.9286713600158691,1.0091849565505981,0.4876474142074585,0.15493594110012054,0.2299920916557312,0.6325362324714661,7.783775329589844,7.029658794403076,6.568055629730225,5.962821960449219,11.628629684448242,12.079822540283203,9.697731971740723,3.715456247329712,4.8886284828186035,8.483172416687012,,,,,,,,,,,9.892366409301758,10.835301399230957,8.011425971984863,6.425539016723633,13.788933753967285,16.280256271362305,11.426776885986328,4.642316818237305,5.505284309387207,12.115459442138672,,,,,,,,,,,,,,,,,,,,,,,,,,,,,,,,,,,,,,,,
0,74,0.574562132358551,0.5939850807189941,0.32910847663879395,0.5483576059341431,0.3781183958053589,0.6034571528434753,0.5403076410293579,0.9671077132225037,0.6783696413040161,0.5322471857070923,8.405487060546875,7.03060245513916,6.92481803894043,9.053915023803711,7.053523063659668,9.789596557617188,9.34965991973877,9.290323257446289,7.767828464508057,9.389120101928711,,,,,,,,,,,10.297151565551758,8.531984329223633,8.265728950500488,10.294062614440918,8.798600196838379,12.589227676391602,12.027942657470703,11.598348617553711,9.454890251159668,11.113577842712402,,,,,,,,,,,,,,,,,,,,,,,,,,,,,,,,,,,,,,,,
0,79,0.6548678278923035,0.5787776708602905,0.9704947471618652,0.7584096789360046,0.6060455441474915,0.6061825156211853,0.32569435238838196,0.8346220850944519,0.60988849401474,0.603695273399353,8.984654426574707,6.683202743530273,12.094801902770996,9.146221160888672,9.754737854003906,10.059754371643066,8.120490074157715,9.168171882629395,6.433022499084473,9.401494979858398,,,,,,,,,,,11.043694496154785,8.422057151794434,14.194112777709961,12.106172561645508,11.139155387878418,12.617624282836914,9.338473320007324,10.774662017822266,8.96496295928955,11.836031913757324,,,,,,,,,,,,,,,,,,,,,,,,,,,,,,,,,,,,,,,,
0,84,0.5763677954673767,0.4750818908214569,0.42390894889831543,0.8162772059440613,0.6771991848945618,0.5070350766181946,0.6260333061218262,0.6024026274681091,0.5716814398765564,0.4876902103424072,8.04800033569336,6.504626274108887,5.380305290222168,8.47773551940918,8.325705528259277,8.817039489746094,9.548521041870117,8.83030891418457,7.720958232879639,8.826799392700195,,,,,,,,,,,10.478243827819824,7.630385875701904,9.380975723266602,12.559538841247559,11.774917602539062,11.53971004486084,12.94701099395752,9.153815269470215,8.679612159729004,10.638226509094238,,,,,,,,,,,,,,,,,,,,,,,,,,,,,,,,,,,,,,,,
0,89,0.647541880607605,1.0146833658218384,0.43005743622779846,1.0486313104629517,0.444674015045166,0.8284283876419067,0.34853413701057434,1.3354934453964233,0.004828005097806454,0.3725469708442688,8.452836990356445,8.240259170532227,8.75047492980957,12.617472648620605,8.016056060791016,11.599722862243652,8.421945571899414,10.068785667419434,0.6911327242851257,7.669680595397949,,,,,,,,,,,10.279202461242676,11.151351928710938,9.448760986328125,14.235288619995117,9.541585922241211,14.750385284423828,9.66036319732666,13.62948989868164,0.7976403832435608,9.29796028137207,,,,,,,,,,,,,,,,,,,,,,,,,,,,,,,,,,,,,,,,
0,94,0.4730059802532196,0.2778331935405731,0.4404706656932831,0.5369212627410889,0.2807064950466156,0.4683378338813782,0.35869818925857544,0.4758184552192688,0.8307941555976868,0.5874738693237305,7.90460729598999,4.888671398162842,7.736700057983398,8.605857849121094,6.869246006011963,9.270292282104492,8.419014930725098,6.919578552246094,9.546236038208008,8.88586711883545,,,,,,,,,,,9.370031356811523,5.83518123626709,9.562471389770508,10.186153411865234,7.580989360809326,11.09061050415039,9.800209999084473,8.135407447814941,10.46333122253418,11.67593002319336,,,,,,,,,,,,,,,,,,,,,,,,,,,,,,,,,,,,,,,,
0,99,0.5770809054374695,0.8321913480758667,0.3633521795272827,0.39151108264923096,0.7451601028442383,0.637357234954834,0.5671876668930054,0.4920879900455475,0.6379206776618958,0.5269597172737122,8.260699272155762,7.070322036743164,7.110501289367676,7.467724323272705,9.216490745544434,10.357627868652344,10.04830551147461,6.451966285705566,8.23495101928711,8.38840389251709,,,,,,,,,,,10.399504661560059,10.098895072937012,8.685114860534668,8.698150634765625,12.351634979248047,12.938005447387695,12.323502540588379,8.273324966430664,9.168676376342773,11.058237075805664,,,,,,,,,,,,,,,,,,,,,,,,,,,,,,,,,,,,,,,,
0,104,0.3628078103065491,0.40799519419670105,0.31245583295822144,0.5351243615150452,0.3399350345134735,0.2420300394296646,0.3271716833114624,0.3211006224155426,0.22364340722560883,0.5558141469955444,6.935527801513672,5.4355645179748535,5.193718910217285,9.543441772460938,7.57372522354126,6.612494468688965,8.515817642211914,6.582118034362793,4.407444000244141,8.555427551269531,,,,,,,,,,,8.270880699157715,7.071145534515381,8.053894996643066,10.169093132019043,8.34252643585205,7.972793102264404,9.35962963104248,6.6831207275390625,5.428769111633301,11.35695743560791,,,,,,,,,,,,,,,,,,,,,,,,,,,,,,,,,,,,,,,,
0,109,0.5806301236152649,0.4517512619495392,0.4504568576812744,0.7366702556610107,0.6082302331924438,0.49005722999572754,0.5774486064910889,1.1779361963272095,0.4847432076931,0.24837681651115417,8.549933433532715,6.190674304962158,8.527623176574707,10.946638107299805,9.70913314819336,9.116230010986328,10.275189399719238,9.606493949890137,6.382608413696289,6.194809913635254,,,,,,,,,,,10.262837409973145,7.440668106079102,9.67026138305664,11.931400299072266,11.159214973449707,11.34486198425293,12.434475898742676,12.800283432006836,7.992435932159424,7.5919389724731445,,,,,,,,,,,,,,,,,,,,,,,,,,,,,,,,,,,,,,,,
0,114,0.6738533973693848,1.099314570426941,0.47887012362480164,0.9553854465484619,0.5725526809692383,0.8006882071495056,0.4998038113117218,0.8260598182678223,0.5806665420532227,0.2513394355773926,9.12954044342041,9.39642333984375,9.281038284301758,10.927505493164062,8.788166046142578,11.81450366973877,8.831281661987305,8.875213623046875,7.376575946807861,6.875148773193359,,,,,,,,,,,11.018425941467285,11.607088088989258,9.970582962036133,13.587644577026367,10.826982498168945,14.501320838928223,11.568326950073242,10.719252586364746,8.747554779052734,7.637083530426025,,,,,,,,,,,,,,,,,,,,,,,,,,,,,,,,,,,,,,,,
0,119,0.6257089376449585,0.8611827492713928,0.6374772191047668,0.1982179433107376,1.027548909187317,0.8107637763023376,0.6865017414093018,0.8020839691162109,0.1193271055817604,0.4882768988609314,8.586455345153809,8.051280975341797,9.264395713806152,4.2333173751831055,11.879782676696777,11.426040649414062,11.063753128051758,8.958086967468262,3.215008497238159,9.186433792114258,,,,,,,,,,,10.643718719482422,10.273298263549805,11.503870010375977,6.189084053039551,14.504437446594238,14.592276573181152,13.557875633239746,10.562545776367188,3.9654531478881836,10.644622802734375,,,,,,,,,,,,,,,,,,,,,,,,,,,,,,,,,,,,,,,,
0,124,0.9376002550125122,1.1504749059677124,0.5411685705184937,0.828913688659668,0.7651946544647217,1.2256439924240112,0.6622022390365601,1.2295888662338257,0.7527094483375549,1.2825065851211548,10.07520580291748,9.014151573181152,8.494915962219238,8.24974536895752,10.557365417480469,14.225913047790527,9.556221961975098,10.701436042785645,7.046035289764404,12.831070899963379,,,,,,,,,,,13.243614196777344,11.874103546142578,10.599318504333496,12.656381607055664,12.51657772064209,17.941469192504883,13.315764427185059,13.077919960021973,9.959486961364746,17.25150489807129,,,,,,,,,,,,,,,,,,,,,,,,,,,,,,,,,,,,,,,,
0,129,0.34434571862220764,0.1376596987247467,0.3733881711959839,0.09250417351722717,0.3988907039165497,0.49736642837524414,0.3719742000102997,0.5198355317115784,0.32474616169929504,0.3827463984489441,6.326108455657959,3.1387276649475098,7.386301517486572,3.159126043319702,7.428627014160156,8.50767993927002,7.869779586791992,6.17085599899292,6.010483741760254,7.263391971588135,,,,,,,,,,,8.006143569946289,4.107387542724609,8.804241180419922,4.228005886077881,9.03704833984375,11.429154396057129,9.979923248291016,8.503382682800293,6.5417704582214355,9.424378395080566,,,,,,,,,,,,,,,,,,,,,,,,,,,,,,,,,,,,,,,,
0,134,0.44369107484817505,0.7496304512023926,0.6404956579208374,0.5616573691368103,0.6082342267036438,0.3438660800457001,0.2515328526496887,0.15959493815898895,0.21966645121574402,0.45854151248931885,7.262368202209473,7.717098712921143,9.488009452819824,8.045999526977539,9.95733642578125,7.532477855682373,7.0740742683410645,3.4156806468963623,4.376201152801514,7.754435062408447,,,,,,,,,,,8.978948593139648,9.58486270904541,11.531073570251465,10.418150901794434,11.159252166748047,9.503213882446289,8.20669174194336,4.7115983963012695,5.380283355712891,10.315410614013672,,,,,,,,,,,,,,,,,,,,,,,,,,,,,,,,,,,,,,,,
0,139,0.5807053446769714,0.7930946946144104,0.32183074951171875,0.424609512090683,0.37113484740257263,0.5652408003807068,0.5663532018661499,0.9114233255386353,0.690759003162384,0.5819021463394165,8.55905532836914,7.6937665939331055,6.827670097351074,7.881819725036621,6.579846382141113,9.97687816619873,9.489605903625488,10.750398635864258,8.638116836547852,9.193389892578125,,,,,,,,,,,10.303028106689453,9.858817100524902,8.173827171325684,9.05836296081543,8.71696949005127,12.184077262878418,12.314434051513672,11.259491920471191,9.540840148925781,11.620429039001465,,,,,,,,,,,,,,,,,,,,,,,,,,,,,,,,,,,,,,,,
0,144,0.3453943431377411,0.6331866383552551,0.23597177863121033,0.20656435191631317,0.42068415880203247,0.4164179861545563,0.3168087601661682,0.10053638368844986,0.5119118690490723,0.2664669454097748,6.465171813964844,7.532020568847656,5.974240303039551,5.487967491149902,7.3703179359436035,8.96321964263916,7.396616458892822,3.2575104236602783,6.176194667816162,6.028456687927246,,,,,,,,,,,7.876810073852539,8.809030532836914,6.999092102050781,6.318043231964111,9.280635833740234,10.457806587219238,9.210206031799316,3.7395589351654053,8.213360786437988,7.863554000854492,,,,,,,,,,,,,,,,,,,,,,,,,,,,,,,,,,,,,,,,
0,149,0.5690450072288513,0.3481801152229309,0.4046260714530945,0.9707378149032593,0.8137356638908386,0.1277301013469696,0.37442487478256226,0.6934105753898621,0.9325975775718689,0.45596233010292053,7.596083641052246,4.648528099060059,6.155093193054199,12.06403636932373,8.76328182220459,4.290135383605957,7.886067867279053,7.058248043060303,9.454570770263672,8.044794082641602,,,,,,,,,,,9.922125816345215,6.532271862030029,9.165128707885742,13.696382522583008,12.907477378845215,5.791919231414795,10.012744903564453,9.82096004486084,11.08588695526123,10.286358833312988,,,,,,,,,,,,,,,,,,,,,,,,,,,,,,,,,,,,,,,,
0,154,0.598090648651123,1.1441662311553955,0.6890100836753845,0.20542700588703156,0.5456448793411255,0.3383863568305969,0.43662357330322266,0.38410693407058716,0.5580288171768188,1.0814218521118164,8.305291175842285,10.254015922546387,11.207724571228027,5.149753570556641,7.765405654907227,6.703733444213867,8.575471878051758,6.284600257873535,5.987926483154297,12.818986892700195,,,,,,,,,,,10.293037414550781,11.841503143310547,11.959814071655273,6.300624847412109,10.569506645202637,9.427190780639648,10.812456130981445,7.309451103210449,8.575345039367676,15.841444969177246,,,,,,,,,,,,,,,,,,,,,,,,,,,,,,,,,,,,,,,,
0,159,0.3716253340244293,0.2673908472061157,0.16841855645179749,0.5755335092544556,0.28619080781936646,0.5240883231163025,0.40283864736557007,0.4048491418361664,0.27684932947158813,0.4384685456752777,6.9027628898620605,4.457192420959473,5.669119834899902,10.344282150268555,5.832277774810791,9.187870979309082,7.071855545043945,6.355354309082031,5.418335437774658,7.788574695587158,,,,,,,,,,,8.398612022399902,5.724472999572754,5.912982940673828,10.546058654785156,7.654687404632568,11.732163429260254,10.385713577270508,7.504216194152832,6.040112495422363,10.087101936340332,,,,,,,,,,,,,,,,,,,,,,,,,,,,,,,,,,,,,,,,
0,164,0.38574257493019104,0.5622178912162781,0.9463372826576233,0.1886753886938095,0.21660998463630676,0.2694226801395416,0.2937763035297394,0.5328844785690308,0.282369464635849,0.17938947677612305,6.368290424346924,6.3358635902404785,9.378556251525879,4.8823065757751465,5.113631725311279,7.227484226226807,7.2094011306762695,7.74859619140625,4.344332218170166,5.074439525604248,,,,,,,,,,,8.161914825439453,8.300697326660156,14.016338348388672,6.038269996643066,6.659458160400391,8.411877632141113,8.869091987609863,8.609447479248047,6.100032806396484,6.452019691467285,,,,,,,,,,,,,,,,,,,,,,,,,,,,,,,,,,,,,,,,
0,169,0.29215264320373535,0.08918384462594986,0.4959995746612549,0.3422602117061615,0.1789316087961197,0.2526229918003082,0.2900950014591217,0.48944929242134094,0.15567979216575623,0.33515146374702454,5.8466339111328125,2.748605489730835,8.503703117370605,7.097832679748535,3.6880862712860107,6.166516304016113,6.241460800170898,6.800457000732422,4.114260673522949,7.258780479431152,,,,,,,,,,,7.35520601272583,3.3060190677642822,10.14734172821045,8.132668495178223,6.052616119384766,8.145398139953613,8.813347816467285,8.251112937927246,4.5293869972229,8.818967819213867,,,,,,,,,,,,,,,,,,,,,,,,,,,,,,,,,,,,,,,,
0,174,0.588307797908783,0.8188878893852234,0.5787671208381653,0.46393901109695435,0.9093300700187683,0.6713064312934875,0.42069876194000244,0.5377589464187622,0.36714446544647217,0.5269374251365662,8.80091381072998,8.715922355651855,8.5619478225708,9.133882522583008,11.41956615447998,10.740243911743164,9.293256759643555,7.683452129364014,5.5583648681640625,8.101581573486328,,,,,,,,,,,10.516263961791992,10.017849922180176,10.96133804321289,9.46859073638916,13.644588470458984,13.27811050415039,10.613446235656738,8.648734092712402,6.955714702606201,11.058003425598145,,,,,,,,,,,,,,,,,,,,,,,,,,,,,,,,,,,,,,,,
0,179,0.3882804214954376,0.7382834553718567,0.09434865415096283,0.3108398914337158,0.2657428979873657,0.2489045262336731,0.39180389046669006,0.4959162771701813,0.34893998503685,0.5997442007064819,6.841763973236084,8.250955581665039,3.7591562271118164,6.840013027191162,6.266021728515625,6.803045272827148,8.318761825561523,6.622536659240723,6.015448570251465,8.699936866760254,,,,,,,,,,,8.252859115600586,9.512043952941895,4.425675392150879,7.75038480758667,7.376162528991699,8.085227966308594,10.242480278015137,8.305445671081543,6.781076908111572,11.797235488891602,,,,,,,,,,,,,,,,,,,,,,,,,,,,,,,,,,,,,,,,
0,184,0.3484481871128082,0.7402567863464355,0.19343693554401398,0.1717177927494049,0.3021668791770935,0.20294806361198425,0.33182162046432495,0.322333425283432,0.5219970941543579,0.3493550419807434,5.896736145019531,6.444774150848389,3.9801650047302246,4.500051021575928,5.86668062210083,5.895662307739258,7.205960273742676,5.541921138763428,6.979057312011719,6.656352519989014,,,,,,,,,,,7.800896644592285,9.524747848510742,6.336965560913086,5.760531425476074,7.865440845489502,7.3007636070251465,9.425907135009766,6.695937156677246,8.293871879577637,9.003900527954102,,,,,,,,,,,,,,,,,,,,,,,,,,,,,,,,,,,,,,,,
0,189,0.5202642679214478,0.6362701058387756,0.5243607759475708,0.5936020612716675,0.6439422369003296,0.246036097407341,0.24948890507221222,0.47739139199256897,0.8196059465408325,0.491680771112442,7.999447345733643,6.61306619644165,8.985255241394043,9.256749153137207,8.464043617248535,6.44108247756958,6.614377021789551,7.582630634307861,9.2440824508667,8.793741226196289,,,,,,,,,,,9.654586791992188,8.830453872680664,10.433422088623047,10.71032428741455,11.482147216796875,8.038504600524902,8.173280715942383,8.148844718933105,10.39263916015625,10.681661605834961,,,,,,,,,,,,,,,,,,,,,,,,,,,,,,,,,,,,,,,,
0,193,,,,,,,,,,,8.339667320251465,6.89022970199585,8.219366073608398,8.048705101013184,8.709630966186523,9.971073150634766,9.469353675842285,7.524557113647461,7.523412227630615,8.700674057006836,0.35947051644325256,0.32525622844696045,0.4585843086242676,0.4561411738395691,0.3648182153701782,0.3007813096046448,0.3305070400238037,0.3328378200531006,0.28385496139526367,0.3824538588523865,10.644495964050293,8.859880447387695,10.43998908996582,10.210946083068848,11.182633399963379,12.76120376586914,12.0652437210083,9.517158508300781,9.59542465209961,11.16797924041748,0.5618311762809753,0.6024143099784851,0.66276615858078,0.39001646637916565,0.600761890411377,0.6013870239257812,0.5743569731712341,0.5144917964935303,0.5265985727310181,0.5836871862411499,7.77950382232666,6.105264186859131,8.273783683776855,6.387411594390869,8.790294647216797,9.40664005279541,9.60494327545166,6.264974117279053,6.409638404846191,8.772586822509766,0.3865968883037567,0.3765779137611389,0.4445664882659912,0.5897828340530396,0.28285449743270874,0.4519219398498535,0.40622955560684204,0.22163152694702148,0.2804361581802368,0.4253712296485901,10.490565299987793,8.736859321594238,11.426186561584473,9.51503849029541,11.457736015319824,12.728480339050293,12.318676948547363,8.225129127502441,8.626022338867188,11.380951881408691
1,194,0.5771827697753906,0.44301915168762207,0.40271294116973877,0.27076056599617004,0.8882789015769958,0.44203171133995056,0.5115648508071899,0.8868120312690735,0.6889373660087585,0.660527229309082,8.466893196105957,5.781428813934326,8.19562816619873,6.566356658935547,9.096920013427734,8.58426284790039,10.208932876586914,9.382232666015625,8.614805221557617,9.771474838256836,,,,,,,,,,,10.302738189697266,7.368405818939209,9.143436431884766,7.233485221862793,13.485726356506348,10.774635314941406,11.703644752502441,11.106430053710938,9.528250694274902,12.38062572479248,,,,,,,,,,,,,,,,,,,,,,,,,,,,,,,,,,,,,,,,
1,199,0.41238662600517273,0.3415038287639618,0.3781166970729828,0.7326269149780273,0.40800294280052185,0.4183647930622101,0.5537859201431274,0.3427657186985016,0.23305633664131165,0.3032567799091339,7.429375648498535,4.753143310546875,7.685795783996582,9.879008293151855,7.970508098602295,8.827725410461426,10.589391708374023,5.886983394622803,4.533350944519043,6.738468170166016,,,,,,,,,,,8.873589515686035,6.469341278076172,8.859813690185547,11.898612976074219,9.139686584472656,10.482224464416504,12.177041053771973,6.904900074005127,5.541836738586426,8.388850212097168,,,,,,,,,,,,,,,,,,,,,,,,,,,,,,,,,,,,,,,,
1,204,0.47704505920410156,0.46303486824035645,0.2193506360054016,0.6827804446220398,0.5344698429107666,0.49958208203315735,0.37449946999549866,0.5538356304168701,0.47102078795433044,0.4948313236236572,7.916268348693848,6.253687858581543,6.0030670166015625,10.464364051818848,7.957630157470703,9.505875587463379,7.509974002838135,7.756199836730957,6.876218318939209,8.919401168823242,,,,,,,,,,,9.452027320861816,7.533019542694092,6.748093605041504,11.486703872680664,10.460712432861328,11.454584121704102,10.013742446899414,8.77706241607666,7.878495693206787,10.715828895568848,,,,,,,,,,,,,,,,,,,,,,,,,,,,,,,,,,,,,,,,
1,209,0.483075886964798,0.3070480525493622,0.5010389685630798,0.31592118740081787,1.2813465595245361,0.3437461256980896,0.16906851530075073,0.7166549563407898,0.3697318732738495,0.3431265652179718,7.156122207641602,5.049332141876221,8.947901725769043,5.232487678527832,11.65798568725586,7.779265880584717,5.788491725921631,7.171314239501953,6.119936466217041,6.658380508422852,,,,,,,,,,,9.162328720092773,6.134305953979492,10.198760032653809,7.813475608825684,16.19693946838379,9.501557350158691,6.728250503540039,9.984211921691895,6.980181694030762,8.923276901245117,,,,,,,,,,,,,,,,,,,,,,,,,,,,,,,,,,,,,,,,
1,214,0.9330448508262634,1.2203624248504639,0.5472256541252136,0.5822699069976807,0.642699658870697,0.8741146922111511,0.7327848076820374,2.0834970474243164,1.0412077903747559,0.6732419729232788,11.06567096710205,8.975045204162598,10.019841194152832,8.179084777832031,9.331442832946777,12.997102737426758,12.474019050598145,15.472750663757324,11.713642120361328,10.428110122680664,,,,,,,,,,,12.818032264709473,12.229443550109863,10.658470153808594,10.607598304748535,11.471062660217285,15.151655197143555,14.007448196411133,17.02374839782715,11.713642120361328,12.49921703338623,,,,,,,,,,,,,,,,,,,,,,,,,,,,,,,,,,,,,,,,
1,219,0.5253028273582458,0.7886881828308105,0.6017026901245117,0.10524379462003708,0.38311418890953064,0.5559172630310059,0.7120232582092285,0.5877503752708435,0.3804391324520111,0.6128466129302979,7.696133136749268,8.346712112426758,8.671391487121582,3.6316604614257812,7.025676727294922,8.432475090026855,10.468008995056152,8.1251802444458,5.408722877502441,9.15537166595459,,,,,,,,,,,9.812512397766113,9.831390380859375,11.176417350769043,4.509757041931152,8.856534004211426,12.083171844482422,13.80759048461914,9.0418062210083,7.080531120300293,11.92540454864502,,,,,,,,,,,,,,,,,,,,,,,,,,,,,,,,,,,,,,,,
1,224,0.516368567943573,0.4173091948032379,0.6469494104385376,0.5362942218780518,0.3806338310241699,0.3287512958049774,0.3230627477169037,0.39987900853157043,1.0116546154022217,0.602782666683197,7.773865699768066,5.99985408782959,8.786445617675781,8.650181770324707,7.597192287445068,8.054945945739746,7.508868217468262,4.785202503204346,8.77795124053955,9.804150581359863,,,,,,,,,,,9.68582534790039,7.151402950286865,11.589022636413574,10.180203437805176,8.8278169631958,9.292008399963379,9.30066967010498,7.458011150360107,11.546209335327148,11.827080726623535,,,,,,,,,,,,,,,,,,,,,,,,,,,,,,,,,,,,,,,,
1,229,0.37396976351737976,0.2785162925720215,0.08547709882259369,0.08048496395349503,0.4887531101703644,0.23526115715503693,0.7515062093734741,0.2921258807182312,0.27745747566223145,0.8761458396911621,6.169104099273682,4.084268569946289,3.32344126701355,2.761261463165283,8.464609146118164,6.498305320739746,9.900064468383789,4.965517520904541,4.99598503112793,10.528483390808105,,,,,,,,,,,8.080863952636719,5.842350482940674,4.212467193603516,3.9437758922576904,10.003326416015625,7.8605146408081055,14.18525218963623,6.37446403503418,6.046742916107178,14.258878707885742,,,,,,,,,,,,,,,,,,,,,,,,,,,,,,,,,,,,,,,,
1,234,0.6590541005134583,0.5517204403877258,0.5103914737701416,0.6369940638542175,0.6526483297348022,0.7396475672721863,0.2432241439819336,1.0942445993423462,1.1110893487930298,0.3915274143218994,8.660746574401855,6.753180027008057,7.090968132019043,6.806361675262451,8.6008882522583,11.912155151367188,6.919869422912598,11.157754898071289,11.162968635559082,7.542579174041748,,,,,,,,,,,10.794194221496582,8.22283935546875,10.29350757598877,11.094878196716309,11.559505462646484,13.93760871887207,8.070011138916016,12.337180137634277,12.100345611572266,9.53187370300293,,,,,,,,,,,,,,,,,,,,,,,,,,,,,,,,,,,,,,,,
1,239,0.35842764377593994,0.6273301243782043,0.49463748931884766,0.16260796785354614,0.19785764813423157,0.2540421485900879,0.27910560369491577,0.209597647190094,0.5373039245605469,0.4633662700653076,6.843058109283447,7.4188313484191895,8.768989562988281,4.909207820892334,5.026325702667236,6.974438667297363,6.5243916511535645,4.988334655761719,7.832997798919678,9.144007682800293,,,,,,,,,,,7.9853973388671875,8.768198013305664,10.133399963378906,5.605647087097168,6.36467170715332,8.168244361877441,8.644803047180176,5.399479866027832,8.414597511291504,10.369537353515625,,,,,,,,,,,,,,,,,,,,,,,,,,,,,,,,,,,,,,,,
1,244,0.7528809309005737,0.586392343044281,0.5671869516372681,0.7638866901397705,0.7196215391159058,0.9042245745658875,0.7773041725158691,1.1188634634017944,0.7942145466804504,0.5442342162132263,9.460845947265625,6.568140983581543,8.108142852783203,10.026373863220215,9.960230827331543,12.20068359375,10.43012523651123,10.545327186584473,9.074888229370117,8.233695030212402,,,,,,,,,,,11.933003425598145,8.477277755737305,10.851125717163086,12.149806022644043,12.138127326965332,15.410405158996582,14.426676750183105,12.47519302368164,10.230390548706055,11.238028526306152,,,,,,,,,,,,,,,,,,,,,,,,,,,,,,,,,,,,,,,,
1,249,0.45379936695098877,0.4678899943828583,0.5504416823387146,0.6441100835800171,0.43335872888565063,0.44441860914230347,0.24363790452480316,0.49842697381973267,0.4025704264640808,0.3993400037288666,7.497282981872559,6.267827987670898,8.657941818237305,9.14712142944336,7.510584354400635,9.33716869354248,6.420632839202881,6.99802827835083,6.227097988128662,6.909141540527344,,,,,,,,,,,9.217257499694824,7.572411060333252,10.68974494934082,11.1566801071167,9.419404029846191,10.803686141967773,8.076872825622559,8.32644271850586,7.283568859100342,9.626504898071289,,,,,,,,,,,,,,,,,,,,,,,,,,,,,,,,,,,,,,,,
1,254,0.5638703107833862,0.41588664054870605,0.18489199876785278,0.17480632662773132,0.905610203742981,0.9849404096603394,0.3490191698074341,0.9547265768051147,0.43402284383773804,0.6709284782409668,7.779469013214111,5.384698867797852,4.757956504821777,5.583568096160889,11.120986938476562,11.455517768859863,8.077361106872559,8.507936477661133,6.18322229385376,8.943971633911133,,,,,,,,,,,10.00870132446289,7.139203071594238,6.1954193115234375,5.81210470199585,13.616650581359863,16.08350944519043,9.667083740234375,11.523866653442383,7.562747001647949,12.47772216796875,,,,,,,,,,,,,,,,,,,,,,,,,,,,,,,,,,,,,,,,
1,259,0.7194557189941406,0.8365209102630615,1.486093282699585,0.6047385334968567,0.4317026138305664,0.6469338536262512,0.6886275410652161,0.5602775812149048,0.6940537095069885,0.5261537432670593,8.811429023742676,7.687748908996582,11.112494468688965,7.774320125579834,7.759203910827637,11.657529830932617,10.02703857421875,6.013458251953125,7.482638359069824,9.78841781616211,,,,,,,,,,,11.550699234008789,10.125131607055664,17.564455032348633,10.810324668884277,9.401388168334961,13.034842491149902,13.578849792480469,8.827959060668945,9.563566207885742,11.049777030944824,,,,,,,,,,,,,,,,,,,,,,,,,,,,,,,,,,,,,,,,
1,264,0.22984249889850616,0.15959149599075317,0.2645880877971649,0.19610434770584106,0.2885231375694275,0.17259636521339417,0.12279846519231796,0.5534287095069885,0.013599149882793427,0.2973528802394867,4.985754489898682,3.965923547744751,5.700437068939209,5.368696212768555,4.748522758483887,5.801517963409424,4.625861644744873,7.1155619621276855,1.0908277034759521,6.454436302185059,,,,,,,,,,,6.284647464752197,4.422492504119873,7.411340713500977,6.155998706817627,7.685816287994385,6.7327375411987305,5.734126567840576,8.773837089538574,1.338687539100647,8.306791305541992,,,,,,,,,,,,,,,,,,,,,,,,,,,,,,,,,,,,,,,,
1,269,0.3772084414958954,0.5856142640113831,0.791676938533783,0.33080899715423584,0.20868216454982758,0.2716788053512573,0.3849940896034241,0.2540396451950073,0.2249206006526947,0.3424605131149292,6.571107387542725,6.833400726318359,11.420001029968262,6.060859680175781,4.0125837326049805,6.231564521789551,7.307924270629883,5.213134288787842,5.266515731811523,6.79398250579834,,,,,,,,,,,8.302987098693848,8.471652030944824,12.819930076599121,7.995461940765381,6.5364556312561035,8.44702434539795,10.153080940246582,5.9444193840026855,5.444248199462891,8.91461181640625,,,,,,,,,,,,,,,,,,,,,,,,,,,,,,,,,,,,,,,,
1,274,0.9584774374961853,0.3415271043777466,0.5082704424858093,2.413489580154419,0.49367889761924744,0.6290661096572876,0.9089484214782715,1.8871524333953857,0.9187449216842651,0.5254184603691101,10.141746520996094,5.5261149406433105,8.259727478027344,20.135337829589844,6.915729522705078,10.068147659301758,10.736945152282715,14.42922592163086,7.003461837768555,8.201028823852539,,,,,,,,,,,12.78807544708252,6.46956205368042,10.272095680236816,21.59621238708496,10.053607940673828,12.853578567504883,15.600567817687988,16.201763153076172,11.003244400024414,11.042054176330566,,,,,,,,,,,,,,,,,,,,,,,,,,,,,,,,,,,,,,,,
1,279,0.42324674129486084,0.4247528314590454,0.45023012161254883,0.27248305082321167,0.4514316916465759,0.48312631249427795,0.3402845859527588,0.3462269902229309,0.8393575549125671,0.20132741332054138,6.881319999694824,5.607027530670166,7.295537948608398,5.304880142211914,7.6011962890625,9.455076217651367,6.449955940246582,5.115050315856934,9.760750770568848,5.3424072265625,,,,,,,,,,,8.761629104614258,7.214901924133301,9.667828559875488,7.256457328796387,9.613813400268555,11.264351844787598,9.5453519821167,6.939675331115723,10.517119407653809,6.8351593017578125,,,,,,,,,,,,,,,,,,,,,,,,,,,,,,,,,,,,,,,,
1,284,0.39981305599212646,0.3483443260192871,0.6258290410041809,0.28684064745903015,0.4448623061180115,0.5106419920921326,0.1336566060781479,0.6597691774368286,0.18172667920589447,0.4066464900970459,6.804495334625244,5.092781066894531,9.391801834106445,6.000643253326416,6.5091376304626465,9.867223739624023,4.8511834144592285,7.658537864685059,4.124125957489014,7.745025157928467,,,,,,,,,,,8.519046783447266,6.533812522888184,11.398284912109375,7.4451799392700195,9.543604850769043,11.580682754516602,5.982269287109375,9.57976245880127,4.893647193908691,9.714170455932617,,,,,,,,,,,,,,,,,,,,,,,,,,,,,,,,,,,,,,,,
1,289,0.42723026871681213,0.55069899559021,0.17630106210708618,0.3971129059791565,0.23719409108161926,0.16352404654026031,0.3553889989852905,1.2059651613235474,0.5528718829154968,0.20601500570774078,6.570249080657959,7.164018630981445,5.191023826599121,5.938240051269531,5.364308834075928,5.4663519859313965,7.876382350921631,9.25132942199707,7.235561370849609,5.645026206970215,,,,,,,,,,,8.300414085388184,8.215224266052246,6.049773693084717,8.76015567779541,6.9686970710754395,6.553399562835693,9.754899024963379,12.951680183410645,8.535628318786621,6.9142746925354,,,,,,,,,,,,,,,,,,,,,,,,,,,,,,,,,,,,,,,,
1,294,0.6349436044692993,0.49020421504974365,0.5497072339057922,0.452208936214447,0.30664074420928955,0.6875491142272949,0.5205064415931702,0.9490047693252563,1.4648778438568115,0.29379311203956604,8.683934211730957,6.129344940185547,7.947038173675537,7.710642337799072,7.4316205978393555,11.538171768188477,8.889415740966797,9.981938362121582,11.948450088500977,6.578794002532959,,,,,,,,,,,10.509825706481934,7.750876426696777,10.682609558105469,9.348123550415039,7.923454761505127,13.437786102294922,11.805484771728516,11.489282608032227,13.89389419555664,8.256918907165527,,,,,,,,,,,,,,,,,,,,,,,,,,,,,,,,,,,,,,,,
1,299,0.49278873205184937,0.425572007894516,0.11736835539340973,0.29392585158348083,1.3151439428329468,0.35729819536209106,0.2895875573158264,0.6053358316421509,0.17604811489582062,0.8548188209533691,7.254969120025635,6.288198947906494,3.4127261638641357,6.266990661621094,11.516956329345703,8.107782363891602,7.222815990447998,7.584566116333008,4.327090263366699,10.567595481872559,,,,,,,,,,,9.185925483703613,7.221855640411377,4.936136722564697,7.536571025848389,16.409156799316406,9.687044143676758,8.805636405944824,9.176074028015137,4.816581726074219,14.08426570892334,,,,,,,,,,,,,,,,,,,,,,,,,,,,,,,,,,,,,,,,
1,304,0.3461616337299347,0.4092816710472107,0.2244502604007721,0.3255910873413086,0.14041468501091003,0.25712132453918457,0.12829774618148804,0.676744282245636,0.2530352771282196,0.7005181908607483,5.810572147369385,5.097626209259033,5.613839149475098,5.981040000915527,4.6325225830078125,6.1373748779296875,4.220949649810791,6.495290279388428,5.302947044372559,8.813563346862793,,,,,,,,,,,7.7230658531188965,7.0822858810424805,6.826085090637207,7.932153701782227,5.36174201965332,8.217597961425781,5.861115455627441,9.702218055725098,5.774492263793945,12.749903678894043,,,,,,,,,,,,,,,,,,,,,,,,,,,,,,,,,,,,,,,,
1,309,0.635685920715332,0.48801547288894653,0.6027047038078308,0.6500778198242188,0.7453359961509705,0.7471274137496948,0.8288843631744385,0.8541145324707031,0.5039620399475098,0.3009510040283203,8.747994422912598,6.410944938659668,8.241317749023438,8.130876541137695,10.881796836853027,12.402413368225098,10.789289474487305,8.335418701171875,7.062468528747559,6.477418422698975,,,,,,,,,,,10.976905822753906,7.733552932739258,11.185720443725586,11.208243370056152,12.353093147277832,14.007905006408691,14.897650718688965,10.899755477905273,8.149335861206055,8.356897354125977,,,,,,,,,,,,,,,,,,,,,,,,,,,,,,,,,,,,,,,,
1,314,0.3586980998516083,0.3512782156467438,0.18099646270275116,0.22627189755439758,0.47411519289016724,0.32624879479408264,0.3244504928588867,0.2117719054222107,0.5460063815116882,0.5871437788009644,6.965383529663086,5.809104919433594,4.884550094604492,5.4230852127075195,7.8372297286987305,8.139494895935059,8.123903274536133,4.831790447235107,7.216695308685303,10.422595024108887,,,,,,,,,,,8.146195411682129,6.561269760131836,6.129805564880371,6.6125688552856445,9.85239028930664,9.256575584411621,9.320624351501465,5.427412986755371,8.482465744018555,11.672648429870605,,,,,,,,,,,,,,,,,,,,,,,,,,,,,,,,,,,,,,,,
1,319,0.5282867550849915,0.4060783386230469,0.38028350472450256,0.5719425678253174,0.47097957134246826,0.38249513506889343,0.5010585784912109,0.6963108777999878,1.1054539680480957,0.2399781048297882,7.705570697784424,5.948183059692383,6.183863639831543,7.453766822814941,8.01623821258545,8.372105598449707,8.611291885375977,9.598114967346191,10.091681480407715,5.074887752532959,,,,,,,,,,,9.6946382522583,7.054515361785889,8.885162353515625,10.513108253479004,9.819754600524902,10.022793769836426,11.582839965820312,9.84147834777832,12.069620132446289,7.46247673034668,,,,,,,,,,,,,,,,,,,,,,,,,,,,,,,,,,,,,,,,
1,324,0.3997865617275238,0.6477327346801758,0.28912922739982605,0.2976168990135193,0.40433186292648315,0.4182882010936737,0.08118611574172974,0.240534707903862,0.9244550466537476,0.29480409622192383,6.687407493591309,8.177589416503906,6.082241058349609,6.123754501342773,5.862025737762451,8.615344047546387,3.5908496379852295,5.18275260925293,9.108272552490234,7.443837642669678,,,,,,,,,,,8.175081253051758,8.909640312194824,7.747429370880127,7.583744525909424,9.098475456237793,10.481264114379883,4.662423133850098,5.784257888793945,11.037384986877441,8.271112442016602,,,,,,,,,,,,,,,,,,,,,,,,,,,,,,,,,,,,,,,,
1,329,0.4960782825946808,0.4117967486381531,0.7666013836860657,0.28800272941589355,0.5772191286087036,0.46183377504348755,0.8259640336036682,0.13605378568172455,0.11327992379665375,0.8839530348777771,8.05626392364502,6.068946838378906,11.31623363494873,6.852423191070557,8.861617088317871,8.852421760559082,11.683743476867676,3.6899521350860596,3.5011253356933594,11.679908752441406,,,,,,,,,,,9.607937812805176,7.104012489318848,12.615266799926758,7.460246562957764,10.871012687683105,11.01333236694336,14.871382713317871,4.350248336791992,3.8636677265167236,14.32226848602295,,,,,,,,,,,,,,,,,,,,,,,,,,,,,,,,,,,,,,,,
1,334,0.5901406407356262,0.6628994941711426,0.41978415846824646,0.6603888273239136,0.6113976836204529,0.5254052877426147,0.5169370174407959,0.28664976358413696,1.1076267957687378,0.5201764106750488,8.275097846984863,7.577888011932373,7.242581367492676,10.081048011779785,7.719202995300293,7.396762371063232,9.493755340576172,4.955885410308838,10.500977516174316,9.507780075073242,,,,,,,,,,,10.414240837097168,9.013347625732422,9.335223197937012,11.296783447265625,11.188234329223633,11.746893882751465,11.764937400817871,6.3144354820251465,12.081476211547852,10.986832618713379,,,,,,,,,,,,,,,,,,,,,,,,,,,,,,,,,,,,,,,,
1,339,0.30192050337791443,0.5869616866111755,0.24975773692131042,0.1882815808057785,0.1084972694516182,0.28916865587234497,0.27263903617858887,0.35655516386032104,0.3885020911693573,0.2769213616847992,5.7694878578186035,6.129246711730957,5.8385186195373535,5.373169422149658,3.926143169403076,6.814188480377197,7.4931840896606445,5.158193111419678,5.165189266204834,6.027556896209717,,,,,,,,,,,7.32219934463501,8.481391906738281,7.200640678405762,6.0319647789001465,4.713126182556152,8.714680671691895,8.54407024383545,7.042423248291016,7.155170440673828,8.016326904296875,,,,,,,,,,,,,,,,,,,,,,,,,,,,,,,,,,,,,,,,
1,344,0.3928941488265991,0.7471699118614197,0.11982878297567368,0.24736100435256958,0.21336542069911957,0.46376529335975647,0.7333452701568604,0.11708827316761017,0.5663305521011353,0.3277928829193115,6.613560199737549,7.387141227722168,4.204549312591553,6.331428050994873,5.286718845367432,8.548127174377441,10.071871757507324,3.551219940185547,6.831123352050781,7.309857368469238,,,,,,,,,,,8.28058910369873,9.56911849975586,4.987607002258301,6.913858413696289,6.6093950271606445,11.036338806152344,14.01280403137207,4.035667896270752,8.638896942138672,8.7216157913208,,,,,,,,,,,,,,,,,,,,,,,,,,,,,,,,,,,,,,,,
1,349,0.45391136407852173,0.3554821014404297,0.45047450065612793,0.34640857577323914,0.21503207087516785,0.17051467299461365,0.31672751903533936,0.5881403088569641,1.4495580196380615,0.19286474585533142,6.687902927398682,5.702017307281494,7.4315104484558105,6.325521945953369,5.148983955383301,5.462304592132568,6.9647111892700195,6.510053634643555,11.646940231323242,4.999082565307617,,,,,,,,,,,8.504964828491211,6.600413799285889,9.670451164245605,8.181806564331055,6.635157585144043,6.692013263702393,9.209026336669922,9.044805526733398,13.821051597595215,6.6899614334106445,,,,,,,,,,,,,,,,,,,,,,,,,,,,,,,,,,,,,,,,
1,354,0.5305570363998413,0.5328108072280884,0.15221066772937775,0.60239177942276,0.5967592000961304,0.6981440186500549,0.6883301734924316,0.3003300428390503,0.7234139442443848,0.4806228280067444,8.198155403137207,6.830173492431641,5.003006935119629,9.2777738571167,8.786730766296387,11.288493156433105,11.702199935913086,5.719318389892578,6.847485542297363,8.328224182128906,,,,,,,,,,,9.938843727111816,8.080696105957031,5.621266841888428,10.789328575134277,11.053483963012695,13.540926933288574,13.575918197631836,6.463356018066406,9.763751983642578,10.560861587524414,,,,,,,,,,,,,,,,,,,,,,,,,,,,,,,,,,,,,,,,
1,359,0.39001622796058655,0.2896968424320221,0.058739256113767624,0.13447025418281555,0.3782966732978821,0.5887328386306763,0.7322887778282166,0.6267541646957397,0.4237769842147827,0.2773902416229248,6.539593696594238,4.974521160125732,2.484111785888672,3.820223331451416,6.278684139251709,9.044743537902832,11.285722732543945,7.654998779296875,6.533447265625,6.779887676239014,,,,,,,,,,,8.29102611541748,5.958461761474609,3.4920129776000977,5.097626209259033,8.800673484802246,12.434690475463867,14.002706527709961,9.33699893951416,7.47294807434082,8.023111343383789,,,,,,,,,,,,,,,,,,,,,,,,,,,,,,,,,,,,,,,,
1,364,1.137475609779358,0.6566755175590515,1.88772451877594,1.4560343027114868,0.5402901768684387,0.5657678246498108,1.0707428455352783,1.4142154455184937,1.7936358451843262,0.8521943688392639,12.07043170928955,7.3823699951171875,17.031278610229492,13.019821166992188,8.819498062133789,10.037294387817383,13.757418632507324,13.300202369689941,13.369110107421875,11.916891098022461,,,,,,,,,,,14.293659210205078,8.97093391418457,19.796159744262695,16.77415657043457,10.51751708984375,12.1897554397583,16.932199478149414,14.025440216064453,15.374125480651855,14.062630653381348,,,,,,,,,,,,,,,,,,,,,,,,,,,,,,,,,,,,,,,,
1,369,0.8861287236213684,1.0483288764953613,0.7200785279273987,1.330055594444275,0.6570132970809937,1.188603162765503,0.5712935328483582,0.8615652322769165,1.1858367919921875,0.41238313913345337,9.1258544921875,9.241802215576172,9.272285461425781,10.957139015197754,8.783709526062012,11.899544715881348,7.694218635559082,7.146307945251465,9.800802230834961,7.336883544921875,,,,,,,,,,,12.717564582824707,11.334726333618164,12.226484298706055,16.03207778930664,11.59809684753418,17.66827964782715,12.36802864074707,10.94719409942627,12.500740051269531,9.782450675964355,,,,,,,,,,,,,,,,,,,,,,,,,,,,,,,,,,,,,,,,
1,374,0.4089302122592926,0.15008538961410522,0.6134673357009888,0.5226542353630066,0.4459260404109955,0.2008463442325592,0.4790988564491272,0.28266432881355286,0.7434759140014648,0.24215321242809296,7.174709796905518,3.569599151611328,9.135858535766602,9.524518013000488,8.63979721069336,5.515495300292969,9.489959716796875,5.250257968902588,7.2521562576293945,6.194749355316162,,,,,,,,,,,8.603631019592285,4.28875732421875,11.285150527954102,10.049908638000488,9.555008888244629,7.262861728668213,11.326176643371582,6.270385265350342,9.898211479187012,7.496220111846924,,,,,,,,,,,,,,,,,,,,,,,,,,,,,,,,,,,,,,,,
1,379,0.8955181241035461,0.32177525758743286,0.7153506278991699,0.9869197607040405,0.9797194004058838,0.730848491191864,0.44095948338508606,2.0341854095458984,1.0537841320037842,0.796120285987854,10.057515144348145,5.2278151512146,10.260237693786621,10.584854125976562,12.040313720703125,12.13484001159668,8.070971488952637,14.043966293334961,8.538546562194824,9.616089820861816,,,,,,,,,,,12.595189094543457,6.279695987701416,12.186280250549316,13.810068130493164,14.162846565246582,13.854456901550293,10.866009712219238,16.821083068847656,11.784173965454102,13.5920991897583,,,,,,,,,,,,,,,,,,,,,,,,,,,,,,,,,,,,,,,,
1,384,0.3439505994319916,0.7794167995452881,0.1592448204755783,0.43982213735580444,0.12240483611822128,0.24981169402599335,0.38042616844177246,0.31694841384887695,0.2161097526550293,0.4313706159591675,6.247124195098877,7.544765949249268,4.594291687011719,7.296148300170898,4.3588032722473145,6.573073387145996,8.27685260772705,5.191389083862305,4.128701210021973,8.260091781616211,,,,,,,,,,,7.769163608551025,9.773432731628418,5.749687671661377,9.21920394897461,5.006092548370361,8.099947929382324,10.092668533325195,6.639769554138184,5.336548805236816,10.00512409210205,,,,,,,,,,,,,,,,,,,,,,,,,,,,,,,,,,,,,,,,
1,387,,,,,,,,,,,7.496420860290527,6.186212062835693,7.371754169464111,7.156806468963623,7.5836029052734375,9.027373313903809,8.295308113098145,6.980590343475342,6.9296722412109375,7.936472415924072,0.46735313534736633,0.45690804719924927,0.5428023934364319,0.5486636161804199,0.49348950386047363,0.40759772062301636,0.46060818433761597,0.4223959445953369,0.39452773332595825,0.47918492555618286,9.704486846923828,7.948680877685547,9.593708038330078,9.30193042755127,9.985949516296387,11.746092796325684,10.829671859741211,8.855369567871094,8.82288932800293,10.256086349487305,0.5305526852607727,0.5584048628807068,0.5572929382324219,0.39544233679771423,0.5814096927642822,0.598964512348175,0.5431743860244751,0.47039148211479187,0.5359371304512024,0.5339563488960266,7.677865028381348,5.966579437255859,7.741705894470215,6.613960266113281,8.517873764038086,9.811317443847656,9.450397491455078,6.038497447967529,6.671382904052734,8.289066314697266,0.4298972487449646,0.43546807765960693,0.5636539459228516,0.5626896619796753,0.32022786140441895,0.4642109274864197,0.44283527135849,0.325239360332489,0.28043675422668457,0.47431331872940063,10.12315845489502,8.313971519470215,10.127466201782227,9.82422924041748,11.155186653137207,12.584972381591797,11.932915687561035,7.658169269561768,8.626018524169922,10.885499954223633
2,389,0.412028044462204,0.4677530527114868,0.36185652017593384,0.399774968624115,0.5631895065307617,0.610843300819397,0.20833545923233032,0.28197842836380005,0.24089603126049042,0.5736251473426819,7.273939609527588,6.324230670928955,8.156357765197754,6.457523345947266,8.660988807678223,10.043427467346191,5.802885055541992,5.388780117034912,4.450785160064697,10.180472373962402,,,,,,,,,,,8.81505298614502,7.571301460266113,8.667220115661621,8.789469718933105,10.73808765411377,12.666036605834961,7.4688262939453125,6.262772560119629,5.634275436401367,11.537487983703613,,,,,,,,,,,,,,,,,,,,,,,,,,,,,,,,,,,,,,,,
2,394,0.3997946083545685,0.5029587745666504,0.18501362204551697,0.1164730116724968,0.538661777973175,0.5930325984954834,0.34122347831726074,0.17227739095687866,0.5495542883872986,0.5989567041397095,6.853786468505859,5.90451192855835,5.6934051513671875,4.257510185241699,7.502745628356934,10.434164047241211,7.0738725662231445,4.701911926269531,6.9909138679504395,9.125043869018555,,,,,,,,,,,8.503071784973145,7.8510637283325195,6.1974568367004395,4.7442498207092285,10.501654624938965,12.480016708374023,9.558511734008789,4.895226955413818,8.509981155395508,11.789485931396484,,,,,,,,,,,,,,,,,,,,,,,,,,,,,,,,,,,,,,,,
2,399,0.41622331738471985,0.37165966629981995,0.6920202970504761,0.4440615177154541,1.0947281122207642,0.261521577835083,0.2807055413722992,0.08949106186628342,0.32289838790893555,0.18892377614974976,6.118518352508545,4.631370544433594,8.065771102905273,5.727510452270508,9.689188003540039,6.5959792137146,5.836039066314697,3.278148889541626,5.657299995422363,5.585354328155518,,,,,,,,,,,8.511016845703125,6.748930931091309,11.98591136932373,9.263528823852539,14.971067428588867,8.287615776062012,8.669544219970703,3.5281622409820557,6.523133277893066,6.621257781982422,,,,,,,,,,,,,,,,,,,,,,,,,,,,,,,,,,,,,,,,
2,404,0.30358415842056274,0.29973188042640686,0.23604336380958557,0.16117696464061737,0.27928799390792847,0.4411948025226593,0.24690383672714233,0.41467201709747314,0.17562314867973328,0.47762343287467957,5.969858646392822,4.672576904296875,5.827220916748047,4.609095096588135,5.9473876953125,9.01276969909668,5.607636451721191,5.043611526489258,4.40110445022583,8.607329368591309,,,,,,,,,,,7.559139728546143,6.0607829093933105,7.0001540184021,5.580926895141602,7.561810493469238,10.76443099975586,8.130826950073242,7.594707489013672,4.810764789581299,10.52785873413086,,,,,,,,,,,,,,,,,,,,,,,,,,,,,,,,,,,,,,,,
2,409,0.3416481614112854,0.18741962313652039,0.04333297908306122,0.27114272117614746,0.3008016049861908,0.42583805322647095,0.6178570985794067,0.5806083083152771,0.317875474691391,0.3299574851989746,6.517671585083008,4.175038814544678,2.3797543048858643,6.123401641845703,6.957943439483643,8.197362899780273,10.355923652648926,8.705122947692871,4.678685665130615,7.085809230804443,,,,,,,,,,,7.836112976074219,4.7925848960876465,2.999307155609131,7.238587856292725,7.847651958465576,10.575431823730469,12.862186431884766,8.986701965332031,6.472197532653809,8.7503662109375,,,,,,,,,,,,,,,,,,,,,,,,,,,,,,,,,,,,,,,,
2,414,0.6747737526893616,0.755481481552124,0.32057255506515503,0.33382028341293335,0.6182650923728943,0.5251709818840027,0.5645543932914734,1.1917400360107422,0.9626327753067017,0.8007261157035828,9.385954856872559,7.841705322265625,7.283761501312256,6.879017353057861,9.77547550201416,10.345964431762695,9.792587280273438,12.014619827270508,8.967265129089355,11.573195457458496,,,,,,,,,,,10.98569393157959,9.62219524383545,8.157833099365234,8.031769752502441,11.250893592834473,11.744275093078613,12.294862747192383,12.875065803527832,11.26298713684082,13.631360054016113,,,,,,,,,,,,,,,,,,,,,,,,,,,,,,,,,,,,,,,,
2,419,0.32024887204170227,0.5390508770942688,0.2764696478843689,0.16533952951431274,0.14909659326076508,0.8658376336097717,0.3107123076915741,0.04025059565901756,0.23568706214427948,0.2997957766056061,6.253134727478027,6.673721790313721,6.69525146484375,5.309839248657227,4.871616840362549,11.951193809509277,7.147331237792969,2.366164207458496,4.192322254180908,7.0707688331604,,,,,,,,,,,7.4846978187561035,8.127877235412598,7.5759196281433105,5.652534484863281,5.525015354156494,15.079747200012207,9.121158599853516,2.366164207458496,5.57302713394165,8.340843200683594,,,,,,,,,,,,,,,,,,,,,,,,,,,,,,,,,,,,,,,,
2,424,0.34887948632240295,0.11513392627239227,0.30882155895233154,0.1919005811214447,0.202052041888237,0.8277861475944519,0.2987479567527771,0.3555788993835449,0.47439128160476685,0.3655031621456146,6.273946285247803,3.083862781524658,7.413816452026367,5.376485347747803,5.108330249786377,8.809234619140625,7.114495277404785,6.26629114151001,6.240146160125732,7.052854061126709,,,,,,,,,,,8.013582229614258,3.7563316822052,8.006919860839844,6.089659690856934,6.43178129196167,14.744667053222656,8.94382381439209,7.032775402069092,7.906633377075195,9.20964241027832,,,,,,,,,,,,,,,,,,,,,,,,,,,,,,,,,,,,,,,,
2,429,0.5839349627494812,0.7843753099441528,0.5406957864761353,0.6499136090278625,0.3268972635269165,0.7092145085334778,0.29511958360671997,0.7844176292419434,0.966127872467041,0.1986529529094696,8.404426574707031,6.777082443237305,9.399710655212402,9.313961029052734,6.739915370941162,11.243245124816895,7.06892204284668,8.56502628326416,11.170822143554688,5.361152172088623,,,,,,,,,,,10.09364128112793,9.804471969604492,10.594688415527344,11.206828117370605,8.18097972869873,13.647862434387207,8.8893461227417,10.445576667785645,11.283416748046875,6.789608478546143,,,,,,,,,,,,,,,,,,,,,,,,,,,,,,,,,,,,,,,,
2,434,0.6009514927864075,0.9401241540908813,0.6145012378692627,0.23545198142528534,0.6999058723449707,0.879768431186676,0.35062912106513977,0.31730300188064575,0.8008036613464355,0.570076584815979,8.576451301574707,7.846704959869385,9.136573791503906,5.441269874572754,10.455928802490234,11.017337799072266,8.532892227172852,5.62293004989624,9.719416618347168,9.415006637573242,,,,,,,,,,,10.450273513793945,10.733835220336914,11.294657707214355,6.74537467956543,11.970697402954102,15.20057487487793,9.689352989196777,6.643482685089111,10.272740364074707,11.501747131347656,,,,,,,,,,,,,,,,,,,,,,,,,,,,,,,,,,,,,,,,
2,439,0.47093138098716736,0.29299139976501465,0.32516539096832275,0.15666618943214417,0.4766460359096527,1.1829164028167725,0.3585035502910614,0.5230591297149658,0.608871579170227,0.3135626018047333,7.474369525909424,4.500608921051025,6.2117414474487305,4.353740215301514,7.683195114135742,13.615240097045898,8.478707313537598,6.504560947418213,8.825600624084473,7.095929145812988,,,,,,,,,,,9.22557258605957,5.992247104644775,8.216064453125,5.5022783279418945,9.878650665283203,17.625967025756836,9.797550201416016,8.529706954956055,8.95748519897461,8.530200958251953,,,,,,,,,,,,,,,,,,,,,,,,,,,,,,,,,,,,,,,,
2,444,0.7243987321853638,0.9033640623092651,0.5051433444023132,0.4550960659980774,0.9794490337371826,1.2931240797042847,0.9320950508117676,0.22566625475883484,0.37955066561698914,0.8460997343063354,9.645645141601562,7.239529609680176,9.276192665100098,7.080866813659668,12.080687522888184,16.712387084960938,11.464341163635254,5.129190444946289,7.072258949279785,10.755356788635254,,,,,,,,,,,11.690555572509766,10.521886825561523,10.240448951721191,9.377918243408203,14.16089153289795,18.428752899169922,15.797954559326172,5.602631092071533,7.072258949279785,14.012253761291504,,,,,,,,,,,,,,,,,,,,,,,,,,,,,,,,,,,,,,,,
2,449,0.3833250403404236,0.2463555485010147,0.3456949293613434,0.35670819878578186,0.3481907546520233,0.5104578137397766,0.6359407901763916,0.261938214302063,0.26967331767082214,0.47496575117111206,6.995950698852539,3.774825096130371,7.474430561065674,7.505835056304932,7.7082414627075195,9.812589645385742,10.333456993103027,4.551279544830322,3.8288979530334473,7.973995685577393,,,,,,,,,,,8.648393630981445,5.494692802429199,8.471458435058594,8.302549362182617,8.443222999572754,11.578593254089355,13.049057960510254,6.036124229431152,5.961318492889404,10.498527526855469,,,,,,,,,,,,,,,,,,,,,,,,,,,,,,,,,,,,,,,,
2,454,0.44784608483314514,0.7678027153015137,0.1487349271774292,0.16673050820827484,0.536851704120636,0.85731440782547,0.38738465309143066,0.8493544459342957,0.059927403926849365,0.25651392340660095,7.23177433013916,7.73291540145874,4.836411476135254,4.912253379821777,8.76602554321289,12.35473346710205,8.157524108886719,10.528295516967773,2.1366164684295654,5.661189556121826,,,,,,,,,,,8.66689395904541,9.700343132019043,5.556715488433838,5.676261901855469,10.483994483947754,15.005342483520508,10.184553146362305,10.869340896606445,2.8101918697357178,7.715297222137451,,,,,,,,,,,,,,,,,,,,,,,,,,,,,,,,,,,,,,,,
2,459,0.32668060064315796,0.4465969204902649,0.19094790518283844,0.32554277777671814,0.09026308357715607,0.23129954934120178,0.3920951783657074,0.17159834504127502,0.5596433281898499,0.5321384072303772,6.009496212005615,5.892108917236328,5.452985763549805,6.489346027374268,3.1499392986297607,5.687049388885498,7.560702800750732,3.525918960571289,7.032672882080078,9.294740676879883,,,,,,,,,,,7.616744041442871,7.398098945617676,6.2960638999938965,7.931565761566162,4.2988739013671875,7.794051647186279,10.246288299560547,4.885570526123047,8.587740898132324,11.112442016601562,,,,,,,,,,,,,,,,,,,,,,,,,,,,,,,,,,,,,,,,
2,464,0.7595341801643372,0.37972137331962585,1.4495484828948975,1.1084299087524414,0.3026876151561737,0.47227931022644043,0.2409537136554718,1.2684826850891113,1.1632320880889893,0.45047229528427124,8.746965408325195,5.3011932373046875,14.277688026428223,10.668953895568848,6.140193939208984,8.013422012329102,6.004476547241211,9.029757499694824,10.113480567932129,9.173524856567383,,,,,,,,,,,11.3038330078125,6.821734428405762,17.347145080566406,14.63554859161377,7.872215270996094,11.137182235717773,8.032257080078125,13.283145904541016,12.381020545959473,10.224245071411133,,,,,,,,,,,,,,,,,,,,,,,,,,,,,,,,,,,,,,,,
2,469,0.36359283328056335,0.3453017771244049,0.2008613795042038,0.22015126049518585,0.22381657361984253,0.22409307956695557,0.39894890785217285,0.8515869379043579,0.45395779609680176,0.3536176383495331,6.408418655395508,5.198097229003906,5.638933181762695,5.433361053466797,5.408614158630371,5.5208587646484375,7.404224395751953,9.255192756652832,6.4635009765625,7.352983474731445,,,,,,,,,,,7.993153095245361,6.505215644836426,6.457432270050049,6.522520542144775,6.769331455230713,7.67167329788208,10.335451126098633,10.883615493774414,7.734477996826172,9.058664321899414,,,,,,,,,,,,,,,,,,,,,,,,,,,,,,,,,,,,,,,,
2,474,0.25654321908950806,0.25571340322494507,0.10344531387090683,0.174601748585701,0.4481421411037445,0.328357994556427,0.25415927171707153,0.33568117022514343,0.17538133263587952,0.2334064543247223,5.549601078033447,4.493654727935791,3.808190107345581,5.020369529724121,6.36812686920166,7.269643783569336,6.269116401672363,6.269913673400879,4.31864595413208,6.128750801086426,,,,,,,,,,,6.906190395355225,5.598078727722168,4.634117603302002,5.8087029457092285,9.57872200012207,9.286449432373047,8.249425888061523,6.833170413970947,4.807452201843262,7.359590530395508,,,,,,,,,,,,,,,,,,,,,,,,,,,,,,,,,,,,,,,,
2,479,0.40211910009384155,0.6313776969909668,0.35926225781440735,0.41422146558761597,0.26204121112823486,0.38834357261657715,0.4600679874420166,0.24535757303237915,0.4465210735797882,0.4118788540363312,7.088269233703613,5.641100883483887,7.509385585784912,8.551860809326172,6.206472873687744,7.676636219024658,8.005729675292969,5.606344223022461,6.527172565460205,8.069719314575195,,,,,,,,,,,8.687931060791016,8.796439170837402,8.636096000671387,8.946871757507324,7.324609279632568,10.099128723144531,11.098947525024414,5.841958522796631,7.670863151550293,9.776467323303223,,,,,,,,,,,,,,,,,,,,,,,,,,,,,,,,,,,,,,,,
2,484,0.41398346424102783,0.8308785557746887,0.10282211750745773,0.01720738224685192,0.5500991940498352,0.45190125703811646,0.5056493282318115,0.45617958903312683,0.588015615940094,0.22309812903404236,6.562754154205322,8.517777442932129,3.5235068798065186,1.588191032409668,7.398524284362793,8.023890495300293,7.59041690826416,7.965749740600586,8.752437591552734,5.704290390014648,,,,,,,,,,,8.182324409484863,10.090926170349121,4.620137691497803,1.8235273361206055,10.61255931854248,10.894257545471191,11.635778427124023,7.965749740600586,8.802736282348633,7.19523811340332,,,,,,,,,,,,,,,,,,,,,,,,,,,,,,,,,,,,,,,,
2,489,0.34916794300079346,0.4697706997394562,0.1793573796749115,0.122022844851017,0.39195942878723145,0.41752758622169495,0.15021160244941711,0.1256483942270279,0.7028452754020691,0.5831681489944458,6.06390905380249,5.975883960723877,4.709441184997559,4.142804145812988,7.200348377227783,7.307921409606934,5.3657026290893555,3.5775833129882812,6.968708038330078,9.326786994934082,,,,,,,,,,,7.750558853149414,7.587613582611084,6.101987361907959,4.855963706970215,8.958189010620117,10.47173023223877,6.341946125030518,4.180586338043213,9.623946189880371,11.633063316345215,,,,,,,,,,,,,,,,,,,,,,,,,,,,,,,,,,,,,,,,
2,494,0.3774225115776062,0.14413291215896606,0.7401074171066284,0.49828749895095825,0.3406662940979004,0.4548478126525879,0.3983219265937805,0.3311851918697357,0.1220865398645401,0.36716705560684204,6.728757381439209,3.6978821754455566,10.087472915649414,7.570116996765137,7.126477241516113,8.459355354309082,8.137929916381836,5.326258182525635,2.588890790939331,7.564427375793457,,,,,,,,,,,8.449830055236816,4.202849388122559,12.395357131958008,9.812844276428223,8.351495742797852,10.929717063903809,10.327326774597168,6.78725528717041,4.011041641235352,9.230581283569336,,,,,,,,,,,,,,,,,,,,,,,,,,,,,,,,,,,,,,,,
2,499,0.29845130443573,0.3468611538410187,0.32381507754325867,0.30290839076042175,0.5791303515434265,0.3629741072654724,0.3685700595378876,0.227931410074234,0.007699476554989815,0.16617165505886078,5.640130519866943,5.17772912979126,6.03517484664917,5.620248794555664,7.446634769439697,7.572261333465576,8.095589637756348,4.40383768081665,0.9555191993713379,5.454179286956787,,,,,,,,,,,7.311590671539307,6.519887447357178,8.198987007141113,7.6508660316467285,10.888995170593262,9.763683319091797,9.93415355682373,5.630679607391357,1.0072885751724243,6.20977258682251,,,,,,,,,,,,,,,,,,,,,,,,,,,,,,,,,,,,,,,,
2,504,0.4160930812358856,0.601080596446991,0.32649168372154236,0.5089346170425415,0.4271528124809265,0.478357195854187,0.513259768486023,0.5067638754844666,0.13398154079914093,0.24881578981876373,7.285486221313477,7.5030903816223145,6.9905290603637695,9.334857940673828,8.090865135192871,10.032971382141113,9.992799758911133,4.614686965942383,3.058286190032959,5.951286315917969,,,,,,,,,,,8.80137825012207,8.582792282104492,8.232803344726562,9.917126655578613,9.351716041564941,11.208616256713867,11.723017692565918,8.395790100097656,4.201900482177734,7.598645210266113,,,,,,,,,,,,,,,,,,,,,,,,,,,,,,,,,,,,,,,,
2,509,0.6207271218299866,0.3184136748313904,0.7021042704582214,0.6392866373062134,0.5850425958633423,0.575705349445343,0.3254088759422302,0.6407436728477478,1.4536032676696777,0.3462359607219696,8.274030685424805,5.392189025878906,7.485928058624268,6.03011417388916,9.0276460647583,10.140016555786133,7.897066116333008,7.759167671203613,12.738296508789062,7.995847225189209,,,,,,,,,,,10.472699165344238,6.246808052062988,12.072924613952637,11.114826202392578,10.944436073303223,12.296343803405762,9.334380149841309,9.440628051757812,13.840322494506836,8.963617324829102,,,,,,,,,,,,,,,,,,,,,,,,,,,,,,,,,,,,,,,,
2,514,0.36004626750946045,0.5870825052261353,0.09026260673999786,0.26535797119140625,0.4513417184352875,0.38142889738082886,0.24434034526348114,0.3915100395679474,0.4242839217185974,0.40480828285217285,6.699077606201172,6.78688907623291,3.523829936981201,6.690901279449463,8.458246231079102,7.9416046142578125,6.704300403594971,5.757208347320557,6.602723598480225,7.825995445251465,,,,,,,,,,,8.025704383850098,8.48226547241211,4.328780651092529,7.160955429077148,9.612854957580566,10.008814811706543,8.088507652282715,7.379554748535156,7.477416515350342,9.692190170288086,,,,,,,,,,,,,,,,,,,,,,,,,,,,,,,,,,,,,,,,
2,519,0.5171496272087097,0.5748003125190735,0.5315121412277222,0.5254185199737549,0.3047317564487457,0.6213986873626709,0.2636638283729553,0.5623027086257935,0.8248240351676941,0.44569432735443115,7.639344215393066,6.456050395965576,8.761109352111816,8.045516014099121,5.409592151641846,9.13406753540039,7.586625576019287,7.638318061828613,8.273797988891602,7.4490180015563965,,,,,,,,,,,9.721034049987793,8.393068313598633,10.504325866699219,10.07645034790039,7.898752212524414,12.775003433227539,8.40225887298584,8.84389877319336,10.42566967010498,10.169878959655762,,,,,,,,,,,,,,,,,,,,,,,,,,,,,,,,,,,,,,,,
2,524,0.36540487408638,0.38111841678619385,0.20924155414104462,0.2968584895133972,0.7123925089836121,0.24765707552433014,0.25479769706726074,0.26528671383857727,0.5166535377502441,0.4046379029750824,6.280960559844971,5.193241596221924,4.776514053344727,5.69580078125,8.059171676635742,6.165371894836426,6.804658889770508,5.062487602233887,7.071130275726318,7.700267314910889,,,,,,,,,,,8.157430648803711,6.834271430969238,6.590762138366699,7.574075222015381,12.077007293701172,8.06494140625,8.259780883789062,6.074583053588867,8.251311302185059,9.690149307250977,,,,,,,,,,,,,,,,,,,,,,,,,,,,,,,,,,,,,,,,
2,529,0.41082242131233215,0.1719742715358734,0.629907488822937,0.6374773383140564,0.32128027081489563,0.4411187767982483,0.5496571063995361,0.10467338562011719,0.2665594518184662,0.5747537612915039,7.290586948394775,3.178363561630249,10.195079803466797,9.248786926269531,6.072351932525635,8.482470512390137,10.54680347442627,3.8113949298858643,4.991318702697754,9.088706970214844,,,,,,,,,,,8.824681282043457,4.590859413146973,11.435365676879883,11.099087715148926,8.11038875579834,10.763503074645996,12.131561279296875,3.815723419189453,5.926800727844238,11.548833847045898,,,,,,,,,,,,,,,,,,,,,,,,,,,,,,,,,,,,,,,,
2,534,0.3463114798069,0.3951253592967987,0.20374925434589386,0.468455970287323,0.12070143967866898,0.5170314311981201,0.17233073711395264,0.6167261600494385,0.27221789956092834,0.3504652678966522,6.280268669128418,6.364987373352051,4.681365013122559,6.645651340484619,4.2182111740112305,8.21409797668457,5.387968063354492,7.991578102111816,4.797101974487305,8.221456527709961,,,,,,,,,,,7.851495742797852,6.958725452423096,6.503687858581543,9.514572143554688,4.9711384773254395,11.652908325195312,6.79285192489624,9.262001991271973,5.989376544952393,9.018197059631348,,,,,,,,,,,,,,,,,,,,,,,,,,,,,,,,,,,,,,,,
2,539,0.373638778924942,0.5775861144065857,0.2866508364677429,0.23162879049777985,0.4611920118331909,0.2026960253715515,0.19240623712539673,0.6376351118087769,0.5785287022590637,0.19442537426948547,6.653889179229736,6.958449363708496,6.865664482116699,5.383193016052246,7.6382670402526855,6.682921886444092,6.039498805999756,7.771996021270752,7.389092445373535,5.155920028686523,,,,,,,,,,,7.986118793487549,8.413383483886719,7.714153289794922,6.690384864807129,9.71718692779541,7.296228885650635,7.177618503570557,9.417699813842773,8.731436729431152,6.716974258422852,,,,,,,,,,,,,,,,,,,,,,,,,,,,,,,,,,,,,,,,
2,544,0.4262850284576416,0.6561790704727173,0.4403282701969147,0.36760562658309937,0.12851345539093018,0.2224862426519394,0.14464768767356873,0.349912166595459,1.0409624576568604,0.48593059182167053,6.936727523803711,6.440921306610107,7.201031684875488,6.872586250305176,4.554266929626465,6.291518688201904,5.398975372314453,6.140161991119385,10.308616638183594,9.222464561462402,,,,,,,,,,,8.362407684326172,8.967541694641113,9.56092643737793,8.42841625213623,5.129487037658691,7.6441192626953125,6.22338342666626,6.976510047912598,11.712262153625488,10.619016647338867,,,,,,,,,,,,,,,,,,,,,,,,,,,,,,,,,,,,,,,,
2,549,0.6734991073608398,0.3199937343597412,0.6931339502334595,0.500524640083313,1.0073254108428955,0.46636152267456055,0.7319382429122925,1.0839828252792358,0.992953896522522,0.2652776837348938,9.272260665893555,5.49470329284668,11.104585647583008,8.463211059570312,11.255615234375,9.102179527282715,10.68083381652832,11.773287773132324,9.392719268798828,6.1832122802734375,,,,,,,,,,,11.009377479553223,6.262287139892578,11.995550155639648,9.834846496582031,14.360995292663574,11.067185401916504,13.999354362487793,12.279195785522461,11.438994407653809,7.845986366271973,,,,,,,,,,,,,,,,,,,,,,,,,,,,,,,,,,,,,,,,
2,554,0.33398452401161194,0.5172548890113831,0.4530978202819824,0.29810407757759094,0.3454741835594177,0.37177079916000366,0.1725391000509262,0.38896411657333374,0.09146289527416229,0.36719271540641785,6.19049072265625,6.154403209686279,8.00638198852539,4.787179470062256,6.299008846282959,8.120240211486816,5.646384239196777,5.745428562164307,3.3407185077667236,7.614675045013428,,,,,,,,,,,7.821889400482178,7.961860656738281,9.698569297790527,7.589948654174805,8.410222053527832,9.88128662109375,6.796957969665527,7.3555216789245605,3.4717283248901367,9.230904579162598,,,,,,,,,,,,,,,,,,,,,,,,,,,,,,,,,,,,,,,,
2,559,0.35112202167510986,0.13617637753486633,0.26803967356681824,0.5714545845985413,0.47188353538513184,0.39566051959991455,0.32540178298950195,0.09026148915290833,0.4421856999397278,0.4590343236923218,6.473026752471924,3.1957223415374756,6.153973579406738,8.589872360229492,7.832937240600586,8.084373474121094,7.4946370124816895,2.464524745941162,6.56745719909668,7.873743057250977,,,,,,,,,,,8.100936889648438,4.085198879241943,7.4595255851745605,10.508621215820312,9.82917594909668,10.193826675415039,9.33427906036377,3.543316602706909,7.633533954620361,10.320952415466309,,,,,,,,,,,,,,,,,,,,,,,,,,,,,,,,,,,,,,,,
2,564,0.35224682092666626,0.5990525484085083,0.23799534142017365,0.1863863170146942,0.2416536957025528,0.3011721968650818,0.41428130865097046,0.38884782791137695,0.6229614615440369,0.17787069082260132,6.502355098724365,7.486907005310059,5.904391765594482,4.740464687347412,5.863487720489502,8.121803283691406,7.745487213134766,5.955009460449219,7.30630350112915,5.397339344024658,,,,,,,,,,,7.87758731842041,8.568302154541016,7.029037952423096,6.001528739929199,7.033903121948242,8.893716812133789,10.532185554504395,7.354422569274902,9.06053638458252,6.424648761749268,,,,,,,,,,,,,,,,,,,,,,,,,,,,,,,,,,,,,,,,
2,569,0.3276902437210083,0.23755796253681183,0.025578677654266357,0.1533806174993515,0.415902704000473,0.26588281989097595,0.41100168228149414,0.574169397354126,0.6191766262054443,0.24656137824058533,5.892805576324463,4.3499836921691895,2.081094980239868,4.380653381347656,6.821465015411377,6.870307445526123,7.025744915008545,7.64251184463501,7.695424556732178,6.168061256408691,,,,,,,,,,,7.4169745445251465,5.395691394805908,2.3043618202209473,5.444275856018066,9.227744102478027,8.35643482208252,10.490412712097168,8.936731338500977,9.032970428466797,7.564143180847168,,,,,,,,,,,,,,,,,,,,,,,,,,,,,,,,,,,,,,,,
2,574,0.5082919001579285,0.9115821123123169,0.112556591629982,0.31921321153640747,0.1527089625597,0.11457226425409317,0.47458651661872864,0.7964144349098206,1.232839822769165,0.46015259623527527,6.859940528869629,7.752057075500488,4.1784467697143555,7.232212066650391,4.994349479675293,4.691439628601074,7.935208797454834,7.090109825134277,9.453808784484863,8.411835670471191,,,,,,,,,,,8.801345825195312,10.569639205932617,4.833893775939941,7.854079723358154,5.591546058654785,5.485492706298828,11.272714614868164,10.525148391723633,12.746078491210938,10.333516120910645,,,,,,,,,,,,,,,,,,,,,,,,,,,,,,,,,,,,,,,,
2,579,0.619347095489502,0.3483997583389282,1.5810701847076416,0.39840319752693176,0.15767420828342438,0.6289939880371094,0.5029320120811462,0.4171105623245239,0.8057660460472107,0.7337741255760193,8.758255004882812,4.637727737426758,16.0275936126709,7.621087074279785,4.69710636138916,10.7079439163208,8.425366401672363,6.563038349151611,9.396456718444824,10.747983932495117,,,,,,,,,,,10.503926277160645,6.534331798553467,18.11703872680664,8.774377822875977,5.6817216873168945,12.852840423583984,11.604473114013672,7.617006301879883,10.304519653320312,13.04903507232666,,,,,,,,,,,,,,,,,,,,,,,,,,,,,,,,,,,,,,,,
2,581,,,,,,,,,,,7.240841388702393,6.061585903167725,7.120406627655029,6.871050834655762,7.411947250366211,8.823366165161133,7.839979648590088,6.5702080726623535,6.556049346923828,7.91297721862793,0.5024435520172119,0.4740757942199707,0.5761375427246094,0.5885266065597534,0.5242427587509155,0.43582022190093994,0.5056620240211487,0.4786859154701233,0.44982147216796875,0.4890197515487671,9.381275177001953,7.82204008102417,9.23734188079834,8.881653785705566,9.678049087524414,11.462882041931152,10.367522239685059,8.412814140319824,8.410378456115723,10.158788681030273,0.5319611430168152,0.5858780145645142,0.6856911182403564,0.3552394509315491,0.564299464225769,0.5758785009384155,0.5614161491394043,0.4500064253807068,0.5025399923324585,0.5067012906074524,7.469391822814941,6.146278381347656,8.43484878540039,5.87639045715332,8.356359481811523,9.233830451965332,9.029502868652344,5.591098785400391,6.321874141693115,8.234344482421875,0.4228612780570984,0.38522958755493164,0.4387112259864807,0.6340289115905762,0.3173031210899353,0.479730486869812,0.4251776933670044,0.3268939256668091,0.2973483204841614,0.5013282299041748,10.18061351776123,8.676024436950684,11.486254692077637,8.98725414276123,11.179159164428711,12.4013671875,12.120529174804688,7.64877462387085,8.524049758911133,10.6021089553833
3,584,0.5692103505134583,0.34641900658607483,0.6365764737129211,0.6339629888534546,0.2912304401397705,0.6387348175048828,0.1804417371749878,1.1068817377090454,0.8911314606666565,0.3975147306919098,7.54302453994751,5.798388481140137,7.924560546875,6.984311580657959,6.445326805114746,9.447553634643555,5.013249397277832,10.085658073425293,8.89097785949707,7.297199726104736,,,,,,,,,,,9.950431823730469,6.515730381011963,11.495739936828613,11.068450927734375,7.721790790557861,12.951980590820312,6.950872421264648,12.408215522766113,10.836627960205078,9.60447883605957,,,,,,,,,,,,,,,,,,,,,,,,,,,,,,,,,,,,,,,,
3,589,0.3701126277446747,0.3327783942222595,0.9778128862380981,0.05357342213392258,0.371616005897522,0.7323697805404663,0.4579189419746399,0.07072679698467255,0.1841639131307602,0.15005363523960114,6.23154354095459,4.969181537628174,10.986152648925781,2.9926598072052,7.0805487632751465,10.366406440734863,8.082802772521973,2.5490760803222656,3.9237916469573975,5.13327169418335,,,,,,,,,,,7.942175388336182,6.3861613273620605,14.247528076171875,3.2175817489624023,8.722618103027344,13.868868827819824,11.07299518585205,3.1365389823913574,4.9263529777526855,5.900929927825928,,,,,,,,,,,,,,,,,,,,,,,,,,,,,,,,,,,,,,,,
3,594,0.8667409420013428,0.5650427341461182,1.1475969552993774,0.836026668548584,0.7665354609489441,0.7118597030639648,0.4484167993068695,1.0934017896652222,1.7355320453643799,0.49625593423843384,9.549939155578613,7.10272741317749,11.848878860473633,9.441758155822754,8.777835845947266,9.986559867858887,8.631147384643555,9.37385368347168,11.94018268585205,8.846510887145996,,,,,,,,,,,12.423572540283203,8.321524620056152,15.434989929199219,12.710567474365234,12.52754020690918,13.67329216003418,10.957505226135254,12.332427978515625,15.123056411743164,10.731243133544922,,,,,,,,,,,,,,,,,,,,,,,,,,,,,,,,,,,,,,,,
3,599,0.6613040566444397,0.6080565452575684,0.2872534394264221,0.12897203862667084,0.331803560256958,0.7119695544242859,0.5609220862388611,1.5632730722427368,0.6201428771018982,1.1393433809280396,8.798314094543457,6.243805885314941,6.603454113006592,4.084707736968994,6.721168518066406,10.630077362060547,10.953760147094727,12.316547393798828,8.29993724822998,13.3313627243042,,,,,,,,,,,10.618332862854004,8.632452964782715,7.722257137298584,4.992323398590088,8.242143630981445,13.674345970153809,12.255247116088867,14.746065139770508,9.04001522064209,16.260149002075195,,,,,,,,,,,,,,,,,,,,,,,,,,,,,,,,,,,,,,,,
3,604,0.5843785405158997,0.3788665235042572,0.48880383372306824,0.34915053844451904,0.8494874835014343,0.2321443110704422,1.1682343482971191,0.25589337944984436,0.4787122905254364,1.0581142902374268,8.229710578918457,5.652214050292969,8.450983047485352,7.669361114501953,9.613951683044434,6.122189998626709,12.93816089630127,4.919966697692871,6.92237663269043,11.778189659118652,,,,,,,,,,,10.373619079589844,6.814050674438477,10.073466300964355,8.21412467956543,13.18797492980957,7.8082709312438965,17.686250686645508,5.966068267822266,7.942561149597168,15.66980266571045,,,,,,,,,,,,,,,,,,,,,,,,,,,,,,,,,,,,,,,,
3,609,0.36573538184165955,0.23436181247234344,0.15068906545639038,0.30700820684432983,0.627321183681488,0.8143981099128723,0.5018213391304016,0.14117759466171265,0.17401190102100372,0.34082910418510437,6.888678550720215,4.777184009552002,5.113251686096191,7.140542984008789,8.649282455444336,11.235876083374023,9.234150886535645,3.947659492492676,3.8769993782043457,8.023157119750977,,,,,,,,,,,8.257536888122559,5.3592705726623535,5.593099117279053,7.702467441558838,11.332993507385254,14.624943733215332,11.591652870178223,4.431406497955322,4.7886457443237305,8.893352508544922,,,,,,,,,,,,,,,,,,,,,,,,,,,,,,,,,,,,,,,,
3,614,0.3211783468723297,0.22522000968456268,0.27446046471595764,0.15211200714111328,0.2538767158985138,0.606438159942627,0.4070935845375061,0.435441792011261,0.15113979578018188,0.38482269644737244,6.399031639099121,4.868056774139404,7.068925380706787,4.6880035400390625,6.029843807220459,9.189948081970215,8.566219329833984,6.454779624938965,3.7503814697265625,6.975128173828125,,,,,,,,,,,7.79882287979126,5.2537055015563965,7.548341751098633,5.4217143058776855,7.209598541259766,12.620284080505371,10.440418243408203,7.782582759857178,4.462854385375977,9.449906349182129,,,,,,,,,,,,,,,,,,,,,,,,,,,,,,,,,,,,,,,,
3,619,0.3806903064250946,0.7464200854301453,0.1379687786102295,0.17150337994098663,0.5264279842376709,0.4676496684551239,0.3335253596305847,0.14351288974285126,0.6172018051147461,0.28200265765190125,6.694388389587402,7.7919230461120605,4.683603286743164,5.59910249710083,7.839361667633057,7.194965839385986,7.474678993225098,4.347949504852295,8.281065940856934,7.0368475914001465,,,,,,,,,,,8.12925910949707,9.564315795898438,5.3518266677856445,5.756933212280273,10.381715774536133,11.082459449768066,9.450074195861816,4.467907428741455,9.018553733825684,8.089539527893066,,,,,,,,,,,,,,,,,,,,,,,,,,,,,,,,,,,,,,,,
3,624,0.4515016973018646,0.5454869270324707,0.26896998286247253,0.0970192477107048,0.6348516941070557,0.35943788290023804,0.5744801759719849,0.2960592210292816,0.5517158508300781,0.7354943752288818,7.2212677001953125,6.267280578613281,6.493656158447266,3.9287450313568115,8.933218002319336,7.891974925994873,10.453083038330078,5.219861030578613,6.193159103393555,9.61042594909668,,,,,,,,,,,9.05624771118164,8.176255226135254,7.47245979309082,4.329960346221924,11.400811195373535,9.716007232666016,12.402474403381348,6.417235851287842,8.526700973510742,13.064322471618652,,,,,,,,,,,,,,,,,,,,,,,,,,,,,,,,,,,,,,,,
3,629,0.31269556283950806,0.2867368757724762,0.18857364356517792,0.2950717806816101,0.6638548374176025,0.3324333727359772,0.09614001959562302,0.19266831874847412,0.47884801030158997,0.27993297576904297,6.142269611358643,4.87982702255249,4.976912975311279,7.211360454559326,8.980154037475586,7.3949995040893555,4.259567737579346,4.555849075317383,6.910501480102539,6.111250877380371,,,,,,,,,,,7.443579196929932,5.927943706512451,6.2567973136901855,7.551247596740723,11.658327102661133,9.343899726867676,5.073678016662598,5.176830291748047,7.9436869621276855,8.059799194335938,,,,,,,,,,,,,,,,,,,,,,,,,,,,,,,,,,,,,,,,
3,634,0.5055721998214722,0.6026759147644043,0.24779009819030762,0.5627504587173462,0.20804399251937866,0.7730472683906555,0.463234543800354,0.42392489314079285,0.25936707854270935,1.0093157291412354,7.354783058166504,7.288047790527344,6.350312232971191,7.576416969299316,5.838112831115723,10.262262344360352,8.333855628967285,5.466426849365234,4.516814708709717,10.560797691345215,,,,,,,,,,,9.659611701965332,8.594175338745117,7.1722211837768555,10.428282737731934,6.526452541351318,14.248820304870605,11.137078285217285,7.678973197937012,5.846295356750488,15.304203033447266,,,,,,,,,,,,,,,,,,,,,,,,,,,,,,,,,,,,,,,,
3,639,0.44500938057899475,0.5061750411987305,0.28161707520484924,0.41424623131752014,0.18615826964378357,0.45365822315216064,0.7475287318229675,0.23936636745929718,0.38641589879989624,0.7899186611175537,7.12532901763916,6.275187015533447,6.450582027435303,7.589030742645264,5.261437892913818,9.494478225708008,8.760334014892578,4.8547492027282715,4.320310115814209,11.121848106384277,,,,,,,,,,,9.127920150756836,7.876125812530518,7.646120548248291,8.947138786315918,6.1736321449279785,10.915414810180664,14.147665023803711,5.770192623138428,7.135933876037598,13.539056777954102,,,,,,,,,,,,,,,,,,,,,,,,,,,,,,,,,,,,,,,,
3,644,0.5885478258132935,0.6869847774505615,0.37391072511672974,0.4749702215194702,0.5739414691925049,1.396837592124939,0.6083915829658508,0.4090299606323242,0.12035862356424332,0.6525051593780518,7.923407554626465,6.335743427276611,6.600531578063965,7.012890815734863,8.887319564819336,14.084869384765625,9.349578857421875,5.413453578948975,3.1234593391418457,10.502821922302246,,,,,,,,,,,10.461565017700195,9.175629615783691,8.810400009155273,9.580498695373535,10.840104103088379,19.153528213500977,12.763283729553223,7.542864799499512,3.9825563430786133,12.305213928222656,,,,,,,,,,,,,,,,,,,,,,,,,,,,,,,,,,,,,,,,
3,649,0.4209350049495697,0.7572062611579895,0.24193160235881805,0.18984143435955048,0.2950124740600586,0.3665338158607483,0.4572380781173706,0.3756667971611023,0.2575668692588806,0.8474177122116089,6.990660190582275,7.746623516082764,5.924365043640137,5.0865936279296875,6.2219085693359375,6.836058139801025,8.120455741882324,6.683620452880859,5.360701560974121,10.935613632202148,,,,,,,,,,,8.7225341796875,9.633172988891602,7.08692741394043,6.0569000244140625,7.771768093109131,9.811443328857422,11.064760208129883,7.228699207305908,5.825970649719238,14.023161888122559,,,,,,,,,,,,,,,,,,,,,,,,,,,,,,,,,,,,,,,,
3,654,0.36831411719322205,0.4440072178840637,0.6108093857765198,0.2855100929737091,0.19614334404468536,0.5657678246498108,0.30901041626930237,0.23324237763881683,0.3854862451553345,0.28485003113746643,6.409067630767822,6.276803970336914,8.686616897583008,5.591629505157471,4.91192626953125,9.386073112487793,6.9209794998168945,4.221569061279297,5.985287666320801,5.7007222175598145,,,,,,,,,,,8.293516159057617,7.376617908477783,11.260676383972168,7.427892208099365,6.337038993835449,12.1897554397583,9.096144676208496,5.6959004402160645,7.127344608306885,8.130277633666992,,,,,,,,,,,,,,,,,,,,,,,,,,,,,,,,,,,,,,,,
3,659,0.28877687454223633,0.2859366536140442,0.4029713273048401,0.1170051321387291,0.27344608306884766,0.35117650032043457,0.13401764631271362,0.21503546833992004,0.42393383383750916,0.3954692780971527,5.668951511383057,4.350533485412598,7.503978729248047,3.832648992538452,5.937065124511719,7.425405025482178,4.4159040451049805,4.985477924346924,5.077681541442871,7.4918694496154785,,,,,,,,,,,7.268955707550049,5.919665813446045,9.146368980407715,4.755074977874756,7.482306003570557,9.603699684143066,5.990344524383545,5.46907377243042,7.474330902099609,9.579736709594727,,,,,,,,,,,,,,,,,,,,,,,,,,,,,,,,,,,,,,,,
3,664,0.44128063321113586,0.39100563526153564,0.32606014609336853,0.5248916745185852,0.32281494140625,0.29559391736984253,0.22065959870815277,0.7970340251922607,0.5158870220184326,0.5775788426399231,7.023961067199707,5.0724639892578125,5.8797454833984375,6.609932899475098,5.948173522949219,7.8854146003723145,6.016603469848633,8.957935333251953,7.032672882080078,9.812707901000977,,,,,,,,,,,8.911110877990723,6.922354221343994,8.227359771728516,10.07139778137207,8.129735946655273,8.810967445373535,7.686563491821289,10.529243469238281,8.24518871307373,11.577181816101074,,,,,,,,,,,,,,,,,,,,,,,,,,,,,,,,,,,,,,,,
3,669,0.38310566544532776,0.46410226821899414,0.6879962682723999,0.3128940165042877,0.20360586047172546,0.256582111120224,0.37077096104621887,0.4734138548374176,0.4426916837692261,0.23589380085468292,7.047930717468262,6.368652820587158,10.267060279846191,6.812541961669922,5.612619876861572,6.827919960021973,8.273451805114746,7.02148962020874,6.381621360778809,5.866023540496826,,,,,,,,,,,8.338810920715332,7.541697978973389,11.951011657714844,7.775951385498047,6.456464767456055,8.208977699279785,9.96376895904541,8.114826202392578,7.637900352478027,7.398700714111328,,,,,,,,,,,,,,,,,,,,,,,,,,,,,,,,,,,,,,,,
3,674,0.528764009475708,0.46850377321243286,0.23287682235240936,0.3457375764846802,0.4505159556865692,0.47113990783691406,0.4818984568119049,1.148413062095642,0.7836164832115173,0.37617364525794983,7.75235652923584,6.0986528396606445,6.161745071411133,6.670047760009766,7.0716729164123535,7.6317973136901855,8.75928020477295,11.242520332336426,8.843165397644043,7.292328834533691,,,,,,,,,,,9.659464836120605,7.577375411987305,6.953041076660156,8.17387866973877,9.604057312011719,11.123740196228027,11.359221458435059,12.638856887817383,10.161903381347656,9.343109130859375,,,,,,,,,,,,,,,,,,,,,,,,,,,,,,,,,,,,,,,,
3,679,0.6153332591056824,0.27586105465888977,1.0427544116973877,1.0235472917556763,0.4368104636669159,0.739011824131012,0.4109356105327606,0.7755664587020874,0.5491406321525574,0.28437158465385437,9.131178855895996,4.632769584655762,13.7953519821167,11.081177711486816,7.5938334465026855,12.837675094604492,8.258145332336426,10.24048137664795,7.822406768798828,5.918770790100098,,,,,,,,,,,10.609579086303711,5.814434051513672,14.713048934936523,14.064000129699707,9.456842422485352,13.931617736816406,10.489569664001465,10.386475563049316,8.506776809692383,8.123445510864258,,,,,,,,,,,,,,,,,,,,,,,,,,,,,,,,,,,,,,,,
3,684,0.327974796295166,0.6244310140609741,0.5628020763397217,0.18662036955356598,0.47262346744537354,0.26891660690307617,0.2068548947572708,0.22216515243053436,0.2313159704208374,0.1760437786579132,6.208125591278076,6.897216796875,9.274505615234375,5.056798934936523,7.947508811950684,6.75280237197876,6.4363017082214355,3.6579716205596924,4.490969657897949,5.359057426452637,,,,,,,,,,,7.635231018066406,8.74791431427002,10.809099197387695,6.005296230316162,9.836877822875977,8.403973579406738,7.4422407150268555,5.559000015258789,5.521106719970703,6.391570091247559,,,,,,,,,,,,,,,,,,,,,,,,,,,,,,,,,,,,,,,,
3,689,0.46684974431991577,0.3657512664794922,0.5645133256912231,0.6797251105308533,0.24857454001903534,0.5492082238197327,0.4807544946670532,0.5471558570861816,0.20044712722301483,0.5655180215835571,7.489524841308594,4.9942426681518555,9.442501068115234,9.694130897521973,5.540767192840576,9.251636505126953,8.522659301757812,7.274954319000244,3.739553451538086,8.945281028747559,,,,,,,,,,,9.421157836914062,6.695071697235107,10.825519561767578,11.46097469329834,7.133915424346924,12.010038375854492,11.345730781555176,8.72397232055664,5.139527320861816,11.455668449401855,,,,,,,,,,,,,,,,,,,,,,,,,,,,,,,,,,,,,,,,
3,694,0.34362128376960754,0.44972994923591614,0.2044590562582016,0.22799991071224213,0.4062855839729309,0.4173252284526825,0.2691496014595032,0.43510669469833374,0.2683184742927551,0.414217084646225,6.716568470001221,5.939393043518066,5.641579627990723,5.894957065582275,7.607452392578125,8.516010284423828,6.703509330749512,7.699711322784424,4.617506504058838,7.8289947509765625,,,,,,,,,,,8.020634651184082,7.424003601074219,6.515006065368652,6.637770652770996,9.120430946350098,10.469191551208496,8.489217758178711,7.779588222503662,5.946324348449707,9.804178237915039,,,,,,,,,,,,,,,,,,,,,,,,,,,,,,,,,,,,,,,,
3,699,0.35630083084106445,0.31279051303863525,0.27531707286834717,0.23460514843463898,0.42984187602996826,0.3091852366924286,0.3737863600254059,0.4706954061985016,0.6301363706588745,0.17034949362277985,6.686517238616943,5.050400733947754,5.575528144836426,5.740638732910156,7.346917152404785,6.497569561004639,8.782312393188477,7.6121063232421875,8.438273429870605,5.1349077224731445,,,,,,,,,,,8.041413307189941,6.191402435302734,7.5601115226745605,6.7332329750061035,9.381104469299316,9.01125431060791,10.004203796386719,8.091493606567383,9.112563133239746,6.287350177764893,,,,,,,,,,,,,,,,,,,,,,,,,,,,,,,,,,,,,,,,
3,704,0.41278210282325745,0.5719918608665466,0.6761127710342407,0.337894082069397,0.407522052526474,0.5850504636764526,0.2843463718891144,0.35870200395584106,0.19638046622276306,0.2970385253429413,6.879334449768066,6.2422590255737305,9.05134105682373,5.720124244689941,7.857494354248047,9.145529747009277,7.762486934661865,4.992049217224121,4.486486911773682,6.656239986419678,,,,,,,,,,,8.778806686401367,8.372539520263672,11.847350120544434,8.080628395080566,9.134298324584961,12.395742416381836,8.725586891174316,7.063591957092285,5.087125301361084,8.302398681640625,,,,,,,,,,,,,,,,,,,,,,,,,,,,,,,,,,,,,,,,
3,709,0.48358848690986633,0.36265113949775696,0.45146796107292175,0.4140342175960541,0.37309718132019043,0.3472784757614136,0.3765755295753479,0.2860347032546997,1.3693842887878418,0.3717728555202484,7.752411842346191,5.636074542999268,7.972668170928955,8.134663581848145,6.887441158294678,8.03711223602295,8.072999000549316,5.402956485748291,12.023435592651367,7.6043524742126465,,,,,,,,,,,9.183737754821777,6.666636943817139,9.681109428405762,8.944849014282227,8.739983558654785,9.550250053405762,10.041460037231445,6.307657241821289,13.433401107788086,9.28829574584961,,,,,,,,,,,,,,,,,,,,,,,,,,,,,,,,,,,,,,,,
3,714,0.42584702372550964,0.4531794488430023,0.3841923177242279,0.3663489818572998,0.5882840156555176,0.21296431124210358,0.20229536294937134,0.2626231908798218,0.8688885569572449,0.49384692311286926,7.3154449462890625,5.847132205963135,8.259857177734375,7.948966979980469,7.930896282196045,6.170551776885986,6.084161758422852,5.635598659515381,10.220588684082031,7.741250038146973,,,,,,,,,,,8.673340797424316,7.452420711517334,8.930709838867188,8.413997650146484,10.974713325500488,7.47875452041626,7.359762191772461,6.044011116027832,10.700531005859375,10.705163955688477,,,,,,,,,,,,,,,,,,,,,,,,,,,,,,,,,,,,,,,,
3,719,0.7988719940185547,0.8294376134872437,0.42847880721092224,0.41488829255104065,0.4412626326084137,0.8232980966567993,0.5696523785591125,0.7575468420982361,2.4998979568481445,0.4253854751586914,9.580145835876465,5.956484317779541,7.732836723327637,8.623416900634766,8.50252914428711,11.57416820526123,9.77421760559082,8.34777545928955,18.150325775146484,7.559563636779785,,,,,,,,,,,11.48648452758789,10.082173347473145,9.431404113769531,8.954070091247559,9.504914283752441,14.704641342163086,12.350250244140625,10.265106201171875,18.150325775146484,9.93547248840332,,,,,,,,,,,,,,,,,,,,,,,,,,,,,,,,,,,,,,,,
3,724,0.3339105546474457,0.2159889191389084,0.10423342138528824,0.18354220688343048,0.3326585590839386,0.3859855532646179,0.2425220012664795,0.5659471750259399,0.6988083124160767,0.2755086123943329,5.8781843185424805,4.519804954528809,3.932074546813965,5.3478875160217285,5.843319892883301,7.1246747970581055,5.175233364105225,7.06279993057251,7.598379611968994,6.299485206604004,,,,,,,,,,,7.621819496154785,5.1449127197265625,4.651736736297607,5.955563545227051,8.252756118774414,10.068422317504883,8.058353424072266,8.872513771057129,9.596266746520996,7.995852947235107,,,,,,,,,,,,,,,,,,,,,,,,,,,,,,,,,,,,,,,,
3,729,0.36745181679725647,0.6747682094573975,0.25175732374191284,0.26838192343711853,0.1515430510044098,0.5505391359329224,0.25456470251083374,0.7576832175254822,0.2769560217857361,0.12087270617485046,6.4940032958984375,7.0893707275390625,6.156116485595703,6.2945380210876465,4.833226680755615,10.472146034240723,6.1769866943359375,8.917603492736816,4.746165752410889,3.759875774383545,,,,,,,,,,,7.886549472808838,9.093676567077637,7.22940731048584,7.20164155960083,5.570160388946533,12.024580001831055,8.256003379821777,10.266030311584473,6.041276454925537,5.2961626052856445,,,,,,,,,,,,,,,,,,,,,,,,,,,,,,,,,,,,,,,,
3,734,0.2910200357437134,0.6249358057975769,0.4312150180339813,0.14373427629470825,0.22608302533626556,0.3410383462905884,0.13261942565441132,0.14333122968673706,0.3112598955631256,0.26496297121047974,5.8297119140625,7.432008743286133,7.837638854980469,4.310288906097412,5.404972076416016,7.371109485626221,4.736508846282959,3.2745232582092285,5.018410682678223,7.081948280334473,,,,,,,,,,,7.157857418060303,8.751448631286621,9.461469650268555,5.270296573638916,6.8035197257995605,9.464059829711914,5.959013938903809,4.465078830718994,6.404494762420654,7.8413310050964355,,,,,,,,,,,,,,,,,,,,,,,,,,,,,,,,,,,,,,,,
3,739,0.3157190978527069,0.18510642647743225,0.37097617983818054,0.31035295128822327,0.14842809736728668,0.14309270679950714,0.42192816734313965,0.23734836280345917,0.5617508888244629,0.4624881148338318,5.865714073181152,3.886509418487549,6.2792181968688965,6.529502868652344,4.3526811599731445,5.037028789520264,7.766411781311035,4.715200901031494,5.03627872467041,9.188597679138184,,,,,,,,,,,7.584922790527344,4.7629170417785645,8.775757789611816,7.744311809539795,5.512615203857422,6.130340576171875,10.628942489624023,5.7458176612854,8.603898048400879,10.359707832336426,,,,,,,,,,,,,,,,,,,,,,,,,,,,,,,,,,,,,,,,
3,744,0.367540180683136,0.5783647894859314,0.4083065688610077,0.5635007619857788,0.24273766577243805,0.4036054313182831,0.41782090067863464,0.35354945063591003,0.15863576531410217,0.18134018778800964,6.825499057769775,6.494715690612793,6.5720038414001465,9.7943754196167,5.9374589920043945,8.660990715026855,8.051224708557129,6.344865322113037,4.091825008392334,5.482034683227539,,,,,,,,,,,8.228364944458008,8.419052124023438,9.206718444824219,10.435233116149902,7.049660682678223,10.29566478729248,10.577081680297852,7.012676239013672,4.572185516357422,6.487005233764648,,,,,,,,,,,,,,,,,,,,,,,,,,,,,,,,,,,,,,,,
3,749,0.6607969999313354,1.0396051406860352,0.16435474157333374,0.8013414740562439,0.36266690492630005,0.762593686580658,0.38955897092819214,0.6318402290344238,1.083202600479126,0.7120094895362854,8.9826021194458,8.392138481140137,4.418361186981201,11.374194145202637,7.597649097442627,12.036737442016602,8.695045471191406,7.951565265655518,9.976287841796875,10.401440620422363,,,,,,,,,,,10.747929573059082,11.287466049194336,5.841209411621094,12.444107055664062,8.616950988769531,14.152151107788086,10.213095664978027,9.374808311462402,11.947530746459961,12.854053497314453,,,,,,,,,,,,,,,,,,,,,,,,,,,,,,,,,,,,,,,,
3,754,0.2890346348285675,0.2550913691520691,0.5233535170555115,0.1609044373035431,0.40914350748062134,0.47787007689476013,0.3183507025241852,0.15492738783359528,0.1332644522190094,0.16840623319149017,6.049461841583252,4.793363571166992,8.85506534576416,3.625943899154663,7.612995624542236,8.77177906036377,7.756559371948242,3.958934783935547,3.5715105533599854,5.499001979827881,,,,,,,,,,,7.362559795379639,5.59126615524292,10.423396110534668,5.576207160949707,9.15245246887207,11.202908515930176,9.232593536376953,4.642188549041748,4.190640926361084,6.251385688781738,,,,,,,,,,,,,,,,,,,,,,,,,,,,,,,,,,,,,,,,
3,759,0.3750900626182556,0.3301278054714203,0.5815751552581787,0.4465487003326416,0.7505251169204712,0.35426396131515503,0.0769871324300766,0.38153690099716187,0.07759549468755722,0.37665027379989624,6.1583123207092285,4.971043109893799,9.107245445251465,6.570547580718994,8.911995887756348,8.096259117126465,3.3768715858459473,4.27296257019043,2.8754546642303467,7.242428302764893,,,,,,,,,,,8.11686897277832,6.360677242279053,10.987896919250488,9.289435386657715,12.396020889282227,9.645824432373047,4.540250778198242,7.284957408905029,3.197728157043457,9.34902572631836,,,,,,,,,,,,,,,,,,,,,,,,,,,,,,,,,,,,,,,,
3,764,0.38780009746551514,0.5928008556365967,0.36855489015579224,0.3574463725090027,0.5441332459449768,0.3977436423301697,0.23484113812446594,0.0931401178240776,0.44619083404541016,0.4553496539592743,6.960002899169922,6.962605953216553,7.547727108001709,6.788307189941406,7.769956111907959,8.650960922241211,5.732642650604248,3.2998666763305664,7.0776567459106445,8.810304641723633,,,,,,,,,,,8.425969123840332,8.523473739624023,8.747072219848633,8.311135292053223,10.554854393005371,10.220625877380371,7.929719924926758,3.5993752479553223,7.668026447296143,10.27944564819336,,,,,,,,,,,,,,,,,,,,,,,,,,,,,,,,,,,,,,,,
3,769,0.3546910285949707,0.351423442363739,0.32202112674713135,0.18713262677192688,0.22413799166679382,0.29000869393348694,0.09818077832460403,1.0928024053573608,0.29000362753868103,0.3365083932876587,6.362509250640869,4.855865001678467,7.35076904296875,5.559042453765869,4.676764488220215,7.575052738189697,4.361266136169434,10.847099304199219,4.738106727600098,7.298615455627441,,,,,,,,,,,7.6365509033203125,6.562626361846924,8.176243782043457,6.013532638549805,6.7741899490356445,8.72732925415039,5.127244472503662,12.329048156738281,6.181942939758301,8.83680248260498,,,,,,,,,,,,,,,,,,,,,,,,,,,,,,,,,,,,,,,,
3,774,0.5967796444892883,0.40356752276420593,0.8932960033416748,0.7875344753265381,1.367518424987793,0.5868093371391296,0.47524741291999817,0.1222323477268219,0.4816892147064209,0.2531214952468872,8.725653648376465,5.904637336730957,12.65585708618164,10.29041576385498,11.899453163146973,10.560641288757324,9.618348121643066,3.267667293548584,7.967218399047852,6.36663818359375,,,,,,,,,,,10.35214614868164,7.032672882080078,13.617876052856445,12.336435317993164,16.732709884643555,12.414361000061035,11.280560493469238,4.1233649253845215,7.967218399047852,7.664109230041504,,,,,,,,,,,,,,,,,,,,,,,,,,,,,,,,,,,,,,,,
3,775,,,,,,,,,,,7.109198093414307,5.9437384605407715,6.982728481292725,6.6611409187316895,7.396488666534424,8.776538848876953,7.687416076660156,6.283539295196533,6.393921375274658,7.857269763946533,0.5151427984237671,0.48444664478302,0.5949578285217285,0.6084095239639282,0.5225303173065186,0.4352855682373047,0.5184251666069031,0.517441987991333,0.4647909998893738,0.48999708890914917,9.263750076293945,7.744534015655518,9.029935836791992,8.664409637451172,9.695451736450195,11.468314170837402,10.232809066772461,8.094058990478516,8.295171737670898,10.149070739746094,0.5095663070678711,0.5250189900398254,0.6048180460929871,0.35874614119529724,0.5608932375907898,0.5449942946434021,0.49565908312797546,0.4553598463535309,0.5260381102561951,0.514568567276001,7.3053879737854,5.475155830383301,7.78070592880249,6.131600856781006,8.233987808227539,9.013710975646973,8.820230484008789,5.810500144958496,6.38795280456543,8.094645500183105,0.4464561641216278,0.4626774191856384,0.4986891746520996,0.5979158878326416,0.3313518166542053,0.5097405910491943,0.5019006729125977,0.32155847549438477,0.2959356904029846,0.4983358383178711,9.957414627075195,8.111139297485352,10.855224609375,9.420241355895996,11.06353759765625,12.038387298583984,11.282691955566406,7.67902946472168,8.532613754272461,10.633872032165527
4,779,0.38774511218070984,0.3921719789505005,0.31206274032592773,0.3269350528717041,0.598427951335907,0.4491592347621918,0.381963312625885,0.41384589672088623,0.16736671328544617,0.44777315855026245,7.093895435333252,6.079705238342285,6.7671332359313965,6.7088623046875,9.502239227294922,9.09874153137207,7.342795372009277,6.259152889251709,3.913391351699829,8.173038482666016,,,,,,,,,,,8.605573654174805,6.932670593261719,8.048828125,7.9485087394714355,11.068927764892578,10.86115550994873,10.113037109375,7.587138652801514,4.696321487426758,10.19356918334961,,,,,,,,,,,,,,,,,,,,,,,,,,,,,,,,,,,,,,,,
4,784,0.5593613386154175,0.5073984861373901,0.6224535703659058,0.8041164875030518,0.572532057762146,0.4730082154273987,0.39147549867630005,0.5252015590667725,0.25514280796051025,0.8829231858253479,7.835766315460205,5.710240364074707,8.150132179260254,9.043832778930664,8.048741340637207,8.706416130065918,7.663244724273682,7.231597900390625,5.330471515655518,10.637222290039062,,,,,,,,,,,10.287677764892578,7.885638236999512,11.367505073547363,12.465633392333984,10.826786041259766,11.145772933959961,10.238188743591309,8.547158241271973,5.798490524291992,14.313921928405762,,,,,,,,,,,,,,,,,,,,,,,,,,,,,,,,,,,,,,,,
4,789,0.37900060415267944,0.5531655550003052,0.3711835741996765,0.43115249276161194,0.34541264176368713,0.30083557963371277,0.8334201574325562,0.2395705282688141,0.03333774954080582,0.30292725563049316,6.704054355621338,6.396273612976074,6.9477858543396,6.950057029724121,7.159275054931641,7.151799201965332,12.424941062927246,4.9016642570495605,1.9139492511749268,6.490743160247803,,,,,,,,,,,8.292135238647461,8.233600616455078,8.77821159362793,9.127888679504395,8.409472465515137,8.888745307922363,14.938355445861816,5.772652626037598,2.0960006713867188,8.384291648864746,,,,,,,,,,,,,,,,,,,,,,,,,,,,,,,,,,,,,,,,
4,794,0.4239369034767151,0.3494895398616791,0.32497990131378174,0.5468598008155823,0.8302783370018005,0.20419816672801971,0.2871350646018982,0.17202459275722504,0.33419331908226013,0.7662732601165771,7.203213214874268,5.352578163146973,7.294610500335693,7.696859836578369,9.92357063293457,6.086181640625,7.819676399230957,4.321324348449707,5.684255123138428,10.64986801147461,,,,,,,,,,,8.781167984008789,6.544543743133545,8.213720321655273,10.279994010925293,13.038015365600586,7.323215007781982,8.768269538879395,4.891633987426758,6.636241436004639,13.334877967834473,,,,,,,,,,,,,,,,,,,,,,,,,,,,,,,,,,,,,,,,
4,799,0.48591387271881104,0.5726628303527832,0.5324527621269226,0.16798287630081177,0.5282445549964905,0.6011843085289001,0.24222487211227417,0.9041673541069031,0.622051477432251,0.20225371420383453,7.413208961486816,6.5331244468688965,8.486797332763672,4.214303970336914,8.200691223144531,9.067526817321777,5.401740550994873,11.203387260437012,7.851747512817383,5.759562015533447,,,,,,,,,,,9.19183349609375,8.377449035644531,10.513618469238281,5.697539806365967,10.399612426757812,12.565496444702148,8.053417205810547,11.214583396911621,9.053915977478027,6.850865840911865,,,,,,,,,,,,,,,,,,,,,,,,,,,,,,,,,,,,,,,,
4,804,0.3319794833660126,0.4537457227706909,0.2224012166261673,0.5786425471305847,0.14664795994758606,0.5335214734077454,0.5009691715240479,0.15926602482795715,0.06903377920389175,0.3235877454280853,6.227931976318359,6.399794101715088,5.563861846923828,7.806185722351074,4.57694673538208,8.85556411743164,8.981388092041016,3.519624948501587,2.7245218753814697,7.623502254486084,,,,,,,,,,,7.790374755859375,7.457075595855713,6.79485559463501,10.574505805969238,5.479458332061768,11.837276458740234,11.581805229187012,4.706740856170654,3.016158103942871,8.665492057800293,,,,,,,,,,,,,,,,,,,,,,,,,,,,,,,,,,,,,,,,
4,809,0.7744578719139099,1.0415446758270264,0.7438778281211853,0.6543931365013123,0.7869364619255066,0.8675540089607239,1.00780189037323,0.49982208013534546,0.3113110363483429,1.0568795204162598,9.18718433380127,8.834932327270508,11.35584831237793,8.36416244506836,8.490313529968262,11.111848831176758,10.517598152160645,7.248793601989746,5.234175205230713,11.526991844177246,,,,,,,,,,,12.176541328430176,11.297989845275879,12.42689037322998,11.245383262634277,12.693151473999023,15.094687461853027,16.427003860473633,8.338088035583496,6.405020713806152,15.660656929016113,,,,,,,,,,,,,,,,,,,,,,,,,,,,,,,,,,,,,,,,
4,814,0.26981377601623535,0.11725356429815292,0.21788519620895386,0.252922922372818,0.16741931438446045,0.3467276990413666,0.4116554260253906,0.24019668996334076,0.3205472230911255,0.3537159562110901,5.99191951751709,3.1016178131103516,6.0334649085998535,5.964996337890625,5.342028617858887,7.896103382110596,8.059686660766602,4.941598415374756,5.576305866241455,7.011475563049316,,,,,,,,,,,7.193663597106934,3.7907519340515137,6.7255144119262695,6.991155624389648,5.85467004776001,9.542675018310547,10.498753547668457,5.780191898345947,6.499340534210205,9.05992317199707,,,,,,,,,,,,,,,,,,,,,,,,,,,,,,,,,,,,,,,,
4,819,0.4280041456222534,0.3022318482398987,0.35205167531967163,0.4686308801174164,0.33562496304512024,0.4264300465583801,0.3408362865447998,0.3072109818458557,0.9456436634063721,0.37337687611579895,7.611937046051025,5.150834560394287,7.488630771636963,8.154402732849121,6.7762227058410645,9.025839805603027,8.478607177734375,6.418376922607422,9.906710624694824,7.107809543609619,,,,,,,,,,,8.842792510986328,6.086006164550781,8.548991203308105,9.516348838806152,8.289471626281738,10.582779884338379,9.55308723449707,6.536978721618652,11.16315746307373,9.308310508728027,,,,,,,,,,,,,,,,,,,,,,,,,,,,,,,,,,,,,,,,
4,824,0.500450849533081,0.628990650177002,0.3209516704082489,0.07037243992090225,0.6241009831428528,0.6611769795417786,0.616940438747406,0.3303461968898773,0.9553546905517578,0.295823335647583,7.492321491241455,5.900310516357422,6.75425910949707,2.48832368850708,9.541210174560547,10.40738582611084,10.504679679870605,5.628568649291992,9.37535572052002,6.8307976722717285,,,,,,,,,,,9.360955238342285,8.779794692993164,8.1626558303833,3.6877050399780273,11.303868293762207,13.177552223205566,12.852642059326172,6.778653621673584,11.220330238342285,8.285398483276367,,,,,,,,,,,,,,,,,,,,,,,,,,,,,,,,,,,,,,,,
4,829,0.2659655511379242,0.23191985487937927,0.0701841413974762,0.304747998714447,0.21425600349903107,0.37650808691978455,0.17624206840991974,0.5991513729095459,0.16802769899368286,0.2526527941226959,5.299382209777832,3.9311654567718506,3.2810373306274414,5.497870922088623,5.413107872009277,7.312180042266846,5.636038780212402,7.304725646972656,4.405117034912109,4.913197040557861,,,,,,,,,,,6.861201763153076,5.331276893615723,3.8170793056488037,7.674062728881836,6.623173236846924,9.944043159484863,6.869507312774658,9.12907886505127,4.705585956573486,7.657010555267334,,,,,,,,,,,,,,,,,,,,,,,,,,,,,,,,,,,,,,,,
4,834,0.3546714782714844,0.28057050704956055,0.30118420720100403,0.554950475692749,0.3105650842189789,0.7765563130378723,0.28727516531944275,0.2355288863182068,0.05886845663189888,0.3865441083908081,6.52036714553833,4.57776403427124,5.6056694984436035,8.285284042358398,5.914168834686279,10.926619529724121,7.692929744720459,5.2386603355407715,2.1560099124908447,8.2861967086792,,,,,,,,,,,8.125828742980957,5.863855838775635,7.907291412353516,10.355759620666504,7.973994731903076,14.281122207641602,8.770408630371094,5.723752498626709,2.785252809524536,9.471019744873047,,,,,,,,,,,,,,,,,,,,,,,,,,,,,,,,,,,,,,,,
4,839,0.45833608508110046,0.7284060716629028,0.37013986706733704,0.28470656275749207,0.19800905883312225,0.29493558406829834,0.25951752066612244,0.8055429458618164,0.8855083584785461,0.2982587218284607,6.94356632232666,7.850905418395996,6.5926666259765625,5.607830047607422,5.354605197906494,6.97914981842041,6.7059736251831055,6.831855773925781,9.0726318359375,7.4964776039123535,,,,,,,,,,,8.760311126708984,9.448199272155762,8.765861511230469,7.41743278503418,6.367107391357422,8.80115032196045,8.335931777954102,10.585297584533691,10.802384376525879,8.31943416595459,,,,,,,,,,,,,,,,,,,,,,,,,,,,,,,,,,,,,,,,
4,844,0.3542061448097229,0.6178356409072876,0.27160465717315674,0.30694979429244995,0.4654768109321594,0.5347673296928406,0.23577241599559784,0.3229280114173889,0.2570253014564514,0.17549535632133484,6.704560279846191,6.473818302154541,6.85650634765625,6.487732887268066,8.729798316955566,9.418278694152832,6.509749412536621,5.24289083480835,5.401551723480225,5.220715522766113,,,,,,,,,,,8.041621208190918,8.701593399047852,7.508967876434326,7.70173454284668,9.762222290039062,11.851089477539062,7.945427894592285,6.7021098136901855,5.8198418617248535,6.381606101989746,,,,,,,,,,,,,,,,,,,,,,,,,,,,,,,,,,,,,,,,
4,849,0.4752589762210846,0.38636109232902527,0.6003701090812683,0.5270386338233948,0.24852599203586578,0.396273672580719,0.4267287850379944,0.24670885503292084,0.3858431577682495,1.0594804286956787,7.685904026031494,5.696583271026611,9.200679779052734,8.321852684020996,5.595393180847168,8.408651351928711,8.381187438964844,5.4261794090271,5.290248394012451,12.85235595703125,,,,,,,,,,,9.425541877746582,6.881117820739746,11.164034843444824,10.091974258422852,7.133218765258789,10.201722145080566,10.689238548278809,5.858022689819336,7.130642890930176,15.679913520812988,,,,,,,,,,,,,,,,,,,,,,,,,,,,,,,,,,,,,,,,
4,854,0.31639957427978516,0.28525441884994507,0.10372397303581238,0.142923042178154,0.29096561670303345,0.26603639125823975,0.10802283883094788,0.54429692029953,0.6010220646858215,0.5053513050079346,5.821686744689941,4.709080219268799,4.278810977935791,3.8461174964904785,5.872814655303955,7.2379841804504395,4.110450744628906,6.67543888092041,6.364831924438477,9.299650192260742,,,,,,,,,,,7.299269676208496,5.912599563598633,4.640355110168457,5.2554030418396,7.718278884887695,8.358847618103027,5.378096580505371,8.701149940490723,8.899559020996094,10.829137802124023,,,,,,,,,,,,,,,,,,,,,,,,,,,,,,,,,,,,,,,,
4,859,0.4656394422054291,0.738821268081665,0.14546111226081848,0.20598387718200684,0.6191588640213013,0.4366550147533417,0.2999412715435028,0.5960178971290588,0.8761240243911743,0.27259159088134766,6.800253391265869,5.9932942390441895,4.62658166885376,5.7606587409973145,8.56234359741211,8.743425369262695,7.334650993347168,6.905306339263916,6.958863735198975,6.3171539306640625,,,,,,,,,,,8.89478588104248,9.515507698059082,5.495220184326172,6.309159278869629,11.259021759033203,10.708906173706055,8.961669921875,9.10517692565918,10.744991302490234,7.95341157913208,,,,,,,,,,,,,,,,,,,,,,,,,,,,,,,,,,,,,,,,
4,864,0.489568829536438,0.13721320033073425,0.25003254413604736,0.4030818045139313,0.3435834050178528,0.5184075832366943,0.14777500927448273,0.6751784086227417,1.670683741569519,0.26016396284103394,7.071951866149902,3.2606041431427,5.686922550201416,7.453329563140869,6.890845775604248,9.342082023620605,5.168210506439209,7.488621234893799,11.870464324951172,6.486486911773682,,,,,,,,,,,8.752862930297852,4.10072135925293,7.2046003341674805,8.8257474899292,8.387175559997559,11.66840648651123,6.290298938751221,9.690986633300781,14.837830543518066,7.769995212554932,,,,,,,,,,,,,,,,,,,,,,,,,,,,,,,,,,,,,,,,
4,869,0.4261228144168854,0.34675735235214233,0.3389495015144348,0.20227190852165222,0.8905900716781616,0.3522777557373047,0.37333279848098755,0.5074026584625244,0.5705462694168091,0.25297674536705017,6.619431495666504,4.878541469573975,7.126629829406738,3.5501198768615723,8.877005577087402,7.4564337730407715,8.627320289611816,6.176313400268555,7.433206558227539,5.449311256408691,,,,,,,,,,,8.779276847839355,6.518912315368652,8.38840103149414,6.252053260803223,13.503257751464844,9.618746757507324,9.99813175201416,8.401080131530762,8.670989990234375,7.661918640136719,,,,,,,,,,,,,,,,,,,,,,,,,,,,,,,,,,,,,,,,
4,874,0.54439377784729,1.0589096546173096,0.5883928537368774,0.5834481716156006,0.38935327529907227,0.5716614723205566,0.26830607652664185,0.4556882083415985,0.48317503929138184,0.5006088018417358,7.2619194984436035,7.655435085296631,8.248678207397461,7.753472805023193,6.754579544067383,8.809757232666016,6.736354827880859,5.395190715789795,5.3349690437316895,8.668837547302246,,,,,,,,,,,9.93763542175293,11.391782760620117,11.05211353302002,10.618325233459473,8.928357124328613,12.253081321716309,8.47590446472168,7.961458206176758,7.979496955871582,10.778204917907715,,,,,,,,,,,,,,,,,,,,,,,,,,,,,,,,,,,,,,,,
4,879,0.46219465136528015,1.260301113128662,0.2863616943359375,0.07274471968412399,0.2568363845348358,0.3273876905441284,0.4477355480194092,0.1746862530708313,0.8289090991020203,0.5047896504402161,6.695627689361572,8.970715522766113,6.0642991065979,2.8809752464294434,4.905401706695557,6.78810453414917,8.984906196594238,3.5664212703704834,9.616094589233398,8.48373031616211,,,,,,,,,,,8.618318557739258,12.427947998046875,7.710261821746826,3.749346971511841,7.251501083374023,9.272716522216797,10.949179649353027,4.929332256317139,10.451455116271973,10.823118209838867,,,,,,,,,,,,,,,,,,,,,,,,,,,,,,,,,,,,,,,,
4,884,0.4971107840538025,0.9795941114425659,0.2592598795890808,0.19402146339416504,0.78945392370224,0.2826160788536072,0.3135361671447754,0.40485680103302,1.0072847604751587,0.24337419867515564,7.475786209106445,8.992470741271973,6.307263374328613,4.955867767333984,8.718584060668945,6.795721054077148,8.209985733032227,7.475350379943848,9.525527000427246,6.301310062408447,,,,,,,,,,,9.049817085266113,10.956841468811035,7.336338043212891,6.123219013214111,12.71343994140625,8.615376472473145,9.162513732910156,7.504286766052246,11.521245002746582,7.515095233917236,,,,,,,,,,,,,,,,,,,,,,,,,,,,,,,,,,,,,,,,
4,889,0.4288458228111267,0.38193395733833313,0.2419000267982483,0.37943679094314575,0.12940441071987152,0.2916043698787689,0.2968612313270569,0.6984506249427795,0.8512418270111084,0.5887792706489563,6.61821174621582,5.352171421051025,6.500539302825928,6.038966655731201,4.511020183563232,7.227996826171875,7.331291198730469,6.5519118309021,7.152275085449219,8.89772891998291,,,,,,,,,,,8.604655265808105,6.841579914093018,7.086464881896973,8.562973022460938,5.147237300872803,8.751306533813477,8.915536880493164,9.856587409973145,10.591312408447266,11.688895225524902,,,,,,,,,,,,,,,,,,,,,,,,,,,,,,,,,,,,,,,,
4,894,0.6656391620635986,0.77657151222229,0.585689902305603,0.8957148790359497,0.3878293037414551,0.7019273638725281,0.5573973059654236,0.5356737971305847,1.0264955759048462,0.5234525799751282,8.95004653930664,8.453059196472168,8.664826393127441,9.8639497756958,6.4876179695129395,11.250819206237793,8.439131736755371,7.618825435638428,10.35832405090332,9.41386604309082,,,,,,,,,,,11.10308837890625,9.75557804107666,11.026698112487793,13.156482696533203,8.910867691040039,13.577566146850586,12.216680526733398,8.631949424743652,11.630592346191406,11.021376609802246,,,,,,,,,,,,,,,,,,,,,,,,,,,,,,,,,,,,,,,,
4,899,0.3736245334148407,0.7080785632133484,0.2789316773414612,0.13560163974761963,0.2915199398994446,0.41572830080986023,0.2942904829978943,0.3138224184513092,0.5855509638786316,0.3390968441963196,6.785903453826904,7.681236267089844,5.040616512298584,3.859705924987793,6.998964786529541,9.70590877532959,7.984259128570557,4.9547624588012695,7.2835540771484375,7.5641255378723145,,,,,,,,,,,8.15084457397461,9.315431594848633,7.609577655792236,5.119025707244873,7.725627422332764,10.449142456054688,8.876850128173828,6.606944561004639,8.784269332885742,8.87072467803955,,,,,,,,,,,,,,,,,,,,,,,,,,,,,,,,,,,,,,,,
4,904,0.46285581588745117,0.6060895323753357,0.374332070350647,0.47824445366859436,0.5827641487121582,0.49802136421203613,0.2215438038110733,0.7854002714157104,0.4051187336444855,0.21418792009353638,7.078656196594238,7.1925272941589355,6.655789852142334,6.785823345184326,8.39311695098877,8.758543014526367,6.172615051269531,8.325968742370605,5.357998847961426,6.065521717071533,,,,,,,,,,,9.101981163024902,8.618480682373047,8.815361976623535,9.613463401794434,10.923103332519531,11.436676979064941,7.701948165893555,10.452116966247559,7.30658483505249,7.050090312957764,,,,,,,,,,,,,,,,,,,,,,,,,,,,,,,,,,,,,,,,
4,909,0.30290356278419495,0.4275476336479187,0.19068939983844757,0.5408515930175781,0.2234414517879486,0.28148677945137024,0.2954685389995575,0.2119865119457245,0.26807305216789246,0.2865867614746094,5.84548807144165,5.877448081970215,5.116657257080078,7.861717700958252,4.705282211303711,7.333178997039795,5.576569557189941,4.011584758758545,4.719912528991699,7.407040596008301,,,,,,,,,,,7.50432825088501,7.238598823547363,6.291800022125244,10.223366737365723,6.763656139373779,8.59814739227295,8.894599914550781,5.4301629066467285,5.943604469299316,8.155024528503418,,,,,,,,,,,,,,,,,,,,,,,,,,,,,,,,,,,,,,,,
4,914,0.44686704874038696,1.2667902708053589,0.22754235565662384,0.3335483968257904,0.25479239225387573,0.39465394616127014,0.45413070917129517,0.23596550524234772,0.2934364378452301,0.5609431862831116,7.057027339935303,8.697009086608887,5.721816062927246,7.376646995544434,5.411169052124023,7.924771785736084,9.021834373474121,5.006076335906982,5.742772579193115,8.611148834228516,,,,,,,,,,,8.794288635253906,12.4599027633667,6.872943878173828,8.028498649597168,7.222588539123535,10.180850982666016,11.027097702026367,5.7290544509887695,6.218423366546631,11.4092378616333,,,,,,,,,,,,,,,,,,,,,,,,,,,,,,,,,,,,,,,,
4,919,0.7331351041793823,0.701583206653595,0.5609676837921143,0.9437482357025146,0.25951114296913147,1.1406784057617188,0.6721331477165222,0.8865100741386414,0.7788504362106323,0.6542333364486694,8.80451774597168,6.159793853759766,8.302227973937988,9.59346866607666,5.857071876525879,12.698251724243164,8.84627628326416,9.239700317382812,8.991437911987305,9.552434921264648,,,,,,,,,,,11.682059288024902,9.27260684967041,10.79146957397461,13.504638671875,7.289163112640381,17.308422088623047,13.415241241455078,11.104538917541504,10.130953788757324,12.32149887084961,,,,,,,,,,,,,,,,,,,,,,,,,,,,,,,,,,,,,,,,
4,924,0.3564983308315277,0.28247055411338806,0.22473731637001038,0.20729152858257294,0.28064456582069397,0.2747008800506592,0.27389952540397644,1.0881521701812744,0.20910890400409698,0.36747947335243225,6.113998889923096,4.03558349609375,5.595125675201416,6.117280006408691,5.757498741149902,6.304028034210205,7.4600372314453125,8.071142196655273,3.7223763465881348,7.962919235229492,,,,,,,,,,,7.829756259918213,5.8836774826049805,6.830448627471924,6.3291544914245605,7.58015251159668,8.493875503540039,8.563798904418945,12.302788734436035,5.249398708343506,9.23450756072998,,,,,,,,,,,,,,,,,,,,,,,,,,,,,,,,,,,,,,,,
4,929,0.5466175079345703,0.9087345600128174,0.42554548382759094,0.48147135972976685,0.7967815399169922,1.0992895364761353,0.3363282382488251,0.22198474407196045,0.11255775392055511,0.536864161491394,7.431001663208008,7.673507213592529,6.338064193725586,7.160867214202881,8.604686737060547,12.225610733032227,7.027256965637207,5.07558536529541,3.706270456314087,9.067166328430176,,,,,,,,,,,9.935697555541992,10.553117752075195,9.399065017700195,9.645841598510742,12.77230453491211,16.991506576538086,9.489699363708496,5.556743144989014,3.851332426071167,11.161675453186035,,,,,,,,,,,,,,,,,,,,,,,,,,,,,,,,,,,,,,,,
4,934,0.2502163052558899,0.42392677068710327,0.21053515374660492,0.07400205731391907,0.20080111920833588,0.26206904649734497,0.14700435101985931,0.040079906582832336,0.4798654019832611,0.4136628806591034,5.331777095794678,5.698191165924072,5.734708309173584,3.17984676361084,5.011654853820801,6.8401994705200195,4.51242733001709,1.991527795791626,7.554073333740234,7.463362693786621,,,,,,,,,,,6.521498203277588,7.207882404327393,6.611103534698486,3.7816104888916016,6.411840438842773,8.296285629272461,6.273875713348389,2.3611416816711426,7.952121734619141,9.79761791229248,,,,,,,,,,,,,,,,,,,,,,,,,,,,,,,,,,,,,,,,
4,939,0.32563528418540955,0.38971075415611267,0.35982590913772583,0.11048474907875061,0.1745578497648239,0.3016928732395172,0.4496556222438812,0.5783100128173828,0.24721507728099823,0.31926465034484863,6.149622440338135,4.714516639709473,6.774293899536133,3.717099666595459,5.06310510635376,7.097137451171875,8.765691757202148,6.779725074768066,5.181504726409912,7.253527641296387,,,,,,,,,,,7.701183795928955,6.910881519317627,8.642868041992188,4.6206817626953125,5.978185176849365,8.90140151977539,10.972631454467773,8.968897819519043,5.707695007324219,8.607412338256836,,,,,,,,,,,,,,,,,,,,,,,,,,,,,,,,,,,,,,,,
4,944,0.32895252108573914,0.3126679062843323,0.33871424198150635,0.5750595331192017,0.22836026549339294,0.29941120743751526,0.17434944212436676,0.4299411177635193,0.3135766088962555,0.28849226236343384,6.568057537078857,4.744194507598877,6.056483745574951,9.356672286987305,5.053994655609131,8.190706253051758,5.871431827545166,7.253860950469971,5.090468406677246,7.4947052001953125,,,,,,,,,,,7.777658939361572,6.190189361572266,8.385489463806152,10.541714668273926,6.837697505950928,8.867677688598633,6.832521915435791,7.73327112197876,6.428284168243408,8.182090759277344,,,,,,,,,,,,,,,,,,,,,,,,,,,,,,,,,,,,,,,,
4,949,0.5045732855796814,0.33835935592651367,0.42144471406936646,0.6350395083427429,1.1141357421875,0.3692551553249359,0.3331003487110138,0.7583727240562439,0.24460747838020325,0.32684460282325745,7.455946922302246,5.460049629211426,6.479977130889893,8.426528930664062,12.032601356506348,8.094700813293457,6.475801467895508,9.063258171081543,5.040109157562256,6.030495643615723,,,,,,,,,,,9.547027587890625,6.439488887786865,9.353669166564941,11.07784366607666,15.103190422058105,9.847798347473145,9.444050788879395,10.270700454711914,5.677513599395752,8.708991050720215,,,,,,,,,,,,,,,,,,,,,,,,,,,,,,,,,,,,,,,,
4,954,0.4455097019672394,0.4108898937702179,0.05293739214539528,0.04106065630912781,1.0128425359725952,0.8763121962547302,0.532832145690918,0.2781032919883728,0.4018181562423706,0.40279078483581543,6.602430820465088,5.9679484367370605,3.1358842849731445,1.9819964170455933,10.727825164794922,11.794212341308594,8.11585807800293,5.723319053649902,5.445064544677734,6.529767990112305,,,,,,,,,,,8.65643310546875,7.096187114715576,3.3150715827941895,2.816876173019409,14.4002685546875,15.170689582824707,11.94444465637207,6.219590187072754,7.276760578155518,9.668007850646973,,,,,,,,,,,,,,,,,,,,,,,,,,,,,,,,,,,,,,,,
4,959,0.4605666399002075,0.3761915862560272,0.6313154101371765,0.4803123474121094,0.3909949064254761,0.6091077923774719,0.6022315621376038,0.399867981672287,0.2039465308189392,0.451131135225296,7.975988864898682,5.396817684173584,10.149837493896484,7.876899719238281,7.3404083251953125,11.001307487487793,9.801619529724121,7.289595603942871,4.314135551452637,8.613275527954102,,,,,,,,,,,9.448870658874512,6.789953231811523,11.448138236999512,9.634224891662598,8.947159767150879,12.648031234741211,12.698504447937012,7.4579081535339355,5.184196472167969,10.231719017028809,,,,,,,,,,,,,,,,,,,,,,,,,,,,,,,,,,,,,,,,
4,964,0.26876136660575867,0.251132994890213,0.10045145452022552,0.2110201120376587,0.21209381520748138,0.23844999074935913,0.3566063940525055,0.26339247822761536,0.5546494722366333,0.23105552792549133,5.472477436065674,4.562168598175049,3.78298020362854,5.087337493896484,5.392361164093018,6.948753833770752,7.4730095863342285,4.098567485809326,6.32553768157959,5.5815815925598145,,,,,,,,,,,6.966622352600098,5.547715187072754,4.566565990447998,6.385822296142578,6.589669704437256,7.913607597351074,9.77159309387207,6.052856922149658,8.549339294433594,7.322432518005371,,,,,,,,,,,,,,,,,,,,,,,,,,,,,,,,,,,,,,,,
4,969,0.43255603313446045,0.33950427174568176,0.591459333896637,0.379863440990448,0.5202192068099976,0.5662161707878113,0.3231221139431,0.6549655199050903,0.1182178482413292,0.3994362950325012,7.468698501586914,4.635274410247803,9.136811256408691,7.5868401527404785,8.812337875366211,10.607449531555176,7.944118022918701,7.131449222564697,3.347874879837036,8.016128540039062,,,,,,,,,,,9.003880500793457,6.45037317276001,11.080876350402832,8.56778621673584,10.3203125,12.194583892822266,9.30152416229248,9.544825553894043,3.946979522705078,9.627664566040039,,,,,,,,,,,,,,,,,,,,,,,,,,,,,,,,,,,,,,,,
4,969,,,,,,,,,,,7.0299296379089355,5.911048889160156,6.857618808746338,6.580286979675293,7.230934143066406,8.679443359375,7.706071853637695,6.302197456359863,6.225507736206055,7.7762603759765625,0.5243163704872131,0.48878562450408936,0.6055178642272949,0.6135931015014648,0.5401395559310913,0.450922429561615,0.5177972316741943,0.5218877792358398,0.4889686703681946,0.49123507738113403,9.176905632019043,7.711875915527344,8.911445617675781,8.606871604919434,9.514986038208008,11.308417320251465,10.239479064941406,8.056686401367188,8.105643272399902,10.136744499206543,0.516903281211853,0.5286874175071716,0.6069269776344299,0.37482205033302307,0.5701008439064026,0.5926514863967896,0.5013501048088074,0.47729364037513733,0.5151936411857605,0.4851032495498657,7.447906494140625,5.592493534088135,7.961676597595215,6.438299179077148,8.317737579345703,9.514228820800781,8.989473342895508,5.959718704223633,6.380559921264648,7.876970291137695,0.44402986764907837,0.46228623390197754,0.5196396112442017,0.5828887224197388,0.3249959945678711,0.4660564064979553,0.48873913288116455,0.32060301303863525,0.30623340606689453,0.524826169013977,9.994278907775879,8.114089965820312,10.6259765625,9.594659805297852,11.115995407104492,12.56328010559082,11.430785179138184,7.68443489074707,8.469985008239746,10.349305152893066
5,974,0.58051997423172,0.3014678657054901,1.1960769891738892,0.37483420968055725,0.5135189890861511,0.8544565439224243,0.27572864294052124,0.6327333450317383,0.5063005685806274,0.5695630311965942,8.475815773010254,5.58032751083374,12.042899131774902,6.82291841506958,8.402389526367188,11.705403327941895,6.518633842468262,8.949976921081543,7.0220465660095215,9.237746238708496,,,,,,,,,,,10.357705116271973,6.078309059143066,15.757641792297363,8.510881423950195,10.253636360168457,14.98031234741211,8.592345237731934,9.381430625915527,8.168220520019531,11.496564865112305,,,,,,,,,,,,,,,,,,,,,,,,,,,,,,,,,,,,,,,,
5,979,0.34214454889297485,0.4938395321369171,0.22154374420642853,0.29981890320777893,0.23530974984169006,0.21896961331367493,0.28270789980888367,0.5471072793006897,0.398044228553772,0.38195982575416565,6.344869613647461,6.763908386230469,5.502850532531738,6.270723819732666,5.838045597076416,6.3489532470703125,6.135021686553955,7.4868550300598145,5.129956245422363,7.6275105476379395,,,,,,,,,,,7.864297866821289,7.7795634269714355,6.781744003295898,7.611747741699219,6.940960884094238,7.58346700668335,8.700410842895508,8.72358512878418,7.2425079345703125,9.414690971374512,,,,,,,,,,,,,,,,,,,,,,,,,,,,,,,,,,,,,,,,
5,984,0.4252118766307831,0.6741185188293457,0.30675008893013,0.7903344631195068,0.2686861455440521,0.6244719624519348,0.18435847759246826,0.6008157134056091,0.07217274606227875,0.30519869923591614,7.120447158813477,6.6568756103515625,6.056280612945557,11.485069274902344,6.1073737144470215,10.540961265563965,6.164914131164551,8.311562538146973,2.627019166946411,6.13396692276001,,,,,,,,,,,8.590933799743652,9.089299201965332,7.980020999908447,12.358346939086914,7.416897773742676,12.806553840637207,7.025906085968018,9.14175033569336,3.0839684009552,8.415666580200195,,,,,,,,,,,,,,,,,,,,,,,,,,,,,,,,,,,,,,,,
5,989,0.6744057536125183,0.47628557682037354,0.6657997369766235,1.0804263353347778,0.3213030993938446,0.5036463737487793,0.5181596875190735,0.7819802165031433,1.4653276205062866,0.25672298669815063,8.59605598449707,6.8709025382995605,9.348515510559082,11.345320701599121,6.790334224700928,9.38473892211914,8.907671928405762,7.659451007843018,11.377642631530762,5.6799163818359375,,,,,,,,,,,10.808954238891602,7.640046119689941,11.756646156311035,14.449487686157227,8.110676765441895,11.501082420349121,11.77884292602539,10.429335594177246,13.896027565002441,7.718440055847168,,,,,,,,,,,,,,,,,,,,,,,,,,,,,,,,,,,,,,,,
5,994,0.5015771985054016,0.87912517786026,0.04735589027404785,0.16344599425792694,0.4365953803062439,1.0126101970672607,0.9951200485229492,0.04435935243964195,0.4427283704280853,0.49285414814949036,7.1248931884765625,7.246155738830566,2.852869987487793,4.959167003631592,7.2533111572265625,12.536191940307617,12.786763191223145,2.0621330738067627,6.578105926513672,7.849338054656982,,,,,,,,,,,9.115287780761719,10.379767417907715,3.1354410648345947,5.620074272155762,9.454513549804688,16.307861328125,16.323320388793945,2.4839982986450195,7.638216495513916,10.6943998336792,,,,,,,,,,,,,,,,,,,,,,,,,,,,,,,,,,,,,,,,
5,999,0.2577974498271942,0.12149083614349365,0.3401523232460022,0.07273068279027939,0.054512135684490204,0.2310953289270401,0.15832112729549408,0.555203914642334,0.4096570611000061,0.37701359391212463,5.431317329406738,3.1199843883514404,7.647906303405762,3.4009101390838623,2.6814382076263428,6.695409297943115,4.79616117477417,7.556910514831543,6.178057670593262,6.805077075958252,,,,,,,,,,,6.5713324546813965,3.858637809753418,8.403271675109863,3.7489852905273438,3.3407671451568604,7.790609836578369,6.51088809967041,8.787897109985352,7.3473968505859375,9.353533744812012,,,,,,,,,,,,,,,,,,,,,,,,,,,,,,,,,,,,,,,,
5,1004,0.6503582000732422,0.2495313584804535,0.5765891671180725,0.8336339592933655,0.41048169136047363,0.649570107460022,0.6676537394523621,0.7614840269088745,1.1943120956420898,0.509967565536499,8.731504440307617,4.278783798217773,8.882734298706055,9.34477710723877,7.5846967697143555,10.855900764465332,10.328428268432617,8.137077331542969,11.109718322753906,8.061423301696777,,,,,,,,,,,10.941985130310059,5.529996395111084,10.940694808959961,12.692366600036621,9.167407035827637,13.061373710632324,13.370462417602539,10.291748046875,12.545332908630371,10.878487586975098,,,,,,,,,,,,,,,,,,,,,,,,,,,,,,,,,,,,,,,,
5,1009,0.3818650245666504,0.25764554738998413,0.40128210186958313,0.397005170583725,0.18199901282787323,0.5131200551986694,0.2284613400697708,0.5000590085983276,0.7689160704612732,0.1882968693971634,6.395596981048584,4.287613868713379,7.620335578918457,6.41122579574585,5.04815149307251,9.41577434539795,5.7216973304748535,5.921816825866699,7.404384613037109,5.729372501373291,,,,,,,,,,,8.22845458984375,5.6191887855529785,9.127178192138672,8.758968353271484,6.104275703430176,11.608747482299805,7.821267604827881,8.340063095092773,10.06613540649414,6.610263347625732,,,,,,,,,,,,,,,,,,,,,,,,,,,,,,,,,,,,,,,,
5,1014,0.3450527787208557,0.20287083089351654,0.22167305648326874,0.32672861218452454,0.5071610808372498,0.7111202478408813,0.2597060203552246,0.15855905413627625,0.3379010260105133,0.37975525856018066,6.108583450317383,3.6497228145599365,5.400854587554932,5.912240505218506,7.117262363433838,8.422781944274902,7.0863823890686035,3.7933125495910645,5.7698211669921875,7.824871063232422,,,,,,,,,,,8.074196815490723,4.986227512359619,6.7837233543396,7.945998191833496,10.189963340759277,13.666187286376953,8.338957786560059,4.696282863616943,6.672952175140381,9.387482643127441,,,,,,,,,,,,,,,,,,,,,,,,,,,,,,,,,,,,,,,,
5,1019,0.4257802665233612,0.48051416873931885,0.4350195825099945,0.783645510673523,0.26970115303993225,0.3883031904697418,0.42415860295295715,0.19828733801841736,0.3868427276611328,0.4655500650405884,7.643439292907715,6.37410831451416,7.89230489730835,11.214923858642578,5.599264621734619,8.870590209960938,9.49255084991455,4.45912504196167,6.426008701324463,8.462082862854004,,,,,,,,,,,8.939448356628418,7.673886299133301,9.503116607666016,12.305937767028809,7.430893898010254,10.098604202270508,10.656999588012695,5.251776695251465,7.139873504638672,10.39394474029541,,,,,,,,,,,,,,,,,,,,,,,,,,,,,,,,,,,,,,,,
5,1024,0.2633461654186249,0.2884064316749573,0.08196262270212173,0.12322767823934555,0.33145982027053833,0.5841532945632935,0.25488701462745667,0.2936839759349823,0.10659575462341309,0.30573901534080505,5.668302059173584,5.301848888397217,3.1167147159576416,4.291961193084717,5.798154354095459,10.720688819885254,6.552177429199219,5.1549787521362305,2.7864298820495605,7.291763782501221,,,,,,,,,,,6.933094501495361,5.945176601409912,4.124958515167236,4.879878997802734,8.237873077392578,12.38623332977295,8.261228561401367,6.39144229888916,3.7479453086853027,8.423112869262695,,,,,,,,,,,,,,,,,,,,,,,,,,,,,,,,,,,,,,,,
5,1029,0.3534563481807709,0.7918965816497803,0.14695455133914948,0.17998872697353363,0.31634101271629333,0.5096536874771118,0.5715686082839966,0.2878339886665344,0.09702663868665695,0.2798430919647217,6.106820106506348,6.865198612213135,4.922944068908691,4.948864459991455,6.767673969268799,9.201849937438965,9.281895637512207,4.232719421386719,2.6453640460968018,6.094867706298828,,,,,,,,,,,7.913596153259277,9.851366996765137,5.52335786819458,5.897630214691162,8.04780387878418,11.569469451904297,12.371004104614258,6.327465057373047,3.575763463973999,8.05850601196289,,,,,,,,,,,,,,,,,,,,,,,,,,,,,,,,,,,,,,,,
5,1034,0.4370502531528473,0.24720920622348785,0.9377098083496094,0.20208413898944855,0.4007607102394104,0.8868970274925232,0.2755812406539917,0.17272235453128815,0.3458932042121887,0.4645947813987732,7.085086345672607,4.448153972625732,10.803226470947266,4.488790512084961,7.098334789276123,11.697077751159668,6.731706619262695,3.7971420288085938,5.478731632232666,9.222610473632812,,,,,,,,,,,8.961353302001953,5.504204750061035,13.952301979064941,6.24915075302124,9.058206558227539,15.262035369873047,8.590047836303711,4.901544570922852,6.751407146453857,10.383275985717773,,,,,,,,,,,,,,,,,,,,,,,,,,,,,,,,,,,,,,,,
5,1039,0.43682923913002014,0.534930944442749,0.4433978497982025,0.36554810404777527,0.40475529432296753,0.4775545597076416,0.4855944514274597,0.2993224561214447,0.35743817687034607,0.5629211664199829,7.259960651397705,6.467008113861084,7.833673000335693,6.5348992347717285,6.787800312042236,8.015369415283203,7.816620826721191,6.183225631713867,6.187231540679932,9.513818740844727,,,,,,,,,,,9.171765327453613,8.096756935119629,9.594192504882812,8.40479564666748,9.103238105773926,11.199209213256836,11.402697563171387,6.452505111694336,6.86315393447876,11.429335594177246,,,,,,,,,,,,,,,,,,,,,,,,,,,,,,,,,,,,,,,,
5,1044,0.5634306073188782,0.4017481207847595,0.6574673056602478,0.46633023023605347,0.49688392877578735,0.4720054864883423,0.8294161558151245,0.719711422920227,0.3375365734100342,0.6897764801979065,8.039762496948242,4.921536445617676,8.618241310119629,7.542848587036133,7.668421745300293,8.169452667236328,11.523758888244629,8.535016059875488,5.956568241119385,9.422016143798828,,,,,,,,,,,10.404643058776855,7.016801834106445,11.682848930358887,9.492961883544922,10.086189270019531,11.133954048156738,14.902427673339844,10.00547981262207,6.669353008270264,12.651772499084473,,,,,,,,,,,,,,,,,,,,,,,,,,,,,,,,,,,,,,,,
5,1049,0.6321430802345276,0.445659875869751,1.0831259489059448,0.17700457572937012,0.35602548718452454,0.40142324566841125,0.7571812868118286,0.8952285051345825,0.8494886755943298,0.7241500020027161,8.112543106079102,6.623967170715332,7.842756748199463,5.623929500579834,6.686816215515137,8.12085247039795,10.190279006958008,8.21924877166748,8.062068939208984,11.642966270446777,,,,,,,,,,,10.664533615112305,7.390333652496338,14.995161056518555,5.848535537719727,8.53768539428711,10.267792701721191,14.238713264465332,11.159010887145996,10.580399513244629,12.963177680969238,,,,,,,,,,,,,,,,,,,,,,,,,,,,,,,,,,,,,,,,
5,1054,0.44071975350379944,0.7268707752227783,0.13956621289253235,0.6097521781921387,0.2694137692451477,0.9915342926979065,0.5893213152885437,0.032533399760723114,0.27046626806259155,0.33701953291893005,6.60581636428833,7.533179759979248,4.937520503997803,8.75231647491455,5.607235908508301,11.9313383102417,8.504646301269531,1.508737564086914,4.366702079772949,6.310670852661133,,,,,,,,,,,8.749189376831055,9.438236236572266,5.382719993591309,10.855043411254883,7.426933765411377,16.137258529663086,12.56165599822998,2.12727427482605,5.970075607299805,8.843510627746582,,,,,,,,,,,,,,,,,,,,,,,,,,,,,,,,,,,,,,,,
5,1059,0.38724175095558167,0.5939503312110901,0.3316296339035034,0.11359403282403946,0.19877886772155762,0.18963110446929932,0.5076887011528015,0.14387297630310059,0.3656871020793915,1.0403425693511963,6.412581443786621,6.700320243835449,5.979615211486816,3.7573325634002686,5.06096887588501,4.955747127532959,9.137594223022461,4.368337631225586,5.883744716644287,11.869572639465332,,,,,,,,,,,8.17369270324707,8.531734466552734,8.29732894897461,4.685248374938965,6.379472255706787,7.057171821594238,11.659221649169922,4.473509788513184,6.941896915435791,15.537652015686035,,,,,,,,,,,,,,,,,,,,,,,,,,,,,,,,,,,,,,,,
5,1064,0.5234375596046448,0.538386344909668,0.4193790555000305,0.3610934913158417,0.8253909349441528,1.174235224723816,0.3845292031764984,0.46529388427734375,0.1556985080242157,0.3869312107563019,7.784830570220947,6.685544490814209,8.097697257995605,7.4014387130737305,9.402729988098145,11.213958740234375,7.980348110198975,6.652162075042725,3.7948343753814697,8.834762573242188,,,,,,,,,,,9.84056282043457,8.122865676879883,9.330716133117676,8.35342788696289,12.99958610534668,17.561168670654297,10.146947860717773,8.044931411743164,4.529658794403076,9.475760459899902,,,,,,,,,,,,,,,,,,,,,,,,,,,,,,,,,,,,,,,,
5,1069,0.4329662322998047,0.4967088997364044,0.6158868670463562,0.4608455300331116,0.21772918105125427,0.46195483207702637,0.3094005882740021,0.47448915243148804,0.5172975659370422,0.34238362312316895,7.454050540924072,6.585843563079834,8.288339614868164,8.623194694519043,5.149731159210205,8.534431457519531,7.785932540893555,7.177174091339111,7.376993179321289,7.564818859100342,,,,,,,,,,,8.959320068359375,7.802131175994873,11.307382583618164,9.436969757080078,6.676640510559082,11.014775276184082,9.101884841918945,8.124035835266113,8.256452560424805,8.91361141204834,,,,,,,,,,,,,,,,,,,,,,,,,,,,,,,,,,,,,,,,
5,1074,0.15822955965995789,0.1353052258491516,0.08768461644649506,0.172753244638443,0.20257903635501862,0.1724439412355423,0.25390905141830444,0.09172237664461136,0.1332843005657196,0.17438426613807678,4.515718936920166,3.2847707271575928,3.6424942016601562,4.4408793449401855,5.1752824783325195,5.959221363067627,6.692142963409424,3.2183918952941895,3.360691547393799,4.86759614944458,,,,,,,,,,,5.517332553863525,4.072110176086426,4.266515731811523,5.7778730392456055,6.440163612365723,6.729763507843018,8.24536418914795,3.571876049041748,4.190952777862549,6.361372947692871,,,,,,,,,,,,,,,,,,,,,,,,,,,,,,,,,,,,,,,,
5,1079,0.38728317618370056,0.6097263693809509,0.29595741629600525,0.1542373150587082,0.25173240900039673,0.2961735129356384,0.17933572828769684,0.6666987538337708,0.3999654948711395,0.6317217350006104,6.38612174987793,6.995184421539307,5.815498352050781,4.1751179695129395,5.9665093421936035,6.1771697998046875,4.611949443817139,7.941793918609619,5.402786731719971,10.389081954956055,,,,,,,,,,,8.207547187805176,8.644298553466797,7.838379383087158,5.459458827972412,7.179086685180664,8.819601058959961,6.92953634262085,9.629939079284668,7.259965896606445,12.107656478881836,,,,,,,,,,,,,,,,,,,,,,,,,,,,,,,,,,,,,,,,
5,1084,0.3618089258670807,0.48829033970832825,0.3919733166694641,0.20301973819732666,0.5610384941101074,0.2903505861759186,0.44651028513908386,0.26737332344055176,0.29043757915496826,0.31728658080101013,6.323160171508789,5.7594075202941895,6.119757652282715,5.417604923248291,8.062907218933105,6.78104829788208,8.111089706420898,4.6174726486206055,4.865090847015381,7.174065113067627,,,,,,,,,,,8.252216339111328,7.7357306480407715,9.0206937789917,6.2636003494262695,10.717561721801758,8.73247241973877,10.934186935424805,6.098425388336182,6.1865668296813965,8.580706596374512,,,,,,,,,,,,,,,,,,,,,,,,,,,,,,,,,,,,,,,,
5,1089,0.4584770202636719,0.5027428865432739,0.19898349046707153,0.39225608110427856,0.4583299160003662,0.45202118158340454,0.2530849277973175,0.9755619168281555,0.5471234917640686,0.3461889922618866,7.337452411651611,6.719974994659424,5.108914375305176,7.656915664672852,7.737114429473877,8.921721458435059,6.397153377532959,8.943171501159668,7.518075942993164,7.034029483795166,,,,,,,,,,,8.988968849182129,7.8493781089782715,6.427175998687744,8.706421852111816,9.686986923217773,10.895702362060547,8.231972694396973,11.648934364318848,8.49113941192627,8.963008880615234,,,,,,,,,,,,,,,,,,,,,,,,,,,,,,,,,,,,,,,,
5,1094,0.5333458781242371,0.7098572254180908,0.5921446084976196,1.02870774269104,0.2726633548736572,0.6278234720230103,0.3129473924636841,0.25256505608558655,0.6922804117202759,0.3111235797405243,7.937926292419434,7.738881587982178,7.550324440002441,10.96210765838623,6.197667598724365,10.632792472839355,7.392252445220947,5.547863960266113,8.123902320861816,7.295542240142822,,,,,,,,,,,9.772849082946777,9.32712459564209,11.087292671203613,14.099408149719238,7.4715895652771,12.840875625610352,9.153905868530273,5.927142143249512,9.551340103149414,8.49696159362793,,,,,,,,,,,,,,,,,,,,,,,,,,,,,,,,,,,,,,,,
5,1099,0.29483383893966675,0.1588546186685562,0.3926520347595215,0.21559736132621765,0.3406854569911957,0.22492071986198425,0.3067091703414917,0.4935991168022156,0.3492111563682556,0.1712748110294342,5.716796875,3.216566562652588,6.474003314971924,5.540088176727295,5.9630961418151855,6.375087261199951,6.542978763580322,6.939571380615234,5.519050598144531,4.880728244781494,,,,,,,,,,,7.37437629699707,4.412271022796631,9.028501510620117,6.454708576202393,8.351729393005371,7.685827255249023,9.062211036682129,8.286019325256348,6.783710479736328,6.3044023513793945,,,,,,,,,,,,,,,,,,,,,,,,,,,,,,,,,,,,,,,,
5,1104,0.3324577510356903,0.13244134187698364,0.3279098868370056,0.323491632938385,0.611045241355896,0.19029171764850616,0.28710347414016724,0.3719397485256195,0.12034042924642563,0.627556324005127,6.254857540130615,3.4297444820404053,6.433148384094238,6.135433197021484,8.803956031799316,5.861931800842285,6.072883129119873,6.262793064117432,3.492677688598633,9.80115032196045,,,,,,,,,,,7.827879428863525,4.02878475189209,8.250664710998535,7.906538963317871,11.185009002685547,7.06945276260376,8.76778793334961,7.192750930786133,3.982254981994629,12.067673683166504,,,,,,,,,,,,,,,,,,,,,,,,,,,,,,,,,,,,,,,,
5,1109,0.25675123929977417,0.2580965757369995,0.05784086883068085,0.18770019710063934,0.3168148398399353,0.30549588799476624,0.37637609243392944,0.20571912825107574,0.1927148401737213,0.410002738237381,5.3563432693481445,4.566768646240234,3.154188871383667,5.256910800933838,6.205235958099365,6.264853477478027,6.737188339233398,3.8593857288360596,4.1434760093688965,8.019079208374023,,,,,,,,,,,6.922755718231201,5.624104976654053,3.4652059078216553,6.022644519805908,8.053829193115234,8.957329750061035,10.038800239562988,5.3492889404296875,5.039423942565918,9.754175186157227,,,,,,,,,,,,,,,,,,,,,,,,,,,,,,,,,,,,,,,,
5,1114,0.3217591345310211,0.23073138296604156,0.4445433020591736,0.32405930757522583,0.32971638441085815,0.16377902030944824,0.21383868157863617,0.445094496011734,0.4628337025642395,0.28123584389686584,6.282953262329102,4.293363571166992,7.9790802001953125,6.818947792053223,6.268558979034424,5.446937084197998,5.950889587402344,6.517581462860107,6.6145148277282715,6.656702518463135,,,,,,,,,,,7.6595330238342285,5.317599296569824,9.60657787322998,7.913472652435303,8.216178894042969,6.558507442474365,7.566829681396484,7.86837100982666,7.809724807739258,8.078534126281738,,,,,,,,,,,,,,,,,,,,,,,,,,,,,,,,,,,,,,,,
5,1119,0.3132617771625519,0.5271679759025574,0.11369124799966812,0.2721838355064392,0.6164306402206421,0.2236447036266327,0.10261184722185135,0.6353746652603149,0.07509442418813705,0.25315654277801514,5.804278373718262,5.940704822540283,3.809253215789795,5.0090131759643555,9.475666999816895,6.710944175720215,4.374279975891113,8.447307586669922,2.2979469299316406,6.173389911651611,,,,,,,,,,,7.166634559631348,8.037792205810547,4.8581976890563965,7.252472400665283,11.234189987182617,7.663994312286377,5.241668224334717,9.40099048614502,3.145771026611328,7.664640426635742,,,,,,,,,,,,,,,,,,,,,,,,,,,,,,,,,,,,,,,,
5,1124,0.24247683584690094,0.23234757781028748,0.24515964090824127,0.20496074855327606,0.277288556098938,0.4712347388267517,0.22243942320346832,0.23703664541244507,0.08716392517089844,0.20466026663780212,5.413585186004639,3.8441600799560547,5.383201599121094,5.231814861297607,6.703396320343018,9.452912330627441,5.930343151092529,4.347139358520508,2.5545129776000977,5.274788856506348,,,,,,,,,,,6.79594087600708,5.336190700531006,7.134050369262695,6.293471336364746,7.534693717956543,11.124858856201172,7.717500686645508,5.742043495178223,3.3891568183898926,6.89150333404541,,,,,,,,,,,,,,,,,,,,,,,,,,,,,,,,,,,,,,,,
5,1129,0.4212619364261627,0.3780386745929718,0.04567798227071762,0.46955209970474243,0.959492564201355,0.7218402624130249,0.5915805101394653,0.15452173352241516,0.008622832596302032,0.46203047037124634,7.088639259338379,5.27465295791626,2.901815891265869,7.384400844573975,11.312272071838379,11.76511287689209,10.83757209777832,3.892401933670044,1.0628279447555542,9.366695404052734,,,,,,,,,,,8.426528930664062,6.806602954864502,3.079392910003662,9.525697708129883,14.01588249206543,13.768810272216797,12.585710525512695,4.6361083984375,1.0659780502319336,10.354580879211426,,,,,,,,,,,,,,,,,,,,,,,,,,,,,,,,,,,,,,,,
5,1134,0.6340858936309814,0.5244430899620056,0.9684458374977112,0.253900945186615,1.0290782451629639,0.8160847425460815,0.3614073097705841,0.47181373834609985,0.4845518171787262,0.7970470786094666,9.162635803222656,6.192960739135742,12.97292423248291,6.337228298187256,10.880486488342285,11.667197227478027,8.579561233520508,7.396035671234131,7.179046630859375,11.258279800415039,,,,,,,,,,,10.87613296508789,8.016992568969727,14.179121017456055,7.004660129547119,14.515227317810059,14.640081405639648,9.837148666381836,8.101099967956543,7.99085807800293,13.600008964538574,,,,,,,,,,,,,,,,,,,,,,,,,,,,,,,,,,,,,,,,
5,1139,0.4576624929904938,0.6020546555519104,0.4602108597755432,0.3102785050868988,0.6502676010131836,0.2655440866947174,0.327819287776947,0.4773797392845154,0.6401113867759705,0.3852958381175995,7.212259292602539,6.053571701049805,6.936592102050781,7.1697678565979,9.258580207824707,6.605033874511719,6.48444128036499,6.2350006103515625,8.826805114746094,7.340537071228027,,,,,,,,,,,9.128310203552246,8.589743614196777,9.774399757385254,7.743381977081299,11.538402557373047,8.351109504699707,9.368888854980469,8.148744583129883,9.184405326843262,9.455714225769043,,,,,,,,,,,,,,,,,,,,,,,,,,,,,,,,,,,,,,,,
5,1144,0.4266720414161682,0.4793738126754761,0.8094860911369324,0.358712762594223,0.22674956917762756,0.4216899573802948,0.27869367599487305,0.7850911617279053,0.026099897921085358,0.45415133237838745,6.835839748382568,5.250322341918945,9.934575080871582,7.823455333709717,5.968894958496094,7.214560031890869,6.961174011230469,8.589844703674316,1.5427172183990479,8.237011909484863,,,,,,,,,,,8.611138343811035,7.664775371551514,12.963322639465332,8.325844764709473,6.813541412353516,10.523797035217285,8.638421058654785,10.45005989074707,1.8545676469802856,10.265912055969238,,,,,,,,,,,,,,,,,,,,,,,,,,,,,,,,,,,,,,,,
5,1149,0.333743691444397,0.5897578597068787,0.11883098632097244,0.17789924144744873,0.35715246200561523,0.42605775594711304,0.6464832425117493,0.055808842182159424,0.1613118201494217,0.47039082646369934,6.190309524536133,7.119507789611816,4.247417449951172,5.174396991729736,6.5609307289123535,8.664475440979004,9.560758590698242,2.060748815536499,3.7993175983428955,8.525227546691895,,,,,,,,,,,7.718044757843018,8.501569747924805,4.966798305511475,5.863297939300537,8.551188468933105,10.57815933227539,13.156774520874023,2.786186695098877,4.610588550567627,10.447842597961426,,,,,,,,,,,,,,,,,,,,,,,,,,,,,,,,,,,,,,,,
5,1154,0.2709273397922516,0.2712967097759247,0.09043896198272705,0.23459596931934357,0.39190974831581116,0.3867185711860657,0.16087161004543304,0.13625149428844452,0.5144421458244324,0.25182095170021057,5.594454288482666,4.74492883682251,3.5973548889160156,5.653466701507568,6.757891654968262,8.025917053222656,4.761928081512451,3.3564202785491943,7.370979309082031,6.081205368041992,,,,,,,,,,,6.962488651275635,5.766131401062012,4.333007335662842,6.7331013679504395,8.957620620727539,10.077977180480957,6.563122749328613,4.353407859802246,8.233633995056152,7.644395351409912,,,,,,,,,,,,,,,,,,,,,,,,,,,,,,,,,,,,,,,,
5,1159,0.38664305210113525,0.6248329877853394,0.3973800241947174,0.09098470211029053,0.37770217657089233,0.48625707626342773,0.2265326827764511,0.3775281310081482,0.5996386408805847,0.298930823802948,6.584852695465088,7.704564571380615,6.614428997039795,3.801053524017334,6.294872760772705,8.69552993774414,5.345860481262207,5.942183017730713,7.63129186630249,7.233887672424316,,,,,,,,,,,8.263776779174805,8.75072956085205,9.082694053649902,4.193137168884277,8.793756484985352,11.300790786743164,7.78818416595459,7.246584415435791,8.889309883117676,8.328801155090332,,,,,,,,,,,,,,,,,,,,,,,,,,,,,,,,,,,,,,,,
5,1163,,,,,,,,,,,6.9017486572265625,5.644612789154053,6.748953819274902,6.652947425842285,7.217902183532715,8.541815757751465,7.470646858215332,6.160423278808594,6.048158168792725,7.630280494689941,0.538841187953949,0.5316156148910522,0.6076316833496094,0.6088854074478149,0.5362229347229004,0.45913755893707275,0.5371016263961792,0.5306621193885803,0.523934006690979,0.5143799781799316,9.049901962280273,7.381755828857422,8.887537956237793,8.659143447875977,9.555419921875,11.223505020141602,10.032423973083496,7.982414245605469,7.823430061340332,9.903488159179688,0.6353268027305603,0.8787663578987122,0.6331307291984558,0.4270085096359253,0.6552016735076904,0.6614013910293579,0.6749194264411926,0.5163143873214722,0.6589674353599548,0.6122305989265442,8.261334419250488,8.27456283569336,7.99545955657959,6.412600517272949,9.022576332092285,9.72576904296875,9.961827278137207,6.334637641906738,7.612225532531738,9.012349128723145,0.2977086007595062,0.06839257478713989,0.47556936740875244,0.5704243183135986,0.20484298467636108,0.39509129524230957,0.3083588480949402,0.16908687353134155,0.08307188749313354,0.4045391082763672,11.119236946105957,10.6802339553833,11.102718353271484,9.736961364746094,12.064842224121094,13.372119903564453,13.295208930969238,8.49821949005127,9.737412452697754,11.585412979125977
6,1164,0.6948070526123047,0.9884011745452881,0.6890234351158142,0.4149664044380188,0.5773000121116638,1.0310980081558228,0.5229610800743103,0.5733999013900757,0.6287474036216736,0.8273664116859436,9.639875411987305,8.40953540802002,9.538446426391602,6.9639892578125,9.415837287902832,14.272188186645508,10.483333587646484,7.570326328277588,9.10183048248291,11.003392219543457,,,,,,,,,,,11.44127368927002,11.00598430633545,11.959929466247559,8.954912185668945,10.871774673461914,16.4560604095459,11.833288192749023,8.930741310119629,9.102514266967773,13.856263160705566,,,,,,,,,,,,,,,,,,,,,,,,,,,,,,,,,,,,,,,,
6,1169,0.3821152150630951,0.4825318455696106,0.4124208092689514,0.16618043184280396,0.3194023668766022,0.17611847817897797,0.3781321048736572,0.5956412553787231,0.5113086700439453,0.3973008096218109,6.616278648376465,5.5029826164245605,7.133006572723389,4.8600850105285645,7.6029438972473145,5.757269382476807,8.20293140411377,6.3931803703308105,6.906346321105957,7.187764644622803,,,,,,,,,,,8.274723052978516,7.689980983734131,9.252986907958984,5.666890621185303,8.086650848388672,6.801086902618408,10.062191009521484,9.102299690246582,8.20851993560791,9.601895332336426,,,,,,,,,,,,,,,,,,,,,,,,,,,,,,,,,,,,,,,,
6,1174,0.5384618639945984,1.0495914220809937,0.6551120281219482,0.6173022985458374,0.06894201040267944,0.316975474357605,0.3672628402709961,0.625792384147644,0.43951892852783203,0.7056592106819153,7.454146385192871,8.491682052612305,9.069562911987305,7.3826422691345215,3.2320451736450195,7.396651268005371,8.107596397399902,7.409908771514893,5.972550868988037,10.024680137634277,,,,,,,,,,,9.606667518615723,11.34154987335205,11.661903381347656,10.922041893005371,3.7570035457611084,9.12407112121582,9.916520118713379,9.329833030700684,7.610480785369873,12.796603202819824,,,,,,,,,,,,,,,,,,,,,,,,,,,,,,,,,,,,,,,,
6,1179,0.4110247790813446,0.5264332294464111,0.09087540954351425,0.4273442029953003,0.12417831271886826,0.6716578006744385,0.14433062076568604,0.8129212856292725,0.5060451030731201,0.39543697237968445,6.60187292098999,6.605694770812988,3.9561073780059814,6.622426509857178,3.8834595680236816,11.248326301574707,5.3874735832214355,9.13723087310791,4.602557182312012,7.973579406738281,,,,,,,,,,,8.264740943908691,8.03218936920166,4.34345006942749,9.087486267089844,5.042228698730469,13.281584739685059,6.216558933258057,10.63366413116455,8.166159629821777,9.579345703125,,,,,,,,,,,,,,,,,,,,,,,,,,,,,,,,,,,,,,,,
6,1184,0.33306196331977844,0.4613959491252899,0.18789683282375336,0.25791695713996887,0.13050930202007294,0.41193366050720215,0.14140230417251587,0.7323717474937439,0.5801617503166199,0.0939691811800003,5.740883827209473,6.112072944641113,4.846012592315674,5.415619850158691,4.593829154968262,8.362128257751465,4.674082279205322,6.615207195281982,7.473483085632324,3.5755178928375244,,,,,,,,,,,7.339479923248291,7.51967716217041,6.245560169219971,7.059839725494385,5.169164657592773,10.401345252990723,6.153172016143799,10.093098640441895,8.743751525878906,4.669710159301758,,,,,,,,,,,,,,,,,,,,,,,,,,,,,,,,,,,,,,,,
6,1189,0.356945276260376,0.38195058703422546,0.505628764629364,0.19777648150920868,0.41363248229026794,0.22690348327159882,0.3624608516693115,0.20758262276649475,0.2905993163585663,0.6259727478027344,6.297515869140625,5.72882080078125,8.440337181091309,5.379671096801758,7.2499542236328125,5.380093574523926,6.936717987060547,3.362257719039917,5.708083152770996,8.491705894470215,,,,,,,,,,,8.184123039245605,6.841728687286377,10.245367050170898,6.182187557220459,9.202523231506348,7.719629287719727,9.85147762298584,5.373462200164795,6.188288688659668,12.052437782287598,,,,,,,,,,,,,,,,,,,,,,,,,,,,,,,,,,,,,,,,
6,1194,0.33866772055625916,0.43380382657051086,0.19061289727687836,0.5808185935020447,0.4195053279399872,0.5621837377548218,0.3654424548149109,0.010045235976576805,0.005858135409653187,0.47973915934562683,6.022220134735107,5.718386650085449,5.3115081787109375,9.388399124145508,7.604940891265869,9.412603378295898,6.983004570007324,1.0241786241531372,0.6893917918205261,8.0675687789917,,,,,,,,,,,7.566524982452393,7.291367530822754,6.2905378341674805,10.594369888305664,9.267622947692871,12.151082992553711,9.891913414001465,1.1820580959320068,0.8786238431930542,10.551149368286133,,,,,,,,,,,,,,,,,,,,,,,,,,,,,,,,,,,,,,,,
6,1199,0.3799417316913605,0.40009379386901855,0.46448370814323425,0.6067101955413818,0.3977850675582886,0.32011911273002625,0.25611642003059387,0.3698104918003082,0.2303091585636139,0.37404754757881165,7.115227699279785,5.021473407745361,8.292703628540039,9.585603713989258,7.034863471984863,8.055437088012695,6.836493015289307,6.039022922515869,4.998160362243652,8.173288345336914,,,,,,,,,,,8.458073616027832,7.0023393630981445,9.819669723510742,10.82793140411377,9.024514198303223,9.169203758239746,8.2811279296875,7.17213249206543,5.509077548980713,9.316667556762695,,,,,,,,,,,,,,,,,,,,,,,,,,,,,,,,,,,,,,,,
6,1204,0.40315747261047363,0.3836284577846527,0.19629886746406555,0.29867658019065857,0.2532554566860199,0.8024840950965881,0.4000254273414612,0.4845782518386841,0.3743763566017151,0.43509384989738464,6.968689918518066,5.865082740783691,4.45526123046875,6.569486141204834,5.561468601226807,11.308393478393555,8.359224319458008,6.794764518737793,6.029448986053467,7.7750773429870605,,,,,,,,,,,8.687492370605469,6.8567399978637695,6.38367223739624,7.597233772277832,7.200771808624268,14.51757526397705,10.349386215209961,8.209953308105469,7.023886203765869,10.048209190368652,,,,,,,,,,,,,,,,,,,,,,,,,,,,,,,,,,,,,,,,
6,1209,0.35009267926216125,0.3652745187282562,0.22014324367046356,0.30716606974601746,0.2818272113800049,0.13582319021224976,0.35707172751426697,0.2832225561141968,0.6207117438316345,0.5795937776565552,6.288065433502197,4.655174255371094,5.242291450500488,6.879096984863281,5.518340587615967,4.789662837982178,7.120707035064697,5.394498825073242,7.458374977111816,9.534438133239746,,,,,,,,,,,7.935576438903809,6.6907057762146,6.760274887084961,7.7044477462768555,7.596108436584473,5.972591876983643,9.777966499328613,6.27657413482666,9.044160842895508,11.597357749938965,,,,,,,,,,,,,,,,,,,,,,,,,,,,,,,,,,,,,,,,
6,1214,0.38039225339889526,0.3807169497013092,0.2773800790309906,0.43453505635261536,0.276924729347229,0.4973788857460022,0.5185399651527405,0.14627546072006226,0.36978423595428467,0.5219950675964355,6.698457717895508,4.603882312774658,6.253303050994873,7.27606201171875,6.522308349609375,8.351320266723633,9.01732063293457,3.788857936859131,5.856435298919678,8.61662769317627,,,,,,,,,,,8.535810470581055,6.8306708335876465,7.588383674621582,9.163623809814453,7.529749393463135,11.42929744720459,11.783163070678711,4.510705471038818,6.980676174163818,11.006024360656738,,,,,,,,,,,,,,,,,,,,,,,,,,,,,,,,,,,,,,,,
6,1219,0.6888526082038879,0.741895318031311,0.6794931888580322,0.6078140139579773,0.5516495704650879,0.6908993721008301,0.3154258728027344,0.5435653328895569,0.8000990748405457,1.2688316106796265,8.912909507751465,7.241267204284668,10.392505645751953,8.18653678894043,8.362800598144531,10.621637344360352,7.9816718101501465,6.981848239898682,8.638025283813477,11.809895515441895,,,,,,,,,,,11.295652389526367,9.535283088684082,11.876931190490723,10.837777137756348,10.627504348754883,13.47048568725586,9.190083503723145,8.695301055908203,10.268219947814941,17.159284591674805,,,,,,,,,,,,,,,,,,,,,,,,,,,,,,,,,,,,,,,,
6,1224,0.3817237913608551,0.49431538581848145,0.7731025218963623,0.22763384878635406,0.1004747673869133,0.4738650321960449,0.23376595973968506,0.5519206523895264,0.3006798326969147,0.27975600957870483,6.721515655517578,6.175029754638672,10.763007164001465,5.72268009185791,3.9276604652404785,8.754867553710938,5.277730464935303,7.927180290222168,5.401200294494629,6.544281005859375,,,,,,,,,,,8.200130462646484,7.7833099365234375,12.668645858764648,6.632439613342285,4.535531044006348,11.155863761901855,7.9115471839904785,8.761874198913574,6.294705867767334,8.057251930236816,,,,,,,,,,,,,,,,,,,,,,,,,,,,,,,,,,,,,,,,
6,1229,0.3214738965034485,0.5200181007385254,0.3221631944179535,0.06159669905900955,0.27472633123397827,0.6173691749572754,0.3885440230369568,0.29644498229026794,0.1494745910167694,0.2629278302192688,6.011635780334473,5.868016719818115,6.697139263153076,2.588223695755005,6.1490068435668945,9.883670806884766,8.514477729797363,4.990173816680908,3.253326416015625,6.160684585571289,,,,,,,,,,,7.63501501083374,7.98309850692749,8.178046226501465,3.450115203857422,7.4998016357421875,12.733514785766602,10.199782371520996,6.421414852142334,4.438200950622559,7.811158657073975,,,,,,,,,,,,,,,,,,,,,,,,,,,,,,,,,,,,,,,,
6,1234,0.2394973486661911,0.30792829394340515,0.1263708472251892,0.3226418197154999,0.24233341217041016,0.2298172116279602,0.30380913615226746,0.04320905730128288,0.11253421753644943,0.46683207154273987,5.241541385650635,5.291297435760498,4.031474590301514,6.50048828125,5.13420295715332,6.210463523864746,7.157181739807129,2.047433376312256,3.664872407913208,7.136459827423096,,,,,,,,,,,6.633781433105469,6.143092632293701,5.121947288513184,7.896146774291992,7.043788909912109,7.769035816192627,9.019266128540039,2.451580286026001,3.8509292602539062,10.408245086669922,,,,,,,,,,,,,,,,,,,,,,,,,,,,,,,,,,,,,,,,
6,1239,0.2828066647052765,0.29082486033439636,0.3184105455875397,0.05558241158723831,0.09332902729511261,0.26714271306991577,0.18516306579113007,0.42206478118896484,0.434102863073349,0.4786396920681,5.529535293579102,4.9483561515808105,6.803515434265137,2.754561185836792,3.6312310695648193,6.57600736618042,4.780638694763184,5.5771484375,5.368226528167725,9.326132774353027,,,,,,,,,,,6.992332935333252,5.970050811767578,8.130277633666992,3.277355670928955,4.371273994445801,8.376209259033203,7.0412211418151855,7.662108898162842,7.563444137573242,10.53905200958252,,,,,,,,,,,,,,,,,,,,,,,,,,,,,,,,,,,,,,,,
6,1244,0.4667298495769501,0.48215335607528687,0.23111668229103088,0.5231620073318481,0.9142203330993652,0.18660444021224976,0.7209630608558655,0.43238648772239685,0.34471139311790466,0.3652510643005371,7.41269588470459,6.401611328125,6.070444583892822,8.06786060333252,9.635671615600586,5.366572856903076,10.131428718566895,7.068028926849365,6.0522589683532715,7.920389175415039,,,,,,,,,,,9.216208457946777,7.686964511871338,6.926714897155762,10.054788589477539,13.681228637695312,7.000625133514404,13.894000053405762,7.755231857299805,6.73986291885376,9.206466674804688,,,,,,,,,,,,,,,,,,,,,,,,,,,,,,,,,,,,,,,,
6,1249,0.2177727371454239,0.2618677616119385,0.17717048525810242,0.19457152485847473,0.11617430299520493,0.2798271179199219,0.23987600207328796,0.20987005531787872,0.229440376162529,0.2511570155620575,4.904114723205566,4.2158098220825195,4.170403480529785,4.988224506378174,3.8133082389831543,6.31213903427124,5.872210502624512,3.964752197265625,4.537754058837891,6.262427806854248,,,,,,,,,,,6.429071426391602,5.665043830871582,6.064672470092773,6.131892681121826,4.877021789550781,8.572761535644531,8.014274597167969,5.402987480163574,5.498676776885986,7.634311676025391,,,,,,,,,,,,,,,,,,,,,,,,,,,,,,,,,,,,,,,,
6,1254,0.37935271859169006,0.7830988168716431,0.7894525527954102,0.24807417392730713,0.48910626769065857,0.14882083237171173,0.09186720848083496,0.3226909637451172,0.12598654627799988,0.4150771498680115,6.328380584716797,7.314628601074219,8.932134628295898,5.95220422744751,8.683679580688477,4.995887756347656,4.0625319480896,6.418447017669678,3.410245418548584,7.185667991638184,,,,,,,,,,,7.925472736358643,9.796490669250488,12.80190658569336,6.923818588256836,10.006938934326172,6.251838207244873,4.95965051651001,6.699650764465332,4.07460355758667,9.814352035522461,,,,,,,,,,,,,,,,,,,,,,,,,,,,,,,,,,,,,,,,
6,1259,0.5123726725578308,1.0407088994979858,0.25047364830970764,0.18155531585216522,0.36651188135147095,1.0276820659637451,0.33329495787620544,0.45826712250709534,0.5472239255905151,0.40563642978668213,7.387288570404053,8.177971839904785,6.011645793914795,5.545450687408447,7.309510707855225,10.976775169372559,6.828128814697266,7.476412773132324,6.906540870666504,7.253161907196045,,,,,,,,,,,9.460413932800293,11.293457984924316,7.210953235626221,5.923240661621094,8.662508964538574,16.42877769470215,9.446809768676758,7.983954906463623,8.49191951751709,9.70209789276123,,,,,,,,,,,,,,,,,,,,,,,,,,,,,,,,,,,,,,,,
6,1264,0.3120824694633484,0.6520832180976868,0.08863295614719391,0.3970756530761719,0.18212132155895233,0.2594548463821411,0.36521047353744507,0.43637019395828247,0.2802857756614685,0.14750789105892181,5.994682312011719,7.131386756896973,4.052892684936523,7.787485122680664,4.880788326263428,6.662261962890625,7.513888835906982,7.028207302093506,4.341239929199219,4.553989410400391,,,,,,,,,,,7.328633785247803,8.939512252807617,4.289525985717773,8.759746551513672,6.106326103210449,8.254803657531738,9.888772964477539,7.7908759117126465,6.077483654022217,5.850659370422363,,,,,,,,,,,,,,,,,,,,,,,,,,,,,,,,,,,,,,,,
6,1269,0.4977846145629883,0.4499920606613159,1.0108530521392822,0.649723470211029,0.1554115116596222,0.5856545567512512,0.5935512781143188,0.2853735089302063,0.3829209506511688,0.36658158898353577,7.866847515106201,5.9730753898620605,13.616740226745605,9.07623291015625,4.544687271118164,9.26109504699707,9.2174072265625,5.336796760559082,6.098735809326172,7.676859378814697,,,,,,,,,,,9.599374771118164,7.426167011260986,14.486241340637207,11.205188751220703,5.640807151794434,12.402140617370605,12.606657028198242,6.300362586975098,7.1035895347595215,9.22321891784668,,,,,,,,,,,,,,,,,,,,,,,,,,,,,,,,,,,,,,,,
6,1274,0.4080311357975006,0.33964598178863525,0.49740248918533325,0.776483952999115,0.4877479374408722,0.3106963634490967,0.29244914650917053,0.2831903100013733,0.2800199091434479,0.40464431047439575,6.745397090911865,4.320621967315674,6.805406093597412,10.42948055267334,7.53143835067749,6.487460136413574,6.822319030761719,4.9152445793151855,5.089897632598877,8.306702613830566,,,,,,,,,,,8.753260612487793,6.451720237731934,10.16168212890625,12.249578475952148,9.993033409118652,9.033248901367188,8.84903621673584,6.276216506958008,6.074600696563721,9.690226554870605,,,,,,,,,,,,,,,,,,,,,,,,,,,,,,,,,,,,,,,,
6,1279,0.3969476819038391,0.47082075476646423,0.2494315207004547,0.09109573811292648,0.26223310828208923,0.1827152818441391,0.2473037838935852,0.5612669587135315,1.1691806316375732,0.33848145604133606,6.157765865325928,4.9146504402160645,5.916408538818359,3.5504112243652344,6.175729751586914,5.627377510070801,6.16458797454834,6.946234226226807,8.554118156433105,7.570375919342041,,,,,,,,,,,7.943418979644775,7.5960893630981445,7.1959357261657715,4.195695400238037,7.3272905349731445,6.927289009094238,8.137410163879395,8.835750579833984,12.412638664245605,8.8626708984375,,,,,,,,,,,,,,,,,,,,,,,,,,,,,,,,,,,,,,,,
6,1284,0.41756531596183777,0.45085376501083374,0.39363229274749756,0.5173252820968628,0.5287425518035889,0.2478867918252945,0.32942044734954834,0.07320188730955124,0.16756725311279297,1.0494575500488281,6.6586737632751465,6.129093170166016,6.540707588195801,8.660679817199707,8.102091789245605,6.4936604499816895,7.164876937866211,2.5445103645324707,4.298633575439453,9.993804931640625,,,,,,,,,,,8.648018836975098,7.4332733154296875,9.039762496948242,9.998542785644531,10.404513359069824,8.068681716918945,9.391740798950195,3.190948963165283,4.699134349822998,15.605570793151855,,,,,,,,,,,,,,,,,,,,,,,,,,,,,,,,,,,,,,,,
6,1289,0.2883446514606476,0.2142026722431183,0.17708511650562286,0.39580851793289185,0.6485820412635803,0.25949278473854065,0.23386435210704803,0.11861248314380646,0.29069122672080994,0.256762832403183,5.986214637756348,3.9537549018859863,4.887266635894775,8.704524993896484,7.126989364624023,7.123307228088379,6.373448848724365,3.982884168624878,5.67587947845459,6.047877788543701,,,,,,,,,,,7.288309097290039,5.123594284057617,6.063211441040039,8.745758056640625,11.523438453674316,8.255406379699707,7.913211822509766,4.061850547790527,6.189267635345459,7.719039440155029,,,,,,,,,,,,,,,,,,,,,,,,,,,,,,,,,,,,,,,,
6,1294,0.3575742244720459,0.27407604455947876,0.2204292118549347,0.17455317080020905,0.44523128867149353,0.6483821868896484,0.48400330543518066,0.20768395066261292,0.3418051302433014,0.42200368642807007,6.430766582489014,4.6656270027160645,5.056159496307373,4.924464702606201,7.5295586585998535,10.935113906860352,8.701462745666504,4.2800164222717285,5.61635160446167,6.16814661026001,,,,,,,,,,,8.25902271270752,5.795591831207275,6.7646636962890625,5.807894706726074,9.547561645507812,13.049426078796387,11.384001731872559,5.374773979187012,6.711391925811768,9.89590072631836,,,,,,,,,,,,,,,,,,,,,,,,,,,,,,,,,,,,,,,,
6,1299,0.33640041947364807,0.559065580368042,0.0495779886841774,0.3388919532299042,0.27911463379859924,0.2842033803462982,0.244749054312706,0.2668760418891907,0.7302291393280029,0.27489611506462097,6.042353630065918,6.098289966583252,2.7957844734191895,6.728870391845703,6.113309383392334,6.735409259796143,6.573542594909668,5.148198127746582,7.316798210144043,6.870980739593506,,,,,,,,,,,7.529080867767334,8.27739429473877,3.208160638809204,8.092552185058594,7.5594635009765625,8.63953685760498,8.095269203186035,6.092752456665039,9.809636116027832,7.986959457397461,,,,,,,,,,,,,,,,,,,,,,,,,,,,,,,,,,,,,,,,
6,1304,0.39908382296562195,0.3778074383735657,0.3967590034008026,0.3021926283836365,0.20551754534244537,0.34882062673568726,0.19076001644134521,0.6876680254936218,0.833224892616272,0.24900440871715546,6.881948471069336,5.720152854919434,7.954658508300781,6.133672714233398,5.108634948730469,6.939467430114746,5.934314250946045,8.7158842086792,9.563377380371094,5.867371559143066,,,,,,,,,,,8.2874755859375,6.804520130157471,9.075593948364258,7.641820430755615,6.486704349517822,9.571433067321777,7.146846771240234,9.780208587646484,10.47862720489502,7.601524829864502,,,,,,,,,,,,,,,,,,,,,,,,,,,,,,,,,,,,,,,,
6,1309,0.2838161289691925,0.5644328594207764,0.3382221758365631,0.471372127532959,0.2513476312160492,0.16778242588043213,0.3971090018749237,0.07180911302566528,0.07893630117177963,0.21333330869674683,5.7904558181762695,6.510944366455078,6.299610614776611,8.715324401855469,6.294736385345459,5.596926212310791,7.1684041023254395,2.751485824584961,2.8709330558776855,5.905735492706299,,,,,,,,,,,7.087292671203613,8.317032814025879,8.37939453125,9.544139862060547,7.173598289489746,6.638181209564209,10.311591148376465,3.160447120666504,3.2252371311187744,7.036011219024658,,,,,,,,,,,,,,,,,,,,,,,,,,,,,,,,,,,,,,,,
6,1314,0.34011712670326233,0.3380924463272095,0.4985331892967224,0.4203527867794037,0.27859318256378174,0.435200035572052,0.13964881002902985,0.3615604341030121,0.4465177655220032,0.142555370926857,6.125845432281494,5.352973937988281,8.411837577819824,7.492879390716553,5.193158149719238,7.187990665435791,4.732390403747559,5.453151226043701,6.49894380569458,4.809279918670654,,,,,,,,,,,7.832832336425781,6.436948299407959,10.173225402832031,9.01284408569336,7.552398204803467,10.691048622131348,6.114901065826416,7.091681003570557,7.670835494995117,5.7516045570373535,,,,,,,,,,,,,,,,,,,,,,,,,,,,,,,,,,,,,,,,
6,1319,0.3366812765598297,0.488217294216156,0.5066890716552734,0.48934048414230347,0.2256561815738678,0.47030308842658997,0.11612212657928467,0.09282556921243668,0.20297780632972717,0.43799999356269836,6.21133279800415,5.225861072540283,7.05410623550415,8.164656639099121,5.518967151641846,9.386629104614258,4.371710300445557,2.93711519241333,5.14243745803833,8.100508689880371,,,,,,,,,,,7.783277988433838,7.735152244567871,10.256103515625,9.724347114562988,6.797093391418457,11.113856315612793,5.576070785522461,3.593291997909546,5.171869277954102,10.081710815429688,,,,,,,,,,,,,,,,,,,,,,,,,,,,,,,,,,,,,,,,
6,1324,0.32284626364707947,0.5541583299636841,0.04999720677733421,0.09806139022111893,0.3574014902114868,0.5430532693862915,0.1743888407945633,0.41197067499160767,0.23915642499923706,0.47742876410484314,5.775092601776123,7.121768951416016,2.8564083576202393,3.7706820964813232,6.6260199546813965,8.859063148498535,5.141355037689209,5.547951698303223,4.177021026611328,7.875565528869629,,,,,,,,,,,7.428376197814941,8.240986824035645,3.2216956615448,4.353152751922607,8.554168701171875,11.942549705505371,6.83329439163208,7.569930076599121,5.613895416259766,10.525712013244629,,,,,,,,,,,,,,,,,,,,,,,,,,,,,,,,,,,,,,,,
6,1329,0.3859613835811615,0.4927445352077484,0.037305619567632675,0.06745675951242447,0.5062867999076843,0.4047178030014038,0.29723745584487915,0.04329315572977066,1.138306975364685,0.48630326986312866,6.239404678344727,5.852059841156006,2.3880882263183594,3.0930206775665283,9.1550874710083,9.041261672973633,7.204765796661377,1.8228780031204224,9.521066665649414,8.076414108276367,,,,,,,,,,,7.65569543838501,7.770933151245117,2.782907724380493,3.6105029582977295,10.18117618560791,10.309842109680176,8.921184539794922,2.4539647102355957,12.24765682220459,10.623088836669922,,,,,,,,,,,,,,,,,,,,,,,,,,,,,,,,,,,,,,,,
6,1334,0.44950512051582336,0.5922709703445435,0.40988314151763916,0.5021160840988159,0.6188710331916809,0.36924102902412415,0.12007516622543335,0.46332210302352905,0.43915602564811707,0.5306104421615601,6.922904968261719,6.857600688934326,7.279434680938721,6.59293794631958,8.500398635864258,7.84928560256958,4.562493324279785,6.618324279785156,5.385517120361328,8.660155296325684,,,,,,,,,,,9.0111665725708,8.519664764404297,9.224475860595703,9.850469589233398,11.256404876708984,9.847610473632812,5.670187473297119,8.027868270874023,7.607337951660156,11.096476554870605,,,,,,,,,,,,,,,,,,,,,,,,,,,,,,,,,,,,,,,,
6,1339,0.2746247351169586,0.1736488938331604,0.15055537223815918,0.32383325695991516,0.17366281151771545,0.539880096912384,0.3343035578727722,0.35333186388015747,0.10927365720272064,0.3131328523159027,5.83435583114624,3.891484022140503,5.11851167678833,6.529997825622559,5.042273998260498,9.14403247833252,6.635995388031006,6.163032531738281,2.561152219772339,7.4227190017700195,,,,,,,,,,,7.197292804718018,4.613157272338867,5.590617656707764,7.910712718963623,5.962838649749756,11.907608032226562,9.461091995239258,7.0105180740356445,3.794731378555298,8.524354934692383,,,,,,,,,,,,,,,,,,,,,,,,,,,,,,,,,,,,,,,,
6,1344,0.3169461786746979,0.5071079134941101,0.18276605010032654,0.1933383345603943,0.3348982036113739,0.27278947830200195,0.15849585831165314,0.39806947112083435,0.3216976225376129,0.483352929353714,6.165462970733643,5.905579566955566,5.649545192718506,5.315371990203857,7.0156965255737305,6.942409038543701,5.176432132720947,5.431612968444824,5.8036956787109375,8.248827934265137,,,,,,,,,,,7.550852298736572,7.88338041305542,6.159697532653809,6.112430095672607,8.280489921569824,8.464273452758789,6.514479637145996,7.441117286682129,6.510993003845215,10.590815544128418,,,,,,,,,,,,,,,,,,,,,,,,,,,,,,,,,,,,,,,,
6,1349,0.31872326135635376,0.36453977227211,0.22691133618354797,0.47729673981666565,0.23199108242988586,0.3844481408596039,0.20133766531944275,0.5539180040359497,0.29118531942367554,0.13688141107559204,5.854335308074951,4.970339298248291,5.743586540222168,6.23514461517334,5.714493274688721,7.679480075836182,5.994968891143799,6.369487762451172,4.955132484436035,5.0263848304748535,,,,,,,,,,,7.560227394104004,6.683973789215088,6.863407135009766,9.603933334350586,6.891841888427734,10.04835033416748,7.342319965362549,8.777713775634766,6.194524765014648,5.635980129241943,,,,,,,,,,,,,,,,,,,,,,,,,,,,,,,,,,,,,,,,
6,1354,0.40814512968063354,0.32036787271499634,0.6092262268066406,0.4064840078353882,0.4100378453731537,0.168873131275177,0.5497517585754395,0.4898694157600403,0.24246782064437866,0.4762282967567444,6.864854335784912,5.11145544052124,9.372957229614258,5.93035888671875,6.860978126525879,5.154463768005371,10.440276145935059,6.84896993637085,4.965453147888184,7.098775386810303,,,,,,,,,,,8.749940872192383,6.265946865081787,11.246074676513672,8.862915992736816,9.162449836730957,6.659722328186035,12.13260555267334,8.254654884338379,5.652626991271973,10.512471199035645,,,,,,,,,,,,,,,,,,,,,,,,,,,,,,,,,,,,,,,,
6,1357,,,,,,,,,,,6.794653415679932,5.565235137939453,6.7534379959106445,6.422504425048828,7.03123664855957,8.458457946777344,7.359416961669922,5.980180263519287,6.01091194152832,7.570498466491699,0.5517803430557251,0.5395808815956116,0.6164357662200928,0.6326115131378174,0.5547682642936707,0.4674904942512512,0.5527100563049316,0.5594587326049805,0.5242444276809692,0.5187230110168457,8.919196128845215,7.318719863891602,8.787261962890625,8.392390251159668,9.362421989440918,11.136504173278809,9.861832618713379,7.733654499053955,7.8208794593811035,9.859105110168457,0.525078535079956,0.6031293869018555,0.5686963200569153,0.3736167252063751,0.5764684677124023,0.5897400975227356,0.506167471408844,0.47795790433883667,0.5043278932571411,0.525602400302887,7.3594970703125,6.059658527374268,7.447245121002197,5.968146324157715,8.475337028503418,9.165308952331543,8.555388450622559,5.941431999206543,6.400179862976074,8.222771644592285,0.41955214738845825,0.3674984574317932,0.5421741008758545,0.6145037412643433,0.30023193359375,0.4642145037651062,0.48528164625167847,0.22939276695251465,0.2825744152069092,0.4900978207588196,10.143142700195312,8.800251960754395,10.37374210357666,9.223880767822266,11.318066596984863,12.584930419921875,11.46937084197998,8.184019088745117,8.61319637298584,10.72082805633545
7,1359,0.2922362983226776,0.21984797716140747,0.12855668365955353,0.24289925396442413,0.2431768774986267,0.4807206094264984,0.584693431854248,0.10795458406209946,0.09523092210292816,0.5270463228225708,5.539022922515869,4.186954975128174,3.707491874694824,4.925039291381836,5.66282320022583,8.088493347167969,9.791970252990723,3.257591485977173,2.6789188385009766,7.5519232749938965,,,,,,,,,,,7.387691974639893,5.190670967102051,5.1660542488098145,6.851221084594727,7.056035995483398,11.236271858215332,12.512235641479492,3.8750674724578857,3.5425198078155518,11.0591459274292,,,,,,,,,,,,,,,,,,,,,,,,,,,,,,,,,,,,,,,,
7,1364,0.3713168501853943,0.4064377248287201,0.23717427253723145,0.5051859021186829,0.2574492394924164,0.5995392799377441,0.30046823620796204,0.372918963432312,0.3317473530769348,0.3309306502342224,6.288488388061523,5.244176387786865,5.795468807220459,6.922052383422852,5.975557804107666,9.007522583007812,6.498272895812988,5.599679946899414,4.98246955871582,6.571194171905518,,,,,,,,,,,8.367826461791992,7.057636260986328,7.016902923583984,9.880536079406738,7.260148048400879,12.548293113708496,8.969537734985352,7.202212333679199,6.611911296844482,8.763259887695312,,,,,,,,,,,,,,,,,,,,,,,,,,,,,,,,,,,,,,,,
7,1369,0.2896476984024048,0.2370004653930664,0.3332151770591736,0.24642223119735718,0.2110084891319275,0.677372932434082,0.2596456706523895,0.1248122975230217,0.1901940256357193,0.32715779542922974,5.450289726257324,3.8635592460632324,5.794750213623047,5.1385178565979,5.9077653884887695,8.760167121887207,6.555888652801514,3.858036756515503,2.7350268363952637,6.438896179199219,,,,,,,,,,,7.415793418884277,5.389355659484863,8.317140579223633,6.900727272033691,6.572787761688232,13.337970733642578,8.337989807128906,4.166653633117676,5.006356239318848,8.713163375854492,,,,,,,,,,,,,,,,,,,,,,,,,,,,,,,,,,,,,,,,
7,1374,0.36929312348365784,0.318522572517395,0.22154788672924042,0.43465757369995117,0.12673801183700562,0.5025363564491272,0.39205262064933777,0.4385876953601837,0.5371463298797607,0.351849228143692,6.65601921081543,5.045483589172363,5.71626091003418,8.201189041137695,4.664800643920898,8.0748291015625,7.332863807678223,6.561916351318359,7.547703266143799,6.759123802185059,,,,,,,,,,,8.253628730773926,6.247876167297363,6.781807899475098,9.1649169921875,5.093931674957275,11.488401412963867,10.245732307434082,7.810646057128906,8.413362503051758,9.035984992980957,,,,,,,,,,,,,,,,,,,,,,,,,,,,,,,,,,,,,,,,
7,1379,0.7052680850028992,0.32256677746772766,0.5417134165763855,0.6294484734535217,1.4757646322250366,0.7244030833244324,0.6366323232650757,1.0489578247070312,0.5509581565856934,0.41696763038635254,8.771199226379395,5.2973527908325195,8.413193702697754,7.753688335418701,13.156620979309082,12.378363609313965,8.714753150939941,8.894746780395508,7.054126262664795,7.27794885635376,,,,,,,,,,,11.39883041381836,6.287414073944092,10.604653358459473,11.028971672058105,17.38233757019043,13.793231010437012,13.056151390075684,12.079188346862793,8.520843505859375,9.836676597595215,,,,,,,,,,,,,,,,,,,,,,,,,,,,,,,,,,,,,,,,
7,1384,0.4652521312236786,0.2715148329734802,0.47938811779022217,0.912390410900116,0.41771411895751953,0.7592180371284485,0.5625293254852295,0.1981782615184784,0.29386836290359497,0.2924681305885315,7.591137409210205,4.812668800354004,8.049717903137207,12.367431640625,6.6065592765808105,10.450339317321777,9.86000919342041,4.293557167053223,5.408237457275391,6.471717357635498,,,,,,,,,,,9.375091552734375,5.768448829650879,9.975974082946777,13.278385162353516,9.247817039489746,14.120794296264648,12.272791862487793,5.250331401824951,6.222999095916748,8.23827838897705,,,,,,,,,,,,,,,,,,,,,,,,,,,,,,,,,,,,,,,,
7,1389,0.3900056481361389,0.35276925563812256,0.3139495253562927,0.26672500371932983,0.3436063528060913,0.5930366516113281,0.5590102076530457,0.43549761176109314,0.3661089837551117,0.27934712171554565,6.711002826690674,5.097507953643799,6.22024393081665,5.704503536224365,5.840046405792236,10.18800163269043,8.764171600341797,6.3441009521484375,5.543717384338379,6.6967315673828125,,,,,,,,,,,8.634431838989258,6.575180530548096,8.07312297821045,7.179376602172852,8.387455940246582,12.480059623718262,12.234343528747559,7.783082485198975,6.945899486541748,8.051361083984375,,,,,,,,,,,,,,,,,,,,,,,,,,,,,,,,,,,,,,,,
7,1394,0.35482528805732727,0.6021063923835754,0.24467812478542328,0.2131853997707367,0.36757326126098633,0.17499564588069916,0.19186489284038544,0.7387682795524597,0.4093596935272217,0.25089597702026367,6.15256404876709,5.673229217529297,5.122829437255859,5.71539831161499,6.8817291259765625,5.622822284698486,5.874049663543701,7.3150506019592285,6.444358825683594,6.7236127853393555,,,,,,,,,,,7.763304233551025,8.590113639831543,7.127039909362793,6.418500900268555,8.675042152404785,6.779372692108154,7.167513847351074,10.137079238891602,7.344729900360107,7.630342483520508,,,,,,,,,,,,,,,,,,,,,,,,,,,,,,,,,,,,,,,,
7,1399,0.2384151667356491,0.19948460161685944,0.07070007175207138,0.2443319410085678,0.2647980749607086,0.34049123525619507,0.2401653677225113,0.2933160662651062,0.21916703879833221,0.2732820212841034,5.142403602600098,4.474013328552246,2.68167781829834,4.429953098297119,5.868768215179443,7.035308361053467,5.971043109893799,4.859169006347656,5.02720832824707,5.934487819671631,,,,,,,,,,,6.690067291259766,4.944438457489014,3.831083297729492,6.871396541595459,7.363038539886475,9.456464767456055,8.0191068649292,6.387437343597412,5.37416410446167,7.96347713470459,,,,,,,,,,,,,,,,,,,,,,,,,,,,,,,,,,,,,,,,
7,1404,0.33010441064834595,0.35978516936302185,0.22410568594932556,0.19720739126205444,0.4441984295845032,0.6236926913261414,0.21121175587177277,0.2767067551612854,0.16247421503067017,0.47155770659446716,5.976062297821045,5.344186782836914,4.9871110916137695,5.153547763824463,6.796679496765137,8.158157348632812,5.067783832550049,5.041189670562744,3.8437821865081787,9.392123222351074,,,,,,,,,,,7.864615440368652,6.640242099761963,6.820843696594238,6.1732869148254395,9.536481857299805,12.798563003540039,7.52020788192749,6.203954219818115,4.627170562744141,10.460792541503906,,,,,,,,,,,,,,,,,,,,,,,,,,,,,,,,,,,,,,,,
7,1409,0.40137606859207153,0.4020613729953766,0.17208802700042725,0.25045591592788696,0.5468387603759766,0.22678039968013763,0.43022602796554565,0.36365291476249695,0.20513713359832764,1.0151439905166626,6.885317325592041,5.006290912628174,5.1965508460998535,5.832479953765869,8.799554824829102,6.600134372711182,8.256229400634766,6.506324291229248,5.130319595336914,10.639972686767578,,,,,,,,,,,8.51610279083252,7.019536972045898,5.977051258087158,6.956977367401123,10.581062316894531,7.717535495758057,10.732950210571289,7.112171649932861,5.199306488037109,15.348326683044434,,,,,,,,,,,,,,,,,,,,,,,,,,,,,,,,,,,,,,,,
7,1414,0.4198826849460602,0.48679181933403015,0.12234153598546982,0.30362313985824585,0.26338475942611694,0.7711793184280396,0.5189830660820007,0.49689170718193054,0.4320400655269623,0.3837086856365204,6.899561882019043,5.973442554473877,3.9526114463806152,5.829405307769775,5.4399333000183105,11.476705551147461,8.355839729309082,6.886287689208984,6.631017208099365,7.550811767578125,,,,,,,,,,,8.786867141723633,7.723851680755615,5.039629936218262,7.659886360168457,7.343362808227539,14.231595039367676,11.788196563720703,8.313608169555664,7.54545259475708,9.43621826171875,,,,,,,,,,,,,,,,,,,,,,,,,,,,,,,,,,,,,,,,
7,1419,0.2854572832584381,0.38581210374832153,0.27667325735092163,0.22085539996623993,0.15038476884365082,0.1395115852355957,0.08495721220970154,0.25510090589523315,0.7347172498703003,0.32110315561294556,5.4701690673828125,5.629692554473877,5.41862678527832,5.531321048736572,3.981787919998169,5.045089244842529,3.840949773788452,4.497441291809082,8.325407028198242,6.961208820343018,,,,,,,,,,,6.865339279174805,6.876227378845215,7.578709602355957,6.532942771911621,5.548831939697266,6.053143501281738,4.769478797912598,5.956822872161865,9.83973503112793,8.632160186767578,,,,,,,,,,,,,,,,,,,,,,,,,,,,,,,,,,,,,,,,
7,1424,0.5188390612602234,0.7406072616577148,0.8210605978965759,0.5376583337783813,0.41322001814842224,0.45773735642433167,0.4092792868614197,0.3036353886127472,0.7517046332359314,0.23464852571487427,7.69140100479126,7.3289361000061035,10.372567176818848,7.281558513641357,8.684835433959961,8.294256210327148,7.5258708000183105,6.289249897003174,7.611409664154053,5.833919048309326,,,,,,,,,,,9.693038940429688,9.52700138092041,13.05567455291748,10.193140983581543,9.197935104370117,10.964378356933594,10.468408584594727,6.4988250732421875,9.952836990356445,7.379146575927734,,,,,,,,,,,,,,,,,,,,,,,,,,,,,,,,,,,,,,,,
7,1429,0.30069267749786377,0.4186069965362549,0.1456785500049591,0.0669318363070488,0.25823774933815,0.2675526738166809,0.4965600371360779,0.427983820438385,0.3347400426864624,0.28994226455688477,5.560708999633789,5.709400653839111,4.093308448791504,3.100198268890381,5.336495876312256,6.760943412780762,7.629180908203125,6.672748565673828,4.432517051696777,6.311588287353516,,,,,,,,,,,7.333647727966309,7.1625142097473145,5.499325275421143,3.5964272022247314,7.2712578773498535,8.382634162902832,11.53072738647461,7.7156476974487305,6.641667366027832,8.202627182006836,,,,,,,,,,,,,,,,,,,,,,,,,,,,,,,,,,,,,,,,
7,1434,0.35366886854171753,0.2849043309688568,0.34118950366973877,0.17659598588943481,0.4343213140964508,0.28906551003456116,0.22311805188655853,0.3654780983924866,0.5754470229148865,0.49290019273757935,6.804322242736816,4.824477195739746,7.304703235626221,4.8664069175720215,7.774534225463867,6.660410404205322,6.380366325378418,6.542017459869385,7.508363246917725,9.377617835998535,,,,,,,,,,,8.063569068908691,5.908969879150391,8.416072845458984,5.841782093048096,9.429859161376953,8.713126182556152,7.729264259338379,7.129997730255127,8.708150863647461,10.694899559020996,,,,,,,,,,,,,,,,,,,,,,,,,,,,,,,,,,,,,,,,
7,1439,0.32158249616622925,0.2940518856048584,0.0756077915430069,0.23642994463443756,0.5302705764770508,0.270391583442688,0.2526002526283264,0.593317449092865,0.481309175491333,0.16026392579078674,5.628838539123535,4.974677562713623,3.391998291015625,4.606987476348877,7.965911865234375,6.304158687591553,5.4242706298828125,6.736144542694092,6.509313106536865,4.746081352233887,,,,,,,,,,,7.437986850738525,6.003081798553467,3.961822032928467,6.759368419647217,10.419536590576172,8.42698860168457,8.22408676147461,9.084526062011719,7.964075088500977,6.098388671875,,,,,,,,,,,,,,,,,,,,,,,,,,,,,,,,,,,,,,,,
7,1444,0.4326697289943695,0.6847522258758545,0.3302614390850067,0.2226312905550003,0.2578749358654022,0.25208210945129395,0.5042343139648438,0.570375919342041,0.5073072910308838,0.5645080208778381,6.961530685424805,6.497628688812256,5.656657695770264,5.177864074707031,6.502744197845459,5.808187484741211,9.634364128112793,7.62191915512085,6.112514495849609,9.64189338684082,,,,,,,,,,,8.839034080505371,9.160707473754883,8.280196189880371,6.5591559410095215,7.266147613525391,8.136673927307129,11.619488716125488,8.907160758972168,8.176338195800781,11.4454345703125,,,,,,,,,,,,,,,,,,,,,,,,,,,,,,,,,,,,,,,,
7,1449,0.4899231195449829,0.3796609342098236,0.12957581877708435,0.280693382024765,0.8940503597259521,0.45749807357788086,0.2382955253124237,1.012607216835022,0.5394458174705505,0.47748076915740967,7.1620774269104,5.756955623626709,3.435952663421631,5.601024627685547,10.420330047607422,8.507270812988281,6.258175849914551,9.460406303405762,7.793990135192871,7.224583148956299,,,,,,,,,,,9.186349868774414,6.821191310882568,5.1864914894104,7.364969730377197,13.529465675354004,10.96151351928711,7.987828731536865,11.868045806884766,8.431351661682129,10.526285171508789,,,,,,,,,,,,,,,,,,,,,,,,,,,,,,,,,,,,,,,,
7,1454,0.43753868341445923,1.0137742757797241,0.15860183537006378,0.1430446207523346,0.5514606833457947,0.2645843029022217,0.21654972434043884,1.0583171844482422,0.03214990347623825,0.4993654489517212,6.777732849121094,8.58251667022705,5.175631046295166,3.9928295612335205,8.45859432220459,6.858163356781006,6.328666687011719,10.792190551757812,1.805450677871704,9.005552291870117,,,,,,,,,,,8.186054229736328,11.146355628967285,5.7380690574646,5.2576375007629395,10.62568473815918,8.336003303527832,7.6146440505981445,12.132956504821777,2.058320999145508,10.764812469482422,,,,,,,,,,,,,,,,,,,,,,,,,,,,,,,,,,,,,,,,
7,1459,0.5457667112350464,0.3858642578125,0.7018827795982361,0.3512599766254425,0.6119164824485779,0.5243812799453735,0.6544044613838196,0.6410903930664062,0.6718441843986511,0.3692567050457001,7.815879821777344,5.8891921043396,10.239410400390625,5.753636837005615,7.520777225494385,9.310136795043945,8.362998962402344,7.944698810577393,7.080377578735352,8.24168872833252,,,,,,,,,,,10.162385940551758,6.876691818237305,12.071019172668457,8.238900184631348,11.19297981262207,11.735442161560059,13.237133026123047,9.443181991577148,9.409305572509766,9.256811141967773,,,,,,,,,,,,,,,,,,,,,,,,,,,,,,,,,,,,,,,,
7,1464,0.36465388536453247,0.46237438917160034,0.3192616105079651,0.19240565598011017,0.5533446073532104,0.9154921174049377,0.3451900780200958,0.09961598366498947,0.1238132044672966,0.27038729190826416,6.126302719116211,4.023151874542236,6.8886590003967285,4.327232837677002,7.255694389343262,11.437860488891602,8.52015495300293,3.5876927375793457,3.641298294067383,5.4549784660339355,,,,,,,,,,,8.134799003601074,7.527645111083984,8.141136169433594,6.097668170928955,10.643818855285645,15.506120681762695,9.613906860351562,3.7224016189575195,4.039306163787842,7.921188831329346,,,,,,,,,,,,,,,,,,,,,,,,,,,,,,,,,,,,,,,,
7,1469,0.3460346460342407,0.2745344042778015,0.318521648645401,0.3507955074310303,0.11575829237699509,0.7827447652816772,0.24181696772575378,0.44864630699157715,0.3086676299571991,0.2728261351585388,5.798916816711426,4.255672931671143,5.413209915161133,5.611349105834961,4.012432098388672,9.819218635559082,6.065179824829102,5.466350078582764,5.415870666503906,6.1309685707092285,,,,,,,,,,,7.9614129066467285,5.800436496734619,8.131695747375488,8.233450889587402,4.868281841278076,14.337913513183594,8.046632766723633,7.899703025817871,6.377769947052002,7.956832408905029,,,,,,,,,,,,,,,,,,,,,,,,,,,,,,,,,,,,,,,,
7,1474,0.37702715396881104,0.2677939534187317,0.2858560085296631,0.19728949666023254,0.5384101271629333,0.6864696741104126,0.3030446469783783,0.6004909873008728,0.15528039634227753,0.35860908031463623,6.752078533172607,4.640115261077881,6.853580474853516,4.885514736175537,8.521082878112793,9.621347427368164,7.321613788604736,8.162225723266602,3.300596237182617,7.462629318237305,,,,,,,,,,,8.369598388671875,5.728786468505859,7.703451156616211,6.174571990966797,10.499200820922852,13.427233695983887,9.007911682128906,9.13927936553955,4.52357292175293,9.122373580932617,,,,,,,,,,,,,,,,,,,,,,,,,,,,,,,,,,,,,,,,
7,1479,0.27392125129699707,0.19149765372276306,0.22275881469249725,0.1757863312959671,0.4723378121852875,0.25642338395118713,0.3206687569618225,0.12563717365264893,0.41471022367477417,0.2854709327220917,5.688670635223389,3.686359405517578,5.466423034667969,4.277199745178223,7.492785453796387,6.770973205566406,7.868460178375244,2.9302287101745605,5.611815452575684,7.093789100646973,,,,,,,,,,,7.16574764251709,4.844444751739502,6.80031681060791,5.828374862670898,9.833905220031738,8.206438064575195,9.266145706176758,4.1803998947143555,7.392573356628418,8.13913345336914,,,,,,,,,,,,,,,,,,,,,,,,,,,,,,,,,,,,,,,,
7,1484,0.640245795249939,0.333003431558609,0.6237500309944153,0.9036436080932617,0.9522783160209656,0.7260757684707642,0.4379405081272125,0.7640717625617981,0.7176323533058167,0.30381637811660767,8.510665893554688,5.275088310241699,8.947942733764648,9.928071022033691,11.27799129486084,10.51839828491211,7.090526580810547,8.89828872680664,6.9816203117370605,7.678059101104736,,,,,,,,,,,10.890409469604492,6.388319492340088,11.3793363571167,13.214583396911621,13.963090896606445,13.809146881103516,10.828750610351562,10.309219360351562,9.72465705871582,8.396586418151855,,,,,,,,,,,,,,,,,,,,,,,,,,,,,,,,,,,,,,,,
7,1489,0.38086190819740295,0.176876962184906,0.6711811423301697,0.5555773973464966,0.19135063886642456,0.46584552526474,0.3305314779281616,0.4067879915237427,0.2170400470495224,0.4125661253929138,6.245126724243164,4.088247299194336,8.842419624328613,8.085241317749023,4.5602850914001465,7.579928398132324,6.584597587585449,5.6881842613220215,3.499079942703247,7.278158187866211,,,,,,,,,,,8.467121124267578,4.655838966369629,11.804062843322754,10.361607551574707,6.259139537811279,11.061062812805176,9.407565116882324,7.5221638679504395,5.3480224609375,9.784619331359863,,,,,,,,,,,,,,,,,,,,,,,,,,,,,,,,,,,,,,,,
7,1494,0.4346846640110016,0.4654417932033539,0.4229206442832947,0.42653366923332214,0.3426436483860016,0.28323349356651306,0.6578513383865356,0.2523980438709259,0.2722845673561096,0.788854718208313,6.849626541137695,6.179174900054932,7.054256916046143,6.237659454345703,6.435117721557617,6.219342231750488,9.729155540466309,4.748654365539551,4.709230899810791,10.3340425491333,,,,,,,,,,,9.079902648925781,7.5525736808776855,9.37003231048584,9.078865051269531,8.37569808959961,8.624781608581543,13.271947860717773,5.925181865692139,5.990110397338867,13.529935836791992,,,,,,,,,,,,,,,,,,,,,,,,,,,,,,,,,,,,,,,,
7,1499,0.2979831099510193,0.3879680931568146,0.07437019050121307,0.24501235783100128,0.17698676884174347,0.4707718789577484,0.39315733313560486,0.05502060055732727,0.5951145887374878,0.2834462821483612,6.081943988800049,6.263064861297607,3.434772253036499,5.431221961975098,4.975780010223389,9.48414421081543,8.590428352355957,2.7102737426757812,7.066049098968506,6.781761169433594,,,,,,,,,,,7.204132080078125,6.895412921905518,3.9292633533477783,6.88095760345459,6.0196332931518555,11.119394302368164,10.260156631469727,2.7664408683776855,8.855713844299316,8.11021900177002,,,,,,,,,,,,,,,,,,,,,,,,,,,,,,,,,,,,,,,,
7,1504,0.32788950204849243,0.6477836966514587,0.16000063717365265,0.05046934261918068,0.3285839259624481,0.33139583468437195,0.30460694432258606,0.23266750574111938,0.31430545449256897,0.581192135810852,5.7772345542907715,5.888115882873535,4.618148326873779,2.8556976318359375,6.89030122756958,6.556251525878906,7.493887424468994,4.011814594268799,5.714909076690674,7.965984344482422,,,,,,,,,,,7.566301345825195,8.909991264343262,5.763317108154297,3.122976064682007,8.202056884765625,9.329306602478027,9.03110122680664,5.688877582550049,6.435750961303711,11.613338470458984,,,,,,,,,,,,,,,,,,,,,,,,,,,,,,,,,,,,,,,,
7,1509,0.37448835372924805,0.3341328203678131,0.7836784720420837,0.3230040669441223,0.18869014084339142,0.28716564178466797,0.2802211046218872,0.3800372779369354,0.4015415906906128,0.39192408323287964,6.487839221954346,5.192807197570801,7.33247709274292,7.1893086433410645,5.222188949584961,7.511321067810059,6.067121982574463,6.667576789855957,5.542629241943359,7.665119171142578,,,,,,,,,,,8.299809455871582,6.399143218994141,12.7550048828125,7.900578498840332,6.215473651885986,8.68444538116455,8.662060737609863,7.270626544952393,7.274255275726318,9.536701202392578,,,,,,,,,,,,,,,,,,,,,,,,,,,,,,,,,,,,,,,,
7,1514,0.42559221386909485,0.7285549640655518,0.48591625690460205,0.10868372023105621,0.6451942324638367,0.22240187227725983,0.141501322388649,0.8799782395362854,0.17901459336280823,0.4390847980976105,6.592164993286133,5.998172760009766,8.589550018310547,3.9719746112823486,7.967369556427002,6.625809669494629,5.020035743713379,9.114421844482422,3.1544766426086426,8.88767147064209,,,,,,,,,,,8.375748634338379,9.449164390563965,10.043668746948242,4.5828657150268555,11.493305206298828,7.642669200897217,6.155325889587402,11.063554763793945,4.856993198394775,10.09418773651123,,,,,,,,,,,,,,,,,,,,,,,,,,,,,,,,,,,,,,,,
7,1519,0.32060760259628296,0.4063970744609833,0.4486405551433563,0.2204323709011078,0.09517544507980347,0.2397615611553192,0.43287181854248047,0.13773688673973083,0.15632686018943787,0.7481258511543274,5.372253894805908,5.070094108581543,6.698419570922852,5.369038105010986,3.562812089920044,6.837098121643066,6.909355163574219,2.887028694152832,3.623213291168213,7.393225193023682,,,,,,,,,,,7.604683876037598,7.057283401489258,9.650747299194336,6.526683807373047,4.414303302764893,7.9353413581848145,10.765902519226074,4.377073764801025,4.538789749145508,13.176029205322266,,,,,,,,,,,,,,,,,,,,,,,,,,,,,,,,,,,,,,,,
7,1524,0.483746737241745,0.27639979124069214,0.1995784342288971,0.7262212038040161,0.4348289668560028,0.4158308804035187,0.3880932033061981,0.2505757510662079,1.0645759105682373,0.5976163744926453,7.28210973739624,5.288299560546875,4.952581405639648,10.461913108825684,7.4087371826171875,8.623343467712402,7.215187072753906,4.330223083496094,9.061859130859375,8.196840286254883,,,,,,,,,,,9.300825119018555,5.8201093673706055,6.436776638031006,11.846480369567871,9.435367584228516,10.450430870056152,10.193863868713379,5.903754234313965,11.844361305236816,11.776288986206055,,,,,,,,,,,,,,,,,,,,,,,,,,,,,,,,,,,,,,,,
7,1529,0.37182846665382385,0.6528540849685669,0.17000500857830048,0.2515861690044403,0.28510889410972595,0.6115275621414185,0.3206237852573395,0.26676058769226074,0.27862799167633057,0.509361982345581,6.34424352645874,5.933715343475342,4.893518924713135,5.223357677459717,5.30640983581543,9.996551513671875,7.0530195236206055,5.046067714691162,5.350639820098877,8.294905662536621,,,,,,,,,,,8.273332595825195,8.944793701171875,5.940766334533691,6.97265625,7.6402058601379395,12.673129081726074,9.265495300292969,6.091434478759766,6.059484481811523,10.872024536132812,,,,,,,,,,,,,,,,,,,,,,,,,,,,,,,,,,,,,,,,
7,1534,0.2894847095012665,0.28359001874923706,0.2803429961204529,0.33168238401412964,0.1661732792854309,0.34756261110305786,0.27937600016593933,0.2813844382762909,0.15176545083522797,0.4834853410720825,5.883441925048828,4.795827388763428,6.40685510635376,7.33300256729126,4.111570358276367,7.391458988189697,6.300302028656006,4.880531311035156,3.8857879638671875,7.845641136169434,,,,,,,,,,,7.431849956512451,5.895324230194092,7.628804683685303,8.006009101867676,5.832841873168945,9.554157257080078,8.6489896774292,6.256173610687256,4.472081661224365,10.592266082763672,,,,,,,,,,,,,,,,,,,,,,,,,,,,,,,,,,,,,,,,
7,1539,0.51264488697052,0.6742110252380371,0.5138572454452515,0.18247383832931519,0.9216840863227844,0.6095043420791626,0.45143988728523254,0.41474851965904236,0.3448096513748169,0.5010752081871033,7.750110149383545,6.858098030090332,8.1774263381958,4.837615013122559,9.338663101196289,10.025155067443848,9.318123817443848,6.8372650146484375,5.890991687774658,8.467650413513184,,,,,,,,,,,9.762163162231445,9.089922904968262,10.328397750854492,5.938205242156982,13.73696231842041,12.652148246765137,10.994379997253418,7.595408916473389,6.740824222564697,10.783224105834961,,,,,,,,,,,,,,,,,,,,,,,,,,,,,,,,,,,,,,,,
7,1544,0.5941703915596008,0.6439074277877808,1.3170385360717773,0.6293214559555054,0.3625834882259369,0.5036399960517883,0.3539159297943115,0.6801084280014038,0.4512338638305664,0.40578436851501465,8.409331321716309,7.202479839324951,14.693573951721191,8.118998527526855,7.443502426147461,8.611234664916992,6.819143295288086,8.727432250976562,6.0365190505981445,8.031099319458008,,,,,,,,,,,10.382161140441895,8.883293151855469,16.535255432128906,11.027857780456543,8.615959167480469,11.501009941101074,9.734662055969238,9.726303100585938,7.711237907409668,9.703866958618164,,,,,,,,,,,,,,,,,,,,,,,,,,,,,,,,,,,,,,,,
7,1549,0.30493298172950745,0.2514910101890564,0.19101643562316895,0.13936921954154968,0.629301905632019,0.34051862359046936,0.3303995430469513,0.36083245277404785,0.17191001772880554,0.3295575976371765,6.125785827636719,4.226041793823242,5.369810104370117,4.455598831176758,9.731398582458496,7.681158065795898,7.1474690437316895,5.7964277267456055,3.6864449977874756,7.037722110748291,,,,,,,,,,,7.537906169891357,5.551668167114258,6.2971930503845215,5.189652919769287,11.350871086120605,9.4568452835083,9.405686378479004,7.084537506103516,4.759637355804443,8.745061874389648,,,,,,,,,,,,,,,,,,,,,,,,,,,,,,,,,,,,,,,,
7,1551,,,,,,,,,,,6.708926677703857,5.486261367797852,6.58941650390625,6.399701118469238,6.9748711585998535,8.395702362060547,7.323202610015869,5.906819820404053,5.864830493927002,7.4395365715026855,0.5611183047294617,0.5467890501022339,0.6249574422836304,0.637800931930542,0.5660762190818787,0.4737553000450134,0.5554832220077515,0.5666898488998413,0.545024037361145,0.533488392829895,8.828085899353027,7.261204242706299,8.689101219177246,8.332906723022461,9.242764472961426,11.07079792022705,9.831214904785156,7.669922828674316,7.648176193237305,9.706690788269043,0.5225570201873779,0.5752230882644653,0.5231758952140808,0.38968411087989807,0.5248435139656067,0.6294490694999695,0.45482873916625977,0.5380075573921204,0.5864741802215576,0.48132753372192383,7.47660493850708,5.8947625160217285,7.367853164672852,6.783370494842529,7.7774152755737305,9.704069137573242,8.476425170898438,6.3032307624816895,7.066034317016602,7.916280269622803,0.42557382583618164,0.40480488538742065,0.6003044247627258,0.5761573314666748,0.3769376873970032,0.43462347984313965,0.5318034887313843,0.19555658102035522,0.18389034271240234,0.5260863304138184,10.036834716796875,8.53677749633789,9.692814826965332,9.671770095825195,10.6797456741333,12.927788734436035,10.938779830932617,8.361763000488281,9.186502456665039,10.335572242736816
8,1554,0.31053563952445984,0.26732319593429565,0.07493504136800766,0.4831770956516266,0.30397817492485046,0.2340601086616516,0.16290323436260223,0.08982034027576447,0.7554316520690918,0.42319172620773315,5.961491584777832,4.371309280395508,3.5076966285705566,8.635702133178711,5.921573162078857,6.978976249694824,4.786012649536133,3.466813802719116,7.963015556335449,8.022324562072754,,,,,,,,,,,7.231845378875732,5.723749160766602,3.9441566467285156,9.662912368774414,7.888980388641357,7.840424060821533,6.604434490203857,3.534647226333618,9.977479934692383,9.909820556640625,,,,,,,,,,,,,,,,,,,,,,,,,,,,,,,,,,,,,,,,
8,1559,0.3410708010196686,0.2601027488708496,0.18798980116844177,0.4026790261268616,0.5461520552635193,0.10696190595626831,0.14003828167915344,0.2488253116607666,0.7545241713523865,0.422363817691803,6.177060604095459,4.546242713928223,5.705360412597656,7.759162902832031,7.612300872802734,4.0139312744140625,4.261557579040527,4.916491508483887,9.095539093017578,7.682958602905273,,,,,,,,,,,7.607454299926758,5.645920753479004,6.247104644775391,8.821337699890137,10.574416160583496,5.300178050994873,6.1234211921691895,5.883096694946289,9.971485137939453,9.90012264251709,,,,,,,,,,,,,,,,,,,,,,,,,,,,,,,,,,,,,,,,
8,1564,0.47088268399238586,0.7213248014450073,0.26139935851097107,0.1324574053287506,0.539743185043335,0.683997392654419,0.6942459344863892,0.3718833923339844,0.34826692938804626,0.48462554812431335,7.264003276824951,7.701167106628418,4.510906219482422,4.105106353759766,6.995917797088623,10.078323364257812,10.989416122436523,6.964594841003418,5.146791934967041,8.883808135986328,,,,,,,,,,,9.327653884887695,9.402161598205566,7.366546154022217,5.059329986572266,10.512190818786621,13.403033256530762,13.634132385253906,7.192205905914307,6.774533748626709,10.604747772216797,,,,,,,,,,,,,,,,,,,,,,,,,,,,,,,,,,,,,,,,
8,1569,0.4343779385089874,0.5242422819137573,0.14695143699645996,0.2237754911184311,0.5435798764228821,0.7457683086395264,0.4814516603946686,0.25137171149253845,0.2432682365179062,0.7489923238754272,6.98734188079834,6.615235805511475,4.906702041625977,5.125186443328857,8.086731910705566,10.072206497192383,9.015378952026367,4.650177955627441,5.212301254272461,9.20215892791748,,,,,,,,,,,8.974675178527832,8.015457153320312,5.523299217224121,6.575990200042725,10.54948616027832,13.995158195495605,11.353954315185547,5.91312313079834,5.661949634552002,13.183656692504883,,,,,,,,,,,,,,,,,,,,,,,,,,,,,,,,,,,,,,,,
8,1574,0.4349578320980072,0.30995336174964905,1.1257128715515137,0.10741806030273438,0.6572699546813965,0.5695145130157471,0.2228856235742569,0.3215063810348511,0.4078943729400635,0.19246502220630646,6.603222370147705,4.702651500701904,10.507959365844727,3.6357226371765137,9.631709098815918,9.678728103637695,6.057512283325195,4.922603607177734,5.344674587249756,4.947438716888428,,,,,,,,,,,8.69600772857666,6.163259506225586,15.287113189697266,4.556102752685547,11.600362777709961,12.230051040649414,7.725237846374512,6.687342166900635,7.331573009490967,6.683024883270264,,,,,,,,,,,,,,,,,,,,,,,,,,,,,,,,,,,,,,,,
8,1579,0.4578929543495178,0.4983466565608978,0.3315996825695038,0.3809487223625183,0.8998115062713623,0.9790151715278625,0.30084243416786194,0.2931903600692749,0.16510054469108582,0.27218133211135864,6.769197463989258,5.367617607116699,5.747988700866699,6.835795879364014,8.744068145751953,12.007635116577148,7.222958564758301,4.9484405517578125,3.810986280441284,6.237283229827881,,,,,,,,,,,9.141448020935059,7.814983367919922,8.296954154968262,8.58001708984375,13.572986602783203,16.035058975219727,8.975122451782227,6.386067867279053,4.664418697357178,7.947423934936523,,,,,,,,,,,,,,,,,,,,,,,,,,,,,,,,,,,,,,,,
8,1584,0.6078649163246155,0.3672480881214142,0.29429495334625244,0.6746057868003845,0.8870877623558044,0.5012242794036865,0.6281722187995911,0.8294761776924133,0.5712059140205383,0.7174686193466187,8.552627563476562,5.338219165802002,6.443129539489746,9.143760681152344,10.599386215209961,8.776765823364258,9.247891426086426,9.225664138793945,7.023723602294922,11.175108909606934,,,,,,,,,,,10.68696117401123,6.708756446838379,7.816332817077637,11.417734146118164,13.476680755615234,11.473393440246582,12.969110488891602,10.741395950317383,8.67600154876709,12.903236389160156,,,,,,,,,,,,,,,,,,,,,,,,,,,,,,,,,,,,,,,,
8,1589,0.3611414134502411,0.6923080682754517,0.16730448603630066,0.27234598994255066,0.07725653797388077,0.5692735314369202,0.11657683551311493,0.09210474789142609,1.0104283094406128,0.2526739537715912,5.848477840423584,6.481527805328369,5.028785228729248,5.927412509918213,3.708265542984009,8.732096672058105,4.539278984069824,2.865833282470703,9.421610832214355,5.931484699249268,,,,,,,,,,,7.436281681060791,9.211109161376953,5.8933939933776855,7.254631996154785,3.977107048034668,12.227461814880371,5.586977958679199,3.5793135166168213,11.53920841217041,7.657331943511963,,,,,,,,,,,,,,,,,,,,,,,,,,,,,,,,,,,,,,,,
8,1594,0.4691314101219177,0.4365629255771637,0.37426936626434326,0.5130502581596375,0.6642205715179443,0.5996280908584595,0.4469572901725769,0.7626872062683105,0.1107296496629715,0.3140774667263031,7.51835298538208,5.509221076965332,7.966758728027344,8.741296768188477,9.555221557617188,10.240787506103516,8.597835540771484,7.795965671539307,2.772562026977539,6.485525131225586,,,,,,,,,,,9.32152271270752,7.314517974853516,8.814623832702637,9.957144737243652,11.661537170410156,12.549222946166992,10.939659118652344,10.299875259399414,3.8199291229248047,8.537201881408691,,,,,,,,,,,,,,,,,,,,,,,,,,,,,,,,,,,,,,,,
8,1599,0.7466002106666565,1.1930418014526367,1.1419843435287476,1.2642731666564941,0.398796409368515,0.8541976809501648,0.3747180700302124,1.0390043258666992,0.2871547341346741,0.16623134911060333,9.232060432434082,9.064722061157227,12.810334205627441,11.78639030456543,7.912003040313721,12.985248565673828,8.77017593383789,9.148582458496094,5.707272052764893,4.903820037841797,,,,,,,,,,,11.281598091125488,12.091774940490723,15.397199630737305,15.63058853149414,9.035980224609375,14.978042602539062,10.016664505004883,12.021742820739746,6.151503562927246,6.210887432098389,,,,,,,,,,,,,,,,,,,,,,,,,,,,,,,,,,,,,,,,
8,1604,0.4281887114048004,0.19889673590660095,0.8879644274711609,0.0984293669462204,0.5105383992195129,0.37496617436408997,0.5404757857322693,0.5466137528419495,0.4870641827583313,0.20874930918216705,7.458977699279785,3.879617929458618,13.564420700073242,3.9894256591796875,7.4995551109313965,7.409060001373291,8.977078437805176,8.719648361206055,6.75001859664917,6.34197473526001,,,,,,,,,,,8.749349594116211,4.93714714050293,13.57717514038086,4.3613128662109375,10.223834991455078,9.923661231994629,12.029813766479492,8.719648361206055,8.011547088623047,6.960008144378662,,,,,,,,,,,,,,,,,,,,,,,,,,,,,,,,,,,,,,,,
8,1609,0.28762733936309814,0.33797937631607056,0.3895358741283417,0.21580810844898224,0.5199258327484131,0.2142212986946106,0.16931813955307007,0.14048874378204346,0.3382195234298706,0.2631491422653198,5.618956565856934,4.726930618286133,7.472133159637451,4.812948226928711,7.090186595916748,5.981122016906738,5.51560115814209,3.8815410137176514,4.61161470413208,6.4785308837890625,,,,,,,,,,,7.260986328125,6.4358720779418945,8.992602348327637,6.457862377166748,10.317401885986328,7.500792980194092,6.733215808868408,4.420582294464111,6.6760969161987305,7.814445972442627,,,,,,,,,,,,,,,,,,,,,,,,,,,,,,,,,,,,,,,,
8,1614,0.40483927726745605,0.20797505974769592,0.6376663446426392,0.05406072735786438,0.20060403645038605,0.5519983172416687,0.6561217308044434,0.5141344666481018,0.5922572612762451,0.22873523831367493,6.4417724609375,3.953521251678467,7.621837139129639,2.6466121673583984,5.251808166503906,8.249920845031738,9.906805038452148,6.97768497467041,7.944325923919678,5.423433303833008,,,,,,,,,,,8.451848030090332,5.048564434051514,11.505576133728027,3.232182264328003,6.408693313598633,12.040504455566406,13.254488945007324,8.456624984741211,8.834428787231445,7.285573482513428,,,,,,,,,,,,,,,,,,,,,,,,,,,,,,,,,,,,,,,,
8,1619,0.33189821243286133,0.27421998977661133,0.6883659362792969,0.47649306058883667,0.1877795159816742,0.225650817155838,0.20788724720478058,0.38891035318374634,0.330259770154953,0.20751731097698212,6.1125969886779785,4.205652713775635,8.516871452331543,8.068852424621582,4.757242679595947,6.278794288635254,6.15262508392334,5.193551063537598,6.054879665374756,5.784903049468994,,,,,,,,,,,7.733137607574463,5.79711389541626,11.954222679138184,9.595843315124512,6.200457572937012,7.6982903480529785,7.460788249969482,7.355013370513916,6.597070693969727,6.939439296722412,,,,,,,,,,,,,,,,,,,,,,,,,,,,,,,,,,,,,,,,
8,1624,0.4525419771671295,0.6521197557449341,0.1540139764547348,0.06988312304019928,0.25411075353622437,0.587588369846344,0.5600632429122925,0.7217446565628052,0.358782559633255,0.7145712375640869,6.650421619415283,6.47742223739624,4.065809726715088,3.0511116981506348,6.096498966217041,9.388968467712402,8.645516395568848,6.635012149810791,4.703530311584473,10.789923667907715,,,,,,,,,,,8.880364418029785,8.939762115478516,5.654467582702637,3.6748619079589844,7.212920665740967,12.422598838806152,12.245861053466797,10.01960277557373,6.876049041748047,12.877156257629395,,,,,,,,,,,,,,,,,,,,,,,,,,,,,,,,,,,,,,,,
8,1629,0.30751410126686096,0.2840041220188141,0.33698341250419617,0.07456450909376144,0.25947386026382446,0.8012946248054504,0.4428587257862091,0.09449699521064758,0.1710985004901886,0.30285215377807617,6.122199535369873,4.858358860015869,6.548257827758789,3.0795044898986816,5.766884803771973,12.020743370056152,9.237587928771973,3.006092071533203,3.842851400375366,6.739516735076904,,,,,,,,,,,7.50017786026001,5.899627208709717,8.364036560058594,3.7959539890289307,7.288639545440674,14.50681209564209,10.889386177062988,3.6254982948303223,4.748390197753906,8.38325309753418,,,,,,,,,,,,,,,,,,,,,,,,,,,,,,,,,,,,,,,,
8,1634,0.2914394736289978,0.22893023490905762,0.2148071825504303,0.13487018644809723,0.19115157425403595,0.31593528389930725,0.44399988651275635,0.42540818452835083,0.28201696276664734,0.3858359754085541,5.786568641662598,4.224178314208984,5.343579292297363,4.683257579803467,5.166918754577637,7.149116516113281,7.949659824371338,5.2192840576171875,4.945669174194336,7.397450923919678,,,,,,,,,,,7.399909019470215,5.296802997589111,6.677840709686279,5.105201244354248,6.25588321685791,9.109088897705078,10.903407096862793,7.69239616394043,6.0962233543396,9.462340354919434,,,,,,,,,,,,,,,,,,,,,,,,,,,,,,,,,,,,,,,,
8,1639,0.23788176476955414,0.31016701459884644,0.3018516004085541,0.15632286667823792,0.16479647159576416,0.19273537397384644,0.14734254777431488,0.146981343626976,0.12628164887428284,0.5944572687149048,5.147077560424805,4.5691046714782715,5.899197578430176,4.029483795166016,4.684412002563477,5.431876182556152,5.502871036529541,3.2046279907226562,3.261996269226074,9.740127563476562,,,,,,,,,,,6.569796085357666,6.1653828620910645,7.916048049926758,5.496245861053467,5.808628082275391,7.114699363708496,6.281087875366211,4.521575927734375,4.079372882843018,11.745121955871582,,,,,,,,,,,,,,,,,,,,,,,,,,,,,,,,,,,,,,,,
8,1644,0.20605741441249847,0.20248980820178986,0.0476178303360939,0.3078315258026123,0.05235239490866661,0.3977128565311432,0.14496508240699768,0.0725678950548172,0.27962130308151245,0.3493579924106598,4.747610569000244,4.088132858276367,2.4687578678131104,7.099789619445801,2.621920585632324,7.685832977294922,4.9951887130737305,2.08831787109375,4.9039154052734375,6.776640892028809,,,,,,,,,,,5.979344844818115,4.981542587280273,3.1441009044647217,7.712789058685303,3.273919105529785,10.220229148864746,6.230207920074463,3.177100658416748,6.070276260375977,9.003938674926758,,,,,,,,,,,,,,,,,,,,,,,,,,,,,,,,,,,,,,,,
8,1649,0.31507259607315063,0.32980892062187195,0.3422394394874573,0.3248266875743866,0.1589670181274414,0.39674118161201477,0.17380015552043915,0.19504287838935852,0.6193612217903137,0.2948658764362335,5.859277725219727,5.5903544425964355,5.823478698730469,6.320967674255371,4.443819522857666,8.264780044555664,5.149868011474609,4.299561500549316,5.908040523529053,6.932629108428955,,,,,,,,,,,7.5509819984436035,6.357604503631592,8.429011344909668,7.922837257385254,5.704967021942139,10.207737922668457,6.821751117706299,5.2086334228515625,9.034316062927246,8.271980285644531,,,,,,,,,,,,,,,,,,,,,,,,,,,,,,,,,,,,,,,,
8,1654,0.26669350266456604,0.35579714179039,0.12944082915782928,0.10033901035785675,0.17780278623104095,0.23201976716518402,0.39287859201431274,0.45131874084472656,0.19903628528118134,0.3616081774234772,5.319780349731445,4.7469658851623535,4.229971408843994,3.5075085163116455,5.447185039520264,5.909249782562256,7.379232406616211,6.211933135986328,3.6471667289733887,6.798808574676514,,,,,,,,,,,6.943530559539795,6.603337287902832,5.183788776397705,4.403416633605957,6.033494472503662,7.806176662445068,10.256518363952637,7.923196315765381,5.121408462524414,9.160439491271973,,,,,,,,,,,,,,,,,,,,,,,,,,,,,,,,,,,,,,,,
8,1659,0.5358474850654602,0.6136798858642578,0.3109520375728607,0.13053147494792938,0.3866640031337738,0.6715192198753357,0.45490092039108276,1.0392463207244873,0.8037266731262207,0.4114069938659668,7.473704814910889,6.812264442443848,5.541066646575928,4.368443012237549,7.048049449920654,8.800053596496582,8.099616050720215,9.374341011047363,9.188322067260742,8.03118896484375,,,,,,,,,,,9.669865608215332,8.67227840423584,8.034491539001465,5.022414207458496,8.897469520568848,13.280214309692383,11.036444664001465,12.02314281463623,10.291471481323242,9.770866394042969,,,,,,,,,,,,,,,,,,,,,,,,,,,,,,,,,,,,,,,,
8,1664,0.29129087924957275,0.20950527489185333,0.1602613478899002,0.3335229158401489,0.237659752368927,0.5133466720581055,0.46825671195983887,0.17554324865341187,0.20493827760219574,0.31858381628990173,5.713474750518799,3.9392621517181396,4.244200706481934,6.512941837310791,5.060417652130127,6.930967330932617,8.848176956176758,4.115368843078613,4.616158962249756,7.153777122497559,,,,,,,,,,,7.487096309661865,5.067103385925293,5.768010139465332,8.028191566467285,6.975534439086914,11.611310005187988,11.197286605834961,4.941409111022949,5.196785926818848,8.59822940826416,,,,,,,,,,,,,,,,,,,,,,,,,,,,,,,,,,,,,,,,
8,1669,0.39942657947540283,0.4220592677593231,0.3930334746837616,0.33663153648376465,0.4535893499851227,0.5465550422668457,0.29588407278060913,0.07617625594139099,0.4732552468776703,0.5976547598838806,6.550382137298584,5.834724426269531,7.679415225982666,6.786118030548096,7.2519965171813965,7.551572322845459,6.252012729644775,2.7095749378204346,5.298495769500732,9.589527130126953,,,,,,,,,,,8.637550354003906,7.191988468170166,9.03288459777832,8.065518379211426,9.636760711669922,11.980993270874023,8.90085220336914,3.255131244659424,7.897160530090332,11.776666641235352,,,,,,,,,,,,,,,,,,,,,,,,,,,,,,,,,,,,,,,,
8,1674,0.7237752079963684,0.5456394553184509,0.6756047010421753,0.7683926224708557,0.6488730907440186,0.5772466659545898,0.339739590883255,1.1628084182739258,0.967390239238739,0.8282822966575623,9.423003196716309,6.167222499847412,10.502510070800781,9.732561111450195,9.428970336914062,9.874812126159668,7.786118507385254,12.158013343811035,9.24550724029541,9.911314964294434,,,,,,,,,,,11.494993209838867,8.177397727966309,11.842897415161133,12.185586929321289,11.526023864746094,12.312793731689453,9.537704467773438,12.71782398223877,11.29078483581543,13.863930702209473,,,,,,,,,,,,,,,,,,,,,,,,,,,,,,,,,,,,,,,,
8,1679,0.45428648591041565,0.21145087480545044,0.7020322680473328,0.44327017664909363,0.3782505691051483,0.31776976585388184,0.7070593237876892,0.5939207077026367,0.4964940547943115,0.23833031952381134,6.904385089874268,3.7102088928222656,9.85368537902832,7.066658020019531,6.752068042755127,7.6210174560546875,8.452335357666016,6.805678844451904,6.267153263092041,5.610657691955566,,,,,,,,,,,9.191983222961426,5.090576648712158,12.072304725646973,9.255270957946777,8.800137519836426,9.135497093200684,13.75937557220459,9.089143753051758,8.088728904724121,7.436812400817871,,,,,,,,,,,,,,,,,,,,,,,,,,,,,,,,,,,,,,,,
8,1684,0.37037336826324463,0.2973838448524475,0.10354911535978317,0.15179970860481262,0.30165383219718933,1.0931881666183472,0.6070293188095093,0.04245980829000473,0.2851431369781494,0.4511531591415405,6.083204746246338,5.324894905090332,3.923964262008667,3.9883735179901123,5.815244674682617,10.60543441772461,9.54297924041748,2.2859740257263184,4.768435955047607,8.493535995483398,,,,,,,,,,,8.048192977905273,6.036996364593506,4.636442184448242,5.4161458015441895,7.858761310577393,16.94428825378418,12.748985290527344,2.430232048034668,6.129919052124023,10.231968879699707,,,,,,,,,,,,,,,,,,,,,,,,,,,,,,,,,,,,,,,,
8,1689,0.33027684688568115,0.21319794654846191,0.4142724573612213,0.46591028571128845,0.3593275845050812,0.4605643153190613,0.22964997589588165,0.36059123277664185,0.21457239985466003,0.25440531969070435,6.379697322845459,4.088583469390869,7.538873195648193,6.763686656951904,7.1331048011779785,8.340097427368164,6.978610515594482,5.463801860809326,4.195317268371582,6.91519832611084,,,,,,,,,,,7.93046236038208,5.111563682556152,9.273735046386719,9.48868465423584,8.577187538146973,10.998185157775879,7.841587543487549,7.082169055938721,5.317533016204834,7.683520793914795,,,,,,,,,,,,,,,,,,,,,,,,,,,,,,,,,,,,,,,,
8,1694,0.39363884925842285,0.13313081860542297,0.4637112617492676,0.4969550669193268,0.23729534447193146,0.247327521443367,0.28546416759490967,0.6133195161819458,0.7054527401924133,0.36009320616722107,7.053846836090088,3.3791563510894775,8.729948043823242,8.105762481689453,5.867331504821777,6.416728496551514,7.035518646240234,7.838237762451172,8.331572532653809,7.780364990234375,,,,,,,,,,,8.38248348236084,4.039258003234863,9.811500549316406,9.799714088439941,6.970183372497559,8.059574127197266,8.742720603942871,9.236387252807617,9.641780853271484,9.141230583190918,,,,,,,,,,,,,,,,,,,,,,,,,,,,,,,,,,,,,,,,
8,1699,0.33604294061660767,0.2684254050254822,0.1953660547733307,0.44747620820999146,0.6151357889175415,0.3325609266757965,0.25317367911338806,0.25541210174560547,0.34161776304244995,0.315218448638916,6.4322357177734375,5.261721134185791,5.76491641998291,8.150712013244629,7.755467414855957,8.417449951171875,5.654643535614014,4.1991424560546875,6.285904884338379,6.400164604187012,,,,,,,,,,,7.936366558074951,5.735536575317383,6.368485927581787,9.299077987670898,11.22238540649414,9.345691680908203,8.233416557312012,5.960455417633057,6.709551811218262,8.552696228027344,,,,,,,,,,,,,,,,,,,,,,,,,,,,,,,,,,,,,,,,
8,1704,0.3539857864379883,0.3258296251296997,0.2796940505504608,0.06386860460042953,1.0701465606689453,0.44054925441741943,0.3172960877418518,0.35863983631134033,0.14362461864948273,0.18622344732284546,5.602148532867432,4.603814125061035,5.014021396636963,3.3255932331085205,9.279719352722168,7.448605537414551,7.012939453125,5.04746150970459,3.1055264472961426,5.581654071807861,,,,,,,,,,,7.801707744598389,6.319133758544922,7.619970321655273,3.51316499710083,14.802030563354492,10.756551742553711,9.21728801727295,7.062979698181152,4.350485324859619,6.573768138885498,,,,,,,,,,,,,,,,,,,,,,,,,,,,,,,,,,,,,,,,
8,1709,0.5263813734054565,0.6594234704971313,0.5254732966423035,0.2416611611843109,0.7327112555503845,0.5431151986122131,0.7550551295280457,0.07735719531774521,0.705588698387146,0.49704742431640625,7.467098712921143,7.512495994567871,7.5488481521606445,5.434667587280273,9.186604499816895,9.90863037109375,9.089462280273438,3.003011703491211,7.81394100189209,7.706226825714111,,,,,,,,,,,9.81562614440918,8.98968505859375,10.444483757019043,6.833738327026367,12.248024940490723,11.943231582641602,14.218706130981445,3.2802658081054688,9.642709732055664,10.739797592163086,,,,,,,,,,,,,,,,,,,,,,,,,,,,,,,,,,,,,,,,
8,1714,0.30057939887046814,0.3150749206542969,0.1426052749156952,0.09329362213611603,0.6240337491035461,0.2508108615875244,0.32214710116386414,0.1050286665558815,0.36391618847846985,0.488304078578949,5.532626628875732,4.690013885498047,3.7217984199523926,3.1053318977355957,7.714410781860352,6.368765354156494,5.68135404586792,3.300569534301758,5.646618366241455,9.564780235290527,,,,,,,,,,,7.333338260650635,6.21397066116333,5.441009521484375,4.246008396148682,11.303258895874023,8.116129875183105,9.287481307983398,3.822193145751953,6.925066947937012,10.644920349121094,,,,,,,,,,,,,,,,,,,,,,,,,,,,,,,,,,,,,,,,
8,1719,0.4050540030002594,0.8527764081954956,0.43747657537460327,0.48612287640571594,0.43536898493766785,0.18918712437152863,0.1713894009590149,0.2880195081233978,0.5155401825904846,0.26960480213165283,6.767210483551025,7.12069034576416,7.971874713897705,7.9976630210876465,6.962064743041992,5.772917747497559,5.674413681030273,5.537386894226074,7.128630638122559,6.739255428314209,,,,,,,,,,,8.35459041595459,10.223033905029297,9.529915809631348,9.692323684692383,9.4412260055542,7.048904895782471,6.7742743492126465,6.329504013061523,8.242416381835938,7.9097185134887695,,,,,,,,,,,,,,,,,,,,,,,,,,,,,,,,,,,,,,,,
8,1724,0.6063414216041565,0.9084441661834717,0.40699052810668945,1.4428561925888062,0.31897780299186707,0.3831377625465393,0.3432967960834503,0.7136354446411133,0.6638587117195129,0.2758752405643463,8.251133918762207,7.095904350280762,7.183618068695068,14.20584774017334,6.318717956542969,7.378000259399414,8.550655364990234,9.3558931350708,7.833505630493164,6.338066101074219,,,,,,,,,,,10.162101745605469,10.551431655883789,9.19186782836914,16.698074340820312,8.08127498626709,10.031210899353027,9.587506294250488,9.963156700134277,9.353219032287598,8.001171112060547,,,,,,,,,,,,,,,,,,,,,,,,,,,,,,,,,,,,,,,,
8,1729,0.41288429498672485,0.9224039316177368,0.131593257188797,0.0883687436580658,0.8940652012825012,0.6135889291763306,0.23323097825050354,0.41245585680007935,0.1305089294910431,0.2897426187992096,6.133121967315674,7.375518321990967,4.563647747039795,3.0028395652770996,9.303449630737305,8.723421096801758,5.668410778045654,6.372118949890137,3.918078899383545,6.270613670349121,,,,,,,,,,,8.226571083068848,10.632192611694336,5.226710796356201,4.132417678833008,13.52957820892334,12.69447135925293,7.90248966217041,7.574386119842529,4.14708948135376,8.19980239868164,,,,,,,,,,,,,,,,,,,,,,,,,,,,,,,,,,,,,,,,
8,1734,0.3037665784358978,0.4621625542640686,0.09235482662916183,0.1292642205953598,0.4852759838104248,0.4442614018917084,0.36444738507270813,0.3609517514705658,0.20661339163780212,0.18856774270534515,5.814276695251465,5.7407755851745605,3.782332181930542,4.704351902008057,7.330795764923096,8.456192016601562,7.887101173400879,5.293412685394287,3.92500376701355,5.208527088165283,,,,,,,,,,,7.385462284088135,7.525920867919922,4.378662109375,4.997974395751953,9.967679977416992,10.801776885986328,9.878437042236328,7.0857086181640625,5.217981338500977,6.615015983581543,,,,,,,,,,,,,,,,,,,,,,,,,,,,,,,,,,,,,,,,
8,1739,0.3780651092529297,0.28399038314819336,0.5416630506515503,0.259692519903183,0.37648770213127136,0.29143187403678894,0.30250072479248047,0.4035666584968567,0.20104265213012695,0.7422103881835938,6.473049640655518,5.035965919494629,8.789676666259766,6.484063148498535,5.818662643432617,7.116451740264893,6.885692596435547,5.9399003982543945,3.425710439682007,8.761326789855957,,,,,,,,,,,8.431022644042969,5.899484634399414,10.604159355163574,7.0840983390808105,8.779606819152832,8.748717308044434,8.999824523925781,7.492320537567139,5.147156238555908,13.123833656311035,,,,,,,,,,,,,,,,,,,,,,,,,,,,,,,,,,,,,,,,
8,1744,0.7908869981765747,0.4697301685810089,0.546328604221344,0.7783553600311279,1.1473149061203003,0.8023070693016052,0.5969527363777161,0.9387660026550293,0.6931633353233337,1.1450645923614502,8.636631965637207,5.706466197967529,6.995429992675781,7.6292033195495605,12.19982624053955,9.664496421813965,8.707963943481445,6.945279121398926,6.425833225250244,13.455188751220703,,,,,,,,,,,12.252440452575684,7.587286472320557,10.64972972869873,12.264330863952637,15.32642936706543,14.515972137451172,12.64272689819336,11.427136421203613,9.557429313659668,16.300922393798828,,,,,,,,,,,,,,,,,,,,,,,,,,,,,,,,,,,,,,,,
8,1745,,,,,,,,,,,6.718090057373047,5.4922685623168945,6.646549224853516,6.4271697998046875,6.970667839050293,8.362062454223633,7.333538055419922,5.866000175476074,5.923115253448486,7.441436290740967,0.5600826740264893,0.5450493097305298,0.6266292929649353,0.6305150985717773,0.5617825984954834,0.4754675030708313,0.5571925044059753,0.5707366466522217,0.5386578440666199,0.5347131490707397,8.838228225708008,7.275129318237305,8.669711112976074,8.416298866271973,9.288378715515137,11.052772521972656,9.812295913696289,7.634022235870361,7.7014994621276855,9.693939208984375,0.5002316236495972,0.5547442436218262,0.591968297958374,0.3333064019680023,0.5791439414024353,0.5742612481117249,0.46013373136520386,0.441057950258255,0.47897768020629883,0.48849114775657654,7.210203647613525,5.706231117248535,7.58254861831665,5.964115142822266,8.507988929748535,9.025979042053223,8.284234046936035,5.753133296966553,6.215781211853027,7.851815223693848,0.45353323221206665,0.42348986864089966,0.5114498138427734,0.6377879977226257,0.295875608921051,0.47755593061447144,0.5324747562408447,0.34859931468963623,0.3295813202857971,0.5249843597412109,9.885396003723145,8.401711463928223,10.716176986694336,8.940978050231934,11.353240966796875,12.427255630493164,10.93093490600586,7.524440765380859,8.326240539550781,10.34758186340332
9,1749,0.34371423721313477,0.6971995830535889,0.7816528081893921,0.06566424667835236,0.4372721016407013,0.4859814941883087,0.2261146605014801,0.07150581479072571,0.052308227866888046,0.27572935819625854,5.884871482849121,6.504293441772461,10.055514335632324,3.2412269115448,7.0892462730407715,8.658807754516602,5.767609596252441,2.9598050117492676,2.2972943782806396,6.39004373550415,,,,,,,,,,,7.540337562561035,9.2435941696167,12.738511085510254,3.562208890914917,9.461838722229004,11.297587394714355,7.7809953689575195,3.1537656784057617,2.6254773139953613,7.9990553855896,,,,,,,,,,,,,,,,,,,,,,,,,,,,,,,,,,,,,,,,
9,1754,0.45300760865211487,0.335949569940567,0.702076256275177,0.7495713233947754,0.7039334774017334,0.7220662832260132,0.4865647256374359,0.0216273944824934,0.11304514110088348,0.24223436415195465,6.622357368469238,4.346437454223633,8.858576774597168,8.986108779907227,8.33607292175293,10.579858779907227,8.290472984313965,1.5035057067871094,3.1749486923217773,5.525233745574951,,,,,,,,,,,8.978483200073242,6.416516304016113,12.07268238067627,12.035422325134277,12.005090713500977,13.770965576171875,11.414085388183594,1.7344461679458618,3.85966157913208,7.497475624084473,,,,,,,,,,,,,,,,,,,,,,,,,,,,,,,,,,,,,,,,
9,1759,0.4547331631183624,0.3197295367717743,0.28872933983802795,0.23063696920871735,0.618496298789978,0.7389890551567078,0.6066290140151978,0.3782319128513336,0.5410268306732178,0.3701295256614685,7.49166202545166,5.412790775299072,7.083834648132324,5.095516681671143,9.605022430419922,11.26361083984375,9.780375480651855,5.098796844482422,7.1199493408203125,6.965062618255615,,,,,,,,,,,9.28575325012207,6.259701251983643,7.74207067489624,6.676045894622803,11.252997398376465,13.931403160095215,12.744781494140625,7.253336429595947,8.443697929382324,9.267745018005371,,,,,,,,,,,,,,,,,,,,,,,,,,,,,,,,,,,,,,,,
9,1764,0.341082364320755,0.21242055296897888,0.20787642896175385,0.5793463587760925,0.4054483473300934,0.6318821907043457,0.3079982399940491,0.38613227009773254,0.21604189276695251,0.12259491533041,6.482692241668701,3.7845022678375244,5.827392101287842,8.392729759216309,8.218306541442871,9.87832260131836,7.4227681159973145,5.6671648025512695,4.387014389038086,4.766030788421631,,,,,,,,,,,7.925015926361084,5.102235794067383,6.56922721862793,10.58093547821045,9.111028671264648,12.882314682006836,9.0812349319458,7.328697204589844,5.335710525512695,5.333759307861328,,,,,,,,,,,,,,,,,,,,,,,,,,,,,,,,,,,,,,,,
9,1769,0.28490257263183594,0.16142603754997253,0.5446519255638123,0.1679956167936325,0.15627598762512207,0.3437977731227875,0.14338117837905884,0.21925556659698486,0.566076934337616,0.2612621784210205,5.652018070220947,3.643796682357788,9.867389678955078,4.225516319274902,4.194710731506348,7.184483051300049,4.37520694732666,4.715388774871826,6.737987518310547,5.923681259155273,,,,,,,,,,,7.11995792388916,4.447839260101318,10.633376121520996,5.697756290435791,5.6564741134643555,9.502270698547363,6.196077346801758,5.5224785804748535,8.636961936950684,7.786377906799316,,,,,,,,,,,,,,,,,,,,,,,,,,,,,,,,,,,,,,,,
9,1774,0.4052649736404419,0.2468242049217224,0.3724837601184845,0.17216220498085022,0.4624742269515991,0.5692116022109985,0.2026321291923523,0.24279634654521942,0.28549298644065857,1.0933070182800293,6.479045391082764,4.824628829956055,6.5867838859558105,5.19180965423584,6.222700595855713,8.637937545776367,5.879633903503418,4.033755779266357,4.775514125823975,12.158642768859863,,,,,,,,,,,8.584240913391113,5.499917507171631,8.793573379516602,5.767981052398682,9.730685234069824,12.226798057556152,7.365885257720947,5.811386585235596,6.133678436279297,15.92825698852539,,,,,,,,,,,,,,,,,,,,,,,,,,,,,,,,,,,,,,,,
9,1779,0.40110355615615845,0.25784334540367126,0.5858662128448486,0.20367896556854248,0.2474651038646698,0.30284348130226135,0.1307070106267929,1.2025465965270996,0.30927079916000366,0.36971020698547363,6.658975601196289,4.495001316070557,9.802278518676758,4.655056953430176,5.287044048309326,7.911853313446045,4.765268802642822,9.310778617858887,5.907146453857422,7.79634952545166,,,,,,,,,,,8.161721229553223,5.621345043182373,11.028359413146973,6.27376127243042,7.117978096008301,8.918359756469727,5.915891647338867,12.933308601379395,6.383997917175293,9.262493133544922,,,,,,,,,,,,,,,,,,,,,,,,,,,,,,,,,,,,,,,,
9,1784,0.34138429164886475,0.5040102005004883,0.15285278856754303,0.3319321274757385,0.3803352117538452,0.2995828092098236,0.33903923630714417,0.3966786563396454,0.27263984084129333,0.3953876793384552,6.381884574890137,6.366606712341309,3.867676258087158,6.5993218421936035,6.951803207397461,6.805813312530518,7.39008092880249,6.547601222991943,5.664845943450928,7.2432122230529785,,,,,,,,,,,7.969412326812744,7.859264850616455,5.633111000061035,8.00902271270752,8.824353218078613,8.870218276977539,9.52786922454834,7.428106307983398,5.994016647338867,9.57874870300293,,,,,,,,,,,,,,,,,,,,,,,,,,,,,,,,,,,,,,,,
9,1789,0.3827795088291168,0.461823046207428,0.2896870970726013,0.21053844690322876,0.3266642987728119,0.22409777343273163,0.3618142008781433,0.3916293680667877,0.6922677755355835,0.486493319272995,6.83191442489624,6.529805660247803,6.134936809539795,5.907448768615723,7.153128147125244,6.806110382080078,7.04608154296875,6.461479187011719,6.641523361206055,8.806714057922363,,,,,,,,,,,8.32291030883789,7.52315616607666,7.754900932312012,6.3785295486450195,8.178064346313477,7.671753406524658,9.842684745788574,7.380679607391357,9.551253318786621,10.625164031982422,,,,,,,,,,,,,,,,,,,,,,,,,,,,,,,,,,,,,,,,
9,1794,0.3127969801425934,0.2541894316673279,0.23598119616508484,0.13845263421535492,0.420280784368515,0.40498557686805725,0.4380949139595032,0.09417145699262619,0.4734532833099365,0.3555632531642914,5.937220096588135,4.684520244598389,5.696413040161133,4.517293930053711,7.026584148406982,7.205888748168945,8.587133407592773,3.1850509643554688,6.396546363830566,6.1355462074279785,,,,,,,,,,,7.641652584075928,5.5813727378845215,6.999231338500977,5.1725592613220215,9.276185035705566,10.313252449035645,10.830659866333008,3.6192479133605957,7.898813724517822,9.083550453186035,,,,,,,,,,,,,,,,,,,,,,,,,,,,,,,,,,,,,,,,
9,1799,0.3925751745700836,0.12181350588798523,0.634449303150177,0.662736713886261,0.24879227578639984,0.28934499621391296,0.4527598023414612,0.3545624613761902,0.3880068063735962,0.38071078062057495,6.198902606964111,2.8089144229888916,7.748012065887451,8.442502975463867,4.908998012542725,7.110595703125,7.277096271514893,4.603335857391357,5.660630226135254,7.230039119720459,,,,,,,,,,,8.566061019897461,3.8637585639953613,11.476517677307129,11.316845893859863,7.137039661407471,8.717336654663086,11.010441780090332,7.022716522216797,7.150608062744141,9.399283409118652,,,,,,,,,,,,,,,,,,,,,,,,,,,,,,,,,,,,,,,,
9,1804,0.4923391342163086,0.29965928196907043,0.13675501942634583,0.5056090354919434,0.40674757957458496,0.6723421812057495,0.2744806408882141,0.8648948073387146,0.5205450057983398,0.7500186562538147,6.867925643920898,4.093686580657959,4.244347095489502,7.266495704650879,6.59649658203125,9.746349334716797,6.680306911468506,8.134964942932129,5.718834400177002,9.32984447479248,,,,,,,,,,,9.411459922790527,6.060048580169678,5.3282341957092285,9.884673118591309,9.125616073608398,13.288349151611328,8.572877883911133,10.968326568603516,8.282327651977539,13.1926851272583,,,,,,,,,,,,,,,,,,,,,,,,,,,,,,,,,,,,,,,,
9,1809,0.26273027062416077,0.5948291420936584,0.1761147826910019,0.1167321652173996,0.29865115880966187,0.33900541067123413,0.20415613055229187,0.07529372721910477,0.12601394951343536,0.4337758421897888,5.475521564483643,6.5644636154174805,5.593953609466553,3.6074235439300537,6.210178375244141,7.750243186950684,5.8980631828308105,2.5681991577148438,3.5290539264678955,7.5581159591674805,,,,,,,,,,,6.81414270401001,8.538043975830078,6.046576976776123,4.74952507019043,7.819550514221191,9.435810089111328,7.393532752990723,3.236220359802246,4.075047016143799,10.032979011535645,,,,,,,,,,,,,,,,,,,,,,,,,,,,,,,,,,,,,,,,
9,1814,0.5138604044914246,0.27029693126678467,1.0815324783325195,0.9227738380432129,0.6569430232048035,0.5576620101928711,0.3600071668624878,0.4293171465396881,0.06596021354198456,0.2802509665489197,7.045721530914307,4.765287399291992,12.055265426635742,7.924813270568848,8.033003807067871,7.677929401397705,7.65738582611084,6.578204154968262,2.09355092048645,6.626051902770996,,,,,,,,,,,9.594589233398438,5.755496978759766,14.98412799835205,13.353727340698242,11.597475051879883,12.102117538452148,9.818076133728027,7.727657318115234,2.9482500553131104,8.064375877380371,,,,,,,,,,,,,,,,,,,,,,,,,,,,,,,,,,,,,,,,
9,1819,0.27071279287338257,0.4064447581768036,0.242638498544693,0.21001926064491272,0.32305169105529785,0.28180474042892456,0.2747870683670044,0.12941396236419678,0.1402466893196106,0.42800837755203247,5.659753799438477,5.585817813873291,5.713401794433594,5.076957702636719,6.527723789215088,7.046261787414551,6.1254167556762695,3.462031841278076,3.6707820892333984,7.729386329650879,,,,,,,,,,,7.149650573730469,7.057697296142578,7.097272872924805,6.370660305023193,8.13271713256836,8.60300064086914,8.577662467956543,4.242768287658691,4.299021244049072,9.966056823730469,,,,,,,,,,,,,,,,,,,,,,,,,,,,,,,,,,,,,,,,
9,1824,0.5091789364814758,0.6474615931510925,0.20543240010738373,0.5744728446006775,1.4501451253890991,0.4664800465106964,0.2652823030948639,0.3322567939758301,0.45558521151542664,0.18549391627311707,6.881453037261963,6.494049072265625,4.855345249176025,7.185433864593506,10.944937705993652,9.277372360229492,6.577054023742676,5.5900139808654785,6.307103157043457,4.701767444610596,,,,,,,,,,,9.31216049194336,8.90777587890625,6.530495643615723,10.536335945129395,17.230796813964844,11.068592071533203,8.428008079528809,6.798226833343506,7.7483296394348145,6.560879230499268,,,,,,,,,,,,,,,,,,,,,,,,,,,,,,,,,,,,,,,,
9,1829,0.27214258909225464,0.34686410427093506,0.19493281841278076,0.25847291946411133,0.36847764253616333,0.286194384098053,0.19562563300132751,0.2066918909549713,0.3111732602119446,0.28085073828697205,5.892613887786865,5.412982940673828,5.407987594604492,6.147629737854004,6.884829521179199,6.16158390045166,5.623978614807129,4.3904337882995605,6.026987552642822,6.977108955383301,,,,,,,,,,,7.153353214263916,6.519915580749512,6.361421585083008,7.067444324493408,8.685707092285156,8.669746398925781,7.2374186515808105,5.361921310424805,6.403604030609131,8.072999954223633,,,,,,,,,,,,,,,,,,,,,,,,,,,,,,,,,,,,,,,,
9,1834,0.3301215171813965,0.4014701843261719,0.009758558124303818,0.33434438705444336,0.48393383622169495,0.2852242588996887,0.5293306112289429,0.21290363371372223,0.21588799357414246,0.49824008345603943,5.868607997894287,5.630577087402344,1.3452727794647217,7.556621551513672,7.744418144226074,6.7046637535095215,8.592622756958008,4.069818496704102,4.605030536651611,6.5684428215026855,,,,,,,,,,,7.613133907318115,7.014373779296875,1.4233264923095703,8.03807258605957,9.953886032104492,8.65503978729248,11.905133247375488,5.441895961761475,5.333809852600098,10.752674102783203,,,,,,,,,,,,,,,,,,,,,,,,,,,,,,,,,,,,,,,,
9,1839,0.3713149130344391,0.3855772912502289,0.27124297618865967,0.3034999966621399,0.34931033849716187,0.6944355368614197,0.2444387972354889,0.19421440362930298,0.4981122314929962,0.40100258588790894,6.559961795806885,5.2844014167785645,5.474895477294922,6.606966018676758,6.769322395324707,10.584037780761719,6.416305065155029,4.193233489990234,6.388130187988281,7.322367191314697,,,,,,,,,,,8.337140083312988,6.874134063720703,7.503966331481934,7.6583333015441895,8.456787109375,13.504914283752441,8.090137481689453,5.197559356689453,8.101900100708008,9.646522521972656,,,,,,,,,,,,,,,,,,,,,,,,,,,,,,,,,,,,,,,,
9,1844,0.23171912133693695,0.4795575439929962,0.10561631619930267,0.09185526520013809,0.34093543887138367,0.13974902033805847,0.24267444014549255,0.2432834357023239,0.04858047142624855,0.3932201564311981,5.124022483825684,6.294675827026367,4.0303192138671875,3.7911994457244873,6.356403827667236,4.664192199707031,6.4251484870910645,5.065395832061768,1.8327341079711914,7.656135559082031,,,,,,,,,,,6.3261919021606445,7.666244029998779,4.682493209838867,4.213149547576904,8.354793548583984,6.058293342590332,8.06088638305664,5.81721305847168,2.530196189880371,9.552456855773926,,,,,,,,,,,,,,,,,,,,,,,,,,,,,,,,,,,,,,,,
9,1849,0.25888708233833313,0.08657021075487137,0.2556106150150299,0.15931008756160736,0.10338056087493896,0.40966904163360596,0.11113578826189041,0.062331490218639374,0.9322408437728882,0.20973500609397888,4.67788028717041,2.585139274597168,5.802563190460205,3.93172287940979,3.765122413635254,7.048980712890625,4.0427141189575195,2.3027596473693848,7.200827598571777,5.421087741851807,,,,,,,,,,,6.391482353210449,3.257215738296509,7.284523010253906,5.548511981964111,4.600648880004883,10.37271499633789,5.455037593841553,2.9445061683654785,11.083765983581543,6.9764204025268555,,,,,,,,,,,,,,,,,,,,,,,,,,,,,,,,,,,,,,,,
9,1854,0.5679724812507629,0.6345573663711548,0.08311907202005386,0.17393432557582855,0.28350865840911865,0.24251574277877808,0.31403034925460815,0.9652121663093567,2.1621243953704834,0.2527502477169037,6.969831943511963,5.917288303375244,3.8270931243896484,4.977524280548096,6.217405319213867,6.558617115020752,7.473201751708984,7.8779401779174805,13.73263931274414,6.146773338317871,,,,,,,,,,,8.851609230041504,8.818561553955078,4.153956890106201,5.797590732574463,7.618734359741211,7.980788707733154,9.169731140136719,11.586976051330566,16.879657745361328,7.658487319946289,,,,,,,,,,,,,,,,,,,,,,,,,,,,,,,,,,,,,,,,
9,1859,0.2598194181919098,0.28017881512641907,0.29966598749160767,0.13686272501945496,0.19376550614833832,0.3581770658493042,0.16743779182434082,0.189732626080513,0.2535654902458191,0.4589884877204895,5.68425989151001,5.453530788421631,6.0458807945251465,4.28446102142334,4.709705352783203,7.811672687530518,5.6618804931640625,4.327625751495361,4.290813446044922,8.572773933410645,,,,,,,,,,,6.980141639709473,5.8597612380981445,7.887336730957031,5.14277458190918,6.298510551452637,9.69895076751709,6.695724010467529,5.1372389793396,5.780539035797119,10.32043743133545,,,,,,,,,,,,,,,,,,,,,,,,,,,,,,,,,,,,,,,,
9,1864,0.5463674664497375,0.20990683138370514,0.6283051371574402,0.49985507130622864,0.3262310028076172,1.7799111604690552,0.39693719148635864,0.49296045303344727,0.2710950970649719,0.31210532784461975,7.8870697021484375,4.1132283210754395,8.442054748535156,9.54060173034668,6.189914226531982,15.541966438293457,7.8608503341674805,7.842014312744141,4.215566158294678,7.237431049346924,,,,,,,,,,,9.910223960876465,5.071957111358643,11.420812606811523,9.828266143798828,8.172638893127441,21.620962142944336,10.309358596801758,8.280655860900879,5.977011680603027,8.510356903076172,,,,,,,,,,,,,,,,,,,,,,,,,,,,,,,,,,,,,,,,
9,1869,0.38056480884552,0.1421782523393631,0.5364408493041992,0.6286342144012451,0.10229738801717758,0.48196595907211304,0.19893838465213776,0.6262357831001282,0.438493013381958,0.26989927887916565,6.207150459289551,3.2777962684631348,6.618017196655273,7.423902988433838,3.9403440952301025,8.153944969177246,6.31170129776001,7.027336597442627,6.047595977783203,7.063713073730469,,,,,,,,,,,8.19150161743164,4.174253940582275,10.552916526794434,11.021834373474121,4.576483249664307,11.25081729888916,7.298440456390381,9.333137512207031,7.601593494415283,7.914036750793457,,,,,,,,,,,,,,,,,,,,,,,,,,,,,,,,,,,,,,,,
9,1874,0.40756285190582275,0.5881102681159973,0.41386473178863525,0.16170737147331238,0.1906624287366867,0.20147675275802612,0.23713941872119904,1.1646391153335571,0.26973405480384827,0.4407314360141754,6.582118034362793,6.867026329040527,7.596649169921875,5.206154823303223,5.152669429779053,5.122714042663574,6.378715991973877,10.681917190551758,5.178956985473633,7.054257869720459,,,,,,,,,,,8.18249225616455,8.489686012268066,9.269169807434082,5.590102672576904,6.2478742599487305,7.274251461029053,7.968427658081055,12.727831840515137,5.961988925933838,10.11309814453125,,,,,,,,,,,,,,,,,,,,,,,,,,,,,,,,,,,,,,,,
9,1879,0.4124814569950104,0.40549302101135254,0.23369121551513672,0.3194997310638428,0.5391817092895508,0.8573315739631653,0.5970197319984436,0.060671497136354446,0.09870262444019318,0.6007417440414429,6.715639591217041,5.2446160316467285,4.972465991973877,7.662290096282959,6.551456928253174,12.209609985351562,9.545196533203125,2.2432291507720947,3.162799835205078,8.849088668823242,,,,,,,,,,,8.705162048339844,7.049429416656494,6.965188503265381,7.857604026794434,10.506721496582031,15.0054931640625,12.643437385559082,2.9050333499908447,3.6065142154693604,11.807042121887207,,,,,,,,,,,,,,,,,,,,,,,,,,,,,,,,,,,,,,,,
9,1884,0.3202883303165436,0.6085250377655029,0.15399599075317383,0.28338462114334106,0.25613877177238464,0.39454537630081177,0.26167598366737366,0.3139064908027649,0.3336690068244934,0.2767535150051117,5.702579021453857,6.098282814025879,5.08060884475708,5.644427299499512,5.7535176277160645,7.521698951721191,5.592928409576416,5.365989685058594,4.3018083572387695,5.963951110839844,,,,,,,,,,,7.637165546417236,8.635778427124023,5.65413761138916,7.400192737579346,7.241645812988281,10.179450988769531,8.370525360107422,6.607830047607422,6.631033897399902,8.013897895812988,,,,,,,,,,,,,,,,,,,,,,,,,,,,,,,,,,,,,,,,
9,1889,0.46853160858154297,0.5758187174797058,0.527218222618103,0.4418751299381256,0.22833037376403809,0.5707343816757202,0.31447920203208923,0.2989632487297058,0.9640496969223022,0.2953152358531952,7.43746280670166,7.0130839347839355,7.032801628112793,7.191728115081787,6.010907173156738,9.644062995910645,7.347404956817627,5.724769115447998,10.050058364868164,6.922346591949463,,,,,,,,,,,9.150874137878418,8.400500297546387,10.461810111999512,9.24069595336914,6.837250709533691,12.243141174316406,9.176281929016113,6.448632717132568,11.271273612976074,8.278280258178711,,,,,,,,,,,,,,,,,,,,,,,,,,,,,,,,,,,,,,,,
9,1894,0.34234580397605896,0.4020700752735138,0.29972100257873535,0.1177603006362915,0.4091893136501312,0.6342741250991821,0.2021004855632782,0.185944601893425,0.3680436313152313,0.46200865507125854,6.465966701507568,5.964179992675781,6.224609851837158,3.9113597869873047,7.734040260314941,10.360572814941406,6.3597002029418945,3.7969300746917725,5.59272575378418,8.249581336975098,,,,,,,,,,,7.94424295425415,7.0196123123168945,7.888060569763184,4.770394802093506,9.15296459197998,12.9066743850708,7.356215953826904,5.085697650909424,6.964227199554443,10.354336738586426,,,,,,,,,,,,,,,,,,,,,,,,,,,,,,,,,,,,,,,,
9,1899,0.49391311407089233,1.0129297971725464,0.5625755190849304,0.22525815665721893,0.4439379870891571,0.18701067566871643,0.18070071935653687,0.5898104310035706,0.7112326622009277,0.5317621827125549,7.354823589324951,7.797900676727295,8.86758041381836,5.616597652435303,7.680644512176514,5.306241989135742,5.815512657165527,7.371069431304932,8.35791301727295,9.379949569702148,,,,,,,,,,,9.0990571975708,11.14171314239502,10.806922912597656,6.5977396965026855,9.533684730529785,7.008241653442383,6.955857753753662,9.057637214660645,9.681199073791504,11.108512878417969,,,,,,,,,,,,,,,,,,,,,,,,,,,,,,,,,,,,,,,,
9,1904,0.2951706647872925,0.24941782653331757,0.44420117139816284,0.32485783100128174,0.17130516469478607,0.25174760818481445,0.41155409812927246,0.07336337864398956,0.16149671375751495,0.5685920715332031,5.784704208374023,3.8936784267425537,8.071959495544434,4.750981330871582,5.308781147003174,6.7730278968811035,7.988500595092773,2.663515329360962,4.0828680992126465,8.529025077819824,,,,,,,,,,,7.433361530303955,5.528738021850586,9.602880477905273,7.923216342926025,5.922224521636963,8.13127326965332,10.49746036529541,3.1944668292999268,4.613230228424072,11.486762046813965,,,,,,,,,,,,,,,,,,,,,,,,,,,,,,,,,,,,,,,,
9,1909,0.33773499727249146,0.35200831294059753,0.6555831432342529,0.1769753098487854,0.38160890340805054,0.28873515129089355,0.2364780604839325,0.12603731453418732,0.578950822353363,0.2432379126548767,5.99190092086792,5.40586519241333,8.14582633972168,4.049570560455322,7.232794284820557,6.963532447814941,6.382375240325928,3.361052989959717,6.5635881423950195,5.822505474090576,,,,,,,,,,,7.780163288116455,6.568084239959717,11.666095733642578,5.848052024841309,8.839117050170898,8.708146095275879,7.957309246063232,4.187051296234131,8.73462200164795,7.512990474700928,,,,,,,,,,,,,,,,,,,,,,,,,,,,,,,,,,,,,,,,
9,1914,0.5076357126235962,0.42710307240486145,0.5074231028556824,0.485241562128067,0.840996265411377,0.4388962686061859,0.16532498598098755,0.6840726733207703,0.686362087726593,0.33330151438713074,6.835773944854736,5.403444766998291,6.222450256347656,5.031861305236816,9.211812973022461,7.876963138580322,5.886613845825195,6.994255065917969,7.1357293128967285,7.758836269378662,,,,,,,,,,,9.528125762939453,7.234834671020508,10.263529777526855,9.683533668518066,13.121898651123047,10.736353874206543,6.653345584869385,9.754608154296875,9.510424613952637,8.794594764709473,,,,,,,,,,,,,,,,,,,,,,,,,,,,,,,,,,,,,,,,
9,1919,0.3539343774318695,0.22450505197048187,0.36942121386528015,0.3706177771091461,0.4338456094264984,0.2132292240858078,0.36983516812324524,0.1114862784743309,0.6132436394691467,0.4792253375053406,6.5945916175842285,4.1052565574646,7.796109199523926,6.8262619972229,7.457439422607422,6.370229244232178,6.988683223724365,3.3534371852874756,8.188562393188477,8.26534366607666,,,,,,,,,,,8.088656425476074,5.245360374450684,8.75734806060791,8.462876319885254,9.424695014953613,7.483404159545898,9.951187133789062,3.9379429817199707,8.989588737487793,10.54549789428711,,,,,,,,,,,,,,,,,,,,,,,,,,,,,,,,,,,,,,,,
9,1924,0.6239112019538879,0.917353630065918,0.26804181933403015,0.3177203834056854,0.6776623725891113,0.7776666283607483,0.631405234336853,0.3503915071487427,0.7553611993789673,0.9195980429649353,8.475979804992676,8.883818626403809,6.862168312072754,7.065831184387207,10.119726181030273,10.172653198242188,9.69322681427002,5.66392183303833,7.666236400604248,10.156229972839355,,,,,,,,,,,10.726387977600098,10.603046417236328,7.459555149078369,7.835692882537842,11.77894401550293,14.291327476501465,13.002440452575684,6.981287479400635,9.977014541625977,14.608182907104492,,,,,,,,,,,,,,,,,,,,,,,,,,,,,,,,,,,,,,,,
9,1929,0.47928333282470703,0.19350895285606384,0.32885923981666565,0.46630561351776123,0.26474159955978394,0.5664800405502319,0.2855744957923889,0.8878464698791504,0.9753434062004089,0.34488970041275024,7.659201622009277,3.988450288772583,7.18418550491333,8.444694519042969,6.333055019378662,9.773497581481934,7.010560035705566,9.497737884521484,9.641023635864258,7.05961275100708,,,,,,,,,,,9.147266387939453,4.869818687438965,8.262598991394043,9.49271011352539,7.362252712249756,12.197423934936523,8.744409561157227,11.112906455993652,11.337101936340332,8.946173667907715,,,,,,,,,,,,,,,,,,,,,,,,,,,,,,,,,,,,,,,,
9,1934,0.17182417213916779,0.31179746985435486,0.07407230138778687,0.08435269445180893,0.2161935567855835,0.44895124435424805,0.1283882111310959,0.0828837975859642,0.07612663507461548,0.12365152686834335,4.333920478820801,4.699607849121094,3.4425618648529053,3.39813494682312,4.968376159667969,7.785571575164795,4.084885597229004,2.7586824893951416,3.056422233581543,4.81104040145874,,,,,,,,,,,5.492743015289307,6.1815667152404785,3.9213855266571045,4.037424087524414,6.653053283691406,10.85863971710205,5.8631815910339355,3.395420551300049,3.1673178672790527,5.356695175170898,,,,,,,,,,,,,,,,,,,,,,,,,,,,,,,,,,,,,,,,
9,1939,0.3284890949726105,0.5787074565887451,0.4334847927093506,0.15480172634124756,0.1943168044090271,0.6222487688064575,0.18211284279823303,0.2722906172275543,0.12305945158004761,0.39537930488586426,5.948937892913818,6.131362438201904,7.715426445007324,4.124223709106445,4.365646839141846,9.569316864013672,5.425635814666748,5.766955852508545,4.020046234130859,6.4218244552612305,,,,,,,,,,,7.690155029296875,8.42154598236084,9.486337661743164,5.4694390296936035,6.307464599609375,12.78373908996582,6.9829840660095215,6.1542487144470215,4.026992321014404,9.578646659851074,,,,,,,,,,,,,,,,,,,,,,,,,,,,,,,,,,,,,,,,
9,1939,,,,,,,,,,,6.62933874130249,5.443498134613037,6.565464973449707,6.324941158294678,6.825809478759766,8.293079376220703,7.278526306152344,5.824241638183594,5.732359409332275,7.376124858856201,0.5675904750823975,0.5509066581726074,0.6274638772010803,0.6375080347061157,0.575725793838501,0.48377907276153564,0.564787745475769,0.571832537651062,0.5568255186080933,0.5394847393035889,8.763688087463379,7.228142261505127,8.660017013549805,8.336276054382324,9.139415740966797,10.964852333068848,9.727776527404785,7.624271392822266,7.548332214355469,9.644105911254883,0.5153177380561829,0.5520667433738708,0.5370901226997375,0.3486039936542511,0.5670614242553711,0.58866286277771,0.4581310451030731,0.47543850541114807,0.6055532693862915,0.5052517652511597,7.38828182220459,5.66157865524292,7.340917110443115,6.144449710845947,8.379497528076172,9.314261436462402,8.35124397277832,5.979664325714111,7.249944686889648,8.072979927062988,0.4268752634525299,0.4244203567504883,0.5745538473129272,0.6225364208221436,0.3234094977378845,0.46818411350250244,0.5308952927589417,0.23481124639511108,0.15378254652023315,0.5092837810516357,10.018427848815918,8.394927978515625,10.000174522399902,9.127274513244629,11.129051208496094,12.538223266601562,10.949382781982422,8.155196189880371,9.35442066192627,10.517199516296387
10,1944,0.43329349160194397,0.5210587382316589,0.5317164063453674,0.33932244777679443,0.24590224027633667,0.3334309160709381,0.21320490539073944,0.3089495599269867,0.7367231845855713,0.6693329215049744,7.032086372375488,5.8067240715026855,9.032676696777344,7.190332889556885,5.413309574127197,7.293034553527832,5.18070650100708,4.6691765785217285,8.728227615356445,9.974587440490723,,,,,,,,,,,8.830620765686035,7.991082668304443,10.506345748901367,8.097691535949707,7.095465660095215,9.357909202575684,7.555607318878174,6.555449962615967,9.853158950805664,12.462876319885254,,,,,,,,,,,,,,,,,,,,,,,,,,,,,,,,,,,,,,,,
10,1949,0.4838305711746216,0.5604844093322754,0.6734694838523865,0.7816603183746338,0.25269073247909546,0.3694961369037628,0.39368921518325806,0.01335006020963192,0.6432487964630127,0.6663857698440552,7.065878391265869,6.883890151977539,9.873931884765625,7.54689884185791,5.633152484893799,7.8162689208984375,7.325699806213379,1.0669254064559937,7.515865325927734,9.930272102355957,,,,,,,,,,,9.190916061401367,8.287891387939453,11.824169158935547,12.290340423583984,7.192739009857178,9.851011276245117,10.267095565795898,1.362700343132019,9.206886291503906,12.435408592224121,,,,,,,,,,,,,,,,,,,,,,,,,,,,,,,,,,,,,,,,
10,1954,0.31209197640419006,0.36935725808143616,0.15961357951164246,0.5104025602340698,0.2589046359062195,0.542884111404419,0.2504679560661316,0.04841744899749756,0.3180374801158905,0.35074254870414734,6.181772708892822,5.746817588806152,5.269705295562744,7.887423992156982,5.688111782073975,9.907629013061523,6.915292263031006,1.8708429336547852,5.057379245758057,7.292750358581543,,,,,,,,,,,7.546347618103027,6.727993965148926,5.756341457366943,9.931419372558594,7.2806396484375,11.940690040588379,8.189302444458008,2.5951333045959473,6.473847389221191,9.02176284790039,,,,,,,,,,,,,,,,,,,,,,,,,,,,,,,,,,,,,,,,
10,1959,0.3222116231918335,0.4578585624694824,0.3613763451576233,0.29537391662597656,0.3471301198005676,0.5691108107566833,0.36592018604278564,0.20665006339550018,0.12311958521604538,0.17336496710777283,6.166978359222412,5.487968444824219,7.888185977935791,5.942008972167969,7.033610820770264,9.277585983276367,7.014163494110107,4.601557731628418,3.2237863540649414,5.033934593200684,,,,,,,,,,,7.777102947235107,7.490795612335205,8.661468505859375,7.555113315582275,8.430354118347168,12.225714683532715,9.89837646484375,5.361379146575928,4.027975559234619,6.342753887176514,,,,,,,,,,,,,,,,,,,,,,,,,,,,,,,,,,,,,,,,
10,1964,0.5810979604721069,0.42131859064102173,0.9047670364379883,0.7192180156707764,0.4758179783821106,0.48673948645591736,0.2452532947063446,0.5640637874603271,0.9087809324264526,0.5039227604866028,8.267183303833008,5.4422526359558105,9.883014678955078,9.215715408325195,8.516228675842285,9.657635688781738,6.546352863311768,7.269425392150879,8.960569381713867,8.9134521484375,,,,,,,,,,,10.286107063293457,7.185675144195557,13.705032348632812,11.789222717285156,9.870065689086914,11.306394577026367,8.103604316711426,8.857738494873047,10.943415641784668,10.813820838928223,,,,,,,,,,,,,,,,,,,,,,,,,,,,,,,,,,,,,,,,
10,1969,0.48623567819595337,0.7914337515830994,0.237015962600708,0.5534033179283142,0.3690488338470459,0.6290516257286072,0.5060310363769531,0.5622398853302002,0.41587159037590027,0.31202489137649536,7.662656307220459,7.361550807952881,5.247906684875488,9.195477485656738,6.22836446762085,10.390750885009766,10.23279094696045,6.710113048553467,6.1000075340271,7.496941089630127,,,,,,,,,,,9.460664749145508,9.848487854003906,7.014560222625732,10.341315269470215,8.692437171936035,12.853428840637207,11.640172004699707,8.843404769897461,7.40291690826416,8.509260177612305,,,,,,,,,,,,,,,,,,,,,,,,,,,,,,,,,,,,,,,,
10,1974,0.4025191068649292,0.36173686385154724,0.22034890949726105,0.6015484929084778,0.3408529758453369,0.501002311706543,0.4053398370742798,0.5916761755943298,0.4163566529750824,0.18380960822105408,7.087584495544434,5.527263164520264,5.346771240234375,8.706184387207031,7.278151035308838,9.457588195800781,8.326315879821777,7.29995584487915,6.933448791503906,4.91258430480957,,,,,,,,,,,8.606244087219238,6.658227920532227,6.763431549072266,10.781773567199707,8.35378360748291,11.470852851867676,10.417905807495117,9.071951866149902,7.407233715057373,6.53102445602417,,,,,,,,,,,,,,,,,,,,,,,,,,,,,,,,,,,,,,,,
10,1979,0.43099382519721985,0.24837514758110046,0.48064669966697693,0.4783737361431122,0.5404549241065979,0.5279344916343689,0.32941028475761414,0.6501091718673706,0.4086175858974457,0.21502244472503662,6.753612518310547,4.479333400726318,7.7711286544799805,6.383390426635742,8.186832427978516,8.975468635559082,7.058711528778076,7.268686294555664,5.079265594482422,5.579697132110596,,,,,,,,,,,8.968677520751953,5.51716947555542,9.989060401916504,9.614761352539062,10.519119262695312,11.775134086608887,9.391594886779785,9.50937271118164,7.338068962097168,7.063811779022217,,,,,,,,,,,,,,,,,,,,,,,,,,,,,,,,,,,,,,,,
10,1984,0.29234007000923157,0.36313897371292114,0.22609928250312805,0.19633495807647705,0.29935163259506226,0.6060768961906433,0.2541886568069458,0.33722496032714844,0.1453067660331726,0.20333845913410187,5.762468338012695,4.922158718109131,5.4007887840271,4.905751705169678,6.447865962982178,10.049310684204102,6.67924690246582,4.710898399353027,3.6050376892089844,5.141153812408447,,,,,,,,,,,7.38566255569458,6.671119213104248,6.851114749908447,6.159616947174072,7.828714847564697,12.616523742675781,8.249903678894043,6.848864555358887,4.375888347625732,6.869212627410889,,,,,,,,,,,,,,,,,,,,,,,,,,,,,,,,,,,,,,,,
10,1989,0.4360758066177368,0.7907485961914062,0.8565306663513184,0.8032900094985962,0.11527924239635468,0.256080687046051,0.5722841620445251,0.13828781247138977,0.061212409287691116,0.3309686779975891,6.812249183654785,7.313760280609131,11.21110725402832,8.509584426879883,3.717017650604248,6.743181228637695,10.143091201782227,3.8601083755493164,2.346661329269409,7.465727806091309,,,,,,,,,,,8.562865257263184,9.844223976135254,13.334696769714355,12.45922565460205,4.8581976890563965,8.200952529907227,12.378746032714844,4.385818958282471,2.8401615619659424,8.763763427734375,,,,,,,,,,,,,,,,,,,,,,,,,,,,,,,,,,,,,,,,
10,1994,0.41845545172691345,0.5126374959945679,0.08040923625230789,0.25768160820007324,0.6671854853630066,0.5522406697273254,0.5409300327301025,0.242277130484581,0.3051299750804901,0.6076071262359619,6.941723823547363,5.498691082000732,3.58264422416687,5.535385608673096,8.921207427978516,8.96484375,9.508965492248535,5.519927024841309,5.212131500244141,9.731717109680176,,,,,,,,,,,8.761632919311523,7.926244258880615,4.085681438446045,7.0566182136535645,11.687535285949707,12.043148040771484,12.034869194030762,5.805170059204102,6.341115951538086,11.874316215515137,,,,,,,,,,,,,,,,,,,,,,,,,,,,,,,,,,,,,,,,
10,1999,0.4581817090511322,0.47528907656669617,0.9380035400390625,0.14052189886569977,0.25210055708885193,0.47120410203933716,0.4499293565750122,0.5792177319526672,0.45503324270248413,0.362335741519928,7.275960445404053,6.353087425231934,9.915544509887695,3.8892712593078613,5.868083953857422,9.57373332977295,8.418983459472656,7.506370544433594,6.12017822265625,7.838387966156006,,,,,,,,,,,9.107958793640137,7.632050037384033,13.954488754272461,5.211069583892822,7.184334754943848,11.124497413635254,10.975971221923828,8.975933074951172,7.743635177612305,9.169650077819824,,,,,,,,,,,,,,,,,,,,,,,,,,,,,,,,,,,,,,,,
10,2004,0.31711530685424805,0.2539929747581482,0.16438807547092438,0.1756979078054428,0.4521556794643402,0.8375544548034668,0.17016953229904175,0.42153799533843994,0.19091923534870148,0.18762198090553284,5.958606243133545,4.000759124755859,4.870937824249268,5.34769344329834,7.300373554229736,11.451863288879395,5.413489818572998,5.952084541320801,3.741236448287964,5.549015998840332,,,,,,,,,,,7.524733066558838,5.5792155265808105,5.841801643371582,5.826908588409424,9.6215181350708,14.831408500671387,6.750123023986816,7.657325267791748,5.0158915519714355,6.5984063148498535,,,,,,,,,,,,,,,,,,,,,,,,,,,,,,,,,,,,,,,,
10,2009,0.20054756104946136,0.2231866419315338,0.16722504794597626,0.09510348737239838,0.14198042452335358,0.2001301795244217,0.30370745062828064,0.2420324981212616,0.14917296171188354,0.28238946199417114,5.042391300201416,3.9295737743377686,5.386797904968262,3.375499725341797,3.7591819763183594,5.972946643829346,7.549505233764648,4.8424577713012695,3.7588388919830322,6.806722164154053,,,,,,,,,,,6.155465126037598,5.229936122894287,5.891993999481201,4.286996364593506,5.3915534019470215,7.24990177154541,9.017757415771484,5.8022379875183105,4.43372106552124,8.095085144042969,,,,,,,,,,,,,,,,,,,,,,,,,,,,,,,,,,,,,,,,
10,2014,0.3879026472568512,0.20653070509433746,0.3308754861354828,0.31171920895576477,0.7817489504814148,0.3393295407295227,0.17557293176651,0.7458288073539734,0.2525690793991089,0.34694918990135193,6.943060398101807,4.256546497344971,7.1418914794921875,7.040536403656006,10.094220161437988,8.512857437133789,5.217893123626709,7.711025238037109,4.6048102378845215,7.907759189605713,,,,,,,,,,,8.328408241271973,5.031003475189209,8.28788948059082,7.76133918762207,12.651246070861816,9.440319061279297,6.856454372406006,10.185404777526855,5.769170761108398,8.972844123840332,,,,,,,,,,,,,,,,,,,,,,,,,,,,,,,,,,,,,,,,
10,2019,0.5253963470458984,0.2666444480419159,0.4935566186904907,0.4688161015510559,0.5825044512748718,0.5951440334320068,0.4744994342327118,0.434637188911438,0.8487643599510193,0.5640004873275757,7.911506652832031,4.793081760406494,7.333324909210205,7.756040096282959,9.13736629486084,10.397658348083496,8.340841293334961,6.717942714691162,8.535300254821777,8.192008018493652,,,,,,,,,,,9.982572555541992,5.71647834777832,10.122322082519531,9.518228530883789,10.920669555664062,12.502214431762695,11.271679878234863,7.775389671325684,10.575888633728027,11.440287590026855,,,,,,,,,,,,,,,,,,,,,,,,,,,,,,,,,,,,,,,,
10,2024,0.5712878704071045,0.8422142267227173,0.6834395527839661,0.41444236040115356,0.60572350025177,0.9190592765808105,0.762567937374115,0.28420549631118774,0.12341201305389404,0.5065261721611023,7.773406982421875,7.071145057678223,9.291881561279297,5.6441330909729,8.119288444519043,12.779967308044434,10.993094444274902,4.302621364593506,3.5179741382598877,8.240556716918945,,,,,,,,,,,10.349316596984863,10.159527778625488,11.911370277404785,8.94925594329834,11.13619613647461,15.53630256652832,14.289271354675293,6.287456035614014,4.032756328582764,10.841718673706055,,,,,,,,,,,,,,,,,,,,,,,,,,,,,,,,,,,,,,,,
10,2029,0.43057364225387573,0.3798328638076782,0.3349062204360962,0.3443034589290619,0.5354487299919128,0.42284566164016724,0.6374696493148804,0.30383917689323425,0.22201520204544067,0.6945018768310547,7.5357489585876465,4.989503860473633,6.461961269378662,7.077733516693115,9.054780006408691,9.157750129699707,10.903681755065918,5.728099346160889,5.039405822753906,9.408822059631348,,,,,,,,,,,9.110677719116211,6.822735786437988,8.338218688964844,8.15690803527832,10.470287322998047,10.5382080078125,13.064733505249023,6.501006603240967,5.408970832824707,12.69503402709961,,,,,,,,,,,,,,,,,,,,,,,,,,,,,,,,,,,,,,,,
10,2034,0.365420937538147,0.2614387571811676,0.0689392164349556,0.18776224553585052,0.3021615147590637,0.6812320947647095,0.26184937357902527,0.17437872290611267,0.8910665512084961,0.45995959639549255,6.340460300445557,4.523777961730957,3.070211410522461,4.919337272644043,5.966183185577393,8.547603607177734,7.158464431762695,4.816525936126709,10.348190307617188,7.713843822479248,,,,,,,,,,,7.908252239227295,5.660401344299316,3.783073902130127,6.023640155792236,7.8653717041015625,13.375911712646484,8.373297691345215,4.924991130828857,10.836233139038086,10.33134937286377,,,,,,,,,,,,,,,,,,,,,,,,,,,,,,,,,,,,,,,,
10,2039,0.5596945285797119,0.48778772354125977,0.16576248407363892,0.4645792543888092,0.6502494812011719,1.2568659782409668,0.4516269862651825,0.1402396708726883,1.1516315937042236,0.2685072422027588,7.433095455169678,6.117077827453613,5.164868354797363,7.119510650634766,8.715813636779785,13.209604263305664,7.804823398590088,3.949962615966797,8.099966049194336,6.7162322998046875,,,,,,,,,,,9.822877883911133,7.731748104095459,5.8661723136901855,9.475122451782227,11.53824234008789,18.16855239868164,10.996658325195312,4.416662216186523,12.319131851196289,7.893601894378662,,,,,,,,,,,,,,,,,,,,,,,,,,,,,,,,,,,,,,,,
10,2044,0.4990733563899994,0.21097156405448914,0.4915274977684021,0.8147592544555664,0.9421030879020691,0.427118718624115,0.26476597785949707,0.5154417753219604,0.45777177810668945,0.36720019578933716,7.5816216468811035,3.938764810562134,7.551372051239014,9.343655586242676,11.332798957824707,8.336445808410645,7.019440650939941,7.158316135406494,6.682748317718506,6.871055603027344,,,,,,,,,,,9.566537857055664,5.084804058074951,10.101492881774902,12.547857284545898,13.88829231262207,10.59132194519043,8.419801712036133,8.46737003326416,7.76690149307251,9.230998039245605,,,,,,,,,,,,,,,,,,,,,,,,,,,,,,,,,,,,,,,,
10,2049,0.24572685360908508,0.13746845722198486,0.20444583892822266,0.3293558359146118,0.61724454164505,0.16078323125839233,0.16392835974693298,0.10157854855060577,0.13157133758068085,0.3651655912399292,5.241893291473389,3.3918049335479736,5.250067234039307,6.2136688232421875,7.8383049964904785,5.7091193199157715,5.143518924713135,2.7318460941314697,3.633334159851074,7.265375137329102,,,,,,,,,,,6.676717758178711,4.1045331954956055,6.514796257019043,7.977881908416748,11.24160385131836,6.498247146606445,6.625182628631592,3.7588911056518555,4.163934707641602,9.205388069152832,,,,,,,,,,,,,,,,,,,,,,,,,,,,,,,,,,,,,,,,
10,2054,0.3551306426525116,0.26237350702285767,0.36287376284599304,0.3908277153968811,0.4152841567993164,0.41724762320518494,0.3637816905975342,0.3204401433467865,0.3198680877685547,0.34347909688949585,7.00221586227417,4.269136428833008,7.976118564605713,7.276700973510742,7.2320709228515625,8.846919059753418,7.7020063400268555,6.271376132965088,5.705494403839111,7.740117073059082,,,,,,,,,,,8.299503326416016,5.670511722564697,8.679394721984863,8.690556526184082,9.220879554748535,10.468219757080078,9.86941146850586,6.676244258880615,6.492451190948486,8.92785930633545,,,,,,,,,,,,,,,,,,,,,,,,,,,,,,,,,,,,,,,,
10,2059,0.326996386051178,0.37699630856513977,0.23711362481117249,0.5324837565422058,0.3506554663181305,0.3880635201931,0.3418431580066681,0.09389331191778183,0.31202632188796997,0.30989181995391846,6.286673545837402,6.029019832611084,5.760398864746094,6.963789939880371,6.798253059387207,7.67085075378418,7.717206001281738,3.2330596446990967,5.030029773712158,7.3774542808532715,,,,,,,,,,,7.844368934631348,6.79721212387085,7.016005039215088,10.143973350524902,8.473052024841309,10.095487594604492,9.56718635559082,3.6138994693756104,6.412375450134277,8.480125427246094,,,,,,,,,,,,,,,,,,,,,,,,,,,,,,,,,,,,,,,,
10,2064,0.796099841594696,0.24956242740154266,0.7137190103530884,1.4108530282974243,0.4690721929073334,1.2178865671157837,0.36161962151527405,1.038743257522583,0.9130180478096008,0.7904245257377625,9.192936897277832,4.603888034820557,8.073135375976562,12.546737670898438,6.586132526397705,13.579390525817871,8.046625137329102,9.18102741241455,10.15788459777832,9.9616060256958,,,,,,,,,,,12.03017520904541,5.530340671539307,12.17237377166748,16.511852264404297,9.799851417541504,17.88460350036621,9.840038299560547,12.020231246948242,10.968897819519043,13.543391227722168,,,,,,,,,,,,,,,,,,,,,,,,,,,,,,,,,,,,,,,,
10,2069,0.2604927122592926,0.3496534526348114,0.06445828825235367,0.1645825356245041,0.42700889706611633,0.5909346342086792,0.11056303232908249,0.16590668261051178,0.13651441037654877,0.3348122835159302,4.82662296295166,4.7759833335876465,2.735161304473877,3.9568917751312256,5.436583042144775,7.481709003448486,4.819203853607178,4.588902950286865,3.1794331073760986,6.465739727020264,,,,,,,,,,,6.772505283355713,6.546078205108643,3.658061981201172,5.639579772949219,9.350139617919922,12.457921981811523,5.440962791442871,4.803863525390625,4.2414326667785645,8.814504623413086,,,,,,,,,,,,,,,,,,,,,,,,,,,,,,,,,,,,,,,,
10,2074,0.3668772578239441,0.5593734383583069,0.1192554235458374,0.6570655107498169,0.1570836454629898,0.5567651987075806,0.19981347024440765,0.49691906571388245,0.3342891335487366,0.22133052349090576,5.993293762207031,5.311251163482666,4.188509464263916,7.594635486602783,3.6194005012512207,9.368667602539062,6.120387554168701,6.000903129577637,5.832427024841309,5.903460502624512,,,,,,,,,,,7.968809604644775,8.279672622680664,4.97566032409668,11.26832103729248,5.671072006225586,12.092382431030273,7.314475059509277,8.313838005065918,6.637192249298096,7.166677474975586,,,,,,,,,,,,,,,,,,,,,,,,,,,,,,,,,,,,,,,,
10,2079,0.6808362603187561,0.2755276560783386,0.7730682492256165,0.38495686650276184,0.4459274411201477,0.5211923718452454,0.5058661699295044,0.9929844737052917,1.8287606239318848,0.399242639541626,8.355775833129883,4.62391996383667,9.004961013793945,7.384942054748535,7.605076789855957,8.400854110717773,9.388925552368164,8.463235855102539,12.263580322265625,8.06648063659668,,,,,,,,,,,10.76656436920166,5.810919761657715,12.668365478515625,8.625036239624023,9.555023193359375,11.69970417022705,11.638274192810059,11.75249195098877,15.523931503295898,9.625330924987793,,,,,,,,,,,,,,,,,,,,,,,,,,,,,,,,,,,,,,,,
10,2084,0.35937294363975525,0.40796810388565063,0.42246371507644653,0.403036504983902,0.10684750974178314,0.2885357141494751,0.22773048281669617,0.3471567928791046,0.8026733994483948,0.22794394195079803,6.405078411102295,5.275174140930176,8.256893157958984,8.178834915161133,3.8896353244781494,6.235943794250488,6.341088771820068,6.052652359008789,7.365880966186523,6.0496039390563965,,,,,,,,,,,7.884316444396973,7.070910930633545,9.364969253540039,8.825250625610352,4.677155494689941,8.705137252807617,7.808746814727783,6.94898796081543,10.2847261428833,7.272960662841797,,,,,,,,,,,,,,,,,,,,,,,,,,,,,,,,,,,,,,,,
10,2089,0.2000999003648758,0.2837200164794922,0.1837085336446762,0.03415267542004585,0.19575200974941254,0.3301474153995514,0.3490283489227295,0.20657527446746826,0.09309262037277222,0.12472210824489594,4.910837173461914,4.843374729156494,5.790936470031738,2.06889009475708,5.861133575439453,7.34052038192749,7.162971019744873,4.448460102081299,2.669384717941284,4.011861801147461,,,,,,,,,,,6.021518230438232,5.896676063537598,6.1755595207214355,2.569018840789795,6.330715179443359,9.311717987060547,9.66720962524414,5.360408782958984,3.5025224685668945,5.3798346519470215,,,,,,,,,,,,,,,,,,,,,,,,,,,,,,,,,,,,,,,,
10,2094,0.4052889049053192,0.22292187809944153,0.29769980907440186,0.4202251434326172,0.673691987991333,0.7750548124313354,0.1551348865032196,0.2270188331604004,0.4475366771221161,0.4283161461353302,6.840529441833496,4.130469799041748,6.237069129943848,7.07729959487915,8.990131378173828,10.298351287841797,5.698230266571045,4.52942419052124,6.075611591339111,8.528180122375488,,,,,,,,,,,8.64723014831543,5.226832866668701,7.861418724060059,9.011475563049316,11.74438762664795,14.267308235168457,6.445038318634033,5.619396686553955,7.679582595825195,9.96963882446289,,,,,,,,,,,,,,,,,,,,,,,,,,,,,,,,,,,,,,,,
10,2099,0.39658206701278687,0.1779090166091919,0.14813092350959778,0.2133484184741974,0.5035464763641357,0.3341403007507324,0.5532569289207458,0.4103272557258606,0.5245479345321655,0.7040315270423889,6.502933025360107,3.330164670944214,4.33492374420166,5.215128421783447,7.764848709106445,7.623505115509033,8.064372062683105,6.076386451721191,7.2523298263549805,8.864741325378418,,,,,,,,,,,8.553245544433594,4.6694016456604,5.5454206466674805,6.420954704284668,10.153585433959961,9.36785888671875,12.171223640441895,7.554815769195557,8.314112663269043,12.781835556030273,,,,,,,,,,,,,,,,,,,,,,,,,,,,,,,,,,,,,,,,
10,2104,0.3330616354942322,0.35150933265686035,0.0475388765335083,0.3352193236351013,0.5458563566207886,0.22248335182666779,0.3260444104671478,0.24258582293987274,0.4403385519981384,0.48597872257232666,6.430966854095459,5.418830394744873,2.7282490730285645,6.832004547119141,8.360650062561035,6.663688659667969,7.528951644897461,5.648523807525635,6.2437543869018555,8.454047203063965,,,,,,,,,,,7.7065110206604,6.563427448272705,3.141493082046509,8.048582077026367,10.571553230285645,7.644069194793701,9.343491554260254,5.808867454528809,7.617573261260986,10.619543075561523,,,,,,,,,,,,,,,,,,,,,,,,,,,,,,,,,,,,,,,,
10,2109,0.35258352756500244,0.178581103682518,0.42959868907928467,0.33474189043045044,0.24772989749908447,0.16495473682880402,0.20690308511257172,0.49950194358825684,0.8662797212600708,0.24496035277843475,6.640732288360596,3.71256947517395,8.04336929321289,6.699277400970459,6.362006187438965,5.595541954040527,6.438150882720947,6.986445903778076,9.690935134887695,6.238293170928955,,,,,,,,,,,7.763454914093018,4.678213119506836,9.443720817565918,8.042848587036133,7.121784687042236,6.582005977630615,7.443107604980469,8.335415840148926,10.684453964233398,7.539544105529785,,,,,,,,,,,,,,,,,,,,,,,,,,,,,,,,,,,,,,,,
10,2114,0.4272059500217438,0.42155522108078003,0.5989941358566284,0.7049979567527771,0.16574400663375854,0.49296456575393677,0.36810189485549927,0.4934799075126648,0.10972566902637482,0.489290326833725,7.018707752227783,5.67481803894043,9.84342098236084,7.397435188293457,4.637864112854004,9.28101921081543,8.490934371948242,6.341611385345459,2.4632058143615723,9.038058280944824,,,,,,,,,,,8.87621021270752,7.187693119049072,11.151233673095703,11.67209529876709,5.825303077697754,11.37846565246582,9.927842140197754,8.285017967224121,3.8025712966918945,10.65566349029541,,,,,,,,,,,,,,,,,,,,,,,,,,,,,,,,,,,,,,,,
10,2119,0.37670835852622986,0.27383682131767273,0.6293193101882935,0.477893203496933,0.3800213932991028,0.44316190481185913,0.18525229394435883,0.28597527742385864,0.3444961607456207,0.37041863799095154,6.540950775146484,4.67972993850708,9.137835502624512,6.638124465942383,6.441746234893799,8.010737419128418,5.439337253570557,5.105244159698486,5.285573959350586,8.130228042602539,,,,,,,,,,,8.42235279083252,5.793062210083008,11.430025100708008,9.609931945800781,8.820712089538574,10.788400650024414,7.042916774749756,6.30700159072876,6.737759113311768,9.271363258361816,,,,,,,,,,,,,,,,,,,,,,,,,,,,,,,,,,,,,,,,
10,2124,0.3707597553730011,0.4728531837463379,0.3951921761035919,0.4232124388217926,0.3168768882751465,0.18861664831638336,0.2403070479631424,0.4715651273727417,0.14096665382385254,0.687247633934021,6.607996463775635,5.9671783447265625,8.025712013244629,8.158185958862305,6.50565767288208,5.058504104614258,6.551781177520752,6.774046897888184,4.040887355804443,8.39001750946045,,,,,,,,,,,8.207277297973633,7.612466812133789,9.057656288146973,9.043449401855469,8.054617881774902,7.038269519805908,8.02147102355957,8.098965644836426,4.310041904449463,12.628560066223145,,,,,,,,,,,,,,,,,,,,,,,,,,,,,,,,,,,,,,,,
10,2129,0.5552358031272888,0.35494929552078247,0.37442436814308167,0.4424647092819214,0.5037773251533508,0.41114696860313416,0.25857290625572205,0.9399286508560181,1.4277572631835938,0.2841009795665741,7.944314002990723,5.575140476226807,6.468362808227539,8.787491798400879,8.792448997497559,8.375509262084961,6.42134952545166,9.712870597839355,10.853294372558594,6.512351989746094,,,,,,,,,,,9.64415168762207,6.595465183258057,8.816449165344238,9.246858596801758,10.155913352966309,10.39140796661377,8.320747375488281,11.434209823608398,13.716726303100586,8.119580268859863,,,,,,,,,,,,,,,,,,,,,,,,,,,,,,,,,,,,,,,,
10,2133,,,,,,,,,,,6.689555644989014,5.405967712402344,6.592011451721191,6.452341079711914,6.947075366973877,8.357036590576172,7.374902725219727,5.851783275604248,5.811553478240967,7.413332462310791,0.5634964108467102,0.5600957870483398,0.63035649061203,0.6259115934371948,0.5711854696273804,0.4755561351776123,0.5509257316589355,0.5685787200927734,0.5521813631057739,0.5366760492324829,8.809407234191895,7.153812408447266,8.626331329345703,8.4685697555542,9.188186645507812,11.051839828491211,9.881482124328613,7.653188705444336,7.587779998779297,9.673470497131348,0.498278945684433,0.5467408299446106,0.5546305179595947,0.37028059363365173,0.5717876553535461,0.5568649172782898,0.4656255841255188,0.43153446912765503,0.494434654712677,0.49261122941970825,7.238491535186768,5.70335578918457,7.3498311042785645,6.066757678985596,8.501715660095215,9.008745193481445,8.24494457244873,5.790710926055908,6.500606060028076,7.979757308959961,0.4555903971195221,0.43536537885665894,0.555255115032196,0.6107833981513977,0.3037880063056946,0.49632471799850464,0.5266308784484863,0.352506160736084,0.29946625232696533,0.5201935768127441,9.856717109680176,8.314727783203125,10.224468231201172,9.268282890319824,11.28927230834961,12.20198917388916,10.999038696289062,7.501842498779297,8.51119327545166,10.399630546569824
11,2134,0.45636096596717834,1.5285732746124268,0.46995246410369873,0.03228284791111946,0.2921193838119507,0.43438398838043213,0.15201766788959503,0.405058354139328,0.29437798261642456,0.4984827935695648,6.913293838500977,11.31307315826416,8.247580528259277,1.9267162084579468,6.271632194519043,8.408346176147461,5.597689628601074,5.363931655883789,5.761050224304199,9.329622268676758,,,,,,,,,,,8.371811866760254,13.686910629272461,9.87730884552002,2.4977030754089355,7.733566761016846,10.681020736694336,6.379958152770996,7.506155014038086,6.228392601013184,10.755293846130371,,,,,,,,,,,,,,,,,,,,,,,,,,,,,,,,,,,,,,,,
11,2139,0.35627156496047974,0.15246076881885529,0.0911954715847969,0.16955015063285828,0.19686317443847656,0.5255832076072693,0.3273175358772278,0.5955432057380676,0.8128128051757812,0.33511754870414734,6.128304481506348,3.1254892349243164,3.981290578842163,4.032051086425781,5.583166122436523,8.895052909851074,6.914767742156982,6.58819580078125,8.727606773376465,7.3071160316467285,,,,,,,,,,,7.791836261749268,4.3225626945495605,4.351092338562012,5.724056720733643,6.348657608032227,11.748883247375488,9.361715316772461,9.101550102233887,10.349480628967285,8.818521499633789,,,,,,,,,,,,,,,,,,,,,,,,,,,,,,,,,,,,,,,,
11,2144,0.48653432726860046,0.29266372323036194,0.34628793597221375,0.25309914350509644,0.3104335069656372,0.2294253408908844,0.1831950694322586,0.8222470283508301,1.6945403814315796,0.246916726231575,6.740664005279541,4.948931694030762,6.78402853012085,6.404881954193115,5.4365234375,5.557038307189941,5.740225791931152,7.68184757232666,11.738398551940918,6.37410306930542,,,,,,,,,,,8.600788116455078,5.988894939422607,8.478720664978027,6.993590354919434,7.9723052978515625,7.762409687042236,7.003702163696289,10.694485664367676,14.94339370727539,7.569591522216797,,,,,,,,,,,,,,,,,,,,,,,,,,,,,,,,,,,,,,,,
11,2149,0.4957408308982849,0.2540067732334137,0.18718063831329346,0.9682984352111816,0.3402305245399475,0.42377611994743347,0.4591553211212158,0.7315200567245483,0.9769641757011414,0.120535708963871,7.256521701812744,4.521332740783691,5.763472080230713,10.762961387634277,7.036092758178711,8.898909568786621,8.78723430633545,6.759081840515137,8.772920608520508,4.006686210632324,,,,,,,,,,,9.13317584991455,5.579367160797119,6.233646392822266,13.67916202545166,8.346151351928711,10.549797058105469,11.087933540344238,10.087227821350098,11.346517562866211,5.288774490356445,,,,,,,,,,,,,,,,,,,,,,,,,,,,,,,,,,,,,,,,
11,2154,0.5536243915557861,0.5022581219673157,0.44716203212738037,0.492427796125412,0.36818408966064453,0.33831459283828735,0.1739751696586609,1.0889819860458374,0.9750192165374756,0.5962964296340942,7.603294372558594,5.850992202758789,7.744261741638184,8.866077423095703,7.308698654174805,7.8160786628723145,5.811114311218262,8.218972206115723,6.724989414215088,10.088464736938477,,,,,,,,,,,9.730555534362793,7.845592975616455,9.634832382202148,9.754975318908691,8.682247161865234,9.426190376281738,6.8251848220825195,12.307477951049805,11.33521842956543,11.763276100158691,,,,,,,,,,,,,,,,,,,,,,,,,,,,,,,,,,,,,,,,
11,2159,0.21931937336921692,0.26503095030784607,0.1629716455936432,0.15700490772724152,0.2101249098777771,0.2854457497596741,0.13151073455810547,0.27730223536491394,0.19573211669921875,0.2887510061264038,5.243418216705322,4.751959800720215,3.543099880218506,5.01236629486084,4.935088157653809,7.434950828552246,4.600295543670654,5.5782599449157715,4.3444695472717285,6.990272521972656,,,,,,,,,,,6.405614376068115,5.699156284332275,5.816579818725586,5.508223056793213,6.559011459350586,8.65839958190918,5.93405294418335,6.210626602172852,5.078720569610596,8.185758590698242,,,,,,,,,,,,,,,,,,,,,,,,,,,,,,,,,,,,,,,,
11,2164,0.3677603304386139,0.2668001055717468,0.25285977125167847,0.3621244728565216,0.2498003989458084,0.34232670068740845,0.22155623137950897,0.5259613990783691,0.7579626441001892,0.33045145869255066,6.812732696533203,4.6442179679870605,6.736785888671875,7.861076354980469,5.597921371459961,8.214655876159668,5.832075119018555,7.150439262390137,8.076916694641113,7.200507164001465,,,,,,,,,,,8.107634544372559,5.718146800994873,7.245218753814697,8.365344047546387,7.151484966278076,9.481918334960938,7.7021636962890625,8.553338050842285,9.994180679321289,8.756913185119629,,,,,,,,,,,,,,,,,,,,,,,,,,,,,,,,,,,,,,,,
11,2169,0.25012242794036865,0.33662092685699463,0.09122442454099655,0.04812626540660858,0.2997854948043823,0.3195846974849701,0.1792553812265396,0.13339602947235107,0.03802028298377991,0.8050882816314697,4.975074291229248,5.124416351318359,4.039349555969238,2.508153200149536,5.838691711425781,7.780642986297607,5.73184871673584,3.74995493888855,1.827603816986084,8.175006866455078,,,,,,,,,,,6.440288543701172,6.422924518585205,4.351782321929932,3.04962158203125,7.834385871887207,9.161547660827637,6.927984237670898,4.307548522949219,2.238365411758423,13.668438911437988,,,,,,,,,,,,,,,,,,,,,,,,,,,,,,,,,,,,,,,,
11,2174,0.36082354187965393,0.3298923671245575,0.2814750671386719,0.4313114583492279,0.33278363943099976,0.48292869329452515,0.3880910277366638,0.3325473666191101,0.2233472764492035,0.44503501057624817,6.229025840759277,4.48741340637207,5.134835243225098,6.943339824676514,5.576054096221924,8.626599311828613,7.058526992797852,5.48148250579834,4.642352104187012,8.11063289642334,,,,,,,,,,,8.359009742736816,6.358407497406006,7.644192218780518,9.129571914672852,8.25430679321289,11.26204776763916,10.193835258483887,6.801198959350586,5.425173282623291,10.162353515625,,,,,,,,,,,,,,,,,,,,,,,,,,,,,,,,,,,,,,,,
11,2179,0.32851114869117737,0.4099918603897095,0.2535300850868225,0.13760481774806976,0.37229928374290466,0.29564186930656433,0.42321792244911194,0.49542683362960815,0.14000169932842255,0.4288860261440277,6.315871238708496,5.652956008911133,5.986605167388916,4.10368537902832,7.393709659576416,7.667550563812256,9.006314277648926,6.60184383392334,3.7152411937713623,6.714935779571533,,,,,,,,,,,7.806700706481934,7.088427543640137,7.254816055297852,5.156697750091553,8.730633735656738,8.81168270111084,10.645174980163574,8.301345825195312,4.295264720916748,9.976269721984863,,,,,,,,,,,,,,,,,,,,,,,,,,,,,,,,,,,,,,,,
11,2184,0.3905658721923828,1.4960074424743652,0.08575798571109772,0.3069692552089691,0.21473746001720428,0.5803494453430176,0.3387514054775238,0.08340854197740555,0.1549021154642105,0.25420916080474854,5.866965293884277,10.227692604064941,3.6335253715515137,6.033988952636719,4.4874701499938965,8.46475601196289,8.066849708557129,2.43261981010437,3.6954071521759033,5.760378360748291,,,,,,,,,,,7.729637145996094,13.540328025817871,4.2193827629089355,7.70197868347168,6.630610942840576,12.345840454101562,9.523823738098145,3.406151533126831,4.518059730529785,7.680558204650879,,,,,,,,,,,,,,,,,,,,,,,,,,,,,,,,,,,,,,,,
11,2189,0.4487651288509369,0.4192909002304077,0.45050036907196045,0.40942516922950745,0.6881440281867981,0.7019745111465454,0.5465494394302368,0.14983081817626953,0.17732791602611542,0.49584293365478516,6.855170249938965,5.9123759269714355,5.668205261230469,7.4627203941345215,8.390962600708008,8.477307319641113,8.51176643371582,3.9944674968719482,4.717490196228027,8.561235427856445,,,,,,,,,,,9.267219543457031,7.168363094329834,9.670729637145996,8.894922256469727,11.869688034057617,13.578022956848145,12.097219467163086,4.565194606781006,4.834057807922363,10.726778030395508,,,,,,,,,,,,,,,,,,,,,,,,,,,,,,,,,,,,,,,,
11,2194,0.6341075897216797,0.3916156589984894,1.202578067779541,0.9370595812797546,0.8221513628959656,0.4005134105682373,0.37163448333740234,0.462441086769104,0.49134957790374756,0.6276249885559082,8.414076805114746,5.06919527053833,13.844856262207031,10.603180885314941,9.538948059082031,8.638962745666504,7.11231803894043,6.101794242858887,6.030248641967773,8.787187576293945,,,,,,,,,,,10.836188316345215,6.927751541137695,15.800408363342285,13.456697463989258,12.97404956817627,10.256150245666504,9.975364685058594,8.020232200622559,8.046713829040527,12.068333625793457,,,,,,,,,,,,,,,,,,,,,,,,,,,,,,,,,,,,,,,,
11,2199,0.6596370935440063,0.3202037215232849,0.34301483631134033,0.6473386883735657,0.9306758642196655,0.41482341289520264,0.44719889760017395,0.2986951768398285,1.8685613870620728,0.6662216782569885,8.229334831237793,4.914799213409424,7.331137657165527,8.717727661132812,8.880791664123535,8.53279972076416,8.803369522094727,4.635729789733887,11.836977005004883,10.410677909851074,,,,,,,,,,,10.627029418945312,6.264341831207275,8.438554763793945,11.184606552124023,13.803808212280273,10.437763214111328,10.942615509033203,6.445740699768066,15.6919527053833,12.433877944946289,,,,,,,,,,,,,,,,,,,,,,,,,,,,,,,,,,,,,,,,
11,2204,0.41295546293258667,0.5237065553665161,0.11879445612430573,0.011008401401340961,0.8113470077514648,0.7194840312004089,0.4462190270423889,0.0020821362268179655,0.44020959734916687,0.671002209186554,6.625666618347168,6.798753261566162,3.806772232055664,1.427823543548584,10.53783893585205,11.952634811401367,7.830420970916748,0.4362640380859375,5.719035625457764,10.214824676513672,,,,,,,,,,,8.12724494934082,8.011361122131348,4.966034412384033,1.4585351943969727,12.888517379760742,13.746319770812988,10.930621147155762,0.5381625890731812,7.616456985473633,12.478408813476562,,,,,,,,,,,,,,,,,,,,,,,,,,,,,,,,,,,,,,,,
11,2209,0.49386587738990784,0.36289235949516296,0.6993497014045715,0.8792299628257751,0.49266332387924194,0.6593017578125,0.2491091787815094,0.5958271026611328,0.19797924160957336,0.30844035744667053,7.404407024383545,4.220431327819824,8.554183959960938,9.01928997039795,8.479532241821289,11.110751152038574,6.741434574127197,7.43593168258667,4.366412162780762,6.711690425872803,,,,,,,,,,,9.532649993896484,6.668853282928467,12.049217224121094,13.034852981567383,10.043261528015137,13.15885066986084,8.167057991027832,9.103719711303711,5.107790946960449,8.460241317749023,,,,,,,,,,,,,,,,,,,,,,,,,,,,,,,,,,,,,,,,
11,2214,0.40194571018218994,0.37917301058769226,0.43012088537216187,0.5194604396820068,0.2875896394252777,0.4334782361984253,0.2526293694972992,0.5608235001564026,0.24302826821804047,0.5112078189849854,7.393999099731445,5.442540645599365,7.470127582550049,8.544363021850586,6.467187881469727,9.709236145019531,6.2380757331848145,7.957499027252197,5.425513744354248,9.291449546813965,,,,,,,,,,,8.692928314208984,6.816806793212891,9.449458122253418,10.019155502319336,7.673372745513916,10.669879913330078,8.224560737609863,8.832259178161621,5.659156322479248,10.891706466674805,,,,,,,,,,,,,,,,,,,,,,,,,,,,,,,,,,,,,,,,
11,2219,0.7051588892936707,0.5665125250816345,0.6044731140136719,0.6538113951683044,1.4528114795684814,1.15452241897583,0.7448419332504272,0.1492285579442978,0.5008506774902344,0.5193779468536377,9.34018611907959,6.163825988769531,8.272372245788574,9.671287536621094,14.082430839538574,14.406636238098145,11.443479537963867,3.6971590518951416,7.704590320587158,8.619891166687012,,,,,,,,,,,11.468375205993652,8.332341194152832,11.202117919921875,11.240384101867676,17.246631622314453,17.413137435913086,14.12221622467041,4.5560102462768555,8.124139785766602,10.97839641571045,,,,,,,,,,,,,,,,,,,,,,,,,,,,,,,,,,,,,,,,
11,2224,0.39899057149887085,0.2267536222934723,0.2653341293334961,0.8354071378707886,0.4598495662212372,0.3394266366958618,0.6107543706893921,0.3263762891292572,0.1723833829164505,0.35463011264801025,6.649940490722656,4.880987644195557,6.21988582611084,9.376317977905273,6.502579212188721,6.577873229980469,10.150585174560547,5.097064018249512,3.7096190452575684,7.334552764892578,,,,,,,,,,,8.656394958496094,5.2715630531311035,7.421782970428467,12.705856323242188,9.703033447265625,9.441671371459961,12.788042068481445,6.73779821395874,4.766185760498047,9.071622848510742,,,,,,,,,,,,,,,,,,,,,,,,,,,,,,,,,,,,,,,,
11,2229,0.3150569200515747,0.7415533065795898,0.06068451330065727,0.19080789387226105,0.36252665519714355,0.21719154715538025,0.2681710720062256,0.2969536781311035,0.35531291365623474,0.34231048822402954,5.740811824798584,6.134065628051758,2.7929141521453857,5.076406955718994,6.408716201782227,6.248078346252441,5.770279884338379,5.641259670257568,6.062397003173828,7.5331902503967285,,,,,,,,,,,7.330969333648682,9.533084869384766,3.5493648052215576,6.0722975730896,8.61528491973877,7.552614688873291,8.473771095275879,6.42692232131958,6.842720031738281,8.912659645080566,,,,,,,,,,,,,,,,,,,,,,,,,,,,,,,,,,,,,,,,
11,2234,0.5054175853729248,0.18588517606258392,0.22571970522403717,0.4153814911842346,0.8443204164505005,0.5773608684539795,0.3705812096595764,0.9664568901062012,0.6271952986717224,0.3358570337295532,7.679625034332275,3.912358283996582,5.867247581481934,8.381925582885742,9.298417091369629,9.646929740905762,8.301299095153809,10.209989547729492,6.46679162979126,7.031670570373535,,,,,,,,,,,9.501630783081055,4.772925853729248,6.845361709594727,8.959390640258789,13.147806167602539,12.314009666442871,9.961219787597656,11.59444522857666,9.091272354125977,8.828245162963867,,,,,,,,,,,,,,,,,,,,,,,,,,,,,,,,,,,,,,,,
11,2239,0.2669869661331177,0.12719407677650452,0.15693148970603943,0.06715770065784454,0.10908416658639908,0.2484375536441803,0.1888948231935501,0.07328744977712631,0.736544132232666,0.6953510046005249,5.20930814743042,3.1602413654327393,4.513055324554443,2.413848400115967,3.805325508117676,7.03900146484375,5.304644584655762,2.826357841491699,7.263393402099609,10.557905197143555,,,,,,,,,,,6.546813011169434,3.9481685161590576,5.707773208618164,3.6024911403656006,4.725856304168701,8.07763957977295,7.111821174621582,3.1928131580352783,9.851960182189941,12.702794075012207,,,,,,,,,,,,,,,,,,,,,,,,,,,,,,,,,,,,,,,,
11,2244,0.38764312863349915,0.3523937165737152,0.09267459809780121,0.3668418228626251,0.456541508436203,0.19705349206924438,0.15248115360736847,0.38561034202575684,1.2702152729034424,0.21497614681720734,6.050081729888916,4.165513038635254,4.132595539093018,6.9779839515686035,8.007000923156738,5.9183735847473145,4.93218994140625,5.383647441864014,9.970267295837402,4.963165760040283,,,,,,,,,,,7.772657871246338,6.57167911529541,4.38623571395874,8.419655799865723,9.668069839477539,7.193958759307861,6.389676570892334,7.323742866516113,12.937844276428223,7.063050746917725,,,,,,,,,,,,,,,,,,,,,,,,,,,,,,,,,,,,,,,,
11,2249,0.28674009442329407,0.47267916798591614,0.21329253911972046,0.24831944704055786,0.20072130858898163,0.23981766402721405,0.33492177724838257,0.5247589349746704,0.11437474191188812,0.23177506029605865,5.684842109680176,5.300349712371826,5.390200138092041,6.560110092163086,4.712093353271484,6.3857574462890625,6.618588924407959,7.780296802520752,3.0499584674835205,5.366220951080322,,,,,,,,,,,7.196545124053955,7.611065864562988,6.6542558670043945,6.927239894866943,6.4105658531188965,7.936270236968994,9.469836235046387,8.54355525970459,3.882293462753296,7.33382511138916,,,,,,,,,,,,,,,,,,,,,,,,,,,,,,,,,,,,,,,,
11,2254,0.3286045789718628,0.8507795333862305,0.12432458251714706,0.357391357421875,0.20833338797092438,0.3723721504211426,0.3152218759059906,0.2306474894285202,0.08882693946361542,0.4095437526702881,6.125242233276367,7.900080680847168,4.018083095550537,6.081009864807129,5.717652320861816,8.472676277160645,7.338834762573242,5.16655969619751,2.9732253551483154,7.459055423736572,,,,,,,,,,,7.560379981994629,10.211058616638184,5.0803093910217285,8.310495376586914,6.530991077423096,9.889274597167969,9.187110900878906,5.664128303527832,3.421334981918335,9.7487154006958,,,,,,,,,,,,,,,,,,,,,,,,,,,,,,,,,,,,,,,,
11,2259,0.7642536163330078,0.35559794306755066,0.3226921260356903,0.3559029698371887,0.4635993540287018,0.3874414563179016,0.3980599343776703,1.1779729127883911,3.230896234512329,0.18611985445022583,9.116579055786133,5.783886432647705,6.776196479797363,7.649460315704346,7.598667144775391,7.752866268157959,7.991017818450928,11.73790168762207,20.634065628051758,6.125151634216309,,,,,,,,,,,10.359971046447754,6.6014885902404785,8.184757232666016,8.293171882629395,9.742513656616211,10.08739185333252,10.323927879333496,12.800484657287598,20.634065628051758,6.571939468383789,,,,,,,,,,,,,,,,,,,,,,,,,,,,,,,,,,,,,,,,
11,2264,0.5260634422302246,0.6873011589050293,0.21712534129619598,0.28101035952568054,0.3365289866924286,1.3512414693832397,0.5852423906326294,0.4426080584526062,0.453918993473053,0.37959417700767517,7.52531623840332,7.631192207336426,6.200239181518555,6.062173366546631,6.646319389343262,12.184066772460938,9.175444602966309,6.29482889175415,6.737414360046387,6.7961602210998535,,,,,,,,,,,9.764857292175293,9.177742004394531,6.713777542114258,7.36912727355957,8.300626754760742,18.838327407836914,12.518106460571289,7.846362590789795,7.734148025512695,9.385490417480469,,,,,,,,,,,,,,,,,,,,,,,,,,,,,,,,,,,,,,,,
11,2269,0.41975539922714233,0.3548715114593506,0.3662409484386444,0.4529009759426117,0.4629185199737549,0.3840670585632324,0.36474180221557617,0.3290473222732544,0.6416243314743042,0.42138585448265076,7.183520793914795,5.7176947593688965,6.717555522918701,7.613898277282715,7.063665390014648,7.433701515197754,7.828868389129639,6.560111999511719,6.990688800811768,8.725502967834473,,,,,,,,,,,8.90888500213623,6.594742298126221,8.719571113586426,9.355274200439453,9.735357284545898,10.043368339538574,9.882425308227539,6.765313625335693,9.195253372192383,9.888653755187988,,,,,,,,,,,,,,,,,,,,,,,,,,,,,,,,,,,,,,,,
11,2274,0.41730043292045593,0.30797263979911804,0.30508700013160706,0.3818003833293915,0.520110011100769,0.3769020736217499,0.4910754859447479,0.7405161261558533,0.37866005301475525,0.25357985496520996,6.9217705726623535,4.836647987365723,6.62169885635376,6.110676288604736,7.554717540740967,7.827945709228516,8.88939094543457,9.339059829711914,5.987495422363281,5.128302097320557,,,,,,,,,,,8.812322616577148,6.143535137176514,7.958359241485596,8.589603424072266,10.319229125976562,9.94924545288086,11.46687126159668,10.149063110351562,7.0639567375183105,7.671045303344727,,,,,,,,,,,,,,,,,,,,,,,,,,,,,,,,,,,,,,,,
11,2279,0.5279434323310852,0.4664665460586548,0.3073580265045166,0.591159462928772,0.7026240825653076,0.9647713899612427,0.348308265209198,0.2663642466068268,0.45721524953842163,0.6472236514091492,8.174209594726562,6.490990161895752,6.750983238220215,8.817183494567871,9.64681339263916,12.05205249786377,7.31157922744751,5.374217987060547,6.459751129150391,10.664308547973633,,,,,,,,,,,9.990067481994629,7.560882568359375,7.987924098968506,10.688264846801758,11.99392032623291,15.917984962463379,9.657232284545898,6.086907863616943,7.762178897857666,12.255311965942383,,,,,,,,,,,,,,,,,,,,,,,,,,,,,,,,,,,,,,,,
11,2284,0.30365684628486633,0.48709407448768616,0.3067227602005005,0.3246558904647827,0.22127938270568848,0.4270039200782776,0.4858454465866089,0.12227325141429901,0.22302334010601044,0.13501347601413727,6.040234565734863,5.100865840911865,6.690767765045166,6.6960768699646,5.584360122680664,8.539770126342773,9.111282348632812,2.949934959411621,4.762097358703613,4.9269561767578125,,,,,,,,,,,7.499527931213379,7.7262492179870605,7.9796648025512695,7.920754432678223,6.730854034423828,10.589898109436035,11.405645370483398,4.124054908752441,5.421237945556641,5.597392559051514,,,,,,,,,,,,,,,,,,,,,,,,,,,,,,,,,,,,,,,,
11,2289,0.602142870426178,0.5998568534851074,1.0163332223892212,0.8910703063011169,0.22992512583732605,0.5432942509651184,0.3379117548465729,0.7770038843154907,0.7367123961448669,0.2871776223182678,8.2382230758667,7.28057861328125,12.367422103881836,10.253793716430664,5.515010356903076,9.50177001953125,7.909452438354492,7.599820137023926,8.060223579406738,5.655930995941162,,,,,,,,,,,10.328083038330078,8.574051856994629,14.5254545211792,13.122328758239746,6.861086368560791,11.945199012756348,9.51201343536377,10.396096229553223,9.8530855178833,8.163426399230957,,,,,,,,,,,,,,,,,,,,,,,,,,,,,,,,,,,,,,,,
11,2294,0.3807653784751892,0.3491899073123932,0.03128219395875931,0.03234220668673515,0.6416407823562622,0.901753306388855,0.35613733530044556,0.42167600989341736,0.19457773864269257,0.49828892946243286,5.9891357421875,5.93727970123291,2.004424571990967,2.1403629779815674,8.4517240524292,11.118906021118164,6.690646171569824,5.520840644836426,4.4504780769348145,7.587562084197998,,,,,,,,,,,7.964633464813232,6.5417375564575195,2.548356771469116,2.499998092651367,11.461609840393066,15.38932991027832,9.765164375305176,7.658579349517822,5.063722133636475,10.753202438354492,,,,,,,,,,,,,,,,,,,,,,,,,,,,,,,,,,,,,,,,
11,2299,0.38594475388526917,0.3965604603290558,0.2352672666311264,0.32008346915245056,0.3667623698711395,0.643483579158783,0.4294227957725525,0.34960898756980896,0.4009332060813904,0.33138057589530945,6.74158239364624,4.9733662605285645,6.895172119140625,6.655653953552246,6.538004398345947,8.772775650024414,8.019452095031738,6.568857669830322,5.7631025314331055,6.487853050231934,,,,,,,,,,,8.58051586151123,6.971351623535156,6.988635540008545,7.8647780418396,8.665468215942383,13.00003719329834,10.722928047180176,6.97348690032959,7.268742561340332,8.769214630126953,,,,,,,,,,,,,,,,,,,,,,,,,,,,,,,,,,,,,,,,
11,2304,0.4745727777481079,0.35564422607421875,0.7178681492805481,0.39171263575553894,0.9136307239532471,0.37741386890411377,0.18470047414302826,0.18845799565315247,0.9682955741882324,0.17343124747276306,7.461616516113281,5.250891208648682,10.9827299118042,8.110557556152344,10.369649887084961,7.695957660675049,5.7354865074157715,4.798247337341309,9.356647491455078,4.854381561279297,,,,,,,,,,,8.992803573608398,6.6019182205200195,12.207704544067383,8.70038890838623,13.6768159866333,9.955997467041016,7.032419681549072,5.119953632354736,11.296067237854004,6.343966007232666,,,,,,,,,,,,,,,,,,,,,,,,,,,,,,,,,,,,,,,,
11,2309,0.2648579180240631,0.24335935711860657,0.1675531566143036,0.24601013958454132,0.09803295880556107,0.5652289390563965,0.346630334854126,0.25625014305114746,0.2077580988407135,0.2528979480266571,5.281074523925781,4.140096187591553,4.785998821258545,4.905343532562256,3.912109375,8.516413688659668,6.50148344039917,5.321010112762451,3.7852649688720703,5.661952972412109,,,,,,,,,,,7.046138286590576,5.461177349090576,5.897772312164307,6.894954681396484,4.480079174041748,12.183948516845703,9.633943557739258,5.970226287841797,5.232416152954102,7.66072416305542,,,,,,,,,,,,,,,,,,,,,,,,,,,,,,,,,,,,,,,,
11,2314,0.6118346452713013,0.5814377069473267,0.772800862789154,0.3316360116004944,0.5905590057373047,0.46802061796188354,0.4038402736186981,0.48360446095466614,1.3981298208236694,0.47648271918296814,8.565897941589355,6.153671741485596,9.554160118103027,7.785786151885986,8.685471534729004,8.460186958312988,7.335616588592529,7.875926971435547,12.370509147644043,8.871750831604004,,,,,,,,,,,10.431671142578125,8.441388130187988,12.666175842285156,8.005450248718262,10.995912551879883,11.086854934692383,10.398618698120117,8.201700210571289,13.573660850524902,10.515278816223145,,,,,,,,,,,,,,,,,,,,,,,,,,,,,,,,,,,,,,,,
11,2319,0.38739442825317383,0.24062146246433258,0.5269497036933899,0.774939239025116,0.1967313587665558,0.3267963230609894,0.1953250914812088,0.40203583240509033,0.3554143011569977,0.4677363932132721,6.607649803161621,4.188842296600342,8.512964248657227,8.509645462036133,5.313960075378418,6.581355571746826,5.510087490081787,6.3281965255737305,5.946004390716553,8.57779312133789,,,,,,,,,,,8.412193298339844,5.430370330810547,10.459145545959473,12.237385749816895,6.346531391143799,9.264338493347168,7.231856346130371,7.478097438812256,6.843696594238281,10.418322563171387,,,,,,,,,,,,,,,,,,,,,,,,,,,,,,,,,,,,,,,,
11,2324,0.33196839690208435,0.2212197333574295,0.5428304076194763,0.2268359512090683,0.5719723105430603,0.3242955803871155,0.27762651443481445,0.20317918062210083,0.12824644148349762,0.4915093779563904,6.511768341064453,3.8698930740356445,10.312606811523438,5.873145580291748,6.618797302246094,7.9286651611328125,7.2393798828125,5.042325496673584,3.32269549369812,8.398407936096191,,,,,,,,,,,7.913594722747803,5.206839561462402,10.615580558776855,6.620805740356445,10.821491241455078,9.2288236618042,8.621866226196289,5.316163539886475,4.110985279083252,10.679800987243652,,,,,,,,,,,,,,,,,,,,,,,,,,,,,,,,,,,,,,,,
11,2327,,,,,,,,,,,6.640833377838135,5.4785685539245605,6.421988487243652,6.300769329071045,6.815611362457275,8.274296760559082,7.280143737792969,5.829112529754639,5.857889175415039,7.509119987487793,0.5724374055862427,0.5512351989746094,0.6477464437484741,0.6489427089691162,0.5763675570487976,0.4882524609565735,0.5702688694000244,0.5835413932800293,0.5534021854400635,0.5321799516677856,8.709256172180176,7.225498199462891,8.420971870422363,8.203740119934082,9.132499694824219,10.917243003845215,9.666325569152832,7.51930046081543,7.577431678771973,9.720291137695312,0.5467531085014343,0.609581470489502,0.659824013710022,0.3705906569957733,0.6615172028541565,0.5826515555381775,0.4965018630027771,0.46715179085731506,0.5672096014022827,0.5057500600814819,7.630784034729004,6.236332893371582,8.545938491821289,6.259230136871338,9.087072372436523,9.239295959472656,8.559473037719727,5.9105753898620605,6.783412933349609,8.055723190307617,0.40429720282554626,0.36405080556869507,0.4459758996963501,0.6098543405532837,0.19355827569961548,0.4720550775527954,0.4940555691719055,0.3277982473373413,0.22535568475723267,0.5059709548950195,10.297270774841309,8.824203491210938,11.411680221557617,9.279337882995605,12.150150299072266,12.492507934570312,11.371196746826172,7.643634796142578,8.95008373260498,10.552640914916992
12,2329,0.3129771053791046,0.3649078607559204,0.24451944231987,0.2711728513240814,0.3612869679927826,0.33006763458251953,0.20185217261314392,0.3658449351787567,0.43241992592811584,0.24472200870513916,6.27787971496582,5.9537835121154785,5.683495998382568,6.084874629974365,7.127870082855225,6.719391822814941,6.0947794914245605,6.460467338562012,6.398773670196533,5.977482318878174,,,,,,,,,,,7.61467981338501,6.687347412109375,7.124729156494141,7.23898983001709,8.600541114807129,9.310592651367188,7.351695537567139,7.133574962615967,7.548768520355225,7.5358757972717285,,,,,,,,,,,,,,,,,,,,,,,,,,,,,,,,,,,,,,,,
12,2334,0.30748531222343445,0.6879516243934631,0.30279266834259033,0.09952878206968307,0.3563977777957916,0.4035434126853943,0.29070815443992615,0.11486461758613586,0.22003188729286194,0.2915489077568054,5.807894706726074,6.276573657989502,5.463771820068359,3.7135536670684814,6.881976127624512,8.453486442565918,6.42692756652832,3.160881280899048,4.6003193855285645,7.2935638427734375,,,,,,,,,,,7.41810941696167,9.182083129882812,7.928377628326416,4.385601997375488,8.54214859008789,10.294873237609863,8.822657585144043,3.9971628189086914,5.384757041931152,8.225321769714355,,,,,,,,,,,,,,,,,,,,,,,,,,,,,,,,,,,,,,,,
12,2339,0.3503701388835907,0.7312021851539612,0.023569069802761078,0.44073212146759033,0.2316628247499466,0.3152386546134949,0.20472446084022522,0.41628190875053406,0.5374773740768433,0.2524424195289612,5.244954586029053,5.383055686950684,2.0687153339385986,6.725799560546875,4.841022968292236,5.885439395904541,5.031489372253418,5.282977104187012,5.7621169090271,6.223977088928223,,,,,,,,,,,7.552896976470947,9.466316223144531,2.2119882106781006,9.228736877441406,6.886964321136475,9.099040031433105,7.403817176818848,7.609436988830566,8.41595458984375,7.65382194519043,,,,,,,,,,,,,,,,,,,,,,,,,,,,,,,,,,,,,,,,
12,2344,0.48483404517173767,0.7948299646377563,0.26303350925445557,0.5126765966415405,0.4165814518928528,0.6246700286865234,0.2731063961982727,1.1074286699295044,0.08718744665384293,0.28399237990379333,7.487340450286865,7.9016289710998535,6.38602876663208,9.546723365783691,7.3404741287231445,10.16901683807373,7.382803916931152,8.874833106994629,2.533025026321411,7.251521587371826,,,,,,,,,,,9.080758094787598,9.869596481323242,7.389536380767822,9.95351791381836,9.235270500183105,12.808586120605469,8.551390647888184,12.41128158569336,3.3896138668060303,8.11802864074707,,,,,,,,,,,,,,,,,,,,,,,,,,,,,,,,,,,,,,,,
12,2349,0.4347221255302429,0.615364670753479,0.26819944381713867,0.2334572672843933,0.6365035772323608,0.4089893102645874,0.3231140673160553,0.6962617635726929,0.2698068916797638,0.4608023762702942,6.754573822021484,6.5503692626953125,4.929956912994385,4.981300354003906,7.670616626739502,8.405940055847168,7.600700378417969,8.570308685302734,5.162608623504639,6.919361591339111,,,,,,,,,,,8.898727416992188,8.684173583984375,7.461748123168945,6.716740131378174,11.415635108947754,10.364106178283691,9.301408767700195,9.841131210327148,5.962793827056885,10.34080982208252,,,,,,,,,,,,,,,,,,,,,,,,,,,,,,,,,,,,,,,,
12,2354,0.3126191198825836,0.5432364344596863,0.30378758907318115,0.11423223465681076,0.7421395182609558,0.27555051445961,0.20984120666980743,0.29330894351005554,0.12009395658969879,0.21138164401054382,5.563884258270264,6.358118534088135,5.575889587402344,3.78914213180542,7.388852596282959,7.110272407531738,6.248529434204102,5.257464408874512,3.317574977874756,5.029115676879883,,,,,,,,,,,7.388643741607666,8.159371376037598,7.941392421722412,4.698391437530518,12.326576232910156,8.507000923156738,7.495769023895264,6.387359619140625,3.978174924850464,7.003753662109375,,,,,,,,,,,,,,,,,,,,,,,,,,,,,,,,,,,,,,,,
12,2359,0.3470359742641449,0.5904690027236938,0.27938729524612427,0.26263025403022766,0.13962166011333466,0.5689302682876587,0.4335273504257202,0.31916284561157227,0.2770819067955017,0.2525131106376648,6.646917819976807,6.903001308441162,6.448737144470215,6.4788947105407715,4.345757961273193,9.729310035705566,8.565597534179688,5.950308322906494,4.964444637298584,6.436208248138428,,,,,,,,,,,7.994601726531982,8.506693840026855,7.615789890289307,7.1240553855896,5.346579551696777,12.223775863647461,10.774051666259766,6.662924289703369,6.042649269104004,7.654892921447754,,,,,,,,,,,,,,,,,,,,,,,,,,,,,,,,,,,,,,,,
12,2364,0.5255825519561768,1.0595037937164307,0.7383323311805725,0.3757743239402771,0.31821781396865845,0.34030845761299133,0.3045107424259186,0.6140763759613037,0.6463627219200134,0.33315610885620117,7.58228063583374,8.447065353393555,11.17103099822998,6.667168140411377,6.827667236328125,7.139344215393066,6.592998504638672,6.5081610679626465,8.505369186401367,6.381718635559082,,,,,,,,,,,9.568461418151855,11.394978523254395,12.380483627319336,8.521546363830566,8.07164192199707,9.453926086425781,9.029675483703613,9.242083549499512,9.229145050048828,8.79267692565918,,,,,,,,,,,,,,,,,,,,,,,,,,,,,,,,,,,,,,,,
12,2369,0.5916410088539124,0.2554241120815277,0.36532503366470337,0.7188610434532166,0.4056066870689392,1.4558210372924805,0.5566208362579346,0.2999677062034607,0.9751965403556824,0.2919458746910095,8.45006275177002,4.955580711364746,7.5664381980896,10.549240112304688,7.125502586364746,14.39939022064209,9.364313125610352,4.964962482452393,10.828649520874023,6.296479225158691,,,,,,,,,,,10.332356452941895,5.594911575317383,8.708660125732422,11.786296844482422,9.112807273864746,19.553741455078125,12.208168983459473,6.459456920623779,11.336248397827148,8.23091983795166,,,,,,,,,,,,,,,,,,,,,,,,,,,,,,,,,,,,,,,,
12,2374,0.2810156047344208,0.20773378014564514,0.4068923890590668,0.5742253661155701,0.3568330407142639,0.2696460783481598,0.35010549426078796,0.09468832612037659,0.021045386791229248,0.24797071516513824,5.488322734832764,3.8706419467926025,7.656300067901611,6.645042419433594,6.837669849395752,6.336219310760498,7.745306015014648,3.1097843647003174,1.443998098373413,5.749944686889648,,,,,,,,,,,7.143948078155518,5.045634746551514,9.190760612487793,10.534066200256348,8.54736328125,8.415364265441895,9.68211555480957,3.629166841506958,1.6653354167938232,7.585729598999023,,,,,,,,,,,,,,,,,,,,,,,,,,,,,,,,,,,,,,,,
12,2379,0.3208754360675812,0.22372250258922577,0.13290554285049438,0.6099022030830383,0.3163711130619049,0.5720750093460083,0.19864055514335632,0.22020569443702698,0.11291486769914627,0.5011411905288696,6.355460166931152,4.117496967315674,4.363431453704834,8.661686897277832,7.1009135246276855,9.752620697021484,5.935055732727051,4.373836517333984,3.2161412239074707,9.67795467376709,,,,,,,,,,,7.6799750328063965,5.236210823059082,5.252707004547119,10.856377601623535,8.048187255859375,12.257512092590332,7.292975425720215,5.534430980682373,3.8574368953704834,10.783934593200684,,,,,,,,,,,,,,,,,,,,,,,,,,,,,,,,,,,,,,,,
12,2384,0.40547847747802734,0.2972027659416199,0.20289933681488037,0.20935779809951782,0.3700443208217621,0.7240433096885681,0.6109517812728882,0.4401642084121704,0.2993814945220947,0.4952613413333893,6.626162052154541,4.662898540496826,4.472666263580322,4.107220649719238,6.83618688583374,10.613227844238281,8.356404304504395,5.9845099449157715,5.43693208694458,9.16541576385498,,,,,,,,,,,8.77735710144043,6.035159111022949,6.490109443664551,6.360620021820068,8.704153060913086,13.789806365966797,12.790109634399414,7.824671268463135,6.281100749969482,10.720484733581543,,,,,,,,,,,,,,,,,,,,,,,,,,,,,,,,,,,,,,,,
12,2389,0.6189482808113098,0.33673790097236633,1.1957294940948486,0.2179887592792511,0.4091012477874756,1.0610536336898804,0.5228556394577026,0.9731903672218323,0.36240729689598083,0.4914708137512207,8.283609390258789,4.824385643005371,10.504057884216309,5.965668201446533,6.941122531890869,13.131571769714355,8.570674896240234,9.720816612243652,5.751262664794922,9.142923355102539,,,,,,,,,,,10.619123458862305,6.424040794372559,15.755352973937988,6.490407466888428,9.15198040008545,16.693389892578125,11.832096099853516,11.634765625,6.9106950759887695,10.679381370544434,,,,,,,,,,,,,,,,,,,,,,,,,,,,,,,,,,,,,,,,
12,2394,0.3064781129360199,0.5986582636833191,0.22416405379772186,0.1298336237668991,0.6367121934890747,0.3852885365486145,0.21216467022895813,0.18125060200691223,0.16021209955215454,0.23001880943775177,6.075331211090088,6.631239414215088,5.9378743171691895,4.653487682342529,8.778993606567383,9.105609893798828,5.760635852813721,4.4034271240234375,3.5403687953948975,5.866346836090088,,,,,,,,,,,7.370232582092285,8.56548023223877,6.821732044219971,5.008970260620117,11.417505264282227,10.059327125549316,7.537152290344238,5.021095275878906,4.594845771789551,7.3059868812561035,,,,,,,,,,,,,,,,,,,,,,,,,,,,,,,,,,,,,,,,
12,2399,0.2944418489933014,0.22476334869861603,0.5009534358978271,0.07282441109418869,0.30279338359832764,0.436109334230423,0.28557607531547546,0.1825503557920456,0.2439929097890854,0.4004136025905609,6.098491191864014,4.15096378326416,7.758904457092285,3.399651288986206,6.84583854675293,9.49924087524414,6.511691570281982,4.579960823059082,5.1170477867126465,7.0231194496154785,,,,,,,,,,,7.429642677307129,5.248377323150635,10.197890281677246,3.7513997554779053,7.873590469360352,10.702211380004883,8.744433403015137,5.039066314697266,5.670376300811768,9.639435768127441,,,,,,,,,,,,,,,,,,,,,,,,,,,,,,,,,,,,,,,,
12,2404,0.3515985310077667,0.28009721636772156,0.4429478049278259,0.45561718940734863,0.3340985178947449,0.29613009095191956,0.3171417713165283,0.0766177847981453,0.6303213834762573,0.3314148485660553,6.692192077636719,4.748618125915527,7.995059490203857,7.672096252441406,6.658511161804199,7.7494659423828125,7.081154823303223,2.425478219985962,8.863516807556152,7.035825729370117,,,,,,,,,,,8.03158187866211,5.858907699584961,9.589323043823242,9.383285522460938,8.270598411560059,8.818955421447754,9.215045928955078,3.2645516395568848,9.113900184631348,8.769668579101562,,,,,,,,,,,,,,,,,,,,,,,,,,,,,,,,,,,,,,,,
12,2409,0.30581411719322205,0.3500975966453552,0.1880396604537964,0.19251194596290588,0.28362736105918884,0.3469192683696747,0.2891126573085785,0.31703922152519226,0.6443406343460083,0.14063838124275208,5.813356399536133,5.379955768585205,5.487612724304199,5.321005821228027,5.349135398864746,6.104706287384033,6.779281139373779,5.739209175109863,7.723999977111816,4.435297966003418,,,,,,,,,,,7.381087303161621,6.550234317779541,6.247933387756348,6.099352836608887,7.620327949523926,9.545310974121094,8.798412322998047,6.640720844268799,9.214696884155273,5.712801456451416,,,,,,,,,,,,,,,,,,,,,,,,,,,,,,,,,,,,,,,,
12,2414,0.4320646822452545,0.5671765804290771,0.6493898630142212,0.3844003975391388,0.624417781829834,0.29388535022735596,0.4188985824584961,0.2809274196624756,0.3978919982910156,0.27159425616264343,7.291342735290527,5.623627662658691,9.066347122192383,6.297386646270752,9.378110885620117,6.765912055969238,8.526968955993652,5.859434127807617,6.992563247680664,7.111730098724365,,,,,,,,,,,8.964540481567383,8.337223052978516,11.610859870910645,8.618800163269043,11.306736946105957,8.785466194152832,10.590714454650879,6.2510905265808105,7.241122722625732,7.93884801864624,,,,,,,,,,,,,,,,,,,,,,,,,,,,,,,,,,,,,,,,
12,2419,0.5582478046417236,0.4322938621044159,0.16356973350048065,0.5290026068687439,0.32556387782096863,0.5780609846115112,0.4572981894016266,0.5921492576599121,1.60272216796875,0.34356942772865295,7.697734355926514,5.792949199676514,4.846504211425781,7.856220245361328,6.928515911102295,8.876286506652832,7.973484516143799,7.813385009765625,11.584208488464355,7.608055114746094,,,,,,,,,,,9.700603485107422,7.278666019439697,5.827242851257324,10.110760688781738,8.164277076721191,12.3214750289917,11.065486907958984,9.075577735900879,14.532904624938965,8.929034233093262,,,,,,,,,,,,,,,,,,,,,,,,,,,,,,,,,,,,,,,,
12,2424,0.2542809247970581,0.2883867025375366,0.11490043252706528,0.30610737204551697,0.1815733164548874,0.0735640674829483,0.4319168031215668,0.31803202629089355,0.3405439257621765,0.2335035353899002,5.270679473876953,4.03893518447876,3.8850841522216797,5.903705596923828,5.051390171051025,3.413591146469116,7.422560691833496,5.661356449127197,5.312262535095215,6.747230052947998,,,,,,,,,,,6.719775676727295,5.944972991943359,4.8839640617370605,7.691159248352051,6.097132682800293,4.395504474639893,10.754020690917969,6.651110649108887,6.698997497558594,7.361120223999023,,,,,,,,,,,,,,,,,,,,,,,,,,,,,,,,,,,,,,,,
12,2429,0.33342424035072327,0.4667106866836548,0.31432080268859863,0.2758219540119171,0.5416487455368042,0.4945816397666931,0.34567421674728394,0.04353920370340347,0.17437319457530975,0.34414803981781006,6.0356292724609375,5.290640830993652,7.533720970153809,6.247840881347656,7.51794958114624,7.295535564422607,7.01850700378418,2.354416847229004,4.550380229949951,6.5116705894470215,,,,,,,,,,,7.853457927703857,7.562861442565918,8.077895164489746,7.300780773162842,10.530731201171875,11.397113800048828,9.620648384094238,2.460928201675415,4.793614864349365,8.936549186706543,,,,,,,,,,,,,,,,,,,,,,,,,,,,,,,,,,,,,,,,
12,2434,0.5361528992652893,0.5821324586868286,0.39690637588500977,0.2875771224498749,1.361444354057312,0.3472785949707031,0.4806578755378723,0.34052079916000366,0.36328035593032837,0.6655778288841248,7.531069278717041,7.106367111206055,7.524667739868164,5.90418004989624,11.681843757629395,8.344040870666504,8.074650764465332,5.746846675872803,4.371397495269775,9.025629997253418,,,,,,,,,,,9.866436958312988,8.446430206298828,9.077279090881348,7.4547319412231445,16.695507049560547,9.550251960754395,11.34459114074707,6.882251739501953,6.9190144538879395,12.427867889404297,,,,,,,,,,,,,,,,,,,,,,,,,,,,,,,,,,,,,,,,
12,2439,0.40669018030166626,0.2145916372537613,0.16733267903327942,0.6209527254104614,0.3547610342502594,0.43538329005241394,0.27324432134628296,0.8998183012008667,0.09606742113828659,0.5980602502822876,6.738217353820801,4.370089530944824,4.996546268463135,8.966841697692871,7.044872283935547,8.186594009399414,6.508498191833496,9.520564079284668,2.3218395709991455,8.728105545043945,,,,,,,,,,,8.474674224853516,5.128243923187256,5.893889904022217,10.9542875289917,8.52251148223877,10.693300247192383,8.553549766540527,11.187579154968262,3.558044195175171,11.780661582946777,,,,,,,,,,,,,,,,,,,,,,,,,,,,,,,,,,,,,,,,
12,2444,0.34142425656318665,0.5632404685020447,0.07202903181314468,0.021390780806541443,0.29009029269218445,1.022153377532959,0.1715506613254547,0.3430272042751312,0.11975469440221786,0.46958163380622864,6.021090984344482,6.405661582946777,3.5191264152526855,2.0100948810577393,6.023842811584473,11.473803520202637,5.905679225921631,6.802809715270996,3.6232597827911377,8.425543785095215,,,,,,,,,,,7.377321243286133,8.308242797851562,3.866922378540039,2.033144474029541,7.706660747528076,16.3845272064209,6.777460098266602,6.907533645629883,3.9725513458251953,10.438851356506348,,,,,,,,,,,,,,,,,,,,,,,,,,,,,,,,,,,,,,,,
12,2449,0.26765140891075134,0.19162093102931976,0.07615083456039429,0.3333062529563904,0.11203740537166595,0.6867019534111023,0.32846835255622864,0.16868740320205688,0.313427209854126,0.1984623819589615,5.269217491149902,4.033027172088623,3.431365489959717,6.600563049316406,3.7684168815612793,9.118229866027832,6.753988742828369,3.867220640182495,4.181241989135742,5.668901443481445,,,,,,,,,,,6.944637298583984,4.846004009246826,3.9760239124298096,8.025583267211914,4.789401054382324,13.42950439453125,9.378158569335938,4.843954086303711,6.426753044128418,6.786350250244141,,,,,,,,,,,,,,,,,,,,,,,,,,,,,,,,,,,,,,,,
12,2454,0.4108771085739136,0.2498629093170166,0.1223609670996666,0.5258938670158386,0.22853191196918488,0.23731449246406555,0.21817083656787872,0.5138193368911743,1.0175851583480835,0.5843542218208313,6.200329303741455,4.5894775390625,3.8925206661224365,8.017436027526855,5.416853904724121,5.599460601806641,5.59547233581543,5.381400108337402,8.733541488647461,8.576799392700195,,,,,,,,,,,8.30130386352539,5.5336689949035645,5.040029525756836,10.08100700378418,6.840267658233643,7.894742488861084,7.643093109130859,8.454032897949219,11.580002784729004,11.644886016845703,,,,,,,,,,,,,,,,,,,,,,,,,,,,,,,,,,,,,,,,
12,2459,0.4890287220478058,0.14870929718017578,0.794268786907196,0.6338043212890625,0.7866472005844116,0.5893146395683289,0.23244257271289825,0.1864245980978012,0.5542378425598145,0.4754093587398529,7.454187870025635,3.621509075164795,9.77973747253418,8.869662284851074,8.519613265991211,10.072035789489746,6.610519886016846,4.062577724456787,7.617275238037109,7.934760093688965,,,,,,,,,,,9.482182502746582,4.2690510749816895,12.840897560119629,11.067065238952637,12.690818786621094,12.440834045410156,7.8891215324401855,5.092257499694824,8.546167373657227,10.50342845916748,,,,,,,,,,,,,,,,,,,,,,,,,,,,,,,,,,,,,,,,
12,2464,0.2770107388496399,0.11518236249685287,0.2396722435951233,0.4706912934780121,0.11670303344726562,0.3161773681640625,0.3605610132217407,0.25129765272140503,0.13484175503253937,0.4879697859287262,5.545760154724121,3.4199392795562744,6.096834659576416,6.677891254425049,3.7330682277679443,7.01031494140625,6.734408378601074,4.938814640045166,3.497347354888916,7.803221702575684,,,,,,,,,,,7.215925693511963,3.7571218013763428,7.053757667541504,9.537245750427246,4.8881072998046875,9.112577438354492,9.8256254196167,5.912252426147461,4.215368270874023,10.641275405883789,,,,,,,,,,,,,,,,,,,,,,,,,,,,,,,,,,,,,,,,
12,2469,0.3538222014904022,0.4582740366458893,0.14766903221607208,0.4373684525489807,0.3652917742729187,0.8656033873558044,0.2547016441822052,0.194985494017601,0.17035719752311707,0.2901487946510315,6.584012508392334,6.363578796386719,5.0084147453308105,7.715799808502197,6.939817905426025,12.664203643798828,5.671785354614258,4.426765441894531,3.725292205810547,6.740452766418457,,,,,,,,,,,8.03999137878418,7.4941935539245605,5.536767959594727,9.193451881408691,8.648078918457031,15.07770824432373,8.258223533630371,5.207866668701172,4.738092422485352,8.205547332763672,,,,,,,,,,,,,,,,,,,,,,,,,,,,,,,,,,,,,,,,
12,2474,0.3477882146835327,0.2485693097114563,0.1946508288383484,0.3353888988494873,0.3019953966140747,0.5151189565658569,0.38429513573646545,0.5951420068740845,0.38058221340179443,0.4544987082481384,6.7768731117248535,4.564157962799072,5.887371063232422,6.694845676422119,6.586119174957275,8.344605445861816,7.619507789611816,7.669681072235107,5.725175380706787,7.741506099700928,,,,,,,,,,,8.547858238220215,5.5193257331848145,6.356818199157715,8.050619125366211,7.863208770751953,11.63133716583252,10.143858909606934,9.098483085632324,7.0818634033203125,10.26983642578125,,,,,,,,,,,,,,,,,,,,,,,,,,,,,,,,,,,,,,,,
12,2479,0.588165283203125,1.1958290338516235,0.4727717638015747,0.3632039427757263,0.6284797787666321,0.49228420853614807,0.41585642099380493,0.48934587836265564,0.651143491268158,0.5845727324485779,8.077337265014648,8.748291015625,8.93773078918457,4.64566707611084,8.08281135559082,9.027326583862305,9.531124114990234,6.878495693206787,7.919748783111572,8.924839973449707,,,,,,,,,,,10.313039779663086,12.1058931350708,9.906891822814941,8.377802848815918,11.343454360961914,11.370611190795898,10.552186965942383,8.250242233276367,9.263213157653809,11.647065162658691,,,,,,,,,,,,,,,,,,,,,,,,,,,,,,,,,,,,,,,,
12,2484,0.3215149939060211,0.3263930380344391,0.2517356872558594,0.33433470129966736,0.38424792885780334,0.5253089070320129,0.21426968276500702,0.09119145572185516,0.4313090443611145,0.33484435081481934,6.1228814125061035,5.355402946472168,4.976796627044678,6.97189998626709,5.69553804397583,8.792631149291992,5.4251275062561035,3.1234076023101807,7.2512712478637695,7.51386022567749,,,,,,,,,,,7.744118690490723,6.324594497680664,7.229096412658691,8.037956237792969,8.869627952575684,11.745818138122559,7.574451446533203,3.5615234375,7.539066314697266,8.814927101135254,,,,,,,,,,,,,,,,,,,,,,,,,,,,,,,,,,,,,,,,
12,2489,0.8017666339874268,0.376260370016098,1.5032957792282104,0.9690723419189453,0.6002591252326965,0.8481385111808777,0.9252696633338928,0.4688563048839569,0.6524388790130615,0.8723084330558777,9.805395126342773,5.948719501495361,14.511838912963867,11.531652450561523,9.002015113830566,11.554425239562988,11.482718467712402,4.927029609680176,7.394906520843506,11.895249366760254,,,,,,,,,,,12.385269165039062,6.790574550628662,17.665822982788086,13.684627532958984,11.085850715637207,14.924825668334961,15.740009307861328,8.07567024230957,9.272421836853027,14.227619171142578,,,,,,,,,,,,,,,,,,,,,,,,,,,,,,,,,,,,,,,,
12,2494,0.41899266839027405,0.7487917542457581,0.1421177238225937,0.3382658362388611,0.7225625514984131,0.33834710717201233,0.4434581398963928,0.22178728878498077,0.300523579120636,0.5150799751281738,6.690485954284668,7.053258419036865,4.277445316314697,5.773113250732422,8.527159690856934,6.762469291687012,8.320745468139648,4.968051433563232,5.74519681930542,8.78693675994873,,,,,,,,,,,8.706976890563965,9.579499244689941,5.431699752807617,8.08507251739502,12.1629056930542,9.426644325256348,10.896753311157227,5.5542707443237305,6.293069839477539,10.932878494262695,,,,,,,,,,,,,,,,,,,,,,,,,,,,,,,,,,,,,,,,
12,2499,0.4772731363773346,0.535821795463562,0.6646361947059631,0.25156474113464355,0.2573743760585785,0.7029049396514893,0.34713536500930786,0.6873358488082886,0.6140760183334351,0.2346092313528061,7.638476848602295,6.541163921356201,9.818918228149414,5.62813138961792,6.8091020584106445,11.84260082244873,7.673898220062256,7.499617576599121,6.531340599060059,6.401514053344727,,,,,,,,,,,9.273484230041504,8.103496551513672,11.746369361877441,6.972359657287598,7.259091377258301,13.587018013000488,9.640957832336426,9.777846336364746,8.995687484741211,7.378528118133545,,,,,,,,,,,,,,,,,,,,,,,,,,,,,,,,,,,,,,,,
12,2504,0.3596433699131012,0.3936387896537781,0.48213648796081543,0.3832589089870453,0.7618433833122253,0.2631673216819763,0.28777506947517395,0.026790786534547806,0.3022001087665558,0.3359793722629547,6.605112075805664,4.98210334777832,8.953907012939453,7.9337286949157715,10.199687957763672,5.587549686431885,7.495165824890137,1.392635703086853,5.619715690612793,7.281509876251221,,,,,,,,,,,8.023093223571777,6.945623874664307,10.004528999328613,8.605993270874023,12.48913860321045,8.313652038574219,8.778036117553711,1.9304184913635254,6.310599327087402,8.829854011535645,,,,,,,,,,,,,,,,,,,,,,,,,,,,,,,,,,,,,,,,
12,2509,0.2599389851093292,0.6990227699279785,0.09733755141496658,0.21200895309448242,0.3871234655380249,0.20434367656707764,0.2095070779323578,0.17570264637470245,0.1997983157634735,0.15460626780986786,5.259099006652832,7.083710670471191,3.601818084716797,4.898542881011963,6.521833419799805,5.786364555358887,6.001217842102051,4.0581865310668945,4.387794017791748,4.992423057556152,,,,,,,,,,,6.6594085693359375,9.255671501159668,4.495229721069336,6.400766849517822,8.902754783630371,7.3258233070373535,7.4897990226745605,4.943652153015137,5.131202697753906,5.989778518676758,,,,,,,,,,,,,,,,,,,,,,,,,,,,,,,,,,,,,,,,
12,2514,0.2968995273113251,0.6019260287284851,0.2976301312446594,0.2730274796485901,0.3286747932434082,0.1815665364265442,0.2534656226634979,0.09111212193965912,0.41498836874961853,0.2297048270702362,5.876536846160889,6.954458713531494,6.893370151519775,6.322572231292725,5.510608673095703,5.866381645202637,6.341298580169678,2.935819625854492,6.679241180419922,5.385082721710205,,,,,,,,,,,7.257320880889893,8.588826179504395,7.860498428344727,7.263702869415283,8.203190803527832,6.905478477478027,8.23816204071045,3.55997371673584,7.395052433013916,7.300998687744141,,,,,,,,,,,,,,,,,,,,,,,,,,,,,,,,,,,,,,,,
12,2519,0.2881864309310913,0.27543848752975464,0.43808406591415405,0.1481652408838272,0.47622188925743103,0.21970604360103607,0.33253198862075806,0.2516672611236572,0.22381222248077393,0.22805047035217285,5.901753902435303,4.807197093963623,8.56408977508545,4.685564994812012,6.540788650512695,6.017458438873291,6.81122350692749,5.391912460327148,4.246095180511475,6.05145263671875,,,,,,,,,,,7.358438968658447,5.809979438781738,9.536530494689941,5.35091495513916,9.87425422668457,7.596208572387695,9.435990333557129,5.916598320007324,5.430817127227783,7.274660110473633,,,,,,,,,,,,,,,,,,,,,,,,,,,,,,,,,,,,,,,,
12,2521,,,,,,,,,,,6.528817176818848,5.338624000549316,6.4241743087768555,6.304987907409668,6.739377021789551,8.162991523742676,7.219734191894531,5.602153778076172,5.642049312591553,7.32526159286499,0.579243004322052,0.5636438727378845,0.6427650451660156,0.643531322479248,0.5859757661819458,0.49029290676116943,0.5687916278839111,0.6009906530380249,0.5683063268661499,0.5488893985748291,8.648198127746582,7.124903202056885,8.480305671691895,8.266727447509766,9.028342247009277,10.895456314086914,9.6829252243042,7.36008882522583,7.449918746948242,9.545120239257812,0.5230858325958252,0.5959876775741577,0.5970649719238281,0.3692237138748169,0.6327511072158813,0.5786072611808777,0.45832502841949463,0.42681756615638733,0.523200273513794,0.525795042514801,7.360645771026611,6.0032148361206055,7.70479679107666,6.07743501663208,8.967977523803711,9.186104774475098,8.077526092529297,5.607019901275635,6.506773948669434,8.114962577819824,0.4261760413646698,0.3761804699897766,0.5098873376846313,0.6129477024078369,0.22508400678634644,0.4775013327598572,0.5353653430938721,0.34516680240631104,0.2656064033508301,0.4878450632095337,10.105988502502441,8.739644050598145,10.733299255371094,9.242478370666504,11.910294532775879,12.427905082702637,10.897090911865234,7.544239521026611,8.714457511901855,10.744484901428223
13,2524,0.3699820041656494,0.26298028230667114,0.33152467012405396,0.17732827365398407,0.1626940369606018,0.6453686952590942,0.40727126598358154,0.5446738600730896,0.6180923581123352,0.179904505610466,6.146840572357178,4.623485088348389,5.954536437988281,4.440498352050781,4.271183967590332,10.085958480834961,7.038077354431152,6.873293399810791,6.4921183586120605,5.542415618896484,,,,,,,,,,,8.138964653015137,5.677065372467041,8.296015739440918,5.853880405426025,5.771456718444824,13.019064903259277,10.44269847869873,8.704163551330566,9.025057792663574,6.461275100708008,,,,,,,,,,,,,,,,,,,,,,,,,,,,,,,,,,,,,,,,
13,2529,0.3585106432437897,0.5757764577865601,0.41968488693237305,0.2883492112159729,0.10973700881004333,0.24617883563041687,0.2989354133605957,0.3109636902809143,0.20340824127197266,0.7735617756843567,6.546508312225342,6.5465779304504395,7.770874977111816,6.719432353973389,4.245439529418945,6.667630672454834,6.998274326324463,5.4105305671691895,4.870325565338135,9.689488410949707,,,,,,,,,,,8.00875186920166,8.400192260742188,9.33411979675293,7.464733600616455,4.73997688293457,8.040836334228516,8.946629524230957,6.576783180236816,5.1773505210876465,13.39814567565918,,,,,,,,,,,,,,,,,,,,,,,,,,,,,,,,,,,,,,,,
13,2534,0.5880411267280579,0.4923315942287445,0.8191933631896973,0.44390368461608887,0.4560582637786865,0.39521607756614685,0.6506900787353516,0.6064903140068054,0.8866541981697083,0.541831910610199,7.818338394165039,6.5487775802612305,9.871065139770508,6.488185405731201,8.0950345993042,7.272496700286865,8.003820419311523,7.207037448883057,8.35798168182373,8.52064323425293,,,,,,,,,,,10.480925559997559,7.76767635345459,13.04081916809082,9.261881828308105,9.662951469421387,10.188098907470703,13.199512481689453,9.184820175170898,10.809371948242188,11.2131986618042,,,,,,,,,,,,,,,,,,,,,,,,,,,,,,,,,,,,,,,,
13,2539,0.24212175607681274,0.07017127424478531,0.42791947722435,0.479219913482666,0.05579337105154991,0.26174771785736084,0.23248539865016937,0.36456751823425293,0.02446131221950054,0.2627297341823578,5.084132671356201,2.1297414302825928,7.077989101409912,8.180668830871582,2.768458366394043,5.779252052307129,6.102355003356934,5.91306734085083,1.4879343509674072,6.317730903625488,,,,,,,,,,,6.474068641662598,2.9325265884399414,9.425246238708496,9.623261451721191,3.3797993659973145,8.29119873046875,7.889848232269287,7.121110916137695,1.795408010482788,7.808216094970703,,,,,,,,,,,,,,,,,,,,,,,,,,,,,,,,,,,,,,,,
13,2544,0.45379501581192017,0.5953027009963989,0.47183507680892944,0.44376158714294434,0.35525238513946533,0.3402195870876312,0.4942709505558014,0.34590911865234375,0.5276373028755188,0.5099664926528931,6.874828815460205,4.500080585479736,6.916582107543945,8.463959693908691,6.847701072692871,6.832843780517578,7.818488597869873,5.8519673347473145,6.353120803833008,8.288713455200195,,,,,,,,,,,9.259739875793457,8.541441917419434,9.897071838378906,9.260400772094727,8.528411865234375,9.452692031860352,11.504117965698242,6.936490058898926,8.338560104370117,10.8784761428833,,,,,,,,,,,,,,,,,,,,,,,,,,,,,,,,,,,,,,,,
13,2549,0.3011399507522583,0.4170794188976288,0.21028324961662292,0.2754867672920227,0.41203153133392334,0.41216859221458435,0.5393943786621094,0.029852403327822685,0.1327199786901474,0.28124329447746277,5.938282489776611,6.519600868225098,5.521363735198975,5.766002655029297,6.896425724029541,7.997380256652832,9.162918090820312,1.3026319742202759,3.898894786834717,6.379323482513428,,,,,,,,,,,7.43979549407959,7.1494340896606445,6.607147693634033,7.296343803405762,9.184698104858398,10.404311180114746,12.017773628234863,2.03773832321167,4.182071208953857,8.078640937805176,,,,,,,,,,,,,,,,,,,,,,,,,,,,,,,,,,,,,,,,
13,2554,0.4124184548854828,0.27825722098350525,0.4357697665691376,0.4900054335594177,0.5057433247566223,0.5307520031929016,0.4614184498786926,0.4448298513889313,0.2639347314834595,0.30105525255203247,7.304213523864746,4.6126322746276855,8.077006340026855,8.670215606689453,8.558637619018555,9.255721092224121,8.579917907714844,6.7275309562683105,4.71577787399292,6.540482521057129,,,,,,,,,,,8.922362327575684,5.839632034301758,9.511307716369629,9.730952262878418,10.17570972442627,11.806513786315918,11.115224838256836,7.866031646728516,5.897549152374268,8.358345031738281,,,,,,,,,,,,,,,,,,,,,,,,,,,,,,,,,,,,,,,,
13,2559,0.4269167482852936,0.4731738567352295,0.3405735492706299,0.2937086224555969,0.33508533239364624,0.693585216999054,0.1533064842224121,0.386191725730896,0.8849866986274719,0.28163930773735046,7.036474704742432,5.3084588050842285,6.506034851074219,6.326308250427246,6.760993957519531,10.92733097076416,4.886728286743164,7.1340789794921875,9.025421142578125,6.452915668487549,,,,,,,,,,,8.661831855773926,7.615047454833984,8.408473014831543,7.533785343170166,8.282803535461426,13.496644020080566,6.406946182250977,7.329261302947998,10.799202919006348,8.08432674407959,,,,,,,,,,,,,,,,,,,,,,,,,,,,,,,,,,,,,,,,
13,2564,0.3729601502418518,0.3914160132408142,0.25589463114738464,0.22605136036872864,0.2533912658691406,0.525873601436615,0.17290733754634857,0.14152444899082184,1.0200477838516235,0.3695349097251892,6.469226837158203,5.554598331451416,6.5657453536987305,5.4885711669921875,5.984814643859863,8.445889472961426,5.623149871826172,3.5277562141418457,9.259916305541992,7.772600173950195,,,,,,,,,,,7.9860100746154785,6.925985336303711,7.288568496704102,6.609344959259033,7.202701091766357,11.752129554748535,6.804206848144531,4.436847686767578,11.594006538391113,9.260297775268555,,,,,,,,,,,,,,,,,,,,,,,,,,,,,,,,,,,,,,,,
13,2569,0.33405473828315735,0.4934392273426056,0.0792650580406189,0.271427720785141,0.062308426946401596,0.968285322189331,0.2546147108078003,0.21259406208992004,0.3246917426586151,0.33986636996269226,5.284235000610352,6.281636714935303,2.7113869190216064,5.397709846496582,2.8771190643310547,9.280505180358887,5.852994441986084,4.332740783691406,5.33902645111084,5.484992980957031,,,,,,,,,,,7.523411273956299,7.776409149169922,4.056509971618652,7.242391109466553,3.5716841220855713,15.946946144104004,8.256814002990723,5.437938690185547,6.54122257232666,8.880784034729004,,,,,,,,,,,,,,,,,,,,,,,,,,,,,,,,,,,,,,,,
13,2574,0.2511659264564514,0.13924375176429749,0.1345316767692566,0.0842185765504837,0.1214505136013031,0.36851513385772705,0.16373220086097717,0.5139163732528687,0.26073506474494934,0.47415003180503845,5.129344463348389,3.272043228149414,4.149596214294434,3.6032376289367676,4.352385997772217,7.056716442108154,5.6870574951171875,5.915718078613281,4.520452976226807,7.6068949699401855,,,,,,,,,,,6.633513450622559,4.130951404571533,5.284743785858154,4.034213066101074,4.9865403175354,9.83792495727539,6.621217727661133,8.45483112335205,5.861691951751709,10.489507675170898,,,,,,,,,,,,,,,,,,,,,,,,,,,,,,,,,,,,,,,,
13,2579,0.2491447627544403,0.33544668555259705,0.24971884489059448,0.08562653511762619,0.26349589228630066,0.28870677947998047,0.13381239771842957,0.23962928354740143,0.18297229707241058,0.4628942012786865,5.535288333892822,5.412238597869873,6.083454132080078,3.182607650756836,6.052580833435059,7.186347961425781,4.497663974761963,4.9993438720703125,3.900986909866333,8.502368927001953,,,,,,,,,,,6.75177526473999,6.411712169647217,7.200079917907715,4.067795276641846,7.344911575317383,8.707717895507812,5.985755920410156,5.773360252380371,4.9103899002075195,10.364253997802734,,,,,,,,,,,,,,,,,,,,,,,,,,,,,,,,,,,,,,,,
13,2584,0.5856347680091858,0.16867001354694366,0.9482561349868774,0.7305948138237,0.7052028775215149,0.5283531546592712,0.7945317625999451,0.8036410212516785,0.451191246509552,0.14027203619480133,8.06766414642334,3.7698705196380615,10.629947662353516,8.871623039245605,8.727931022644043,10.379372596740723,11.110699653625488,8.706782341003418,5.6012983322143555,4.811456680297852,,,,,,,,,,,10.314398765563965,4.546541690826416,14.030543327331543,11.882099151611328,12.015911102294922,11.779802322387695,14.585671424865723,10.572793960571289,7.710874080657959,5.705356121063232,,,,,,,,,,,,,,,,,,,,,,,,,,,,,,,,,,,,,,,,
13,2589,0.5824655890464783,0.38121268153190613,0.8853332996368408,0.8126192688941956,0.34683358669281006,0.5048543810844421,0.43977442383766174,0.9355825185775757,0.5005866885185242,0.4353938102722168,7.947778701782227,6.292560577392578,11.250421524047852,8.515021324157715,6.143066883087158,7.409989833831787,7.682967662811279,9.31644344329834,7.021347522735596,7.898188591003418,,,,,,,,,,,10.366440773010254,6.835116863250732,13.557045936584473,12.531368255615234,8.426752090454102,11.514866828918457,10.851399421691895,11.407744407653809,8.12199878692627,10.051671981811523,,,,,,,,,,,,,,,,,,,,,,,,,,,,,,,,,,,,,,,,
13,2594,0.34083953499794006,0.3932952284812927,0.32084259390830994,0.5802298784255981,0.32239943742752075,0.35271137952804565,0.3125526010990143,0.31846773624420166,0.26610371470451355,0.20095299184322357,6.498041152954102,5.777669429779053,6.682888031005859,9.56839370727539,6.3598480224609375,7.30005407333374,7.366909503936768,5.197105407714844,5.741431713104248,4.488066673278809,,,,,,,,,,,7.999594688415527,6.942591667175293,8.161269187927246,10.58899974822998,8.124503135681152,9.624664306640625,9.148130416870117,6.655664920806885,5.921731948852539,6.828800678253174,,,,,,,,,,,,,,,,,,,,,,,,,,,,,,,,,,,,,,,,
13,2599,0.2845369577407837,0.3302028179168701,0.21809343993663788,0.2221202850341797,0.33392176032066345,0.2359282374382019,0.4707975685596466,0.09686097502708435,0.3598949611186981,0.2930122911930084,5.825933933258057,5.300766944885254,5.762281894683838,5.860746383666992,5.794608116149902,5.509334087371826,8.796396255493164,2.8856289386749268,6.061013221740723,6.462626934051514,,,,,,,,,,,7.312516212463379,6.3613996505737305,6.7287278175354,6.551624298095703,8.268410682678223,7.8716511726379395,11.22762393951416,3.6705667972564697,6.88670015335083,8.245939254760742,,,,,,,,,,,,,,,,,,,,,,,,,,,,,,,,,,,,,,,,
13,2604,0.6685212850570679,1.1064485311508179,0.4451330900192261,0.37775179743766785,0.39862096309661865,0.92689049243927,0.5148544907569885,1.2150204181671143,0.5546912550926208,0.47728079557418823,8.72283935546875,8.769919395446777,8.651400566101074,7.419545650482178,6.7787370681762695,12.385016441345215,9.289713859558105,10.48220157623291,6.511168479919434,8.217845916748047,,,,,,,,,,,10.917010307312012,11.644689559936523,9.612947463989258,8.543939590454102,9.033992767333984,15.602352142333984,11.741214752197266,13.000213623046875,8.549660682678223,10.524080276489258,,,,,,,,,,,,,,,,,,,,,,,,,,,,,,,,,,,,,,,,
13,2609,0.29003506898880005,0.40470263361930847,0.08016422390937805,0.14475253224372864,0.25313422083854675,0.33014822006225586,0.4562702178955078,0.27264121174812317,0.22359947860240936,0.44490286707878113,5.301997661590576,4.838920593261719,3.963623046875,3.0230891704559326,5.014554500579834,7.024144649505615,8.111213684082031,5.0528740882873535,4.509119033813477,6.180441856384277,,,,,,,,,,,7.302449703216553,7.042555332183838,4.079453468322754,5.288931846618652,7.199048042297363,9.311728477478027,11.0530424118042,6.158209323883057,5.4282355308532715,10.160844802856445,,,,,,,,,,,,,,,,,,,,,,,,,,,,,,,,,,,,,,,,
13,2614,0.289430171251297,0.3192550539970398,0.30560848116874695,0.29815220832824707,0.3227691948413849,0.276813268661499,0.09739390015602112,0.3563699722290039,0.3039083182811737,0.32460105419158936,5.5635294914245605,4.440878868103027,5.836945056915283,6.444373607635498,6.235583305358887,6.044247627258301,4.302718162536621,5.65601921081543,4.798670768737793,6.312329292297363,,,,,,,,,,,7.291235446929932,6.2550554275512695,7.965156555175781,7.5905609130859375,8.129159927368164,8.526471138000488,5.106656551361084,7.04059362411499,6.328409194946289,8.67905044555664,,,,,,,,,,,,,,,,,,,,,,,,,,,,,,,,,,,,,,,,
13,2619,0.47456780076026917,0.25072064995765686,0.29389405250549316,0.21757887303829193,0.5654042363166809,0.42368268966674805,0.4090510308742523,0.6202144622802734,0.7785744071006775,0.7119896411895752,7.682253360748291,4.561705589294434,7.636517524719238,5.62161111831665,7.9951395988464355,8.624236106872559,7.783737659454346,7.914095401763916,8.536189079284668,10.467049598693848,,,,,,,,,,,9.320329666137695,5.543159008026123,7.811007499694824,6.484302520751953,10.759180068969727,10.548633575439453,10.465489387512207,9.28816032409668,10.129158020019531,12.853873252868652,,,,,,,,,,,,,,,,,,,,,,,,,,,,,,,,,,,,,,,,
13,2624,0.38310325145721436,0.4294508695602417,0.5338723659515381,0.20761875808238983,0.5305517315864563,0.3839304447174072,0.2321370542049408,0.3445241451263428,0.11677384376525879,0.6690699458122253,6.9297919273376465,6.489092826843262,8.805811882019043,5.145350933074951,7.4669508934021,8.470980644226074,6.363190174102783,6.7748003005981445,3.2281665802001953,9.623784065246582,,,,,,,,,,,8.418899536132812,7.254693031311035,10.52762508392334,6.334147930145264,10.422298431396484,10.041582107543945,7.88393497467041,6.922589302062988,3.922799587249756,12.460428237915039,,,,,,,,,,,,,,,,,,,,,,,,,,,,,,,,,,,,,,,,
13,2629,0.26983967423439026,0.5425283908843994,0.11575901508331299,0.07164736092090607,0.4112608730792999,0.3102136254310608,0.18156878650188446,0.1120428740978241,0.3182995319366455,0.36523663997650146,5.206118106842041,4.715692043304443,3.998537063598633,2.830138683319092,7.314439296722412,6.50924015045166,4.953005790710449,3.1244404315948486,5.119472503662109,8.290094375610352,,,,,,,,,,,6.8425140380859375,8.154052734375,4.9021782875061035,3.7209599018096924,9.176104545593262,9.026227951049805,6.972545623779297,3.947761297225952,6.476513862609863,9.206284523010254,,,,,,,,,,,,,,,,,,,,,,,,,,,,,,,,,,,,,,,,
13,2634,0.44506946206092834,0.20401406288146973,0.46796518564224243,0.4342784583568573,0.6048239469528198,0.42369893193244934,0.4379670023918152,0.550765872001648,0.6461924910545349,0.23591910302639008,7.233283042907715,3.7742552757263184,8.138282775878906,8.280357360839844,8.657232284545898,8.824203491210938,8.688020706176758,6.727373123168945,6.376190185546875,5.633633613586426,,,,,,,,,,,9.100349426269531,5.0002570152282715,9.856402397155762,9.160919189453125,11.127923011779785,10.548836708068848,10.829076766967773,8.752703666687012,9.22792911529541,7.399097442626953,,,,,,,,,,,,,,,,,,,,,,,,,,,,,,,,,,,,,,,,
13,2639,0.5767306089401245,0.43534693121910095,1.0631372928619385,0.7260795831680298,0.4533316195011139,0.33609282970428467,0.2802850008010864,0.9744790196418762,0.6958432793617249,0.2259800136089325,7.387165546417236,6.323766708374023,11.118104934692383,7.591777801513672,7.315168380737305,7.039731025695801,6.245219707489014,7.860997200012207,7.150290012359619,5.839437007904053,,,,,,,,,,,10.017552375793457,7.304323673248291,14.856151580810547,11.845325469970703,9.63402271270752,9.39518928527832,8.663047790527344,11.642465591430664,9.575887680053711,7.241561412811279,,,,,,,,,,,,,,,,,,,,,,,,,,,,,,,,,,,,,,,,
13,2644,0.39172765612602234,0.34486258029937744,0.1738261878490448,0.49260592460632324,0.49390965700149536,0.21625837683677673,0.6082024574279785,0.6175265312194824,0.29377439618110657,0.28458279371261597,6.6713032722473145,5.637411594390869,5.371338367462158,7.633021354675293,8.108156204223633,6.7885637283325195,8.01823616027832,8.094618797302246,4.015865802764893,6.374517917633057,,,,,,,,,,,8.470564842224121,6.501077175140381,6.007160663604736,9.756739616394043,10.055956840515137,7.53637170791626,12.761300086975098,9.268010139465332,6.222004413604736,8.12646198272705,,,,,,,,,,,,,,,,,,,,,,,,,,,,,,,,,,,,,,,,
13,2649,0.27844709157943726,0.5784416794776917,0.1365007609128952,0.16601252555847168,0.26926660537719727,0.29697853326797485,0.13698740303516388,0.345508873462677,0.39045652747154236,0.1858711540699005,5.548880100250244,6.315258502960205,4.5821990966796875,5.461106300354004,5.714156150817871,6.83872127532959,4.842442989349365,5.202679634094238,5.920762538909912,5.062590599060059,,,,,,,,,,,6.932547092437744,8.419610977172852,5.323278427124023,5.664026737213135,7.424905300140381,8.831578254699707,6.056351661682129,6.9324750900268555,7.173145294189453,6.56754732131958,,,,,,,,,,,,,,,,,,,,,,,,,,,,,,,,,,,,,,,,
13,2654,0.29329124093055725,0.2697177827358246,0.13542331755161285,0.08623360097408295,0.41480526328086853,0.356724351644516,0.45805981755256653,0.2866271436214447,0.31834498047828674,0.31368473172187805,5.337984085083008,3.6706316471099854,4.1644673347473145,3.2918734550476074,5.661978244781494,7.148417949676514,7.173503875732422,5.423896312713623,4.634130954742432,6.872954845428467,,,,,,,,,,,7.380698204040527,5.749327182769775,5.302227973937988,4.082189559936523,9.215559959411621,9.679261207580566,11.074698448181152,6.314186096191406,6.47697639465332,8.53186321258545,,,,,,,,,,,,,,,,,,,,,,,,,,,,,,,,,,,,,,,,
13,2659,0.24149155616760254,0.1537533849477768,0.18236318230628967,0.24392017722129822,0.13800719380378723,0.17273253202438354,0.36072370409965515,0.13480696082115173,0.2557728886604309,0.5313440561294556,5.189182281494141,2.9188573360443115,4.877266883850098,6.405338764190674,3.9924185276031494,5.566825866699219,7.822339057922363,3.5650646686553955,4.274169445037842,7.280362606048584,,,,,,,,,,,6.719803333282471,4.340848445892334,6.152904987335205,6.865603923797607,5.315578460693359,6.735393047332764,9.827840805053711,4.330268859863281,5.8056464195251465,11.104145050048828,,,,,,,,,,,,,,,,,,,,,,,,,,,,,,,,,,,,,,,,
13,2664,0.3334270119667053,0.5453885793685913,0.07707905769348145,0.2845722734928131,0.3700299561023712,0.44876569509506226,0.24855127930641174,0.3037651479244232,0.4052569568157196,0.31743425130844116,6.291830539703369,5.921726703643799,3.6446738243103027,6.177306175231934,6.965020656585693,9.540619850158691,6.706828594207764,5.430226802825928,6.9662957191467285,5.273772716522217,,,,,,,,,,,7.7444915771484375,8.175518035888672,4.00018310546875,7.415683269500732,8.703984260559082,10.856396675109863,8.157907485961914,6.50021505355835,7.307831287384033,8.582703590393066,,,,,,,,,,,,,,,,,,,,,,,,,,,,,,,,,,,,,,,,
13,2669,0.2598620355129242,0.1669037640094757,0.1548069566488266,0.4018385708332062,0.11883991956710815,0.35545510053634644,0.1636888086795807,0.06420787423849106,0.5971686244010925,0.31584855914115906,5.296881675720215,3.8257715702056885,4.421928405761719,5.543132781982422,3.531446933746338,7.026048183441162,5.893264293670654,2.5434799194335938,8.362174034118652,6.524688720703125,,,,,,,,,,,6.737727642059326,4.522674560546875,5.669005393981934,8.812126159667969,4.932655334472656,9.662026405334473,6.620339870452881,2.988497257232666,8.870984077453613,8.561240196228027,,,,,,,,,,,,,,,,,,,,,,,,,,,,,,,,,,,,,,,,
13,2674,0.21641798317432404,0.3027762174606323,0.0732915997505188,0.1706477403640747,0.2696627378463745,0.11571072041988373,0.1782829314470291,0.21200647950172424,0.3759881854057312,0.24939508736133575,5.192392349243164,4.905133247375488,3.688580274581909,5.102214336395264,6.17758846282959,4.322005748748779,5.490309238433838,5.121791839599609,5.976818084716797,5.947092533111572,,,,,,,,,,,6.184867858886719,6.091484546661377,3.9006659984588623,5.742554664611816,7.430364608764648,5.512678623199463,6.909167289733887,5.430418491363525,7.038990020751953,7.607485771179199,,,,,,,,,,,,,,,,,,,,,,,,,,,,,,,,,,,,,,,,
13,2679,0.3052940368652344,0.26368242502212524,0.19671133160591125,0.4272482991218567,0.37938985228538513,0.5371545553207397,0.30859628319740295,0.08782337605953217,0.37682148814201355,0.17021873593330383,5.9793877601623535,4.765097141265869,5.74059534072876,7.504397392272949,7.479820251464844,9.771173477172852,6.656936168670654,2.3119914531707764,5.902518272399902,3.681960344314575,,,,,,,,,,,7.5299201011657715,5.684638500213623,6.390374660491943,9.086467742919922,8.813380241394043,11.877511978149414,9.090046882629395,3.495133638381958,7.046786785125732,6.284936428070068,,,,,,,,,,,,,,,,,,,,,,,,,,,,,,,,,,,,,,,,
13,2684,0.32628971338272095,0.3193986713886261,0.5406482815742493,0.3653705418109894,0.40957996249198914,0.4161432981491089,0.26797741651535034,0.2451087236404419,0.13394209742546082,0.2384381890296936,6.262874126434326,4.7150774002075195,8.765278816223145,6.350704669952393,5.897858619689941,8.55859375,6.678436279296875,5.50933837890625,3.6020309925079346,6.28854513168335,,,,,,,,,,,7.868289470672607,6.256462097167969,10.594222068786621,8.402753829956055,9.157332420349121,10.454357147216797,8.470711708068848,5.838994979858398,4.201282024383545,7.438495635986328,,,,,,,,,,,,,,,,,,,,,,,,,,,,,,,,,,,,,,,,
13,2689,0.38312387466430664,0.249889075756073,0.39630326628685,0.15955212712287903,1.1177318096160889,0.5861498713493347,0.3993258774280548,0.12194552272558212,0.15723061561584473,0.25998663902282715,6.572027206420898,4.482263565063477,8.1610689163208,4.144430160522461,11.974270820617676,8.576251029968262,8.39434814453125,3.4083316326141357,3.5660831928253174,6.4411940574646,,,,,,,,,,,8.274455070495605,5.533958435058594,9.070380210876465,5.552724838256836,15.127545356750488,12.407383918762207,10.340332984924316,4.118524551391602,4.551890850067139,7.767347812652588,,,,,,,,,,,,,,,,,,,,,,,,,,,,,,,,,,,,,,,,
13,2694,0.4381726086139679,0.33540624380111694,0.13344579935073853,0.08051292598247528,1.362420678138733,0.30622291564941406,0.5142609477043152,0.07835370302200317,0.4163738489151001,0.7165565490722656,6.779780387878418,5.234918594360352,5.068750858306885,3.6502208709716797,12.968077659606934,6.721378803253174,7.905342102050781,2.5345990657806396,6.203057765960693,10.731677055358887,,,,,,,,,,,8.514091491699219,6.411325931549072,5.263372421264648,3.944460868835449,16.701492309570312,8.967981338500977,11.734445571899414,3.3013265132904053,7.4073872566223145,12.89503288269043,,,,,,,,,,,,,,,,,,,,,,,,,,,,,,,,,,,,,,,,
13,2699,0.42278528213500977,0.23006576299667358,0.8471525311470032,0.4910445213317871,0.16733203828334808,0.3357522785663605,0.5468772053718567,0.2932301163673401,0.2572964131832123,0.63631671667099,6.682982444763184,4.31279993057251,8.63514232635498,7.014487266540527,4.216956615447998,7.933222770690918,9.053366661071777,5.0875067710876465,3.9407856464385986,9.952573776245117,,,,,,,,,,,8.89090347290039,5.3099236488342285,13.261494636535645,9.741265296936035,5.853144645690918,9.390427589416504,12.100844383239746,6.386501789093018,5.822910785675049,12.151610374450684,,,,,,,,,,,,,,,,,,,,,,,,,,,,,,,,,,,,,,,,
13,2704,0.28980690240859985,0.1309971809387207,0.21968641877174377,0.2695240378379822,0.31947818398475647,0.43681877851486206,0.1701139360666275,0.553812563419342,0.1921936422586441,0.31563740968704224,5.662090301513672,3.5462114810943604,6.035494327545166,5.194201469421387,6.979557037353516,6.885162353515625,4.961651802062988,5.7038397789001465,4.137441158294678,7.515252590179443,,,,,,,,,,,7.321374893188477,4.006759166717529,6.753256320953369,7.216948986053467,8.087610244750977,10.71091365814209,6.749021053314209,8.77687931060791,5.032604694366455,8.558377265930176,,,,,,,,,,,,,,,,,,,,,,,,,,,,,,,,,,,,,,,,
13,2709,0.28316399455070496,0.23258082568645477,0.12054543942213058,0.11883635818958282,0.4560507833957672,0.7836461067199707,0.250019371509552,0.21508482098579407,0.15867705643177032,0.21303527057170868,5.433692932128906,4.184040546417236,4.239691734313965,3.96456241607666,7.409167766571045,9.936708450317383,6.382596969604492,4.094647407531738,3.264139413833618,5.427683353424072,,,,,,,,,,,7.155343055725098,5.338868618011475,5.002499103546143,4.792140960693359,9.662872314453125,14.346165657043457,8.181965827941895,5.469700813293457,4.572780609130859,7.031095027923584,,,,,,,,,,,,,,,,,,,,,,,,,,,,,,,,,,,,,,,,
13,2714,0.4008494019508362,0.5767048001289368,0.28074124455451965,0.7713436484336853,0.08840000629425049,0.6930890083312988,0.19443410634994507,0.40026184916496277,0.3127829134464264,0.289887011051178,6.397200107574463,6.548192024230957,6.443722248077393,8.314146995544434,3.3403480052948,9.192442893981934,6.255331993103027,5.867719650268555,4.622525691986084,6.990368366241455,,,,,,,,,,,8.366127967834473,8.406961441040039,7.63422155380249,12.208964347839355,4.254277229309082,13.491814613342285,7.215343475341797,7.461580276489258,6.420145511627197,8.201845169067383,,,,,,,,,,,,,,,,,,,,,,,,,,,,,,,,,,,,,,,,
13,2715,,,,,,,,,,,6.549749851226807,5.287569999694824,6.501265048980713,6.161997318267822,6.704957008361816,8.149003982543945,7.202785968780518,5.775434970855713,5.805319786071777,7.359417915344238,0.5778358578681946,0.5724865198135376,0.6365777254104614,0.6540617942810059,0.5877231955528259,0.5000709891319275,0.5668833255767822,0.5878771543502808,0.5477062463760376,0.5471353530883789,8.658093452453613,7.052341461181641,8.553431510925293,8.143707275390625,9.009270668029785,10.790443420410156,9.704329490661621,7.480058193206787,7.625598430633545,9.563658714294434,0.5354242920875549,0.6003607511520386,0.6130280494689941,0.386851042509079,0.6134950518608093,0.5972158312797546,0.46383965015411377,0.43697217106819153,0.5619741678237915,0.5450823903083801,7.543625831604004,6.059971809387207,7.861217498779297,6.211068630218506,8.754884719848633,9.315695762634277,8.265530586242676,5.895447254180908,7.0907063484191895,8.4381103515625,0.41405633091926575,0.3750656247138977,0.4922909736633301,0.6301871538162231,0.25010883808135986,0.45787203311920166,0.5270861387252808,0.3162028193473816,0.2096831202507019,0.4680102467536926,10.197265625,8.747450828552246,10.924277305603027,9.0343017578125,11.716403007507324,12.659199714660645,10.993748664855957,7.7092790603637695,9.040168762207031,10.950565338134766
14,2719,0.3362160325050354,0.311099112033844,0.13840125501155853,0.20813995599746704,0.5851188898086548,0.3684011399745941,0.3275802731513977,0.0713646411895752,0.14091423153877258,0.874924898147583,5.936593055725098,5.042839050292969,3.7205002307891846,5.403758525848389,8.596253395080566,7.989020824432373,7.389169216156006,2.8677351474761963,3.526768445968628,8.893293380737305,,,,,,,,,,,7.74808931350708,6.17464017868042,5.360208034515381,6.342092990875244,10.945149421691895,9.836403846740723,9.365471839904785,3.1506507396698,4.309239864349365,14.248942375183105,,,,,,,,,,,,,,,,,,,,,,,,,,,,,,,,,,,,,,,,
14,2724,0.4472920000553131,0.8255211114883423,0.6560434103012085,0.3545992970466614,0.34769484400749207,0.6575821042060852,0.48327863216400146,0.20912055671215057,0.41400015354156494,0.0777878388762474,7.063045501708984,7.857157230377197,9.013574600219727,6.516056060791016,6.178938388824463,11.720643997192383,8.944162368774414,4.196943283081055,5.651639461517334,3.4882962703704834,,,,,,,,,,,8.887679100036621,10.058341026306152,11.670190811157227,8.277970314025879,8.43720817565918,13.141679763793945,11.375476837158203,5.393332004547119,7.386242389678955,4.24867057800293,,,,,,,,,,,,,,,,,,,,,,,,,,,,,,,,,,,,,,,,
14,2729,0.22105853259563446,0.2100813388824463,0.0506121888756752,0.2601526975631714,0.23256805539131165,0.29615235328674316,0.224882572889328,0.11933460831642151,0.09225700050592422,0.503485918045044,5.017217636108398,4.028839111328125,2.817394971847534,5.792834281921387,5.594226837158203,6.553091049194336,5.523651123046875,3.42433500289917,2.872114896774292,8.548469543457031,,,,,,,,,,,6.361716270446777,5.074065208435059,3.2414488792419434,7.090372562408447,6.900406837463379,8.819286346435547,7.759767532348633,4.0741963386535645,3.486767530441284,10.809133529663086,,,,,,,,,,,,,,,,,,,,,,,,,,,,,,,,,,,,,,,,
14,2734,0.27898916602134705,0.29819613695144653,0.251661479473114,0.2741679251194,0.23124726116657257,0.24072006344795227,0.12080017477273941,0.6092254519462585,0.18282262980937958,0.3020612895488739,5.524161338806152,4.315160274505615,6.053586483001709,5.506757736206055,5.162632465362549,6.391781330108643,4.731470108032227,7.341719150543213,3.7508530616760254,6.4634928703308105,,,,,,,,,,,7.061951637268066,6.045236587524414,7.228031635284424,7.2788567543029785,6.88078498840332,7.951187610626221,5.687280178070068,9.205507278442383,4.90838098526001,8.372299194335938,,,,,,,,,,,,,,,,,,,,,,,,,,,,,,,,,,,,,,,,
14,2739,0.38090258836746216,0.42865777015686035,0.5880126953125,0.3542332649230957,0.05515647679567337,0.4511641263961792,0.31193870306015015,0.44805437326431274,0.3589809536933899,0.43192505836486816,6.465372085571289,5.56547737121582,8.569217681884766,6.224926471710205,2.441488742828369,8.312322616577148,6.681125164031982,5.696005821228027,6.122628211975098,8.575153350830078,,,,,,,,,,,8.304353713989258,7.247990608215332,11.048542022705078,8.273695945739746,3.3604536056518555,10.885368347167969,9.139142036437988,7.8944902420043945,6.8779497146606445,10.011551856994629,,,,,,,,,,,,,,,,,,,,,,,,,,,,,,,,,,,,,,,,
14,2744,0.426069438457489,0.9104888439178467,0.2848283052444458,0.19844669103622437,0.6769059896469116,0.374687522649765,0.5042140483856201,0.10773254930973053,0.489280104637146,0.28804081678390503,6.482004642486572,7.0805535316467285,5.676177501678467,4.042078971862793,8.991179466247559,7.245463848114014,9.53580093383789,2.9798507690429688,6.026381492614746,6.760555267333984,,,,,,,,,,,8.648183822631836,10.563300132751465,7.689590930938721,6.192654132843018,11.772367477416992,9.919973373413086,11.619255065917969,3.8710806369781494,8.02975082397461,8.175686836242676,,,,,,,,,,,,,,,,,,,,,,,,,,,,,,,,,,,,,,,,
14,2749,0.7632858753204346,0.7632516026496887,0.9120285511016846,0.5977851748466492,0.44825881719589233,0.6863360404968262,0.8253728747367859,1.306527018547058,0.720460832118988,0.6095520257949829,9.412409782409668,7.46626091003418,10.375515937805176,8.77814769744873,7.056434154510498,11.18433666229248,10.611831665039062,12.587601661682129,7.933530807495117,8.718026161193848,,,,,,,,,,,11.907711029052734,9.671550750732422,13.759919166564941,10.747995376586914,9.579968452453613,13.42592716217041,14.866060256958008,13.48086929321289,9.743803024291992,11.893305778503418,,,,,,,,,,,,,,,,,,,,,,,,,,,,,,,,,,,,,,,,
14,2754,0.34934574365615845,0.39080291986465454,0.13247863948345184,0.15399077534675598,0.1375749707221985,0.25583481788635254,0.4525708258152008,0.7235257029533386,0.4540373980998993,0.44329559803009033,5.962059020996094,5.328512668609619,3.986252784729004,4.28248405456543,4.460611820220947,6.787318706512451,8.624618530273438,7.501636981964111,6.117468357086182,6.569624900817871,,,,,,,,,,,7.782434463500977,6.920558452606201,5.244264602661133,5.455094337463379,5.307247638702393,8.197013854980469,11.008143424987793,10.031957626342773,7.735156059265137,10.142473220825195,,,,,,,,,,,,,,,,,,,,,,,,,,,,,,,,,,,,,,,,
14,2759,0.44781818985939026,0.44377729296684265,0.12891213595867157,0.23223362863063812,0.5844547748565674,0.8150147795677185,0.3516879081726074,0.31641674041748047,0.924468457698822,0.23339787125587463,7.246938228607178,5.823652267456055,4.955307483673096,5.777216911315918,7.579933166503906,11.10109806060791,7.377753734588623,6.2587571144104,10.291869163513184,6.056857109069824,,,,,,,,,,,8.839057922363281,7.3747076988220215,5.173191070556641,6.6991143226623535,10.938936233520508,14.630480766296387,9.703971862792969,6.634198188781738,11.03746509552002,7.35945463180542,,,,,,,,,,,,,,,,,,,,,,,,,,,,,,,,,,,,,,,,
14,2764,0.2633242607116699,0.3551165461540222,0.17785853147506714,0.32664844393730164,0.2599696218967438,0.2645799517631531,0.14729353785514832,0.3177698850631714,0.2713872194290161,0.24929466843605042,5.601240634918213,5.360567569732666,5.139808177947998,6.423194885253906,6.2856550216674805,6.266093730926514,5.348232269287109,4.86666202545166,5.449388027191162,5.271559715270996,,,,,,,,,,,6.973845481872559,6.597018718719482,6.076437473297119,7.945023536682129,7.295598983764648,8.33593463897705,6.280043601989746,6.648368835449219,5.980231285095215,7.605954170227051,,,,,,,,,,,,,,,,,,,,,,,,,,,,,,,,,,,,,,,,
14,2769,0.543834388256073,0.6063717007637024,0.17406326532363892,0.5886155366897583,1.1076397895812988,0.7421705722808838,0.19299685955047607,0.918120801448822,0.37633228302001953,0.18819841742515564,7.82802152633667,6.717899799346924,5.110749244689941,9.774978637695312,11.353196144104004,11.502347946166992,5.520420074462891,9.526269912719727,6.08352518081665,4.8628106117248535,,,,,,,,,,,9.606399536132812,8.620485305786133,6.011256217956543,10.665242195129395,15.059096336364746,13.961359977722168,7.188626289367676,11.300786018371582,7.042210578918457,6.608534812927246,,,,,,,,,,,,,,,,,,,,,,,,,,,,,,,,,,,,,,,,
14,2774,0.41441479325294495,0.4460601508617401,0.09664551913738251,0.24363777041435242,0.7036116123199463,0.43857380747795105,0.4159596860408783,0.3968239426612854,0.7494547963142395,0.23896555602550507,6.469962120056152,5.162176609039307,3.378230333328247,5.685928821563721,7.673342227935791,7.863464832305908,7.7026824951171875,6.441043376922607,8.47307014465332,5.8497209548950195,,,,,,,,,,,8.537429809570312,7.393651485443115,4.479221343994141,6.861628532409668,12.002345085144043,10.73240852355957,10.553497314453125,7.42946720123291,9.937931060791016,7.446716785430908,,,,,,,,,,,,,,,,,,,,,,,,,,,,,,,,,,,,,,,,
14,2779,0.3051837980747223,0.5148130655288696,0.262918621301651,0.2745268940925598,0.14952298998832703,0.16780751943588257,0.2762012481689453,0.1448793262243271,0.5975837111473083,0.3584005534648895,5.667411804199219,5.509818077087402,6.094518184661865,6.400994300842285,4.345516681671143,5.078795433044434,6.273812770843506,4.325472831726074,6.966790676116943,6.010985851287842,,,,,,,,,,,7.318755149841309,7.943044662475586,7.387922286987305,7.283621311187744,5.532910346984863,6.638677597045898,8.599706649780273,4.4891276359558105,8.874066352844238,9.119721412658691,,,,,,,,,,,,,,,,,,,,,,,,,,,,,,,,,,,,,,,,
14,2784,0.360086590051651,0.9924415946006775,0.38317936658859253,0.13897952437400818,0.37296271324157715,0.23698192834854126,0.13032111525535583,0.4338096082210541,0.08383679389953613,0.46826663613319397,5.8128204345703125,7.896578788757324,6.254758834838867,4.378805637359619,6.797968864440918,6.458537578582764,4.794211387634277,4.8631110191345215,2.4776809215545654,8.393732070922852,,,,,,,,,,,7.686733722686768,11.028456687927246,8.918929100036621,5.182392597198486,8.738408088684082,7.889209270477295,5.9071526527404785,7.767983913421631,3.3238439559936523,10.424225807189941,,,,,,,,,,,,,,,,,,,,,,,,,,,,,,,,,,,,,,,,
14,2789,0.35166460275650024,0.6054026484489441,0.4146699905395508,0.46610820293426514,0.43600326776504517,0.2637881636619568,0.364533394575119,0.2625483572483063,0.04766957834362984,0.3042577803134918,6.239424705505371,6.998434543609619,7.391219615936279,7.0826544761657715,7.887115478515625,6.455336093902588,6.9713544845581055,4.2870635986328125,2.2552952766418457,6.82634973526001,,,,,,,,,,,7.9984259605407715,8.613594055175781,9.278183937072754,9.490700721740723,9.448100090026855,8.323452949523926,9.87960147857666,6.043149948120117,2.5063629150390625,8.402684211730957,,,,,,,,,,,,,,,,,,,,,,,,,,,,,,,,,,,,,,,,
14,2794,0.3539414405822754,0.6930443048477173,0.47864702343940735,0.17586389183998108,0.48554372787475586,0.40822750329971313,0.4159347116947174,0.32618603110313416,0.08149909973144531,0.12052654474973679,6.55397367477417,7.766218185424805,8.477654457092285,4.959464073181152,7.434724807739258,8.43053913116455,8.396512031555176,6.258573532104492,3.01581072807312,4.24626350402832,,,,,,,,,,,7.910396099090576,9.2160062789917,9.968259811401367,5.829659938812256,9.970428466796875,10.354448318481445,10.553180694580078,6.735834121704102,3.2771756649017334,5.288573741912842,,,,,,,,,,,,,,,,,,,,,,,,,,,,,,,,,,,,,,,,
14,2799,0.5629022717475891,0.24994629621505737,0.6022170186042786,0.6217643022537231,0.5347607135772705,0.26427358388900757,0.4499349296092987,0.7539709806442261,0.9573234915733337,0.6319288015365601,7.65932035446167,4.451192378997803,6.689305782318115,9.202320098876953,6.701677322387695,7.01865816116333,7.166275978088379,9.26821231842041,9.549301147460938,8.886935234069824,,,,,,,,,,,10.114479064941406,5.534592151641846,11.181194305419922,10.961444854736328,10.4635591506958,8.331107139587402,10.97603988647461,10.240850448608398,11.231884002685547,12.109641075134277,,,,,,,,,,,,,,,,,,,,,,,,,,,,,,,,,,,,,,,,
14,2804,0.3212335407733917,0.18426287174224854,0.22330546379089355,0.2307710349559784,0.8109208941459656,0.25509023666381836,0.3243916630744934,0.15903107821941376,0.32814228534698486,0.3751860558986664,5.768242359161377,3.458158016204834,5.55111837387085,5.344649314880371,7.745793342590332,6.753659725189209,7.424879550933838,3.9810094833374023,4.4198126792907715,7.235102653503418,,,,,,,,,,,7.693186283111572,4.752052307128906,6.808655738830566,6.6779866218566895,12.885132789611816,8.185077667236328,9.319779396057129,4.703267574310303,6.575887203216553,9.330836296081543,,,,,,,,,,,,,,,,,,,,,,,,,,,,,,,,,,,,,,,,
14,2809,0.30380308628082275,0.3372555673122406,0.1444452702999115,0.32818877696990967,0.22825460135936737,0.45925819873809814,0.2222963124513626,0.2654680609703064,0.28924208879470825,0.4598187506198883,5.827096939086914,5.1889519691467285,4.91023588180542,7.174116611480713,5.859035491943359,6.955558776855469,5.935008525848389,4.463164806365967,4.013951778411865,7.943846702575684,,,,,,,,,,,7.553629398345947,6.428976058959961,5.4759979248046875,7.963733673095703,6.836115837097168,10.98257827758789,7.715017318725586,6.076659202575684,6.173820972442627,10.329767227172852,,,,,,,,,,,,,,,,,,,,,,,,,,,,,,,,,,,,,,,,
14,2814,0.8177288174629211,0.7160298824310303,0.5586761832237244,0.6111515760421753,0.3411405384540558,0.7819733619689941,0.48892879486083984,1.4156862497329712,1.8513129949569702,0.594660222530365,9.460926055908203,5.832477569580078,9.794417381286621,9.260624885559082,6.928027629852295,11.849976539611816,10.489413261413574,10.224855422973633,11.049138069152832,9.719402313232422,,,,,,,,,,,11.837071418762207,9.367588996887207,10.76940631866455,10.86749267578125,8.357306480407715,14.330846786499023,11.441780090332031,14.032732009887695,15.619359970092773,11.747126579284668,,,,,,,,,,,,,,,,,,,,,,,,,,,,,,,,,,,,,,,,
14,2819,0.338155597448349,0.2769809365272522,0.49182575941085815,0.08505154401063919,0.5266702771186829,0.1605042815208435,0.49471986293792725,0.35457712411880493,0.11446674913167953,0.5386039018630981,6.3118462562561035,4.665853500366211,8.293933868408203,3.741769790649414,7.543978691101074,5.5744476318359375,9.034221649169922,6.270648956298828,3.021225690841675,8.660534858703613,,,,,,,,,,,7.828601360321045,5.826224327087402,10.104557991027832,4.054113864898682,10.384103775024414,6.492608070373535,11.509340286254883,7.022861003875732,3.8838541507720947,11.179746627807617,,,,,,,,,,,,,,,,,,,,,,,,,,,,,,,,,,,,,,,,
14,2824,0.1583045870065689,0.1911640167236328,0.0920451357960701,0.0599164217710495,0.1123201996088028,0.11824655532836914,0.17055220901966095,0.4500434696674347,0.09409578144550323,0.13635742664337158,4.00203800201416,3.8228304386138916,3.4356791973114014,2.844829559326172,3.681838035583496,4.361489295959473,5.040846824645996,4.796938896179199,3.129193067550659,4.904697895050049,,,,,,,,,,,5.199855327606201,4.8402228355407715,4.371315002441406,3.4027326107025146,4.795441150665283,5.572756767272949,6.757708549499512,7.911993980407715,3.5213429927825928,5.625182628631592,,,,,,,,,,,,,,,,,,,,,,,,,,,,,,,,,,,,,,,,
14,2829,0.4045781195163727,0.1709434688091278,0.6520658731460571,0.1780146211385727,0.4602021872997284,0.3519587218761444,0.24718326330184937,0.6839744448661804,0.5515567064285278,0.3453039526939392,6.8936872482299805,4.0087890625,10.279391288757324,4.563132286071777,8.251211166381836,7.5319318771362305,6.434866905212402,8.93170166015625,6.343879222869873,5.698283672332764,,,,,,,,,,,8.52939224243164,4.577080249786377,11.634757995605469,5.865198612213135,9.706753730773926,9.614389419555664,8.13542652130127,9.753908157348633,8.525470733642578,8.951543807983398,,,,,,,,,,,,,,,,,,,,,,,,,,,,,,,,,,,,,,,,
14,2834,0.29081276059150696,0.8400943279266357,0.27652865648269653,0.09223289042711258,0.33906078338623047,0.23739945888519287,0.18252436816692352,0.20326834917068481,0.08366742730140686,0.36253851652145386,5.685336112976074,7.456618785858154,5.208958625793457,3.9934468269348145,6.360382080078125,6.5120978355407715,5.8158721923828125,4.699940204620361,3.1490046977996826,7.971704483032227,,,,,,,,,,,6.997123718261719,10.146734237670898,7.576728820800781,4.221801280975342,8.331792831420898,7.896155834197998,6.990869998931885,5.3173298835754395,3.3204848766326904,9.172216415405273,,,,,,,,,,,,,,,,,,,,,,,,,,,,,,,,,,,,,,,,
14,2839,0.38509246706962585,0.530981719493866,0.28379160165786743,0.35245877504348755,0.45389318466186523,0.17336854338645935,0.20088863372802734,0.7824417352676392,0.09033577889204025,0.597672164440155,6.454997539520264,5.6275506019592285,6.116233825683594,7.21466064453125,8.793035507202148,5.797132968902588,5.197661399841309,7.673516750335693,2.830190420150757,8.84499740600586,,,,,,,,,,,8.152974128723145,8.066814422607422,7.675583839416504,8.252946853637695,9.63998794555664,6.747781753540039,7.334127902984619,10.432412147521973,3.450270891189575,11.776838302612305,,,,,,,,,,,,,,,,,,,,,,,,,,,,,,,,,,,,,,,,
14,2844,0.43908897042274475,0.46128904819488525,0.2634841203689575,0.3803538978099823,0.8480430245399475,0.40246349573135376,0.3431705832481384,0.46023106575012207,0.26966461539268494,0.5231008529663086,7.107259273529053,6.095130920410156,6.530081748962402,7.491454124450684,9.050172805786133,8.544612884521484,6.907599449157715,5.634779453277588,5.068472862243652,8.64302921295166,,,,,,,,,,,9.056836128234863,7.518805027008057,7.3958635330200195,8.573315620422363,13.176758766174316,10.281088829040527,9.58574390411377,8.001044273376465,5.961221218109131,11.01767349243164,,,,,,,,,,,,,,,,,,,,,,,,,,,,,,,,,,,,,,,,
14,2849,0.6995744705200195,1.1169824600219727,0.4198046624660492,0.7292144298553467,0.157896488904953,0.4137763977050781,0.1890621930360794,0.9491595029830933,1.7898380756378174,0.5304360389709473,8.096609115600586,9.837793350219727,8.082634925842285,9.3112154006958,4.706430435180664,8.110758781433105,5.428035259246826,8.00069808959961,11.529022216796875,7.8628926277160645,,,,,,,,,,,10.452699661254883,11.699989318847656,9.33545207977295,11.870867729187012,5.685725212097168,10.42458438873291,7.11497163772583,11.490217208862305,15.357840538024902,11.094653129577637,,,,,,,,,,,,,,,,,,,,,,,,,,,,,,,,,,,,,,,,
14,2854,0.3289732038974762,0.15345335006713867,0.05955914780497551,0.029406070709228516,0.2987624704837799,0.4657030701637268,0.33809882402420044,0.6255685091018677,0.24028269946575165,0.7499243021011353,5.439407825469971,3.7641170024871826,3.168255090713501,2.0374836921691895,6.337095260620117,6.558351039886475,6.789699554443359,6.520425796508789,4.791872501373291,8.987371444702148,,,,,,,,,,,7.419874668121338,4.336610794067383,3.5162994861602783,2.383819580078125,7.821007251739502,11.059370994567871,9.51464557647705,9.328164100646973,5.627098560333252,13.191855430603027,,,,,,,,,,,,,,,,,,,,,,,,,,,,,,,,,,,,,,,,
14,2859,0.6420433521270752,0.5779054760932922,1.4719536304473877,0.6698809862136841,0.4580605626106262,0.5191105604171753,0.48787596821784973,0.8727843761444092,0.08719780296087265,0.6336203813552856,8.394681930541992,6.495461463928223,12.598109245300293,9.202812194824219,7.909177303314209,9.910247802734375,8.818835258483887,8.190103530883789,2.547851085662842,9.879541397094727,,,,,,,,,,,10.733098030090332,8.415708541870117,17.480695724487305,11.377679824829102,9.684141159057617,11.676314353942871,11.429454803466797,11.018239974975586,3.389815330505371,12.125837326049805,,,,,,,,,,,,,,,,,,,,,,,,,,,,,,,,,,,,,,,,
14,2864,0.4315434694290161,0.29301002621650696,0.5795404314994812,0.7814595699310303,0.2322014719247818,0.4488723874092102,0.2622740864753723,0.5736257433891296,0.30599454045295715,0.4069128632545471,6.776633262634277,4.575891971588135,8.71706485748291,7.794373989105225,6.0102949142456055,8.527294158935547,5.685911178588867,7.4531378746032715,4.301702976226807,7.92402982711792,,,,,,,,,,,8.93139362335205,5.992437362670898,10.968659400939941,12.288763046264648,6.8949666023254395,10.857686996459961,8.380085945129395,8.932499885559082,6.350093841552734,9.717350959777832,,,,,,,,,,,,,,,,,,,,,,,,,,,,,,,,,,,,,,,,
14,2869,0.2808322012424469,0.16452056169509888,0.2885378897190094,0.22853827476501465,0.2230680137872696,0.3276737332344055,0.1901523470878601,0.6965289115905762,0.2028072476387024,0.20566296577453613,5.50770378112793,3.6667063236236572,5.713546276092529,4.996833801269531,5.365905284881592,6.922318458557129,5.097262382507324,7.956794738769531,4.414752960205078,5.435212135314941,,,,,,,,,,,7.1074090003967285,4.490269184112549,7.739502906799316,6.645602703094482,6.758001804351807,9.27676773071289,7.135454177856445,9.843019485473633,5.16969633102417,6.908364295959473,,,,,,,,,,,,,,,,,,,,,,,,,,,,,,,,,,,,,,,,
14,2874,0.6757741570472717,0.9484958052635193,0.6178194284439087,0.33096033334732056,0.6291146874427795,0.7252137660980225,1.093497633934021,0.2615789473056793,0.5379006862640381,0.9373862743377686,8.4201021194458,7.526688575744629,8.484037399291992,6.141791343688965,8.18857192993164,10.019060134887695,12.667278289794922,5.048189163208008,6.606842041015625,11.098453521728516,,,,,,,,,,,11.285029411315918,10.781519889831543,11.32511043548584,7.997289657592773,11.34918212890625,13.800947189331055,17.111169815063477,6.031982898712158,8.419268608093262,14.748793601989746,,,,,,,,,,,,,,,,,,,,,,,,,,,,,,,,,,,,,,,,
14,2879,0.4301936626434326,0.5813884735107422,0.15147709846496582,0.3443748950958252,0.4358437955379486,0.4984567165374756,0.4297797381877899,0.8977850079536438,0.1419958770275116,0.3906415104866028,6.7068352699279785,6.078632831573486,4.5088067054748535,6.624391078948975,7.283919811248779,9.620272636413574,8.105124473571777,6.42120361328125,3.855088472366333,7.864077568054199,,,,,,,,,,,8.76041030883789,8.441030502319336,5.6077046394348145,8.157753944396973,9.446372985839844,11.44167423248291,10.72738265991211,11.174932479858398,4.325747013092041,9.521084785461426,,,,,,,,,,,,,,,,,,,,,,,,,,,,,,,,,,,,,,,,
14,2884,0.2753784656524658,0.24810372292995453,0.18811839818954468,0.14299632608890533,0.3964202105998993,0.16760805249214172,0.40375465154647827,0.26662391424179077,0.15314731001853943,0.511633574962616,5.96597957611084,4.281273365020752,5.064121723175049,3.4328408241271973,8.53835678100586,4.482018947601318,9.536288261413574,5.439727783203125,4.355294227600098,8.56389331817627,,,,,,,,,,,7.171102046966553,5.514153957366943,6.249241352081299,5.256749629974365,9.009018898010254,6.634730815887451,10.397515296936035,6.089873313903809,4.492395401000977,10.896242141723633,,,,,,,,,,,,,,,,,,,,,,,,,,,,,,,,,,,,,,,,
14,2889,0.3932131826877594,0.3047790229320526,0.2834041714668274,0.08762259781360626,0.2015247792005539,0.7005835771560669,0.22779667377471924,0.2278808206319809,1.1281633377075195,0.37716367840766907,6.556966304779053,5.627276420593262,5.278999328613281,3.7811923027038574,5.351866245269775,9.386002540588379,6.42673921585083,4.549331188201904,11.101876258850098,7.5094122886657715,,,,,,,,,,,8.097012519836426,6.111598014831543,7.670342445373535,4.114934921264648,6.423383712768555,13.564562797546387,7.809881210327148,5.630054950714111,12.192963600158691,9.35539436340332,,,,,,,,,,,,,,,,,,,,,,,,,,,,,,,,,,,,,,,,
14,2894,0.5399987101554871,0.9749165177345276,0.38289666175842285,0.30400407314300537,0.5401059985160828,0.4635152220726013,0.4531944990158081,0.8006318807601929,0.4403158724308014,0.5004078149795532,8.307473182678223,8.561707496643066,7.783027172088623,6.99462366104126,7.779421806335449,9.281516075134277,7.908219337463379,9.037939071655273,7.617378234863281,9.803424835205078,,,,,,,,,,,9.89135456085205,10.930649757385254,8.91563892364502,7.664690017700195,10.51572322845459,11.03336238861084,11.015725135803223,10.552980422973633,7.617378234863281,10.776041030883789,,,,,,,,,,,,,,,,,,,,,,,,,,,,,,,,,,,,,,,,
14,2899,0.3328647315502167,0.33417654037475586,0.34703248739242554,0.1830182671546936,0.21219152212142944,0.602946937084198,0.19808287918567657,0.19366143643856049,0.44132089614868164,0.48335155844688416,6.093211650848389,4.6314897537231445,7.62339973449707,5.262441158294678,4.760914325714111,7.481679916381836,6.000882148742676,4.36453914642334,6.123117446899414,8.590444564819336,,,,,,,,,,,7.855477333068848,6.399561882019043,8.487831115722656,5.947056770324707,6.591187477111816,12.583903312683105,7.282731056213379,5.190154552459717,7.626065731048584,10.590799331665039,,,,,,,,,,,,,,,,,,,,,,,,,,,,,,,,,,,,,,,,
14,2904,0.5466738939285278,0.5833455920219421,0.36798638105392456,0.671438455581665,0.43159857392311096,0.8294838666915894,0.41564738750457764,0.4901192784309387,0.5326341390609741,0.5978114008903503,8.170734405517578,6.361878871917725,7.341908931732178,9.194101333618164,8.110982894897461,12.299918174743652,8.460787773132324,6.418304920196533,6.627110004425049,8.72160816192627,,,,,,,,,,,10.189882278442383,8.455225944519043,8.740324020385742,11.390898704528809,9.400254249572754,14.759778022766113,10.549535751342773,8.256758689880371,8.377949714660645,11.778210639953613,,,,,,,,,,,,,,,,,,,,,,,,,,,,,,,,,,,,,,,,
14,2909,0.2318979650735855,0.31035733222961426,0.13500605523586273,0.2597518861293793,0.3024383783340454,0.164947971701622,0.18187272548675537,0.25414326786994934,0.3474956750869751,0.1310684084892273,5.129941463470459,5.0735907554626465,4.14356803894043,6.47753381729126,5.732273101806641,5.429939270019531,5.2671895027160645,4.658830642700195,4.893727779388428,4.4928202629089355,,,,,,,,,,,6.467014789581299,6.167274475097656,5.294053077697754,7.084908485412598,7.868973731994629,6.5818705558776855,6.978379726409912,5.945631504058838,6.76702880859375,5.51500940322876,,,,,,,,,,,,,,,,,,,,,,,,,,,,,,,,,,,,,,,,
14,2909,,,,,,,,,,,6.56028413772583,5.360785484313965,6.37935733795166,6.277365684509277,6.887425899505615,8.246912956237793,7.197938919067383,5.726871013641357,5.708948612213135,7.25695276260376,0.5786476731300354,0.5665419101715088,0.6476693153381348,0.6485690474510193,0.5768144130706787,0.4914689064025879,0.5717653036117554,0.584478497505188,0.5679828524589539,0.5525388717651367,8.651247024536133,7.1012043952941895,8.421890258789062,8.208104133605957,9.127684593200684,10.882880210876465,9.649480819702148,7.510837078094482,7.452708721160889,9.506431579589844,0.5200437307357788,0.563054621219635,0.6117690801620483,0.3292279541492462,0.5993211269378662,0.5591931343078613,0.4698203504085541,0.44787949323654175,0.5791376829147339,0.5209904909133911,7.353715896606445,5.755126476287842,7.792904853820801,6.031929016113281,8.794445037841797,9.067362785339355,8.310340881347656,5.728090286254883,6.691155910491943,8.012080192565918,0.4310084879398346,0.40808725357055664,0.5039523839950562,0.6618136167526245,0.26953786611557007,0.49456292390823364,0.5214059352874756,0.31191521883010864,0.21552443504333496,0.4922768473625183,10.026130676269531,8.513205528259277,10.798090934753418,8.639361381530762,11.56362533569336,12.223311424255371,11.059574127197266,7.7334113121032715,9.006698608398438,10.697896003723145
15,2914,0.25503769516944885,0.23760685324668884,0.17245154082775116,0.2019559144973755,0.20080669224262238,0.2919061779975891,0.13822293281555176,0.18249288201332092,0.441897988319397,0.42799824476242065,5.646011829376221,4.701687812805176,4.876876354217529,5.47346830368042,5.137699127197266,7.517530918121338,4.444603443145752,3.9237987995147705,6.261810302734375,8.476629257202148,,,,,,,,,,,6.834822177886963,5.396245956420898,5.983360767364502,6.247168064117432,6.411929607391357,8.755833625793457,6.0836029052734375,5.038272857666016,7.631050109863281,9.965938568115234,,,,,,,,,,,,,,,,,,,,,,,,,,,,,,,,,,,,,,,,
15,2919,0.37424004077911377,0.32074183225631714,0.4424348473548889,0.19894634187221527,0.6161009073257446,0.31419071555137634,0.4723277688026428,0.28951284289360046,0.4817075729370117,0.23219738900661469,6.542288780212402,5.250770092010498,6.513643741607666,4.5444655418396,8.609148979187012,7.277785301208496,9.113327026367188,5.561791896820068,6.32046365737915,5.689201831817627,,,,,,,,,,,8.36316967010498,6.269603252410889,9.583767890930176,6.20044469833374,11.231184005737305,9.083904266357422,11.245856285095215,6.34589147567749,7.967370510101318,7.340504169464111,,,,,,,,,,,,,,,,,,,,,,,,,,,,,,,,,,,,,,,,
15,2924,0.4336238205432892,0.7241705656051636,0.14432625472545624,0.18262290954589844,0.9062765836715698,0.5168896317481995,0.29822784662246704,0.5268347263336182,0.19120162725448608,0.4120641350746155,6.825376033782959,6.5452961921691895,5.136873722076416,5.356342315673828,9.462162017822266,8.125997543334961,5.738774299621582,8.560437202453613,4.556501388549805,7.9459991455078125,,,,,,,,,,,8.711419105529785,9.420690536499023,5.4737420082092285,5.940629959106445,13.621659278869629,11.651310920715332,8.93603515625,8.560437202453613,5.019599914550781,9.778666496276855,,,,,,,,,,,,,,,,,,,,,,,,,,,,,,,,,,,,,,,,
15,2929,0.3059755861759186,0.3092154860496521,0.3948419988155365,0.546334981918335,0.07895885407924652,0.29198259115219116,0.3948075771331787,0.22994008660316467,0.22298668324947357,0.2847120463848114,5.7810821533203125,5.220856666564941,4.720707893371582,7.03313684463501,3.0970895290374756,7.836268901824951,7.462000370025635,5.191451072692871,5.127963542938232,6.340264797210693,,,,,,,,,,,7.527609825134277,6.155919075012207,9.053642272949219,10.27506160736084,4.020685195922852,8.756979942321777,10.28166675567627,5.655436038970947,5.420792102813721,8.128307342529297,,,,,,,,,,,,,,,,,,,,,,,,,,,,,,,,,,,,,,,,
15,2934,0.27506616711616516,0.22628216445446014,0.27185988426208496,0.1524377316236496,0.2611086368560791,0.37661221623420715,0.3262284994125366,0.2090076208114624,0.5228080749511719,0.12925076484680176,5.63814115524292,4.17669153213501,6.294836044311523,4.018994331359863,5.627528190612793,7.3526835441589355,7.0509748458862305,4.71029806137085,7.159336566925049,4.351923942565918,,,,,,,,,,,7.108669757843018,5.266079902648926,7.512495040893555,5.427515983581543,7.311563491821289,9.945418357849121,9.346129417419434,5.39187479019165,8.300312995910645,5.476634979248047,,,,,,,,,,,,,,,,,,,,,,,,,,,,,,,,,,,,,,,,
15,2939,0.37437885999679565,0.2517346441745758,0.31868425011634827,0.29322370886802673,0.3506709635257721,0.37600409984588623,0.21504348516464233,0.37562981247901917,0.9430027008056641,0.24541619420051575,6.698357582092285,4.677237033843994,7.185254096984863,5.992575168609619,6.777261734008789,8.900607109069824,6.93781042098999,4.668863296508789,9.358572006225586,5.787037372589111,,,,,,,,,,,8.126321792602539,5.554356575012207,8.133771896362305,7.52756404876709,8.473240852355957,9.937385559082031,7.588115692138672,7.228343486785889,11.147558212280273,7.5465569496154785,,,,,,,,,,,,,,,,,,,,,,,,,,,,,,,,,,,,,,,,
15,2944,0.29538875818252563,0.18725913763046265,0.6331642866134644,0.1373865306377411,0.2687276601791382,0.25518783926963806,0.39412441849708557,0.16268686950206757,0.43742647767066956,0.18253538012504578,5.731380939483643,3.7274012565612793,8.387965202331543,4.1140217781066895,5.313482761383057,6.6800689697265625,7.409645080566406,4.096698760986328,6.933228492736816,4.919914245605469,,,,,,,,,,,7.349180698394775,4.79053258895874,11.464888572692871,5.152606010437012,7.4174699783325195,8.186643600463867,10.272768020629883,4.757019996643066,7.592343330383301,6.508347511291504,,,,,,,,,,,,,,,,,,,,,,,,,,,,,,,,,,,,,,,,
15,2949,0.30832305550575256,0.521479070186615,0.062109705060720444,0.21271716058254242,0.2734048068523407,0.49039071798324585,0.2931916117668152,0.4215582609176636,0.01959787681698799,0.4804583787918091,5.847257614135742,7.40950345993042,3.0234901905059814,5.269950866699219,5.8106160163879395,9.234923362731934,7.204442024230957,6.404510974884033,1.3382329940795898,6.929646015167236,,,,,,,,,,,7.278988361358643,7.99430513381958,3.590801477432251,6.411448001861572,7.4817423820495605,11.348722457885742,8.860261917114258,7.657508850097656,1.6070441007614136,10.559056282043457,,,,,,,,,,,,,,,,,,,,,,,,,,,,,,,,,,,,,,,,
15,2954,1.1477797031402588,0.4436788856983185,1.2074447870254517,2.0885446071624756,1.0442991256713867,0.5847480893135071,0.8555422425270081,1.883832335472107,1.7130343914031982,0.508892834186554,10.389558792114258,5.672268390655518,11.54619026184082,14.258639335632324,10.346352577209473,8.59855842590332,9.234711647033691,12.919267654418945,12.975423812866211,7.9546122550964355,,,,,,,,,,,14.16948413848877,7.373889923095703,15.832345962524414,20.089855194091797,14.622178077697754,12.392538070678711,15.1353178024292,16.187501907348633,15.024718284606934,10.86701774597168,,,,,,,,,,,,,,,,,,,,,,,,,,,,,,,,,,,,,,,,
15,2959,0.5132901668548584,0.30559098720550537,0.7556467652320862,0.5973333120346069,0.2333817034959793,0.5906206369400024,0.38203489780426025,0.8257214426994324,0.7245748043060303,0.20470674335956573,7.366907596588135,5.2359137535095215,8.948812484741211,9.12788200378418,5.60331916809082,9.103264808654785,8.780057907104492,6.872991561889648,7.492877006530762,5.137047290802002,,,,,,,,,,,9.58338451385498,6.119734287261963,12.524807929992676,10.743932723999023,6.912467002868652,12.454610824584961,10.113985061645508,10.717056274414062,9.77158260345459,6.8922858238220215,,,,,,,,,,,,,,,,,,,,,,,,,,,,,,,,,,,,,,,,
15,2964,0.24395686388015747,0.2289160043001175,0.1786782145500183,0.14543750882148743,0.17032167315483093,0.2604089081287384,0.1603374481201172,0.1340840756893158,0.39259928464889526,0.5248286128044128,5.243949890136719,3.9356353282928467,5.412027835845947,4.356346130371094,5.185473442077637,5.77305793762207,5.150476932525635,3.263819456100464,6.484752655029297,7.633963108062744,,,,,,,,,,,6.6625752449035645,5.2966389656066895,6.090423583984375,5.3014302253723145,5.905200481414795,8.269967079162598,6.552217483520508,4.318643569946289,7.192800998687744,11.03585433959961,,,,,,,,,,,,,,,,,,,,,,,,,,,,,,,,,,,,,,,,
15,2969,0.3595769703388214,0.25107547640800476,0.17508111894130707,0.234818696975708,0.4417968690395355,0.3762029707431793,0.47673460841178894,0.30279141664505005,0.5610138177871704,0.4166777729988098,6.003595352172852,4.561551094055176,4.393864154815674,4.685395240783691,6.89737606048584,6.695477485656738,7.318894386291504,5.594673156738281,6.241329193115234,7.643795490264893,,,,,,,,,,,8.220261573791504,5.5470805168151855,6.028805732727051,6.736297130584717,9.510666847229004,9.940013885498047,11.298196792602539,6.489788055419922,8.598249435424805,9.833257675170898,,,,,,,,,,,,,,,,,,,,,,,,,,,,,,,,,,,,,,,,
15,2974,0.4628288447856903,0.3878132700920105,0.042430274188518524,0.6898037195205688,0.5575416684150696,0.5557618737220764,0.4412762224674225,0.5395352840423584,0.2953919768333435,0.6559053659439087,7.030582904815674,4.918179988861084,2.548966407775879,8.841331481933594,7.1595458984375,8.809038162231445,8.135981559753418,7.687801361083984,4.867866516113281,10.306535720825195,,,,,,,,,,,9.142491340637207,6.894036769866943,2.9679019451141357,11.545631408691406,10.684109687805176,12.081482887268066,10.869913101196289,8.663006782531738,6.239109992980957,12.337233543395996,,,,,,,,,,,,,,,,,,,,,,,,,,,,,,,,,,,,,,,,
15,2979,0.30259695649147034,0.9904420971870422,0.22951380908489227,0.08802212029695511,0.21451124548912048,0.3845955729484558,0.199525386095047,0.11052228510379791,0.12425132840871811,0.3819884657859802,5.441737651824951,6.342056751251221,5.632335186004639,3.1549315452575684,5.1967363357543945,7.946805477142334,5.6197190284729,3.39227557182312,3.404109477996826,8.28667163848877,,,,,,,,,,,7.045918941497803,11.017340660095215,6.902653694152832,4.124305725097656,6.62711763381958,10.050276756286621,7.309200763702393,3.9208807945251465,4.046446800231934,9.415043830871582,,,,,,,,,,,,,,,,,,,,,,,,,,,,,,,,,,,,,,,,
15,2984,0.434110552072525,0.426800012588501,0.2728657126426697,0.45566391944885254,0.6145763397216797,0.531633198261261,0.39927223324775696,0.4323822557926178,0.47312626242637634,0.3006747364997864,6.852906703948975,5.273367881774902,6.516371250152588,8.078371047973633,5.850175380706787,8.320244789123535,8.34283447265625,6.090328693389893,7.110443115234375,6.09402322769165,,,,,,,,,,,9.05777645111084,7.2322678565979,7.526379585266113,9.383767127990723,11.217280387878418,11.81631088256836,10.339638710021973,7.755193710327148,7.896085262298584,8.353060722351074,,,,,,,,,,,,,,,,,,,,,,,,,,,,,,,,,,,,,,,,
15,2989,0.3145361542701721,0.9111073017120361,0.14793667197227478,0.38506707549095154,0.09869922697544098,0.14719121158123016,0.229336217045784,0.42965391278266907,0.14190177619457245,0.3399319052696228,5.570796489715576,7.851813316345215,4.116354465484619,6.417755603790283,2.964462995529175,4.435703754425049,6.24955415725708,6.651309013366699,3.6480236053466797,7.802192211151123,,,,,,,,,,,7.135622501373291,10.566886901855469,5.541783809661865,8.626270294189453,4.4952778816223145,6.217514514923096,7.836228847503662,7.730687141418457,4.324314117431641,8.881640434265137,,,,,,,,,,,,,,,,,,,,,,,,,,,,,,,,,,,,,,,,
15,2994,0.6106328368186951,0.46853646636009216,0.280028760433197,0.5839231610298157,1.2015386819839478,0.9057430624961853,0.28903552889823914,0.4148048758506775,0.775012195110321,0.5770726203918457,7.837381839752197,5.552340030670166,4.548686981201172,7.347813606262207,11.940094947814941,11.999226570129395,7.249032974243164,5.534538269042969,8.120027542114258,8.244675636291504,,,,,,,,,,,10.555977821350098,7.577640533447266,7.624527931213379,10.62264633178711,15.684422492980957,15.423337936401367,8.797239303588867,7.595924377441406,10.10595989227295,11.572107315063477,,,,,,,,,,,,,,,,,,,,,,,,,,,,,,,,,,,,,,,,
15,2999,0.34101784229278564,0.7103586196899414,0.1711733043193817,0.5168236494064331,0.26212310791015625,0.25845274329185486,0.23984643816947937,0.4871572256088257,0.24085836112499237,0.18236704170703888,6.086131572723389,7.599418640136719,5.079642295837402,6.794945240020752,5.831062316894531,6.724623680114746,5.760607719421387,7.526833534240723,3.760030746459961,5.698018550872803,,,,,,,,,,,7.692732334136963,9.33041763305664,5.96114444732666,9.993694305419922,7.325754165649414,8.238846778869629,8.01378059387207,8.231770515441895,5.633835315704346,6.505345821380615,,,,,,,,,,,,,,,,,,,,,,,,,,,,,,,,,,,,,,,,
15,3004,0.32627174258232117,0.5499961972236633,0.05633541941642761,0.010166970081627369,0.9515916705131531,0.34715351462364197,0.26117461919784546,0.2685120701789856,0.16325567662715912,0.3282598555088043,5.408102035522461,5.8533172607421875,3.0560812950134277,1.1211799383163452,9.893012046813965,6.774443626403809,6.634059429168701,5.151224136352539,4.140617847442627,6.048979759216309,,,,,,,,,,,7.153120517730713,8.209980010986328,3.419813871383667,1.4016855955123901,13.958056449890137,9.548532485961914,8.362502098083496,6.111399173736572,4.638284683227539,8.727826118469238,,,,,,,,,,,,,,,,,,,,,,,,,,,,,,,,,,,,,,,,
15,3009,0.48477309942245483,0.6689499020576477,0.4111435115337372,0.8919975161552429,0.5701696276664734,0.39654746651649475,0.36453020572662354,0.5638570189476013,0.19484266638755798,0.30091989040374756,7.063647747039795,7.735396862030029,7.182070255279541,8.525125503540039,8.713727951049805,8.521117210388184,6.924300193786621,6.272147178649902,4.52463436126709,5.174309730529785,,,,,,,,,,,9.399019241333008,9.054387092590332,9.2386474609375,13.129152297973633,10.804425239562988,10.205245971679688,9.879558563232422,8.856115341186523,5.06716775894165,8.356465339660645,,,,,,,,,,,,,,,,,,,,,,,,,,,,,,,,,,,,,,,,
15,3014,0.24049432575702667,0.22759252786636353,0.23626862466335297,0.2020590603351593,0.14705651998519897,0.2962656617164612,0.11537351459264755,0.2117254137992859,0.26667195558547974,0.4614357352256775,5.5969462394714355,4.29395866394043,6.3069281578063965,5.4700703620910645,3.991870164871216,7.497938632965088,4.312196731567383,4.20345401763916,5.349660873413086,8.946439743041992,,,,,,,,,,,6.678053379058838,5.281305313110352,7.003493309020996,6.248762607574463,5.487086296081543,8.82097339630127,5.558067798614502,5.426817893981934,5.928051471710205,10.347914695739746,,,,,,,,,,,,,,,,,,,,,,,,,,,,,,,,,,,,,,,,
15,3019,0.49800506234169006,0.24679017066955566,0.807377815246582,0.7735487222671509,0.9133017659187317,0.45650824904441833,0.43165838718414307,0.23462313413619995,0.13555707037448883,0.48268038034439087,7.964552879333496,4.829117298126221,11.68753719329834,8.951913833618164,11.9537353515625,8.637927055358887,8.664732933044434,4.520796775817871,4.103124141693115,8.33209228515625,,,,,,,,,,,9.618877410888672,5.499537944793701,12.946432113647461,12.226402282714844,13.67435359954834,10.949647903442383,10.750802040100098,5.712735176086426,4.226533889770508,10.583444595336914,,,,,,,,,,,,,,,,,,,,,,,,,,,,,,,,,,,,,,,,
15,3024,0.34292665123939514,0.7631335854530334,0.21761684119701385,0.4582994282245636,0.3114948272705078,0.3357967138290405,0.21507197618484497,0.32133957743644714,0.1853305548429489,0.2782564163208008,6.118580341339111,6.969631195068359,5.598065376281738,6.431473731994629,6.8340888023376465,8.041749000549316,5.9824066162109375,5.0493059158325195,4.047001838684082,6.113502502441406,,,,,,,,,,,7.825754642486572,9.67080307006836,6.721371650695801,9.41086483001709,7.985922336578369,9.391048431396484,7.588618755340576,6.685607433319092,4.941932678222656,8.035627365112305,,,,,,,,,,,,,,,,,,,,,,,,,,,,,,,,,,,,,,,,
15,3029,0.3041917085647583,0.17342311143875122,0.17094603180885315,0.4404486119747162,0.1566997468471527,0.28204578161239624,0.23009100556373596,0.29971274733543396,0.6129217147827148,0.37143656611442566,6.155294418334961,3.5831031799316406,4.593091011047363,8.20493221282959,4.593019962310791,6.94272518157959,6.911747455596924,5.700974464416504,7.454998970031738,7.413054943084717,,,,,,,,,,,7.404563903808594,4.610157489776611,5.957186222076416,9.225767135620117,5.664137363433838,8.606680870056152,7.8491129875183105,6.456710338592529,8.987228393554688,9.28409481048584,,,,,,,,,,,,,,,,,,,,,,,,,,,,,,,,,,,,,,,,
15,3034,0.29075923562049866,0.25412318110466003,0.16833768784999847,0.2654078006744385,0.09339603781700134,0.4323038160800934,0.18093371391296387,0.41541728377342224,0.229257732629776,0.577656090259552,5.650206565856934,4.331007957458496,4.408092021942139,6.159510135650635,3.529097080230713,7.624973297119141,5.47361421585083,6.448854923248291,5.069112300872803,7.8075995445251465,,,,,,,,,,,7.257601261138916,5.58064603805542,5.911562919616699,7.161627292633057,4.372842788696289,10.655416488647461,6.960340976715088,7.601529598236084,5.496487617492676,11.57795524597168,,,,,,,,,,,,,,,,,,,,,,,,,,,,,,,,,,,,,,,,
15,3039,0.42339733242988586,0.48478955030441284,0.24628372490406036,0.4377666413784027,0.10173977166414261,0.17240694165229797,0.23635822534561157,0.7069180011749268,1.1786555051803589,0.24565786123275757,6.626886367797852,6.973288059234619,6.717425346374512,6.1698479652404785,3.7588865756988525,5.341796398162842,6.897154808044434,7.146250247955322,9.94958209991455,6.687740802764893,,,,,,,,,,,8.137062072753906,7.707950115203857,7.150386333465576,9.197636604309082,4.563993453979492,6.729041576385498,7.955292224884033,9.916153907775879,12.462831497192383,7.550271034240723,,,,,,,,,,,,,,,,,,,,,,,,,,,,,,,,,,,,,,,,
15,3044,0.5212889909744263,0.22615405917167664,0.11421430110931396,0.34929999709129333,0.6028947830200195,0.5623335838317871,0.509175717830658,0.3524373471736908,1.369499921798706,0.6055910587310791,7.346384525299072,4.460209369659424,4.328701019287109,6.289980411529541,9.029422760009766,9.850174903869629,9.330904006958008,4.4595627784729,9.479174613952637,8.88933277130127,,,,,,,,,,,9.508797645568848,5.264588356018066,4.869359970092773,8.21588134765625,11.110161781311035,12.152702331542969,11.676283836364746,7.001638412475586,13.433967590332031,11.854599952697754,,,,,,,,,,,,,,,,,,,,,,,,,,,,,,,,,,,,,,,,
15,3049,0.46414655447006226,0.43719321489334106,0.657855212688446,0.35720714926719666,0.7628415822982788,0.4230426549911499,0.39132681488990784,0.48876503109931946,0.2524780333042145,0.4066092073917389,7.113857746124268,5.486520767211914,9.401590347290039,6.003180027008057,8.52579402923584,7.931241989135742,8.288324356079102,5.820493698120117,4.296936988830566,8.270637512207031,,,,,,,,,,,9.368430137634277,7.319796085357666,11.686294555664062,8.308353424072266,12.497318267822266,10.540663719177246,10.23624324798584,8.245344161987305,5.768129825592041,9.713725090026855,,,,,,,,,,,,,,,,,,,,,,,,,,,,,,,,,,,,,,,,
15,3054,0.3198033571243286,0.5418487787246704,0.2300509810447693,0.17702780663967133,0.2930125296115875,0.4589026868343353,0.3802794814109802,0.14411453902721405,0.3435874581336975,0.3094058036804199,6.171928882598877,5.44000244140625,5.521668910980225,5.79006290435791,6.636346817016602,8.872832298278809,6.4846882820129395,4.218605041503906,5.493937015533447,7.0892157554626465,,,,,,,,,,,7.71140193939209,8.148943901062012,6.910726547241211,5.848918914794922,7.74537992477417,10.978326797485352,10.09072208404541,4.477263450622559,6.728867053985596,8.473472595214844,,,,,,,,,,,,,,,,,,,,,,,,,,,,,,,,,,,,,,,,
15,3059,0.31570425629615784,0.10972021520137787,0.1908034086227417,0.4796546399593353,0.24749551713466644,0.3513781726360321,0.14428071677684784,0.23798982799053192,0.38631293177604675,0.6937028765678406,5.9433746337890625,2.8623733520507812,4.57811164855957,7.094940185546875,5.570083141326904,7.744998931884766,4.755540370941162,4.801365852355957,5.84453821182251,10.238415718078613,,,,,,,,,,,7.5672125816345215,3.6669552326202393,6.293680667877197,9.627626419067383,7.118414878845215,9.606457710266113,6.215483665466309,5.75357723236084,7.134982585906982,12.68773078918457,,,,,,,,,,,,,,,,,,,,,,,,,,,,,,,,,,,,,,,,
15,3064,0.3062920570373535,0.16127024590969086,0.45832595229148865,0.18932130932807922,0.27778878808021545,0.2914396822452545,0.5511105060577393,0.09047520905733109,0.3094085156917572,0.42748820781707764,6.377452373504639,4.006248950958252,8.165367126464844,4.9629411697387695,5.472838878631592,7.4346723556518555,9.849204063415527,3.137101650238037,5.953502178192139,8.41519546508789,,,,,,,,,,,7.619943618774414,4.44569206237793,9.754363059997559,6.0485968589782715,7.541487216949463,8.748834609985352,12.147589683532715,3.54750919342041,6.3854193687438965,9.959999084472656,,,,,,,,,,,,,,,,,,,,,,,,,,,,,,,,,,,,,,,,
15,3069,0.39977332949638367,0.3794201612472534,0.5753249526023865,0.36958885192871094,0.19634626805782318,0.47175437211990356,0.24982596933841705,0.26722654700279236,0.6122354865074158,0.47623735666275024,6.597845554351807,5.030857563018799,9.118485450744629,5.956192970275879,5.563302040100098,8.09903335571289,6.0109758377075195,5.026463508605957,7.3131208419799805,7.262172698974609,,,,,,,,,,,8.604496955871582,6.819027900695801,10.928693771362305,8.45112133026123,6.340316295623779,11.130990028381348,8.178799629211426,6.096751689910889,8.982196807861328,10.51257038116455,,,,,,,,,,,,,,,,,,,,,,,,,,,,,,,,,,,,,,,,
15,3074,0.5287671685218811,0.27822017669677734,1.3409607410430908,0.5224811434745789,0.5340577960014343,0.33627083897590637,0.4843759834766388,0.740378737449646,0.3557484745979309,0.16641049087047577,7.681835651397705,4.351059436798096,13.265113830566406,7.36404275894165,8.059815406799316,7.9333882331848145,7.678524017333984,9.467251777648926,5.746696949005127,5.270622730255127,,,,,,,,,,,9.669361114501953,5.839243412017822,16.684749603271484,10.04824447631836,10.45667839050293,9.397676467895508,11.388383865356445,10.148122787475586,6.846912860870361,6.2142333984375,,,,,,,,,,,,,,,,,,,,,,,,,,,,,,,,,,,,,,,,
15,3079,0.41043615341186523,0.2952907085418701,0.28360918164253235,0.22861728072166443,0.3329179584980011,1.2480047941207886,0.3953598141670227,0.27651894092559814,0.3095471262931824,0.32405978441238403,6.851524829864502,4.353070259094238,6.461912631988525,5.484736442565918,6.631120681762695,11.93150520324707,8.494474411010742,5.434452533721924,5.471046447753906,7.401404857635498,,,,,,,,,,,8.693923950195312,6.015713691711426,7.673117160797119,6.646751403808594,8.255972862243652,18.104393005371094,10.28885555267334,6.20184850692749,6.3868489265441895,8.6718111038208,,,,,,,,,,,,,,,,,,,,,,,,,,,,,,,,,,,,,,,,
15,3084,0.3368840217590332,0.31448814272880554,0.10631047189235687,0.21790406107902527,0.2703928053379059,0.4346522390842438,0.5539082884788513,0.4657836854457855,0.36587390303611755,0.3026425540447235,6.3399763107299805,5.393474102020264,4.191332817077637,5.72564697265625,5.719945430755615,8.161789894104004,9.839530944824219,6.83566427230835,5.437577724456787,5.75482702255249,,,,,,,,,,,7.89683198928833,6.208181858062744,4.6978559494018555,6.489145278930664,7.440415382385254,10.684318542480469,12.178385734558105,8.049165725708008,6.943668842315674,8.380351066589355,,,,,,,,,,,,,,,,,,,,,,,,,,,,,,,,,,,,,,,,
15,3089,0.390117883682251,0.3655880391597748,0.45883288979530334,0.302462100982666,0.5405426025390625,0.4409570097923279,0.4518580734729767,0.14906655251979828,0.2909594178199768,0.5107942223548889,7.2933349609375,5.289342403411865,8.524846076965332,5.892716407775879,9.494691848754883,8.744856834411621,9.631448745727539,3.967909097671509,5.5480780601501465,8.54612922668457,,,,,,,,,,,8.66805362701416,6.693576812744141,9.75975513458252,7.645226955413818,10.51997184753418,10.761528015136719,10.999470710754395,4.553536415100098,6.192121982574463,10.887300491333008,,,,,,,,,,,,,,,,,,,,,,,,,,,,,,,,,,,,,,,,
15,3094,0.517410933971405,0.4082117974758148,0.23009714484214783,0.2529870867729187,0.6027643084526062,0.8612305521965027,0.6040646433830261,1.2155942916870117,0.19337700307369232,0.28837162256240845,7.881093502044678,5.5804243087768555,6.127973556518555,6.876264572143555,9.62667465209961,12.542190551757812,9.60711669921875,9.557876586914062,3.900080919265747,7.111238479614258,,,,,,,,,,,9.563840866088867,7.073022365570068,6.911419868469238,6.992042541503906,11.108960151672363,15.039575576782227,12.717814445495605,13.003283500671387,5.048074245452881,8.180379867553711,,,,,,,,,,,,,,,,,,,,,,,,,,,,,,,,,,,,,,,,
15,3099,0.3479505181312561,0.5036232471466064,0.15427908301353455,0.05277375504374504,0.6522906422615051,0.5528364777565002,0.32911717891693115,0.37883520126342773,0.19578781723976135,0.31201109290122986,6.068946838378906,6.019089698791504,4.471588611602783,3.131260633468628,8.48912239074707,8.302143096923828,5.771484851837158,6.626182556152344,5.079442977905273,6.730205059051514,,,,,,,,,,,7.838898658752441,7.856247425079346,5.659332275390625,3.1934781074523926,11.556336402893066,12.049643516540527,9.387415885925293,7.259118556976318,5.079442977905273,8.509072303771973,,,,,,,,,,,,,,,,,,,,,,,,,,,,,,,,,,,,,,,,
15,3103,,,,,,,,,,,6.516366958618164,5.291136264801025,6.387066841125488,6.1898603439331055,6.826319217681885,8.212285995483398,7.265127182006836,5.569223880767822,5.654230117797852,7.2520527839660645,0.5833019018173218,0.5753769874572754,0.6490503549575806,0.6487683057785034,0.5769175291061401,0.4928024411201477,0.5678324103355408,0.6067690253257751,0.5785403251647949,0.5536601543426514,8.610074043273926,7.0284600257873535,8.405370712280273,8.205777168273926,9.126571655273438,10.868599891662598,9.69369125366211,7.306600570678711,7.361081600189209,9.494515419006348,0.6081448793411255,0.6666426062583923,0.6389732360839844,0.4462125897407532,0.7127010226249695,0.6730368733406067,0.5937241315841675,0.4879923164844513,0.701517641544342,0.5525029897689819,8.125877380371094,6.748939037322998,8.363361358642578,6.439920425415039,9.629922866821289,9.889025688171387,9.453353881835938,6.217336177825928,7.841766834259033,8.549266815185547,0.32519394159317017,0.29894834756851196,0.455258846282959,0.5734035968780518,0.12285786867141724,0.38604044914245605,0.38635140657424927,0.21305066347122192,0.030642569065093994,0.46019166707992554,10.918136596679688,9.26486873626709,11.315672874450684,9.70313835144043,12.671562194824219,13.471787452697754,12.52318000793457,8.270342826843262,10.011932373046875,11.030741691589355
16,3104,0.46278253197669983,0.17321862280368805,0.1701786071062088,0.36260372400283813,0.5780547261238098,0.5696119070053101,0.43987512588500977,0.5625029802322388,0.9693334698677063,0.3396642208099365,6.981565952301025,3.6780216693878174,4.150473117828369,6.61652135848999,8.082223892211914,10.175169944763184,8.419661521911621,6.529864311218262,8.538492202758789,6.643660545349121,,,,,,,,,,,9.101162910461426,4.607438564300537,5.943799018859863,8.370878219604492,10.878878593444824,12.231097221374512,10.852642059326172,8.845474243164062,11.302118301391602,8.878142356872559,,,,,,,,,,,,,,,,,,,,,,,,,,,,,,,,,,,,,,,,
16,3109,0.36448225378990173,0.5241377949714661,0.19557280838489532,0.48066362738609314,0.13345110416412354,0.13593757152557373,0.5399008989334106,0.5466339588165283,0.511023759841919,0.21301870048046112,6.173140048980713,5.573551177978516,5.217254161834717,7.436110496520996,3.8022735118865967,5.22998046875,7.8736724853515625,7.428153038024902,6.786538600921631,6.210727214813232,,,,,,,,,,,7.91185998916626,8.014657974243164,6.37185525894165,9.637747764587402,5.2270989418029785,5.975106239318848,12.023415565490723,8.719810485839844,8.206233024597168,7.030821323394775,,,,,,,,,,,,,,,,,,,,,,,,,,,,,,,,,,,,,,,,
16,3114,0.4011588990688324,0.21087323129177094,0.38680753111839294,0.11342577636241913,0.5100132822990417,0.5790998339653015,0.6372644305229187,0.5294327139854431,0.25571000576019287,0.3878032863140106,6.967316627502441,4.2154669761657715,7.782259464263916,3.87319278717041,8.005054473876953,9.7069673538208,9.115872383117676,8.232595443725586,4.064889907836914,7.709550380706787,,,,,,,,,,,8.690342903137207,5.083619117736816,8.961053848266602,4.681777000427246,10.218576431274414,12.332541465759277,13.062630653381348,8.581518173217773,5.804931640625,9.486433029174805,,,,,,,,,,,,,,,,,,,,,,,,,,,,,,,,,,,,,,,,
16,3119,0.4241005480289459,0.36214932799339294,0.16986100375652313,0.33474647998809814,1.1661617755889893,0.39819836616516113,0.3312617540359497,0.36690136790275574,0.36109495162963867,0.3265298902988434,7.196704387664795,5.5563435554504395,3.6436188220977783,6.834383964538574,12.381610870361328,7.8983378410339355,8.574128150939941,6.431824207305908,6.366679668426514,7.083418369293213,,,,,,,,,,,8.72069263458252,6.662022590637207,5.93825101852417,8.042903900146484,15.451798439025879,10.226466178894043,9.417951583862305,7.143867492675781,6.898171901702881,8.704797744750977,,,,,,,,,,,,,,,,,,,,,,,,,,,,,,,,,,,,,,,,
16,3124,0.4385603964328766,0.2953783869743347,0.6970688700675964,0.07665731757879257,0.35559213161468506,1.0154545307159424,0.1643994301557541,0.7210471630096436,0.3859277367591858,0.23551799356937408,6.7999701499938965,4.786872863769531,9.804182052612305,3.418825149536133,5.872964859008789,11.78886890411377,5.125905990600586,8.187468528747559,6.412898540496826,5.801743030548096,,,,,,,,,,,8.659103393554688,6.01660680770874,12.029553413391113,3.848856210708618,8.532487869262695,16.330747604370117,6.634694576263428,10.01476001739502,7.131424427032471,7.392805099487305,,,,,,,,,,,,,,,,,,,,,,,,,,,,,,,,,,,,,,,,
16,3129,0.29641976952552795,0.5997235774993896,0.20641854405403137,0.07917638123035431,0.3133721947669983,0.387081116437912,0.25482800602912903,0.35275161266326904,0.29281455278396606,0.1816120743751526,6.062849998474121,5.924856662750244,6.490927696228027,3.4126946926116943,7.0947160720825195,8.573868751525879,6.25850248336792,5.767374515533447,5.593441486358643,5.449267864227295,,,,,,,,,,,7.2324676513671875,8.573099136352539,6.546150207519531,3.9115841388702393,8.009952545166016,10.0826997756958,8.260272026062012,7.004759311676025,6.2118306159973145,6.491866588592529,,,,,,,,,,,,,,,,,,,,,,,,,,,,,,,,,,,,,,,,
16,3134,0.3666910231113434,0.17448373138904572,0.6394977569580078,0.24131673574447632,0.15989740192890167,0.28533121943473816,0.21400395035743713,0.4944709241390228,0.9903744459152222,0.10084311664104462,6.192912578582764,3.3624320030212402,9.258599281311035,5.180426597595215,4.516534328460693,7.806417465209961,5.050407409667969,6.544836044311523,9.722895622253418,4.293667316436768,,,,,,,,,,,7.719799518585205,4.624233245849609,11.522087097167969,6.828866481781006,5.721637725830078,8.656662940979004,7.5697526931762695,8.293333053588867,11.424126625061035,4.837492942810059,,,,,,,,,,,,,,,,,,,,,,,,,,,,,,,,,,,,,,,,
16,3139,0.5104119777679443,0.49823594093322754,0.7207719683647156,0.37232476472854614,0.43616151809692383,0.4539029598236084,0.3434547483921051,0.5291125774383545,0.5942881107330322,0.6454548239707947,8.24347972869873,6.929736137390137,11.897878646850586,5.902271747589111,8.6028413772583,9.01466178894043,7.870919704437256,6.343675136566162,7.161190032958984,10.468143463134766,,,,,,,,,,,9.79486083984375,7.814115047454834,12.232369422912598,8.482342720031738,9.449814796447754,10.91835880279541,9.589712142944336,8.578923225402832,8.849562644958496,12.238554000854492,,,,,,,,,,,,,,,,,,,,,,,,,,,,,,,,,,,,,,,,
16,3144,0.21489650011062622,0.18968509137630463,0.11315879225730896,0.14119313657283783,0.2594757080078125,0.28866589069366455,0.3442036509513855,0.16230295598506927,0.057846419513225555,0.3775367736816406,4.921881675720215,3.114671230316162,4.056793689727783,4.476978302001953,6.080477237701416,6.547715663909912,6.823010444641113,4.018548965454102,2.1995434761047363,6.979197025299072,,,,,,,,,,,6.373343467712402,4.821463584899902,4.846807956695557,5.223501205444336,7.288665294647217,8.707100868225098,9.6001615524292,4.75140380859375,2.7609689235687256,9.360020637512207,,,,,,,,,,,,,,,,,,,,,,,,,,,,,,,,,,,,,,,,
16,3149,0.2784298360347748,0.46214404702186584,0.14761750400066376,0.04014184698462486,0.32600271701812744,0.28423410654067993,0.12907584011554718,0.621322512626648,0.3231697380542755,0.1721600592136383,5.192564964294434,5.586362361907959,4.963203430175781,2.1905903816223145,7.244740962982178,6.93184757232666,4.331564903259277,5.513312339782715,4.721619129180908,5.249846458435059,,,,,,,,,,,6.742044448852539,7.52577018737793,5.535801887512207,2.785182237625122,8.169777870178223,8.64000415802002,5.878861904144287,9.296452522277832,6.525872707366943,6.320673942565918,,,,,,,,,,,,,,,,,,,,,,,,,,,,,,,,,,,,,,,,
16,3154,0.4735041856765747,0.27630773186683655,0.5550498366355896,0.12395081669092178,0.9167043566703796,0.48387229442596436,0.19608353078365326,0.6008658409118652,0.6479135751724243,0.4607895314693451,7.448883056640625,4.4751973152160645,8.870584487915039,4.42759370803833,9.758269309997559,8.88271427154541,5.996047496795654,7.60098123550415,9.040750503540039,7.9878153800964355,,,,,,,,,,,9.154383659362793,5.8191399574279785,10.734396934509277,4.8941755294799805,13.69980239868164,11.27304458618164,7.245882987976074,9.142131805419922,9.240209579467773,10.340665817260742,,,,,,,,,,,,,,,,,,,,,,,,,,,,,,,,,,,,,,,,
16,3159,0.5439240336418152,0.7324429750442505,0.21072837710380554,0.4058421850204468,0.2764558792114258,0.4980960488319397,0.2241213321685791,0.8454887866973877,1.0824640989303589,0.619676411151886,7.70779275894165,7.357222557067871,6.110799312591553,7.572797775268555,6.29010009765625,10.090007781982422,6.121713161468506,7.9145588874816895,8.890156745910645,9.022778511047363,,,,,,,,,,,9.603514671325684,9.474346160888672,6.614136695861816,8.855916023254395,7.523372650146484,11.43753433227539,7.746622085571289,10.84457778930664,11.943458557128906,11.991670608520508,,,,,,,,,,,,,,,,,,,,,,,,,,,,,,,,,,,,,,,,
16,3164,0.43049314618110657,0.48335161805152893,0.7150761485099792,0.5262893438339233,0.14573395252227783,0.505373477935791,0.3690296411514282,0.4376319944858551,0.5784772038459778,0.11347497254610062,6.5733184814453125,5.7244110107421875,7.9770684242248535,7.26907205581665,4.615882396697998,8.565592765808105,7.471481800079346,6.744900703430176,6.520854949951172,4.270599365234375,,,,,,,,,,,8.728161811828613,7.696509838104248,12.183940887451172,10.084796905517578,5.4623565673828125,11.520784378051758,9.940343856811523,7.802130699157715,8.731049537658691,5.131534099578857,,,,,,,,,,,,,,,,,,,,,,,,,,,,,,,,,,,,,,,,
16,3169,0.42273610830307007,0.20653611421585083,0.5767830610275269,0.5889841914176941,0.1362932324409485,0.4473441243171692,0.32172828912734985,0.22396038472652435,0.8584408760070801,0.4445545971393585,6.898163318634033,4.118288516998291,7.451584339141846,7.768014430999756,4.671867847442627,8.975092887878418,7.32421875,5.009110450744629,8.972208023071289,7.793083190917969,,,,,,,,,,,8.713284492492676,5.031068801879883,10.942533493041992,10.66858196258545,5.282466888427734,10.839186668395996,9.281440734863281,5.581415176391602,10.636003494262695,10.156867027282715,,,,,,,,,,,,,,,,,,,,,,,,,,,,,,,,,,,,,,,,
16,3174,0.5285722613334656,0.2489878237247467,0.5929322838783264,0.7293244004249573,0.3629380464553833,0.5146220922470093,0.6817200779914856,0.776063859462738,0.5005929470062256,0.34996849298477173,7.6508049964904785,4.723686218261719,8.010826110839844,9.81926155090332,6.863493919372559,8.11077880859375,9.130118370056152,7.431168079376221,7.1990251541137695,7.56889009475708,,,,,,,,,,,9.974503517150879,5.523970127105713,11.09466552734375,11.871763229370117,8.620171546936035,11.625725746154785,13.510576248168945,10.389805793762207,8.122049331665039,9.011802673339844,,,,,,,,,,,,,,,,,,,,,,,,,,,,,,,,,,,,,,,,
16,3179,0.4480658769607544,0.4276687800884247,0.36339449882507324,0.5987368822097778,0.18959566950798035,0.5855081677436829,0.5055705904960632,0.5658150911331177,0.3187555968761444,0.4775472581386566,6.705970764160156,5.231556415557861,6.4271440505981445,7.962432861328125,4.690340042114258,9.52901554107666,7.032406806945801,6.955577373504639,4.612002849578857,7.913264751434326,,,,,,,,,,,9.203030586242676,7.239624977111816,8.685619354248047,10.756547927856445,6.230370044708252,12.400589942932129,11.634873390197754,8.871478080749512,6.481152057647705,10.527017593383789,,,,,,,,,,,,,,,,,,,,,,,,,,,,,,,,,,,,,,,,
16,3184,0.33240607380867004,0.41693249344825745,0.23969832062721252,0.3000386357307434,0.3111591935157776,0.5221936106681824,0.2346208393573761,0.31123223900794983,0.21930068731307983,0.43647855520248413,5.939325332641602,6.134037971496582,5.272408485412598,5.572361469268799,6.479734420776367,8.808039665222168,5.624647617340088,4.2046895027160645,4.131608009338379,7.226396560668945,,,,,,,,,,,7.939447402954102,7.14817476272583,7.054141521453857,7.614537239074707,7.981619358062744,11.7109375,7.926001071929932,6.579623699188232,5.375802516937256,10.064186096191406,,,,,,,,,,,,,,,,,,,,,,,,,,,,,,,,,,,,,,,,
16,3189,0.29170867800712585,0.20464669167995453,0.09246671199798584,0.11389092355966568,0.2772437632083893,0.2231765240430832,0.35776326060295105,0.8660742044448853,0.10617469251155853,0.38394126296043396,5.1115593910217285,3.6850993633270264,3.5060436725616455,3.307995557785034,5.6049652099609375,5.9848785400390625,6.71682071685791,8.404176712036133,2.8018882274627686,5.992166996002197,,,,,,,,,,,7.023731708526611,5.0080037117004395,4.381313800811768,4.6913676261901855,7.534085273742676,7.655967712402344,9.787429809570312,10.975802421569824,3.7405357360839844,9.439079284667969,,,,,,,,,,,,,,,,,,,,,,,,,,,,,,,,,,,,,,,,
16,3194,0.3330511450767517,0.5654988288879395,0.20082007348537445,0.09179525822401047,0.6617220640182495,0.19843782484531403,0.20139619708061218,0.2427188605070114,0.043925222009420395,0.7911459803581238,5.746384620666504,7.139604568481445,5.59282112121582,3.3906843662261963,9.324837684631348,5.2740302085876465,5.569172382354736,4.382266044616699,1.9715769290924072,9.072468757629395,,,,,,,,,,,7.440169334411621,8.324883460998535,6.45676851272583,4.21177339553833,11.6395845413208,7.219183921813965,7.343387126922607,5.810459136962891,2.405914783477783,13.549570083618164,,,,,,,,,,,,,,,,,,,,,,,,,,,,,,,,,,,,,,,,
16,3199,0.41805899143218994,0.30750036239624023,0.7225470542907715,0.22845935821533203,0.2969849407672882,0.45961669087409973,0.3317285180091858,0.5171722173690796,0.4962802827358246,0.40224120020866394,6.66270637512207,3.6174778938293457,9.53537654876709,5.3883585929870605,6.0934343338012695,8.078962326049805,7.238856792449951,7.0749993324279785,6.042356014251709,6.89453125,,,,,,,,,,,8.82997989654541,6.13882303237915,12.247422218322754,6.644454479217529,7.797706127166748,10.986865043640137,9.42458438873291,8.481571197509766,8.08698844909668,9.661409378051758,,,,,,,,,,,,,,,,,,,,,,,,,,,,,,,,,,,,,,,,
16,3204,0.5720373392105103,0.602088212966919,0.32978585362434387,0.15984226763248444,0.22976112365722656,1.4191360473632812,0.21347223222255707,0.9288372993469238,0.7901699542999268,0.4752430021762848,7.268373966217041,6.304453372955322,6.580755710601807,4.456829071044922,5.544173240661621,11.774579048156738,6.318087577819824,7.40656042098999,8.627715110778809,8.40221118927002,,,,,,,,,,,9.802135467529297,8.589982986450195,8.274231910705566,5.557772159576416,6.858638286590576,19.305801391601562,7.560342311859131,11.366546630859375,10.204307556152344,10.501590728759766,,,,,,,,,,,,,,,,,,,,,,,,,,,,,,,,,,,,,,,,
16,3209,0.1895224004983902,0.28908059000968933,0.10345663130283356,0.10423846542835236,0.2758009433746338,0.1618766486644745,0.30464911460876465,0.18777509033679962,0.0846981629729271,0.19412590563297272,4.678305625915527,4.316936016082764,4.001163005828857,3.4907023906707764,5.38314151763916,5.610963344573975,7.029014587402344,4.342032432556152,2.677124500274658,5.253676414489746,,,,,,,,,,,5.922720909118652,5.952120780944824,4.634371280670166,4.488165855407715,7.514455318450928,6.520305633544922,9.031726837158203,5.110668659210205,3.3408756256103516,6.711798667907715,,,,,,,,,,,,,,,,,,,,,,,,,,,,,,,,,,,,,,,,
16,3214,0.36304807662963867,0.3947378993034363,0.1988312155008316,0.19521892070770264,0.4097576141357422,0.28800103068351746,0.5146973133087158,0.514155387878418,0.24787530303001404,0.5041579008102417,6.723728656768799,5.461575031280518,5.0448479652404785,5.446342945098877,6.942888259887695,7.247320652008057,9.887300491333008,6.505164623260498,5.3324294090271,8.645689010620117,,,,,,,,,,,8.234042167663574,6.955312728881836,6.424715995788574,6.142085075378418,9.159317970275879,8.697068214416504,11.739422798156738,8.45679759979248,5.7153120040893555,10.816344261169434,,,,,,,,,,,,,,,,,,,,,,,,,,,,,,,,,,,,,,,,
16,3219,0.43785446882247925,0.3660268187522888,0.12447698414325714,0.2023116797208786,0.39209315180778503,0.6187530755996704,0.4556744396686554,0.18609365820884705,0.3304733335971832,1.2647870779037476,6.564089298248291,5.0998053550720215,3.930488109588623,4.575456142425537,7.404754638671875,9.337971687316895,7.900867462158203,3.9180564880371094,5.335875034332275,11.573527336120605,,,,,,,,,,,8.84509563446045,6.697592735290527,5.083422660827637,6.252668380737305,8.959715843200684,12.74777889251709,11.045825004577637,5.087735176086426,6.599203109741211,17.131916046142578,,,,,,,,,,,,,,,,,,,,,,,,,,,,,,,,,,,,,,,,
16,3224,0.41884753108024597,0.3077276349067688,0.5000488758087158,0.28835687041282654,0.4038304090499878,0.769856870174408,0.4001394808292389,0.3560040593147278,0.3748478293418884,0.36881574988365173,7.249294757843018,4.561638355255127,8.726008415222168,6.4802350997924805,7.485260009765625,11.44837474822998,8.05014419555664,6.462033748626709,4.329310417175293,7.700645446777344,,,,,,,,,,,8.974916458129883,6.141090393066406,10.188679695129395,7.464831829071045,9.0928316116333,14.219386100769043,10.350861549377441,7.036978244781494,7.028308391571045,9.251282691955566,,,,,,,,,,,,,,,,,,,,,,,,,,,,,,,,,,,,,,,,
16,3229,0.6727399826049805,0.46547389030456543,0.2316955327987671,0.8285762071609497,0.6261937022209167,1.0801329612731934,0.6920078992843628,0.5726467967033386,0.40023383498191833,1.1576993465423584,8.78367805480957,6.174279689788818,5.7505412101745605,9.155900001525879,9.169726371765137,11.819437980651855,9.677569389343262,7.891430377960205,6.781003952026367,12.633209228515625,,,,,,,,,,,11.27751636505127,7.5528340339660645,6.9353837966918945,12.653804779052734,11.322803497314453,16.84280776977539,13.612137794494629,8.924875259399414,7.262400150299072,16.390607833862305,,,,,,,,,,,,,,,,,,,,,,,,,,,,,,,,,,,,,,,,
16,3234,0.3212505877017975,0.4224560558795929,0.1597280204296112,0.12657727301120758,0.35665351152420044,0.8617088198661804,0.3560079336166382,0.14508846402168274,0.16219574213027954,0.30083927512168884,5.899546146392822,5.357319355010986,5.35443639755249,4.177051067352295,6.615480899810791,10.625961303710938,7.1238884925842285,4.024693012237549,3.3377177715301514,6.479369163513184,,,,,,,,,,,7.635866165161133,7.19536828994751,5.7584052085876465,4.945756435394287,8.545212745666504,15.04375171661377,9.76339054107666,4.492365837097168,4.623203754425049,8.355345726013184,,,,,,,,,,,,,,,,,,,,,,,,,,,,,,,,,,,,,,,,
16,3239,0.4592708945274353,0.474524587392807,0.14394329488277435,0.14819581806659698,0.5186089277267456,0.6223699450492859,0.3211151957511902,1.1268123388290405,0.40653494000434875,0.3713332414627075,6.729273319244385,6.323687553405762,5.2653326988220215,4.4891037940979,7.1628289222717285,8.73849105834961,7.745119571685791,8.860090255737305,6.091055870056152,5.887752056121826,,,,,,,,,,,8.880815505981445,7.625908851623535,5.466475009918213,5.351467132568359,10.304327011108398,12.78498363494873,9.27259349822998,12.519429206848145,7.319345474243164,9.28280258178711,,,,,,,,,,,,,,,,,,,,,,,,,,,,,,,,,,,,,,,,
16,3244,0.3268238306045532,0.33205676078796387,0.3048504590988159,0.3759762942790985,0.2845531702041626,0.40649160742759705,0.2923005223274231,0.24892558157444,0.4530639350414276,0.24319592118263245,6.157504558563232,4.724261283874512,6.802250385284424,6.419708251953125,5.406793117523193,7.759010314941406,6.885998725891113,4.586334228515625,6.686814308166504,6.146368980407715,,,,,,,,,,,7.865975379943848,6.379232406616211,7.955272197723389,8.523836135864258,7.632755756378174,10.332409858703613,8.846787452697754,5.884282112121582,7.7268595695495605,7.51234245300293,,,,,,,,,,,,,,,,,,,,,,,,,,,,,,,,,,,,,,,,
16,3249,0.3431142568588257,0.28883063793182373,0.3069190979003906,0.2915152907371521,0.21799816191196442,0.16571712493896484,0.3238145709037781,0.5585954189300537,0.47211694717407227,0.4625209867954254,6.121823787689209,3.77604603767395,6.198899269104004,6.33889627456665,5.690951824188232,5.471833229064941,8.059678077697754,6.735484600067139,5.927284240722656,6.897337913513184,,,,,,,,,,,7.898805618286133,5.949546813964844,7.9822187423706055,7.5056023597717285,6.680763244628906,6.597198963165283,9.31148624420166,8.814697265625,7.887658596038818,10.360075950622559,,,,,,,,,,,,,,,,,,,,,,,,,,,,,,,,,,,,,,,,
16,3254,0.22710418701171875,0.21631838381290436,0.0537208691239357,0.178636372089386,0.3439198434352875,0.14905470609664917,0.2853146493434906,0.3315316438674927,0.14391162991523743,0.3415294587612152,5.465000629425049,4.588415145874023,3.278135061264038,5.6588826179504395,6.044346332550049,5.3415350914001465,7.435648441314697,5.451257705688477,3.7602012157440186,7.626583576202393,,,,,,,,,,,6.422262668609619,5.148835182189941,3.339512586593628,5.875432968139648,8.391281127929688,6.256748199462891,8.740429878234863,6.790804386138916,4.354829788208008,8.902486801147461,,,,,,,,,,,,,,,,,,,,,,,,,,,,,,,,,,,,,,,,
16,3259,0.5728646516799927,1.1801376342773438,0.26880741119384766,0.668974757194519,0.5364880561828613,0.6329454779624939,0.5309039950370789,0.17895188927650452,0.39315271377563477,0.7654194831848145,7.88562536239624,8.901385307312012,4.759246349334717,8.677749633789062,7.988311767578125,11.187995910644531,9.49769115447998,3.6780648231506348,5.821072101593018,10.459108352661133,,,,,,,,,,,10.186362266540527,12.026204109191895,7.470201015472412,11.369980812072754,10.480443000793457,12.893149375915527,11.922815322875977,4.989153861999512,7.197868824005127,13.327446937561035,,,,,,,,,,,,,,,,,,,,,,,,,,,,,,,,,,,,,,,,
16,3264,0.4034367799758911,0.5169522762298584,0.2672228217124939,0.33913180232048035,0.22189928591251373,0.6328315138816833,0.23837906122207642,0.4327321946620941,0.6342606544494629,0.3475213944911957,6.9323530197143555,6.271760940551758,6.82541561126709,6.9672088623046875,4.586284160614014,9.15690803527832,6.3218302726745605,6.989645957946777,8.658075332641602,6.61405086517334,,,,,,,,,,,8.556166648864746,7.959531307220459,7.448150157928467,8.095416069030762,6.740274429321289,12.891988754272461,7.98922872543335,7.758331298828125,9.142335891723633,8.980240821838379,,,,,,,,,,,,,,,,,,,,,,,,,,,,,,,,,,,,,,,,
16,3269,0.2145337611436844,0.3533937931060791,0.06519559025764465,0.3677734136581421,0.14771196246147156,0.16590406000614166,0.1765017807483673,0.0914885625243187,0.2898348867893219,0.2729997932910919,4.878493309020996,5.209280490875244,2.942552089691162,6.655277729034424,4.119570255279541,5.21687126159668,5.441311836242676,2.794417381286621,5.23377799987793,6.293384075164795,,,,,,,,,,,6.152430534362793,6.580997467041016,3.6789236068725586,8.430339813232422,5.499300479888916,6.600918292999268,6.874566555023193,3.5673205852508545,6.180144786834717,7.959364414215088,,,,,,,,,,,,,,,,,,,,,,,,,,,,,,,,,,,,,,,,
16,3274,0.3626106381416321,0.3845755457878113,0.5910354256629944,0.1521194726228714,0.4012119770050049,0.3404651880264282,0.30469101667404175,0.6468181610107422,0.12053406238555908,0.3220449388027191,6.696444988250732,5.280557155609131,9.18260383605957,4.325991630554199,6.70912504196167,7.904717445373535,7.658266544342041,9.004684448242188,3.371929407119751,6.830130577087402,,,,,,,,,,,8.114583015441895,6.865198612213135,11.076904296875,5.421847343444824,9.063304901123047,9.456104278564453,9.032346725463867,9.485272407531738,3.985457420349121,8.64480972290039,,,,,,,,,,,,,,,,,,,,,,,,,,,,,,,,,,,,,,,,
16,3279,0.4003666937351227,0.37051743268966675,0.5116124153137207,0.49163562059402466,0.488803893327713,0.5374600291252136,0.36576488614082336,0.20120511949062347,0.22857414186000824,0.4077264070510864,6.825932502746582,5.115028381347656,7.981576919555664,8.396316528320312,7.681060791015625,8.611236572265625,7.354150295257568,3.933109760284424,4.1216511726379395,8.23926067352295,,,,,,,,,,,8.786458015441895,6.738552093505859,10.305810928344727,9.747125625610352,10.00384521484375,11.880888938903809,9.896275520324707,5.2902750968933105,5.488287448883057,9.727060317993164,,,,,,,,,,,,,,,,,,,,,,,,,,,,,,,,,,,,,,,,
16,3284,0.40324053168296814,0.25490790605545044,0.3628886938095093,0.18329915404319763,0.3043730854988098,0.2123807817697525,0.37167513370513916,0.10539209842681885,1.2701693773269653,0.5640786290168762,6.974842548370361,4.208008766174316,7.275528907775879,5.445101261138916,6.0648040771484375,6.194096088409424,8.833599090576172,3.3648171424865723,12.073039054870605,9.314586639404297,,,,,,,,,,,8.196271896362305,5.589254856109619,8.679573059082031,5.951618194580078,7.894102573394775,7.468501091003418,9.975911140441895,3.828800916671753,12.93761157989502,11.441079139709473,,,,,,,,,,,,,,,,,,,,,,,,,,,,,,,,,,,,,,,,
16,3289,0.2360055148601532,0.46880248188972473,0.059773221611976624,0.2822100520133972,0.15052276849746704,0.23625165224075317,0.14476759731769562,0.07939514517784119,0.30096614360809326,0.40136048197746277,5.209038257598877,5.766653537750244,2.6743998527526855,5.706998348236084,4.629854679107666,6.410343170166016,5.232040882110596,2.715644359588623,5.201109886169434,8.544299125671387,,,,,,,,,,,6.379261493682861,7.579791069030762,3.522613525390625,7.384840488433838,5.551377296447754,7.877044200897217,6.225962162017822,3.3231940269470215,6.297702312469482,9.650826454162598,,,,,,,,,,,,,,,,,,,,,,,,,,,,,,,,,,,,,,,,
16,3294,0.34641849994659424,0.6559268236160278,0.1667642593383789,0.3565351963043213,0.3639547526836395,0.32300227880477905,0.2660987973213196,0.3237849175930023,0.5738547444343567,0.08784456551074982,6.179880142211914,6.612864971160889,5.484816551208496,6.843358516693115,7.634742259979248,6.763497352600098,6.7865142822265625,5.375373840332031,6.522594451904297,3.5951545238494873,,,,,,,,,,,7.706210613250732,8.965818405151367,5.883871078491211,8.300535202026367,8.63223648071289,9.210403442382812,8.44096851348877,6.710996150970459,8.69609546661377,4.514967918395996,,,,,,,,,,,,,,,,,,,,,,,,,,,,,,,,,,,,,,,,
16,3297,,,,,,,,,,,6.465218544006348,5.253805637359619,6.36167049407959,6.131419658660889,6.711650848388672,8.054448127746582,7.135988235473633,5.584441661834717,5.668515205383301,7.285027027130127,0.58979731798172,0.5757784843444824,0.6519333124160767,0.6590129733085632,0.5933129787445068,0.5133860111236572,0.5780702233314514,0.6054835319519043,0.578516960144043,0.5526814460754395,8.537535667419434,7.025137901306152,8.370777130126953,8.085219383239746,8.947986602783203,10.645777702331543,9.578182220458984,7.318532466888428,7.3612871170043945,9.504919052124023,0.5086297988891602,0.5475628972053528,0.5676556825637817,0.338489830493927,0.5260377526283264,0.6165066957473755,0.48690280318260193,0.4351145923137665,0.5209643840789795,0.5384335517883301,7.254214763641357,5.667855262756348,7.434477806091309,6.027635097503662,8.014486312866211,9.325028419494629,8.594597816467285,5.386901378631592,6.458250522613525,8.37869930267334,0.4459560811519623,0.43113869428634644,0.5487029552459717,0.6381230354309082,0.3632257580757141,0.4424368739128113,0.5037199258804321,0.34243762493133545,0.26740700006484985,0.4764125943183899,9.956270217895508,8.34579086303711,10.299509048461914,8.936841011047363,10.796622276306152,12.838147163391113,11.262069702148438,7.5599446296691895,8.703767776489258,10.863743782043457
17,3299,0.38124507665634155,0.20296454429626465,0.3228696584701538,0.36083725094795227,0.3836216330528259,0.49884483218193054,0.33143630623817444,0.46811890602111816,0.49436113238334656,0.3681514859199524,7.13558292388916,3.9499075412750244,6.785210609436035,8.03571891784668,8.062758445739746,8.715422630310059,8.264673233032227,6.789309978485107,5.619584560394287,7.9976582527160645,,,,,,,,,,,8.515267372131348,4.9873785972595215,8.18700885772705,8.3504638671875,8.862396240234375,11.446127891540527,9.420432090759277,8.069317817687988,8.071335792541504,9.242947578430176,,,,,,,,,,,,,,,,,,,,,,,,,,,,,,,,,,,,,,,,
17,3304,0.2823633551597595,0.25263404846191406,0.11076568067073822,0.12382412701845169,0.5226837396621704,0.3488949239253998,0.2265966385602951,0.15949851274490356,0.15819735825061798,0.6381753087043762,5.8292107582092285,4.361287593841553,4.346810817718506,3.962446451187134,8.250605583190918,8.21237850189209,6.1088175773620605,4.194870948791504,3.551758289337158,9.473919868469238,,,,,,,,,,,7.155897617340088,5.564270973205566,4.79528284072876,4.891674041748047,10.344728469848633,9.5724515914917,7.789283752441406,4.710175037384033,4.565863132476807,12.169343948364258,,,,,,,,,,,,,,,,,,,,,,,,,,,,,,,,,,,,,,,,
17,3309,0.37028780579566956,0.2598567008972168,0.22444383800029755,0.5776493549346924,0.6088186502456665,0.47352802753448486,0.5537592172622681,0.10717612504959106,0.10185384750366211,0.42550429701805115,6.792999267578125,4.837703227996826,5.204087257385254,7.247345924377441,8.767827033996582,8.358906745910645,10.669272422790527,3.499425172805786,3.1511740684509277,9.401249885559082,,,,,,,,,,,8.332165718078613,5.643249034881592,6.825988292694092,10.56542682647705,11.16461181640625,11.151896476745605,12.176746368408203,3.8610708713531494,3.663633108139038,9.936861038208008,,,,,,,,,,,,,,,,,,,,,,,,,,,,,,,,,,,,,,,,
17,3314,0.5463104248046875,0.5513791441917419,0.6901818513870239,0.7625953555107117,0.39577269554138184,0.5849048495292664,0.20680242776870728,0.5060974359512329,0.9440101981163025,0.27504944801330566,7.531437397003174,5.898255348205566,9.410601615905762,8.504156112670898,7.6987409591674805,9.523479461669922,5.4847588539123535,6.060620307922363,8.856058120727539,6.3462653160095215,,,,,,,,,,,9.855548858642578,8.220295906066895,11.969979286193848,12.139533042907715,9.00165843963623,12.394198417663574,7.441296100616455,8.390267372131348,11.153512001037598,7.989187240600586,,,,,,,,,,,,,,,,,,,,,,,,,,,,,,,,,,,,,,,,
17,3319,0.36110129952430725,0.4109787046909332,0.4117475152015686,0.21988238394260406,0.632289707660675,0.5279543995857239,0.19735455513000488,0.30580008029937744,0.20582745969295502,0.3380770683288574,6.4430317878723145,5.915411949157715,7.04736328125,5.550989151000977,7.8458685874938965,9.389450073242188,5.681595325469971,5.329367160797119,3.980856418609619,7.24638557434082,,,,,,,,,,,8.207862854003906,7.09695291519165,9.245430946350098,6.518536567687988,11.377784729003906,11.77535629272461,7.2693305015563965,6.521951198577881,5.208046913146973,8.857375144958496,,,,,,,,,,,,,,,,,,,,,,,,,,,,,,,,,,,,,,,,
17,3324,0.5711892247200012,0.7792466282844543,0.582471489906311,0.5146161317825317,1.1908934116363525,0.28801050782203674,0.27228572964668274,0.2769044041633606,0.7213295698165894,0.5149454474449158,7.824697971343994,7.923091888427734,8.064223289489746,8.170479774475098,11.740943908691406,7.5477728843688965,6.206955432891846,5.696195602416992,7.20621395111084,7.866401195526123,,,,,,,,,,,10.05320930480957,9.772366523742676,10.996360778808594,9.972328186035156,15.614788055419922,8.697211265563965,8.538532257080078,6.206170082092285,9.749675750732422,10.931450843811035,,,,,,,,,,,,,,,,,,,,,,,,,,,,,,,,,,,,,,,,
17,3329,0.2985435724258423,0.3555675745010376,0.3777342438697815,0.4331737160682678,0.09502660483121872,0.24842050671577454,0.21388235688209534,0.2586863040924072,0.15246321260929108,0.5519376993179321,5.7932257652282715,4.895843982696533,7.210062026977539,7.7516584396362305,3.9034385681152344,6.440577983856201,6.201354503631592,5.440129280090332,3.7152771949768066,6.5806884765625,,,,,,,,,,,7.384420871734619,6.601207256317139,8.85533332824707,9.149258613586426,4.4108500480651855,8.077362060546875,7.567601203918457,5.998538017272949,4.482350826263428,11.31728458404541,,,,,,,,,,,,,,,,,,,,,,,,,,,,,,,,,,,,,,,,
17,3334,0.30634990334510803,0.3972325325012207,0.15128545463085175,0.11709637194871902,0.29793089628219604,0.46167993545532227,0.1480577439069748,0.2620072364807129,0.501891016960144,0.4199678897857666,6.078406810760498,6.070684432983398,4.392387390136719,4.187801837921143,6.141905307769775,8.972854614257812,4.784339904785156,5.055536270141602,6.552309036254883,8.547843933105469,,,,,,,,,,,7.388640403747559,6.9772562980651855,5.604156017303467,4.756928443908691,7.810115337371826,11.011495590209961,6.296313762664795,6.036919116973877,8.132574081420898,9.872002601623535,,,,,,,,,,,,,,,,,,,,,,,,,,,,,,,,,,,,,,,,
17,3339,0.4424387514591217,0.33974117040634155,0.7086266875267029,0.49879252910614014,0.5156923532485962,0.5583499670028687,0.3612987995147705,0.20236150920391083,0.3559982478618622,0.4410873055458069,7.7012152671813965,5.03761100769043,10.22812557220459,8.37534236907959,8.475845336914062,10.61142349243164,8.27532958984375,3.8455381393432617,5.823760032653809,8.637964248657227,,,,,,,,,,,9.210203170776367,6.452624797821045,12.12887191772461,9.817815780639648,10.275310516357422,12.109580039978027,9.835672378540039,5.305455684661865,6.849316596984863,10.117180824279785,,,,,,,,,,,,,,,,,,,,,,,,,,,,,,,,,,,,,,,,
17,3344,0.28861746191978455,0.31520313024520874,0.07350102066993713,0.10967744886875153,0.5205807089805603,0.2703644335269928,0.1912483423948288,0.21528011560440063,0.6123310923576355,0.2893705666065216,5.324987411499023,4.86609411239624,3.6824660301208496,3.6478707790374756,6.31165075302124,6.438210964202881,5.222587585449219,3.9212374687194824,7.034068584442139,6.800699710845947,,,,,,,,,,,7.031256198883057,6.215235233306885,3.9062349796295166,4.603769302368164,10.323898315429688,8.426566123962402,7.1559882164001465,5.472184181213379,8.98289680480957,8.194535255432129,,,,,,,,,,,,,,,,,,,,,,,,,,,,,,,,,,,,,,,,
17,3349,0.30172210931777954,0.5005180239677429,0.40135204792022705,0.1734788864850998,0.17843493819236755,0.22655075788497925,0.3440625071525574,0.26152074337005615,0.1292131543159485,0.5003678202629089,5.971418857574463,4.746702671051025,7.73210334777832,4.734711647033691,4.977314472198486,6.219937324523926,7.207503795623779,5.435884475708008,3.005023956298828,9.683589935302734,,,,,,,,,,,7.448818683624268,7.831989765167236,9.127974510192871,5.789994716644287,6.044210433959961,7.713627338409424,9.59819221496582,6.031311988830566,4.126451015472412,10.775609970092773,,,,,,,,,,,,,,,,,,,,,,,,,,,,,,,,,,,,,,,,
17,3354,0.2608914077281952,0.3123782277107239,0.17644333839416504,0.31995081901550293,0.37158864736557007,0.24699431657791138,0.3405449092388153,0.08623980730772018,0.130264550447464,0.3636181652545929,5.914748191833496,4.483202934265137,4.716683864593506,7.2041168212890625,7.4970703125,6.478689193725586,7.767616271972656,3.1198225021362305,4.143204212188721,7.822329521179199,,,,,,,,,,,7.024519443511963,6.187320709228516,6.052213668823242,7.863149642944336,8.722296714782715,8.054143905639648,9.549002647399902,3.4634790420532227,4.143204212188721,9.185863494873047,,,,,,,,,,,,,,,,,,,,,,,,,,,,,,,,,,,,,,,,
17,3359,0.42719683051109314,0.4566234350204468,0.5403763055801392,0.6441269516944885,0.37170422077178955,0.5261659026145935,0.32566285133361816,0.1356830596923828,0.4797775149345398,0.3646511137485504,6.966938495635986,6.241799831390381,7.468173503875732,8.353251457214355,6.052037239074707,9.714959144592285,7.416043281555176,3.8795299530029297,6.92108678817749,6.655564308166504,,,,,,,,,,,8.94897174835205,7.480684757232666,10.591556549072266,11.156825065612793,8.723653793334961,11.75539493560791,9.338022232055664,4.344317436218262,7.951393127441406,9.198902130126953,,,,,,,,,,,,,,,,,,,,,,,,,,,,,,,,,,,,,,,,
17,3364,0.3835608661174774,0.37609297037124634,0.1916031688451767,0.15921585261821747,0.6461066603660583,0.4278765916824341,0.40007543563842773,0.6206262111663818,0.2955046594142914,0.3349462151527405,6.617125511169434,6.073750019073486,5.2168660163879395,4.536393165588379,9.839496612548828,9.026017189025879,7.942532539367676,5.752307415008545,4.620176792144775,6.546589374542236,,,,,,,,,,,8.38253116607666,6.789063453674316,6.306856632232666,5.546870708465576,11.50142765045166,10.600714683532715,10.3500337600708,9.291241645812988,6.240300178527832,8.816267013549805,,,,,,,,,,,,,,,,,,,,,,,,,,,,,,,,,,,,,,,,
17,3369,0.290839821100235,0.19825278222560883,0.11827214807271957,0.2227536290884018,0.4826730191707611,0.5022714138031006,0.26332390308380127,0.024134036153554916,0.39733096957206726,0.40854623913764954,5.60491943359375,3.718015193939209,4.067825794219971,5.22025203704834,7.687236309051514,9.17842960357666,6.2075910568237305,1.3854695558547974,5.387528896331787,7.591927528381348,,,,,,,,,,,7.230377197265625,4.9291486740112305,4.955105304718018,6.560959339141846,9.940910339355469,11.485372543334961,8.396841049194336,1.83220374584198,7.236015319824219,9.736834526062012,,,,,,,,,,,,,,,,,,,,,,,,,,,,,,,,,,,,,,,,
17,3374,0.2267453968524933,0.3776581883430481,0.10962935537099838,0.09334906190633774,0.3216552436351776,0.26055461168289185,0.2227897047996521,0.20304714143276215,0.2818690538406372,0.17015612125396729,4.812028884887695,5.367680549621582,3.943176507949829,3.556845188140869,5.012402534484863,5.436145305633545,5.714454650878906,4.5745930671691895,4.921241760253906,4.781714916229248,,,,,,,,,,,6.402765274047852,6.803176403045654,4.770623207092285,4.247269630432129,8.115119934082031,8.2722806930542,7.723574638366699,5.3144354820251465,6.094624996185303,6.283780097961426,,,,,,,,,,,,,,,,,,,,,,,,,,,,,,,,,,,,,,,,
17,3379,0.6331154704093933,0.21642142534255981,0.2524222731590271,0.4906597435474396,0.7214449644088745,1.2140825986862183,0.6588853001594543,0.5878504514694214,1.233275055885315,0.32299742102622986,8.853316307067871,4.445498466491699,6.529093265533447,8.62220287322998,9.421368598937988,14.748566627502441,10.629501342773438,8.309654235839844,10.399507522583008,6.574455738067627,,,,,,,,,,,10.65194034576416,5.150061130523682,7.238948345184326,9.737446784973145,12.153496742248535,17.85664939880371,13.282374382019043,9.042574882507324,12.748330116271973,8.657584190368652,,,,,,,,,,,,,,,,,,,,,,,,,,,,,,,,,,,,,,,,
17,3384,0.43564358353614807,0.4389711916446686,0.6722488403320312,0.2828191816806793,0.316423237323761,0.4686633050441742,0.14078854024410248,0.616666316986084,0.6837078332901001,0.30050358176231384,6.5822882652282715,4.985872745513916,8.335679054260254,5.6370463371276855,6.42099142074585,8.213738441467285,4.8061137199401855,6.230284690856934,7.621070861816406,6.989800453186035,,,,,,,,,,,8.769810676574707,7.334664821624756,11.813448905944824,7.392806053161621,8.048850059509277,11.094464302062988,6.139802932739258,9.261553764343262,9.49201774597168,8.350683212280273,,,,,,,,,,,,,,,,,,,,,,,,,,,,,,,,,,,,,,,,
17,3389,0.4921942353248596,0.7884175181388855,0.4773576855659485,0.4041641354560852,0.7664672136306763,0.6908743381500244,0.3142779767513275,0.5486673712730408,0.2193804532289505,0.22014160454273224,7.153048992156982,7.051955223083496,8.07255744934082,6.865305423736572,8.465651512145996,10.721717834472656,6.040871620178223,7.5249786376953125,4.385373115539551,5.2490315437316895,,,,,,,,,,,9.450321197509766,9.829703330993652,9.954824447631836,8.837589263916016,12.526982307434082,13.47024154663086,9.173345565795898,8.736013412475586,5.376780033111572,7.147402763366699,,,,,,,,,,,,,,,,,,,,,,,,,,,,,,,,,,,,,,,,
17,3394,0.38529011607170105,0.48574721813201904,0.24795125424861908,0.41340047121047974,0.6918491125106812,0.49117958545684814,0.28013893961906433,0.34056350588798523,0.13323263823986053,0.38354846835136414,6.9440155029296875,6.461385250091553,6.4619550704956055,8.460948944091797,9.128275871276855,8.898099899291992,6.880248069763184,5.845081329345703,3.356215000152588,7.0039286613464355,,,,,,,,,,,8.472825050354004,7.715559482574463,7.1745524406433105,8.938000679016113,11.901599884033203,11.357847213745117,8.66079044342041,6.882683753967285,4.190140724182129,9.434248924255371,,,,,,,,,,,,,,,,,,,,,,,,,,,,,,,,,,,,,,,,
17,3399,0.35238519310951233,0.4851199686527252,0.18841154873371124,0.2318171262741089,0.3684149384498596,0.32354068756103516,0.19915345311164856,0.6151681542396545,0.08084260672330856,0.678998589515686,6.164873123168945,6.593919277191162,5.647578716278076,5.640803813934326,6.268449783325195,6.997462749481201,6.030389785766602,7.50987434387207,2.8442482948303223,7.95112943649292,,,,,,,,,,,7.881112098693848,7.710576057434082,6.254108905792236,6.693106174468994,8.684968948364258,9.218076705932617,7.302385330200195,9.250296592712402,3.2639498710632324,12.552541732788086,,,,,,,,,,,,,,,,,,,,,,,,,,,,,,,,,,,,,,,,
17,3404,0.4001413583755493,0.3114769458770752,0.7505853176116943,0.568021297454834,0.5195464491844177,0.32115957140922546,0.3128947615623474,0.3189895451068878,0.1675562560558319,0.3310419023036957,6.666432857513428,4.4168782234191895,10.519460678100586,8.209257125854492,7.094550132751465,6.730194091796875,7.476779937744141,5.275852680206299,3.1233980655670166,7.151527404785156,,,,,,,,,,,8.657097816467285,6.178388595581055,12.482791900634766,10.477006912231445,10.31363582611084,9.184093475341797,9.15313720703125,6.6611151695251465,4.698980808258057,8.76473331451416,,,,,,,,,,,,,,,,,,,,,,,,,,,,,,,,,,,,,,,,
17,3409,0.2780938744544983,0.2563990354537964,0.17138271033763885,0.3105297386646271,0.5453957915306091,0.3753497302532196,0.25066858530044556,0.14088621735572815,0.18223145604133606,0.27000150084495544,6.106247901916504,4.658851623535156,5.462063312530518,7.182115077972412,7.832739353179932,7.912956237792969,6.976891994476318,4.425751209259033,4.324306964874268,6.180553913116455,,,,,,,,,,,7.249788761138916,5.605578899383545,5.964789867401123,7.746517181396484,10.567091941833496,9.92873477935791,8.192580223083496,4.426831245422363,4.900439262390137,7.9155354499816895,,,,,,,,,,,,,,,,,,,,,,,,,,,,,,,,,,,,,,,,
17,3414,0.3256928622722626,0.45974501967430115,0.28077179193496704,0.3327701687812805,0.2553277015686035,0.2008362114429474,0.3575982451438904,0.3701959550380707,0.3826391398906708,0.2913515865802765,6.3151350021362305,4.827705383300781,6.930983543395996,6.484762668609619,5.782412052154541,6.389824390411377,7.647667407989502,5.713709831237793,6.004998207092285,7.054152011871338,,,,,,,,,,,7.770819664001465,7.506211280822754,7.634636878967285,8.019126892089844,7.230172157287598,7.262679100036621,9.785172462463379,7.175869941711426,7.100975036621094,8.222537994384766,,,,,,,,,,,,,,,,,,,,,,,,,,,,,,,,,,,,,,,,
17,3419,0.22370950877666473,0.17481188476085663,0.2291853427886963,0.12406598031520844,0.31156817078590393,0.1460752785205841,0.07743790745735168,0.12583120167255402,0.1910979449748993,0.633311927318573,4.825160026550293,3.4481265544891357,5.6419677734375,4.155595779418945,5.941188335418701,5.198127269744873,3.4806323051452637,3.6520659923553467,3.7353711128234863,8.17336654663086,,,,,,,,,,,6.275753498077393,4.628579616546631,6.897712230682373,4.896449089050293,7.9868621826171875,6.1939005851745605,4.553523540496826,4.183626174926758,5.018238544464111,12.122886657714844,,,,,,,,,,,,,,,,,,,,,,,,,,,,,,,,,,,,,,,,
17,3424,0.1989731341600418,0.21989873051643372,0.12361887097358704,0.14520695805549622,0.23541328310966492,0.23607870936393738,0.08598687499761581,0.26400071382522583,0.2948026657104492,0.18575134873390198,4.553863048553467,3.9910950660705566,4.166323184967041,3.875148296356201,5.261723041534424,5.591658592224121,3.7009401321411133,4.846519470214844,4.665992736816406,4.885368824005127,,,,,,,,,,,6.0030517578125,5.191270351409912,5.0658698081970215,5.297227382659912,6.942488193511963,7.8741607666015625,4.7982940673828125,6.059841632843018,6.232883453369141,6.565430164337158,,,,,,,,,,,,,,,,,,,,,,,,,,,,,,,,,,,,,,,,
17,3429,0.19222551584243774,0.1828995794057846,0.35224801301956177,0.15165960788726807,0.09282781183719635,0.20847485959529877,0.17942842841148376,0.08786311745643616,0.1582072228193283,0.3164210021495819,4.663336277008057,3.8490469455718994,7.450511455535889,4.336743354797363,3.1890876293182373,5.59973669052124,5.4216156005859375,2.2179043292999268,4.031528472900391,5.873851299285889,,,,,,,,,,,6.0023040771484375,4.734440326690674,8.551374435424805,5.413646221160889,4.35952091217041,7.399505138397217,6.931326866149902,3.495924472808838,4.566005229949951,8.56899356842041,,,,,,,,,,,,,,,,,,,,,,,,,,,,,,,,,,,,,,,,
17,3434,0.3108516335487366,0.32134875655174255,0.9184979796409607,0.20225095748901367,0.3235480487346649,0.3385430872440338,0.1818629652261734,0.08558277785778046,0.1738651990890503,0.25216490030288696,5.743927001953125,5.346721172332764,8.365074157714844,5.367523670196533,6.945651531219482,7.399957180023193,5.3513336181640625,2.7517917156219482,4.481814861297607,5.685471534729004,,,,,,,,,,,7.418768882751465,6.275531768798828,13.808635711669922,6.251729488372803,8.138962745666504,9.429372787475586,6.97819185256958,3.450260639190674,4.786627292633057,7.649614334106445,,,,,,,,,,,,,,,,,,,,,,,,,,,,,,,,,,,,,,,,
17,3439,0.40790069103240967,0.6599986553192139,0.10663686692714691,0.37570810317993164,0.5880390405654907,0.8903945088386536,0.38850918412208557,0.45787784457206726,0.11455147713422775,0.08939049392938614,6.592080116271973,6.569316387176514,3.8446860313415527,6.622885227203369,9.776785850524902,11.90876293182373,8.05876350402832,5.536998748779297,3.3332929611206055,3.677229881286621,,,,,,,,,,,8.344855308532715,8.993605613708496,4.705061912536621,8.520796775817871,10.972427368164062,15.292099952697754,10.199324607849121,7.980562686920166,3.885291814804077,4.554522514343262,,,,,,,,,,,,,,,,,,,,,,,,,,,,,,,,,,,,,,,,
17,3444,0.26651516556739807,0.36484453082084656,0.36490604281425476,0.14726603031158447,0.1495817005634308,0.2600645124912262,0.2973300814628601,0.2578221261501312,0.2413967102766037,0.31542468070983887,5.709031581878662,5.175777435302734,7.628164768218994,4.886061668395996,5.053121566772461,6.5109968185424805,6.904752731323242,4.627166271209717,4.15404748916626,6.441195011138916,,,,,,,,,,,7.070032119750977,6.686767101287842,8.703665733337402,5.334652423858643,5.53399658203125,8.264495849609375,8.922574996948242,5.988511085510254,5.640128135681152,8.555493354797363,,,,,,,,,,,,,,,,,,,,,,,,,,,,,,,,,,,,,,,,
17,3449,0.26507624983787537,0.3094561994075775,0.15438708662986755,0.25471067428588867,0.7252628803253174,0.28216075897216797,0.30154094099998474,0.045120954513549805,0.177623450756073,0.13542310893535614,5.137988567352295,4.218591690063477,4.929065704345703,5.918708801269531,7.03436803817749,6.460817813873291,6.717208385467529,2.1684060096740723,4.124146461486816,4.6705851554870605,,,,,,,,,,,6.8404693603515625,6.158315181732178,5.661312580108643,7.015820026397705,12.185612678527832,8.608434677124023,8.98553466796875,2.5052316188812256,4.8380842208862305,5.60587739944458,,,,,,,,,,,,,,,,,,,,,,,,,,,,,,,,,,,,,,,,
17,3454,0.7555035948753357,0.41215980052948,0.269263356924057,0.7148280739784241,0.625387966632843,0.7838866114616394,0.6340001821517944,0.9882996082305908,1.654801368713379,0.7169053554534912,8.76388931274414,5.445050239562988,5.9856672286987305,7.820291996002197,8.228277206420898,10.866681098937988,8.927109718322754,8.90565013885498,12.789351463317871,9.906923294067383,,,,,,,,,,,11.602213859558105,7.107143878936768,7.47653341293335,11.753190040588379,11.31551742553711,14.348366737365723,13.029131889343262,11.724735260009766,14.767134666442871,12.898170471191406,,,,,,,,,,,,,,,,,,,,,,,,,,,,,,,,,,,,,,,,
17,3459,0.2658870220184326,0.20426547527313232,0.10844538360834122,0.18369939923286438,0.28184813261032104,0.23852349817752838,0.1839788556098938,0.4226859509944916,0.23108907043933868,0.5384475588798523,5.752260208129883,3.500345230102539,3.6568443775177,5.594542026519775,6.5343708992004395,6.235048770904541,5.3602118492126465,6.741462707519531,4.910069942474365,9.237446784973145,,,,,,,,,,,6.955599308013916,5.003337383270264,4.7447919845581055,5.958113193511963,7.5963897705078125,7.914827346801758,7.0186686515808105,7.667744159698486,5.518397331237793,11.178123474121094,,,,,,,,,,,,,,,,,,,,,,,,,,,,,,,,,,,,,,,,
17,3464,0.40696024894714355,0.5275008678436279,0.14396028220653534,0.18096406757831573,0.9294228553771973,0.43257278203964233,0.2771567404270172,0.31702369451522827,0.5321471691131592,0.32189369201660156,6.7835845947265625,6.832087993621826,3.9884121417999268,4.3023295402526855,10.206099510192871,8.969826698303223,6.521850109100342,5.642314434051514,7.101562976837158,7.4877777099609375,,,,,,,,,,,8.460664749145508,8.040328979492188,5.466797351837158,5.913588523864746,13.794510841369629,10.658729553222656,8.614567756652832,6.64055871963501,8.374119758605957,8.642779350280762,,,,,,,,,,,,,,,,,,,,,,,,,,,,,,,,,,,,,,,,
17,3469,0.21951982378959656,0.2026342898607254,0.28768354654312134,0.1825786679983139,0.20209404826164246,0.16307120025157928,0.1991988718509674,0.13431000709533691,0.35134589672088623,0.2527618706226349,5.207495212554932,3.807788610458374,6.429101943969727,5.10476016998291,5.730628490447998,5.174919605255127,6.157299995422363,3.599255323410034,5.289031028747559,5.574666500091553,,,,,,,,,,,6.412956714630127,4.9833197593688965,7.728036403656006,5.939910888671875,6.432449817657471,6.5443196296691895,7.30321741104126,4.322279930114746,6.804413795471191,7.658663272857666,,,,,,,,,,,,,,,,,,,,,,,,,,,,,,,,,,,,,,,,
17,3474,0.3301489055156708,0.3160976767539978,0.1744677871465683,0.19535991549491882,0.562724769115448,0.5876871943473816,0.30095839500427246,0.26000258326530457,0.17448833584785461,0.39955368638038635,6.42832612991333,5.236686706542969,4.7634477615356445,5.607761383056641,8.68798828125,9.634872436523438,6.81088924407959,5.588994979858398,3.6062891483306885,7.918002128601074,,,,,,,,,,,7.884310245513916,6.224047660827637,6.018237113952637,6.1443023681640625,10.733656883239746,12.423644065856934,8.976851463317871,6.013780117034912,4.795197486877441,9.629079818725586,,,,,,,,,,,,,,,,,,,,,,,,,,,,,,,,,,,,,,,,
17,3479,0.4009089767932892,0.5412288308143616,0.1842125654220581,0.11705899238586426,0.5236155986785889,0.12131478637456894,0.745736837387085,0.25501933693885803,0.4652049243450165,0.6547889113426208,5.959993839263916,6.499900817871094,5.356955051422119,3.9215378761291504,5.728675842285156,4.672423839569092,9.038599014282227,4.630807399749756,6.960072994232178,6.830972671508789,,,,,,,,,,,8.36955738067627,8.144280433654785,6.184025764465332,4.756168365478516,10.353947639465332,5.644594669342041,14.130696296691895,5.955870628356934,7.829705715179443,12.326729774475098,,,,,,,,,,,,,,,,,,,,,,,,,,,,,,,,,,,,,,,,
17,3484,0.5276758670806885,0.5696227550506592,0.2013954520225525,0.14648020267486572,0.7837008833885193,1.008522391319275,0.6862670183181763,0.73883455991745,0.12741583585739136,0.48684343695640564,7.6773681640625,6.0369038581848145,4.044948577880859,4.500907897949219,9.836859703063965,12.92302417755127,10.8557767868042,8.777976989746094,3.985405206680298,8.134513854980469,,,,,,,,,,,9.72258472442627,8.355182647705078,6.4660115242004395,5.320400238037109,12.667030334472656,16.27490997314453,13.555556297302246,10.137533187866211,4.09765100479126,10.628987312316895,,,,,,,,,,,,,,,,,,,,,,,,,,,,,,,,,,,,,,,,
17,3489,0.41743841767311096,0.3607327938079834,0.9629549384117126,0.10523398965597153,0.2791527509689331,0.15788708627223969,0.5383473634719849,0.15996229648590088,0.671785295009613,0.520889163017273,6.343547821044922,4.512187957763672,9.755749702453613,3.683934450149536,6.09248685836792,4.776986598968506,9.12459659576416,3.7782936096191406,7.239613056182861,8.128081321716309,,,,,,,,,,,8.491467475891113,6.648980617523193,14.13886833190918,4.509546756744385,7.559979438781738,6.439455986022949,12.006103515625,4.717017650604248,9.408893585205078,10.994357109069824,,,,,,,,,,,,,,,,,,,,,,,,,,,,,,,,,,,,,,,,
17,3491,,,,,,,,,,,6.49938440322876,5.245458126068115,6.342742443084717,6.306675434112549,6.804954528808594,8.053192138671875,7.143693923950195,5.634509086608887,5.728720188140869,7.234512805938721,0.5878559350967407,0.5817479491233826,0.6495780348777771,0.6558477282524109,0.5835106372833252,0.5114497542381287,0.5843377113342285,0.6013118028640747,0.5670946836471558,0.5558252334594727,8.557232856750488,6.975534915924072,8.399049758911133,8.122658729553223,9.05517864227295,10.666937828063965,9.506780624389648,7.357126712799072,7.4603657722473145,9.471458435058594,0.5399353504180908,0.5758040547370911,0.6407032012939453,0.41677963733673096,0.5948168039321899,0.585749626159668,0.47862300276756287,0.452129065990448,0.6062906384468079,0.5085217952728271,7.470424175262451,5.847775936126709,7.913321495056152,6.480297088623047,8.67778491973877,9.177291870117188,8.19966983795166,5.784939765930176,7.132926940917969,8.01981258392334,0.40574878454208374,0.397383451461792,0.4691639542579651,0.5810625553131104,0.2713056802749634,0.46898066997528076,0.5175796747207642,0.28139394521713257,0.16281986236572266,0.5020493268966675,10.262198448181152,8.589834213256836,11.170316696166992,9.615639686584473,11.5496244430542,12.528829574584961,11.1036958694458,7.903065204620361,9.304335594177246,10.594441413879395
18,3494,0.4191341996192932,0.7010406851768494,0.3647707402706146,0.2571468651294708,0.36222678422927856,0.7921079397201538,0.5700703859329224,0.33701133728027344,0.23133765161037445,0.15649530291557312,6.77753210067749,6.574363708496094,6.136449813842773,5.583406925201416,7.385539531707764,10.89915943145752,10.086907386779785,5.031492233276367,4.41789436340332,4.882576942443848,,,,,,,,,,,8.75606632232666,9.269021034240723,8.702051162719727,7.049291610717773,8.611720085144043,14.42341423034668,12.354781150817871,6.846695423126221,5.521365165710449,6.026259899139404,,,,,,,,,,,,,,,,,,,,,,,,,,,,,,,,,,,,,,,,
18,3499,0.31167498230934143,0.251238077878952,0.0865364521741867,0.4208373427391052,0.49761509895324707,0.40899983048439026,0.31073158979415894,0.05990126356482506,0.5571363568305969,0.21207857131958008,5.783627033233643,4.508078575134277,3.265612840652466,6.829820156097412,8.340779304504395,7.88507080078125,7.253557205200195,1.944689154624939,6.238565444946289,5.786471366882324,,,,,,,,,,,7.428332805633545,5.54887580871582,4.238490104675293,9.018036842346191,10.093607902526855,10.364238739013672,9.121441841125488,2.8865342140197754,8.568486213684082,7.015289306640625,,,,,,,,,,,,,,,,,,,,,,,,,,,,,,,,,,,,,,,,
18,3504,0.39963048696517944,0.4144555628299713,0.24786190688610077,0.48420727252960205,0.5615538358688354,0.5351134538650513,0.23255829513072968,0.21887989342212677,0.6274232864379883,0.2746208906173706,7.048696994781494,5.799814701080322,6.401235580444336,8.447898864746094,9.167560577392578,8.908093452453613,6.714271545410156,3.7945404052734375,7.496006965637207,6.708850860595703,,,,,,,,,,,8.559500694274902,7.1269097328186035,7.173259258270264,9.673208236694336,10.72248363494873,11.854924201965332,7.891084671020508,5.517745494842529,9.092925071716309,7.9829607009887695,,,,,,,,,,,,,,,,,,,,,,,,,,,,,,,,,,,,,,,,
18,3509,0.6516178250312805,0.549170970916748,0.862885057926178,0.5111949443817139,0.4910437762737274,0.9710344076156616,0.775824785232544,0.5939324498176575,0.4756403863430023,0.6338335275650024,8.691424369812012,6.65031623840332,9.750533103942871,7.5815958976745605,8.112569808959961,12.769362449645996,10.581457138061523,6.823947429656982,6.189371585845947,9.763659477233887,,,,,,,,,,,11.230045318603516,8.203818321228027,13.384065628051758,9.939125061035156,10.026740074157715,15.969568252563477,14.412940979003906,9.0892333984375,7.917036533355713,12.127878189086914,,,,,,,,,,,,,,,,,,,,,,,,,,,,,,,,,,,,,,,,
18,3514,0.24597570300102234,0.22509528696537018,0.11426907777786255,0.18213751912117004,0.3661043047904968,0.45198675990104675,0.17473189532756805,0.1710393726825714,0.15344130992889404,0.37497568130493164,5.479448318481445,4.662976264953613,4.394227504730225,4.620213031768799,6.558211803436279,8.363595008850098,5.293813705444336,4.23361873626709,4.043008804321289,7.145370960235596,,,,,,,,,,,6.794559001922607,5.252251148223877,4.870527267456055,5.932730674743652,8.657690048217773,10.89528751373291,6.840012550354004,4.877606391906738,4.496705532073975,9.328219413757324,,,,,,,,,,,,,,,,,,,,,,,,,,,,,,,,,,,,,,,,
18,3519,0.34411779046058655,0.5393391847610474,0.501270592212677,0.3021295666694641,0.3638976812362671,0.27746137976646423,0.32388758659362793,0.1722678691148758,0.08872921019792557,0.5280769467353821,6.352097034454346,5.426753997802734,8.86689567565918,5.128725528717041,6.554842948913574,6.641780376434326,7.789140224456787,4.686466217041016,2.939143180847168,9.13512134552002,,,,,,,,,,,7.98191499710083,8.130050659179688,10.201117515563965,7.641022682189941,8.631559371948242,8.536446571350098,9.312535285949707,4.895092010498047,3.4194529056549072,11.069954872131348,,,,,,,,,,,,,,,,,,,,,,,,,,,,,,,,,,,,,,,,
18,3524,0.22559434175491333,0.1713988333940506,0.17806532979011536,0.2165052443742752,0.2990240752696991,0.12371540814638138,0.3706801235675812,0.11628852784633636,0.2334008663892746,0.32127058506011963,5.433131694793701,3.982133150100708,5.422384738922119,4.831044673919678,7.316146373748779,4.426579475402832,7.297691345214844,3.5826992988586426,4.629116058349609,7.410391807556152,,,,,,,,,,,6.535642147064209,4.58317232131958,6.0799689292907715,6.468284606933594,7.824430465698242,5.700169563293457,9.96254825592041,4.021862030029297,5.545931339263916,8.634410858154297,,,,,,,,,,,,,,,,,,,,,,,,,,,,,,,,,,,,,,,,
18,3529,0.45696550607681274,0.2675943076610565,0.4970672130584717,0.6580199599266052,0.40407493710517883,0.44115281105041504,0.22612744569778442,0.48357468843460083,0.5842866897583008,0.5507915019989014,7.608429908752441,4.490891456604004,8.253019332885742,9.535720825195312,6.939418315887451,8.74426555633545,6.431914806365967,6.832692623138428,8.342422485351562,8.905522346496582,,,,,,,,,,,9.231542587280273,5.726650714874268,10.158258438110352,11.276501655578613,9.095584869384766,10.76391887664795,7.781215667724609,8.201447486877441,8.774781227111816,11.305526733398438,,,,,,,,,,,,,,,,,,,,,,,,,,,,,,,,,,,,,,,,
18,3534,0.536169171333313,0.7589261531829834,0.5410813093185425,0.2955624759197235,0.3510288894176483,0.7953430414199829,0.25763145089149475,0.22238998115062714,1.3068615198135376,0.2966977059841156,7.388983249664307,7.6143364906311035,9.24183464050293,6.101523399353027,7.044929027557373,9.878205299377441,6.283429145812988,4.199225902557373,10.19655704498291,5.9408063888549805,,,,,,,,,,,9.55763053894043,9.6441068649292,10.598464012145996,7.55752420425415,8.477563858032227,14.452837944030762,8.305584907531738,5.561811923980713,13.123148918151855,8.29763412475586,,,,,,,,,,,,,,,,,,,,,,,,,,,,,,,,,,,,,,,,
18,3539,0.32928118109703064,0.3367396295070648,0.47605279088020325,0.21380385756492615,0.29685652256011963,0.48441940546035767,0.2767080068588257,0.09048347920179367,0.09320099651813507,0.6952660083770752,5.923526287078857,4.864485263824463,7.618753910064697,4.624926567077637,5.774946212768555,9.262213706970215,7.003580570220947,2.6440072059631348,3.348676919937134,8.170145988464355,,,,,,,,,,,7.803371906280518,6.424057483673096,9.94120979309082,6.427804470062256,7.796020030975342,11.27941608428955,8.607592582702637,3.547670841217041,3.5045604705810547,12.702016830444336,,,,,,,,,,,,,,,,,,,,,,,,,,,,,,,,,,,,,,,,
18,3544,0.28543081879615784,0.2484835535287857,0.29617199301719666,0.22099019587039948,0.09763763099908829,0.46178364753723145,0.2593570351600647,0.2101006954908371,0.3825668394565582,0.39178550243377686,6.022238731384277,4.623440265655518,6.380305290222168,5.765892028808594,3.8029258251190186,8.770951271057129,6.880202293395996,4.2694830894470215,5.985608100891113,7.721344947814941,,,,,,,,,,,7.305881023406982,5.518373966217041,7.841219902038574,6.534936904907227,4.4710373878479,11.012733459472656,8.333353042602539,5.4059553146362305,7.100303649902344,9.535015106201172,,,,,,,,,,,,,,,,,,,,,,,,,,,,,,,,,,,,,,,,
18,3549,0.383533775806427,0.483512282371521,0.16306595504283905,0.40932026505470276,0.3634791076183319,0.26908624172210693,0.7912508249282837,0.3007083237171173,0.35402292013168335,0.31735798716545105,6.661794185638428,5.5039825439453125,4.632875919342041,7.327872276306152,7.080499172210693,6.616603374481201,11.078222274780273,5.64819860458374,5.449313163757324,6.618578910827637,,,,,,,,,,,8.43088436126709,7.697789192199707,5.818262577056885,8.893782615661621,8.626594543457031,8.406624794006348,14.555524826049805,6.46742582321167,6.830287933349609,8.581671714782715,,,,,,,,,,,,,,,,,,,,,,,,,,,,,,,,,,,,,,,,
18,3554,0.36037907004356384,0.4429799020290375,0.1391686201095581,0.34723222255706787,0.31482118368148804,0.39656540751457214,0.3448799252510071,0.47357648611068726,0.39199814200401306,0.39218971133232117,6.496382713317871,6.551334857940674,4.454130172729492,6.361273288726807,6.242914199829102,7.317475318908691,7.225108623504639,7.6716694831848145,5.488829135894775,7.154712677001953,,,,,,,,,,,8.180179595947266,7.36807918548584,5.37504768371582,8.191527366638184,8.028448104858398,10.205475807189941,9.609587669372559,8.116219520568848,7.187292575836182,9.539932250976562,,,,,,,,,,,,,,,,,,,,,,,,,,,,,,,,,,,,,,,,
18,3559,0.3819234073162079,0.3979436457157135,0.46447062492370605,1.2285879850387573,0.2574833333492279,0.1904134303331375,0.1941811889410019,0.18310192227363586,0.20848464965820312,0.3126439154148102,6.29486083984375,6.190359592437744,7.89324426651001,10.191614151000977,5.799812316894531,5.529995441436768,5.712801933288574,4.430650234222412,5.04865026473999,5.856618404388428,,,,,,,,,,,8.062262535095215,6.983498573303223,9.819531440734863,15.408416748046875,7.260628700256348,7.071713447570801,7.210649013519287,5.04667329788208,5.2415571212768555,8.51769733428955,,,,,,,,,,,,,,,,,,,,,,,,,,,,,,,,,,,,,,,,
18,3564,0.5031764507293701,0.23545022308826447,1.0740711688995361,0.4646386206150055,0.4305190145969391,0.8130196332931519,0.3777153789997101,0.22376692295074463,0.3402160108089447,0.5691908001899719,7.976192951202393,4.320428371429443,12.083795547485352,8.489763259887695,7.922491550445557,11.817161560058594,8.298705101013184,3.9105300903320312,5.085899353027344,9.856964111328125,,,,,,,,,,,9.733896255493164,5.371700763702393,14.932350158691406,9.475728034973145,9.3884916305542,14.612563133239746,10.056645393371582,5.579004287719727,6.695772647857666,11.492807388305664,,,,,,,,,,,,,,,,,,,,,,,,,,,,,,,,,,,,,,,,
18,3569,0.346107542514801,0.40007203817367554,0.21803204715251923,0.5882752537727356,0.22515858709812164,0.1317831426858902,0.6269776821136475,0.26095783710479736,0.2185288816690445,0.4451822340488434,6.309504985809326,5.3680195808410645,5.346659183502197,7.75287389755249,4.714271545410156,4.461634635925293,10.014020919799805,5.831408500671387,4.856978893280029,8.439677238464355,,,,,,,,,,,7.9529709815979,7.0021491050720215,6.727780342102051,10.662158966064453,6.789595603942871,5.88309383392334,12.956771850585938,6.02481746673584,5.366333961486816,10.164033889770508,,,,,,,,,,,,,,,,,,,,,,,,,,,,,,,,,,,,,,,,
18,3574,0.3600255846977234,0.2063671499490738,0.21635636687278748,0.11664386838674545,0.5893027782440186,0.22060483694076538,0.3265082836151123,0.546379029750824,0.6392539739608765,0.3788139820098877,6.1440558433532715,3.363656520843506,5.248660564422607,4.542909622192383,7.4935760498046875,5.496525287628174,7.300573348999023,8.291687965393066,7.258848667144775,6.300062656402588,,,,,,,,,,,7.96628475189209,5.029010772705078,6.701877593994141,4.74772834777832,10.984211921691895,7.611729621887207,9.350135803222656,8.717777252197266,9.178252220153809,9.375840187072754,,,,,,,,,,,,,,,,,,,,,,,,,,,,,,,,,,,,,,,,
18,3579,0.42306408286094666,0.3473416864871979,0.277768075466156,0.2715723514556885,0.7916113138198853,0.5387555956840515,0.2951793074607849,0.4500617980957031,0.1907983273267746,0.6444882750511169,7.029417037963867,5.724216938018799,6.1020894050598145,6.525134086608887,8.523406982421875,8.880346298217773,7.7932257652282715,6.262369155883789,4.243890762329102,9.21007251739502,,,,,,,,,,,8.892722129821777,6.524402618408203,7.59368896484375,7.244320392608643,12.730798721313477,11.8951997756958,8.890246391296387,7.9121551513671875,5.014302730560303,12.229387283325195,,,,,,,,,,,,,,,,,,,,,,,,,,,,,,,,,,,,,,,,
18,3584,0.35796061158180237,0.3339475989341736,0.20055165886878967,0.15282131731510162,0.3380660116672516,0.3374141454696655,0.3619997203350067,0.6886012554168701,0.7000240683555603,0.10821983218193054,6.064022541046143,4.941756248474121,5.740396976470947,4.421781539916992,5.949977397918701,7.266167640686035,7.666228771209717,7.407904624938965,7.137082576751709,4.044906139373779,,,,,,,,,,,7.807258605957031,6.397369861602783,6.452451705932617,5.434340476989746,8.319561004638672,9.4136381149292,9.845209121704102,9.786843299865723,9.604610443115234,5.011302947998047,,,,,,,,,,,,,,,,,,,,,,,,,,,,,,,,,,,,,,,,
18,3589,0.41966697573661804,0.7140785455703735,0.16554097831249237,0.2868044972419739,0.25503143668174744,0.5722165107727051,0.29908865690231323,0.9361997842788696,0.23635312914848328,0.31168925762176514,6.8048577308654785,6.31850528717041,3.973900556564331,6.068208694458008,5.591063499450684,10.250782012939453,7.65180778503418,10.005419731140137,4.433145046234131,6.950883865356445,,,,,,,,,,,8.510310173034668,9.354816436767578,5.8622517585754395,7.444712162017822,7.22597599029541,12.259028434753418,8.948923110961914,11.411505699157715,5.580896854400635,8.504682540893555,,,,,,,,,,,,,,,,,,,,,,,,,,,,,,,,,,,,,,,,
18,3594,0.2349301427602768,0.30094048380851746,0.19874027371406555,0.10211963951587677,0.2191581428050995,0.3138478398323059,0.291454941034317,0.14102399349212646,0.26664453744888306,0.28044137358665466,5.522985935211182,5.1066813468933105,5.868509769439697,3.5166211128234863,5.669681072235107,7.464302062988281,6.646182537078857,3.832181930541992,5.077960014343262,6.524748802185059,,,,,,,,,,,6.663761138916016,6.072990417480469,6.42324686050415,4.44231653213501,6.698513507843018,9.07894515991211,8.833982467651367,4.428995132446289,5.927746295928955,8.067115783691406,,,,,,,,,,,,,,,,,,,,,,,,,,,,,,,,,,,,,,,,
18,3599,0.23591092228889465,0.2801222801208496,0.17721538245677948,0.2298002690076828,0.42334476113319397,0.20191682875156403,0.24232645332813263,0.3284151256084442,0.07143785804510117,0.16861936450004578,5.4830002784729,5.14001989364624,4.886624813079834,5.951759338378906,7.217199802398682,6.286497592926025,5.576222896575928,6.058373928070068,2.720452308654785,5.5098466873168945,,,,,,,,,,,6.59090518951416,5.859170436859131,6.065440654754639,6.663926124572754,9.3099365234375,7.282191753387451,8.055105209350586,6.758810520172119,3.0682270526885986,6.255340099334717,,,,,,,,,,,,,,,,,,,,,,,,,,,,,,,,,,,,,,,,
18,3604,0.49693331122398376,0.5281508564949036,0.2592281997203827,0.8034435510635376,0.7618982791900635,0.38141441345214844,0.6406130790710449,0.5272170901298523,0.19282177090644836,0.37761256098747253,7.236135959625244,5.7681884765625,6.35714054107666,8.528922080993652,9.082283020019531,7.7393107414245605,9.361227989196777,6.910109519958496,4.077701568603516,7.300339698791504,,,,,,,,,,,9.600225448608398,8.045281410217285,7.3358893394470215,12.460416793823242,12.489588737487793,10.008625030517578,13.096905708312988,8.563543319702148,5.040821552276611,9.360960006713867,,,,,,,,,,,,,,,,,,,,,,,,,,,,,,,,,,,,,,,,
18,3609,0.2705329954624176,0.3182227909564972,0.31957656145095825,0.27938735485076904,0.321868360042572,0.207859069108963,0.217106893658638,0.19805139303207397,0.1629822552204132,0.40974247455596924,5.85214900970459,4.783153057098389,7.0092668533325195,6.576391696929932,7.2421555519104,6.0246171951293945,6.147607326507568,4.0773820877075195,3.835172653198242,6.973595142364502,,,,,,,,,,,7.166982173919678,6.244934558868408,8.145150184631348,7.34781551361084,8.117807388305664,7.388569355010986,7.624433994293213,5.248651027679443,4.634398937225342,9.751079559326172,,,,,,,,,,,,,,,,,,,,,,,,,,,,,,,,,,,,,,,,
18,3614,0.5599148869514465,0.2702583074569702,0.9205905199050903,0.7786538004875183,0.49014270305633545,0.7217293977737427,0.6079006195068359,0.40528175234794617,0.48910409212112427,0.3555728495121002,8.277485847473145,3.9258577823638916,11.849224090576172,10.470179557800293,8.345264434814453,10.958317756652832,8.76842975616455,6.220856189727783,6.877016544342041,7.0822248458862305,,,,,,,,,,,10.334416389465332,5.755086421966553,13.824357032775879,12.266680717468262,10.017536163330078,13.767752647399902,12.758131980895996,7.508224964141846,8.028306007385254,9.083673477172852,,,,,,,,,,,,,,,,,,,,,,,,,,,,,,,,,,,,,,,,
18,3619,0.35805872082710266,0.1891888827085495,0.49359071254730225,0.5737173557281494,0.5621278882026672,0.3809674382209778,0.2704677879810333,0.17151620984077454,0.33011937141418457,0.25083276629447937,5.749698638916016,3.4570112228393555,5.417130470275879,7.101827144622803,7.77930212020874,7.298709392547607,6.583682060241699,3.253554105758667,4.848573207855225,6.007498264312744,,,,,,,,,,,8.201931953430176,4.815153121948242,10.122671127319336,10.529406547546387,10.727961540222168,10.002758026123047,8.509981155395508,4.884400844573975,6.595667839050293,7.62938117980957,,,,,,,,,,,,,,,,,,,,,,,,,,,,,,,,,,,,,,,,
18,3624,0.24818117916584015,0.36974310874938965,0.14953845739364624,0.040382590144872665,0.5201032757759094,0.41826575994491577,0.21267317235469818,0.06281284987926483,0.16274182498455048,0.29736971855163574,5.2171630859375,5.289349555969238,4.801597595214844,2.696883201599121,6.4314422607421875,9.379585266113281,6.55952262878418,2.4563820362091064,2.4499800205230713,6.889725685119629,,,,,,,,,,,6.592990875244141,6.731507301330566,5.571704864501953,2.7935211658477783,10.319162368774414,10.480982780456543,7.54617977142334,2.9558539390563965,4.630980014801025,8.307025909423828,,,,,,,,,,,,,,,,,,,,,,,,,,,,,,,,,,,,,,,,
18,3629,0.3568393290042877,0.2651914060115814,0.4692712128162384,0.3915349543094635,0.28035444021224976,0.3165906071662903,0.2957732677459717,0.4889192283153534,0.233607679605484,0.4703111946582794,6.669981479644775,4.091502666473389,8.075572967529297,8.424858093261719,5.452183246612549,7.914161682128906,7.118359088897705,7.0852508544921875,4.687878608703613,7.180066108703613,,,,,,,,,,,8.233931541442871,5.700881004333496,9.870146751403809,8.698416709899902,7.576233863830566,9.118531227111816,8.899186134338379,8.246644973754883,5.5483880043029785,10.4469575881958,,,,,,,,,,,,,,,,,,,,,,,,,,,,,,,,,,,,,,,,
18,3634,0.39367830753326416,0.485476016998291,0.13596093654632568,0.40617406368255615,0.5044445991516113,0.8911080360412598,0.250397264957428,0.42793911695480347,0.06405481696128845,0.3775496184825897,6.559187412261963,5.550264835357666,4.9271345138549805,7.003885269165039,8.686681747436523,10.035531997680664,6.482682228088379,7.092127799987793,2.8672916889190674,6.387082576751709,,,,,,,,,,,8.390607833862305,7.713405609130859,5.312742233276367,8.859536170959473,10.162635803222656,15.298224449157715,8.188145637512207,7.715244770050049,2.9053549766540527,9.360180854797363,,,,,,,,,,,,,,,,,,,,,,,,,,,,,,,,,,,,,,,,
18,3639,0.3112196922302246,0.4189782440662384,0.4124527871608734,0.05992346256971359,0.18077407777309418,0.2704666554927826,0.40757426619529724,0.2694260776042938,0.24510568380355835,0.5362759232521057,6.0242462158203125,5.56915283203125,6.938346862792969,2.8145194053649902,4.391441822052002,6.88764762878418,7.916954040527344,5.189461708068848,5.565900802612305,8.94478988647461,,,,,,,,,,,7.526783466339111,7.165689945220947,9.253345489501953,3.402932643890381,6.083698749542236,8.428159713745117,10.44658088684082,6.121791839599609,5.683292388916016,11.155559539794922,,,,,,,,,,,,,,,,,,,,,,,,,,,,,,,,,,,,,,,,
18,3644,0.2210111916065216,0.1600903570652008,0.08376795053482056,0.12699133157730103,0.6912331581115723,0.2663984000682831,0.2150554656982422,0.13263234496116638,0.13357393443584442,0.17935776710510254,5.163599014282227,3.1066274642944336,4.1377177238464355,4.687902927398682,8.96103572845459,6.616455554962158,5.64992618560791,3.671621561050415,3.908493757247925,5.732606887817383,,,,,,,,,,,6.260521411895752,4.429399490356445,4.170139789581299,4.953839302062988,11.896300315856934,8.364532470703125,7.588326454162598,4.295200347900391,4.195504188537598,6.451449394226074,,,,,,,,,,,,,,,,,,,,,,,,,,,,,,,,,,,,,,,,
18,3649,0.3894610106945038,0.41447189450263977,0.3521406054496765,0.23972009122371674,0.376913845539093,0.605358898639679,0.35809797048568726,0.7451430559158325,0.1339699923992157,0.27933287620544434,7.061568260192871,5.828316688537598,8.376084327697754,6.59569787979126,6.5676069259643555,9.119845390319824,7.484346866607666,9.256817817687988,3.0403497219085693,7.285050392150879,,,,,,,,,,,8.455842971801758,7.127050399780273,8.550069808959961,6.806237697601318,8.784573554992676,12.609048843383789,9.792007446289062,10.180720329284668,4.201719284057617,8.051156044006348,,,,,,,,,,,,,,,,,,,,,,,,,,,,,,,,,,,,,,,,
18,3654,0.2966867685317993,0.6026603579521179,0.17046545445919037,0.2501562237739563,0.20577694475650787,0.5078361630439758,0.2556653320789337,0.19647713005542755,0.1689499020576477,0.3121930658817291,5.640152931213379,5.568199157714844,4.4026970863342285,5.38482666015625,5.59824800491333,8.776933670043945,6.34176778793335,3.643054485321045,3.3907630443573,7.654882431030273,,,,,,,,,,,7.3629913330078125,8.594063758850098,5.948806285858154,6.952813148498535,6.490796089172363,11.548821449279785,8.273832321166992,5.227748870849609,4.718481540679932,8.511553764343262,,,,,,,,,,,,,,,,,,,,,,,,,,,,,,,,,,,,,,,,
18,3659,0.2910524010658264,0.28224343061447144,0.19641666114330292,0.2962295711040497,0.3509989380836487,0.24489426612854004,0.19959203898906708,0.611092746257782,0.21104645729064941,0.2269575297832489,5.606454372406006,4.862473487854004,4.683346748352051,6.602001667022705,5.67087459564209,6.559457778930664,5.303807258605957,6.520805358886719,4.80568790435791,5.4496331214904785,,,,,,,,,,,7.265652179718018,5.881311416625977,6.385586738586426,7.5660481452941895,8.477202415466309,8.019829750061035,7.310420989990234,9.2196044921875,5.273662567138672,7.257206439971924,,,,,,,,,,,,,,,,,,,,,,,,,,,,,,,,,,,,,,,,
18,3664,0.6294717788696289,0.23865580558776855,0.5612257122993469,0.724441409111023,0.8340104818344116,0.5678379535675049,0.43689873814582825,0.8724319934844971,0.7769232988357544,0.6528205275535583,7.920943260192871,3.8375613689422607,8.17360782623291,8.257061958312988,10.299971580505371,8.873394966125488,7.423227787017822,8.112048149108887,8.95556926727295,7.356046199798584,,,,,,,,,,,10.841317176818848,5.408143997192383,10.793951988220215,11.831955909729004,13.067286491394043,12.2120361328125,10.815863609313965,11.01601505279541,10.118412017822266,12.308187484741211,,,,,,,,,,,,,,,,,,,,,,,,,,,,,,,,,,,,,,,,
18,3669,0.22673983871936798,0.21412613987922668,0.16730952262878418,0.17525267601013184,0.23414508998394012,0.1851780265569687,0.24487432837486267,0.2234630286693573,0.3294801712036133,0.26682931184768677,5.00346040725708,3.4056968688964844,4.792611598968506,4.6371002197265625,5.312539100646973,5.709013938903809,5.464627742767334,4.377491474151611,4.831473350524902,6.5005927085876465,,,,,,,,,,,6.540444374084473,5.122679233551025,5.893482208251953,5.819520950317383,6.923763275146484,6.973817348480225,8.097341537475586,5.575214385986328,6.5892791748046875,7.868899345397949,,,,,,,,,,,,,,,,,,,,,,,,,,,,,,,,,,,,,,,,
18,3674,0.43254777789115906,0.3354600667953491,0.5553563833236694,0.18245868384838104,0.41381680965423584,0.19606873393058777,0.35976871848106384,0.8749750852584839,0.8119286894798279,0.1630968302488327,6.600841999053955,4.970002174377441,8.872430801391602,5.127610683441162,7.604734420776367,5.827844619750977,6.869847774505615,7.957014560699463,6.9910125732421875,5.1870832443237305,,,,,,,,,,,8.534497261047363,6.411839962005615,10.737360000610352,5.937958717346191,9.204574584960938,7.175960540771484,9.814824104309082,11.032058715820312,10.343851089477539,6.1520514488220215,,,,,,,,,,,,,,,,,,,,,,,,,,,,,,,,,,,,,,,,
18,3679,0.2990747094154358,0.4222680628299713,0.33033329248428345,0.1872882843017578,0.5355537533760071,0.5101206302642822,0.15459546446800232,0.16844111680984497,0.15335749089717865,0.22971421480178833,6.174551963806152,5.503500461578369,7.6356072425842285,5.159269332885742,7.983617782592773,9.33934211730957,5.842341423034668,4.812114715576172,3.732417583465576,5.56275749206543,,,,,,,,,,,7.400872230529785,7.193767547607422,8.281096458435059,6.016033172607422,10.471314430236816,11.574769020080566,6.433823585510254,4.84041690826416,4.495477199554443,7.3011474609375,,,,,,,,,,,,,,,,,,,,,,,,,,,,,,,,,,,,,,,,
18,3684,0.39994844794273376,0.5428476333618164,0.2141265571117401,0.2666538655757904,0.2836168706417084,1.018517017364502,0.47258812189102173,0.22435110807418823,0.020739097148180008,0.5560956597328186,5.930370807647705,5.850733757019043,5.0353922843933105,5.288562774658203,5.297512531280518,9.959904670715332,7.931689262390137,4.423614978790283,1.57512629032135,8.010799407958984,,,,,,,,,,,8.425101280212402,8.156451225280762,6.667252540588379,7.178419589996338,7.620188236236572,16.355358123779297,11.248955726623535,5.586281776428223,1.6531726121902466,11.359832763671875,,,,,,,,,,,,,,,,,,,,,,,,,,,,,,,,,,,,,,,,
18,3685,,,,,,,,,,,6.425879001617432,5.228062152862549,6.321200847625732,6.127008438110352,6.6736955642700195,8.016980171203613,7.073005199432373,5.718068599700928,5.50267219543457,7.172214031219482,0.5946504473686218,0.5864402055740356,0.6580839157104492,0.660149335861206,0.5956977605819702,0.5113264322280884,0.5870827436447144,0.5944085121154785,0.5918595194816589,0.5668051242828369,8.487544059753418,6.936295509338379,8.296487808227539,8.071737289428711,8.921711921691895,10.668282508850098,9.475333213806152,7.420547962188721,7.243834018707275,9.353659629821777,0.5378901958465576,0.6409567594528198,0.581093966960907,0.3612762987613678,0.5806770324707031,0.5879969000816345,0.46782320737838745,0.4401952028274536,0.6665096282958984,0.514482855796814,7.439220905303955,6.461214065551758,7.563265800476074,6.025903701782227,8.361546516418457,9.128043174743652,8.269442558288574,5.691625595092773,7.403096675872803,8.048848152160645,0.40660446882247925,0.3278820514678955,0.5234278440475464,0.6244255900382996,0.2969191074371338,0.4668639898300171,0.5190593004226685,0.3165176510810852,0.0869286060333252,0.4974161386489868,10.201483726501465,9.07166576385498,10.583993911743164,9.104405403137207,11.344825744628906,12.553775787353516,11.086655616760254,7.707503795623779,9.716912269592285,10.643614768981934
