epoch,step,train/loss,train/loss_BEE:LU,train/loss_CRO:LU,train/loss_EWB:LU,train/loss_HCH:LU,train/loss_HZL:LU,train/loss_LAR:NE,train/loss_LLL:LU,train/loss_SLL:LU,train/loss_SPR:NE,train/mae,train/mae_BEE:LU,train/mae_CRO:LU,train/mae_EWB:LU,train/mae_HCH:LU,train/mae_HZL:LU,train/mae_LAR:NE,train/mae_LLL:LU,train/mae_SLL:LU,train/mae_SPR:NE,train/r2,train/r2_BEE:LU,train/r2_CRO:LU,train/r2_EWB:LU,train/r2_HCH:LU,train/r2_HZL:LU,train/r2_LAR:NE,train/r2_LLL:LU,train/r2_SLL:LU,train/r2_SPR:NE,train/rmse,train/rmse_BEE:LU,train/rmse_CRO:LU,train/rmse_EWB:LU,train/rmse_HCH:LU,train/rmse_HZL:LU,train/rmse_LAR:NE,train/rmse_LLL:LU,train/rmse_SLL:LU,train/rmse_SPR:NE,val/loss,val/loss_BEE:LU,val/loss_CRO:LU,val/loss_EWB:LU,val/loss_HCH:LU,val/loss_HZL:LU,val/loss_LAR:NE,val/loss_LLL:LU,val/loss_SLL:LU,val/loss_SPR:NE,val/mae,val/mae_BEE:LU,val/mae_CRO:LU,val/mae_EWB:LU,val/mae_HCH:LU,val/mae_HZL:LU,val/mae_LAR:NE,val/mae_LLL:LU,val/mae_SLL:LU,val/mae_SPR:NE,val/r2,val/r2_BEE:LU,val/r2_CRO:LU,val/r2_EWB:LU,val/r2_HCH:LU,val/r2_HZL:LU,val/r2_LAR:NE,val/r2_LLL:LU,val/r2_SLL:LU,val/r2_SPR:NE,val/rmse,val/rmse_BEE:LU,val/rmse_CRO:LU,val/rmse_EWB:LU,val/rmse_HCH:LU,val/rmse_HZL:LU,val/rmse_LAR:NE,val/rmse_LLL:LU,val/rmse_SLL:LU,val/rmse_SPR:NE
0,4,0.9321200251579285,0.5350611209869385,0.4399665594100952,1.0342726707458496,0.8316076993942261,0.8687926530838013,1.3138682842254639,0.7575740814208984,0.8742971420288086,1.7336397171020508,10.315229415893555,6.546006202697754,7.735503196716309,11.103771209716797,9.015942573547363,10.304707527160645,14.367721557617188,9.35922908782959,9.249534606933594,15.154656410217285,,,,,,,,,,,13.306553840637207,8.097742080688477,9.556997299194336,14.137493133544922,13.048449516296387,15.105459213256836,18.75628089904785,10.265291213989258,10.733783721923828,20.057493209838867,,,,,,,,,,,,,,,,,,,,,,,,,,,,,,,,,,,,,,,,
0,9,0.6485205888748169,0.6442277431488037,0.5050680041313171,0.6597749590873718,0.36077818274497986,0.7653946876525879,0.39778760075569153,0.4787205457687378,1.377331018447876,0.6476022005081177,8.589402198791504,6.891955375671387,8.403813362121582,8.567899703979492,6.743569850921631,11.908637046813965,8.380788803100586,5.94460391998291,10.309175491333008,10.154176712036133,,,,,,,,,,,10.822346687316895,8.885501861572266,10.23968505859375,11.291529655456543,8.594483375549316,14.178118705749512,10.32039737701416,8.16018009185791,13.472322463989258,12.258895874023438,,,,,,,,,,,,,,,,,,,,,,,,,,,,,,,,,,,,,,,,
0,14,0.5110933184623718,0.5284231901168823,0.5231237411499023,0.6206325888633728,0.40631529688835144,0.5166729688644409,0.5502188205718994,0.4038187563419342,0.6716101169586182,0.3790242671966553,8.058526992797852,5.901871681213379,8.677655220031738,9.003329277038574,8.090087890625,9.748291015625,9.226139068603516,6.120469093322754,8.162741661071777,7.596156120300293,,,,,,,,,,,9.845342636108398,8.047355651855469,10.421107292175293,10.95146369934082,9.120763778686523,11.6488676071167,12.1377592086792,7.494660377502441,9.407666206359863,9.378442764282227,,,,,,,,,,,,,,,,,,,,,,,,,,,,,,,,,,,,,,,,
0,19,0.5777711868286133,0.29183346033096313,0.33873075246810913,0.4837784171104431,0.44977766275405884,0.6484588384628296,0.5904319882392883,0.7785367369651794,1.2660034894943237,0.35238927602767944,8.415699005126953,4.7735981941223145,6.486529350280762,9.526572227478027,7.97656774520874,10.612347602844238,9.981520652770996,9.942737579345703,9.862994194030762,6.578415870666504,,,,,,,,,,,10.180057525634766,5.980393886566162,8.385692596435547,9.668922424316406,9.596184730529785,13.050196647644043,12.573487281799316,10.406346321105957,12.916377067565918,9.042917251586914,,,,,,,,,,,,,,,,,,,,,,,,,,,,,,,,,,,,,,,,
0,24,0.37012359499931335,0.3435119688510895,0.15845483541488647,0.44050076603889465,0.18353749811649323,0.5470263361930847,0.3850080370903015,0.30553820729255676,0.5368144512176514,0.43072041869163513,6.908972263336182,5.193361282348633,5.070392608642578,8.409993171691895,4.853544235229492,9.699281692504883,9.428145408630371,4.6479034423828125,7.411064147949219,7.467060565948486,,,,,,,,,,,8.294111251831055,6.488333702087402,5.735408782958984,9.226313591003418,6.130022048950195,11.986157417297363,10.153264045715332,6.519157409667969,8.410762786865234,9.997581481933594,,,,,,,,,,,,,,,,,,,,,,,,,,,,,,,,,,,,,,,,
0,29,0.8984271287918091,0.7083724737167358,0.948543131351471,0.9828243255615234,0.9464783668518066,0.7549157738685608,0.47107380628585815,1.3078762292861938,1.0969386100769043,0.8688219785690308,10.479053497314453,7.682321071624756,11.385686874389648,11.39592456817627,11.228665351867676,11.533766746520996,9.627720832824707,11.04287052154541,10.390900611877441,10.023621559143066,,,,,,,,,,,12.897067070007324,9.317364692687988,14.03266716003418,13.781383514404297,13.920504570007324,14.080728530883789,11.230917930603027,13.487829208374023,12.02304458618164,14.19915771484375,,,,,,,,,,,,,,,,,,,,,,,,,,,,,,,,,,,,,,,,
0,34,0.7202216982841492,0.658505916595459,0.8665618896484375,0.3011251986026764,0.5685811042785645,1.0943567752838135,0.5844197869300842,0.7120298743247986,1.42606782913208,0.2703467309474945,9.068037986755371,6.564560890197754,9.695438385009766,5.961684226989746,9.00080680847168,13.797134399414062,10.88210391998291,7.845166206359863,11.86434555053711,6.001101970672607,,,,,,,,,,,11.31749439239502,8.983428955078125,13.412552833557129,7.628312110900879,10.789363861083984,16.95334243774414,12.509307861328125,9.95194149017334,13.708609580993652,7.920593738555908,,,,,,,,,,,,,,,,,,,,,,,,,,,,,,,,,,,,,,,,
0,39,0.6652926206588745,0.6309500932693481,0.6588897705078125,0.5071438550949097,0.5895599722862244,0.9070354104042053,0.47381502389907837,0.500559389591217,1.3257049322128296,0.39397525787353516,9.061421394348145,7.090198993682861,9.139074325561523,8.213834762573242,9.796687126159668,12.922951698303223,9.333518028259277,6.174427032470703,10.898747444152832,7.983357906341553,,,,,,,,,,,11.021820068359375,8.79345989227295,11.695480346679688,9.899664878845215,10.986608505249023,15.43433666229248,11.263547897338867,8.34423542022705,13.21742057800293,9.561624526977539,,,,,,,,,,,,,,,,,,,,,,,,,,,,,,,,,,,,,,,,
0,44,0.5244423747062683,1.002088189125061,0.2245457023382187,0.25213223695755005,0.8636316657066345,0.7389441132545471,0.813654363155365,0.30070874094963074,0.1958431601524353,0.32843273878097534,7.69118070602417,9.54330062866211,5.536046504974365,5.309117317199707,11.012587547302246,10.624423027038574,11.566007614135742,5.393154621124268,3.525136709213257,6.710851669311523,,,,,,,,,,,9.683981895446777,11.081926345825195,6.827536582946777,6.98021936416626,13.297313690185547,13.93097972869873,14.760150909423828,6.467430591583252,5.080161094665527,8.730124473571777,,,,,,,,,,,,,,,,,,,,,,,,,,,,,,,,,,,,,,,,
0,49,0.6016771793365479,0.7061617374420166,0.6990118026733398,0.5833200216293335,0.5521838665008545,0.5061012506484985,0.6877149343490601,0.3122391104698181,0.5592657327651978,0.8090962171554565,9.253572463989258,8.261848449707031,11.13931941986084,10.140666007995605,9.153101921081543,9.558608055114746,11.245376586914062,5.686690807342529,6.284518241882324,11.812026023864746,,,,,,,,,,,10.730597496032715,9.302814483642578,12.046306610107422,10.617159843444824,10.632649421691895,11.529077529907227,13.569849014282227,6.590256690979004,8.584843635559082,13.702420234680176,,,,,,,,,,,,,,,,,,,,,,,,,,,,,,,,,,,,,,,,
0,54,0.2670516073703766,0.3785470128059387,0.04431471228599548,0.13488958775997162,0.26593896746635437,0.306477427482605,0.36508771777153015,0.31215623021125793,0.3110436797142029,0.28500914573669434,5.646381855010986,5.731768608093262,2.4611167907714844,4.1538214683532715,5.557522296905518,7.751174449920654,7.12989616394043,4.555717468261719,5.873114585876465,7.603305339813232,,,,,,,,,,,6.923526287078857,6.8111772537231445,3.0330922603607178,5.1055684089660645,7.378883361816406,8.971707344055176,9.887110710144043,6.589382171630859,6.4022698402404785,8.132547378540039,,,,,,,,,,,,,,,,,,,,,,,,,,,,,,,,,,,,,,,,
0,59,0.7849652767181396,0.8067659735679626,1.5579485893249512,0.4068998694419861,0.41735759377479553,0.8238698244094849,0.9469338655471802,1.0439882278442383,0.21849830448627472,0.8424251079559326,9.358651161193848,7.759768962860107,12.294499397277832,7.698405742645264,8.353947639465332,11.165770530700684,11.14102840423584,11.1640625,4.799936771392822,9.85043716430664,,,,,,,,,,,12.00778579711914,9.943427085876465,17.984079360961914,8.867448806762695,9.243868827819824,14.709746360778809,15.923209190368652,12.05053997039795,5.365958213806152,13.981793403625488,,,,,,,,,,,,,,,,,,,,,,,,,,,,,,,,,,,,,,,,
0,64,0.5704033970832825,0.573653519153595,0.37519022822380066,0.6875656843185425,0.7192176580429077,0.4134400188922882,0.6775937080383301,0.6499084234237671,0.37831029295921326,0.658751368522644,8.544206619262695,6.626380443572998,7.435621738433838,9.29358196258545,10.41782283782959,7.795248985290527,11.388082504272461,6.593258857727051,6.086099624633789,11.261764526367188,,,,,,,,,,,10.410478591918945,8.38469123840332,8.825461387634277,11.526885986328125,12.134721755981445,10.420345306396484,13.469625473022461,9.507904052734375,7.060693264007568,12.363970756530762,,,,,,,,,,,,,,,,,,,,,,,,,,,,,,,,,,,,,,,,
0,69,0.5858094096183777,0.2870011329650879,1.0945340394973755,0.5330227017402649,0.4229171574115753,0.3017577826976776,0.9648475050926208,0.5969962477684021,0.5253655910491943,0.5458427667617798,7.875499248504639,4.7124481201171875,10.726468086242676,7.598360061645508,6.959316730499268,7.1175007820129395,11.48291015625,8.029874801635742,6.4694342613220215,7.783184051513672,,,,,,,,,,,10.458030700683594,5.930675029754639,15.073923110961914,10.149105072021484,9.3052339553833,8.902359008789062,16.073118209838867,9.11264705657959,8.320589065551758,11.254623413085938,,,,,,,,,,,,,,,,,,,,,,,,,,,,,,,,,,,,,,,,
0,74,0.5333794355392456,0.6161544919013977,0.3826504647731781,0.4373018443584442,0.2794066071510315,0.7665056586265564,0.2708134651184082,1.1632587909698486,0.3639456629753113,0.5203779935836792,8.044919967651367,6.2089667320251465,8.545379638671875,8.084115982055664,6.131582736968994,11.222865104675293,7.057098865509033,10.593366622924805,6.0094451904296875,8.551458358764648,,,,,,,,,,,9.744122505187988,8.689745903015137,8.912772178649902,9.192750930786133,7.563416004180908,14.18840503692627,8.51541805267334,12.72028636932373,6.925347805023193,10.988962173461914,,,,,,,,,,,,,,,,,,,,,,,,,,,,,,,,,,,,,,,,
0,79,0.6150583624839783,0.3103109896183014,0.5729721784591675,0.24109771847724915,0.1779237538576126,0.7735477685928345,0.41302281618118286,0.7671920657157898,1.990728735923767,0.2887295186519623,7.8309173583984375,4.573421001434326,9.41575813293457,6.006546974182129,5.4251508712768555,9.967625617980957,9.072511672973633,7.001847267150879,12.777656555175781,6.237738609313965,,,,,,,,,,,9.935173988342285,6.166813850402832,10.90632438659668,6.825766563415527,6.035546779632568,14.25343132019043,10.516175270080566,10.330248832702637,16.19680404663086,8.185454368591309,,,,,,,,,,,,,,,,,,,,,,,,,,,,,,,,,,,,,,,,
0,84,0.5061232447624207,0.4592001438140869,0.27918508648872375,0.22442299127578735,0.6260656714439392,0.4891904592514038,0.20684485137462616,1.078182578086853,0.7226635813713074,0.4693537652492523,7.47758150100708,5.722171306610107,6.115776062011719,5.327377796173096,8.211915016174316,9.721741676330566,5.563198566436768,10.36835765838623,7.535041809082031,8.73265552520752,,,,,,,,,,,9.360013961791992,7.5017619132995605,7.613033771514893,6.5854973793029785,11.321645736694336,11.33482551574707,7.442059516906738,12.246299743652344,9.758686065673828,10.436319351196289,,,,,,,,,,,,,,,,,,,,,,,,,,,,,,,,,,,,,,,,
0,89,0.48079878091812134,0.8252198100090027,0.39410606026649475,0.518049955368042,0.34518036246299744,0.39973539113998413,0.5838032960891724,0.12617412209510803,0.41129910945892334,0.7236207127571106,7.813907146453857,7.818432807922363,7.602181434631348,8.107003211975098,6.694742202758789,7.914026737213135,9.857908248901367,3.9754221439361572,6.982728958129883,11.372721672058105,,,,,,,,,,,9.419184684753418,10.05650520324707,9.04520034790039,10.00554370880127,8.406644821166992,10.246184349060059,12.502707481384277,4.1893229484558105,7.362107753753662,12.958438873291016,,,,,,,,,,,,,,,,,,,,,,,,,,,,,,,,,,,,,,,,
0,94,0.4668436646461487,0.28459978103637695,0.2525976896286011,0.4892562925815582,0.23093445599079132,0.861132025718689,0.6002781391143799,0.718303918838501,0.3985233008861542,0.3659672737121582,7.96245813369751,4.813347339630127,6.007383823394775,9.124265670776367,5.478067874908447,12.937819480895996,9.647546768188477,8.922563552856445,7.177923679351807,7.55320405960083,,,,,,,,,,,9.32461929321289,5.905811786651611,7.241463661193848,9.723509788513184,6.876129150390625,15.038714408874512,12.677891731262207,9.995691299438477,7.2468647956848145,9.215487480163574,,,,,,,,,,,,,,,,,,,,,,,,,,,,,,,,,,,,,,,,
0,99,0.5374582409858704,0.28055572509765625,0.15331171452999115,0.5137453079223633,0.5707899928092957,0.3908928632736206,0.3116031885147095,1.0385068655014038,0.9127000570297241,0.6650184988975525,7.73906135559082,4.837981224060059,5.144019603729248,7.759206771850586,9.346224784851074,8.037596702575684,8.100976943969727,8.873412132263184,8.277623176574707,9.274514198303223,,,,,,,,,,,9.661600112915039,5.863701343536377,5.641561508178711,9.963888168334961,10.810302734375,10.132222175598145,9.134225845336914,12.018863677978516,10.966987609863281,12.42264461517334,,,,,,,,,,,,,,,,,,,,,,,,,,,,,,,,,,,,,,,,
0,104,0.7012009620666504,0.7426009178161621,0.5031377077102661,0.382834792137146,0.7775048017501831,0.6865519881248474,0.8371331095695496,0.9044725894927979,0.9414920806884766,0.5350807309150696,9.16600513458252,7.641976356506348,8.93037223815918,7.032679557800293,9.304774284362793,10.772713661193848,12.293566703796387,9.410199165344238,9.09376049041748,8.013998031616211,,,,,,,,,,,11.430651664733887,9.539816856384277,10.220099449157715,8.60123062133789,12.616857528686523,13.428038597106934,14.971593856811523,11.216475486755371,11.138626098632812,11.143121719360352,,,,,,,,,,,,,,,,,,,,,,,,,,,,,,,,,,,,,,,,
0,109,0.4618348479270935,0.33788102865219116,0.3955523371696472,0.34138789772987366,0.4332311153411865,0.3058529794216156,0.2555771470069885,0.770816445350647,0.9996031522750854,0.31661170721054077,7.209547519683838,4.940739154815674,7.898647308349609,6.5828375816345215,7.586703777313232,7.304628372192383,6.07786226272583,8.30384349822998,10.426004409790039,5.76465368270874,,,,,,,,,,,8.963936805725098,6.434935092926025,9.061782836914062,8.122298240661621,9.418017387390137,8.962562561035156,8.272405624389648,10.354620933532715,11.477230072021484,8.571575164794922,,,,,,,,,,,,,,,,,,,,,,,,,,,,,,,,,,,,,,,,
0,114,0.5953961610794067,1.2182111740112305,0.7331272959709167,0.43414705991744995,0.8763237595558167,0.6435624361038208,0.34477221965789795,0.28483960032463074,0.46840816736221313,0.3551734983921051,8.25089168548584,9.466548919677734,9.430401802062988,7.133697032928467,11.272214889526367,11.019526481628418,7.756269931793213,5.539748191833496,5.569372177124023,7.070240497589111,,,,,,,,,,,10.327577590942383,12.218659400939941,12.336767196655273,9.15953254699707,13.39466667175293,13.000834465026855,9.608087539672852,6.294466018676758,7.856616020202637,9.078570365905762,,,,,,,,,,,,,,,,,,,,,,,,,,,,,,,,,,,,,,,,
0,119,0.4049118459224701,0.4838707149028778,0.30156946182250977,0.38647106289863586,0.6236494779586792,0.4517142176628113,0.5619035959243774,0.26050686836242676,0.3583083748817444,0.216212660074234,6.828199863433838,5.851582050323486,5.9875617027282715,6.688389301300049,8.994963645935059,8.50047492980957,9.648305892944336,4.170607089996338,5.6536407470703125,5.9582743644714355,,,,,,,,,,,8.74301815032959,7.700641632080078,7.912346839904785,8.641982078552246,11.29977798461914,10.892003059387207,12.265963554382324,6.019609451293945,6.8715033531188965,7.083334445953369,,,,,,,,,,,,,,,,,,,,,,,,,,,,,,,,,,,,,,,,
0,124,0.39055871963500977,0.6584481596946716,0.10737744718790054,0.3105645477771759,0.24345827102661133,0.669926106929779,0.40910157561302185,0.4191133379936218,0.3850288987159729,0.31201016902923584,6.565678596496582,7.114108085632324,4.059067726135254,6.123823165893555,5.6100897789001465,9.1309814453125,8.266818046569824,5.59539270401001,6.080779552459717,7.110045433044434,,,,,,,,,,,8.389945030212402,8.983034133911133,4.721371650695801,7.746951580047607,7.060117721557617,13.264451026916504,10.46613597869873,7.635271072387695,7.123115062713623,8.50905990600586,,,,,,,,,,,,,,,,,,,,,,,,,,,,,,,,,,,,,,,,
0,129,0.5802457928657532,0.5470056533813477,0.4789772033691406,0.661772608757019,0.26995354890823364,0.6828868985176086,0.5613702535629272,0.863822340965271,0.7403586506843567,0.41606462001800537,8.169000625610352,7.451478004455566,8.276567459106445,9.20502758026123,6.5237345695495605,10.314102172851562,9.418691635131836,7.674092769622803,7.589860916137695,7.067450046539307,,,,,,,,,,,10.357731819152832,8.187628746032715,9.971697807312012,11.308612823486328,7.434370040893555,13.3921480178833,12.260141372680664,10.96152400970459,9.877439498901367,9.826019287109375,,,,,,,,,,,,,,,,,,,,,,,,,,,,,,,,,,,,,,,,
0,134,0.43873971700668335,0.32501575350761414,0.4278434216976166,0.26216354966163635,0.26590293645858765,0.34901565313339233,0.29156070947647095,0.7319392561912537,0.9041640758514404,0.39105239510536194,7.126699924468994,4.7097015380859375,8.171455383300781,5.530691623687744,5.715554714202881,8.165240287780762,7.097839832305908,9.068202018737793,8.404459953308105,7.277148723602295,,,,,,,,,,,8.797025680541992,6.311236381530762,9.424407958984375,7.117722511291504,7.378383636474609,9.57410717010498,8.83558464050293,10.090117454528809,10.915581703186035,9.526089668273926,,,,,,,,,,,,,,,,,,,,,,,,,,,,,,,,,,,,,,,,
0,139,0.4663642346858978,0.32782670855522156,0.7473510503768921,0.894987165927887,0.2771899402141571,0.6183716058731079,0.19871379435062408,0.4594368636608124,0.19321349263191223,0.48018714785575867,7.548539161682129,5.790768146514893,10.110101699829102,10.598014831542969,5.9276323318481445,10.296194076538086,6.309492111206055,7.045217990875244,3.845465660095215,8.013965606689453,,,,,,,,,,,9.234793663024902,6.338469982147217,12.455867767333984,13.15113639831543,7.533353805541992,12.74384880065918,7.2943196296691895,7.994137763977051,5.045938968658447,10.556074142456055,,,,,,,,,,,,,,,,,,,,,,,,,,,,,,,,,,,,,,,,
0,144,0.47236695885658264,0.7266601920127869,0.5074878334999084,0.5510549545288086,0.437328577041626,0.5658677220344543,0.4978056252002716,0.38331136107444763,0.3765205144882202,0.20526553690433502,7.500418186187744,8.313943862915039,7.990523338317871,7.189774513244629,7.766687393188477,9.523364067077637,8.668953895568848,6.2038373947143555,5.699652194976807,6.147024154663086,,,,,,,,,,,9.38515567779541,9.436869621276855,10.264184951782227,10.319350242614746,9.46245002746582,12.190831184387207,11.545180320739746,7.301877498626709,7.043972015380859,6.901686668395996,,,,,,,,,,,,,,,,,,,,,,,,,,,,,,,,,,,,,,,,
0,149,0.6745975017547607,0.6259618401527405,0.72086501121521,0.2518070638179779,0.4034460783004761,0.4737097918987274,0.23616206645965576,0.5859401822090149,2.2802655696868896,0.49321961402893066,8.38539981842041,6.8000640869140625,9.436091423034668,4.615954399108887,6.53984260559082,9.728191375732422,6.458801746368408,8.48128890991211,13.934507369995117,9.473856925964355,,,,,,,,,,,10.35810661315918,8.758630752563477,12.233159065246582,6.975717067718506,9.08850383758545,11.154035568237305,7.951990604400635,9.027871131896973,17.334686279296875,10.6983642578125,,,,,,,,,,,,,,,,,,,,,,,,,,,,,,,,,,,,,,,,
0,154,0.3551139831542969,0.8568858504295349,0.38691946864128113,0.11931687593460083,0.23364582657814026,0.2952432334423065,0.17096996307373047,0.49311646819114685,0.37273138761520386,0.26719680428504944,5.95678186416626,7.512776851654053,5.255692005157471,4.024693489074707,6.114072799682617,6.516400337219238,5.541459083557129,7.1736249923706055,6.425858974456787,5.046456336975098,,,,,,,,,,,7.740514278411865,10.247638702392578,8.962350845336914,4.801819324493408,6.916377067565918,8.805739402770996,6.765979766845703,8.281967163085938,7.0084381103515625,7.8743157386779785,,,,,,,,,,,,,,,,,,,,,,,,,,,,,,,,,,,,,,,,
0,159,0.41563063859939575,0.34865015745162964,0.3190842568874359,0.648365318775177,0.2447194755077362,0.37258732318878174,0.4556063711643219,0.3449654281139374,0.6648265719413757,0.34187081456184387,7.372293949127197,5.4625468254089355,7.032021999359131,9.783967971801758,5.90811014175415,8.084725379943848,10.042494773864746,6.480828285217285,6.864649772644043,6.691303730010986,,,,,,,,,,,8.786502838134766,6.536679744720459,8.138875007629395,11.19347095489502,7.078380584716797,9.892131805419922,11.044999122619629,6.927021026611328,9.360033988952637,8.906933784484863,,,,,,,,,,,,,,,,,,,,,,,,,,,,,,,,,,,,,,,,
0,164,0.5201550126075745,0.9451197981834412,0.3147781193256378,0.3798884153366089,0.6838593482971191,1.2579389810562134,0.3980500102043152,0.12422357499599457,0.3701182007789612,0.20741873979568481,7.48941707611084,8.22019100189209,6.89989709854126,6.712815284729004,9.706945419311523,13.333796501159668,7.465060234069824,3.5689914226531982,5.4645304679870605,6.032530307769775,,,,,,,,,,,9.536152839660645,10.76231575012207,8.083768844604492,8.568068504333496,11.832676887512207,18.176307678222656,10.323800086975098,4.156815528869629,6.983827590942383,6.937790393829346,,,,,,,,,,,,,,,,,,,,,,,,,,,,,,,,,,,,,,,,
0,169,0.5375660061836243,0.6487758159637451,0.05527380481362343,0.17036545276641846,0.548318088054657,0.6963488459587097,0.5994324088096619,0.6491812467575073,0.726459801197052,0.7439382076263428,7.48244047164917,6.824911117553711,2.7156498432159424,4.680793762207031,8.913474082946777,8.977678298950195,9.162951469421387,7.815676212310791,8.528552055358887,9.722281455993652,,,,,,,,,,,9.69509506225586,8.9168119430542,3.3874378204345703,5.7378034591674805,10.595365524291992,13.523505210876465,12.668956756591797,9.502583503723145,9.784284591674805,13.139100074768066,,,,,,,,,,,,,,,,,,,,,,,,,,,,,,,,,,,,,,,,
0,174,0.5322907567024231,0.6297345161437988,0.05876384675502777,0.48628348112106323,0.9729629755020142,0.7033601999282837,0.5164907574653625,1.002199649810791,0.10869679600000381,0.3121241331100464,7.4987945556640625,5.718291282653809,3.325084686279297,6.464632987976074,10.897085189819336,10.421462059020996,8.139850616455078,11.806899070739746,3.7847023010253906,6.931143760681152,,,,,,,,,,,9.504342079162598,8.784985542297363,3.492743492126465,9.693925857543945,14.113924980163574,13.59141731262207,11.759858131408691,11.806899070739746,3.7847023010253906,8.510614395141602,,,,,,,,,,,,,,,,,,,,,,,,,,,,,,,,,,,,,,,,
0,179,0.7144924402236938,0.9564389586448669,0.6312929391860962,0.2083136886358261,0.6677794456481934,0.7466487288475037,0.47043782472610474,0.6571862101554871,0.5878829956054688,1.5044512748718262,8.72673511505127,8.193184852600098,9.573037147521973,4.48710298538208,7.836343288421631,10.556434631347656,8.688356399536133,7.9533867835998535,6.8542351722717285,14.398533821105957,,,,,,,,,,,11.398465156555176,10.826569557189941,11.4479341506958,6.3447394371032715,11.692736625671387,14.00341796875,11.223334312438965,9.560991287231445,8.80174446105957,18.68470573425293,,,,,,,,,,,,,,,,,,,,,,,,,,,,,,,,,,,,,,,,
0,184,0.5489659905433655,0.687125027179718,0.5583400726318359,0.6584866046905518,0.5368121862411499,0.6490497589111328,0.3427937924861908,0.41042155027389526,0.1717279553413391,0.9259368181228638,8.184541702270508,6.068922996520996,9.26473331451416,10.931644439697266,8.379249572753906,10.118237495422363,6.630714416503906,6.104605197906494,4.272254943847656,11.890507698059082,,,,,,,,,,,10.146079063415527,9.176565170288086,10.766165733337402,11.280500411987305,10.483609199523926,13.05614185333252,9.580479621887207,7.555684566497803,4.757116794586182,14.658443450927734,,,,,,,,,,,,,,,,,,,,,,,,,,,,,,,,,,,,,,,,
0,189,0.5706612467765808,0.9214948415756226,0.9861714243888855,0.6455056667327881,0.4203278124332428,0.5737242102622986,0.38347089290618896,0.6442524194717407,0.29935142397880554,0.26165223121643066,8.472086906433105,8.933267593383789,10.534993171691895,11.011919975280762,7.466769218444824,10.007858276367188,8.705878257751465,7.713000774383545,5.41156530380249,6.463527202606201,,,,,,,,,,,10.147584915161133,10.626952171325684,14.308293342590332,11.168757438659668,9.276704788208008,12.275168418884277,10.132975578308105,9.46644115447998,6.28078556060791,7.79218864440918,,,,,,,,,,,,,,,,,,,,,,,,,,,,,,,,,,,,,,,,
0,193,,,,,,,,,,,8.247961044311523,6.753106594085693,8.165390014648438,8.369176864624023,8.509166717529297,9.760000228881836,9.030521392822266,7.665142059326172,7.410452842712402,8.568696975708008,0.3709794580936432,0.3586256504058838,0.46021372079849243,0.4043208956718445,0.3934531807899475,0.3291745185852051,0.3729172348976135,0.3071920871734619,0.31188535690307617,0.4010326862335205,10.55059814453125,8.638021469116211,10.424264907836914,10.686341285705566,10.927661895751953,12.499419212341309,11.67684555053711,9.698352813720703,9.40576457977295,10.998703956604004,0.5403725504875183,0.6770279407501221,0.5509450435638428,0.44003626704216003,0.5924091935157776,0.6336134076118469,0.49411121010780334,0.3903096318244934,0.4866485297679901,0.5982521772384644,7.611543655395508,6.674745559692383,7.418569087982178,6.888745307922363,8.677581787109375,9.649744987487793,8.883055686950684,5.094480514526367,6.046601295471191,9.170369148254395,0.40987470746040344,0.28554052114486694,0.543941855430603,0.5569496154785156,0.280886709690094,0.4236125349998474,0.4848683476448059,0.39612364768981934,0.3178556561470032,0.39909350872039795,10.319722175598145,9.353046417236328,10.353694915771484,9.888494491577148,11.473444938659668,13.053068161010742,11.47397518157959,7.244762420654297,8.398738861083984,11.638267517089844
1,194,0.7619903683662415,0.5515685081481934,1.0850062370300293,0.7748624682426453,0.7496867179870605,0.5158945918083191,0.22943919897079468,1.4289982318878174,1.2935091257095337,0.22894743084907532,8.471074104309082,6.3838114738464355,11.46062183380127,9.326576232910156,8.945691108703613,9.312800407409668,5.767765998840332,9.725597381591797,9.776495933532715,5.540310382843018,,,,,,,,,,,11.308587074279785,8.221707344055176,15.008171081542969,12.236780166625977,12.389094352722168,11.640089988708496,7.837988376617432,14.098553657531738,13.055937767028809,7.288951873779297,,,,,,,,,,,,,,,,,,,,,,,,,,,,,,,,,,,,,,,,
1,199,0.5500842332839966,0.9024965763092041,0.2583320736885071,0.4799392819404602,0.6336194276809692,0.4772074222564697,0.29810404777526855,0.14660640060901642,1.3413755893707275,0.4130775034427643,8.106401443481445,8.505495071411133,6.082308769226074,6.6995463371276855,10.065960884094238,9.763962745666504,7.041031837463379,4.404795169830322,11.676188468933105,8.718314170837402,,,,,,,,,,,9.621264457702637,10.516834259033203,7.323198318481445,9.63048267364502,11.389741897583008,11.195137977600098,8.93418025970459,4.515805244445801,13.295310974121094,9.790682792663574,,,,,,,,,,,,,,,,,,,,,,,,,,,,,,,,,,,,,,,,
1,204,0.9704991579055786,0.4761219620704651,1.1176265478134155,0.625422477722168,1.3262271881103516,1.0105719566345215,0.5690255761146545,1.3852179050445557,1.717223882675171,0.5070552825927734,11.280264854431152,6.127290725708008,12.422917366027832,9.94621467590332,12.934009552001953,12.623907089233398,9.418044090270996,13.648115158081055,14.971343040466309,9.430540084838867,,,,,,,,,,,13.19432258605957,7.638734340667725,15.232107162475586,10.993643760681152,16.47815704345703,16.291440963745117,12.343453407287598,13.880905151367188,15.043079376220703,10.847379684448242,,,,,,,,,,,,,,,,,,,,,,,,,,,,,,,,,,,,,,,,
1,209,0.38669824600219727,0.3734970688819885,0.3354490399360657,0.2096044272184372,0.2925660014152527,0.3422992527484894,0.2686840891838074,0.5987522602081299,0.6195755004882812,0.43985646963119507,6.567958831787109,5.678699970245361,7.115138530731201,5.0684075355529785,5.837339878082275,7.102499008178711,5.90942907333374,6.4596123695373535,8.229166030883789,7.711337566375732,,,,,,,,,,,8.382532119750977,6.7655930519104,8.344972610473633,6.364365100860596,7.739475727081299,9.481538772583008,8.48187255859375,9.126038551330566,9.03587818145752,10.103055000305176,,,,,,,,,,,,,,,,,,,,,,,,,,,,,,,,,,,,,,,,
1,214,0.6291362047195435,0.6270734667778015,0.687625527381897,0.39968153834342957,0.6204636693000793,0.41859909892082214,0.4279758036136627,1.1606953144073486,0.9293915033340454,0.3907196819782257,8.960229873657227,6.52360725402832,10.019134521484375,7.978495121002197,9.037793159484863,8.633672714233398,9.347579002380371,10.715170860290527,10.601958274841309,7.784655570983887,,,,,,,,,,,10.584293365478516,8.766404151916504,11.94779109954834,8.788442611694336,11.270880699157715,10.485158920288086,10.704845428466797,12.706263542175293,11.066814422607422,9.5220365524292,,,,,,,,,,,,,,,,,,,,,,,,,,,,,,,,,,,,,,,,
1,219,0.3661368787288666,0.12294488400220871,0.35750648379325867,0.15925388038158417,0.22074885666370392,0.17334142327308655,0.5442616939544678,0.4222460687160492,0.4642462730407715,0.8306822180747986,6.506627559661865,2.8128373622894287,7.236894607543945,4.06394100189209,4.760134696960449,5.533381462097168,9.670126914978027,6.192742824554443,7.092863082885742,11.196723937988281,,,,,,,,,,,8.106162071228027,3.881659984588623,8.614967346191406,5.5475335121154785,6.722779273986816,6.747253894805908,12.07187271118164,7.663753032684326,7.821634292602539,13.884002685546875,,,,,,,,,,,,,,,,,,,,,,,,,,,,,,,,,,,,,,,,
1,224,0.9376562237739563,1.2306369543075562,1.8562039136886597,0.21909980475902557,1.8939933776855469,0.784171462059021,0.6101776361465454,0.17911654710769653,0.9965830445289612,0.6689234375953674,9.934293746948242,9.418839454650879,15.255617141723633,5.711173057556152,13.831972122192383,10.186141967773438,11.07352066040039,4.1227850914001465,9.96693229675293,9.841660499572754,,,,,,,,,,,12.683695793151855,12.280816078186035,19.630189895629883,6.5069260597229,19.691957473754883,14.350974082946777,12.782003402709961,4.991448402404785,11.459877967834473,12.459063529968262,,,,,,,,,,,,,,,,,,,,,,,,,,,,,,,,,,,,,,,,
1,229,0.939660370349884,0.46258288621902466,0.7745258808135986,1.2772856950759888,1.2111202478408813,1.1075266599655151,0.8422951102256775,1.1604971885681152,0.5646698474884033,1.0564402341842651,9.925028800964355,5.546487808227539,10.733278274536133,10.633376121520996,12.375974655151367,11.784342765808105,11.208378791809082,10.02423095703125,6.199288845062256,10.819897651672363,,,,,,,,,,,13.414315223693848,7.5293426513671875,12.680302619934082,15.710822105407715,15.746834754943848,17.055049896240234,15.017683029174805,12.705178260803223,8.626220703125,15.657400131225586,,,,,,,,,,,,,,,,,,,,,,,,,,,,,,,,,,,,,,,,
1,234,0.41718146204948425,0.26713934540748596,0.284126877784729,0.1813092827796936,0.30874794721603394,0.43102675676345825,0.5825990438461304,1.0147970914840698,0.1278417557477951,0.5570448637008667,7.060672283172607,4.164905071258545,7.117764472961426,5.20247745513916,7.047051906585693,8.857236862182617,8.336384773254395,10.455657958984375,3.0514893531799316,9.313081741333008,,,,,,,,,,,8.639569282531738,5.721780300140381,7.680117130279541,5.919226169586182,7.9506330490112305,10.639665603637695,12.489805221557617,11.880871772766113,4.104494571685791,11.369524002075195,,,,,,,,,,,,,,,,,,,,,,,,,,,,,,,,,,,,,,,,
1,239,0.6485956907272339,0.5638797283172607,0.8767067790031433,0.7784736156463623,0.5127387046813965,0.5632840991020203,0.85005784034729,0.48276495933532715,0.38951122760772705,0.8199442625045776,9.243206977844238,7.359726428985596,11.406607627868652,9.516518592834473,9.640336990356445,9.733017921447754,10.715340614318848,6.2243475914001465,7.070903778076172,11.522061347961426,,,,,,,,,,,11.190845489501953,8.312956809997559,13.490835189819336,12.265262603759766,10.245842933654785,12.162969589233398,15.086727142333984,8.19457721710205,7.164456367492676,13.793972969055176,,,,,,,,,,,,,,,,,,,,,,,,,,,,,,,,,,,,,,,,
1,244,0.4753729999065399,0.35552215576171875,0.29885798692703247,0.40288135409355164,0.24693530797958374,0.31418004631996155,0.43000805377960205,1.1736811399459839,0.6620556116104126,0.3942352831363678,7.634641170501709,5.311351776123047,6.739583492279053,7.120063781738281,5.762031078338623,6.711209297180176,8.450325965881348,12.045204162597656,8.265945434570312,8.30605411529541,,,,,,,,,,,9.100866317749023,6.600785732269287,7.876696586608887,8.823552131652832,7.110353946685791,9.083749771118164,10.730231285095215,12.777143478393555,9.340508460998535,9.564779281616211,,,,,,,,,,,,,,,,,,,,,,,,,,,,,,,,,,,,,,,,
1,249,0.8375685214996338,0.7410032153129578,1.2287583351135254,0.8574721813201904,0.851726233959198,0.8165725469589233,0.4662002921104431,1.3552541732788086,0.889290452003479,0.3318384289741516,10.453700065612793,8.155823707580566,14.023062705993652,12.133668899536133,10.575108528137207,13.019429206848145,9.754292488098145,11.640148162841797,9.524484634399414,5.257271766662598,,,,,,,,,,,12.302967071533203,9.529547691345215,15.971470832824707,12.872559547424316,13.205342292785645,14.644455909729004,11.172672271728516,13.72995376586914,10.82542896270752,8.775270462036133,,,,,,,,,,,,,,,,,,,,,,,,,,,,,,,,,,,,,,,,
1,254,0.910532534122467,1.6505208015441895,0.787843644618988,0.3178189992904663,1.4547462463378906,1.6870381832122803,0.6104820370674133,0.6445661783218384,0.46406039595603943,0.5777161121368408,10.627286911010742,11.294419288635254,11.315788269042969,6.739217758178711,13.059735298156738,17.785783767700195,10.899519920349121,8.598697662353516,6.757688999176025,9.194730758666992,,,,,,,,,,,12.756463050842285,14.222396850585938,12.788854598999023,7.836909294128418,17.25811195373535,21.049331665039062,12.78519058227539,9.468746185302734,7.820068836212158,11.578557014465332,,,,,,,,,,,,,,,,,,,,,,,,,,,,,,,,,,,,,,,,
1,259,0.4335658550262451,0.9733827710151672,0.3929310739040375,0.6275566220283508,0.2281542271375656,0.3788553774356842,0.3060111701488495,0.33247122168540955,0.2841041386127472,0.3786260187625885,7.029427528381348,9.171634674072266,8.49356460571289,9.1703519821167,5.040497303009033,6.9117655754089355,6.168436050415039,5.510899543762207,5.501979827880859,7.295714855194092,,,,,,,,,,,8.791146278381348,10.922048568725586,9.031707763671875,11.012383460998535,6.834612846374512,9.974992752075195,9.05189323425293,6.80042028427124,6.118740558624268,9.373513221740723,,,,,,,,,,,,,,,,,,,,,,,,,,,,,,,,,,,,,,,,
1,264,0.6917964220046997,0.33391517400741577,0.5991513133049011,0.5427939295768738,0.5133711695671082,0.7237110733985901,1.1750112771987915,0.7017163634300232,1.2833889722824097,0.35310837626457214,8.631014823913574,5.411534786224365,6.845081806182861,8.548025131225586,8.343255996704102,11.513866424560547,11.341240882873535,7.473076820373535,11.39263916015625,6.810408592224121,,,,,,,,,,,11.27824878692627,6.397058963775635,11.15269660949707,10.241706848144531,10.25216007232666,13.786640167236328,17.737476348876953,9.879603385925293,13.004762649536133,9.052138328552246,,,,,,,,,,,,,,,,,,,,,,,,,,,,,,,,,,,,,,,,
1,269,0.40176987648010254,0.37179329991340637,0.26190224289894104,0.3899664580821991,0.6647360920906067,0.5746723413467407,0.3690328598022461,0.2270340621471405,0.28684207797050476,0.4699493646621704,6.971688747406006,5.525149345397949,6.117551803588867,7.291099548339844,9.08730697631836,10.068553924560547,7.292825222015381,3.898543119430542,5.05858039855957,8.405588150024414,,,,,,,,,,,8.767464637756348,6.7501444816589355,7.373628616333008,8.680974960327148,11.666062355041504,12.285305976867676,9.940387725830078,5.619585037231445,6.148153781890869,10.442938804626465,,,,,,,,,,,,,,,,,,,,,,,,,,,,,,,,,,,,,,,,
1,274,0.5613429546356201,0.9797261953353882,0.26054829359054565,0.33216309547424316,0.5197299122810364,0.47718825936317444,0.45466405153274536,1.0051249265670776,0.2043260782957077,0.818615734577179,8.08576488494873,9.478304862976074,6.652589321136475,6.518369674682617,8.12645149230957,7.777041912078857,8.702675819396973,9.823399543762207,4.410391330718994,11.282659530639648,,,,,,,,,,,9.962644577026367,10.957579612731934,7.354544639587402,8.011807441711426,10.315457344055176,11.194912910461426,11.033571243286133,11.824116706848145,5.189018249511719,13.782793045043945,,,,,,,,,,,,,,,,,,,,,,,,,,,,,,,,,,,,,,,,
1,279,0.46099674701690674,0.46804940700531006,0.39205119013786316,0.1390748918056488,0.44559749960899353,0.46889832615852356,0.47322529554367065,0.4045794606208801,0.5789047479629517,0.7785897850990295,7.271883010864258,6.08528995513916,7.209946632385254,4.133169174194336,6.629600524902344,9.17828369140625,8.623700141906738,6.071613788604736,7.100970268249512,10.414375305175781,,,,,,,,,,,9.262481689453125,7.573700904846191,9.021589279174805,5.184170246124268,9.551488876342773,11.097245216369629,11.256535530090332,7.501716613769531,8.734274864196777,13.441617965698242,,,,,,,,,,,,,,,,,,,,,,,,,,,,,,,,,,,,,,,,
1,284,0.4282948970794678,0.15796144306659698,0.23371541500091553,0.5800722241401672,0.321951299905777,0.7025449275970459,0.4438895285129547,0.5716572999954224,0.4560353755950928,0.38682660460472107,7.261728763580322,3.7667062282562256,5.658274173736572,9.076356887817383,6.294750690460205,10.529056549072266,9.559490203857422,7.069455146789551,5.424501419067383,7.976968288421631,,,,,,,,,,,8.966800689697266,4.3998494148254395,6.965548992156982,10.58756160736084,8.118855476379395,13.583538055419922,10.90205192565918,8.917160987854004,7.7521562576293945,9.474479675292969,,,,,,,,,,,,,,,,,,,,,,,,,,,,,,,,,,,,,,,,
1,289,0.23381644487380981,0.5438094139099121,0.20858001708984375,0.1501311957836151,0.10566185414791107,0.23206818103790283,0.18838264048099518,0.02589046210050583,0.21039673686027527,0.4394274652004242,5.107466697692871,7.036567687988281,4.200371742248535,4.671772480010986,3.9496657848358154,6.746325969696045,6.09995698928833,1.186052918434143,3.81891131401062,8.257576942443848,,,,,,,,,,,6.327996730804443,8.163673400878906,6.5803351402282715,5.386297702789307,4.651133060455322,7.806990146636963,7.1021728515625,1.8977047204971313,5.265538692474365,10.098126411437988,,,,,,,,,,,,,,,,,,,,,,,,,,,,,,,,,,,,,,,,
1,294,0.5109375715255737,0.6263445019721985,0.9701685905456543,0.3148806095123291,0.14522357285022736,0.2520228922367096,0.19609232246875763,0.18873032927513123,0.9178478121757507,0.9871277213096619,7.4821319580078125,7.045389175415039,11.553279876708984,6.80539083480835,4.560204982757568,7.03368616104126,5.4477410316467285,4.079319953918457,10.607712745666504,10.206461906433105,,,,,,,,,,,9.204973220825195,8.761307716369629,14.191727638244629,7.800596714019775,5.45278263092041,8.135717391967773,7.24604606628418,5.123651504516602,10.997871398925781,15.135050773620605,,,,,,,,,,,,,,,,,,,,,,,,,,,,,,,,,,,,,,,,
1,299,0.26226893067359924,0.5439161062240601,0.17881600558757782,0.14942333102226257,0.22718392312526703,0.2918975055217743,0.15983788669109344,0.13947686553001404,0.24967196583747864,0.4201968312263489,5.5139031410217285,5.386530876159668,5.239800930023193,4.201865196228027,5.869068622589111,6.822149753570557,5.4497389793396,4.034165382385254,4.317276477813721,8.304533004760742,,,,,,,,,,,6.86265754699707,8.164474487304688,6.092771530151367,5.373585224151611,6.820064067840576,8.75570297241211,6.542001724243164,4.40463399887085,5.735987186431885,9.8746919631958,,,,,,,,,,,,,,,,,,,,,,,,,,,,,,,,,,,,,,,,
1,304,0.46437010169029236,0.275217205286026,0.1352902203798294,0.38628751039505005,0.49158230423927307,0.48837754130363464,0.5732443332672119,0.753580629825592,0.8008745312690735,0.27487659454345703,7.279417514801025,4.585849285125732,3.7447619438171387,6.2538323402404785,7.846869468688965,9.619261741638184,10.537456512451172,8.130637168884277,8.057087898254395,6.738997936248779,,,,,,,,,,,9.11022663116455,5.807644844055176,5.29962158203125,8.639930725097656,10.032236099243164,11.325404167175293,12.38912582397461,10.238199234008789,10.273195266723633,7.9866766929626465,,,,,,,,,,,,,,,,,,,,,,,,,,,,,,,,,,,,,,,,
1,309,0.7298604249954224,0.8007907271385193,0.19399014115333557,0.10454105585813522,1.1357887983322144,0.6544246673583984,1.2961387634277344,0.6481372117996216,0.22100038826465607,1.5139318704605103,8.366759300231934,7.950440883636475,5.701922416687012,3.1571762561798096,11.289670944213867,8.150429725646973,12.300090789794922,9.35141658782959,4.158766746520996,13.240921974182129,,,,,,,,,,,11.263432502746582,9.906535148620605,6.346020698547363,4.494676113128662,15.249247550964355,13.110089302062988,18.62929916381836,9.494939804077148,5.396595001220703,18.743486404418945,,,,,,,,,,,,,,,,,,,,,,,,,,,,,,,,,,,,,,,,
1,314,0.6188545823097229,0.2562520503997803,0.391972154378891,0.3786407709121704,0.600046694278717,1.1002113819122314,0.9450412392616272,0.5456953048706055,0.2911089360713959,1.0607229471206665,8.705702781677246,4.615636825561523,7.745547294616699,7.10842752456665,8.241680145263672,14.279823303222656,12.14498519897461,7.146467685699463,4.856210231781006,12.212550163269043,,,,,,,,,,,10.86262035369873,5.6039719581604,9.020679473876953,8.553986549377441,11.08388900756836,16.99863052368164,15.907288551330566,8.712320327758789,6.193713665008545,15.689105033874512,,,,,,,,,,,,,,,,,,,,,,,,,,,,,,,,,,,,,,,,
1,319,0.5600679516792297,1.2542965412139893,0.9586178660392761,0.6597051620483398,0.4153206944465637,0.39683687686920166,0.3377443850040436,0.08909962326288223,0.529998779296875,0.3989916145801544,8.287749290466309,10.870990753173828,11.934211730957031,10.221664428710938,8.074808120727539,8.243216514587402,8.099557876586914,3.1467859745025635,6.205741882324219,7.792769432067871,,,,,,,,,,,9.804009437561035,12.398306846618652,14.106990814208984,11.290933609008789,9.221284866333008,10.208968162536621,9.50965690612793,3.520437717437744,8.357198715209961,9.62230396270752,,,,,,,,,,,,,,,,,,,,,,,,,,,,,,,,,,,,,,,,
1,324,0.5633455514907837,0.42793789505958557,0.479707807302475,0.5733447074890137,0.4090818762779236,0.4455271363258362,0.39762818813323975,0.8910456895828247,0.7399370670318604,0.7058995962142944,8.22177505493164,5.473820209503174,8.647000312805176,8.858872413635254,7.310332298278809,9.493813514709473,8.819215774536133,9.273991584777832,7.007352828979492,9.111576080322266,,,,,,,,,,,10.204527854919434,7.241901874542236,9.979299545288086,10.525986671447754,9.151762962341309,10.81715202331543,10.318328857421875,11.13291072845459,9.874626159667969,12.798783302307129,,,,,,,,,,,,,,,,,,,,,,,,,,,,,,,,,,,,,,,,
1,329,0.3841628134250641,0.24147668480873108,0.2252751886844635,0.3909347653388977,0.34862834215164185,0.5395526885986328,0.37319478392601013,0.1866702288389206,0.644008219242096,0.5077242851257324,6.766195297241211,4.3581390380859375,5.5124311447143555,6.21987247467041,7.0992751121521,9.450246810913086,8.290547370910645,4.097347736358643,7.11197566986084,8.755918502807617,,,,,,,,,,,8.497960090637207,5.440011978149414,6.838618278503418,8.69174575805664,8.448526382446289,11.903996467590332,9.996283531188965,5.095611095428467,9.212319374084473,10.854533195495605,,,,,,,,,,,,,,,,,,,,,,,,,,,,,,,,,,,,,,,,
1,334,0.43446722626686096,0.5510792136192322,0.34357941150665283,0.3185039162635803,0.31456947326660156,0.4687303900718689,0.29474830627441406,0.39783117175102234,0.44307374954223633,0.7780894041061401,7.575206279754639,6.536060810089111,7.113648414611816,5.939792156219482,6.54824161529541,9.399882316589355,7.671477317810059,6.722453594207764,6.986035346984863,11.259264945983887,,,,,,,,,,,9.003393173217773,8.218059539794922,8.445496559143066,7.845348834991455,8.025237083435059,11.095257759094238,8.883752822875977,7.438889503479004,7.641195297241211,13.437298774719238,,,,,,,,,,,,,,,,,,,,,,,,,,,,,,,,,,,,,,,,
1,339,0.6184089183807373,0.6006649732589722,0.8156185150146484,0.5889312028884888,0.26235371828079224,0.8066534996032715,0.2631778120994568,0.8011768460273743,0.8723170161247253,0.5547863841056824,7.8236870765686035,7.961616516113281,9.209080696105957,6.6358561515808105,5.707735538482666,10.808030128479004,6.113020896911621,8.099638938903809,7.502834796905518,8.375370979309082,,,,,,,,,,,10.573737144470215,8.579824447631836,13.012332916259766,10.66810131072998,7.328975200653076,14.5552396774292,8.394511222839355,10.556571960449219,10.721620559692383,11.346452713012695,,,,,,,,,,,,,,,,,,,,,,,,,,,,,,,,,,,,,,,,
1,344,0.37374529242515564,0.2954398989677429,0.2103329449892044,0.232573002576828,0.43582525849342346,0.416409432888031,0.6659207940101624,0.26902565360069275,0.5637010931968689,0.2744794487953186,6.747567176818848,5.104024887084961,5.376330375671387,5.405665397644043,7.45894718170166,8.593363761901855,10.824694633483887,4.933735370635986,6.479801177978516,6.551539421081543,,,,,,,,,,,8.367011070251465,6.017232894897461,6.607928276062012,6.70400857925415,9.446171760559082,10.457698822021484,13.353099822998047,6.117240905761719,8.618817329406738,7.9809041023254395,,,,,,,,,,,,,,,,,,,,,,,,,,,,,,,,,,,,,,,,
1,349,0.29918572306632996,0.12094696611166,0.18007628619670868,0.3588618338108063,0.28111782670021057,0.1944284290075302,0.2737455368041992,0.2438548505306244,0.20786023139953613,0.8317795991897583,5.586607933044434,3.0924952030181885,4.400565147399902,6.792828559875488,6.292108535766602,5.63436222076416,6.777437210083008,4.029314041137695,4.210392475128174,9.049970626831055,,,,,,,,,,,7.3929443359375,3.8499915599823,6.114203929901123,8.327574729919434,7.586541652679443,7.145880222320557,8.56139087677002,5.82404088973999,5.233702182769775,13.893168449401855,,,,,,,,,,,,,,,,,,,,,,,,,,,,,,,,,,,,,,,,
1,354,0.9414244890213013,0.7886842489242554,1.1014119386672974,1.9041738510131836,0.6044325828552246,1.0261894464492798,0.765652060508728,1.001236081123352,0.6398374438285828,0.6412029266357422,10.475667953491211,7.968463897705078,12.483179092407227,15.671347618103027,7.843311786651611,14.380168914794922,9.931743621826172,8.797884941101074,7.749580383300781,9.45533275604248,,,,,,,,,,,13.241816520690918,9.831365585327148,15.121209144592285,19.182632446289062,11.124320983886719,16.41684341430664,14.318137168884277,11.80122184753418,9.182439804077148,12.1981782913208,,,,,,,,,,,,,,,,,,,,,,,,,,,,,,,,,,,,,,,,
1,359,0.4060828685760498,0.19131658971309662,0.5200995802879333,0.4828839898109436,0.5318484306335449,0.20731797814369202,0.5605735182762146,0.4010227620601654,0.36472275853157043,0.3949601650238037,6.748908996582031,3.64068603515625,8.197084426879883,7.177436828613281,8.449234962463379,5.1479058265686035,8.620087623596191,6.094483852386475,5.529857158660889,7.883404731750488,,,,,,,,,,,8.770384788513184,4.842153549194336,10.390942573547363,9.659981727600098,10.435027122497559,7.378946781158447,12.25143814086914,7.468669414520264,6.932737350463867,9.573569297790527,,,,,,,,,,,,,,,,,,,,,,,,,,,,,,,,,,,,,,,,
1,364,0.40573588013648987,0.39532747864723206,0.5294007062911987,0.4893631935119629,0.35613101720809937,0.641494631767273,0.5309686660766602,0.30633968114852905,0.1641070544719696,0.23849032819271088,6.857609748840332,6.291328430175781,9.346505165100098,7.369144439697266,7.178591251373291,9.842424392700195,8.024086952209473,4.376412391662598,3.6051735877990723,5.684819221496582,,,,,,,,,,,8.803146362304688,6.96050500869751,10.483442306518555,9.724573135375977,8.53895092010498,12.979930877685547,11.923542022705078,6.527702331542969,4.650363445281982,7.439309120178223,,,,,,,,,,,,,,,,,,,,,,,,,,,,,,,,,,,,,,,,
1,369,0.45153433084487915,0.21257013082504272,0.4702003598213196,0.5379425287246704,0.7171571254730225,0.3432881832122803,0.2766662538051605,0.5617423057556152,0.264241099357605,0.6800009608268738,7.095053672790527,3.8766098022460938,7.884530544281006,6.746316909790039,9.092034339904785,7.540582180023193,6.688565254211426,7.324746131896973,4.777390480041504,9.924711227416992,,,,,,,,,,,9.189061164855957,5.104032039642334,9.879913330078125,10.195836067199707,12.117325782775879,9.49522590637207,8.606943130493164,8.839491844177246,5.900970935821533,12.561803817749023,,,,,,,,,,,,,,,,,,,,,,,,,,,,,,,,,,,,,,,,
1,374,0.5193398594856262,0.49150216579437256,0.2543344497680664,0.38636964559555054,0.4523693025112152,0.7993146777153015,0.3786734938621521,0.5135514736175537,0.8820978403091431,0.5158452987670898,7.844048500061035,6.351139545440674,6.259952068328857,6.157746315002441,8.807150840759277,10.18055248260498,8.176734924316406,7.707592487335205,10.012995719909668,6.942570686340332,,,,,,,,,,,9.78052806854248,7.761130332946777,7.266315937042236,8.640849113464355,9.623791694641113,14.48887825012207,10.069392204284668,8.451828956604004,10.781560897827148,10.940998077392578,,,,,,,,,,,,,,,,,,,,,,,,,,,,,,,,,,,,,,,,
1,379,0.7932727932929993,0.7298793196678162,0.9523690342903137,1.4939320087432861,0.6918330788612366,0.7210050225257874,0.7670580148696899,1.039219856262207,0.31860774755477905,0.425550639629364,9.895465850830078,6.302478313446045,13.378695487976074,14.95296859741211,8.999372482299805,11.305853843688965,10.142477989196777,10.808504104614258,6.1286187171936035,7.040213584899902,,,,,,,,,,,12.104817390441895,9.457748413085938,14.060938835144043,16.991052627563477,11.901460647583008,13.760842323303223,14.331276893615723,12.022989273071289,6.479649066925049,9.93740177154541,,,,,,,,,,,,,,,,,,,,,,,,,,,,,,,,,,,,,,,,
1,384,0.412271648645401,0.43169310688972473,0.02511528693139553,0.11748510599136353,0.6098434329032898,0.47634783387184143,0.4287130832672119,0.26382938027381897,0.8595463037490845,0.4978712797164917,7.020142078399658,6.4534502029418945,1.714206576347351,3.7801010608673096,9.553357124328613,9.655571937561035,8.966421127319336,5.070007801055908,9.75479793548584,8.233363151550293,,,,,,,,,,,8.316039085388184,7.27360725402832,2.283393383026123,4.764817714691162,11.174004554748535,11.185050964355469,10.714062690734863,6.05787467956543,10.64284896850586,10.74869441986084,,,,,,,,,,,,,,,,,,,,,,,,,,,,,,,,,,,,,,,,
1,387,,,,,,,,,,,7.411648273468018,6.286886215209961,7.438841819763184,7.1276726722717285,7.680792808532715,8.909560203552246,8.088479042053223,6.609540939331055,6.600801944732666,7.96226167678833,0.478869765996933,0.4380006194114685,0.5446661710739136,0.5619031190872192,0.4890671968460083,0.4221716523170471,0.47802668809890747,0.4661124348640442,0.43562543392181396,0.47425442934036255,9.604930877685547,8.085861206054688,9.574131965637207,9.164482116699219,10.029447555541992,11.600707054138184,10.653375625610352,8.513662338256836,8.518190383911133,10.304518699645996,0.5231337547302246,0.6273230314254761,0.5868054628372192,0.37685784697532654,0.5935508012771606,0.5624956488609314,0.507533609867096,0.3944912850856781,0.561984121799469,0.49716129899024963,7.42636775970459,6.388583660125732,7.6841607093811035,6.111420631408691,8.693802833557129,9.067832946777344,8.856322288513184,5.105986595153809,6.813477993011475,8.115721702575684,0.4273693859577179,0.338942289352417,0.5067048072814941,0.6154688596725464,0.2794108986854553,0.48957717418670654,0.47708749771118164,0.4161742329597473,0.21319794654846191,0.5097607374191284,10.106855392456055,8.996715545654297,10.768091201782227,9.212327003479004,11.485212326049805,12.283451080322266,11.560304641723633,7.123472213745117,9.020044326782227,10.51208782196045
2,389,0.4519262909889221,0.5398780703544617,0.17243707180023193,0.3169078826904297,0.3070981204509735,0.29059284925460815,0.2558574974536896,1.0768831968307495,0.5120545625686646,0.5956272482872009,7.24888801574707,6.734804630279541,4.64185905456543,6.47243070602417,6.168641567230225,7.159168243408203,7.077940940856934,10.19660472869873,7.177040100097656,9.611496925354004,,,,,,,,,,,8.788378715515137,8.134111404418945,5.983109951019287,7.825667858123779,7.929361343383789,8.736114501953125,8.276941299438477,12.23891830444336,8.214505195617676,11.756674766540527,,,,,,,,,,,,,,,,,,,,,,,,,,,,,,,,,,,,,,,,
2,394,0.3199274241924286,0.30977103114128113,0.20659120380878448,0.13000229001045227,0.3310279846191406,0.7367178201675415,0.3789031207561493,0.17327363789081573,0.2569660544395447,0.35609355568885803,6.412447929382324,5.057885646820068,6.2503252029418945,3.6285738945007324,6.911233901977539,11.798020362854004,8.114579200744629,3.762554168701172,5.373573303222656,6.8152875900268555,,,,,,,,,,,7.750704288482666,6.1614460945129395,6.548887729644775,5.012222766876221,8.232505798339844,13.909977912902832,10.072444915771484,4.909360408782959,5.81917142868042,9.090322494506836,,,,,,,,,,,,,,,,,,,,,,,,,,,,,,,,,,,,,,,,
2,399,0.4672826826572418,0.916915237903595,0.06742563843727112,0.44068408012390137,0.8778622150421143,0.6253355741500854,0.3157028257846832,0.29784131050109863,0.13907800614833832,0.5246992111206055,6.929059028625488,7.6791534423828125,2.571960926055908,7.7654805183410645,9.779989242553711,9.328765869140625,7.487061977386475,5.722843647003174,3.6598331928253174,8.366442680358887,,,,,,,,,,,8.970898628234863,10.600512504577637,3.741313934326172,9.228232383728027,13.406420707702637,12.815407752990723,9.194117546081543,6.436520099639893,4.281071662902832,11.034493446350098,,,,,,,,,,,,,,,,,,,,,,,,,,,,,,,,,,,,,,,,
2,404,0.41812664270401,0.7770057320594788,0.44959527254104614,0.06401433795690536,0.3094187378883362,0.24294711649417877,0.3130333721637726,0.622996985912323,0.5477208495140076,0.4364072382450104,6.796457767486572,8.799139022827148,7.0985107421875,3.3805923461914062,6.20681095123291,5.99955415725708,7.582027912139893,6.942340850830078,7.293148517608643,7.865991592407227,,,,,,,,,,,8.434101104736328,9.758304595947266,9.661009788513184,3.5171709060668945,7.959264755249023,7.987884044647217,9.155163764953613,9.308971405029297,8.495773315429688,10.063364028930664,,,,,,,,,,,,,,,,,,,,,,,,,,,,,,,,,,,,,,,,
2,409,0.579657793045044,0.24993909895420074,0.22188115119934082,0.12122577428817749,1.2081711292266846,0.6484837532043457,0.45164504647254944,0.7306679487228394,1.1126172542572021,0.47228914499282837,8.166152954101562,4.123563289642334,6.64616584777832,4.335620880126953,12.30476188659668,11.28769302368164,7.933708667755127,7.9946088790893555,10.128559112548828,8.740692138671875,,,,,,,,,,,9.955044746398926,5.534512519836426,6.786905765533447,4.840078353881836,15.72765064239502,13.050448417663574,10.996877670288086,10.081351280212402,12.108662605285645,10.468903541564941,,,,,,,,,,,,,,,,,,,,,,,,,,,,,,,,,,,,,,,,
2,414,0.5646181106567383,0.4641868472099304,0.9691455364227295,0.8734836578369141,0.24059157073497772,0.4283183217048645,0.1481700986623764,0.5527993440628052,0.9592759609222412,0.44559186697006226,7.958932876586914,6.399353981018066,11.743185043334961,10.56057071685791,5.783827781677246,7.9756317138671875,5.402347564697266,6.467016220092773,8.879375457763672,8.419081687927246,,,,,,,,,,,9.869224548339844,7.542385101318359,14.184243202209473,12.9921875,7.018428325653076,10.606184959411621,6.298702239990234,8.76884651184082,11.243332862854004,10.168708801269531,,,,,,,,,,,,,,,,,,,,,,,,,,,,,,,,,,,,,,,,
2,419,0.5550865530967712,0.5866008996963501,0.32630234956741333,0.3310784101486206,0.9021932482719421,0.5357121825218201,0.2277040332555771,0.3696177303791046,1.198193907737732,0.5183762311935425,7.53949499130249,6.442251682281494,6.142873764038086,5.248746871948242,10.276820182800293,8.871967315673828,6.294314861297607,5.895649433135986,9.90044116973877,8.782387733459473,,,,,,,,,,,9.852497100830078,8.478785514831543,8.230415344238281,7.998716354370117,13.590937614440918,11.861555099487305,7.808293342590332,7.170263767242432,12.565703392028809,10.967805862426758,,,,,,,,,,,,,,,,,,,,,,,,,,,,,,,,,,,,,,,,
2,424,0.35126569867134094,0.19984272122383118,0.20297691226005554,0.22600486874580383,0.26312074065208435,0.5624665021896362,0.3798472285270691,0.21134725213050842,0.5463714599609375,0.5694136619567871,6.339103698730469,4.258921146392822,5.760540008544922,5.457139492034912,5.393666744232178,8.7301607131958,6.760660171508789,4.090719699859619,7.349315166473389,9.250811576843262,,,,,,,,,,,8.114447593688965,4.948873996734619,6.491349697113037,6.608665943145752,7.339681148529053,12.154139518737793,10.084985733032227,5.421968936920166,8.485301971435547,11.495057106018066,,,,,,,,,,,,,,,,,,,,,,,,,,,,,,,,,,,,,,,,
2,429,0.5974510312080383,0.41647496819496155,0.34535613656044006,0.17424076795578003,0.8361419439315796,0.5759162902832031,0.6921660304069519,1.137300729751587,0.7319577932357788,0.4675043523311615,8.088154792785645,6.212252140045166,7.38277530670166,4.826503276824951,8.765950202941895,8.689026832580566,10.843993186950684,9.519305229187012,8.09848403930664,8.455096244812012,,,,,,,,,,,10.358339309692383,7.144250869750977,8.467306137084961,5.8026957511901855,13.08397388458252,12.298596382141113,13.613693237304688,12.577559471130371,9.82123851776123,10.41573715209961,,,,,,,,,,,,,,,,,,,,,,,,,,,,,,,,,,,,,,,,
2,434,0.4447924792766571,0.49807730317115784,0.48317527770996094,0.5141680240631104,0.43093574047088623,0.45011353492736816,0.28816983103752136,0.5286861658096313,0.3954586982727051,0.41434773802757263,7.441108703613281,6.516638278961182,8.471445083618164,9.004179954528809,7.211481094360352,7.977822303771973,7.030441761016846,7.538876056671143,5.934413909912109,7.284680366516113,,,,,,,,,,,9.160675048828125,7.812870979309082,10.015301704406738,9.967986106872559,9.393033981323242,10.872687339782715,8.784055709838867,8.57546615600586,7.218946933746338,9.805724143981934,,,,,,,,,,,,,,,,,,,,,,,,,,,,,,,,,,,,,,,,
2,439,0.2924911081790924,0.42875659465789795,0.46269935369491577,0.04587520658969879,0.22327417135238647,0.3827366828918457,0.3575485944747925,0.36947768926620483,0.12724189460277557,0.23480968177318573,5.769708633422852,5.483309268951416,7.665059566497803,2.95369029045105,6.015721321105957,7.464858531951904,6.961860179901123,5.349390506744385,3.5173230171203613,6.516165733337402,,,,,,,,,,,7.249342441558838,7.248825550079346,9.800789833068848,2.9774460792541504,6.761124134063721,10.025958061218262,9.784492492675781,7.168905258178711,4.094852924346924,7.381680011749268,,,,,,,,,,,,,,,,,,,,,,,,,,,,,,,,,,,,,,,,
2,444,0.43597421050071716,0.6674850583076477,0.31361767649650574,0.42497873306274414,0.3803597092628479,0.43809980154037476,0.28110602498054504,0.5736836791038513,0.2807106375694275,0.5637264251708984,7.095414161682129,6.264970302581787,6.977613925933838,6.85838508605957,7.5091094970703125,7.6391425132751465,6.918739318847656,7.080501556396484,5.219043731689453,9.391219139099121,,,,,,,,,,,8.983905792236328,9.044468879699707,8.068855285644531,9.062300682067871,8.824638366699219,10.726608276367188,8.675726890563965,8.932950973510742,6.082088947296143,11.437507629394531,,,,,,,,,,,,,,,,,,,,,,,,,,,,,,,,,,,,,,,,
2,449,0.6316365003585815,0.4520537853240967,0.4294135570526123,0.41529184579849243,1.030171513557434,0.8580102920532227,0.5993683934211731,0.5784767270088196,0.8233518004417419,0.4985906183719635,8.726540565490723,6.641062259674072,6.692768096923828,6.492132663726807,11.479755401611328,11.520206451416016,9.960394859313965,6.055067539215088,10.195819854736328,9.501653671264648,,,,,,,,,,,10.909880638122559,7.443159103393555,9.441685676574707,8.958423614501953,14.522934913635254,15.011431694030762,12.668282508850098,8.970190048217773,10.416360855102539,10.756457328796387,,,,,,,,,,,,,,,,,,,,,,,,,,,,,,,,,,,,,,,,
2,454,0.38924142718315125,0.26637300848960876,0.2225707620382309,0.22779110074043274,0.39239004254341125,0.3743807077407837,0.13579905033111572,0.5518141388893127,0.8302050828933716,0.5018489956855774,6.844213962554932,4.382770538330078,6.168259620666504,5.89545202255249,6.969226837158203,7.378226280212402,5.459268569946289,6.931468486785889,9.260331153869629,9.152917861938477,,,,,,,,,,,8.22966480255127,5.713567733764648,6.797444820404053,6.634729862213135,8.963107109069824,9.915910720825195,6.030025959014893,8.761029243469238,10.45962142944336,10.791547775268555,,,,,,,,,,,,,,,,,,,,,,,,,,,,,,,,,,,,,,,,
2,459,0.5117851495742798,0.4430679976940155,0.5731250047683716,0.4791778326034546,0.14755062758922577,0.3059200644493103,0.6835202574729919,0.3244127035140991,0.9867501258850098,0.6625416278839111,8.048238754272461,5.603489398956299,10.214694023132324,8.649392127990723,5.078879356384277,8.000904083251953,9.22856616973877,5.826196670532227,9.456812858581543,10.375213623046875,,,,,,,,,,,9.600873947143555,7.36881160736084,10.907779693603516,9.62283992767334,5.496296405792236,8.963545799255371,13.528402328491211,6.717499256134033,11.403203964233398,12.39948844909668,,,,,,,,,,,,,,,,,,,,,,,,,,,,,,,,,,,,,,,,
2,464,0.6609886288642883,0.9283475875854492,0.46514612436294556,0.5380365252494812,0.5816498398780823,0.28004586696624756,0.9315053820610046,1.146683931350708,0.45635682344436646,0.6211254596710205,9.03114128112793,8.736085891723633,8.30514907836914,8.681426048278809,8.018445014953613,7.407505512237549,13.34231185913086,10.46205997467041,6.0968170166015625,10.230475425720215,,,,,,,,,,,10.929046630859375,10.66639232635498,9.826669692993164,10.19672679901123,10.912654876708984,8.576112747192383,15.792957305908203,12.629337310791016,7.754888534545898,12.005682945251465,,,,,,,,,,,,,,,,,,,,,,,,,,,,,,,,,,,,,,,,
2,469,0.4425983428955078,0.4650824964046478,0.42121630907058716,0.3686735928058624,0.6597529649734497,0.3857230246067047,0.30474698543548584,0.13092362880706787,0.37206587195396423,0.8752001523971558,6.745993614196777,6.108656406402588,5.1028828620910645,6.929018974304199,9.018230438232422,7.9639973640441895,6.8625593185424805,3.6185200214385986,5.166592121124268,9.94348430633545,,,,,,,,,,,9.064741134643555,7.549657821655273,9.351133346557617,8.44064998626709,11.62225341796875,10.064997673034668,9.03317642211914,4.2674431800842285,7.002179145812988,14.251182556152344,,,,,,,,,,,,,,,,,,,,,,,,,,,,,,,,,,,,,,,,
2,474,0.247747004032135,0.3181152641773224,0.2950283885002136,0.11353946477174759,0.3879757821559906,0.26896893978118896,0.262841135263443,0.2362648844718933,0.20433764159679413,0.1426514834165573,5.657906532287598,4.67119836807251,5.9790496826171875,4.0395636558532715,7.396615028381348,6.777553081512451,7.028019905090332,5.322216987609863,4.862972259521484,4.843969821929932,,,,,,,,,,,6.792882919311523,6.243879318237305,7.826066970825195,4.684123516082764,8.912549018859863,8.404790878295898,8.389141082763672,5.732687950134277,5.189164638519287,5.753542900085449,,,,,,,,,,,,,,,,,,,,,,,,,,,,,,,,,,,,,,,,
2,479,0.377392441034317,0.7611486911773682,0.2882747948169708,0.1704566925764084,0.2554483115673065,0.3921695351600647,0.5898548364639282,0.4084344506263733,0.1468144655227661,0.3839303255081177,6.618959903717041,7.138815879821777,6.397687911987305,4.72036075592041,5.881416320800781,8.425320625305176,10.568215370178223,6.09757661819458,3.240164041519165,7.101079940795898,,,,,,,,,,,8.272929191589355,9.658218383789062,7.735974311828613,5.739339351654053,7.231879234313965,10.148755073547363,12.567338943481445,7.537370681762695,4.398531436920166,9.438943862915039,,,,,,,,,,,,,,,,,,,,,,,,,,,,,,,,,,,,,,,,
2,484,0.4096282422542572,0.5786347389221191,0.4374818503856659,0.483087956905365,0.3225446939468384,0.29363811016082764,0.5022454261779785,0.26293373107910156,0.19047614932060242,0.6156113147735596,7.140623569488525,7.839252948760986,8.07754135131836,7.484447002410889,5.628112316131592,7.060644626617432,9.430885314941406,4.719359397888184,4.355157852172852,9.670212745666504,,,,,,,,,,,8.791954040527344,8.421016693115234,9.529973030090332,9.66202163696289,8.126331329345703,8.781769752502441,11.596549987792969,6.04758358001709,5.010067462921143,11.952272415161133,,,,,,,,,,,,,,,,,,,,,,,,,,,,,,,,,,,,,,,,
2,489,0.3225681483745575,0.3899327218532562,0.10212764889001846,0.21862711012363434,0.3110663890838623,0.3375283181667328,0.4339826703071594,0.5909823775291443,0.2549627721309662,0.26390329003334045,6.1192803382873535,5.19216775894165,4.14426326751709,5.404075622558594,6.656630516052246,7.244858741760254,9.119829177856445,6.585002422332764,4.755568504333496,5.971129417419434,,,,,,,,,,,7.653482437133789,6.912850379943848,4.604508876800537,6.499903202056885,7.9804277420043945,9.415229797363281,10.779707908630371,9.066631317138672,5.796444416046143,7.825634479522705,,,,,,,,,,,,,,,,,,,,,,,,,,,,,,,,,,,,,,,,
2,494,0.338226854801178,0.27755337953567505,0.32316097617149353,0.20280233025550842,0.30468207597732544,0.4250100553035736,0.32535696029663086,0.5215365886688232,0.49541863799095154,0.16852039098739624,6.324709415435791,4.922351360321045,6.776940822601318,4.877236366271973,6.596773624420166,8.3095064163208,8.263188362121582,6.313025951385498,6.093789100646973,4.769575595855713,,,,,,,,,,,7.881203651428223,5.832242012023926,8.190701484680176,6.260244846343994,7.89810848236084,10.565145492553711,9.333635330200195,8.517284393310547,8.079963684082031,6.253503799438477,,,,,,,,,,,,,,,,,,,,,,,,,,,,,,,,,,,,,,,,
2,499,0.48057228326797485,0.3936692178249359,0.3222418427467346,0.5262625217437744,0.26868757605552673,0.47762244939804077,0.23938609659671783,1.064427137374878,0.636418879032135,0.3964345455169678,7.588210105895996,5.783092975616455,6.3015289306640625,8.305516242980957,5.976574897766113,9.719398498535156,6.6524553298950195,10.752114295959473,7.396687984466553,7.406525611877441,,,,,,,,,,,9.194413185119629,6.945891857147217,8.179045677185059,10.084540367126465,7.416917324066162,11.200005531311035,8.006086349487305,12.167929649353027,9.157877922058105,9.591421127319336,,,,,,,,,,,,,,,,,,,,,,,,,,,,,,,,,,,,,,,,
2,504,0.4057188928127289,0.7864270806312561,0.486197292804718,0.3572843670845032,0.2219814956188202,0.46037012338638306,0.3472767174243927,0.47745656967163086,0.04297121241688728,0.4715051054954529,6.992424488067627,7.256536483764648,8.731466293334961,7.345459938049316,5.604554653167725,7.880345344543457,8.896222114562988,7.378886699676514,2.0221118927001953,7.81623649597168,,,,,,,,,,,8.504742622375488,9.81728744506836,10.0465726852417,8.309250831604004,6.741522789001465,10.995866775512695,9.642921447753906,8.149399757385254,2.3796448707580566,10.460210800170898,,,,,,,,,,,,,,,,,,,,,,,,,,,,,,,,,,,,,,,,
2,509,0.36723271012306213,0.2918183505535126,0.019499482586979866,0.4554102420806885,0.5464620590209961,0.14065420627593994,0.1772841066122055,0.48166435956954956,0.749851644039154,0.4424495995044708,6.007902145385742,4.88255500793457,1.6402899026870728,7.547155857086182,7.62376594543457,4.719613552093506,5.373086452484131,6.494330883026123,7.385560512542725,8.40475845336914,,,,,,,,,,,7.686337947845459,5.980238914489746,2.0119776725769043,9.381155014038086,10.577417373657227,6.077881336212158,6.889785289764404,8.18523120880127,9.940563201904297,10.132791519165039,,,,,,,,,,,,,,,,,,,,,,,,,,,,,,,,,,,,,,,,
2,514,0.4491981863975525,0.2811923027038574,0.29589879512786865,0.39555808901786804,0.20574522018432617,0.5441350340843201,0.37175384163856506,0.9951967000961304,0.6118144989013672,0.34148892760276794,7.408596515655518,4.340202331542969,6.868736743927002,8.170624732971191,5.798120975494385,9.500871658325195,8.279635429382324,9.099303245544434,7.100038051605225,7.519832134246826,,,,,,,,,,,8.946587562561035,5.870349884033203,7.8376030921936035,8.742990493774414,6.490296363830566,11.954438209533691,9.976966857910156,11.765575408935547,8.979106903076172,8.901957511901855,,,,,,,,,,,,,,,,,,,,,,,,,,,,,,,,,,,,,,,,
2,519,0.2846650779247284,0.34696483612060547,0.24894452095031738,0.23350970447063446,0.17414839565753937,0.46256837248802185,0.13527706265449524,0.5340547561645508,0.17586643993854523,0.2506517767906189,5.782744407653809,5.0923638343811035,6.393597602844238,3.775251865386963,4.994463920593262,8.795034408569336,4.6352219581604,7.662389755249023,4.276937961578369,6.419440746307373,,,,,,,,,,,7.166507244110107,6.520862102508545,7.188908576965332,6.717494964599609,5.971169471740723,11.022087097167969,6.018425464630127,8.618895530700684,4.814096927642822,7.626628875732422,,,,,,,,,,,,,,,,,,,,,,,,,,,,,,,,,,,,,,,,
2,524,0.6444148421287537,0.807075560092926,0.5521102547645569,0.6218022108078003,1.0732372999191284,0.3755441904067993,0.4569360911846161,0.5521243214607239,1.1196941137313843,0.241209477186203,9.138065338134766,8.531827926635742,6.963536739349365,9.687674522399902,12.763590812683105,9.22237777709961,9.81102466583252,7.002556800842285,11.657072067260742,6.602931022644043,,,,,,,,,,,10.646782875061035,9.945334434509277,10.705934524536133,10.96177864074707,14.823389053344727,9.931306838989258,11.061105728149414,8.763490676879883,12.147109985351562,7.481597900390625,,,,,,,,,,,,,,,,,,,,,,,,,,,,,,,,,,,,,,,,
2,529,0.3337191641330719,0.5018346309661865,0.1961127668619156,0.13438914716243744,0.37346115708351135,0.222121924161911,0.2242143750190735,0.1183391883969307,0.7500402927398682,0.4829590320587158,6.2133965492248535,6.500331878662109,5.4932475090026855,4.133568286895752,6.351357460021973,6.241710186004639,6.429740905761719,3.4424314498901367,8.44542121887207,8.882763862609863,,,,,,,,,,,7.559426307678223,7.842284679412842,6.380645275115967,5.096088409423828,8.744245529174805,7.637857913970947,7.74822998046875,4.057168006896973,9.941813468933105,10.586499214172363,,,,,,,,,,,,,,,,,,,,,,,,,,,,,,,,,,,,,,,,
2,534,0.3807249367237091,0.3589949905872345,0.35200220346450806,0.18907657265663147,0.5901495218276978,0.7472949028015137,0.21994198858737946,0.29136282205581665,0.323686420917511,0.3540150225162506,7.053904056549072,5.54940128326416,7.067530155181885,4.993105888366699,9.171687126159668,11.360017776489258,6.499528408050537,6.091725826263428,5.673519134521484,7.078618049621582,,,,,,,,,,,8.429181098937988,6.632945537567139,8.54839038848877,6.044686317443848,10.992100715637207,14.009474754333496,7.6740546226501465,6.3661346435546875,6.531087875366211,9.063752174377441,,,,,,,,,,,,,,,,,,,,,,,,,,,,,,,,,,,,,,,,
2,539,0.4815821647644043,0.25369295477867126,0.19777145981788635,0.2629881799221039,0.3199159801006317,0.3211672306060791,0.7713025808334351,0.3388020098209381,1.212170124053955,0.6564290523529053,7.271291255950928,4.963310718536377,5.182219982147217,6.352670669555664,6.804502964019775,5.567101955413818,9.887988090515137,5.541561126708984,11.478537559509277,9.663726806640625,,,,,,,,,,,9.17849063873291,5.5759196281433105,6.407571315765381,7.128907680511475,8.09315013885498,9.184203147888184,14.37087345123291,6.8648600578308105,12.638777732849121,12.342158317565918,,,,,,,,,,,,,,,,,,,,,,,,,,,,,,,,,,,,,,,,
2,544,0.31385207176208496,0.5797106623649597,0.24067063629627228,0.11023661494255066,0.18894727528095245,0.5310078263282776,0.1426326334476471,0.11355751752853394,0.5229949951171875,0.39491042494773865,5.711252689361572,6.918206214904785,6.013302803039551,3.87343430519104,4.719241619110107,8.460775375366211,4.937182903289795,3.3900344371795654,5.602954864501953,7.486140251159668,,,,,,,,,,,7.352315425872803,8.428842544555664,7.06843376159668,4.615489959716797,6.219707489013672,11.809359550476074,6.179883003234863,3.9743545055389404,8.301796913146973,9.572965621948242,,,,,,,,,,,,,,,,,,,,,,,,,,,,,,,,,,,,,,,,
2,549,0.25533124804496765,0.2611965537071228,0.1044447049498558,0.12952718138694763,0.3202921450138092,0.3474466800689697,0.3767368197441101,0.14128880202770233,0.3989255428314209,0.218122661113739,5.3500494956970215,4.226290225982666,3.935688018798828,4.476377487182617,5.998350620269775,7.350000858306885,7.393260478973389,3.6062660217285156,5.097388744354248,6.066823482513428,,,,,,,,,,,6.867732048034668,5.657779216766357,4.656448841094971,5.003056049346924,8.097907066345215,9.552563667297363,10.043609619140625,4.433151721954346,7.250521183013916,7.114552974700928,,,,,,,,,,,,,,,,,,,,,,,,,,,,,,,,,,,,,,,,
2,554,0.4552638828754425,0.3492076098918915,0.9862980246543884,0.8582618236541748,0.5055877566337585,0.6172671914100647,0.2594222128391266,0.22108855843544006,0.11926355957984924,0.18097823858261108,7.254776954650879,4.725491046905518,11.04017162322998,9.748860359191895,8.561914443969727,11.360771179199219,6.159886837005615,4.4885759353637695,3.5569193363189697,5.650397777557373,,,,,,,,,,,8.995672225952148,6.541903495788574,14.309213638305664,12.878485679626465,10.174144744873047,12.732463836669922,8.33440113067627,5.5455145835876465,3.964397668838501,6.480527877807617,,,,,,,,,,,,,,,,,,,,,,,,,,,,,,,,,,,,,,,,
2,559,0.4326030910015106,0.38384896516799927,0.4728640615940094,0.5589788556098938,0.40645524859428406,0.2904822826385498,0.5980503559112549,0.49464675784111023,0.2686367928981781,0.4194643795490265,7.191168785095215,5.9750566482543945,8.09196662902832,8.464882850646973,6.186788082122803,6.285626411437988,9.391231536865234,6.91971492767334,5.2224931716918945,8.182761192321777,,,,,,,,,,,9.086857795715332,6.858710289001465,9.907858848571777,10.393278121948242,9.122334480285645,8.734452247619629,12.654345512390137,8.294806480407715,5.949850082397461,9.866082191467285,,,,,,,,,,,,,,,,,,,,,,,,,,,,,,,,,,,,,,,,
2,564,0.5932114124298096,1.1551003456115723,0.3128008544445038,0.5422136783599854,0.29566720128059387,0.780611515045166,0.5315850377082825,0.4583156108856201,0.623417854309082,0.639190673828125,8.030987739562988,8.466730117797852,5.6481499671936035,8.068401336669922,6.463958740234375,12.168591499328613,9.350114822387695,5.651960849761963,7.296304225921631,9.164679527282715,,,,,,,,,,,10.383220672607422,11.89794921875,8.058341026306152,10.236231803894043,7.7803874015808105,14.31836223602295,11.930459022521973,7.984377384185791,9.06385326385498,12.179021835327148,,,,,,,,,,,,,,,,,,,,,,,,,,,,,,,,,,,,,,,,
2,569,0.41718950867652893,0.30615803599357605,0.19950099289417267,0.5708215832710266,0.37019768357276917,0.44938528537750244,0.4454459249973297,0.7057837843894958,0.1602790504693985,0.547133207321167,6.810019493103027,5.193840503692627,5.79908561706543,8.65059757232666,6.328871726989746,7.745431900024414,8.571477890014648,8.860750198364258,2.89683198928833,7.2432861328125,,,,,,,,,,,8.814071655273438,6.12540864944458,6.43552827835083,10.502799987792969,8.70595645904541,10.863887786865234,10.921147346496582,9.908195495605469,4.595805644989014,11.267919540405273,,,,,,,,,,,,,,,,,,,,,,,,,,,,,,,,,,,,,,,,
2,574,0.4620964825153351,0.44024455547332764,0.20313456654548645,0.13669079542160034,0.4348852336406708,0.46078169345855713,0.2531616687774658,0.5761209726333618,1.4182389974594116,0.23560963571071625,6.928853511810303,6.056280136108398,5.992705821990967,4.137135028839111,8.853131294250488,8.97940731048584,7.138424873352051,6.469329357147217,9.253348350524902,5.47991943359375,,,,,,,,,,,8.62952995300293,7.345295429229736,6.493870258331299,5.139543533325195,9.435978889465332,11.00078010559082,8.233221054077148,8.95190715789795,13.670928955078125,7.394243240356445,,,,,,,,,,,,,,,,,,,,,,,,,,,,,,,,,,,,,,,,
2,579,0.3028544485569,0.2980472147464752,0.07368309795856476,0.33052974939346313,0.6678296327590942,0.21980682015419006,0.15334928035736084,0.3405721187591553,0.40070217847824097,0.2411697953939438,5.83756685256958,4.90132474899292,3.420560121536255,7.219076156616211,7.3488922119140625,6.367828369140625,5.8053178787231445,5.226168155670166,5.690930366516113,6.557999610900879,,,,,,,,,,,7.25291633605957,6.043726444244385,3.911069869995117,7.992086887359619,11.693174362182617,7.597949981689453,6.407840251922607,6.88277006149292,7.266648769378662,7.480982780456543,,,,,,,,,,,,,,,,,,,,,,,,,,,,,,,,,,,,,,,,
2,581,,,,,,,,,,,7.082424640655518,6.045705795288086,6.941164493560791,6.764510631561279,7.15062141418457,8.707343101501465,7.718530654907227,6.326342582702637,6.260286808013916,7.827315330505371,0.5170750021934509,0.4767386317253113,0.5909853577613831,0.5925127267837524,0.5466130375862122,0.44009125232696533,0.5206701755523682,0.5043977499008179,0.4863622188568115,0.4953043460845947,9.246232986450195,7.802212715148926,9.074109077453613,8.83852767944336,9.447775840759277,11.419411659240723,10.208929061889648,8.20272445678711,8.126286506652832,10.096122741699219,0.5050045251846313,0.5686237812042236,0.5071520209312439,0.3413391411304474,0.5361720323562622,0.5629578232765198,0.4775536060333252,0.47661828994750977,0.5584481954574585,0.5161759853363037,7.315293312072754,6.016944408416748,7.1719069480896,6.078256607055664,8.031311988830566,9.094592094421387,8.482258796691895,5.967764377593994,6.775918960571289,8.218681335449219,0.4498046338558197,0.412756085395813,0.5859191417694092,0.6434617042541504,0.35994958877563477,0.4894407391548157,0.5116255283355713,0.32382988929748535,0.22638267278671265,0.4948766827583313,9.864242553710938,8.479564666748047,9.86569881439209,8.870676040649414,10.824360847473145,12.2850923538208,11.172008514404297,7.666163921356201,8.944149017333984,10.67047119140625
3,584,0.31792667508125305,0.3017680048942566,0.15478567779064178,0.019962219521403313,0.1987348347902298,0.2410980761051178,0.2536831796169281,0.22121495008468628,0.9284675121307373,0.5416255593299866,5.723752021789551,4.787937641143799,3.5940864086151123,1.8658729791641235,5.208070278167725,5.599985122680664,7.0385355949401855,4.791790008544922,10.1810884475708,8.446399688720703,,,,,,,,,,,7.123488426208496,6.081334590911865,5.66861629486084,1.964080810546875,6.37876558303833,7.957428932189941,8.24169635772705,5.547100067138672,11.061311721801758,11.21106243133545,,,,,,,,,,,,,,,,,,,,,,,,,,,,,,,,,,,,,,,,
3,589,0.47723478078842163,0.16328684985637665,0.4941479563713074,0.5185875296592712,0.4764370322227478,0.9202380180358887,0.3855864703655243,0.6345369219779968,0.2397327870130539,0.462559312582016,7.458071231842041,3.4083476066589355,7.15134859085083,8.449495315551758,7.312556266784668,11.854736328125,8.505254745483398,7.652379512786865,5.255133628845215,7.533389091491699,,,,,,,,,,,9.508010864257812,4.47340202331543,10.12838363647461,10.010734558105469,9.876483917236328,15.546260833740234,10.160888671875,9.394791603088379,5.620655536651611,10.360504150390625,,,,,,,,,,,,,,,,,,,,,,,,,,,,,,,,,,,,,,,,
3,594,0.580595850944519,0.38545694947242737,0.8535426259040833,0.5407286882400513,0.5525982975959778,0.3962551951408386,0.3253871500492096,0.9735463261604309,0.8049625158309937,0.39288485050201416,7.667013645172119,5.31355094909668,10.168455123901367,6.702371597290039,7.711118221282959,8.224672317504883,7.252406597137451,8.289734840393066,7.669599533081055,7.671209812164307,,,,,,,,,,,10.22928237915039,6.873061180114746,13.311416625976562,10.22220516204834,10.636639595031738,10.201483726501465,9.334068298339844,11.636894226074219,10.299381256103516,9.548382759094238,,,,,,,,,,,,,,,,,,,,,,,,,,,,,,,,,,,,,,,,
3,599,0.23049752414226532,0.26133978366851807,0.2737591564655304,0.1390187293291092,0.13322585821151733,0.5164865255355835,0.24119101464748383,0.1839142143726349,0.0758078545331955,0.24973471462726593,5.179544925689697,4.568129062652588,5.705045700073242,4.206409454345703,4.385676860809326,9.17862606048584,5.597503185272217,4.439107418060303,2.487976551055908,6.047433376312256,,,,,,,,,,,6.568667411804199,5.659330368041992,7.538691997528076,5.1831231117248535,5.222685813903809,11.646767616271973,8.036211967468262,5.057854652404785,3.1606791019439697,7.612664222717285,,,,,,,,,,,,,,,,,,,,,,,,,,,,,,,,,,,,,,,,
3,604,0.4290921986103058,0.6389244198799133,0.3049721419811249,0.3928224742412567,0.6619738340377808,0.4298456609249115,0.4475504457950592,0.41347208619117737,0.1711605340242386,0.4011083245277405,6.846014499664307,7.063923358917236,6.401549339294434,7.370145320892334,8.414971351623535,7.009809494018555,7.095337867736816,5.7803802490234375,4.3364386558532715,8.14157772064209,,,,,,,,,,,8.968107223510742,8.848854064941406,7.956860542297363,8.712705612182617,11.64179801940918,10.625079154968262,10.946916580200195,7.583712577819824,4.749250411987305,9.647794723510742,,,,,,,,,,,,,,,,,,,,,,,,,,,,,,,,,,,,,,,,
3,609,0.4300982356071472,0.3106391131877899,0.41665029525756836,0.6651532649993896,0.4941621720790863,0.5796796679496765,0.3904338777065277,0.2756391763687134,0.33666324615478516,0.40186336636543274,6.467783451080322,4.873398303985596,5.622881889343262,7.91251802444458,6.849313735961914,8.866410255432129,6.298547744750977,4.571403503417969,5.671854496002197,7.5437188148498535,,,,,,,,,,,9.10435676574707,6.170074462890625,9.300312042236328,11.337459564208984,10.058526992797852,12.338713645935059,10.224556922912598,6.191975116729736,6.660719394683838,9.65687084197998,,,,,,,,,,,,,,,,,,,,,,,,,,,,,,,,,,,,,,,,
3,614,0.49679461121559143,0.33433014154434204,0.2479567527770996,0.7262709736824036,0.5271348357200623,0.5830697417259216,0.16560383141040802,1.5308177471160889,0.13952502608299255,0.21644259989261627,7.559417724609375,4.8126115798950195,6.6801838874816895,11.138334274291992,6.360828399658203,10.301778793334961,5.404632091522217,13.312352180480957,4.231795310974121,5.792239665985107,,,,,,,,,,,8.979129791259766,6.401031970977783,7.174631595611572,11.84688663482666,10.388683319091797,12.374740600585938,6.658953666687012,14.592187881469727,4.2879462242126465,7.087099552154541,,,,,,,,,,,,,,,,,,,,,,,,,,,,,,,,,,,,,,,,
3,619,0.21988770365715027,0.24091693758964539,0.03262434899806976,0.34196001291275024,0.22074753046035767,0.26819002628326416,0.26493218541145325,0.23590534925460815,0.17751184105873108,0.19620126485824585,4.9363627433776855,4.6387810707092285,1.9576284885406494,5.974167823791504,4.868736743927002,6.873364448547363,6.429562091827393,4.834770202636719,3.401250123977661,5.449004173278809,,,,,,,,,,,6.335060119628906,5.433703422546387,2.6024508476257324,8.129101753234863,6.722760200500488,8.39261245727539,8.422444343566895,5.7283244132995605,4.836564064025879,6.7475810050964355,,,,,,,,,,,,,,,,,,,,,,,,,,,,,,,,,,,,,,,,
3,624,0.7616966366767883,0.5042069554328918,0.5768796801567078,1.3058712482452393,0.6052201986312866,0.7451475858688354,0.27628293633461,1.020350456237793,0.9429224729537964,0.8783880472183228,9.395234107971191,6.213878154754639,8.097208976745605,13.631787300109863,8.370314598083496,10.26350212097168,7.565524578094482,10.337855339050293,9.755751609802246,10.321283340454102,,,,,,,,,,,11.749923706054688,7.860799312591553,10.943450927734375,15.885653495788574,11.13156795501709,13.989333152770996,8.600977897644043,11.913336753845215,11.14708423614502,14.277112007141113,,,,,,,,,,,,,,,,,,,,,,,,,,,,,,,,,,,,,,,,
3,629,0.337006151676178,0.6188499331474304,0.32937565445899963,0.4197413921356201,0.3034836947917938,0.13954812288284302,0.2765534222126007,0.07374049723148346,0.5390208959579468,0.3327413499355316,6.347400188446045,6.81221342086792,6.860284805297852,6.961045742034912,6.145757675170898,5.472869873046875,6.967813491821289,2.7136874198913574,8.108366966247559,7.084564208984375,,,,,,,,,,,7.660408973693848,8.708731651306152,8.269083976745605,9.00628662109375,7.8825602531433105,6.053936004638672,8.60518741607666,3.2026665210723877,8.428030014038086,8.787201881408691,,,,,,,,,,,,,,,,,,,,,,,,,,,,,,,,,,,,,,,,
3,634,0.40476495027542114,0.37186887860298157,0.26504144072532654,0.4212718605995178,0.6612062454223633,0.4730788767337799,0.29993289709091187,0.462677001953125,0.1740289181470871,0.5137782692909241,6.901820659637451,5.046506404876709,5.94017219543457,7.581123352050781,8.923285484313965,8.621039390563965,6.808141708374023,6.90463399887085,4.36053991317749,7.930943489074707,,,,,,,,,,,8.740513801574707,6.750829696655273,7.417687892913818,9.02269172668457,11.63504695892334,11.1466064453125,8.961544036865234,8.022276878356934,4.788880825042725,10.919054985046387,,,,,,,,,,,,,,,,,,,,,,,,,,,,,,,,,,,,,,,,
3,639,0.30028295516967773,0.2126922756433487,0.288329154253006,0.17078672349452972,0.14773082733154297,0.21308235824108124,0.18212458491325378,0.39131778478622437,0.6405582427978516,0.4559246301651001,5.9298272132873535,3.8511927127838135,5.845685958862305,4.602415561676025,4.450628757476807,6.1815571784973145,5.922481060028076,6.353045463562012,7.579958915710449,8.581476211547852,,,,,,,,,,,7.266896724700928,5.105498313903809,7.736702919006348,5.7448930740356445,5.4996514320373535,7.4808268547058105,6.983209609985352,7.377743721008301,9.187612533569336,10.285933494567871,,,,,,,,,,,,,,,,,,,,,,,,,,,,,,,,,,,,,,,,
3,644,0.448587566614151,0.39420372247695923,0.37071290612220764,1.04422128200531,0.44027575850486755,0.423360675573349,0.2821987271308899,0.48858901858329773,0.2860489785671234,0.3076772689819336,7.233160972595215,5.615171432495117,7.000096321105957,10.472043991088867,7.799007892608643,8.153534889221191,7.479471683502197,6.540884017944336,5.015403747558594,7.022834777832031,,,,,,,,,,,9.054814338684082,6.950605392456055,8.77264404296875,14.205324172973633,9.494279861450195,10.544625282287598,8.692571640014648,8.24385929107666,6.1396484375,8.449769973754883,,,,,,,,,,,,,,,,,,,,,,,,,,,,,,,,,,,,,,,,
3,649,0.2494111806154251,0.21506845951080322,0.19352856278419495,0.2725162208080292,0.7538324594497681,0.2046460062265396,0.22658725082874298,0.14286571741104126,0.05364114046096802,0.1820148527622223,5.091092586517334,4.0905656814575195,5.350447177886963,5.71476936340332,7.634668350219727,5.859391212463379,6.679112911224365,3.874042510986328,2.1343019008636475,4.482536792755127,,,,,,,,,,,6.654285430908203,5.133938312530518,6.338466167449951,7.256898880004883,12.42330265045166,7.331241130828857,7.789122104644775,4.457821846008301,2.6587181091308594,6.499061107635498,,,,,,,,,,,,,,,,,,,,,,,,,,,,,,,,,,,,,,,,
3,654,0.5729709267616272,0.20498648285865784,0.5550739765167236,1.1193208694458008,0.33681342005729675,0.5548266172409058,0.5057474374771118,0.3762374520301819,1.0295374393463135,0.4741947650909424,8.073420524597168,3.528445243835449,7.0944013595581055,12.106432914733887,7.686389446258545,9.722125053405762,8.545649528503418,6.403308868408203,8.981477737426758,8.59255313873291,,,,,,,,,,,10.204269409179688,5.012159824371338,10.73462963104248,14.707275390625,8.304134368896484,12.07131290435791,11.636908531188965,7.23418664932251,11.647811889648438,10.490002632141113,,,,,,,,,,,,,,,,,,,,,,,,,,,,,,,,,,,,,,,,
3,659,0.35578596591949463,0.32723838090896606,0.16735659539699554,0.3852092921733856,0.3307148516178131,0.30678093433380127,0.41829827427864075,0.2095084935426712,0.43111616373062134,0.6258509159088135,6.394625186920166,5.276311874389648,5.028213977813721,7.106518745422363,6.535269260406494,7.214410305023193,8.399959564208984,3.3222827911376953,5.414270877838135,9.254390716552734,,,,,,,,,,,8.18109130859375,6.332779884338379,5.894311428070068,8.627862930297852,8.228610038757324,8.97614860534668,10.583123207092285,5.398331642150879,7.537380695343018,12.051264762878418,,,,,,,,,,,,,,,,,,,,,,,,,,,,,,,,,,,,,,,,
3,664,0.3538724482059479,0.3528076112270355,0.39168307185173035,0.27940958738327026,0.10395923256874084,0.37075045704841614,0.17781910300254822,0.7048813700675964,0.5853118896484375,0.21822994947433472,6.447851181030273,5.170311450958252,7.378053665161133,6.621935844421387,4.071767330169678,7.8685622215271,5.839854717254639,7.896735191345215,7.271162986755371,5.9122772216796875,,,,,,,,,,,7.79144811630249,6.575536727905273,9.017353057861328,7.348108291625977,4.61350679397583,9.867716789245605,6.900173187255859,9.90185832977295,8.782476425170898,7.116301536560059,,,,,,,,,,,,,,,,,,,,,,,,,,,,,,,,,,,,,,,,
3,669,0.3018451929092407,0.2746094763278961,0.2063835710287094,0.20790143311023712,0.3186621367931366,0.35620516538619995,0.10374239087104797,0.42162027955055237,0.2373979091644287,0.5900841951370239,5.574382305145264,4.140542507171631,4.9247727394104,4.486122131347656,5.9539971351623535,7.853532314300537,4.395861625671387,6.735387325286865,4.204092979431152,7.47513484954834,,,,,,,,,,,7.406485557556152,5.8012285232543945,6.545596122741699,6.338458061218262,8.077275276184082,9.672215461730957,5.270464897155762,7.658072471618652,5.5932183265686035,11.7018404006958,,,,,,,,,,,,,,,,,,,,,,,,,,,,,,,,,,,,,,,,
3,674,0.3023195266723633,0.38446053862571716,0.2937759757041931,0.32446467876434326,0.17129269242286682,0.3648908734321594,0.20066940784454346,0.21752601861953735,0.2730654180049896,0.49073007702827454,5.985538959503174,5.831589698791504,5.937839508056641,7.106234550476074,5.034642219543457,7.726076126098633,5.398830890655518,3.8730628490448,4.477400302886963,8.484175682067871,,,,,,,,,,,7.53380823135376,6.864171981811523,7.809438705444336,7.918420791625977,5.922008991241455,9.789429664611816,7.330125331878662,5.5006537437438965,5.998693466186523,10.671330451965332,,,,,,,,,,,,,,,,,,,,,,,,,,,,,,,,,,,,,,,,
3,679,0.2914966344833374,0.3673087954521179,0.3637465834617615,0.36896592378616333,0.3136412501335144,0.18626239895820618,0.29379013180732727,0.20412787795066833,0.23971787095069885,0.28590887784957886,6.051633834838867,5.375923156738281,6.68231201171875,6.892629146575928,6.906475067138672,5.749545574188232,6.6535139083862305,4.273676872253418,4.9232258796691895,7.007399559020996,,,,,,,,,,,7.423827171325684,6.709310531616211,8.689826965332031,8.443995475769043,8.013388633728027,6.994206428527832,8.869301795959473,5.328559875488281,5.620480537414551,8.145373344421387,,,,,,,,,,,,,,,,,,,,,,,,,,,,,,,,,,,,,,,,
3,684,0.3872131109237671,0.23854590952396393,0.11078973114490509,0.18349464237689972,1.1342579126358032,0.40490421652793884,0.22534847259521484,0.20796474814414978,0.2397383153438568,0.7398738265037537,6.285395622253418,4.624786853790283,3.853163957595825,4.1397881507873535,10.684433937072754,7.441368579864502,7.034628868103027,4.482094764709473,4.23842191696167,10.069872856140137,,,,,,,,,,,8.175418853759766,5.4068989753723145,4.795804500579834,5.95479154586792,15.238968849182129,10.312215805053711,7.767801284790039,5.378406047821045,5.620721340179443,13.10315990447998,,,,,,,,,,,,,,,,,,,,,,,,,,,,,,,,,,,,,,,,
3,689,0.3238811492919922,0.5345470905303955,0.30408406257629395,0.17115722596645355,0.3019062876701355,0.3244740068912506,0.20461252331733704,0.334972083568573,0.24153198301792145,0.49764513969421387,5.954249858856201,7.2352776527404785,4.199676513671875,4.211430072784424,5.193019390106201,7.571050643920898,6.491683006286621,6.032105922698975,5.207758903503418,7.446244239807129,,,,,,,,,,,7.722151279449463,8.093852043151855,7.945267200469971,5.751121520996094,7.862049102783203,9.231362342834473,7.401792526245117,6.8259477615356445,5.6417083740234375,10.746253967285156,,,,,,,,,,,,,,,,,,,,,,,,,,,,,,,,,,,,,,,,
3,694,0.31069934368133545,0.36952394247055054,0.6206262111663818,0.2437608391046524,0.3510631024837494,0.38629886507987976,0.39791497588157654,0.21257713437080383,0.03719409555196762,0.17733491957187653,6.448325157165527,4.814967155456543,11.35080623626709,6.86336088180542,6.200939655303955,8.787199974060059,7.732166767120361,5.4377217292785645,2.213911771774292,4.63385009765625,,,,,,,,,,,7.542534828186035,6.729511737823486,11.35080623626709,6.86336088180542,8.47797679901123,10.07250690460205,10.322049140930176,5.4377217292785645,2.213911771774292,6.414966106414795,,,,,,,,,,,,,,,,,,,,,,,,,,,,,,,,,,,,,,,,
3,699,0.41120100021362305,0.421030193567276,0.6361234188079834,0.3284986615180969,0.30510175228118896,0.4000931978225708,0.4336193799972534,0.5250608325004578,0.16878953576087952,0.48249202966690063,6.779769420623779,4.837154388427734,8.320055961608887,5.376495361328125,7.091228008270264,7.541518688201904,7.788613796234131,8.092791557312012,4.035232067108154,7.934837341308594,,,,,,,,,,,8.823945045471191,7.183216094970703,11.49164867401123,7.967493534088135,7.903546333312988,10.250768661499023,10.775195121765137,8.546012878417969,4.716241836547852,10.581378936767578,,,,,,,,,,,,,,,,,,,,,,,,,,,,,,,,,,,,,,,,
3,704,0.7879651188850403,0.34040603041648865,1.7100861072540283,0.8995990753173828,0.5464643836021423,1.173792839050293,0.7336856722831726,0.5061865448951721,0.9671301245689392,0.2143351286649704,9.78891372680664,5.791943550109863,14.86393928527832,10.091259956359863,8.71419620513916,14.068424224853516,11.46799087524414,6.445125579833984,10.722900390625,5.934442043304443,,,,,,,,,,,11.929975509643555,6.458934307098389,18.841724395751953,13.184977531433105,10.577441215515137,17.557859420776367,14.0160551071167,8.391005516052246,11.289266586303711,7.052512168884277,,,,,,,,,,,,,,,,,,,,,,,,,,,,,,,,,,,,,,,,
3,709,0.32349273562431335,0.7971909642219543,0.3166813850402832,0.31434959173202515,0.15935659408569336,0.16175352036952972,0.16631685197353363,0.34243330359458923,0.31272196769714355,0.340630441904068,5.949638366699219,7.845253944396973,5.224059581756592,5.935791015625,4.632405757904053,5.129202842712402,5.20493221282959,6.672965049743652,5.591339111328125,7.310795307159424,,,,,,,,,,,7.433479309082031,9.884243965148926,8.108171463012695,7.794017314910889,5.711953163146973,6.517826080322266,6.67327356338501,6.901551723480225,6.419518947601318,8.890761375427246,,,,,,,,,,,,,,,,,,,,,,,,,,,,,,,,,,,,,,,,
3,714,0.8697797656059265,0.6590762734413147,0.3611045777797699,0.014963898807764053,1.2179335355758667,0.8311296105384827,0.6595810651779175,1.7674026489257812,1.642335057258606,0.6744909286499023,9.228976249694824,7.1530680656433105,6.229452610015869,1.4254945516586304,10.939323425292969,12.72639274597168,9.252715110778809,10.386487007141113,14.711405754089355,10.236444473266602,,,,,,,,,,,11.789155006408691,8.98731803894043,8.658210754394531,1.7005025148391724,15.79106616973877,14.7744140625,13.289384841918945,15.679292678833008,14.711405754089355,12.510804176330566,,,,,,,,,,,,,,,,,,,,,,,,,,,,,,,,,,,,,,,,
3,719,0.38249287009239197,0.22052207589149475,0.6208373308181763,0.404378741979599,0.4566243588924408,0.2935812175273895,0.29720091819763184,0.5252848863601685,0.24855290353298187,0.37545329332351685,6.463559627532959,3.8667068481445312,8.746195793151855,6.514252185821533,6.9989333152771,6.474514961242676,7.06818151473999,6.88887882232666,4.784265995025635,6.830105304718018,,,,,,,,,,,8.485212326049805,5.198623180389404,11.352737426757812,8.839934349060059,9.668947219848633,8.780919075012207,8.920637130737305,8.547836303710938,5.723118305206299,9.334157943725586,,,,,,,,,,,,,,,,,,,,,,,,,,,,,,,,,,,,,,,,
3,724,0.5081969499588013,0.2445586621761322,0.8830971717834473,0.6095540523529053,0.3628341555595398,0.7540216445922852,0.4039084017276764,0.21195350587368011,0.4209643602371216,0.682880699634552,7.826103210449219,4.343323707580566,10.896650314331055,8.606598854064941,7.886813640594482,10.67889404296875,7.84454345703125,4.527527809143066,6.157096862792969,9.493477821350098,,,,,,,,,,,9.824983596801758,5.4746174812316895,13.539913177490234,10.853279113769531,8.618936538696289,14.072386741638184,10.399495124816895,5.429739475250244,7.448108196258545,12.588373184204102,,,,,,,,,,,,,,,,,,,,,,,,,,,,,,,,,,,,,,,,
3,729,0.607105553150177,1.0366613864898682,0.5461829900741577,0.4858313500881195,0.5464027523994446,0.5062049031257629,0.6316060423851013,0.4513888359069824,0.7433404922485352,0.5163313150405884,8.218602180480957,7.82426118850708,8.699045181274414,7.935328960418701,8.113964080810547,9.652605056762695,8.916894912719727,6.3239641189575195,8.429391860961914,8.071968078613281,,,,,,,,,,,10.609786987304688,11.27147388458252,10.648311614990234,9.689416885375977,10.576844215393066,11.530259132385254,13.004508018493652,7.923810958862305,9.897310256958008,10.946150779724121,,,,,,,,,,,,,,,,,,,,,,,,,,,,,,,,,,,,,,,,
3,734,0.5432268381118774,0.25332018733024597,0.7682695984840393,0.30174094438552856,0.40054526925086975,0.5251212120056152,0.313126802444458,0.8041772842407227,0.810032844543457,0.71270751953125,7.487287998199463,4.403438568115234,10.389741897583008,5.761816501617432,6.3146586418151855,7.884778022766113,7.098948955535889,8.556719779968262,7.533169746398926,9.442320823669434,,,,,,,,,,,9.951263427734375,5.5718207359313965,12.628985404968262,7.636106967926025,9.055771827697754,11.743719100952148,9.156529426574707,10.576321601867676,10.331768035888672,12.860352516174316,,,,,,,,,,,,,,,,,,,,,,,,,,,,,,,,,,,,,,,,
3,739,0.39112845063209534,0.3308914601802826,0.18847684562206268,0.619533896446228,0.6718623042106628,0.43292224407196045,0.3669075071811676,0.22909259796142578,0.34664052724838257,0.333828866481781,6.944801330566406,4.818833351135254,5.576274394989014,9.294363021850586,9.247811317443848,7.796372413635254,8.368515968322754,4.44453239440918,5.896947383880615,7.059560775756836,,,,,,,,,,,8.563714027404785,6.3680291175842285,6.255191802978516,10.941766738891602,11.72842788696289,10.663034439086914,9.911721229553223,5.645003795623779,6.758696556091309,8.801549911499023,,,,,,,,,,,,,,,,,,,,,,,,,,,,,,,,,,,,,,,,
3,744,0.27646952867507935,0.5920789241790771,0.17034588754177094,0.18047837913036346,0.48216453194618225,0.17345085740089417,0.29427626729011536,0.21091815829277039,0.08387435972690582,0.300638347864151,5.440542697906494,7.0835280418396,5.0871429443359375,4.931878089904785,7.620669364929199,5.23602819442749,6.446789741516113,4.397216796875,2.744239568710327,5.417389869689941,,,,,,,,,,,7.002882957458496,8.518282890319824,5.946719646453857,5.905646800994873,9.935672760009766,6.749382972717285,8.876636505126953,5.416461944580078,3.3245882987976074,8.352556228637695,,,,,,,,,,,,,,,,,,,,,,,,,,,,,,,,,,,,,,,,
3,749,0.3599454462528229,0.2979351580142975,0.6341110467910767,0.45752543210983276,0.30703866481781006,0.5316543579101562,0.16263717412948608,0.5674641132354736,0.09003504365682602,0.19110794365406036,6.3546247482299805,4.907357215881348,9.148101806640625,6.997282028198242,6.295165538787842,9.175894737243652,5.16727876663208,6.902774333953857,3.195910692214966,5.401856899261475,,,,,,,,,,,8.027942657470703,6.042590141296387,11.473457336425781,9.402915954589844,7.92859411239624,11.816546440124512,6.599039554595947,8.88439655303955,3.4445228576660156,6.659422397613525,,,,,,,,,,,,,,,,,,,,,,,,,,,,,,,,,,,,,,,,
3,754,0.25929585099220276,0.4829148054122925,0.1425154060125351,0.10373710095882416,0.1407281756401062,0.12459619343280792,0.17283524572849274,0.13203345239162445,0.5024530291557312,0.5318489074707031,5.204044342041016,6.267924785614014,4.296584129333496,3.6227757930755615,4.24596643447876,4.343654155731201,5.953574180603027,3.2382121086120605,6.18631649017334,8.68139362335205,,,,,,,,,,,6.559184551239014,7.6930317878723145,5.439294338226318,4.477359294891357,5.367724418640137,5.720424175262451,6.802788257598877,4.285492420196533,8.137125968933105,11.109418869018555,,,,,,,,,,,,,,,,,,,,,,,,,,,,,,,,,,,,,,,,
3,759,0.5959956049919128,0.5389866828918457,0.37982457876205444,0.9066725373268127,0.40882840752601624,0.9525920152664185,0.6988503336906433,0.0966963917016983,0.163064107298851,1.2184455394744873,8.468167304992676,6.974955081939697,7.2243523597717285,9.367915153503418,6.464575290679932,13.650655746459961,10.722429275512695,3.565887928009033,4.635562896728516,13.607169151306152,,,,,,,,,,,10.445270538330078,8.12739372253418,8.879800796508789,13.236711502075195,9.148927688598633,15.817190170288086,13.679268836975098,3.6674466133117676,4.635562896728516,16.81513023376465,,,,,,,,,,,,,,,,,,,,,,,,,,,,,,,,,,,,,,,,
3,764,0.24609409272670746,0.18410901725292206,0.16343623399734497,0.09604796022176743,0.2502281963825226,0.3081371784210205,0.20754872262477875,0.6214004755020142,0.18857060372829437,0.19536836445331573,5.267135143280029,4.125125885009766,5.102499961853027,3.744009256362915,5.671549320220947,7.391833305358887,4.862944602966309,6.861448764801025,4.566664218902588,5.078142166137695,,,,,,,,,,,6.611853122711182,4.750067234039307,5.824864864349365,4.308230876922607,7.1576056480407715,8.995967864990234,7.4547119140625,9.297036170959473,4.9849443435668945,6.733243465423584,,,,,,,,,,,,,,,,,,,,,,,,,,,,,,,,,,,,,,,,
3,769,0.2949274480342865,0.4200517535209656,0.2662488520145416,0.4225272834300995,0.12221923470497131,0.38022616505622864,0.2642245590686798,0.30201902985572815,0.2152501344680786,0.26157981157302856,5.987074375152588,6.244789123535156,6.204710483551025,7.8054656982421875,4.258420944213867,6.6033806800842285,6.019994258880615,5.667269706726074,4.786269187927246,6.293368816375732,,,,,,,,,,,7.405622959136963,7.174864292144775,7.434564590454102,9.036126136779785,5.002296447753906,9.993021965026855,8.411188125610352,6.481504917144775,5.325925350189209,7.791110038757324,,,,,,,,,,,,,,,,,,,,,,,,,,,,,,,,,,,,,,,,
3,774,0.23665139079093933,0.2365160882472992,0.2663586139678955,0.1606360822916031,0.24094495177268982,0.16040775179862976,0.24806293845176697,0.2079305350780487,0.16365459561347961,0.44535091519355774,5.463576316833496,4.469677925109863,6.181295871734619,4.136571407318115,5.351631164550781,5.172433853149414,6.645915508270264,5.3691630363464355,4.11899471282959,7.726504802703857,,,,,,,,,,,6.693721294403076,5.383845806121826,7.436096668243408,5.571555137634277,7.023580551147461,6.490654945373535,8.149889945983887,5.377963542938232,4.643948554992676,10.165959358215332,,,,,,,,,,,,,,,,,,,,,,,,,,,,,,,,,,,,,,,,
3,775,,,,,,,,,,,7.011000156402588,5.859061241149902,6.952547073364258,6.78877592086792,7.102798938751221,8.512345314025879,7.578632354736328,6.242891311645508,6.3377203941345215,7.72422456741333,0.5235512852668762,0.49904119968414307,0.589640736579895,0.5904054641723633,0.5428037643432617,0.4595383405685425,0.5262414216995239,0.5155879259109497,0.4885430335998535,0.5001593828201294,9.1896333694458,7.634130477905273,9.089010238647461,8.861351013183594,9.487381935119629,11.219346046447754,10.149428367614746,8.109591484069824,8.109017372131348,10.047446250915527,0.5581423044204712,0.576154887676239,0.6613883376121521,0.4438405930995941,0.5845910906791687,0.6007112264633179,0.49077683687210083,0.521661102771759,0.640174150466919,0.5039829015731812,7.655608177185059,5.880874156951904,8.540304183959961,6.39728307723999,8.568404197692871,9.280599594116211,8.450986862182617,6.325553894042969,7.291513442993164,8.164957046508789,0.3803016245365143,0.39552730321884155,0.4551723599433899,0.5909963846206665,0.2857753038406372,0.45527541637420654,0.5030668377876282,0.14892715215682983,0.08327239751815796,0.5047014951705933,10.413016319274902,8.60305404663086,11.316570281982422,9.500953674316406,11.434379577636719,12.689480781555176,11.269476890563965,8.600693702697754,9.736348152160645,10.566189765930176
4,779,0.39603090286254883,0.2636949121952057,0.2117903083562851,0.7996785044670105,0.2537357807159424,0.5940786600112915,0.8239597082138062,0.3595767915248871,0.1706973761320114,0.08706599473953247,6.805998802185059,4.993155479431152,6.176997184753418,10.636662483215332,5.49890661239624,9.238123893737793,10.89688491821289,6.090644836425781,3.991779327392578,3.7308349609375,,,,,,,,,,,8.400959014892578,5.6847734451293945,6.630781650543213,12.431187629699707,7.207597255706787,12.491019248962402,14.853328704833984,7.072200775146484,4.742820739746094,4.494914531707764,,,,,,,,,,,,,,,,,,,,,,,,,,,,,,,,,,,,,,,,
4,784,0.355959951877594,0.9423406720161438,0.07219269871711731,0.21053357422351837,0.46545690298080444,0.3450666666030884,0.30308160185813904,0.05538133904337883,0.2275569885969162,0.5820289850234985,6.095640182495117,7.999772548675537,2.7860169410705566,4.671482086181641,8.053309440612793,8.24228572845459,7.171778678894043,2.079190492630005,4.466973781585693,9.3899507522583,,,,,,,,,,,7.684419631958008,10.746479988098145,3.8713133335113525,6.3784565925598145,9.76201343536377,9.519790649414062,9.00846004486084,2.7754950523376465,5.476062297821045,11.621696472167969,,,,,,,,,,,,,,,,,,,,,,,,,,,,,,,,,,,,,,,,
4,789,0.4960865080356598,0.6464350819587708,0.4708854556083679,0.4183429479598999,0.6688138246536255,0.3081589639186859,0.42780089378356934,0.47783780097961426,0.3178483247756958,0.7286550402641296,7.675057411193848,7.048855781555176,7.7504801750183105,8.334269523620605,9.219663619995117,7.378788471221924,8.216184616088867,6.545259475708008,6.109594821929932,8.472416877746582,,,,,,,,,,,9.645315170288086,8.900712013244629,9.88710880279541,8.99127197265625,11.701788902282715,8.996286392211914,10.702657699584961,8.152652740478516,6.471921443939209,13.003438949584961,,,,,,,,,,,,,,,,,,,,,,,,,,,,,,,,,,,,,,,,
4,794,0.2965492904186249,0.11802568286657333,0.20602266490459442,0.24101877212524414,0.433442085981369,0.299003541469574,0.2425035685300827,0.5058348178863525,0.27261030673980713,0.3504822254180908,6.171629428863525,3.316243886947632,5.277534484863281,6.154782772064209,7.290679931640625,7.1594109535217285,6.704792022705078,6.392165184020996,5.436445236206055,7.8126115798950195,,,,,,,,,,,7.434213638305664,3.8032121658325195,6.539870738983154,6.824649810791016,9.420309066772461,8.861638069152832,8.058048248291016,8.388090133666992,5.993691444396973,9.018414497375488,,,,,,,,,,,,,,,,,,,,,,,,,,,,,,,,,,,,,,,,
4,799,0.5990228056907654,0.4299294352531433,0.3988419473171234,0.8032249212265015,0.2763654291629791,0.6376321911811829,0.31901755928993225,0.3787505626678467,1.7040724754333496,0.4433707892894745,8.665721893310547,5.663310527801514,7.421525478363037,11.26844310760498,7.233242511749268,11.071053504943848,7.390761375427246,6.156444549560547,14.595852851867676,7.190858364105225,,,,,,,,,,,10.101004600524902,7.258733749389648,9.099385261535645,12.458721160888672,7.522141933441162,12.9407958984375,9.242257118225098,7.258307456970215,14.985365867614746,10.14333438873291,,,,,,,,,,,,,,,,,,,,,,,,,,,,,,,,,,,,,,,,
4,804,0.772014856338501,0.2397962361574173,0.6890543699264526,1.0079197883605957,0.6587304472923279,1.5831751823425293,0.7258012294769287,0.4937329888343811,1.1535661220550537,0.39635682106018066,9.56601333618164,4.2513556480407715,10.354146957397461,11.456747055053711,9.562955856323242,15.063447952270508,10.382902145385742,5.964328765869141,10.825008392333984,8.233224868774414,,,,,,,,,,,11.94327163696289,5.421050548553467,11.960198402404785,13.956222534179688,11.613243103027344,20.391084671020508,13.940542221069336,8.287141799926758,12.329473495483398,9.590479850769043,,,,,,,,,,,,,,,,,,,,,,,,,,,,,,,,,,,,,,,,
4,809,0.4441513419151306,0.859768271446228,0.5427978038787842,0.3661569058895111,0.18838836252689362,0.2544007897377014,0.3978159725666046,0.64403235912323,0.4448893070220947,0.29911214113235474,6.7676239013671875,6.823480606079102,6.794597148895264,7.719475746154785,4.532663345336914,6.194448947906494,8.545736312866211,7.542807102203369,5.7921624183654785,6.963242530822754,,,,,,,,,,,8.827796936035156,10.264859199523926,10.615262031555176,8.411791801452637,6.210501670837402,8.1740083694458,10.320765495300293,9.464823722839355,7.656834602355957,8.331327438354492,,,,,,,,,,,,,,,,,,,,,,,,,,,,,,,,,,,,,,,,
4,814,0.47502490878105164,0.35958361625671387,0.7435815334320068,0.33438318967819214,0.344230979681015,0.3733880817890167,0.2211480587720871,0.5381798148155212,0.6121026873588562,0.748626172542572,7.461878299713135,5.8211894035339355,10.123196601867676,5.9082560539245605,7.374664306640625,7.13690185546875,6.415048122406006,7.429607391357422,8.158844947814941,8.789200782775879,,,,,,,,,,,9.323112487792969,6.6383819580078125,12.424415588378906,8.038538932800293,8.395075798034668,9.902756690979004,7.695066452026367,8.652117729187012,8.981222152709961,13.180435180664062,,,,,,,,,,,,,,,,,,,,,,,,,,,,,,,,,,,,,,,,
4,819,0.26179471611976624,0.28854772448539734,0.1784493625164032,0.32974979281425476,0.330606609582901,0.20466668903827667,0.3006790280342102,0.19434434175491333,0.19062337279319763,0.3384858965873718,5.676260471343994,5.09482479095459,4.829304218292236,6.958763122558594,5.996498107910156,6.289953231811523,5.840278148651123,4.1627373695373535,4.264797210693359,7.6491875648498535,,,,,,,,,,,7.069044589996338,5.946632385253906,6.086522102355957,7.9826507568359375,8.227263450622559,7.331611156463623,8.972684860229492,5.1992974281311035,5.012003421783447,8.8627290725708,,,,,,,,,,,,,,,,,,,,,,,,,,,,,,,,,,,,,,,,
4,824,0.4673372507095337,0.3216482400894165,0.19593273103237152,0.09401865303516388,0.16352351009845734,0.3209038972854614,0.4226638972759247,1.114664912223816,1.0405457019805908,0.5321334600448608,7.311872959136963,5.219390392303467,5.420493125915527,3.3006043434143066,4.682260990142822,7.88909387588501,8.84345531463623,11.265549659729004,10.441805839538574,8.7441987991333,,,,,,,,,,,8.644168853759766,6.278456211090088,6.377715587615967,4.262475490570068,5.78615140914917,9.180437088012695,10.638204574584961,12.451763153076172,11.709918022155762,11.11238956451416,,,,,,,,,,,,,,,,,,,,,,,,,,,,,,,,,,,,,,,,
4,829,0.31808358430862427,0.3587491810321808,0.2228875309228897,0.15899483859539032,0.20700305700302124,0.42786526679992676,0.4389624297618866,0.21135011315345764,0.5888981819152832,0.24804151058197021,6.167975425720215,5.138034820556641,6.1334004402160645,3.850900650024414,4.897393226623535,8.632763862609863,8.491701126098633,4.4729323387146,7.574382305145264,6.32027006149292,,,,,,,,,,,7.63846492767334,6.630674839019775,6.802280426025391,5.543019771575928,6.510105609893799,10.600573539733887,10.841378211975098,5.422005653381348,8.809340476989746,7.586812973022461,,,,,,,,,,,,,,,,,,,,,,,,,,,,,,,,,,,,,,,,
4,834,0.4228222370147705,0.36106041073799133,0.14816226065158844,0.30046483874320984,1.1858091354370117,0.3528645932674408,0.36590611934661865,0.4406947195529938,0.3976087272167206,0.252829372882843,6.367074966430664,5.45930814743042,4.6649169921875,4.905392169952393,9.753030776977539,7.377303123474121,6.82421875,6.1149444580078125,6.7647857666015625,5.439769268035889,,,,,,,,,,,8.627992630004883,6.651999473571777,5.54600715637207,7.619942665100098,15.5814208984375,9.626753807067871,9.898186683654785,7.829384803771973,7.238544464111328,7.659686088562012,,,,,,,,,,,,,,,,,,,,,,,,,,,,,,,,,,,,,,,,
4,839,0.3371567130088806,0.2861763536930084,0.49111923575401306,0.26973915100097656,0.35320189595222473,0.41780027747154236,0.6018528938293457,0.24682338535785675,0.10601779818534851,0.26167938113212585,6.41829776763916,4.8688273429870605,9.824295043945312,6.16715669631958,6.560900688171387,8.228562355041504,8.0697021484375,5.118591785430908,2.7367849349975586,6.189859867095947,,,,,,,,,,,8.033604621887207,5.922146320343018,10.097296714782715,7.2198286056518555,8.503762245178223,10.475149154663086,12.694510459899902,5.859382629394531,3.7377710342407227,7.792592525482178,,,,,,,,,,,,,,,,,,,,,,,,,,,,,,,,,,,,,,,,
4,844,0.3562600612640381,0.23207791149616241,0.27645343542099,0.12274932116270065,0.23834355175495148,0.49558570981025696,0.24314212799072266,0.6282516717910767,0.5273388624191284,0.4423980712890625,6.2296881675720215,4.574460506439209,4.8590474128723145,4.546344757080078,5.34840726852417,8.679152488708496,6.6820902824401855,7.355699062347412,6.145528316497803,7.876460552215576,,,,,,,,,,,8.006513595581055,5.333093166351318,7.575697422027588,4.870398044586182,6.985561847686768,11.408676147460938,8.068650245666504,9.34814739227295,8.336200714111328,10.132201194763184,,,,,,,,,,,,,,,,,,,,,,,,,,,,,,,,,,,,,,,,
4,849,0.40835511684417725,0.6625297665596008,0.31137537956237793,0.2433551549911499,0.5485049486160278,0.5200138092041016,0.40305295586586,0.4435284733772278,0.24623402953147888,0.29660141468048096,6.72031831741333,6.562570095062256,6.855542182922363,6.032317161560059,6.712969779968262,9.475397109985352,7.533339500427246,6.844005584716797,5.035398006439209,5.4313273429870605,,,,,,,,,,,8.714191436767578,9.010834693908691,8.039958000183105,6.857647895812988,10.597171783447266,11.686469078063965,10.38847541809082,7.854517459869385,5.696358680725098,8.29628849029541,,,,,,,,,,,,,,,,,,,,,,,,,,,,,,,,,,,,,,,,
4,854,0.537679135799408,0.6709597110748291,0.5792218446731567,0.439396470785141,0.9869902729988098,0.7965074777603149,0.32027360796928406,0.7200722098350525,0.15881381928920746,0.16687721014022827,7.417307376861572,6.386439800262451,8.047013282775879,5.8314690589904785,10.52347469329834,12.068289756774902,7.383555889129639,8.462013244628906,3.2965221405029297,4.75698709487915,,,,,,,,,,,9.777021408081055,9.067978858947754,10.965642929077148,9.214741706848145,14.215300559997559,14.46341323852539,9.2604341506958,10.007987022399902,4.574750900268555,6.222940921783447,,,,,,,,,,,,,,,,,,,,,,,,,,,,,,,,,,,,,,,,
4,859,0.6353718638420105,0.7596662044525146,0.2810046076774597,0.3356987237930298,0.5579447150230408,0.35595187544822693,0.4640546441078186,1.2301795482635498,1.5248130559921265,0.20903345942497253,8.121991157531738,8.096573829650879,5.701000213623047,6.132087230682373,8.457355499267578,8.485796928405762,9.42526912689209,10.586970329284668,10.473339080810547,5.739531517028809,,,,,,,,,,,10.118412017822266,9.648807525634766,7.637801170349121,8.054335594177246,10.687970161437988,9.66877555847168,11.146931648254395,13.081062316894531,14.175277709960938,6.964743614196777,,,,,,,,,,,,,,,,,,,,,,,,,,,,,,,,,,,,,,,,
4,864,0.5168914794921875,0.5345940589904785,0.3301486372947693,1.0790563821792603,0.09149762243032455,0.2912694215774536,0.4850667119026184,0.7291706800460815,0.6223782300949097,0.4888419508934021,6.959341526031494,6.380346775054932,5.776156425476074,10.88032341003418,3.4125728607177734,6.408227920532227,6.222211837768555,7.438875675201416,7.871976375579834,8.243382453918457,,,,,,,,,,,9.451373100280762,8.094207763671875,8.27878189086914,14.440323829650879,4.328172206878662,8.746278762817383,11.396500587463379,10.071016311645508,9.056292533874512,10.650781631469727,,,,,,,,,,,,,,,,,,,,,,,,,,,,,,,,,,,,,,,,
4,869,0.43138858675956726,0.3071564733982086,0.9910939931869507,0.440014511346817,0.40686678886413574,0.2618492543697357,0.2320408970117569,0.12476547807455063,0.959051787853241,0.15965794026851654,6.610927104949951,5.281994819641113,8.868082046508789,7.9346466064453125,8.335260391235352,6.366508483886719,6.108057498931885,2.7589495182037354,8.197731971740723,5.6471147537231445,,,,,,,,,,,8.49970817565918,6.1353888511657715,14.343961715698242,9.221220016479492,9.126952171325684,8.292805671691895,7.882301330566406,4.165872097015381,11.242019653320312,6.086848258972168,,,,,,,,,,,,,,,,,,,,,,,,,,,,,,,,,,,,,,,,
4,874,0.3552510738372803,0.703140139579773,0.10924380272626877,0.14421342313289642,0.1876560002565384,0.2557801306247711,0.33822646737098694,0.8577315211296082,0.20366856455802917,0.3975995182991028,6.1797075271606445,6.809861183166504,3.5808310508728027,5.176894664764404,4.829483509063721,6.437661170959473,8.08012580871582,10.270342826843262,3.7120325565338135,6.7201337814331055,,,,,,,,,,,7.660463333129883,9.282891273498535,4.762226581573486,5.279073715209961,6.198418617248535,8.196137428283691,9.51644229888916,10.922809600830078,5.180661678314209,9.605504035949707,,,,,,,,,,,,,,,,,,,,,,,,,,,,,,,,,,,,,,,,
4,879,0.5727768540382385,0.28309956192970276,0.5597074627876282,0.4698697030544281,0.4580211043357849,0.5098090767860413,0.41604095697402954,0.5249106287956238,1.1678849458694458,0.7656481266021729,8.239375114440918,5.14234733581543,9.493958473205566,8.27574634552002,6.917751789093018,9.877328872680664,7.862738132476807,6.93441915512085,10.628117561340332,9.021966934204102,,,,,,,,,,,10.254217147827148,5.890224933624268,10.779340744018555,9.528918266296387,9.683723449707031,11.571233749389648,10.55452823638916,8.544790267944336,12.405757904052734,13.329437255859375,,,,,,,,,,,,,,,,,,,,,,,,,,,,,,,,,,,,,,,,
4,884,0.5373985767364502,0.5363478064537048,0.48246049880981445,1.3369133472442627,0.3028670847415924,0.3551579415798187,0.4263284206390381,1.0620548725128174,0.1332988440990448,0.20115788280963898,7.890858173370361,6.818138122558594,9.850037574768066,12.271073341369629,6.6115593910217285,7.629610538482666,8.678049087524414,10.147292137145996,3.611830949783325,5.400134086608887,,,,,,,,,,,9.509255409240723,8.107474327087402,10.007890701293945,16.073352813720703,7.87454891204834,9.657986640930176,10.684223175048828,12.154363632202148,4.191181659698486,6.83228063583374,,,,,,,,,,,,,,,,,,,,,,,,,,,,,,,,,,,,,,,,
4,889,0.3160199522972107,0.22380729019641876,0.1816277652978897,0.1617748737335205,0.49346646666526794,0.18579111993312836,0.32758083939552307,0.34010130167007446,0.5174620747566223,0.41256776452064514,5.785816669464111,4.107522964477539,4.240091800689697,4.380824089050293,6.526937484741211,5.472244739532471,7.064762592315674,6.384182929992676,6.377513408660889,7.51826810836792,,,,,,,,,,,7.587961196899414,5.237202167510986,6.140486240386963,5.591269493103027,10.051444053649902,6.985352516174316,9.365479469299316,6.8780107498168945,8.257765769958496,9.784640312194824,,,,,,,,,,,,,,,,,,,,,,,,,,,,,,,,,,,,,,,,
