epoch,step,test/loss,test/loss_BEE:LU,test/loss_CRO:LU,test/loss_EWB:LU,test/loss_HCH:LU,test/loss_HZL:LU,test/loss_LAR:NE,test/loss_LLL:LU,test/loss_SLL:LU,test/loss_SPR:NE,test/mae,test/mae_BEE:LU,test/mae_CRO:LU,test/mae_EWB:LU,test/mae_HCH:LU,test/mae_HZL:LU,test/mae_LAR:NE,test/mae_LLL:LU,test/mae_SLL:LU,test/mae_SPR:NE,test/r2,test/r2_BEE:LU,test/r2_CRO:LU,test/r2_EWB:LU,test/r2_HCH:LU,test/r2_HZL:LU,test/r2_LAR:NE,test/r2_LLL:LU,test/r2_SLL:LU,test/r2_SPR:NE,test/rmse,test/rmse_BEE:LU,test/rmse_CRO:LU,test/rmse_EWB:LU,test/rmse_HCH:LU,test/rmse_HZL:LU,test/rmse_LAR:NE,test/rmse_LLL:LU,test/rmse_SLL:LU,test/rmse_SPR:NE,train/loss,train/loss_BEE:LU,train/loss_CRO:LU,train/loss_EWB:LU,train/loss_HCH:LU,train/loss_HZL:LU,train/loss_LAR:NE,train/loss_LLL:LU,train/loss_SLL:LU,train/loss_SPR:NE,train/mae,train/mae_BEE:LU,train/mae_CRO:LU,train/mae_EWB:LU,train/mae_HCH:LU,train/mae_HZL:LU,train/mae_LAR:NE,train/mae_LLL:LU,train/mae_SLL:LU,train/mae_SPR:NE,train/r2,train/r2_BEE:LU,train/r2_CRO:LU,train/r2_EWB:LU,train/r2_HCH:LU,train/r2_HZL:LU,train/r2_LAR:NE,train/r2_LLL:LU,train/r2_SLL:LU,train/r2_SPR:NE,train/rmse,train/rmse_BEE:LU,train/rmse_CRO:LU,train/rmse_EWB:LU,train/rmse_HCH:LU,train/rmse_HZL:LU,train/rmse_LAR:NE,train/rmse_LLL:LU,train/rmse_SLL:LU,train/rmse_SPR:NE,val/loss,val/loss_BEE:LU,val/loss_CRO:LU,val/loss_EWB:LU,val/loss_HCH:LU,val/loss_HZL:LU,val/loss_LAR:NE,val/loss_LLL:LU,val/loss_SLL:LU,val/loss_SPR:NE,val/mae,val/mae_BEE:LU,val/mae_CRO:LU,val/mae_EWB:LU,val/mae_HCH:LU,val/mae_HZL:LU,val/mae_LAR:NE,val/mae_LLL:LU,val/mae_SLL:LU,val/mae_SPR:NE,val/r2,val/r2_BEE:LU,val/r2_CRO:LU,val/r2_EWB:LU,val/r2_HCH:LU,val/r2_HZL:LU,val/r2_LAR:NE,val/r2_LLL:LU,val/r2_SLL:LU,val/r2_SPR:NE,val/rmse,val/rmse_BEE:LU,val/rmse_CRO:LU,val/rmse_EWB:LU,val/rmse_HCH:LU,val/rmse_HZL:LU,val/rmse_LAR:NE,val/rmse_LLL:LU,val/rmse_SLL:LU,val/rmse_SPR:NE
0,4,,,,,,,,,,,,,,,,,,,,,,,,,,,,,,,,,,,,,,,,,1.6525864601135254,1.290945053100586,2.393216609954834,2.6957178115844727,1.599003553390503,0.9737266302108765,0.8902979493141174,1.806668996810913,2.6404645442962646,0.5832363367080688,14.087852478027344,10.035442352294922,17.86678123474121,18.406856536865234,15.696846961975098,14.089261054992676,13.09228801727295,14.570915222167969,14.577593803405762,8.454690933227539,,,,,,,,,,,17.039621353149414,12.578131675720215,22.28961753845215,22.824018478393555,18.09357452392578,15.991690635681152,15.439685821533203,15.852509498596191,18.653635025024414,11.633742332458496,,,,,,,,,,,,,,,,,,,,,,,,,,,,,,,,,,,,,,,,
0,9,,,,,,,,,,,,,,,,,,,,,,,,,,,,,,,,,,,,,,,,,1.1157642602920532,0.8432587385177612,1.0818524360656738,1.3090190887451172,1.3034814596176147,1.096707820892334,0.8852484822273254,0.8218981623649597,1.96010422706604,0.7403082251548767,11.875771522521973,7.5904388427734375,13.255183219909668,13.637520790100098,13.875638008117676,14.62255859375,12.424159049987793,9.294713973999023,12.641966819763184,9.539766311645508,,,,,,,,,,,14.40350341796875,10.165825843811035,14.986342430114746,15.90478801727295,16.33623695373535,16.971542358398438,15.39583969116211,10.692216873168945,16.07173728942871,13.10700511932373,,,,,,,,,,,,,,,,,,,,,,,,,,,,,,,,,,,,,,,,
0,14,,,,,,,,,,,,,,,,,,,,,,,,,,,,,,,,,,,,,,,,,0.5857039093971252,0.9908338189125061,0.3780028820037842,0.6610536575317383,0.5655808448791504,0.6046056747436523,0.22820726037025452,0.4615473747253418,0.6662916541099548,0.7152122259140015,8.210113525390625,9.88874340057373,7.572659969329834,8.3421049118042,7.638119220733643,10.01896858215332,5.728759765625,7.245420455932617,6.758413314819336,10.697832107543945,,,,,,,,,,,10.291688919067383,11.01952075958252,8.858480453491211,11.302467346191406,10.760859489440918,12.601202011108398,7.816917419433594,8.012478828430176,9.370343208312988,12.882930755615234,,,,,,,,,,,,,,,,,,,,,,,,,,,,,,,,,,,,,,,,
0,19,,,,,,,,,,,,,,,,,,,,,,,,,,,,,,,,,,,,,,,,,1.5791219472885132,1.616892695426941,1.732093334197998,1.8574090003967285,1.94835364818573,1.3940773010253906,1.0878363847732544,1.9274864196777344,1.1167120933532715,1.5312364101409912,14.521658897399902,10.702347755432129,15.701668739318848,14.531380653381348,16.72658920288086,16.400087356567383,15.823551177978516,15.637702941894531,10.160810470581055,15.010794639587402,,,,,,,,,,,17.279348373413086,14.076765060424805,18.962575912475586,18.945613861083984,19.972551345825195,19.134593963623047,17.066818237304688,16.373985290527344,12.130924224853516,18.850303649902344,,,,,,,,,,,,,,,,,,,,,,,,,,,,,,,,,,,,,,,,
0,24,,,,,,,,,,,,,,,,,,,,,,,,,,,,,,,,,,,,,,,,,0.3909873962402344,0.3600802421569824,0.1914377063512802,0.1845560520887375,0.5028309226036072,0.22621336579322815,0.6499110460281372,0.6487020254135132,0.6166101694107056,0.13854527473449707,6.516960620880127,5.727297306060791,4.360021591186523,3.5265049934387207,7.92086124420166,6.079758644104004,10.416375160217285,7.595204830169678,8.218634605407715,4.807985782623291,,,,,,,,,,,8.23870849609375,6.642963886260986,6.304134368896484,5.971989631652832,10.146368026733398,7.70788049697876,13.191608428955078,9.499074935913086,9.014229774475098,5.670130729675293,,,,,,,,,,,,,,,,,,,,,,,,,,,,,,,,,,,,,,,,
0,29,,,,,,,,,,,,,,,,,,,,,,,,,,,,,,,,,,,,,,,,,0.7227575182914734,0.7920985221862793,0.6114374399185181,0.49597227573394775,1.0126820802688599,0.9514132142066956,0.479501336812973,0.955746054649353,0.4402298927307129,0.7657366991043091,9.461594581604004,7.278047561645508,9.218893051147461,8.269099235534668,11.91002368927002,12.96296501159668,9.8882417678833,8.83198070526123,6.886155605316162,9.908945083618164,,,,,,,,,,,11.658159255981445,9.852622985839844,11.26646614074707,9.790019989013672,14.399127960205078,15.80739974975586,11.330933570861816,11.530017852783203,7.616633415222168,13.330207824707031,,,,,,,,,,,,,,,,,,,,,,,,,,,,,,,,,,,,,,,,
0,34,,,,,,,,,,,,,,,,,,,,,,,,,,,,,,,,,,,,,,,,,0.360249787569046,0.5582224726676941,0.10488071292638779,0.1327725052833557,0.5535258054733276,0.3434000313282013,0.3677549958229065,0.4410957098007202,0.018997319042682648,0.7215985655784607,6.996364116668701,7.110888957977295,4.1916351318359375,4.914015293121338,9.798598289489746,7.956493854522705,8.654911994934082,7.646151065826416,1.5822296142578125,11.112353324890137,,,,,,,,,,,7.824849605560303,8.271150588989258,4.666158199310303,5.065343856811523,10.645561218261719,9.496771812438965,9.923162460327148,7.832946300506592,1.5822296142578125,12.94032096862793,,,,,,,,,,,,,,,,,,,,,,,,,,,,,,,,,,,,,,,,
0,39,,,,,,,,,,,,,,,,,,,,,,,,,,,,,,,,,,,,,,,,,0.7783026695251465,0.4415663182735443,0.7055299282073975,0.21488231420516968,0.6370989680290222,1.0210628509521484,0.7811481952667236,0.9597603678703308,1.040328860282898,1.2033462524414062,9.617996215820312,4.762815952301025,9.66461181640625,5.258058547973633,9.349237442016602,11.147846221923828,13.296478271484375,10.16162109375,10.006129264831543,12.915170669555664,,,,,,,,,,,12.015026092529297,7.356313705444336,12.102340698242188,6.443995475769043,11.42097282409668,16.375783920288086,14.46230411529541,11.554206848144531,11.708697319030762,16.71061897277832,,,,,,,,,,,,,,,,,,,,,,,,,,,,,,,,,,,,,,,,
0,44,,,,,,,,,,,,,,,,,,,,,,,,,,,,,,,,,,,,,,,,,0.49084335565567017,0.6404199004173279,0.09706465899944305,0.33304277062416077,0.4479732811450958,0.6592933535575867,0.33196109533309937,0.6503235697746277,0.827978253364563,0.4295333921909332,7.55980920791626,6.355874061584473,3.866034507751465,7.02824592590332,8.295226097106934,9.796428680419922,7.334234237670898,7.385041236877441,9.634659767150879,8.342538833618164,,,,,,,,,,,9.27493667602539,8.859203338623047,4.4889235496521,8.022411346435547,9.576915740966797,13.158766746520996,9.427887916564941,9.510939598083496,10.445585250854492,9.983796119689941,,,,,,,,,,,,,,,,,,,,,,,,,,,,,,,,,,,,,,,,
0,49,,,,,,,,,,,,,,,,,,,,,,,,,,,,,,,,,,,,,,,,,0.5317854881286621,0.32794076204299927,0.5776060819625854,0.6334474682807922,0.8644124865531921,0.5087383985519409,0.5987076759338379,0.3306598663330078,0.7632197737693787,0.18133671581745148,8.082362174987793,5.0230536460876465,9.355939865112305,9.260733604431152,10.996942520141602,9.100298881530762,9.465719223022461,6.209456443786621,7.57064962387085,5.758466720581055,,,,,,,,,,,9.908350944519043,6.339572906494141,10.950338363647461,11.063949584960938,13.303324699401855,11.559077262878418,12.661297798156738,6.781870365142822,10.028779029846191,6.486942768096924,,,,,,,,,,,,,,,,,,,,,,,,,,,,,,,,,,,,,,,,
0,54,,,,,,,,,,,,,,,,,,,,,,,,,,,,,,,,,,,,,,,,,0.5512562990188599,0.7568631768226624,0.6820335388183594,0.7352660298347473,0.6403269171714783,0.8606412410736084,0.3489462733268738,0.5223563313484192,0.07256889343261719,0.34230393171310425,7.979945659637451,7.491732120513916,9.262417793273926,9.255106925964355,10.019643783569336,12.315567970275879,7.7570576667785645,5.777595520019531,2.415968894958496,7.524420261383057,,,,,,,,,,,10.014386177062988,9.630990028381348,11.8991117477417,11.920025825500488,11.449869155883789,15.034428596496582,9.6660737991333,8.523974418640137,3.0924205780029297,8.91257381439209,,,,,,,,,,,,,,,,,,,,,,,,,,,,,,,,,,,,,,,,
0,59,,,,,,,,,,,,,,,,,,,,,,,,,,,,,,,,,,,,,,,,,0.7827367782592773,0.39313849806785583,0.5467536449432373,0.9314543604850769,0.7269431948661804,0.9578658938407898,1.5813032388687134,0.7230222821235657,0.4573068618774414,0.726842999458313,9.678702354431152,5.193140506744385,8.363102912902832,10.025222778320312,10.538057327270508,12.500754356384277,15.918155670166016,8.279975891113281,5.627479553222656,10.662429809570312,,,,,,,,,,,12.269735336303711,6.941208362579346,10.6538724899292,13.416390419006348,12.199721336364746,15.86091423034668,20.576826095581055,10.028468132019043,7.762956619262695,12.987258911132812,,,,,,,,,,,,,,,,,,,,,,,,,,,,,,,,,,,,,,,,
0,64,,,,,,,,,,,,,,,,,,,,,,,,,,,,,,,,,,,,,,,,,0.6097142100334167,0.6729552149772644,0.5257675647735596,0.5794379115104675,0.5603588223457336,0.6497783064842224,0.766136646270752,0.42613333463668823,0.49407851696014404,0.8127810955047607,8.656726837158203,7.297431468963623,7.1859588623046875,8.951533317565918,9.266380310058594,11.340411186218262,10.99683952331543,6.903284549713135,6.6212897300720215,9.347413063049316,,,,,,,,,,,10.856599807739258,9.081453323364258,10.447406768798828,10.581770896911621,10.711068153381348,13.063467025756836,14.322668075561523,7.698949337005615,8.069028854370117,13.733586311340332,,,,,,,,,,,,,,,,,,,,,,,,,,,,,,,,,,,,,,,,
0,69,,,,,,,,,,,,,,,,,,,,,,,,,,,,,,,,,,,,,,,,,0.30242735147476196,0.6165152788162231,0.4378492832183838,0.103862464427948,0.2668074071407318,0.20108793675899506,0.2652890384197235,0.35668134689331055,0.022919541224837303,0.45083382725715637,5.938426494598389,6.8985371589660645,8.4562349319458,3.2477035522460938,5.5904154777526855,5.893505573272705,7.421694278717041,6.1518378257751465,1.305341124534607,8.48056697845459,,,,,,,,,,,7.200279235839844,8.692290306091309,9.533973693847656,4.4800639152526855,7.390920639038086,7.2672295570373535,8.428114891052246,7.043668746948242,1.7379059791564941,10.228346824645996,,,,,,,,,,,,,,,,,,,,,,,,,,,,,,,,,,,,,,,,
0,74,,,,,,,,,,,,,,,,,,,,,,,,,,,,,,,,,,,,,,,,,0.588675320148468,0.5494015216827393,0.2323082834482193,0.6466296315193176,0.8480545282363892,0.675715982913971,0.3458935618400574,0.2415778636932373,1.0385711193084717,0.7199257016181946,8.783238410949707,6.627460479736328,6.288730621337891,10.787813186645508,10.790299415588379,10.19723129272461,8.452657699584961,5.3893890380859375,10.269577980041504,10.245991706848145,,,,,,,,,,,10.319073677062988,8.205540657043457,6.944548606872559,11.178478240966797,13.176847457885742,13.321649551391602,9.623699188232422,5.796786785125732,11.69880199432373,12.925312995910645,,,,,,,,,,,,,,,,,,,,,,,,,,,,,,,,,,,,,,,,
0,79,,,,,,,,,,,,,,,,,,,,,,,,,,,,,,,,,,,,,,,,,0.5079556703567505,0.4299004077911377,0.48076120018959045,0.2727415859699249,0.4024111032485962,0.7601406574249268,0.5539416074752808,0.6528962254524231,0.7527117133140564,0.26609644293785095,7.800464153289795,6.030658721923828,8.78566837310791,5.481626510620117,7.451385021209717,10.385690689086914,10.321202278137207,7.5478081703186035,6.890271186828613,7.309863567352295,,,,,,,,,,,9.693435668945312,7.258488178253174,9.990249633789062,7.259899139404297,9.076839447021484,14.129371643066406,12.178752899169922,9.52973461151123,9.959501266479492,7.8580851554870605,,,,,,,,,,,,,,,,,,,,,,,,,,,,,,,,,,,,,,,,
0,84,,,,,,,,,,,,,,,,,,,,,,,,,,,,,,,,,,,,,,,,,0.27367863059043884,0.18897390365600586,0.3990839719772339,0.08209843933582306,0.40036240220069885,0.27478867769241333,0.5097898840904236,0.14491122961044312,0.2905932068824768,0.1725059300661087,5.581549644470215,4.211555480957031,6.775484561920166,3.5278632640838623,7.354214668273926,7.042793273925781,7.657746315002441,3.679672956466675,5.061112880706787,4.923501491546631,,,,,,,,,,,7.126088619232178,4.8124165534973145,9.102145195007324,3.983109951019287,9.053704261779785,8.495232582092285,11.683323860168457,4.489621162414551,6.188223361968994,6.327020168304443,,,,,,,,,,,,,,,,,,,,,,,,,,,,,,,,,,,,,,,,
0,89,,,,,,,,,,,,,,,,,,,,,,,,,,,,,,,,,,,,,,,,,0.5335137248039246,0.8903374671936035,0.32779327034950256,0.29540032148361206,0.5210266709327698,0.6136735677719116,0.5403541922569275,0.2927784025669098,0.36373400688171387,0.9565253257751465,7.945670127868652,8.08204460144043,6.5135498046875,6.076528072357178,8.98558521270752,10.8524751663208,9.396467208862305,5.751286506652832,5.348222732543945,10.50487232208252,,,,,,,,,,,9.945115089416504,10.445749282836914,8.249197006225586,7.555449962615967,10.32831859588623,12.695345878601074,12.028460502624512,6.381580829620361,6.923333168029785,14.898599624633789,,,,,,,,,,,,,,,,,,,,,,,,,,,,,,,,,,,,,,,,
0,94,,,,,,,,,,,,,,,,,,,,,,,,,,,,,,,,,,,,,,,,,0.3786396384239197,0.556900143623352,0.3024292588233948,0.30565643310546875,0.3671906888484955,0.3956594467163086,0.47673624753952026,0.37643033266067505,0.4061383903026581,0.22061601281166077,6.73510217666626,5.897305011749268,6.497231960296631,5.5217814445495605,6.568899631500244,8.795821189880371,9.841829299926758,6.219732761383057,6.240408420562744,5.032912254333496,,,,,,,,,,,8.415547370910645,8.261348724365234,7.923618316650391,7.68549108505249,8.670526504516602,10.193811416625977,11.298215866088867,7.236041069030762,7.315773963928223,7.155099868774414,,,,,,,,,,,,,,,,,,,,,,,,,,,,,,,,,,,,,,,,
0,99,,,,,,,,,,,,,,,,,,,,,,,,,,,,,,,,,,,,,,,,,0.551054060459137,0.26921120285987854,0.4404202997684479,0.8449596166610718,0.5813207030296326,0.5392580032348633,0.2596084177494049,0.677273690700531,0.7594924569129944,0.5879421234130859,8.358038902282715,4.915524005889893,8.074251174926758,11.088062286376953,8.338537216186523,10.084941864013672,6.9800214767456055,7.3200297355651855,9.293513298034668,9.127471923828125,,,,,,,,,,,10.069188117980957,5.74392557144165,9.561924934387207,12.778292655944824,10.909567832946777,11.900745391845703,8.337390899658203,9.706011772155762,10.004261016845703,11.680582046508789,,,,,,,,,,,,,,,,,,,,,,,,,,,,,,,,,,,,,,,,
0,104,,,,,,,,,,,,,,,,,,,,,,,,,,,,,,,,,,,,,,,,,0.6674660444259644,0.5303531289100647,0.5985120534896851,0.6345537304878235,0.7633294463157654,0.7170178890228271,0.7322215437889099,1.3549115657806396,0.26532071828842163,0.41097456216812134,8.754117012023926,6.4760589599609375,8.88269329071045,6.752583980560303,10.3969144821167,11.881327629089355,10.467209815979004,11.94379711151123,5.018941879272461,6.967522621154785,,,,,,,,,,,11.101719856262207,8.06203842163086,11.146745681762695,11.073606491088867,12.501313209533691,13.72274112701416,14.002062797546387,13.728219032287598,5.913013458251953,9.765728950500488,,,,,,,,,,,,,,,,,,,,,,,,,,,,,,,,,,,,,,,,
0,109,,,,,,,,,,,,,,,,,,,,,,,,,,,,,,,,,,,,,,,,,0.6567692160606384,0.6274083256721497,1.4373424053192139,0.9668774604797363,0.375299870967865,0.3146594166755676,0.4193025827407837,0.11068062484264374,1.0287787914276123,0.630573570728302,8.810282707214355,7.053990840911865,14.048726081848145,11.621647834777832,6.977344036102295,8.051301956176758,8.946277618408203,2.9935476779937744,9.976531028747559,9.623175621032715,,,,,,,,,,,10.647546768188477,8.768744468688965,17.273954391479492,13.669121742248535,8.765745162963867,9.090676307678223,10.595820426940918,3.9236886501312256,11.643519401550293,12.096650123596191,,,,,,,,,,,,,,,,,,,,,,,,,,,,,,,,,,,,,,,,
0,114,,,,,,,,,,,,,,,,,,,,,,,,,,,,,,,,,,,,,,,,,1.1661560535430908,0.7284262180328369,1.6095727682113647,1.5199940204620361,0.6365799307823181,0.4462578296661377,0.49227669835090637,2.6504719257354736,1.802065372467041,0.609759509563446,12.150333404541016,8.428940773010254,14.387380599975586,16.28063201904297,9.201780319213867,8.607309341430664,10.166020393371582,16.330835342407227,15.252012252807617,10.698083877563477,,,,,,,,,,,13.899574279785156,9.44832992553711,18.279611587524414,17.13861846923828,11.416319847106934,10.826018333435059,11.480886459350586,19.200843811035156,15.410210609436035,11.895329475402832,,,,,,,,,,,,,,,,,,,,,,,,,,,,,,,,,,,,,,,,
0,119,,,,,,,,,,,,,,,,,,,,,,,,,,,,,,,,,,,,,,,,,0.3353881239891052,0.3129941523075104,0.22567933797836304,0.27808985114097595,0.47060030698776245,0.35380086302757263,0.4041290581226349,0.2860904037952423,0.4863935708999634,0.20071539282798767,6.399407386779785,4.865014553070068,4.932417869567871,6.038242340087891,8.38315486907959,7.11466121673584,8.143562316894531,5.112485885620117,7.219686985015869,5.785439491271973,,,,,,,,,,,7.929512977600098,6.193417549133301,6.844749450683594,7.3307342529296875,9.815800666809082,9.639517784118652,10.402334213256836,6.3082709312438965,8.006030082702637,6.82476282119751,,,,,,,,,,,,,,,,,,,,,,,,,,,,,,,,,,,,,,,,
0,124,,,,,,,,,,,,,,,,,,,,,,,,,,,,,,,,,,,,,,,,,0.887092649936676,0.709499716758728,1.3395274877548218,1.0179579257965088,1.1721038818359375,0.6405186057090759,0.6752952337265015,1.0059736967086792,0.6648139953613281,0.75814288854599,10.191214561462402,7.866507053375244,11.790298461914062,11.016839027404785,11.755313873291016,10.613787651062012,10.100347518920898,10.010525703430176,8.237338066101074,10.329976081848145,,,,,,,,,,,12.93189811706543,9.324775695800781,16.675832748413086,14.02554702758789,15.491114616394043,12.970051765441895,13.446760177612305,11.829109191894531,9.359946250915527,13.263946533203125,,,,,,,,,,,,,,,,,,,,,,,,,,,,,,,,,,,,,,,,
0,129,,,,,,,,,,,,,,,,,,,,,,,,,,,,,,,,,,,,,,,,,0.35696977376937866,0.19534915685653687,0.45891138911247253,0.6317792534828186,0.2930813729763031,0.4058895707130432,0.19027502834796906,0.649823784828186,0.05009544640779495,0.33752307295799255,6.540814399719238,4.067456245422363,7.756114959716797,9.231746673583984,6.767315864562988,8.087254524230957,6.0397186279296875,7.609128475189209,2.0935873985290527,7.215006351470947,,,,,,,,,,,7.982047080993652,4.892919540405273,9.760589599609375,11.049370765686035,7.7462897300720215,10.324756622314453,7.13775634765625,9.507285118103027,2.5693447589874268,8.850115776062012,,,,,,,,,,,,,,,,,,,,,,,,,,,,,,,,,,,,,,,,
0,134,,,,,,,,,,,,,,,,,,,,,,,,,,,,,,,,,,,,,,,,,0.9721605777740479,1.0697699785232544,0.6192383170127869,1.3433027267456055,0.614372968673706,0.44468235969543457,0.7365597486495972,1.0503740310668945,1.8209102153778076,1.050234317779541,9.760971069335938,7.4768877029418945,8.729093551635742,11.955280303955078,9.054535865783691,8.99694538116455,10.33474349975586,9.929741859436035,11.359657287597656,10.011857986450195,,,,,,,,,,,13.128326416015625,11.450052261352539,11.338107109069824,16.111719131469727,11.215423583984375,10.806892395019531,14.043481826782227,12.0873384475708,15.490575790405273,15.611345291137695,,,,,,,,,,,,,,,,,,,,,,,,,,,,,,,,,,,,,,,,
0,139,,,,,,,,,,,,,,,,,,,,,,,,,,,,,,,,,,,,,,,,,0.48188072443008423,0.4374679923057556,0.641067624092102,0.4151915907859802,0.29828447103500366,0.5612083673477173,0.527163028717041,0.39765679836273193,0.8064755201339722,0.25241079926490784,7.550422668457031,5.258116722106934,9.616938591003418,7.832976341247559,6.927711486816406,9.516112327575684,8.710153579711914,6.816343307495117,7.830873489379883,5.444581031799316,,,,,,,,,,,9.45014762878418,7.322096347808838,11.536221504211426,8.957342147827148,7.8147478103637695,12.14053726196289,11.88073444366455,7.437259197235107,10.309056282043457,7.653343200683594,,,,,,,,,,,,,,,,,,,,,,,,,,,,,,,,,,,,,,,,
0,144,,,,,,,,,,,,,,,,,,,,,,,,,,,,,,,,,,,,,,,,,0.5736334919929504,0.5945035815238953,0.8462221026420593,0.517641544342041,0.4799764156341553,0.897747814655304,0.537031888961792,0.5147379636764526,0.3823556900024414,0.3924848437309265,8.197258949279785,7.25333833694458,8.49736499786377,8.049646377563477,7.343225955963135,13.002923011779785,9.489124298095703,6.293544769287109,6.514920711517334,7.33124303817749,,,,,,,,,,,10.461623191833496,8.535706520080566,13.2542085647583,10.001599311828613,9.913104057312012,15.35511302947998,11.991425514221191,8.461586952209473,7.098344326019287,9.543521881103516,,,,,,,,,,,,,,,,,,,,,,,,,,,,,,,,,,,,,,,,
0,149,,,,,,,,,,,,,,,,,,,,,,,,,,,,,,,,,,,,,,,,,0.5867303013801575,0.6088299751281738,0.5569501519203186,0.3151251971721649,0.5136804580688477,0.9047916531562805,0.5418287515640259,0.4537391662597656,0.8263313174247742,0.5592962503433228,8.895991325378418,7.410567283630371,9.973308563232422,6.341416835784912,9.052990913391113,11.185664176940918,10.460390090942383,7.2246904373168945,8.835719108581543,9.579171180725098,,,,,,,,,,,10.520194053649902,8.63794231414795,10.752756118774414,7.80362606048584,10.2552490234375,15.415234565734863,12.044861793518066,7.944414138793945,10.43519115447998,11.392476081848145,,,,,,,,,,,,,,,,,,,,,,,,,,,,,,,,,,,,,,,,
0,154,,,,,,,,,,,,,,,,,,,,,,,,,,,,,,,,,,,,,,,,,0.394705206155777,0.4209986627101898,0.26284775137901306,0.39588725566864014,0.4547903537750244,0.22200244665145874,0.6462252736091614,0.19051943719387054,0.35262331366539,0.606452465057373,7.016024112701416,6.1682281494140625,6.462181091308594,6.339759826660156,8.07836627960205,6.394917964935303,9.939804077148438,4.518074989318848,5.702324867248535,9.54056453704834,,,,,,,,,,,8.620405197143555,7.182947158813477,7.386926174163818,8.746627807617188,9.649510383605957,7.63580322265625,13.154149055480957,5.147879123687744,6.8167724609375,11.863028526306152,,,,,,,,,,,,,,,,,,,,,,,,,,,,,,,,,,,,,,,,
0,159,,,,,,,,,,,,,,,,,,,,,,,,,,,,,,,,,,,,,,,,,0.8072469234466553,0.5954168438911438,0.8026344776153564,0.9116541147232056,1.0682885646820068,0.8864836692810059,0.6561331748962402,0.6485707759857178,1.336036205291748,0.36000436544418335,10.141818046569824,7.165619850158691,10.69386100769043,10.866339683532715,12.806173324584961,12.257695198059082,10.642412185668945,7.722572326660156,11.630147933959961,7.491539001464844,,,,,,,,,,,12.214770317077637,8.542261123657227,12.908345222473145,13.273025512695312,14.789175033569336,15.258478164672852,13.254606246948242,9.498114585876465,13.26882266998291,9.140103340148926,,,,,,,,,,,,,,,,,,,,,,,,,,,,,,,,,,,,,,,,
0,164,,,,,,,,,,,,,,,,,,,,,,,,,,,,,,,,,,,,,,,,,0.5375217795372009,0.4868111312389374,0.4413275718688965,0.6297056078910828,0.29231804609298706,0.9490923881530762,1.0005168914794922,0.3930017948150635,0.31047698855400085,0.3344460725784302,8.247490882873535,5.9233880043029785,8.318038940429688,8.583924293518066,6.225520610809326,11.971888542175293,13.432937622070312,6.370165824890137,5.853531837463379,7.5480241775512695,,,,,,,,,,,10.090949058532715,7.724004745483398,9.571768760681152,11.03122329711914,7.7361955642700195,15.788108825683594,16.367525100708008,7.393600940704346,6.396434783935547,8.809682846069336,,,,,,,,,,,,,,,,,,,,,,,,,,,,,,,,,,,,,,,,
0,169,,,,,,,,,,,,,,,,,,,,,,,,,,,,,,,,,,,,,,,,,0.37544193863868713,0.7170870304107666,0.4490252435207367,0.319536417722702,0.2872154116630554,0.24191507697105408,0.31072112917900085,0.2254360318183899,0.5493072271347046,0.27873384952545166,6.625916481018066,8.037907600402832,8.118047714233398,6.454319953918457,6.197133541107178,5.7257585525512695,6.197153568267822,4.375306606292725,7.807607173919678,6.720015048980713,,,,,,,,,,,8.19981861114502,9.374502182006836,9.65488338470459,7.8580546379089355,7.6683783531188965,7.970900058746338,9.121288299560547,5.599772930145264,8.508068084716797,8.042518615722656,,,,,,,,,,,,,,,,,,,,,,,,,,,,,,,,,,,,,,,,
0,174,,,,,,,,,,,,,,,,,,,,,,,,,,,,,,,,,,,,,,,,,0.40286561846733093,0.5041190385818481,0.4031997621059418,0.7563979625701904,0.4572877287864685,0.2947118878364563,0.6082171201705933,0.37702471017837524,0.06882550567388535,0.1560070514678955,6.904238700866699,6.77088737487793,8.641242980957031,10.46340560913086,8.510708808898926,7.521358013153076,9.51381778717041,4.468310832977295,2.19921875,4.049198150634766,,,,,,,,,,,8.511624336242676,7.860113143920898,9.148961067199707,12.090105056762695,9.675968170166016,8.797812461853027,12.761453628540039,7.241751670837402,3.0116050243377686,6.016851425170898,,,,,,,,,,,,,,,,,,,,,,,,,,,,,,,,,,,,,,,,
0,179,,,,,,,,,,,,,,,,,,,,,,,,,,,,,,,,,,,,,,,,,0.6332069039344788,1.013936996459961,0.36302849650382996,0.12567690014839172,0.7927698493003845,1.1591105461120605,1.080068588256836,0.3720506429672241,0.3917877674102783,0.40043240785598755,8.28654956817627,8.146120071411133,6.9657301902771,4.019025802612305,8.806875228881836,12.47842788696289,13.385160446166992,6.334326267242432,6.889235019683838,7.55404806137085,,,,,,,,,,,10.663229942321777,11.14725112915039,8.681244850158691,4.928135395050049,12.740110397338867,17.447704315185547,17.00577735900879,7.193822860717773,7.185362815856934,9.63966178894043,,,,,,,,,,,,,,,,,,,,,,,,,,,,,,,,,,,,,,,,
0,184,,,,,,,,,,,,,,,,,,,,,,,,,,,,,,,,,,,,,,,,,0.45468753576278687,0.430755615234375,0.3033266067504883,0.2490423023700714,0.4743167757987976,0.292510062456131,0.5380725860595703,0.46827664971351624,0.7933772802352905,0.5425098538398743,7.176045894622803,5.719267845153809,7.263575553894043,5.699955940246582,7.318127155303955,7.6509175300598145,7.436948776245117,7.263133525848389,7.848122596740723,8.384363174438477,,,,,,,,,,,9.141854286193848,7.265704154968262,7.935365200042725,6.937315464019775,9.854483604431152,8.764885902404785,12.003040313720703,8.070677757263184,10.224997520446777,11.220211029052734,,,,,,,,,,,,,,,,,,,,,,,,,,,,,,,,,,,,,,,,
0,189,,,,,,,,,,,,,,,,,,,,,,,,,,,,,,,,,,,,,,,,,0.37268224358558655,0.42577940225601196,0.29590046405792236,0.37173211574554443,0.6059970855712891,0.5984440445899963,0.47336429357528687,0.24046698212623596,0.12094317376613617,0.22151263058185577,6.7298760414123535,6.0217132568359375,7.367262840270996,7.121189594268799,7.8856282234191895,9.310452461242676,8.55776596069336,4.732944488525391,3.5552244186401367,6.016701698303223,,,,,,,,,,,8.379537582397461,7.223614692687988,7.837625026702881,8.475589752197266,11.138710975646973,12.536827087402344,11.25818920135498,5.783442497253418,3.992215633392334,7.1696248054504395,,,,,,,,,,,,,,,,,,,,,,,,,,,,,,,,,,,,,,,,
0,194,,,,,,,,,,,,,,,,,,,,,,,,,,,,,,,,,,,,,,,,,0.6196411848068237,0.4955987334251404,0.22737421095371246,0.5841174721717834,0.6209514141082764,0.5681681036949158,0.3338307738304138,1.6984435319900513,0.5114783644676208,0.53680819272995,8.286397933959961,6.023952960968018,4.034402847290039,8.268723487854004,9.90164566040039,10.830394744873047,7.159976482391357,11.787940979003906,6.956781387329102,9.613763809204102,,,,,,,,,,,10.330540657043457,7.793406963348389,6.87040376663208,10.624415397644043,11.275308609008789,12.215585708618164,9.454400062561035,15.370368003845215,8.209881782531738,11.161092758178711,,,,,,,,,,,,,,,,,,,,,,,,,,,,,,,,,,,,,,,,
0,199,,,,,,,,,,,,,,,,,,,,,,,,,,,,,,,,,,,,,,,,,0.5907250642776489,0.5315481424331665,0.5348524451255798,0.11913307756185532,0.42410674691200256,0.505555272102356,0.7866271138191223,0.8174136877059937,1.2997424602508545,0.29754653573036194,7.870664119720459,7.2697601318359375,7.458524227142334,4.533699989318848,7.775278091430664,9.12351131439209,11.628911972045898,8.196892738342285,7.5273871421813965,7.322011947631836,,,,,,,,,,,10.091164588928223,8.07111644744873,10.537282943725586,4.798119068145752,9.31831169128418,11.522857666015625,14.512935638427734,10.663005828857422,13.087357521057129,8.309494972229004,,,,,,,,,,,,,,,,,,,,,,,,,,,,,,,,,,,,,,,,
0,204,,,,,,,,,,,,,,,,,,,,,,,,,,,,,,,,,,,,,,,,,0.453607976436615,0.2865137457847595,0.43954944610595703,0.2582879662513733,0.8189917802810669,0.34747588634490967,0.4047800302505493,0.4257914423942566,0.1193196102976799,0.9817621111869812,7.953437805175781,4.989638805389404,9.221632957458496,6.98557186126709,10.788596153259277,8.92766284942627,9.109877586364746,5.65707540512085,3.6749486923217773,12.225940704345703,,,,,,,,,,,9.134538650512695,5.925636291503906,9.552467346191406,7.064915657043457,12.949094772338867,9.55296516418457,10.410709381103516,7.695860385894775,3.9653289318084717,15.09386157989502,,,,,,,,,,,,,,,,,,,,,,,,,,,,,,,,,,,,,,,,
0,204,,,,,,,,,,,,,,,,,,,,,,,,,,,,,,,,,,,,,,,,,,,,,,,,,,,8.48918628692627,7.084674835205078,8.380363464355469,8.052379608154297,9.164249420166016,10.25727653503418,9.760546684265137,7.586134910583496,7.63999605178833,8.477058410644531,0.3572966754436493,0.3252725601196289,0.399478554725647,0.41770023107528687,0.4015803337097168,0.34582555294036865,0.3696451187133789,0.30308735370635986,0.2514367699623108,0.4016435742378235,10.927437782287598,9.233744621276855,10.822681427001953,10.500323295593262,11.663311958312988,13.137825965881348,12.398406982421875,9.6580171585083,9.9344482421875,10.99817943572998,0.5603302717208862,0.715472936630249,0.4622727930545807,0.4251239597797394,0.5207221508026123,0.5667933225631714,0.5528595447540283,0.570711612701416,0.6354237794876099,0.5875177383422852,8.14420223236084,7.180885314941406,7.743662357330322,7.657020092010498,7.581965446472168,9.971546173095703,9.108963966369629,7.688425540924072,6.830877304077148,9.534476280212402,0.21160393953323364,0.3735958933830261,0.056057751178741455,0.19582420587539673,0.32555723190307617,0.14734673500061035,-0.038640499114990234,0.2932981252670288,0.2239304780960083,0.3274655342102051,10.396275520324707,9.316539764404297,10.27868366241455,9.97394847869873,10.106267929077148,12.168120384216309,12.06075668334961,9.191497802734375,8.594971656799316,11.875692367553711
1,209,,,,,,,,,,,,,,,,,,,,,,,,,,,,,,,,,,,,,,,,,0.3794281482696533,0.5904642939567566,0.27581915259361267,0.18380872905254364,0.11936843395233154,0.29563677310943604,0.1355411559343338,0.8642541170120239,0.38531196117401123,0.5646485686302185,6.961518287658691,7.4669928550720215,6.424391269683838,5.21625280380249,4.219895362854004,7.2576584815979,5.151003360748291,10.717141151428223,6.465167999267578,9.735161781311035,,,,,,,,,,,7.927769184112549,8.506660461425781,7.567002773284912,5.959886074066162,4.943612098693848,8.811606407165527,6.024296760559082,10.964262962341309,7.125733375549316,11.446858406066895,,,,,,,,,,,,,,,,,,,,,,,,,,,,,,,,,,,,,,,,
1,214,,,,,,,,,,,,,,,,,,,,,,,,,,,,,,,,,,,,,,,,,0.5892373323440552,0.33919858932495117,0.6909970045089722,0.3873642683029175,0.32586604356765747,0.5259963274002075,0.46945175528526306,1.0050759315490723,0.9688422679901123,0.5903433561325073,8.692041397094727,5.565424919128418,10.75644588470459,7.24514102935791,6.613991737365723,10.17224407196045,9.254988670349121,8.544175148010254,9.49698543548584,10.578973770141602,,,,,,,,,,,10.337456703186035,6.447469234466553,11.977046966552734,8.651963233947754,8.168065071105957,11.753500938415527,11.211565971374512,11.823829650878906,11.299256324768066,11.704410552978516,,,,,,,,,,,,,,,,,,,,,,,,,,,,,,,,,,,,,,,,
1,219,,,,,,,,,,,,,,,,,,,,,,,,,,,,,,,,,,,,,,,,,0.5417674779891968,0.45687222480773926,0.12000688910484314,0.8056005835533142,0.3962115943431854,0.278621643781662,0.44608747959136963,1.211728572845459,0.9353601336479187,0.22541794180870056,8.020563125610352,6.448356628417969,4.363051891326904,11.517274856567383,7.639483451843262,7.1606245040893555,9.134471893310547,10.553253173828125,9.332209587097168,6.036342620849609,,,,,,,,,,,9.41761589050293,7.482722759246826,4.991312026977539,12.477131843566895,9.006649017333984,8.554277420043945,10.929009437561035,12.982592582702637,11.102293968200684,7.232550144195557,,,,,,,,,,,,,,,,,,,,,,,,,,,,,,,,,,,,,,,,
1,224,,,,,,,,,,,,,,,,,,,,,,,,,,,,,,,,,,,,,,,,,0.8364963531494141,1.4432201385498047,0.8709390163421631,0.469703733921051,0.7115213871002197,1.0846061706542969,0.8749158978462219,0.87877357006073,0.6661776304244995,0.5286098718643188,9.366734504699707,9.757489204406738,10.74220085144043,8.084816932678223,8.501784324645996,11.562172889709473,11.856229782104492,8.204241752624512,6.077920436859131,9.513750076293945,,,,,,,,,,,12.447440147399902,13.29929256439209,13.446386337280273,9.527235984802246,12.069621086120605,16.877647399902344,15.3057279586792,11.055978775024414,9.369540214538574,11.07553768157959,,,,,,,,,,,,,,,,,,,,,,,,,,,,,,,,,,,,,,,,
1,229,,,,,,,,,,,,,,,,,,,,,,,,,,,,,,,,,,,,,,,,,0.5147951245307922,0.35902684926986694,0.6106539964675903,0.31276771426200867,0.5666195750236511,0.46242743730545044,0.596942126750946,0.5136186480522156,0.8260812759399414,0.3850184381008148,7.829251766204834,5.551029205322266,8.01379680633545,7.179267883300781,9.374889373779297,8.783061981201172,10.2969970703125,5.648359298706055,7.891864776611328,7.723996639251709,,,,,,,,,,,9.826547622680664,6.633240222930908,11.259244918823242,7.774381160736084,10.770737648010254,11.020407676696777,12.642614364624023,8.45238208770752,10.433611869812012,9.452310562133789,,,,,,,,,,,,,,,,,,,,,,,,,,,,,,,,,,,,,,,,
1,234,,,,,,,,,,,,,,,,,,,,,,,,,,,,,,,,,,,,,,,,,0.2425394356250763,0.5342586040496826,0.17496143281459808,0.24746458232402802,0.22469569742679596,0.0926985964179039,0.3145715892314911,0.2800627648830414,0.08688561618328094,0.2272559553384781,5.0197906494140625,5.81940221786499,4.638509273529053,5.429492950439453,5.044219017028809,4.037963390350342,7.31585693359375,5.2174224853515625,2.480015993118286,5.195229530334473,,,,,,,,,,,6.535032749176025,8.091668128967285,6.026744842529297,6.915306091308594,6.782613277435303,4.9341511726379395,9.177629470825195,6.241462707519531,3.383741855621338,7.261976718902588,,,,,,,,,,,,,,,,,,,,,,,,,,,,,,,,,,,,,,,,
1,239,,,,,,,,,,,,,,,,,,,,,,,,,,,,,,,,,,,,,,,,,0.43531957268714905,0.8821937441825867,0.06603764742612839,0.3661706745624542,0.49892956018447876,0.7146254777908325,0.4810832142829895,0.1413186490535736,0.12614093720912933,0.6413760781288147,7.049176216125488,8.177734375,2.8477275371551514,7.100178241729736,8.250906944274902,11.305438995361328,8.496856689453125,3.565842628479004,3.542363166809082,10.155536651611328,,,,,,,,,,,8.70881462097168,10.397868156433105,3.702605724334717,8.411949157714844,10.10693073272705,13.699827194213867,11.349609375,4.433619976043701,4.077099323272705,12.199824333190918,,,,,,,,,,,,,,,,,,,,,,,,,,,,,,,,,,,,,,,,
1,244,,,,,,,,,,,,,,,,,,,,,,,,,,,,,,,,,,,,,,,,,0.46929189562797546,0.6321401596069336,0.5198758840560913,0.33867496252059937,0.3862477242946625,0.5604119300842285,0.4510083496570587,0.37768885493278503,0.4603728950023651,0.49720609188079834,7.73867654800415,6.714781761169434,9.7163724899292,7.133333206176758,6.646418571472168,9.131160736083984,7.85662317276001,6.659822940826416,6.968047618865967,8.821524620056152,,,,,,,,,,,9.452523231506348,8.801748275756836,10.38870620727539,8.089961051940918,8.892679214477539,12.13192081451416,10.989124298095703,7.248127460479736,7.788936614990234,10.741512298583984,,,,,,,,,,,,,,,,,,,,,,,,,,,,,,,,,,,,,,,,
1,249,,,,,,,,,,,,,,,,,,,,,,,,,,,,,,,,,,,,,,,,,0.4266408681869507,0.7052509784698486,0.13493037223815918,0.29153627157211304,0.3598688840866089,0.28945276141166687,0.8290078639984131,0.5912587642669678,0.08445494621992111,0.5540067553520203,6.721102714538574,7.405732154846191,4.192920684814453,6.000619888305664,6.187629222869873,6.945731163024902,9.8640718460083,7.80899715423584,3.020193099975586,9.064027786254883,,,,,,,,,,,8.671102523803711,9.29681396484375,5.292568206787109,7.505873203277588,8.58364486694336,8.718960762023926,14.898759841918945,9.068751335144043,3.3360748291015625,11.338476181030273,,,,,,,,,,,,,,,,,,,,,,,,,,,,,,,,,,,,,,,,
1,254,,,,,,,,,,,,,,,,,,,,,,,,,,,,,,,,,,,,,,,,,0.5503566861152649,0.5358777642250061,0.7883304357528687,0.3305509686470032,0.3168080151081085,0.37206706404685974,0.45332878828048706,0.5607336759567261,0.7355127930641174,0.8600003123283386,8.13506031036377,6.234475612640381,9.851998329162598,6.803090572357178,7.304849624633789,7.79909610748291,9.009865760803223,6.899996280670166,9.073984146118164,10.238190650939941,,,,,,,,,,,10.072099685668945,8.103919982910156,12.792805671691895,7.992343425750732,8.053742408752441,9.885222434997559,11.01735782623291,8.831551551818848,9.845061302185059,14.126887321472168,,,,,,,,,,,,,,,,,,,,,,,,,,,,,,,,,,,,,,,,
1,259,,,,,,,,,,,,,,,,,,,,,,,,,,,,,,,,,,,,,,,,,0.5141544342041016,0.8596248626708984,0.5197731852531433,0.6191784739494324,0.4670203626155853,0.6297113299369812,0.23727580904960632,0.33243611454963684,0.44009366631507874,0.5222761631011963,7.439428806304932,7.599433422088623,7.23806095123291,7.874594688415527,8.073270797729492,10.282551765441895,6.501012802124023,4.907822132110596,5.459146976470947,9.018965721130371,,,,,,,,,,,9.736010551452637,10.264002799987793,10.38768196105957,10.938626289367676,9.77839469909668,12.860166549682617,7.970719814300537,6.8000617027282715,7.61545467376709,11.00898551940918,,,,,,,,,,,,,,,,,,,,,,,,,,,,,,,,,,,,,,,,
1,264,,,,,,,,,,,,,,,,,,,,,,,,,,,,,,,,,,,,,,,,,0.4988827109336853,0.3747509717941284,0.7437957525253296,0.46573275327682495,1.17983078956604,0.6539251208305359,0.6235954761505127,0.09523801505565643,0.1865602433681488,0.1665152907371521,7.081445693969727,4.723727703094482,8.602163314819336,6.605316638946533,11.664531707763672,9.586936950683594,10.022442817687988,2.8550033569335938,4.748235702514648,4.924652099609375,,,,,,,,,,,9.4525728225708,6.776939868927002,12.426203727722168,9.486876487731934,15.542092323303223,13.105087280273438,12.921777725219727,3.63968563079834,4.9583001136779785,6.216189861297607,,,,,,,,,,,,,,,,,,,,,,,,,,,,,,,,,,,,,,,,
1,269,,,,,,,,,,,,,,,,,,,,,,,,,,,,,,,,,,,,,,,,,0.30973801016807556,0.5660290122032166,0.20735178887844086,0.11595334857702255,0.2338860034942627,0.565321683883667,0.6108105182647705,0.057717934250831604,0.18284109234809875,0.24773070216178894,6.111282825469971,7.542472839355469,5.655893802642822,4.322922706604004,5.427196025848389,9.01484203338623,9.928464889526367,1.9506254196166992,4.847651481628418,6.3114776611328125,,,,,,,,,,,7.426778316497803,8.328783988952637,6.560932159423828,4.733654022216797,6.919930934906006,12.184947967529297,12.788629531860352,2.8334407806396484,4.908628940582275,7.582057952880859,,,,,,,,,,,,,,,,,,,,,,,,,,,,,,,,,,,,,,,,
1,274,,,,,,,,,,,,,,,,,,,,,,,,,,,,,,,,,,,,,,,,,0.49204131960868835,0.4783686399459839,0.17683060467243195,0.23584213852882385,0.6867262721061707,0.5322232842445374,0.5272730588912964,0.8622783422470093,0.5331531763076782,0.39567628502845764,7.718194007873535,6.1348490715026855,4.9092936515808105,5.735352993011475,9.42805290222168,10.039519309997559,10.042847633361816,7.126134872436523,8.019232749938965,8.028463363647461,,,,,,,,,,,9.438315391540527,7.656735420227051,6.058852672576904,6.750960826873779,11.857454299926758,11.822866439819336,11.881974220275879,10.9517240524292,8.38203239440918,9.582243919372559,,,,,,,,,,,,,,,,,,,,,,,,,,,,,,,,,,,,,,,,
1,279,,,,,,,,,,,,,,,,,,,,,,,,,,,,,,,,,,,,,,,,,0.4355756938457489,0.1545034795999527,0.8987895846366882,0.7214252948760986,0.38937315344810486,0.197114497423172,0.4151397943496704,0.26273924112319946,0.47917288541793823,0.401923269033432,7.134596347808838,3.5257315635681152,10.57356071472168,9.683099746704102,7.403753280639648,5.88493013381958,8.595792770385742,4.516944885253906,6.302789211273193,7.724761962890625,,,,,,,,,,,8.903830528259277,4.351424217224121,13.659685134887695,11.80729866027832,8.928585052490234,7.195071697235107,10.5430908203125,6.045346260070801,7.946381568908691,9.65758991241455,,,,,,,,,,,,,,,,,,,,,,,,,,,,,,,,,,,,,,,,
1,284,,,,,,,,,,,,,,,,,,,,,,,,,,,,,,,,,,,,,,,,,0.5466511845588684,0.5008620023727417,0.288291335105896,0.33634647727012634,0.5451491475105286,1.1065614223480225,0.37348249554634094,0.9915599226951599,0.5046238899230957,0.2729841470718384,8.067813873291016,6.613166809082031,6.331684589385986,6.569543838500977,9.385056495666504,11.73346996307373,7.700029373168945,11.396977424621582,6.21336030960083,6.667027950286865,,,,,,,,,,,9.900367736816406,7.834681510925293,7.736196041107178,8.062102317810059,10.564703941345215,17.04761505126953,10.000136375427246,11.744057655334473,8.154684066772461,7.95913553237915,,,,,,,,,,,,,,,,,,,,,,,,,,,,,,,,,,,,,,,,
1,289,,,,,,,,,,,,,,,,,,,,,,,,,,,,,,,,,,,,,,,,,0.6124307513237,0.7111570835113525,0.8720918893814087,0.5946575999259949,0.38251349329948425,0.7969434857368469,0.5813968181610107,0.6900655031204224,0.5905025005340576,0.2925480604171753,7.885275363922119,6.303574562072754,10.185795783996582,8.335772514343262,6.536678791046143,10.818727493286133,9.167689323425293,7.358633041381836,6.21884822845459,6.041758060455322,,,,,,,,,,,10.684737205505371,9.335660934448242,13.455281257629395,10.719841003417969,8.849586486816406,14.467370986938477,12.476912498474121,9.79724407196045,8.821332931518555,8.23940372467041,,,,,,,,,,,,,,,,,,,,,,,,,,,,,,,,,,,,,,,,
1,294,,,,,,,,,,,,,,,,,,,,,,,,,,,,,,,,,,,,,,,,,0.4743642807006836,0.3476513624191284,0.5722754001617432,0.5213645696640015,0.25673457980155945,0.627109706401825,0.39303746819496155,0.26524949073791504,0.9137168526649475,0.3721392750740051,7.4488205909729,4.678133010864258,8.22827434539795,8.488445281982422,5.905424118041992,9.807860374450684,7.554688453674316,4.663990020751953,9.662708282470703,8.049857139587402,,,,,,,,,,,9.349650382995605,6.527310371398926,10.899691581726074,10.03750228881836,7.250063419342041,12.833572387695312,10.25859260559082,6.074156761169434,10.97309398651123,9.292872428894043,,,,,,,,,,,,,,,,,,,,,,,,,,,,,,,,,,,,,,,,
1,299,,,,,,,,,,,,,,,,,,,,,,,,,,,,,,,,,,,,,,,,,0.4971870481967926,0.9968738555908203,0.8419930338859558,0.16583168506622314,0.6150079369544983,0.6092578172683716,0.27990788221359253,0.11638416349887848,0.4402000904083252,0.4092269241809845,7.235514163970947,8.29979419708252,9.786529541015625,4.036306381225586,9.11189079284668,9.602044105529785,6.563574314117432,3.4117116928100586,6.547571182250977,7.7602033615112305,,,,,,,,,,,9.316433906555176,11.053056716918945,13.221048355102539,5.660941123962402,11.22121810913086,12.649588584899902,8.657218933105469,4.023515224456787,7.616375923156738,9.744942665100098,,,,,,,,,,,,,,,,,,,,,,,,,,,,,,,,,,,,,,,,
1,304,,,,,,,,,,,,,,,,,,,,,,,,,,,,,,,,,,,,,,,,,0.6617810130119324,0.44163358211517334,2.157836437225342,0.3876368999481201,0.3323555886745453,0.3763039708137512,0.40077337622642517,0.570065438747406,0.6681727766990662,0.621251106262207,8.456259727478027,5.915714740753174,13.293801307678223,7.5391106605529785,7.047048568725586,8.30458927154541,8.926383018493652,7.747659206390381,7.620733737945557,9.711301803588867,,,,,,,,,,,10.6690673828125,7.356873989105225,21.165128707885742,8.655007362365723,8.24899673461914,9.941347122192383,10.359057426452637,8.904736518859863,9.383560180664062,12.006897926330566,,,,,,,,,,,,,,,,,,,,,,,,,,,,,,,,,,,,,,,,
1,309,,,,,,,,,,,,,,,,,,,,,,,,,,,,,,,,,,,,,,,,,0.5193594098091125,0.6327369809150696,0.509022057056427,0.35076847672462463,0.3396070897579193,0.5480367541313171,0.6727503538131714,0.5970168113708496,0.7468430995941162,0.2774529755115509,7.395745277404785,6.274448394775391,7.767052173614502,6.733170509338379,6.444715976715088,8.525354385375977,9.492305755615234,7.716526985168457,7.600883960723877,6.0072455406188965,,,,,,,,,,,9.792585372924805,8.805902481079102,10.279688835144043,8.233134269714355,8.338501930236816,11.997222900390625,13.421399116516113,9.11280345916748,9.920600891113281,8.024018287658691,,,,,,,,,,,,,,,,,,,,,,,,,,,,,,,,,,,,,,,,
1,314,,,,,,,,,,,,,,,,,,,,,,,,,,,,,,,,,,,,,,,,,0.7332943081855774,0.6333798766136169,0.3434308171272278,0.3309614360332489,1.1244419813156128,1.0880017280578613,0.9748573303222656,0.5629928708076477,1.0618823766708374,0.4797007441520691,9.48656177520752,7.1685566902160645,7.279065132141113,6.624112606048584,12.776966094970703,14.17447566986084,13.338287353515625,6.846419334411621,8.869824409484863,8.301351547241211,,,,,,,,,,,11.634885787963867,8.810375213623047,8.443671226501465,7.997303485870361,15.172884941101074,16.90404510498047,16.156278610229492,8.849325180053711,11.829366683959961,10.550726890563965,,,,,,,,,,,,,,,,,,,,,,,,,,,,,,,,,,,,,,,,
1,319,,,,,,,,,,,,,,,,,,,,,,,,,,,,,,,,,,,,,,,,,0.6096992492675781,0.3543001115322113,0.5165122151374817,0.42075711488723755,1.1454130411148071,0.6750644445419312,0.7547874450683594,0.8253252506256104,0.4366110861301422,0.3585225045681,8.8402099609375,5.673206329345703,8.415916442871094,7.925046443939209,11.502057075500488,8.94792652130127,12.017544746398926,10.118284225463867,7.054359436035156,7.907544136047363,,,,,,,,,,,10.69197940826416,6.589431285858154,10.3550443649292,9.01717758178711,15.313720703125,13.315224647521973,14.216187477111816,10.714485168457031,7.585263729095459,9.121272087097168,,,,,,,,,,,,,,,,,,,,,,,,,,,,,,,,,,,,,,,,
1,324,,,,,,,,,,,,,,,,,,,,,,,,,,,,,,,,,,,,,,,,,0.856059193611145,0.8398199081420898,0.3412058651447296,1.165163516998291,0.42873692512512207,0.7451217770576477,0.7045354843139648,1.4649819135665894,0.862042248249054,1.1529251337051392,10.323742866516113,8.428581237792969,7.489215850830078,14.617985725402832,7.589349746704102,11.666641235351562,11.153250694274902,11.723422050476074,8.78580379486084,11.459424018859863,,,,,,,,,,,12.438859939575195,10.1450777053833,8.416275024414062,15.005427360534668,9.369039535522461,13.989090919494629,13.734796524047852,14.274957656860352,10.65829086303711,16.35677719116211,,,,,,,,,,,,,,,,,,,,,,,,,,,,,,,,,,,,,,,,
1,329,,,,,,,,,,,,,,,,,,,,,,,,,,,,,,,,,,,,,,,,,0.46555227041244507,0.5864261984825134,0.535423755645752,0.15790267288684845,0.28185445070266724,0.5972512364387512,0.5805746912956238,0.3285745084285736,0.5419186353683472,0.5800440907478333,7.398475646972656,6.738988399505615,8.461467742919922,4.517876625061035,6.202210903167725,7.964541435241699,10.345907211303711,6.246837139129639,7.65491247177124,8.453536033630371,,,,,,,,,,,9.327360153198242,8.477522850036621,10.542909622192383,5.5239481925964355,7.596475124359131,12.52432632446289,12.468088150024414,6.760450839996338,8.450654029846191,11.601861953735352,,,,,,,,,,,,,,,,,,,,,,,,,,,,,,,,,,,,,,,,
1,334,,,,,,,,,,,,,,,,,,,,,,,,,,,,,,,,,,,,,,,,,0.404590904712677,0.26077064871788025,0.539040744304657,0.19238440692424774,0.24197940528392792,0.7951131463050842,0.511629045009613,0.22412794828414917,0.4891575872898102,0.3871152102947235,6.940254211425781,4.770550727844238,9.461799621582031,4.856960773468018,5.894960403442383,11.634183883666992,8.483711242675781,4.685977458953857,6.391079425811768,6.2830657958984375,,,,,,,,,,,8.734776496887207,5.653164863586426,10.578459739685059,6.097331523895264,7.038641929626465,14.450748443603516,11.704379081726074,5.583502769470215,8.0287446975708,9.47801399230957,,,,,,,,,,,,,,,,,,,,,,,,,,,,,,,,,,,,,,,,
1,339,,,,,,,,,,,,,,,,,,,,,,,,,,,,,,,,,,,,,,,,,0.6262167692184448,0.3595223128795624,0.5128013491630554,1.128667950630188,1.1676132678985596,0.37232550978660583,0.7316175699234009,0.5426143407821655,0.29880332946777344,0.5219854712486267,8.451522827148438,5.534792423248291,8.592092514038086,10.317815780639648,13.43200969696045,8.161273002624512,9.34428882598877,7.131216049194336,4.95896053314209,8.591257095336914,,,,,,,,,,,10.78212833404541,6.637816429138184,10.317779541015625,14.7685546875,15.46141242980957,9.888654708862305,13.99628734588623,8.687691688537598,6.275032997131348,11.005921363830566,,,,,,,,,,,,,,,,,,,,,,,,,,,,,,,,,,,,,,,,
1,344,,,,,,,,,,,,,,,,,,,,,,,,,,,,,,,,,,,,,,,,,0.5185747742652893,0.5479398965835571,0.2914923429489136,0.36046478152275085,0.5295058488845825,0.5106691122055054,0.39628732204437256,0.8405992388725281,0.8803722262382507,0.30984213948249817,8.08335018157959,6.592591762542725,5.91384220123291,7.883841514587402,8.654508590698242,9.029274940490723,8.53354263305664,9.971227645874023,9.21214485168457,6.959183692932129,,,,,,,,,,,9.630817413330078,8.194618225097656,7.779026031494141,8.346152305603027,10.412020683288574,11.580988883972168,10.300917625427246,10.813175201416016,10.771010398864746,8.479445457458496,,,,,,,,,,,,,,,,,,,,,,,,,,,,,,,,,,,,,,,,
1,349,,,,,,,,,,,,,,,,,,,,,,,,,,,,,,,,,,,,,,,,,0.6519857048988342,0.5456911325454712,0.42547470331192017,0.6375045776367188,0.7475402355194092,0.7486684322357178,0.552929699420929,0.6851457357406616,0.9037095904350281,0.6212073564529419,9.092080116271973,7.093630790710449,6.3361968994140625,9.476499557495117,9.830909729003906,11.920388221740723,10.066408157348633,8.556891441345215,8.491379737854004,10.05642032623291,,,,,,,,,,,11.102030754089355,8.177785873413086,9.398283004760742,11.099325180053711,12.371345520019531,14.022343635559082,12.167623519897461,9.762255668640137,10.91283893585205,12.006474494934082,,,,,,,,,,,,,,,,,,,,,,,,,,,,,,,,,,,,,,,,
1,354,,,,,,,,,,,,,,,,,,,,,,,,,,,,,,,,,,,,,,,,,0.29173657298088074,0.2711170017719269,0.1548728197813034,0.10534904897212982,0.752196192741394,0.5157251358032227,0.4004823565483093,0.09423591941595078,0.06051472947001457,0.27113598585128784,5.746982097625732,4.885499000549316,4.9345808029174805,3.502049446105957,9.18023681640625,10.022115707397461,8.336710929870605,2.476722002029419,2.1769168376922607,6.208006858825684,,,,,,,,,,,7.191810607910156,5.764221668243408,5.670211315155029,4.5120110511779785,12.409812927246094,11.638178825378418,10.355295181274414,3.6204867362976074,2.8239290714263916,7.93214750289917,,,,,,,,,,,,,,,,,,,,,,,,,,,,,,,,,,,,,,,,
1,359,,,,,,,,,,,,,,,,,,,,,,,,,,,,,,,,,,,,,,,,,0.61882483959198,0.5778592824935913,0.2004910409450531,0.1584831178188324,0.34066370129585266,1.6138986349105835,0.3906119167804718,0.7764326930046082,0.7618244290351868,0.7491586208343506,8.119603157043457,6.746245861053467,4.803912162780762,4.374915599822998,6.923347473144531,15.200027465820312,7.761884689331055,9.687211990356445,6.761200904846191,10.817686080932617,,,,,,,,,,,10.351587295532227,8.415371894836426,6.45147705078125,5.534091949462891,8.35146427154541,20.58799171447754,10.226888656616211,10.392274856567383,10.019607543945312,13.185120582580566,,,,,,,,,,,,,,,,,,,,,,,,,,,,,,,,,,,,,,,,
1,364,,,,,,,,,,,,,,,,,,,,,,,,,,,,,,,,,,,,,,,,,0.34545063972473145,0.3196720480918884,0.28418540954589844,0.1815061867237091,0.8149418234825134,0.4082779586315155,0.4901638925075531,0.18692772090435028,0.2498595416545868,0.1735212504863739,6.496823787689209,5.880472660064697,5.848824501037598,5.074365615844727,10.086604118347168,7.274345874786377,9.763614654541016,4.332715034484863,5.0789666175842285,5.131504058837891,,,,,,,,,,,7.974856853485107,6.259139537811279,7.680908203125,5.922439098358154,12.917038917541504,10.355088233947754,11.456222534179688,5.099124431610107,5.7381415367126465,6.345612049102783,,,,,,,,,,,,,,,,,,,,,,,,,,,,,,,,,,,,,,,,
1,369,,,,,,,,,,,,,,,,,,,,,,,,,,,,,,,,,,,,,,,,,0.4785401523113251,0.6458656787872314,0.5423900485038757,0.47906050086021423,0.9645640254020691,0.3479941189289093,0.57034832239151,0.3745623528957367,0.2419205754995346,0.14015567302703857,7.498190402984619,7.56557035446167,8.41904354095459,7.83383321762085,10.736793518066406,7.31016731262207,10.00893783569336,6.242198467254639,4.579728126525879,4.78743839263916,,,,,,,,,,,9.296420097351074,8.896790504455566,10.611273765563965,9.621661186218262,14.052875518798828,9.560086250305176,12.357792854309082,7.21806526184082,5.646245002746582,5.702989101409912,,,,,,,,,,,,,,,,,,,,,,,,,,,,,,,,,,,,,,,,
1,374,,,,,,,,,,,,,,,,,,,,,,,,,,,,,,,,,,,,,,,,,0.3364904820919037,0.5064398050308228,0.21216458082199097,0.5188546776771545,0.2858145833015442,0.32690057158470154,0.2414107471704483,0.3854040205478668,0.21290650963783264,0.33851850032806396,6.156958103179932,5.915574550628662,5.022379398345947,7.845756530761719,6.909280776977539,7.214818000793457,6.5717010498046875,5.4676642417907715,4.136300563812256,6.3291473388671875,,,,,,,,,,,7.885030269622803,7.878185749053955,6.6366376876831055,10.013313293457031,7.649655342102051,9.265816688537598,8.039871215820312,7.321782112121582,5.29685115814209,8.86315631866455,,,,,,,,,,,,,,,,,,,,,,,,,,,,,,,,,,,,,,,,
1,379,,,,,,,,,,,,,,,,,,,,,,,,,,,,,,,,,,,,,,,,,0.5578578114509583,0.6220873594284058,0.9554511308670044,0.419932097196579,0.5034593343734741,1.045267939567566,0.3016929030418396,0.2918459177017212,0.2509472966194153,0.6300365328788757,7.793303489685059,7.487124919891357,10.39375114440918,6.974890232086182,8.428718566894531,11.213294982910156,8.122025489807129,4.231538772583008,4.74532413482666,8.543067932128906,,,,,,,,,,,10.194029808044434,8.731481552124023,14.083672523498535,9.008332252502441,10.152706146240234,16.568748474121094,8.987798690795898,6.371409893035889,5.750618934631348,12.091497421264648,,,,,,,,,,,,,,,,,,,,,,,,,,,,,,,,,,,,,,,,
1,384,,,,,,,,,,,,,,,,,,,,,,,,,,,,,,,,,,,,,,,,,0.4016115367412567,0.6691911220550537,0.3517436385154724,0.23826821148395538,0.30297553539276123,0.3437618017196655,0.17913515865802765,0.485928475856781,0.4194715917110443,0.6240283846855164,6.8326544761657715,7.962160587310791,6.643373966217041,5.170097351074219,6.042080402374268,7.395657062530518,5.816109657287598,6.399935722351074,5.478603839874268,10.585870742797852,,,,,,,,,,,8.486692428588867,9.05601978302002,8.545249938964844,6.785594940185547,7.875958442687988,9.5017728805542,6.925660610198975,8.221383094787598,7.434890270233154,12.03370475769043,,,,,,,,,,,,,,,,,,,,,,,,,,,,,,,,,,,,,,,,
1,389,,,,,,,,,,,,,,,,,,,,,,,,,,,,,,,,,,,,,,,,,0.37275877594947815,0.6341057419776917,0.12937551736831665,0.16977567970752716,0.7415521144866943,0.15168032050132751,0.5453157424926758,0.2128896713256836,0.27069392800331116,0.49944013357162476,6.465478420257568,6.239701271057129,3.212137222290039,5.1539387702941895,10.975150108337402,5.10469913482666,9.123647689819336,4.298801898956299,5.094209671020508,8.987016677856445,,,,,,,,,,,8.069172859191895,8.815422058105469,5.182481288909912,5.72786283493042,12.321696281433105,6.311614513397217,12.08355712890625,5.441717624664307,5.972588062286377,10.765616416931152,,,,,,,,,,,,,,,,,,,,,,,,,,,,,,,,,,,,,,,,
1,394,,,,,,,,,,,,,,,,,,,,,,,,,,,,,,,,,,,,,,,,,0.3735312819480896,0.37081944942474365,0.4615171253681183,0.2754586637020111,0.44573378562927246,0.5401557683944702,0.324687123298645,0.29911699891090393,0.3108924627304077,0.3334002196788788,7.038623809814453,4.870636940002441,8.276561737060547,5.457764148712158,7.750256538391113,11.09196949005127,7.122044563293457,5.614736080169678,5.49900484085083,7.664638996124268,,,,,,,,,,,8.473340034484863,6.741297245025635,9.788262367248535,7.295971393585205,9.552947998046875,11.91064739227295,9.32402229309082,6.450290203094482,6.4007134437561035,8.795897483825684,,,,,,,,,,,,,,,,,,,,,,,,,,,,,,,,,,,,,,,,
1,399,,,,,,,,,,,,,,,,,,,,,,,,,,,,,,,,,,,,,,,,,0.4767700731754303,0.19227755069732666,0.5641545057296753,0.052964773029088974,0.7989825010299683,0.8580225706100464,0.4618215262889862,0.368104487657547,0.4007679522037506,0.5938351154327393,7.44041109085083,4.162203311920166,8.568151473999023,2.7985241413116455,10.244532585144043,12.298949241638184,7.93044376373291,5.997598171234131,5.535256385803223,9.428034782409668,,,,,,,,,,,9.328774452209473,4.854299545288086,10.822078704833984,3.199251890182495,12.789933204650879,15.011539459228516,11.120079040527344,7.1555705070495605,7.267244338989258,11.738974571228027,,,,,,,,,,,,,,,,,,,,,,,,,,,,,,,,,,,,,,,,
1,404,,,,,,,,,,,,,,,,,,,,,,,,,,,,,,,,,,,,,,,,,0.5023167729377747,0.6156633496284485,0.2014676183462143,0.3880527913570404,0.5534775257110596,0.866849958896637,0.3099812865257263,0.38031578063964844,0.5166578888893127,0.6883851885795593,7.129361629486084,6.637204647064209,5.3721604347229,5.917731761932373,7.838161945343018,8.820218086242676,7.299027919769287,5.76915168762207,7.09750509262085,9.413092613220215,,,,,,,,,,,9.646758079528809,8.68628215789795,6.467169761657715,8.659648895263672,10.645097732543945,15.088560104370117,9.11042308807373,7.273289680480957,8.251346588134766,12.639006614685059,,,,,,,,,,,,,,,,,,,,,,,,,,,,,,,,,,,,,,,,
1,409,,,,,,,,,,,,,,,,,,,,,,,,,,,,,,,,,,,,,,,,,0.10752847790718079,0.14378370344638824,0.006508822087198496,0.012474462389945984,0.12797656655311584,0.20115648210048676,0.031282585114240646,0.08296719938516617,0.2691843509674072,0.09242214262485504,3.6305954456329346,3.8647046089172363,1.162419319152832,1.21406888961792,3.691589832305908,7.144586563110352,2.6212549209594727,3.3971290588378906,5.951838493347168,3.6277668476104736,,,,,,,,,,,4.019814968109131,4.197754859924316,1.162419319152832,1.5526230335235596,5.1187615394592285,7.268468379974365,2.8941569328308105,3.3971290588378906,5.955911636352539,4.631110668182373,,,,,,,,,,,,,,,,,,,,,,,,,,,,,,,,,,,,,,,,
1,409,,,,,,,,,,,,,,,,,,,,,,,,,,,,,,,,,,,,,,,,,,,,,,,,,,,7.619526386260986,6.518232822418213,7.420727729797363,7.221014976501465,7.991260528564453,9.4608736038208,8.564889907836914,6.723390102386475,6.833425998687744,7.841922760009766,0.47187724709510803,0.4392991065979004,0.5136699676513672,0.5235665440559387,0.5260392427444458,0.4274587035179138,0.49844294786453247,0.43818581104278564,0.39705777168273926,0.4831753373146057,9.910430908203125,8.417428016662598,9.739489555358887,9.497963905334473,10.379826545715332,12.290804862976074,11.059450149536133,8.671520233154297,8.915945053100586,10.221447944641113,0.5389187932014465,0.7213483452796936,0.41404056549072266,0.47317901253700256,0.5115951895713806,0.4920639395713806,0.543405294418335,0.44455331563949585,0.6873803734779358,0.5635374188423157,7.88057804107666,7.140614986419678,7.2604660987854,7.903907775878906,7.628693103790283,9.152937889099121,8.797741889953613,6.607986927032471,7.157557964324951,9.275300979614258,0.2579171061515808,0.3678175210952759,0.20296591520309448,0.1886357069015503,0.31910544633865356,0.26534897089004517,-0.006865501403808594,0.4482734799385071,0.17538338899612427,0.3605892062187195,10.07862663269043,9.35941219329834,9.445027351379395,10.018427848815918,10.154491424560547,11.294780731201172,11.874837875366211,8.121384620666504,8.859724044799805,11.579548835754395
2,414,,,,,,,,,,,,,,,,,,,,,,,,,,,,,,,,,,,,,,,,,0.6552510857582092,0.38498440384864807,0.5078210234642029,0.7814000844955444,0.5124822854995728,0.7023318409919739,0.3906630575656891,0.6311288475990295,1.720536708831787,0.2659113109111786,8.571677207946777,5.951962947845459,7.8201003074646,9.06174087524414,7.535100936889648,11.115049362182617,8.319807052612305,8.752889633178711,12.169212341308594,6.419229030609131,,,,,,,,,,,10.639942169189453,6.868846893310547,10.267553329467773,12.288293838500977,10.243281364440918,13.581478118896484,10.227558135986328,9.369528770446777,15.05758285522461,7.855351448059082,,,,,,,,,,,,,,,,,,,,,,,,,,,,,,,,,,,,,,,,
2,419,,,,,,,,,,,,,,,,,,,,,,,,,,,,,,,,,,,,,,,,,0.8428052067756653,1.0744024515151978,0.3714243769645691,1.0964171886444092,0.8375316858291626,0.24354645609855652,0.675236165523529,1.0498446226119995,1.296871542930603,0.9399726390838623,9.071690559387207,8.75194263458252,6.236328601837158,10.231124877929688,10.140859603881836,6.288262844085693,10.12144947052002,9.899085998535156,9.739706039428711,10.236454010009766,,,,,,,,,,,12.141884803771973,11.47481632232666,8.781058311462402,14.556025505065918,13.094841957092285,7.997730255126953,13.446170806884766,12.084293365478516,13.072894096374512,14.76912784576416,,,,,,,,,,,,,,,,,,,,,,,,,,,,,,,,,,,,,,,,
2,424,,,,,,,,,,,,,,,,,,,,,,,,,,,,,,,,,,,,,,,,,0.6172552108764648,0.6145994663238525,0.2449449747800827,0.3454328179359436,0.2813074588775635,0.7340781688690186,0.36848729848861694,1.403000831604004,1.2741410732269287,0.2893048822879791,7.744071006774902,7.1428985595703125,5.437927722930908,6.504720687866211,5.719318389892578,9.523234367370605,7.418095111846924,10.993589401245117,10.237640380859375,6.7192158699035645,,,,,,,,,,,10.056477546691895,8.678772926330566,7.130926132202148,8.17027473449707,7.589099884033203,13.885035514831543,9.933036804199219,13.969719886779785,12.957822799682617,8.19360637664795,,,,,,,,,,,,,,,,,,,,,,,,,,,,,,,,,,,,,,,,
2,429,,,,,,,,,,,,,,,,,,,,,,,,,,,,,,,,,,,,,,,,,0.3825118839740753,0.1738482564687729,0.20581138134002686,0.2620232105255127,0.3320382535457611,0.3259184956550598,0.26376456022262573,0.8752775192260742,0.5833704471588135,0.42055457830429077,6.239817142486572,3.8744914531707764,5.713517189025879,4.198699951171875,6.0591206550598145,7.214275360107422,6.610942363739014,8.714859962463379,6.797943592071533,6.9745025634765625,,,,,,,,,,,8.205523490905762,4.615804672241211,6.5365166664123535,7.115817546844482,8.245058059692383,9.251887321472168,8.403863906860352,11.033965110778809,8.767898559570312,9.87889575958252,,,,,,,,,,,,,,,,,,,,,,,,,,,,,,,,,,,,,,,,
2,434,,,,,,,,,,,,,,,,,,,,,,,,,,,,,,,,,,,,,,,,,0.3605441451072693,0.550456166267395,0.09558244049549103,0.38056084513664246,0.30479761958122253,0.37532249093055725,0.1969475895166397,0.674885630607605,0.3078673779964447,0.35847732424736023,6.724696636199951,6.919057369232178,3.6509690284729004,7.0146379470825195,6.9464111328125,8.8621187210083,5.4763898849487305,7.896201133728027,5.445189476013184,8.311300277709961,,,,,,,,,,,7.94582986831665,8.213412284851074,4.454517841339111,8.575648307800293,7.899605751037598,9.928374290466309,7.261831283569336,9.688884735107422,6.369496822357178,9.120697021484375,,,,,,,,,,,,,,,,,,,,,,,,,,,,,,,,,,,,,,,,
2,439,,,,,,,,,,,,,,,,,,,,,,,,,,,,,,,,,,,,,,,,,0.4330975115299225,0.7402599453926086,0.4498913288116455,0.07533480226993561,0.9019919633865356,0.47943389415740967,0.3832364082336426,0.22644034028053284,0.16827580332756042,0.47301316261291504,6.8846893310546875,6.893263339996338,8.136855125427246,3.3057682514190674,10.009507179260254,8.674666404724121,7.198270320892334,5.125932693481445,3.6885769367218018,8.929363250732422,,,,,,,,,,,8.749245643615723,9.524767875671387,9.664189338684082,3.8155112266540527,13.589421272277832,11.221224784851074,10.129877090454102,5.612232208251953,4.7090582847595215,10.476924896240234,,,,,,,,,,,,,,,,,,,,,,,,,,,,,,,,,,,,,,,,
2,444,,,,,,,,,,,,,,,,,,,,,,,,,,,,,,,,,,,,,,,,,0.4114603102207184,0.2868309020996094,0.08833001554012299,0.2041407972574234,0.3532164394855499,0.31966567039489746,0.30948078632354736,0.40265965461730957,1.4252409934997559,0.3135775923728943,6.822982311248779,4.427273750305176,4.152342319488525,4.920432090759277,6.875685691833496,6.770265579223633,7.314916610717773,6.396267414093018,13.696298599243164,6.853356838226318,,,,,,,,,,,8.10895824432373,5.928915500640869,4.282188892364502,6.280869960784912,8.503937721252441,9.162708282470703,9.10306453704834,7.483896732330322,13.704633712768555,8.530406951904297,,,,,,,,,,,,,,,,,,,,,,,,,,,,,,,,,,,,,,,,
2,449,,,,,,,,,,,,,,,,,,,,,,,,,,,,,,,,,,,,,,,,,0.3105577528476715,0.2529566287994385,0.4911802113056183,0.26128312945365906,0.42479684948921204,0.24973167479038239,0.19361461699008942,0.24446411430835724,0.3676653802394867,0.30932721495628357,6.521553039550781,4.246267318725586,8.542060852050781,6.2476301193237305,8.044031143188477,7.273346900939941,6.407044410705566,5.719734191894531,5.629392623901367,6.584467887878418,,,,,,,,,,,7.628946781158447,5.567821979522705,10.09792423248291,7.10576057434082,9.325889587402344,8.098650932312012,7.200121879577637,5.83131217956543,6.960648059844971,8.472395896911621,,,,,,,,,,,,,,,,,,,,,,,,,,,,,,,,,,,,,,,,
2,454,,,,,,,,,,,,,,,,,,,,,,,,,,,,,,,,,,,,,,,,,0.3757595419883728,0.46321195363998413,0.391283243894577,0.1575276255607605,0.23374050855636597,0.5175555944442749,0.27843230962753296,0.5681915283203125,0.538939893245697,0.2329532951116562,6.641722202301025,6.228349208831787,7.235846042633057,4.243613243103027,5.628634929656982,10.250164985656738,5.795565605163574,7.349557876586914,6.453141212463379,6.5906291007995605,,,,,,,,,,,8.216164588928223,7.534460067749023,9.012748718261719,5.517385005950928,6.917778968811035,11.658814430236816,8.634367942810059,8.89008903503418,8.427395820617676,7.352442264556885,,,,,,,,,,,,,,,,,,,,,,,,,,,,,,,,,,,,,,,,
2,459,,,,,,,,,,,,,,,,,,,,,,,,,,,,,,,,,,,,,,,,,0.39746227860450745,0.06728983670473099,1.9494905471801758,0.022538714110851288,0.23942425847053528,0.2643483579158783,0.1165262833237648,0.6103681325912476,0.06237377971410751,0.2448004186153412,5.306520462036133,2.438455820083618,11.928646087646484,1.9440033435821533,5.544717788696289,6.765495300292969,4.463589668273926,5.968266487121582,2.4874649047851562,6.218046188354492,,,,,,,,,,,7.290412902832031,2.8716862201690674,20.117416381835938,2.0869855880737305,7.001380920410156,8.33228588104248,5.585766315460205,9.214136123657227,2.866978168487549,7.537082672119141,,,,,,,,,,,,,,,,,,,,,,,,,,,,,,,,,,,,,,,,
2,464,,,,,,,,,,,,,,,,,,,,,,,,,,,,,,,,,,,,,,,,,0.41428694128990173,0.5081794261932373,0.7299389243125916,0.2100653052330017,0.1400076448917389,0.9476659893989563,0.3973338007926941,0.03817133232951164,0.4367319643497467,0.32048800587654114,6.733982563018799,6.05987024307251,9.064902305603027,4.857307434082031,3.9827888011932373,12.652040481567383,7.721990585327148,2.2605926990509033,6.7473273277282715,7.259026527404785,,,,,,,,,,,8.503569602966309,7.891704559326172,12.309911727905273,6.371358871459961,5.3539652824401855,15.776239395141602,10.314508438110352,2.3042378425598145,7.586313724517822,8.62388801574707,,,,,,,,,,,,,,,,,,,,,,,,,,,,,,,,,,,,,,,,
2,469,,,,,,,,,,,,,,,,,,,,,,,,,,,,,,,,,,,,,,,,,0.4097508490085602,0.11623457819223404,0.5436252355575562,0.20902703702449799,0.310829758644104,0.36547738313674927,0.3615099787712097,1.4138931035995483,0.014618591405451298,0.35254183411598206,6.855590343475342,3.2166717052459717,9.941593170166016,5.29702615737915,6.430647373199463,8.39539909362793,8.204827308654785,12.370868682861328,1.3879573345184326,6.455319881439209,,,,,,,,,,,8.09145450592041,3.7742435932159424,10.6233491897583,6.355593681335449,7.977392673492432,9.797293663024902,9.838545799255371,14.023841857910156,1.3879573345184326,9.04487419128418,,,,,,,,,,,,,,,,,,,,,,,,,,,,,,,,,,,,,,,,
2,474,,,,,,,,,,,,,,,,,,,,,,,,,,,,,,,,,,,,,,,,,0.44426050782203674,0.684925377368927,0.2185664027929306,0.29092085361480713,0.4183962941169739,0.32970115542411804,0.3565499782562256,0.3365571200847626,0.7472419738769531,0.6154852509498596,7.074285507202148,6.653065204620361,4.657505512237549,5.815540313720703,7.088086128234863,7.910140037536621,7.363758563995361,5.788046836853027,8.825222969055176,9.567201614379883,,,,,,,,,,,8.938201904296875,9.161865234375,6.736019134521484,7.497945785522461,9.255365371704102,9.30542278289795,9.770819664001465,6.842079162597656,9.923250198364258,11.951048851013184,,,,,,,,,,,,,,,,,,,,,,,,,,,,,,,,,,,,,,,,
2,479,,,,,,,,,,,,,,,,,,,,,,,,,,,,,,,,,,,,,,,,,0.4029763638973236,0.5348081588745117,0.10331503301858902,0.3607140779495239,0.3431457579135895,0.4918965697288513,0.24348235130310059,0.8340943455696106,0.3752785325050354,0.34005245566368103,6.907914161682129,6.993727207183838,3.782160758972168,6.319268226623535,6.465967655181885,9.208523750305176,6.293642044067383,10.208770751953125,6.0185441970825195,6.880622386932373,,,,,,,,,,,8.398348808288574,8.09582805633545,4.631198883056641,8.349037170410156,8.381832122802734,11.366133689880371,8.07429313659668,10.771254539489746,7.032344818115234,8.883214950561523,,,,,,,,,,,,,,,,,,,,,,,,,,,,,,,,,,,,,,,,
2,484,,,,,,,,,,,,,,,,,,,,,,,,,,,,,,,,,,,,,,,,,0.3869762420654297,0.49919453263282776,0.5517143607139587,0.39719468355178833,0.18641416728496552,0.46035388112068176,0.3680240213871002,0.20620810985565186,0.6655436754226685,0.14813873171806335,6.891055107116699,6.045443534851074,9.238763809204102,7.191947937011719,4.944757461547852,8.075601577758789,8.161713600158691,5.070094108581543,8.730130195617676,4.561044216156006,,,,,,,,,,,8.329889297485352,7.821628570556641,10.702095985412598,8.76105785369873,6.17787504196167,10.995672225952148,9.926791191101074,5.355642795562744,9.365081787109375,5.863156795501709,,,,,,,,,,,,,,,,,,,,,,,,,,,,,,,,,,,,,,,,
2,489,,,,,,,,,,,,,,,,,,,,,,,,,,,,,,,,,,,,,,,,,0.47342076897621155,0.5046855211257935,0.5331580638885498,0.5350314378738403,0.642788290977478,0.6278054118156433,0.2251325100660324,0.3907259702682495,0.5179362893104553,0.28352364897727966,7.606143474578857,6.35216760635376,8.316675186157227,8.53273868560791,8.920670509338379,9.90733814239502,6.2833404541015625,6.499794960021973,6.81319522857666,6.82936954498291,,,,,,,,,,,9.374998092651367,7.864528179168701,10.52057933807373,10.168210983276367,11.471854209899902,12.840691566467285,7.764078140258789,7.372161865234375,8.26154899597168,8.11132526397705,,,,,,,,,,,,,,,,,,,,,,,,,,,,,,,,,,,,,,,,
2,494,,,,,,,,,,,,,,,,,,,,,,,,,,,,,,,,,,,,,,,,,0.3325853943824768,0.38402172923088074,0.16862130165100098,0.15039056539535522,0.2645246982574463,0.24152028560638428,0.2614770531654358,0.3035188615322113,0.7738621830940247,0.4453318417072296,6.226975440979004,5.239141941070557,5.2196455001831055,4.396777153015137,6.169419765472412,6.9066972732543945,6.6090874671936035,6.027365684509277,7.512146949768066,7.962498188018799,,,,,,,,,,,7.624499797821045,6.86025333404541,5.916541576385498,5.390948295593262,7.359237194061279,7.96439266204834,8.367342948913574,6.497579097747803,10.098459243774414,10.165741920471191,,,,,,,,,,,,,,,,,,,,,,,,,,,,,,,,,,,,,,,,
2,499,,,,,,,,,,,,,,,,,,,,,,,,,,,,,,,,,,,,,,,,,0.49402010440826416,0.30382877588272095,0.3557797372341156,0.7155095934867859,0.5238957405090332,0.5385388135910034,0.5271620750427246,0.535521924495697,0.5627827644348145,0.3831616938114166,8.398286819458008,4.757632255554199,7.790853023529053,10.201787948608398,8.229846954345703,10.057333946228027,10.01239013671875,8.270357131958008,8.443075180053711,7.821305274963379,,,,,,,,,,,9.695249557495117,6.102063179016113,8.594136238098145,11.7587890625,10.35671615600586,11.892807006835938,11.88072395324707,8.63072681427002,8.611795425415039,9.42949104309082,,,,,,,,,,,,,,,,,,,,,,,,,,,,,,,,,,,,,,,,
2,504,,,,,,,,,,,,,,,,,,,,,,,,,,,,,,,,,,,,,,,,,0.25682979822158813,0.4266603887081146,0.20868231356143951,0.27334290742874146,0.1689956784248352,0.26846063137054443,0.3554220497608185,0.21294265985488892,0.2060437798500061,0.19091777503490448,5.29940128326416,6.063535213470459,5.470064163208008,5.874197006225586,5.022202014923096,6.67112398147583,6.292067527770996,3.471251964569092,3.9169600009918213,4.913205623626709,,,,,,,,,,,6.93606424331665,7.23108434677124,6.581948757171631,7.267897605895996,5.882167816162109,8.396844863891602,9.755352020263672,5.442395210266113,5.2107834815979,6.656108379364014,,,,,,,,,,,,,,,,,,,,,,,,,,,,,,,,,,,,,,,,
2,509,,,,,,,,,,,,,,,,,,,,,,,,,,,,,,,,,,,,,,,,,0.5699123740196228,0.6148800849914551,0.5829373002052307,0.6495944261550903,0.5165550708770752,0.4725019037723541,0.5660985708236694,0.36869916319847107,1.0850372314453125,0.2729077935218811,8.174174308776855,6.883564472198486,9.129377365112305,9.142806053161621,7.969244480133057,9.543004989624023,9.107823371887207,5.833588600158691,9.356759071350098,6.601395606994629,,,,,,,,,,,10.188664436340332,8.680754661560059,11.000757217407227,11.204075813293457,10.283902168273926,11.139805793762207,12.311665534973145,7.161348342895508,11.957643508911133,7.958022117614746,,,,,,,,,,,,,,,,,,,,,,,,,,,,,,,,,,,,,,,,
2,514,,,,,,,,,,,,,,,,,,,,,,,,,,,,,,,,,,,,,,,,,0.37421107292175293,0.5201558470726013,0.10727927833795547,0.1493569314479828,0.1945844292640686,0.5046669244766235,0.25044625997543335,0.37480905652046204,0.6962632536888123,0.5703378915786743,6.4357781410217285,7.076350688934326,4.09591007232666,4.280221939086914,5.123913764953613,8.543169021606445,6.530330657958984,5.265361785888672,7.548180103302002,9.45856761932373,,,,,,,,,,,8.043648719787598,7.984156131744385,4.719213008880615,5.372390270233154,6.311806678771973,11.512727737426758,8.188946723937988,7.220441818237305,9.578776359558105,11.504382133483887,,,,,,,,,,,,,,,,,,,,,,,,,,,,,,,,,,,,,,,,
2,519,,,,,,,,,,,,,,,,,,,,,,,,,,,,,,,,,,,,,,,,,0.39771127700805664,0.2509470582008362,0.42270779609680176,0.5815059542655945,0.2801741361618042,0.4023559093475342,0.3222866952419281,0.46946626901626587,0.5566504597663879,0.29330703616142273,6.894293785095215,4.835601329803467,7.274904251098633,9.066932678222656,6.6946539878845215,8.221263885498047,7.104951858520508,5.737643718719482,5.944210052490234,7.168478965759277,,,,,,,,,,,8.616971015930176,5.545661449432373,9.367674827575684,10.60063648223877,7.573797225952148,10.279714584350586,9.289491653442383,8.08092212677002,8.564746856689453,8.250085830688477,,,,,,,,,,,,,,,,,,,,,,,,,,,,,,,,,,,,,,,,
2,524,,,,,,,,,,,,,,,,,,,,,,,,,,,,,,,,,,,,,,,,,0.3544492721557617,0.4372776746749878,0.4587317705154419,0.3617525100708008,0.1426934152841568,0.4062223434448242,0.16040253639221191,0.33638209104537964,0.4861789345741272,0.40040212869644165,6.458759784698486,5.905844211578369,7.83211612701416,6.302468299865723,4.062231063842773,7.727235317230225,4.833394527435303,6.143466472625732,7.15849494934082,8.16358470916748,,,,,,,,,,,8.02352237701416,7.3205037117004395,9.75868034362793,8.361047744750977,5.405073642730713,10.328989028930664,6.553546905517578,6.8403000831604,8.004263877868652,9.639297485351562,,,,,,,,,,,,,,,,,,,,,,,,,,,,,,,,,,,,,,,,
2,529,,,,,,,,,,,,,,,,,,,,,,,,,,,,,,,,,,,,,,,,,0.49838584661483765,0.7322721481323242,0.12579534947872162,0.294709175825119,0.3622110188007355,0.7571454048156738,0.3711211085319519,0.32223838567733765,0.8642433881759644,0.65573650598526,7.732630252838135,7.774055480957031,3.9705207347869873,6.105967044830322,6.869714736938477,11.115548133850098,7.896222114562988,5.390749931335449,9.564515113830566,10.906381607055664,,,,,,,,,,,9.390457153320312,9.47323989868164,5.110271453857422,7.546606540679932,8.611533164978027,14.101507186889648,9.968472480773926,6.694949626922607,10.671889305114746,12.33564567565918,,,,,,,,,,,,,,,,,,,,,,,,,,,,,,,,,,,,,,,,
2,534,,,,,,,,,,,,,,,,,,,,,,,,,,,,,,,,,,,,,,,,,0.353241503238678,0.7335103154182434,0.06542280316352844,0.10370475053787231,0.3277941942214966,0.464862585067749,0.5253968238830566,0.46327805519104004,0.18425613641738892,0.31094780564308167,6.105424880981445,6.938701629638672,2.956575632095337,3.926710844039917,6.402614593505859,8.530458450317383,8.512483596801758,6.091313362121582,4.566980361938477,7.022981643676758,,,,,,,,,,,7.799474239349365,9.481245040893555,3.685328722000122,4.476661205291748,8.192194938659668,11.049385070800781,11.860815048217773,8.027486801147461,4.927587032318115,8.494561195373535,,,,,,,,,,,,,,,,,,,,,,,,,,,,,,,,,,,,,,,,
2,539,,,,,,,,,,,,,,,,,,,,,,,,,,,,,,,,,,,,,,,,,0.4427335560321808,0.7333459854125977,0.15037374198436737,0.17097920179367065,0.17154255509376526,0.4153236746788025,0.3312211036682129,0.7860283255577087,0.3763461112976074,0.8494412899017334,6.888582706451416,8.024195671081543,3.7481353282928467,5.057927131652832,4.844336986541748,8.548733711242676,6.7867937088012695,7.144141674041748,6.430950164794922,11.412034034729004,,,,,,,,,,,8.682427406311035,9.480183601379395,5.587244510650635,5.748129367828369,5.926326274871826,10.444056510925293,9.417373657226562,10.456294059753418,7.042340278625488,14.039896011352539,,,,,,,,,,,,,,,,,,,,,,,,,,,,,,,,,,,,,,,,
2,544,,,,,,,,,,,,,,,,,,,,,,,,,,,,,,,,,,,,,,,,,0.33334723114967346,0.8309633731842041,0.10686510801315308,0.10445358604192734,0.4204500913619995,0.3158758282661438,0.4244511127471924,0.20609340071678162,0.16666699945926666,0.42430585622787476,5.908047199249268,7.261103630065918,4.038893222808838,4.047887325286865,5.370177268981934,8.26799488067627,7.6274518966674805,4.675392150878906,4.0440993309021,7.8394246101379395,,,,,,,,,,,7.58942174911499,10.091442108154297,4.710094451904297,4.492794990539551,9.278053283691406,9.108232498168945,10.660674095153809,5.354153156280518,4.68649435043335,9.922857284545898,,,,,,,,,,,,,,,,,,,,,,,,,,,,,,,,,,,,,,,,
2,549,,,,,,,,,,,,,,,,,,,,,,,,,,,,,,,,,,,,,,,,,0.6677001118659973,0.7120780348777771,0.6215931177139282,0.5712494850158691,0.41718077659606934,0.565092921257019,0.2716631591320038,0.8954184055328369,1.2611716985702515,0.6938529014587402,8.543190002441406,8.046663284301758,8.009004592895508,9.770818710327148,7.544304370880127,9.861401557922363,6.550381183624268,7.392537593841553,9.936033248901367,9.777567863464355,,,,,,,,,,,10.87802791595459,9.341703414916992,11.359644889831543,10.506735801696777,9.241910934448242,12.182482719421387,8.528765678405762,11.160194396972656,12.891706466674805,12.689103126525879,,,,,,,,,,,,,,,,,,,,,,,,,,,,,,,,,,,,,,,,
2,554,,,,,,,,,,,,,,,,,,,,,,,,,,,,,,,,,,,,,,,,,0.2918315529823303,0.31872865557670593,0.15589457750320435,0.28916606307029724,0.14602872729301453,0.5362995862960815,0.18117061257362366,0.3212307393550873,0.30516862869262695,0.37279632687568665,5.934240341186523,4.815340995788574,4.655454158782959,6.913907051086426,4.316117763519287,8.41899299621582,5.676669120788574,5.33249044418335,5.606260776519775,7.672926902770996,,,,,,,,,,,7.3379974365234375,6.24989652633667,5.68888521194458,7.4752984046936035,5.4678778648376465,11.868056297302246,6.964896202087402,6.684474468231201,6.341518878936768,9.301072120666504,,,,,,,,,,,,,,,,,,,,,,,,,,,,,,,,,,,,,,,,
2,559,,,,,,,,,,,,,,,,,,,,,,,,,,,,,,,,,,,,,,,,,0.40014150738716125,0.7850551605224609,0.23611345887184143,0.1879081279039383,0.45712655782699585,0.6198914647102356,0.3863074481487274,0.259505957365036,0.29477304220199585,0.37459224462509155,6.763068199157715,7.339451313018799,5.219043731689453,4.94442892074585,7.8816914558410645,10.73523998260498,7.78961181640625,4.870302677154541,4.141696453094482,7.946150779724121,,,,,,,,,,,8.556010246276855,9.808720588684082,7.001193046569824,6.025979518890381,9.674263000488281,12.759500503540039,10.17038345336914,6.008033275604248,6.232570171356201,9.32344913482666,,,,,,,,,,,,,,,,,,,,,,,,,,,,,,,,,,,,,,,,
2,564,,,,,,,,,,,,,,,,,,,,,,,,,,,,,,,,,,,,,,,,,0.7504851222038269,0.21946576237678528,1.0682958364486694,1.196067452430725,1.2431435585021973,0.4514441192150116,0.5365909934043884,0.1658380627632141,1.1863313913345337,0.6871891021728516,9.171104431152344,4.383758068084717,12.725160598754883,13.35474967956543,10.037089347839355,9.185186386108398,9.591304779052734,4.477593898773193,9.565873146057129,9.219223022460938,,,,,,,,,,,11.560507774353027,5.186156749725342,14.892149925231934,15.203120231628418,15.953658103942871,10.88874626159668,11.986503601074219,4.80286979675293,12.503347396850586,12.628021240234375,,,,,,,,,,,,,,,,,,,,,,,,,,,,,,,,,,,,,,,,
2,569,,,,,,,,,,,,,,,,,,,,,,,,,,,,,,,,,,,,,,,,,0.7291641235351562,0.8093656301498413,1.1070352792739868,0.7685115933418274,0.5914937853813171,0.8518248200416565,0.39300528168678284,0.4159446656703949,0.8978093862533569,0.7274864315986633,8.912969589233398,7.649346351623535,10.700236320495605,8.206680297851562,9.367729187011719,10.989620208740234,8.610209465026855,6.147289276123047,9.187591552734375,9.358026504516602,,,,,,,,,,,11.66691780090332,9.959433555603027,15.159762382507324,12.186531066894531,11.00461196899414,14.957223892211914,10.258172035217285,7.606353282928467,10.877156257629395,12.993005752563477,,,,,,,,,,,,,,,,,,,,,,,,,,,,,,,,,,,,,,,,
2,574,,,,,,,,,,,,,,,,,,,,,,,,,,,,,,,,,,,,,,,,,0.4396774470806122,0.8379457592964172,0.3223364055156708,0.14366011321544647,0.17227521538734436,0.339731365442276,0.2620220482349396,0.6366608142852783,0.9202260971069336,0.32223930954933167,6.942779064178467,7.787060260772705,7.431576251983643,4.681184768676758,5.019752502441406,7.578848361968994,6.385551452636719,7.568188190460205,8.828563690185547,7.204288959503174,,,,,,,,,,,8.490432739257812,10.133750915527344,8.180245399475098,5.268937110900879,5.938969135284424,9.445907592773438,8.376058578491211,9.410500526428223,11.012110710144043,8.647418022155762,,,,,,,,,,,,,,,,,,,,,,,,,,,,,,,,,,,,,,,,
2,579,,,,,,,,,,,,,,,,,,,,,,,,,,,,,,,,,,,,,,,,,0.6311096549034119,0.45292338728904724,0.31650176644325256,0.2910666763782501,0.4299336075782776,0.3507913649082184,0.2700178325176239,1.2171140909194946,1.277710199356079,1.0739281177520752,7.60527229309082,5.055449962615967,7.100992202758789,5.734921455383301,7.390799045562744,7.6126604080200195,7.0829548835754395,8.799178123474121,8.602615356445312,11.067877769470215,,,,,,,,,,,10.257031440734863,7.450314998626709,8.105871200561523,7.499825477600098,9.382105827331543,9.598431587219238,8.502899169921875,13.0114107131958,12.975957870483398,15.78646183013916,,,,,,,,,,,,,,,,,,,,,,,,,,,,,,,,,,,,,,,,
2,584,,,,,,,,,,,,,,,,,,,,,,,,,,,,,,,,,,,,,,,,,0.6735431551933289,0.4726528525352478,0.8242022395133972,0.8395309448242188,0.40930458903312683,1.6855546236038208,0.20265096426010132,0.7013469934463501,0.23855404555797577,0.6880911588668823,8.678935050964355,5.127345561981201,10.633684158325195,9.276622772216797,7.462785243988037,16.942893981933594,6.620336532592773,7.828568935394287,5.012133598327637,9.206040382385254,,,,,,,,,,,11.012149810791016,7.610854625701904,13.080626487731934,12.737178802490234,9.154253005981445,21.040075302124023,7.366227626800537,9.877002716064453,5.606820583343506,12.636307716369629,,,,,,,,,,,,,,,,,,,,,,,,,,,,,,,,,,,,,,,,
2,589,,,,,,,,,,,,,,,,,,,,,,,,,,,,,,,,,,,,,,,,,0.5451074838638306,0.3413892984390259,0.5005728006362915,0.3838571012020111,0.5316800475120544,0.4175250232219696,0.4182211756706238,0.549776017665863,1.1545988321304321,0.6083468198776245,8.491659164428711,5.282939434051514,8.787923812866211,7.8324151039123535,8.485644340515137,8.878220558166504,8.604373931884766,7.708138942718506,10.403522491455078,10.441758155822754,,,,,,,,,,,9.96928596496582,6.468255996704102,10.194014549255371,8.612707138061523,10.43337631225586,10.471697807312012,10.582147598266602,8.744834899902344,12.334990501403809,11.881542205810547,,,,,,,,,,,,,,,,,,,,,,,,,,,,,,,,,,,,,,,,
2,594,,,,,,,,,,,,,,,,,,,,,,,,,,,,,,,,,,,,,,,,,0.37802690267562866,0.5585638284683228,0.1892222762107849,0.032771751284599304,0.4804108142852783,0.7143829464912415,0.5116952061653137,0.20449630916118622,0.38072285056114197,0.32997623085975647,6.736698150634766,7.158674716949463,5.312077045440674,2.264838933944702,8.112567901611328,10.805083274841309,9.633172035217285,4.247415542602539,5.975363254547119,7.121092319488525,,,,,,,,,,,8.171683311462402,8.27367877960205,6.267549514770508,2.516544818878174,9.917587280273438,13.697503089904785,11.705135345458984,5.333366394042969,7.083171844482422,8.750614166259766,,,,,,,,,,,,,,,,,,,,,,,,,,,,,,,,,,,,,,,,
2,599,,,,,,,,,,,,,,,,,,,,,,,,,,,,,,,,,,,,,,,,,0.6593130826950073,0.7235131859779358,0.8202312588691711,0.33427199721336365,0.3426710069179535,1.7200030088424683,0.9109028577804565,0.08920839428901672,0.28526541590690613,0.7077506184577942,9.357608795166016,7.6699347496032715,11.664907455444336,7.5223212242126465,7.135809421539307,17.244874954223633,13.569522857666016,3.2758657932281494,6.131233215332031,10.004003524780273,,,,,,,,,,,10.913268089294434,9.416412353515625,13.049077033996582,8.037201881408691,8.376031875610352,21.253992080688477,15.617332458496094,3.52258563041687,6.131233215332031,12.8155517578125,,,,,,,,,,,,,,,,,,,,,,,,,,,,,,,,,,,,,,,,
2,604,,,,,,,,,,,,,,,,,,,,,,,,,,,,,,,,,,,,,,,,,0.29200735688209534,0.21291442215442657,0.4772701859474182,0.18767738342285156,0.4285343587398529,0.26847606897354126,0.2686281204223633,0.0991889238357544,0.3446463346481323,0.3407304584980011,6.07157564163208,4.257514953613281,7.61177921295166,4.420963764190674,7.874612808227539,6.267063140869141,7.237305164337158,3.627359390258789,5.750579833984375,7.59700345993042,,,,,,,,,,,7.408329486846924,5.108164310455322,9.953911781311035,6.022278308868408,9.366827011108398,8.397087097167969,8.480989456176758,3.714414358139038,6.739227771759033,8.89206600189209,,,,,,,,,,,,,,,,,,,,,,,,,,,,,,,,,,,,,,,,
2,609,,,,,,,,,,,,,,,,,,,,,,,,,,,,,,,,,,,,,,,,,0.640819787979126,0.4962391257286072,0.7253968715667725,0.5947343111038208,0.6260952949523926,0.5131293535232544,0.38148266077041626,0.6796794533729553,1.3505918979644775,0.4000292420387268,7.9289703369140625,5.838630676269531,8.26343059539795,8.809964179992676,9.433307647705078,7.345069408416748,7.746528625488281,6.991012096405029,9.572836875915527,7.359959602355957,,,,,,,,,,,10.725213050842285,7.798440456390381,12.271553039550781,10.720532417297363,11.321913719177246,11.60885238647461,10.106673240661621,9.723234176635742,13.340907096862793,9.634807586669922,,,,,,,,,,,,,,,,,,,,,,,,,,,,,,,,,,,,,,,,
2,614,,,,,,,,,,,,,,,,,,,,,,,,,,,,,,,,,,,,,,,,,0.5569541454315186,0.23580554127693176,0.04045700654387474,0.5044268369674683,0.6472569108009338,1.3305460214614868,0.3203560709953308,0.029751649126410484,0.03975451737642288,1.8642327785491943,7.989622592926025,5.19647216796875,2.8980674743652344,9.873108863830566,10.709858894348145,14.658812522888184,8.593035697937012,2.0342960357666016,2.2888455390930176,15.654095649719238,,,,,,,,,,,9.192898750305176,5.3757524490356445,2.8980674743652344,9.873108863830566,11.5116605758667,18.69350814819336,9.261627197265625,2.0342960357666016,2.2888455390930176,20.799230575561523,,,,,,,,,,,,,,,,,,,,,,,,,,,,,,,,,,,,,,,,
2,614,,,,,,,,,,,,,,,,,,,,,,,,,,,,,,,,,,,,,,,,,,,,,,,,,,,7.276735305786133,6.238854885101318,7.0169758796691895,6.79694938659668,7.672667026519775,9.1238374710083,8.13633918762207,6.294198036193848,6.577934265136719,7.632856369018555,0.5133624076843262,0.47766566276550293,0.5629959106445312,0.5712668895721436,0.5563656091690063,0.4571755528450012,0.5405510663986206,0.5008024573326111,0.44081538915634155,0.5126230716705322,9.51642894744873,8.124336242675781,9.23237419128418,9.009960174560547,10.042262077331543,11.967585563659668,10.585028648376465,8.174009323120117,8.586321830749512,9.925978660583496,0.5483415126800537,0.7479956150054932,0.371830016374588,0.4254343807697296,0.6950995326042175,0.5147079825401306,0.5267038941383362,0.45621898770332336,0.6241337656974792,0.5678668022155762,8.019475936889648,7.185623645782471,6.974894046783447,7.684281826019287,8.980754852294922,9.422561645507812,8.802472114562988,6.834132671356201,7.092857360839844,9.197707176208496,0.24186822772026062,0.3525664210319519,0.2498599886894226,0.2589045763015747,0.08739376068115234,0.22827458381652832,-0.0038944482803344727,0.41842740774154663,0.23779582977294922,0.3474859595298767,10.216951370239258,9.471634864807129,9.162962913513184,9.574777603149414,11.756010055541992,11.576271057128906,11.857303619384766,8.33815860748291,8.51784610748291,11.697595596313477
3,619,,,,,,,,,,,,,,,,,,,,,,,,,,,,,,,,,,,,,,,,,0.889710009098053,1.4912458658218384,0.7415695190429688,0.7082844376564026,0.9485794305801392,1.6150531768798828,0.969578742980957,0.6268746256828308,0.49014949798583984,0.4160546362400055,9.22103214263916,8.20566177368164,9.380112648010254,9.337569236755371,10.160628318786621,13.592967987060547,10.717207908630371,6.947636604309082,7.370756149291992,7.276742935180664,,,,,,,,,,,12.830009460449219,13.51876163482666,12.407594680786133,11.69926929473877,13.935946464538574,20.595354080200195,16.112478256225586,9.337897300720215,8.036881446838379,9.82590103149414,,,,,,,,,,,,,,,,,,,,,,,,,,,,,,,,,,,,,,,,
3,624,,,,,,,,,,,,,,,,,,,,,,,,,,,,,,,,,,,,,,,,,0.41530874371528625,0.35643333196640015,0.4892011284828186,0.3129110038280487,0.5309028029441833,0.827401340007782,0.47015607357025146,0.21937309205532074,0.1389935463666916,0.3924065828323364,7.009097576141357,5.393860816955566,8.156250953674316,6.039186954498291,7.667609691619873,10.394401550292969,8.48092269897461,5.375173091888428,3.542670726776123,8.031803131103516,,,,,,,,,,,8.910691261291504,6.609239101409912,10.077560424804688,7.7761616706848145,10.42574691772461,14.741238594055176,11.21997356414795,5.523958683013916,4.27977180480957,9.542570114135742,,,,,,,,,,,,,,,,,,,,,,,,,,,,,,,,,,,,,,,,
3,629,,,,,,,,,,,,,,,,,,,,,,,,,,,,,,,,,,,,,,,,,0.316480427980423,0.3600401282310486,0.3082614243030548,0.16556914150714874,0.6901866793632507,0.1670560985803604,0.17511606216430664,0.15870897471904755,0.19492998719215393,0.6284553408622742,5.922659397125244,5.835498809814453,6.192322254180908,4.558481693267822,7.842390060424805,5.2782182693481445,5.3763628005981445,3.3468050956726074,4.4153313636779785,10.458523750305176,,,,,,,,,,,7.500049114227295,6.642594814300537,7.999654769897461,5.656458854675293,11.887292861938477,6.6237969398498535,6.847527503967285,4.698502540588379,5.068304061889648,12.076313018798828,,,,,,,,,,,,,,,,,,,,,,,,,,,,,,,,,,,,,,,,
3,634,,,,,,,,,,,,,,,,,,,,,,,,,,,,,,,,,,,,,,,,,0.36634010076522827,0.29267966747283936,0.09990721940994263,0.30085811018943787,0.3291962146759033,0.4435512125492096,0.3386569619178772,0.5600073933601379,0.4735732972621918,0.45863091945648193,6.590516567230225,5.066025257110596,3.8798515796661377,5.843356132507324,6.5375847816467285,9.285825729370117,7.893223762512207,6.625993251800537,6.338703632354736,7.844082355499268,,,,,,,,,,,8.192840576171875,5.989058494567871,4.5541791915893555,7.624927520751953,8.209695816040039,10.793139457702637,9.52249526977539,8.825831413269043,7.899814128875732,10.31641674041748,,,,,,,,,,,,,,,,,,,,,,,,,,,,,,,,,,,,,,,,
3,639,,,,,,,,,,,,,,,,,,,,,,,,,,,,,,,,,,,,,,,,,0.31834378838539124,0.45239871740341187,0.09755729883909225,0.06297139823436737,0.4327232837677002,0.7268742322921753,0.339558482170105,0.10981062799692154,0.1362289935350418,0.5069710612297058,5.846720218658447,5.922524452209473,4.179945945739746,3.0544540882110596,7.654591083526611,9.595451354980469,6.844458103179932,3.4018821716308594,3.1573219299316406,8.809852600097656,,,,,,,,,,,7.465645790100098,7.4459991455078125,4.500300884246826,3.4884026050567627,9.412495613098145,13.816736221313477,9.535161972045898,3.9082372188568115,4.236996173858643,10.846479415893555,,,,,,,,,,,,,,,,,,,,,,,,,,,,,,,,,,,,,,,,
3,644,,,,,,,,,,,,,,,,,,,,,,,,,,,,,,,,,,,,,,,,,0.29706650972366333,0.2245977818965912,0.30768996477127075,0.11759696900844574,0.3100455105304718,0.6238455176353455,0.3425532579421997,0.12227670103311539,0.36464208364486694,0.2603507936000824,6.074918270111084,4.557358264923096,6.443693161010742,4.066982269287109,5.369899272918701,10.890426635742188,7.682707786560059,3.572340250015259,5.458903789520264,6.631953239440918,,,,,,,,,,,7.464356422424316,5.246443748474121,7.992236614227295,4.767085552215576,7.96732234954834,12.800128936767578,9.577118873596191,4.124113082885742,6.931970119476318,7.77278470993042,,,,,,,,,,,,,,,,,,,,,,,,,,,,,,,,,,,,,,,,
3,649,,,,,,,,,,,,,,,,,,,,,,,,,,,,,,,,,,,,,,,,,0.5614016652107239,0.9439414739608765,0.5749726295471191,0.192938432097435,0.650439441204071,0.7698985934257507,0.6196451187133789,0.6682798266410828,0.2556031346321106,0.37689658999443054,7.851498126983643,7.878225326538086,8.876069068908691,4.505500793457031,8.358906745910645,11.187307357788086,10.519397735595703,8.133499145507812,4.485288143157959,6.719292640686035,,,,,,,,,,,10.136075973510742,10.755602836608887,10.925346374511719,6.106104850769043,11.53992748260498,14.219771385192871,12.88078498840332,9.641350746154785,5.803718566894531,9.352082252502441,,,,,,,,,,,,,,,,,,,,,,,,,,,,,,,,,,,,,,,,
3,654,,,,,,,,,,,,,,,,,,,,,,,,,,,,,,,,,,,,,,,,,0.35773563385009766,0.6976796984672546,0.11054333299398422,0.11841297149658203,0.5411064028739929,0.23859086632728577,0.6120778322219849,0.39235740900039673,0.18536439538002014,0.3234879672527313,6.151462078094482,7.364778995513916,4.066884517669678,3.819697618484497,7.782357215881348,6.038638591766357,9.650664329528809,6.61497163772583,3.92364764213562,6.1015167236328125,,,,,,,,,,,7.895357131958008,9.24677562713623,4.790468215942383,4.783596515655518,10.525457382202148,7.915945053100586,12.80189037322998,7.387536525726318,4.942383289337158,8.664156913757324,,,,,,,,,,,,,,,,,,,,,,,,,,,,,,,,,,,,,,,,
3,659,,,,,,,,,,,,,,,,,,,,,,,,,,,,,,,,,,,,,,,,,0.5356815457344055,0.32280105352401733,0.2713063359260559,0.7683950662612915,0.28205305337905884,0.516991376876831,0.4917120933532715,0.40725913643836975,1.6059335470199585,0.15468202531337738,7.715647220611572,5.594900608062744,5.8106889724731445,10.678646087646484,5.93312406539917,9.91617488861084,10.151376724243164,5.03337287902832,11.610227584838867,4.712316036224365,,,,,,,,,,,9.41903018951416,6.289697647094727,7.504842281341553,12.185606956481934,7.599150657653809,11.652456283569336,11.4743013381958,7.52651834487915,14.547456741333008,5.991245746612549,,,,,,,,,,,,,,,,,,,,,,,,,,,,,,,,,,,,,,,,
3,664,,,,,,,,,,,,,,,,,,,,,,,,,,,,,,,,,,,,,,,,,0.4362189769744873,0.610880434513092,0.3210775554180145,0.25438353419303894,0.42535918951034546,0.5660291910171509,0.28324878215789795,0.3417219817638397,0.5156719088554382,0.6075982451438904,7.283294677734375,7.2139692306518555,6.30047607421875,6.033187389373779,6.8333964347839355,10.11592960357666,7.2726945877075195,5.350313663482666,7.184244155883789,9.245445251464844,,,,,,,,,,,9.00816535949707,8.65247631072998,8.16425609588623,7.0113139152526855,9.332059860229492,12.192571640014648,8.70872974395752,6.894379138946533,8.24346923828125,11.874229431152344,,,,,,,,,,,,,,,,,,,,,,,,,,,,,,,,,,,,,,,,
3,669,,,,,,,,,,,,,,,,,,,,,,,,,,,,,,,,,,,,,,,,,0.27278953790664673,0.305610716342926,0.28883489966392517,0.28248298168182373,0.3568638265132904,0.09401688724756241,0.35254597663879395,0.15595673024654388,0.46024590730667114,0.15854790806770325,5.592071533203125,5.488729953765869,6.095831394195557,6.152536392211914,6.634565353393555,3.909414768218994,7.131983280181885,3.478586196899414,6.613813877105713,4.823185443878174,,,,,,,,,,,6.999507904052734,6.119931221008301,7.743485450744629,7.388411045074463,8.54773235321045,4.969111919403076,9.715802192687988,4.657585144042969,7.787862777709961,6.0656514167785645,,,,,,,,,,,,,,,,,,,,,,,,,,,,,,,,,,,,,,,,
3,674,,,,,,,,,,,,,,,,,,,,,,,,,,,,,,,,,,,,,,,,,0.5725587010383606,0.9203845858573914,0.2605477571487427,0.26059240102767944,0.22635626792907715,0.9644008278846741,0.4060690402984619,1.1431797742843628,0.7001457214355469,0.27135226130485535,8.335142135620117,9.02880859375,6.317843914031982,5.906384468078613,5.338899612426758,13.793424606323242,7.778266906738281,11.372804641723633,9.088948249816895,6.390899658203125,,,,,,,,,,,9.81911849975586,10.620548248291016,7.354537487030029,7.096362113952637,6.807629585266113,15.914926528930664,10.42727279663086,12.610026359558105,9.605445861816406,7.9353108406066895,,,,,,,,,,,,,,,,,,,,,,,,,,,,,,,,,,,,,,,,
3,679,,,,,,,,,,,,,,,,,,,,,,,,,,,,,,,,,,,,,,,,,0.305564284324646,0.5179464817047119,0.22219882905483246,0.18066762387752533,0.20991238951683044,0.3004564642906189,0.39191025495529175,0.2874514162540436,0.20128820836544037,0.43824681639671326,5.834650993347168,6.338662624359131,4.744222164154053,3.9652857780456543,5.154284477233887,7.438244342803955,8.297806739807129,4.934823513031006,3.9413182735443115,7.697209358215332,,,,,,,,,,,7.545389652252197,7.967182159423828,6.791762828826904,5.9087419509887695,6.555694103240967,8.883143424987793,10.243870735168457,6.323258876800537,5.150299072265625,10.084550857543945,,,,,,,,,,,,,,,,,,,,,,,,,,,,,,,,,,,,,,,,
3,684,,,,,,,,,,,,,,,,,,,,,,,,,,,,,,,,,,,,,,,,,0.3421628773212433,0.6900936365127563,0.16976600885391235,0.10465522110462189,0.34230607748031616,0.5607401728630066,0.4353350102901459,0.3217100203037262,0.38104087114334106,0.07381895184516907,5.97229528427124,6.422636985778809,4.575390338897705,3.3916728496551514,7.123755931854248,8.7962646484375,8.0794095993042,5.962138652801514,6.580296993255615,2.819091558456421,,,,,,,,,,,7.649786472320557,9.196367263793945,5.93658971786499,4.497128963470459,8.371570587158203,12.135473251342773,10.796490669250488,6.689459323883057,7.086130142211914,4.138864040374756,,,,,,,,,,,,,,,,,,,,,,,,,,,,,,,,,,,,,,,,
3,689,,,,,,,,,,,,,,,,,,,,,,,,,,,,,,,,,,,,,,,,,0.6258032917976379,0.932471752166748,0.4354027807712555,0.28281059861183167,1.38849675655365,0.38567420840263367,0.5510283708572388,0.6125288009643555,0.3999500870704651,0.6438664197921753,8.194572448730469,7.220219135284424,7.67426061630249,6.322484016418457,10.918055534362793,8.240424156188965,9.298089027404785,7.84386682510376,5.8156352043151855,10.418116569519043,,,,,,,,,,,10.597267150878906,10.690057754516602,9.507301330566406,7.392693996429443,16.860563278198242,10.064359664916992,12.146686553955078,9.23043155670166,7.259825706481934,12.223485946655273,,,,,,,,,,,,,,,,,,,,,,,,,,,,,,,,,,,,,,,,
3,694,,,,,,,,,,,,,,,,,,,,,,,,,,,,,,,,,,,,,,,,,0.33295953273773193,0.26960521936416626,0.45906299352645874,0.4606006443500519,0.4603004455566406,0.17878469824790955,0.4145803153514862,0.37578266859054565,0.25174593925476074,0.12617264688014984,6.06529426574707,4.84097146987915,6.610601902008057,7.60854434967041,7.0477519035339355,5.32119083404541,8.26138687133789,5.778774261474609,4.22188663482666,4.896539688110352,,,,,,,,,,,7.82683801651001,5.7481279373168945,9.762201309204102,9.434462547302246,9.707788467407227,6.8523736000061035,10.535984992980957,7.229814052581787,5.759761810302734,5.4110283851623535,,,,,,,,,,,,,,,,,,,,,,,,,,,,,,,,,,,,,,,,
3,699,,,,,,,,,,,,,,,,,,,,,,,,,,,,,,,,,,,,,,,,,0.4706820547580719,0.2784641683101654,0.4917620122432709,0.34113365411758423,0.5022481679916382,0.8796682357788086,0.2585863471031189,0.4842437207698822,0.7284757494926453,0.27155616879463196,6.9349493980407715,4.861806869506836,7.661457061767578,7.239316463470459,7.893879413604736,9.285780906677246,6.499920845031738,6.396819591522217,6.224818229675293,6.350741386413574,,,,,,,,,,,9.296600341796875,5.841803550720215,10.103902816772461,8.11927318572998,10.140487670898438,15.199710845947266,8.320963859558105,8.20711898803711,9.7978515625,7.938291072845459,,,,,,,,,,,,,,,,,,,,,,,,,,,,,,,,,,,,,,,,
3,704,,,,,,,,,,,,,,,,,,,,,,,,,,,,,,,,,,,,,,,,,0.35703712701797485,0.579659104347229,0.5202891826629639,0.23906180262565613,0.41499486565589905,0.5031355023384094,0.29910942912101746,0.29971346259117126,0.13149380683898926,0.22587692737579346,6.789949417114258,6.932313442230225,9.584373474121094,6.08563232421875,7.339825630187988,9.804186820983887,7.768570899963379,4.263564109802246,3.3830406665802,5.9480366706848145,,,,,,,,,,,8.126630783081055,8.428466796875,10.39283561706543,6.796885967254639,9.217666625976562,11.495247840881348,8.949233055114746,6.456718921661377,4.162708282470703,7.2399091720581055,,,,,,,,,,,,,,,,,,,,,,,,,,,,,,,,,,,,,,,,
3,709,,,,,,,,,,,,,,,,,,,,,,,,,,,,,,,,,,,,,,,,,0.5623571872711182,0.32540786266326904,0.9273409247398376,0.9524614214897156,0.48769158124923706,0.6288512945175171,0.5592300295829773,0.5843535661697388,0.002543960465118289,0.5933340787887573,8.225311279296875,4.834816932678223,11.33039379119873,10.854568481445312,7.538867950439453,11.669692993164062,10.09253215789795,7.5867438316345215,0.5790004730224609,9.54118537902832,,,,,,,,,,,10.018452644348145,6.315042495727539,13.874948501586914,13.5668363571167,9.992457389831543,12.8513822555542,12.236747741699219,9.015640258789062,0.5790004730224609,11.734020233154297,,,,,,,,,,,,,,,,,,,,,,,,,,,,,,,,,,,,,,,,
3,714,,,,,,,,,,,,,,,,,,,,,,,,,,,,,,,,,,,,,,,,,0.3910585939884186,0.2720724940299988,0.18755853176116943,0.22099220752716064,0.367801308631897,0.38071686029434204,0.3664792478084564,1.1584404706954956,0.33547505736351013,0.22999119758605957,6.506419658660889,4.427582263946533,5.195372581481934,6.201285362243652,6.05307674407959,8.230706214904785,8.571389198303223,8.318904876708984,6.225402355194092,5.334054470062256,,,,,,,,,,,8.197869300842285,5.774369716644287,6.239934921264648,6.534966945648193,8.677732467651367,9.999468803405762,9.905936241149902,12.693915367126465,6.64895486831665,7.305548191070557,,,,,,,,,,,,,,,,,,,,,,,,,,,,,,,,,,,,,,,,
3,719,,,,,,,,,,,,,,,,,,,,,,,,,,,,,,,,,,,,,,,,,0.6416035294532776,0.3047729432582855,0.8276240825653076,0.2174777090549469,0.33859023451805115,1.062721848487854,0.38580751419067383,1.342058777809143,0.801393985748291,0.49398472905158997,8.24211597442627,4.928865432739258,9.795458793640137,5.837009906768799,6.934104919433594,13.16430950164795,8.047443389892578,8.498210906982422,8.581562995910645,8.392074584960938,,,,,,,,,,,10.616059303283691,6.111537456512451,13.107751846313477,6.482794284820557,8.326008796691895,16.706506729125977,10.163801193237305,13.66295051574707,10.27652645111084,10.706658363342285,,,,,,,,,,,,,,,,,,,,,,,,,,,,,,,,,,,,,,,,
3,724,,,,,,,,,,,,,,,,,,,,,,,,,,,,,,,,,,,,,,,,,0.2565108835697174,0.2958131432533264,0.19492439925670624,0.3081328272819519,0.14409410953521729,0.18168692290782928,0.35429006814956665,0.20724041759967804,0.26829344034194946,0.35412272810935974,5.372249126434326,4.85420560836792,4.93028450012207,5.750617027282715,4.524322032928467,5.2316460609436035,5.87599515914917,4.77677583694458,5.433130264282227,6.973264217376709,,,,,,,,,,,6.950911045074463,6.021032333374023,6.361283302307129,7.716562747955322,5.43153715133667,6.907767295837402,9.739806175231934,5.36903190612793,5.946046352386475,9.065131187438965,,,,,,,,,,,,,,,,,,,,,,,,,,,,,,,,,,,,,,,,
3,729,,,,,,,,,,,,,,,,,,,,,,,,,,,,,,,,,,,,,,,,,0.2797679603099823,0.2958084046840668,0.14024941623210907,0.23236839473247528,0.29569995403289795,0.2551558017730713,0.569543182849884,0.11693674325942993,0.2544163167476654,0.3577335774898529,5.824184417724609,4.663391590118408,4.364354133605957,5.755964756011963,6.513230800628662,7.542298793792725,8.085470199584961,3.9238617420196533,4.438567161560059,7.130519866943359,,,,,,,,,,,7.263161659240723,6.020984649658203,5.395878791809082,6.701058864593506,7.780818462371826,8.186129570007324,12.349065780639648,4.033055782318115,5.790229320526123,9.111230850219727,,,,,,,,,,,,,,,,,,,,,,,,,,,,,,,,,,,,,,,,
3,734,,,,,,,,,,,,,,,,,,,,,,,,,,,,,,,,,,,,,,,,,0.3460139334201813,0.29186153411865234,0.20662939548492432,0.2691316604614258,0.1897226721048355,0.39188310503959656,0.21721094846725464,0.399613618850708,0.8202522397041321,0.3278201222419739,6.153162002563477,4.672783851623535,4.596073150634766,6.652581691741943,5.1182332038879395,7.800004959106445,6.833144187927246,5.573143482208252,6.791711807250977,7.3407793045043945,,,,,,,,,,,7.813320636749268,5.980682849884033,6.549493789672852,7.21169376373291,6.232456684112549,10.145048141479492,7.626260757446289,7.455536365509033,10.396736145019531,8.721978187561035,,,,,,,,,,,,,,,,,,,,,,,,,,,,,,,,,,,,,,,,
3,739,,,,,,,,,,,,,,,,,,,,,,,,,,,,,,,,,,,,,,,,,0.5177013278007507,0.22410635650157928,0.5175343751907349,0.4325252175331116,1.1015030145645142,0.5113345384597778,0.3983195722103119,0.674952507019043,0.4277864098548889,0.3712497651576996,8.0790376663208,4.711124420166016,8.463369369506836,7.8700995445251465,11.52187728881836,9.641714096069336,8.417972564697266,8.135711669921875,6.18669319152832,7.762773036956787,,,,,,,,,,,9.795653343200684,5.2407002449035645,10.36528491973877,9.142407417297363,15.017321586608887,11.588531494140625,10.327296257019043,9.68936538696289,7.508216857910156,9.281759262084961,,,,,,,,,,,,,,,,,,,,,,,,,,,,,,,,,,,,,,,,
3,744,,,,,,,,,,,,,,,,,,,,,,,,,,,,,,,,,,,,,,,,,0.8908369541168213,0.9477149248123169,0.6523439288139343,1.0365097522735596,0.6386462450027466,0.44020581245422363,0.46926549077033997,1.1342403888702393,1.5038353204727173,1.1947712898254395,9.138657569885254,6.764193058013916,9.267284393310547,10.305634498596191,8.84423828125,8.794028282165527,8.287434577941895,8.274454116821289,9.145596504211426,12.565054893493652,,,,,,,,,,,12.58362865447998,10.777081489562988,11.637239456176758,14.152774810791016,11.434833526611328,10.752358436584473,11.209342002868652,12.560624122619629,14.077430725097656,16.650972366333008,,,,,,,,,,,,,,,,,,,,,,,,,,,,,,,,,,,,,,,,
3,749,,,,,,,,,,,,,,,,,,,,,,,,,,,,,,,,,,,,,,,,,0.6660254597663879,0.30844536423683167,1.229055404663086,2.302635908126831,0.32755395770072937,0.6165907382965088,0.23761750757694244,0.0875924825668335,0.527497410774231,0.3572399616241455,9.04900074005127,5.141305446624756,14.113913536071777,18.843114852905273,6.3909912109375,10.342851638793945,6.994096755981445,3.485468626022339,8.337453842163086,7.791818618774414,,,,,,,,,,,10.337793350219727,6.148248195648193,15.973400115966797,21.094417572021484,8.189192771911621,12.725485801696777,7.976457118988037,3.4905359745025635,8.337453842163086,9.10494327545166,,,,,,,,,,,,,,,,,,,,,,,,,,,,,,,,,,,,,,,,
3,754,,,,,,,,,,,,,,,,,,,,,,,,,,,,,,,,,,,,,,,,,0.5913763046264648,0.18925131857395172,0.5928886532783508,0.7781722545623779,0.749720573425293,1.0276002883911133,0.35788124799728394,0.7194993495941162,0.6384453177452087,0.2689273953437805,8.366276741027832,3.784151315689087,9.501456260681152,9.333656311035156,9.767020225524902,12.58194637298584,8.42603588104248,8.931429862976074,6.694177150726318,6.276614665985107,,,,,,,,,,,10.42842960357666,4.81594705581665,11.094256401062012,12.26288890838623,12.389374732971191,16.428123474121094,9.789043426513672,10.004005432128906,9.172445297241211,7.89977502822876,,,,,,,,,,,,,,,,,,,,,,,,,,,,,,,,,,,,,,,,
3,759,,,,,,,,,,,,,,,,,,,,,,,,,,,,,,,,,,,,,,,,,0.789416491985321,0.5543030500411987,1.0813294649124146,0.7457526326179504,0.35244208574295044,0.8121245503425598,0.4065178334712982,0.9514145255088806,1.8432223796844482,0.3576419949531555,9.340864181518555,7.58634614944458,12.357133865356445,9.187544822692871,6.567104816436768,12.038260459899902,8.4799222946167,7.985557556152344,12.975123405456543,6.89078426361084,,,,,,,,,,,11.662309646606445,8.24206256866455,14.982721328735352,12.00472640991211,8.494610786437988,14.604516983032227,10.433032989501953,11.503859519958496,15.58519172668457,9.110064506530762,,,,,,,,,,,,,,,,,,,,,,,,,,,,,,,,,,,,,,,,
3,764,,,,,,,,,,,,,,,,,,,,,,,,,,,,,,,,,,,,,,,,,0.39161428809165955,0.4127844572067261,0.19625040888786316,0.2935098707675934,0.11869756132364273,0.4244699776172638,0.23767371475696564,0.3407890498638153,0.9055740833282471,0.5947794914245605,6.874619483947754,6.318055152893066,5.577348709106445,6.331796169281006,4.382409572601318,9.002942085266113,6.045785427093506,5.856754302978516,9.443181991577148,8.91330337524414,,,,,,,,,,,8.227726936340332,7.112526893615723,6.382883548736572,7.531235694885254,4.9297003746032715,10.558430671691895,7.977399826049805,6.8849616050720215,10.924090385437012,11.74830436706543,,,,,,,,,,,,,,,,,,,,,,,,,,,,,,,,,,,,,,,,
3,769,,,,,,,,,,,,,,,,,,,,,,,,,,,,,,,,,,,,,,,,,0.6414194107055664,0.7110392451286316,0.7510769963264465,0.5384624004364014,0.6738102436065674,1.0615390539169312,0.862642765045166,0.39572080969810486,0.38108205795288086,0.39740100502967834,8.597782135009766,6.830018043518066,10.185937881469727,7.6102190017700195,10.222122192382812,12.62118911743164,10.66450023651123,5.685962677001953,5.778535842895508,7.781545162200928,,,,,,,,,,,11.085766792297363,9.334887504577637,12.486878395080566,10.200759887695312,11.745416641235352,16.697206497192383,15.197994232177734,7.419132709503174,7.086513042449951,9.603104591369629,,,,,,,,,,,,,,,,,,,,,,,,,,,,,,,,,,,,,,,,
3,774,,,,,,,,,,,,,,,,,,,,,,,,,,,,,,,,,,,,,,,,,0.44199851155281067,0.5306513905525208,0.17038410902023315,0.5578490495681763,0.4044669270515442,0.618824303150177,0.5378542542457581,0.06694436073303223,0.14875322580337524,0.9422587752342224,7.10256814956665,6.675797462463379,4.733347415924072,8.928023338317871,7.710062503814697,9.895078659057617,9.711257934570312,2.653017282485962,3.5330610275268555,10.083463668823242,,,,,,,,,,,8.945515632629395,8.06430435180664,5.947386741638184,10.382769584655762,9.099995613098145,12.748512268066406,12.000603675842285,3.05151629447937,4.427478790283203,14.78707504272461,,,,,,,,,,,,,,,,,,,,,,,,,,,,,,,,,,,,,,,,
3,779,,,,,,,,,,,,,,,,,,,,,,,,,,,,,,,,,,,,,,,,,0.47243446111679077,0.4212409257888794,0.0844489261507988,0.39873456954956055,0.29385530948638916,0.5352981090545654,0.43356752395629883,0.7399849891662598,0.7201074361801147,0.6246725916862488,7.508586406707764,6.083254814147949,3.382870674133301,8.452352523803711,6.294727802276611,9.35873031616211,8.144842147827148,8.436042785644531,7.702504634857178,9.721951484680176,,,,,,,,,,,9.162763595581055,7.1850128173828125,4.187055587768555,8.77802562713623,7.756510257720947,11.856969833374023,10.774550437927246,10.145423889160156,9.741412162780762,12.039915084838867,,,,,,,,,,,,,,,,,,,,,,,,,,,,,,,,,,,,,,,,
3,784,,,,,,,,,,,,,,,,,,,,,,,,,,,,,,,,,,,,,,,,,0.4380565881729126,0.48895952105522156,0.21506504714488983,0.5361515283584595,0.48576852679252625,0.9002289772033691,0.4124899208545685,0.384894996881485,0.3386463522911072,0.18030430376529694,7.051563739776611,6.537050724029541,5.763467788696289,8.404146194458008,7.816864013671875,10.203913688659668,8.735238075256348,6.020740985870361,4.981032848358154,5.001619815826416,,,,,,,,,,,8.991764068603516,7.741029739379883,6.681848049163818,10.178848266601562,9.972736358642578,15.376317977905273,10.50938892364502,7.316946029663086,6.680307865142822,6.468449592590332,,,,,,,,,,,,,,,,,,,,,,,,,,,,,,,,,,,,,,,,
3,789,,,,,,,,,,,,,,,,,,,,,,,,,,,,,,,,,,,,,,,,,0.5896567106246948,0.5205079913139343,0.8274499177932739,0.6348758339881897,0.9852451086044312,0.42257219552993774,0.6225039958953857,0.5975145101547241,0.3018880784511566,0.39435264468193054,8.61635971069336,6.780282974243164,10.781896591186523,8.98521614074707,11.868437767028809,7.920034408569336,9.597941398620605,7.91515588760376,5.0995683670043945,8.598700523376465,,,,,,,,,,,10.534198760986328,7.986858367919922,13.106372833251953,11.076416969299316,14.202727317810059,10.53480052947998,12.910465240478516,9.11660099029541,6.307340145111084,9.566202163696289,,,,,,,,,,,,,,,,,,,,,,,,,,,,,,,,,,,,,,,,
3,794,,,,,,,,,,,,,,,,,,,,,,,,,,,,,,,,,,,,,,,,,0.6837381720542908,0.7765461206436157,0.5072473883628845,0.5558795928955078,0.31762003898620605,0.7226662039756775,0.8867666125297546,0.8137666583061218,0.9795343279838562,0.5936169624328613,8.598321914672852,6.352167129516602,7.785518169403076,8.466809272766113,6.3410563468933105,9.723325729370117,10.63309097290039,8.751893997192383,9.302663803100586,10.028371810913086,,,,,,,,,,,11.263202667236328,9.755417823791504,10.26175308227539,10.364426612854004,8.064056396484375,13.77668571472168,15.409035682678223,10.639192581176758,11.361433029174805,11.736817359924316,,,,,,,,,,,,,,,,,,,,,,,,,,,,,,,,,,,,,,,,
3,799,,,,,,,,,,,,,,,,,,,,,,,,,,,,,,,,,,,,,,,,,0.4873591661453247,0.49032142758369446,0.4727574586868286,0.17896097898483276,0.691776692867279,0.7179264426231384,0.4343874156475067,0.41096362471580505,0.31539443135261536,0.6737440228462219,7.522017002105713,5.737897872924805,7.023330211639404,4.9587554931640625,8.927450180053711,10.030427932739258,9.341018676757812,7.0948944091796875,5.744283676147461,8.840086936950684,,,,,,,,,,,9.6075439453125,7.751802921295166,9.90674114227295,5.880768775939941,11.900976181030273,13.731432914733887,10.784732818603516,7.560671806335449,6.446890830993652,12.503876686096191,,,,,,,,,,,,,,,,,,,,,,,,,,,,,,,,,,,,,,,,
3,804,,,,,,,,,,,,,,,,,,,,,,,,,,,,,,,,,,,,,,,,,0.38127222657203674,0.4173671305179596,0.285879909992218,0.3171939551830292,0.4519905149936676,0.4863142669200897,0.43936607241630554,0.1718595027923584,0.6243939995765686,0.23708467185497284,6.87257719039917,6.004946231842041,6.011739730834961,6.661208152770996,7.703542232513428,9.029276847839355,8.031986236572266,3.956568479537964,7.869443416595459,6.5844807624816895,,,,,,,,,,,8.425559043884277,7.151899337768555,7.703773021697998,7.829199314117432,9.619762420654297,11.301454544067383,10.84636116027832,4.889286518096924,9.070947647094727,7.417353630065918,,,,,,,,,,,,,,,,,,,,,,,,,,,,,,,,,,,,,,,,
3,809,,,,,,,,,,,,,,,,,,,,,,,,,,,,,,,,,,,,,,,,,0.5127561688423157,0.5519630312919617,0.1947079747915268,0.3000987470149994,0.41439634561538696,1.875444769859314,0.6100400686264038,0.11253542453050613,0.19073770940303802,0.3648814558982849,7.338627338409424,5.7989044189453125,5.141107082366943,6.081036567687988,6.364327907562256,15.81800365447998,10.753763198852539,3.3517818450927734,4.843751430511475,7.8949713706970215,,,,,,,,,,,9.39495849609375,8.224647521972656,6.357751369476318,7.615299701690674,9.211016654968262,22.193613052368164,12.780562400817871,3.9564290046691895,5.013506889343262,9.201807022094727,,,,,,,,,,,,,,,,,,,,,,,,,,,,,,,,,,,,,,,,
3,814,,,,,,,,,,,,,,,,,,,,,,,,,,,,,,,,,,,,,,,,,0.28578510880470276,0.37013551592826843,0.23698298633098602,0.23791185021400452,0.5778533816337585,0.3374749422073364,0.10411267727613449,0.1605398803949356,0.12853306531906128,0.4185217022895813,5.722999095916748,5.832475185394287,5.4953932762146,5.978076934814453,7.921907901763916,6.903498649597168,4.396848678588867,4.1630048751831055,3.1588330268859863,7.656952857971191,,,,,,,,,,,7.199677467346191,6.73507833480835,7.014072895050049,6.780519008636475,10.876983642578125,9.4144868850708,5.279862403869629,4.725526332855225,4.11557674407959,9.854990005493164,,,,,,,,,,,,,,,,,,,,,,,,,,,,,,,,,,,,,,,,
3,819,,,,,,,,,,,,,,,,,,,,,,,,,,,,,,,,,,,,,,,,,0.5548451542854309,0.010669867508113384,0.10780981183052063,0.42613086104393005,0.41594648361206055,0.7653632164001465,0.0014603764284402132,0.802342414855957,2.347902536392212,0.11598066985607147,7.457243919372559,1.0866161584854126,4.110445499420166,7.675755977630615,9.190226554870605,12.045096397399902,0.538759171962738,9.968379974365234,17.451580047607422,5.048337459564209,,,,,,,,,,,8.035818099975586,1.1435145139694214,4.730867862701416,9.074577331542969,9.228229522705078,14.177826881408691,0.6253212094306946,10.564248085021973,17.58989715576172,5.187880992889404,,,,,,,,,,,,,,,,,,,,,,,,,,,,,,,,,,,,,,,,
3,819,,,,,,,,,,,,,,,,,,,,,,,,,,,,,,,,,,,,,,,,,,,,,,,,,,,7.1285576820373535,6.084817886352539,6.894083023071289,6.725069046020508,7.585405349731445,8.908498764038086,7.976330757141113,6.135229110717773,6.272313594818115,7.575272560119629,0.5290034413337708,0.49726688861846924,0.574517011642456,0.5810667276382446,0.5628129243850708,0.4773932695388794,0.5502414703369141,0.5176612138748169,0.4801788926124573,0.5198924541473389,9.370688438415527,7.970442771911621,9.109861373901367,8.906392097473145,9.96902084350586,11.742603302001953,10.47280502319336,8.034797668457031,8.278592109680176,9.851675033569336,0.5309422016143799,0.7803866267204285,0.35677802562713623,0.4633809030056,0.5266302824020386,0.467867374420166,0.5274876356124878,0.4351087808609009,0.5806308388710022,0.6447316408157349,7.746408462524414,7.324041843414307,6.897042751312256,7.375280857086182,7.895378589630127,8.800272941589355,8.647238731384277,6.3966803550720215,6.658440589904785,9.723295211791992,0.2896755635738373,0.31289732456207275,0.3033002018928528,0.2904048562049866,0.30384838581085205,0.3081057667732239,0.04444396495819092,0.46661126613616943,0.2974647879600525,0.28000348806381226,9.911639213562012,9.757491111755371,8.830547332763672,9.369080543518066,10.26762866973877,10.961175918579102,11.568312644958496,7.985279083251953,8.177643775939941,12.287593841552734
4,824,,,,,,,,,,,,,,,,,,,,,,,,,,,,,,,,,,,,,,,,,0.28456130623817444,0.3562774956226349,0.2882513701915741,0.30262699723243713,0.3971884846687317,0.3237767219543457,0.245323047041893,0.25681978464126587,0.09410926699638367,0.29667845368385315,5.812099933624268,5.114539623260498,5.814272403717041,6.818903923034668,6.693973064422607,7.016817092895508,6.294648170471191,5.097108364105225,2.9403774738311768,6.518261909484863,,,,,,,,,,,7.347836017608643,6.607793807983398,7.735659599304199,7.647310733795166,9.017745971679688,9.221439361572266,8.104756355285645,5.976858615875244,3.5215957164764404,8.297365188598633,,,,,,,,,,,,,,,,,,,,,,,,,,,,,,,,,,,,,,,,
4,829,,,,,,,,,,,,,,,,,,,,,,,,,,,,,,,,,,,,,,,,,0.41938966512680054,0.22666820883750916,0.313187837600708,0.2682235836982727,0.4260879456996918,0.5777538418769836,0.27742359042167664,0.5124968886375427,0.7136162519454956,0.4590488374233246,7.25641393661499,4.104495525360107,7.1329851150512695,6.6296234130859375,6.770878791809082,8.965327262878418,7.075181007385254,6.357334136962891,9.646409034729004,8.625487327575684,,,,,,,,,,,8.808005332946777,5.270569801330566,8.063323974609375,7.199516773223877,9.340051651000977,12.318201065063477,8.618714332580566,8.443146705627441,9.697407722473145,10.321114540100098,,,,,,,,,,,,,,,,,,,,,,,,,,,,,,,,,,,,,,,,
4,834,,,,,,,,,,,,,,,,,,,,,,,,,,,,,,,,,,,,,,,,,0.7823871970176697,1.0763882398605347,0.5860308408737183,0.2924382984638214,0.6551613807678223,0.37116050720214844,0.35066214203834534,1.8650646209716797,1.3081958293914795,0.5363829731941223,9.429096221923828,9.47833251953125,8.886326789855957,6.620863437652588,9.394426345825195,7.8811798095703125,8.146574020385742,12.938389778137207,11.459486961364746,10.056279182434082,,,,,,,,,,,11.28563404083252,11.485416412353516,11.029908180236816,7.517475605010986,11.58173942565918,9.873172760009766,9.68980884552002,16.106666564941406,13.129846572875977,11.156673431396484,,,,,,,,,,,,,,,,,,,,,,,,,,,,,,,,,,,,,,,,
4,839,,,,,,,,,,,,,,,,,,,,,,,,,,,,,,,,,,,,,,,,,0.43981823325157166,0.282591313123703,0.818254828453064,0.7035834193229675,0.4005724787712097,0.49506115913391113,0.49632227420806885,0.30602550506591797,0.11211791634559631,0.3438352942466736,7.685187339782715,4.4743266105651855,10.549086570739746,10.414920806884766,7.664419174194336,10.248251914978027,8.978713035583496,5.971665382385254,3.1348729133605957,7.730432510375977,,,,,,,,,,,9.096220016479492,5.884934902191162,13.033346176147461,11.660378456115723,9.056078910827637,11.402636528015137,11.527965545654297,6.524354457855225,3.8438003063201904,8.932487487792969,,,,,,,,,,,,,,,,,,,,,,,,,,,,,,,,,,,,,,,,
4,844,,,,,,,,,,,,,,,,,,,,,,,,,,,,,,,,,,,,,,,,,0.3238242268562317,0.20268584787845612,0.136038675904274,0.31283169984817505,0.22560244798660278,0.4921783208847046,0.3763313293457031,0.41119953989982605,0.55592942237854,0.20162060856819153,6.059915542602539,4.584944725036621,4.280858516693115,6.558297157287598,4.910332202911377,8.75121021270752,7.674889087677002,5.369319915771484,6.719496250152588,5.689888000488281,,,,,,,,,,,7.693271160125732,4.983953475952148,5.314260959625244,7.775176048278809,6.796284198760986,11.369388580322266,10.038203239440918,7.562842845916748,8.559198379516602,6.840134143829346,,,,,,,,,,,,,,,,,,,,,,,,,,,,,,,,,,,,,,,,
4,849,,,,,,,,,,,,,,,,,,,,,,,,,,,,,,,,,,,,,,,,,0.5347306132316589,0.30832934379577637,1.1895166635513306,0.26160651445388794,0.3499141335487366,0.2832520008087158,0.7924079298973083,0.7677831649780273,0.11816924065351486,0.7415961027145386,7.853352069854736,5.123637676239014,12.90762996673584,5.932082176208496,6.805851459503174,7.426584720611572,11.741866111755371,7.297609329223633,3.4465904235839844,9.99831771850586,,,,,,,,,,,9.780637741088867,6.147091865539551,15.714367866516113,7.110156536102295,8.464092254638672,8.625064849853516,14.566164016723633,10.334227561950684,3.9461677074432373,13.118403434753418,,,,,,,,,,,,,,,,,,,,,,,,,,,,,,,,,,,,,,,,
4,854,,,,,,,,,,,,,,,,,,,,,,,,,,,,,,,,,,,,,,,,,0.4119667410850525,0.28601548075675964,0.36519426107406616,0.6472001075744629,0.37147971987724304,0.22175584733486176,0.2952401340007782,0.6073461771011353,0.6358532905578613,0.27761584520339966,6.809107303619385,4.217148780822754,6.384572982788086,9.304476737976074,7.427240371704102,6.236456871032715,7.455232620239258,6.8428497314453125,7.02310037612915,6.3908867835998535,,,,,,,,,,,8.602911949157715,5.9204816818237305,8.707101821899414,11.1834077835083,8.72101879119873,7.631561279296875,8.89116096496582,9.191298484802246,9.153807640075684,8.026372909545898,,,,,,,,,,,,,,,,,,,,,,,,,,,,,,,,,,,,,,,,
4,859,,,,,,,,,,,,,,,,,,,,,,,,,,,,,,,,,,,,,,,,,0.5316851735115051,0.5516493320465088,0.7030739784240723,0.5550365447998047,0.11470025777816772,0.3797556757926941,0.22467872500419617,0.791458249092102,0.9621020555496216,0.5027121901512146,7.64982271194458,6.025084972381592,10.19344711303711,8.818557739257812,3.7280282974243164,7.8213348388671875,5.9542107582092285,7.8824944496154785,9.186699867248535,9.23854923248291,,,,,,,,,,,9.533584594726562,8.222309112548828,12.081258773803711,10.356562614440918,4.845982551574707,9.986838340759277,7.756249904632568,10.492348670959473,11.259882926940918,10.800825119018555,,,,,,,,,,,,,,,,,,,,,,,,,,,,,,,,,,,,,,,,
4,864,,,,,,,,,,,,,,,,,,,,,,,,,,,,,,,,,,,,,,,,,0.4319504499435425,0.5338823199272156,0.48166853189468384,0.35382217168807983,0.6106471419334412,0.44007113575935364,0.37157541513442993,0.47719606757164,0.250652939081192,0.3680381178855896,6.867608070373535,5.927697658538818,7.924274921417236,7.123463153839111,7.5262956619262695,7.901416301727295,7.6542582511901855,6.079671859741211,4.332876205444336,7.338516712188721,,,,,,,,,,,9.044442176818848,8.088817596435547,9.999671936035156,8.268893241882324,11.181364059448242,10.750713348388672,9.974573135375977,8.147176742553711,5.747244358062744,9.241524696350098,,,,,,,,,,,,,,,,,,,,,,,,,,,,,,,,,,,,,,,,
4,869,,,,,,,,,,,,,,,,,,,,,,,,,,,,,,,,,,,,,,,,,0.36190667748451233,0.3573928475379944,0.3836449980735779,0.3645664155483246,0.5420477390289307,0.3558940291404724,0.2557818293571472,0.3277187943458557,0.2873562276363373,0.38275715708732605,6.83654260635376,5.275357246398926,7.588155746459961,7.2916364669799805,8.418505668640137,7.8186163902282715,6.648115634918213,6.513073444366455,4.973021507263184,7.002396583557129,,,,,,,,,,,8.304901123046875,6.618128299713135,8.924346923828125,8.393502235412598,10.534608840942383,9.667990684509277,8.275716781616211,6.751641750335693,6.153661727905273,9.424511909484863,,,,,,,,,,,,,,,,,,,,,,,,,,,,,,,,,,,,,,,,
4,874,,,,,,,,,,,,,,,,,,,,,,,,,,,,,,,,,,,,,,,,,0.48148098587989807,0.26951828598976135,0.30004236102104187,0.4921751022338867,0.5258749127388,0.5782966613769531,0.8765907287597656,0.3198481500148773,0.5076483488082886,0.4633340537548065,7.077841281890869,4.521304607391357,6.124752521514893,6.826536655426025,8.324102401733398,9.78109073638916,9.66581916809082,4.604825496673584,5.874788284301758,7.977349758148193,,,,,,,,,,,9.625657081604004,5.747201442718506,7.8922882080078125,9.752471923828125,10.376260757446289,12.323986053466797,15.320368766784668,6.670073986053467,8.179085731506348,10.36917781829834,,,,,,,,,,,,,,,,,,,,,,,,,,,,,,,,,,,,,,,,
4,879,,,,,,,,,,,,,,,,,,,,,,,,,,,,,,,,,,,,,,,,,0.48254987597465515,0.4365716576576233,0.1029677614569664,0.17401279509067535,0.8075020909309387,0.6847890615463257,0.4898911416530609,0.6090365648269653,0.2672339677810669,0.7709438800811768,6.966424942016602,5.993325710296631,4.0142717361450195,4.578381538391113,8.501172065734863,9.44196891784668,9.209980010986328,6.334013938903809,4.32559871673584,10.299108505249023,,,,,,,,,,,9.330276489257812,7.314590930938721,4.623409271240234,5.798898220062256,12.857941627502441,13.410787582397461,11.453035354614258,9.204079627990723,5.934294700622559,13.375455856323242,,,,,,,,,,,,,,,,,,,,,,,,,,,,,,,,,,,,,,,,
4,884,,,,,,,,,,,,,,,,,,,,,,,,,,,,,,,,,,,,,,,,,0.24266964197158813,0.24000360071659088,0.18736444413661957,0.13276436924934387,0.24150097370147705,0.509054958820343,0.2776062786579132,0.10672515630722046,0.11019735038280487,0.37880939245224,5.540399551391602,4.489604473114014,5.699601650238037,4.667720317840576,5.641474723815918,9.20179557800293,7.075852394104004,2.8360061645507812,3.1382999420166016,7.113234519958496,,,,,,,,,,,6.775627613067627,5.423394203186035,6.236705303192139,5.065188407897949,7.031680107116699,11.562670707702637,8.621551513671875,3.8529388904571533,3.8107359409332275,9.37578296661377,,,,,,,,,,,,,,,,,,,,,,,,,,,,,,,,,,,,,,,,
4,889,,,,,,,,,,,,,,,,,,,,,,,,,,,,,,,,,,,,,,,,,0.4462994933128357,0.15352073311805725,0.45984330773353577,0.4674663841724396,0.5803192853927612,0.7137163877487183,0.4835408926010132,0.6082308292388916,0.17021425068378448,0.379843533039093,7.470847129821777,3.117692708969116,7.9926862716674805,8.554443359375,7.38724946975708,10.970623970031738,9.59061050415039,8.119329452514648,3.6214537620544434,7.8835368156433105,,,,,,,,,,,9.211675643920898,4.3375630378723145,9.770495414733887,9.504517555236816,10.900166511535645,13.691110610961914,11.378561973571777,9.197990417480469,4.7361040115356445,9.388572692871094,,,,,,,,,,,,,,,,,,,,,,,,,,,,,,,,,,,,,,,,
4,894,,,,,,,,,,,,,,,,,,,,,,,,,,,,,,,,,,,,,,,,,0.4251455068588257,0.6971689462661743,0.3748934864997864,0.46319055557250977,0.5239927172660828,0.23307852447032928,0.4736948311328888,0.33939504623413086,0.49731433391571045,0.223581001162529,7.018107891082764,7.9114837646484375,7.025927543640137,7.051151275634766,8.254463195800781,6.259740829467773,9.236701965332031,5.037471771240234,6.414730548858643,5.971299648284912,,,,,,,,,,,8.79326343536377,9.243390083312988,8.82197093963623,9.460949897766113,10.357674598693848,7.8239665031433105,11.262120246887207,6.870865345001221,8.09540843963623,7.2030205726623535,,,,,,,,,,,,,,,,,,,,,,,,,,,,,,,,,,,,,,,,
4,899,,,,,,,,,,,,,,,,,,,,,,,,,,,,,,,,,,,,,,,,,0.42523643374443054,0.45986172556877136,0.2569654583930969,0.46425819396972656,0.305439829826355,0.2894558310508728,0.38096967339515686,0.4220377802848816,0.7899638414382935,0.4581754505634308,6.592970848083496,6.042273998260498,4.507009506225586,7.71799898147583,5.869970798492432,5.6071577072143555,8.32522964477539,6.305922508239746,6.731088638305664,8.230086326599121,,,,,,,,,,,8.798418045043945,7.507164001464844,7.303802967071533,9.471846580505371,7.907924175262451,8.71900749206543,10.099875450134277,7.661862850189209,10.202977180480957,10.31129264831543,,,,,,,,,,,,,,,,,,,,,,,,,,,,,,,,,,,,,,,,
4,904,,,,,,,,,,,,,,,,,,,,,,,,,,,,,,,,,,,,,,,,,0.40902554988861084,0.4543544352054596,0.23005640506744385,0.27211838960647583,0.5458663702011108,0.5336020588874817,0.3516367971897125,0.31624147295951843,0.6906284093856812,0.28672558069229126,6.441641807556152,6.5890583992004395,5.451257705688477,6.13201904296875,7.466238498687744,9.147188186645508,4.714430332183838,4.693596839904785,7.277028560638428,6.503961086273193,,,,,,,,,,,8.67409610748291,7.462075710296631,6.910808086395264,7.2515997886657715,10.571651458740234,11.838171005249023,9.703266143798828,6.632360458374023,9.539937019348145,8.156998634338379,,,,,,,,,,,,,,,,,,,,,,,,,,,,,,,,,,,,,,,,
4,909,,,,,,,,,,,,,,,,,,,,,,,,,,,,,,,,,,,,,,,,,0.6340164542198181,0.4129788279533386,0.39293044805526733,0.49148696660995483,1.0507607460021973,0.8415713310241699,0.642216682434082,0.4905674159526825,0.8381449580192566,0.545491099357605,8.916586875915527,5.675883769989014,5.975833415985107,7.79921817779541,11.675236701965332,12.969545364379883,10.555595397949219,7.5746355056762695,8.944303512573242,9.079028129577637,,,,,,,,,,,10.951129913330078,7.114201545715332,9.031700134277344,9.745652198791504,14.66734790802002,14.866930961608887,13.113287925720215,8.26053237915039,10.509519577026367,11.250997543334961,,,,,,,,,,,,,,,,,,,,,,,,,,,,,,,,,,,,,,,,
4,914,,,,,,,,,,,,,,,,,,,,,,,,,,,,,,,,,,,,,,,,,0.6272862553596497,0.589568018913269,0.5797842144966125,0.3796535134315491,1.0756181478500366,0.5783652067184448,0.5562036037445068,0.11432384699583054,1.0684723854064941,0.7035874128341675,8.527600288391113,6.677478313446045,8.403501510620117,7.18276309967041,12.642252922058105,11.149813652038574,10.122633934020996,3.004000186920166,9.289321899414062,8.276637077331543,,,,,,,,,,,10.670697212219238,8.500201225280762,10.970965385437012,8.565418243408203,14.839821815490723,12.324716567993164,12.203594207763672,3.9877426624298096,11.866015434265137,12.777802467346191,,,,,,,,,,,,,,,,,,,,,,,,,,,,,,,,,,,,,,,,
4,919,,,,,,,,,,,,,,,,,,,,,,,,,,,,,,,,,,,,,,,,,0.3377702236175537,0.6449137926101685,0.14318647980690002,0.5227129459381104,0.3067663908004761,0.2665783762931824,0.2806205451488495,0.3855718672275543,0.34430986642837524,0.14527182281017303,5.92044734954834,6.948853969573975,4.7720441818237305,7.572840213775635,6.449766635894775,6.598903656005859,6.708498954772949,5.3294196128845215,4.517238616943359,4.38646125793457,,,,,,,,,,,7.690990924835205,8.890231132507324,5.452085494995117,10.050474166870117,7.92507791519165,8.367358207702637,8.668231964111328,7.323376655578613,6.735937118530273,5.806144714355469,,,,,,,,,,,,,,,,,,,,,,,,,,,,,,,,,,,,,,,,
4,924,,,,,,,,,,,,,,,,,,,,,,,,,,,,,,,,,,,,,,,,,0.4469529390335083,0.5382490158081055,0.254634827375412,0.3280361294746399,0.18545283377170563,0.5174519419670105,0.4360654950141907,1.3363670110702515,0.07323859632015228,0.35308024287223816,6.613858699798584,6.805069923400879,4.50691032409668,6.020657539367676,4.828981399536133,9.923199653625488,8.427891731262207,8.26369571685791,2.997560501098633,7.750758647918701,,,,,,,,,,,8.641313552856445,8.121830940246582,7.270605564117432,7.9618821144104,6.161924362182617,11.657646179199219,10.805545806884766,13.63394832611084,3.106656789779663,9.051778793334961,,,,,,,,,,,,,,,,,,,,,,,,,,,,,,,,,,,,,,,,
4,929,,,,,,,,,,,,,,,,,,,,,,,,,,,,,,,,,,,,,,,,,0.31406107544898987,0.654560387134552,0.023209748789668083,0.025263957679271698,0.6263257265090942,0.6093290448188782,0.3238101005554199,0.0001223974395543337,0.19507677853107452,0.3688516914844513,5.678381443023682,6.709498405456543,1.8854643106460571,1.7120288610458374,9.61470890045166,11.146978378295898,7.45306921005249,0.13048171997070312,5.070211410522461,7.382988929748535,,,,,,,,,,,6.788808345794678,8.956476211547852,2.1950621604919434,2.2095589637756348,11.323997497558594,12.65032958984375,9.311421394348145,0.13048171997070312,5.070211410522461,9.25173282623291,,,,,,,,,,,,,,,,,,,,,,,,,,,,,,,,,,,,,,,,
4,934,,,,,,,,,,,,,,,,,,,,,,,,,,,,,,,,,,,,,,,,,0.35375314950942993,0.38869819045066833,0.14372792840003967,0.12581861019134521,0.9435998797416687,0.36378365755081177,0.1559121459722519,0.1330588310956955,0.6441270709037781,0.28505194187164307,6.027235507965088,5.0146942138671875,4.181861877441406,4.584853649139404,9.483555793762207,7.2930498123168945,5.420082092285156,3.7214231491088867,7.401278018951416,7.144321918487549,,,,,,,,,,,7.675408363342285,6.90189790725708,5.4623847007751465,4.930912971496582,13.899321556091309,9.774566650390625,6.4611639976501465,4.302100658416748,9.21316909790039,8.133157730102539,,,,,,,,,,,,,,,,,,,,,,,,,,,,,,,,,,,,,,,,
4,939,,,,,,,,,,,,,,,,,,,,,,,,,,,,,,,,,,,,,,,,,0.3862622082233429,0.953902006149292,0.08521690219640732,0.18403743207454681,0.5337469577789307,0.6668716669082642,0.3184519112110138,0.19390392303466797,0.432991087436676,0.10723801702260971,6.067783832550049,6.908546447753906,3.374781370162964,4.8946404457092285,7.601890563964844,9.810980796813965,7.563764572143555,4.5055317878723145,6.2119598388671875,3.737959384918213,,,,,,,,,,,7.959932804107666,10.812201499938965,4.206050872802734,5.963593482971191,10.453635215759277,13.23417854309082,9.234060287475586,5.193403244018555,7.553752422332764,4.988518238067627,,,,,,,,,,,,,,,,,,,,,,,,,,,,,,,,,,,,,,,,
4,944,,,,,,,,,,,,,,,,,,,,,,,,,,,,,,,,,,,,,,,,,0.21379974484443665,0.2232881784439087,0.13292787969112396,0.14977088570594788,0.38922542333602905,0.2636231780052185,0.05882728099822998,0.07705222070217133,0.0790049135684967,0.5504776239395142,5.146903038024902,4.614889621734619,4.565398693084717,4.871941566467285,7.22606086730957,6.949451923370361,3.1905109882354736,2.8480422496795654,2.6131489276885986,9.442683219909668,,,,,,,,,,,6.098154544830322,5.231125354766846,5.253148078918457,5.3798298835754395,8.926891326904297,8.32084846496582,3.968808650970459,3.2737934589385986,3.2266387939453125,11.302305221557617,,,,,,,,,,,,,,,,,,,,,,,,,,,,,,,,,,,,,,,,
4,949,,,,,,,,,,,,,,,,,,,,,,,,,,,,,,,,,,,,,,,,,0.26718178391456604,0.17608244717121124,0.3859579563140869,0.40674710273742676,0.20536020398139954,0.2816123068332672,0.1946820318698883,0.4504714608192444,0.06778275966644287,0.23593980073928833,5.71559476852417,3.9225034713745117,6.810523986816406,7.757606506347656,4.823415279388428,7.937592029571533,5.548086643218994,6.066046714782715,2.9279022216796875,5.646677017211914,,,,,,,,,,,7.0078301429748535,4.645369529724121,8.951208114624023,8.86578369140625,6.484220504760742,8.600064277648926,7.219942569732666,7.915754795074463,2.988704204559326,7.3994221687316895,,,,,,,,,,,,,,,,,,,,,,,,,,,,,,,,,,,,,,,,
4,954,,,,,,,,,,,,,,,,,,,,,,,,,,,,,,,,,,,,,,,,,0.32742148637771606,0.492795467376709,0.6019011735916138,0.2804522216320038,0.33012253046035767,0.15303638577461243,0.34564685821533203,0.2636437714099884,0.16372981667518616,0.31546518206596375,6.39223051071167,6.31757116317749,9.219131469726562,6.104363441467285,6.332931995391846,5.494067192077637,7.246837615966797,4.8521575927734375,3.9385833740234375,8.024433135986328,,,,,,,,,,,7.749942302703857,7.771334648132324,11.178260803222656,7.361805438995361,8.22123908996582,6.339765548706055,9.620266914367676,6.055743217468262,4.645015239715576,8.556042671203613,,,,,,,,,,,,,,,,,,,,,,,,,,,,,,,,,,,,,,,,
4,959,,,,,,,,,,,,,,,,,,,,,,,,,,,,,,,,,,,,,,,,,0.35345569252967834,0.6130496859550476,0.11346837878227234,0.08165344595909119,0.4027535021305084,0.8371695280075073,0.43222594261169434,0.014851611107587814,0.19743815064430237,0.488491028547287,5.784248352050781,6.250081539154053,3.7640433311462402,2.9745421409606934,6.705254077911377,10.719606399536133,8.129669189453125,1.3572036027908325,3.6928601264953613,8.464975357055664,,,,,,,,,,,7.705020427703857,8.667824745178223,4.853433609008789,3.9723010063171387,9.080699920654297,14.82800006866455,10.757867813110352,1.4372936487197876,5.10080623626709,10.646957397460938,,,,,,,,,,,,,,,,,,,,,,,,,,,,,,,,,,,,,,,,
4,964,,,,,,,,,,,,,,,,,,,,,,,,,,,,,,,,,,,,,,,,,0.5183189511299133,0.8081791996955872,0.550222635269165,0.44107040762901306,0.16907647252082825,0.37629660964012146,0.3725290298461914,0.5118483901023865,0.7655014991760254,0.6701465249061584,7.449796199798584,7.844245433807373,8.238451957702637,6.919358730316162,4.791721820831299,7.657934188842773,8.922602653503418,4.818392753601074,8.788320541381836,9.06713581085205,,,,,,,,,,,9.626248359680176,9.952132225036621,10.687617301940918,9.232276916503906,5.883574485778809,9.941250801086426,9.9873628616333,8.437803268432617,10.043760299682617,12.470449447631836,,,,,,,,,,,,,,,,,,,,,,,,,,,,,,,,,,,,,,,,
4,969,,,,,,,,,,,,,,,,,,,,,,,,,,,,,,,,,,,,,,,,,0.4246998429298401,0.2489178627729416,0.2964900732040405,0.3945005536079407,0.6321544647216797,0.47150832414627075,0.42057400941848755,0.38540881872177124,0.5092527866363525,0.46349161863327026,7.545131206512451,4.418929576873779,7.017388343811035,5.932404518127441,9.692172050476074,9.664037704467773,9.132974624633789,6.886783599853516,7.048961162567139,8.112529754638672,,,,,,,,,,,9.011245727539062,5.523193836212158,7.845429420471191,8.731294631958008,11.376567840576172,11.128087997436523,10.611872673034668,7.3218278884887695,8.192001342773438,10.370940208435059,,,,,,,,,,,,,,,,,,,,,,,,,,,,,,,,,,,,,,,,
4,974,,,,,,,,,,,,,,,,,,,,,,,,,,,,,,,,,,,,,,,,,0.4947834610939026,0.395155668258667,0.5251802802085876,0.470620721578598,0.4884655177593231,0.547048807144165,0.3453173041343689,1.0473099946975708,0.22523967921733856,0.4087132215499878,8.159783363342285,5.188692569732666,9.850411415100098,8.585930824279785,8.134437561035156,10.022918701171875,8.359251976013184,10.414793014526367,5.008635997772217,7.872978210449219,,,,,,,,,,,9.532910346984863,6.958992958068848,10.441572189331055,9.536530494689941,10.000382423400879,11.986404418945312,9.615679740905762,12.069695472717285,5.448108196258545,9.738824844360352,,,,,,,,,,,,,,,,,,,,,,,,,,,,,,,,,,,,,,,,
4,979,,,,,,,,,,,,,,,,,,,,,,,,,,,,,,,,,,,,,,,,,0.6236361265182495,1.5720747709274292,0.18528540432453156,0.19312894344329834,0.5898616909980774,1.0223472118377686,0.4486294388771057,0.18516576290130615,0.38612645864486694,1.0301059484481812,7.790886878967285,9.36359691619873,5.315888404846191,5.025007724761963,8.763083457946777,11.31993579864502,8.300134658813477,4.464506149291992,5.648677349090576,11.917146682739258,,,,,,,,,,,10.244038581848145,13.880301475524902,6.202007293701172,6.109118461608887,10.989418983459473,16.386079788208008,10.960103988647461,5.075035572052002,7.133260250091553,15.461020469665527,,,,,,,,,,,,,,,,,,,,,,,,,,,,,,,,,,,,,,,,
4,984,,,,,,,,,,,,,,,,,,,,,,,,,,,,,,,,,,,,,,,,,0.6594690680503845,0.6900142431259155,0.684105396270752,0.5081480145454407,0.5124494433403015,0.4672167897224426,0.5987215042114258,0.6158249378204346,1.0868291854858398,0.7719119191169739,8.67487621307373,7.240366458892822,8.71738052368164,6.673170566558838,7.609684944152832,8.32664966583252,9.727338790893555,7.947237014770508,10.269986152648926,11.56207275390625,,,,,,,,,,,11.067866325378418,9.19583797454834,11.917171478271484,9.909460067749023,10.242953300476074,11.077329635620117,12.661444664001465,9.255232810974121,11.967514038085938,13.383849143981934,,,,,,,,,,,,,,,,,,,,,,,,,,,,,,,,,,,,,,,,
4,989,,,,,,,,,,,,,,,,,,,,,,,,,,,,,,,,,,,,,,,,,0.49795272946357727,0.5692224502563477,0.45764023065567017,0.5277045369148254,0.35115566849708557,0.5687610507011414,0.34918278455734253,0.6511920690536499,0.38717350363731384,0.6195424795150757,7.644211769104004,6.111559867858887,8.693647384643555,8.527371406555176,6.272156238555908,9.62593936920166,7.2261738777160645,7.126823902130127,5.907022476196289,9.307210922241211,,,,,,,,,,,9.690960884094238,8.352245330810547,9.747061729431152,10.098347663879395,8.479094505310059,12.22195816040039,9.669347763061523,9.517290115356445,7.142924785614014,11.990373611450195,,,,,,,,,,,,,,,,,,,,,,,,,,,,,,,,,,,,,,,,
4,994,,,,,,,,,,,,,,,,,,,,,,,,,,,,,,,,,,,,,,,,,0.8882347941398621,0.5628966689109802,1.0632139444351196,1.1899126768112183,0.2956336438655853,0.8016025424003601,0.7359166741371155,1.0824558734893799,1.1676067113876343,1.0948742628097534,9.230935096740723,6.8775482177734375,10.75981330871582,10.96777629852295,6.295311450958252,9.83839225769043,11.848193168640137,8.149499893188477,7.968392848968506,10.373481750488281,,,,,,,,,,,12.807526588439941,8.305707931518555,14.856687545776367,15.16395378112793,7.779946327209473,14.509597778320312,14.03735065460205,12.27054500579834,12.404281616210938,15.93967056274414,,,,,,,,,,,,,,,,,,,,,,,,,,,,,,,,,,,,,,,,
4,999,,,,,,,,,,,,,,,,,,,,,,,,,,,,,,,,,,,,,,,,,0.46287769079208374,0.5320053100585938,0.5962851047515869,0.5158407688140869,0.297696977853775,0.3995426893234253,0.5783969163894653,0.602249801158905,0.2921546399593353,0.3517267405986786,7.708387851715088,6.141213417053223,9.651329040527344,8.834756851196289,6.1106719970703125,8.677358627319336,10.004749298095703,7.827311992645264,4.725863456726074,7.402233600616455,,,,,,,,,,,9.341343879699707,8.074585914611816,11.12598991394043,9.984187126159668,7.807048797607422,10.243714332580566,12.444680213928223,9.152654647827148,6.204826831817627,9.034412384033203,,,,,,,,,,,,,,,,,,,,,,,,,,,,,,,,,,,,,,,,
4,1004,,,,,,,,,,,,,,,,,,,,,,,,,,,,,,,,,,,,,,,,,0.430752694606781,0.5573400259017944,0.2713276445865631,0.16852013766765594,0.67364501953125,0.5864935517311096,0.3625912666320801,0.09239339828491211,0.9195290803909302,0.24493396282196045,7.118011474609375,6.685367584228516,7.2107110023498535,4.668159008026123,7.84736967086792,10.461308479309082,8.265151023864746,3.1842727661132812,9.003786087036133,6.735976219177246,,,,,,,,,,,8.62407112121582,8.26461124420166,7.505137920379639,5.706644058227539,11.743976593017578,12.411020278930664,9.853249549865723,3.5849173069000244,11.007939338684082,7.539138317108154,,,,,,,,,,,,,,,,,,,,,,,,,,,,,,,,,,,,,,,,
4,1009,,,,,,,,,,,,,,,,,,,,,,,,,,,,,,,,,,,,,,,,,0.587194561958313,0.37919285893440247,0.5723052024841309,0.5233506560325623,0.846897542476654,0.4746887981891632,0.7935806512832642,0.9120333194732666,0.5107795000076294,0.2719220221042633,8.249401092529297,5.811860084533691,8.986391067504883,6.894358158111572,11.422428131103516,10.076751708984375,10.306283950805664,8.201492309570312,5.9224090576171875,6.6226277351379395,,,,,,,,,,,10.455008506774902,6.8169846534729,10.899975776672363,10.056601524353027,13.16785717010498,11.165555953979492,14.57693862915039,11.263258934020996,8.20427131652832,7.943637371063232,,,,,,,,,,,,,,,,,,,,,,,,,,,,,,,,,,,,,,,,
4,1014,,,,,,,,,,,,,,,,,,,,,,,,,,,,,,,,,,,,,,,,,0.2605545222759247,0.1682121306657791,0.4647403657436371,0.16334642469882965,0.13341861963272095,0.2853166162967682,0.3264363706111908,0.30148449540138245,0.22034800052642822,0.28168749809265137,5.8983588218688965,3.9801783561706543,9.266565322875977,4.996944427490234,3.827738046646118,7.89824104309082,7.270106792449951,5.01646614074707,4.1488728523254395,6.680114269256592,,,,,,,,,,,7.018058776855469,4.5403666496276855,9.822381973266602,5.618361473083496,5.2264628410339355,8.656441688537598,9.349104881286621,6.475766181945801,5.3886237144470215,8.085017204284668,,,,,,,,,,,,,,,,,,,,,,,,,,,,,,,,,,,,,,,,
4,1019,,,,,,,,,,,,,,,,,,,,,,,,,,,,,,,,,,,,,,,,,0.47056907415390015,0.519656777381897,0.31093069911003113,0.4204387664794922,0.6461043357849121,0.3392900228500366,0.5534608960151672,0.5270294547080994,0.5170907974243164,0.4011201560497284,7.352913856506348,6.4386115074157715,6.950497150421143,7.54057502746582,9.596692085266113,7.249046325683594,9.206730842590332,6.065570831298828,6.167171001434326,6.961331844329834,,,,,,,,,,,9.400856971740723,7.9803242683410645,8.034215927124023,9.013766288757324,11.501407623291016,9.43976879119873,12.173466682434082,8.562018394470215,8.254803657531738,9.647936820983887,,,,,,,,,,,,,,,,,,,,,,,,,,,,,,,,,,,,,,,,
4,1024,,,,,,,,,,,,,,,,,,,,,,,,,,,,,,,,,,,,,,,,,0.29873862862586975,0.11640526354312897,0.3852020502090454,0.0995885580778122,0.19151383638381958,0.08738131821155548,0.17963135242462158,0.5392963290214539,0.10519871115684509,0.9844304323196411,5.892055511474609,2.477398157119751,7.624176502227783,4.131643772125244,4.958087921142578,4.037829875946045,5.916285037994385,6.769411087036133,3.7198305130004883,13.393837928771973,,,,,,,,,,,6.954746723175049,3.7770133018493652,8.942438125610352,4.386919021606445,6.261808395385742,4.790547847747803,6.935245037078857,8.661088943481445,3.723304271697998,15.114357948303223,,,,,,,,,,,,,,,,,,,,,,,,,,,,,,,,,,,,,,,,
4,1024,,,,,,,,,,,,,,,,,,,,,,,,,,,,,,,,,,,,,,,,,,,,,,,,,,,7.103180885314941,6.01675271987915,6.881828784942627,6.753836154937744,7.584004878997803,8.925012588500977,7.842488765716553,6.139490604400635,6.224860191345215,7.560353755950928,0.528461754322052,0.5011123418807983,0.568480908870697,0.5775414705276489,0.5632137060165405,0.4743198752403259,0.5622522234916687,0.5128161311149597,0.48027199506759644,0.5161468982696533,9.3749361038208,7.939900875091553,9.174248695373535,8.943784713745117,9.96445369720459,11.777081489562988,10.332022666931152,8.075050354003906,8.277850151062012,9.890029907226562,0.5060109496116638,0.7147303223609924,0.36250370740890503,0.43438395857810974,0.5485702753067017,0.4901101887226105,0.5118187665939331,0.3901728391647339,0.56767338514328,0.5338274240493774,7.702727317810059,6.97806453704834,6.865110874176025,7.580124378204346,8.146730422973633,9.135162353515625,8.603546142578125,6.4352922439575195,6.74491548538208,8.835600852966309,0.30740609765052795,0.37524712085723877,0.28877609968185425,0.29691463708877563,0.27064192295074463,0.2714272737503052,0.053432464599609375,0.5092648863792419,0.3047837018966675,0.39616698026657104,9.763425827026367,9.304252624511719,8.922117233276367,9.326005935668945,10.509659767150879,11.24795913696289,11.513774871826172,7.659347057342529,8.13493537902832,11.252786636352539
5,1029,,,,,,,,,,,,,,,,,,,,,,,,,,,,,,,,,,,,,,,,,0.9118565320968628,0.6248162388801575,0.7238571047782898,0.7481639981269836,0.9789894819259644,0.521826982498169,0.5557922720909119,2.188415765762329,1.3996710777282715,0.4651751220226288,10.202250480651855,6.366758823394775,10.057623863220215,8.717144012451172,12.348912239074707,9.731837272644043,9.45259952545166,14.620400428771973,11.283282279968262,9.241689682006836,,,,,,,,,,,12.50163745880127,8.750611305236816,12.25852108001709,12.02411937713623,14.157567024230957,11.70682430267334,12.199079513549805,17.44711685180664,13.58114242553711,10.389759063720703,,,,,,,,,,,,,,,,,,,,,,,,,,,,,,,,,,,,,,,,
5,1034,,,,,,,,,,,,,,,,,,,,,,,,,,,,,,,,,,,,,,,,,0.4310016632080078,0.43804731965065,0.41781073808670044,0.2918264865875244,0.3769782781600952,0.5007609724998474,0.3158106505870819,0.7465183734893799,0.3995148539543152,0.3917473554611206,7.450619220733643,6.112339019775391,7.897316932678223,6.367191791534424,7.501035213470459,9.187329292297363,7.473541259765625,8.903854370117188,6.034019470214844,7.578945636749268,,,,,,,,,,,8.953271865844727,7.3269429206848145,9.313253402709961,7.509607315063477,8.785324096679688,11.468091011047363,9.195687294006348,10.190112113952637,7.255874156951904,9.534551620483398,,,,,,,,,,,,,,,,,,,,,,,,,,,,,,,,,,,,,,,,
5,1039,,,,,,,,,,,,,,,,,,,,,,,,,,,,,,,,,,,,,,,,,0.5432053208351135,0.38694998621940613,0.5749967098236084,0.6815149188041687,0.4019095301628113,0.23323379456996918,0.34423497319221497,0.8897459506988525,0.901024341583252,0.47523757815361023,7.671439170837402,4.862983226776123,8.142810821533203,8.825845718383789,7.351118087768555,5.857125282287598,7.568139553070068,9.13698959350586,8.557851791381836,8.740084648132324,,,,,,,,,,,9.812140464782715,6.886359214782715,10.925575256347656,11.476053237915039,9.07118034362793,7.826571941375732,9.600598335266113,11.124787330627441,10.896613121032715,10.501529693603516,,,,,,,,,,,,,,,,,,,,,,,,,,,,,,,,,,,,,,,,
5,1044,,,,,,,,,,,,,,,,,,,,,,,,,,,,,,,,,,,,,,,,,0.4238263666629791,0.39743572473526,0.6525969505310059,0.11526324599981308,0.6340747475624084,0.5037522315979004,0.5360981225967407,0.1165236383676529,0.26177310943603516,0.5969197750091553,7.42680025100708,5.996388912200928,10.622549057006836,3.1641666889190674,9.205108642578125,9.380331993103027,9.986411094665527,3.537670612335205,5.506174564361572,9.442404747009277,,,,,,,,,,,8.875988960266113,6.979040145874023,11.639496803283691,4.719547271728516,11.39383316040039,11.502290725708008,11.980996131896973,4.025925636291504,5.873349189758301,11.76942253112793,,,,,,,,,,,,,,,,,,,,,,,,,,,,,,,,,,,,,,,,
5,1049,,,,,,,,,,,,,,,,,,,,,,,,,,,,,,,,,,,,,,,,,0.48588764667510986,0.34779584407806396,0.15342512726783752,0.40017783641815186,0.3233659267425537,0.3210487365722656,0.19441929459571838,0.7212616801261902,1.2093369960784912,0.7021572589874268,7.129894733428955,4.794307708740234,4.541614532470703,6.638367652893066,6.212456703186035,7.5513596534729,6.400818824768066,7.3584418296813965,10.115483283996582,10.556207656860352,,,,,,,,,,,8.989501953125,6.528666973114014,5.64364767074585,8.793896675109863,8.13667106628418,9.18250846862793,7.215068817138672,10.016249656677246,12.62399959564209,12.764810562133789,,,,,,,,,,,,,,,,,,,,,,,,,,,,,,,,,,,,,,,,
5,1054,,,,,,,,,,,,,,,,,,,,,,,,,,,,,,,,,,,,,,,,,0.3717400133609772,0.3593713641166687,0.2085731476545334,0.22850385308265686,0.5060110092163086,0.3818149268627167,0.4245103597640991,0.3876905143260956,0.4338322579860687,0.41535288095474243,6.8709797859191895,5.37471866607666,4.747565746307373,5.3737101554870605,8.650376319885254,7.341562747955322,8.748212814331055,6.480313301086426,6.430210113525391,8.69214916229248,,,,,,,,,,,8.3819580078125,6.6364216804504395,6.580226421356201,6.645102024078369,10.1784029006958,10.01387882232666,10.661417961120605,7.343469619750977,7.561086654663086,9.817611694335938,,,,,,,,,,,,,,,,,,,,,,,,,,,,,,,,,,,,,,,,
5,1059,,,,,,,,,,,,,,,,,,,,,,,,,,,,,,,,,,,,,,,,,0.3395405411720276,0.2324105203151703,0.1547802984714508,0.24231353402137756,0.2856523394584656,0.16995730996131897,0.12748339772224426,0.6299552917480469,0.9018128514289856,0.3114994466304779,5.5276336669921875,4.023554801940918,3.3003337383270264,5.22213077545166,6.083077907562256,5.746662139892578,4.29449987411499,5.572831630706787,8.660666465759277,6.844943523406982,,,,,,,,,,,7.420412063598633,5.336913585662842,5.668517589569092,6.842955589294434,7.647482872009277,6.681066036224365,5.842484951019287,9.36081314086914,10.90138053894043,8.502093315124512,,,,,,,,,,,,,,,,,,,,,,,,,,,,,,,,,,,,,,,,
5,1064,,,,,,,,,,,,,,,,,,,,,,,,,,,,,,,,,,,,,,,,,0.3669830858707428,0.41978317499160767,0.4243312478065491,0.5539894700050354,0.2907341718673706,0.3372379243373871,0.38919591903686523,0.267150342464447,0.4677444398403168,0.15268118679523468,6.922076225280762,6.07808256149292,7.833955764770508,7.808080673217773,6.651813983917236,7.57289981842041,8.209375381469727,5.650496006011963,7.421560764312744,5.072424411773682,,,,,,,,,,,8.237668991088867,7.172569751739502,9.385645866394043,10.346790313720703,7.715208530426025,9.411179542541504,10.208335876464844,6.095881938934326,7.851047515869141,5.952370643615723,,,,,,,,,,,,,,,,,,,,,,,,,,,,,,,,,,,,,,,,
5,1069,,,,,,,,,,,,,,,,,,,,,,,,,,,,,,,,,,,,,,,,,0.5494896769523621,1.0312367677688599,0.8180097937583923,0.39216113090515137,0.17831231653690338,0.7078128457069397,0.15090562403202057,0.5474532842636108,0.4152398705482483,0.7042755484580994,8.07118034362793,9.457162857055664,11.688667297363281,6.853241920471191,4.984286785125732,9.916572570800781,5.06063175201416,7.409095287322998,6.409120559692383,10.861848831176758,,,,,,,,,,,9.768831253051758,11.241945266723633,13.031394958496094,8.705368995666504,6.042133331298828,13.634370803833008,6.356579780578613,8.72634220123291,7.397292613983154,12.784050941467285,,,,,,,,,,,,,,,,,,,,,,,,,,,,,,,,,,,,,,,,
5,1074,,,,,,,,,,,,,,,,,,,,,,,,,,,,,,,,,,,,,,,,,0.299921452999115,0.6891239285469055,0.12998002767562866,0.19025267660617828,0.4084838926792145,0.1775042861700058,0.11145500838756561,0.41494566202163696,0.07550852745771408,0.5020390748977661,5.483901023864746,7.5353827476501465,4.042412281036377,4.531883239746094,6.2383222579956055,5.806351184844971,4.463324069976807,5.853940963745117,2.4246230125427246,8.458868980407715,,,,,,,,,,,7.0476555824279785,9.189902305603027,5.194574356079102,6.0634565353393555,9.145071983337402,6.827792644500732,5.46286678314209,7.5972137451171875,3.154432535171509,10.793591499328613,,,,,,,,,,,,,,,,,,,,,,,,,,,,,,,,,,,,,,,,
5,1079,,,,,,,,,,,,,,,,,,,,,,,,,,,,,,,,,,,,,,,,,0.30193448066711426,0.2563191056251526,0.2218848168849945,0.1393110454082489,0.3894500732421875,0.2981704771518707,0.5760045647621155,0.35262757539749146,0.09251894801855087,0.3911237120628357,5.7566986083984375,4.844026565551758,3.8420536518096924,4.221817493438721,6.814077854156494,6.375428199768066,8.283141136169434,6.517458915710449,2.6091859340667725,8.303096771240234,,,,,,,,,,,7.533345699310303,5.604704856872559,6.786962985992432,5.18856954574585,8.929466247558594,8.849284172058105,12.418917655944824,7.003528118133545,3.491713285446167,9.526958465576172,,,,,,,,,,,,,,,,,,,,,,,,,,,,,,,,,,,,,,,,
5,1084,,,,,,,,,,,,,,,,,,,,,,,,,,,,,,,,,,,,,,,,,0.6272921562194824,0.6513866782188416,0.8092855215072632,0.5760328769683838,0.519615113735199,0.6895866990089417,0.3329952657222748,1.002335548400879,0.5774163603782654,0.48697561025619507,7.81005334854126,6.673000812530518,8.943533897399902,7.791965484619141,8.221439361572266,10.399410247802734,6.883591175079346,8.02666187286377,5.455892086029053,7.894991874694824,,,,,,,,,,,10.75809097290039,8.934735298156738,12.96171760559082,10.550633430480957,10.314318656921387,13.457682609558105,9.442562103271484,11.807700157165527,8.723038673400879,10.6304292678833,,,,,,,,,,,,,,,,,,,,,,,,,,,,,,,,,,,,,,,,
5,1089,,,,,,,,,,,,,,,,,,,,,,,,,,,,,,,,,,,,,,,,,0.3282557725906372,0.2792702615261078,0.1445089727640152,0.44301947951316833,0.4265419542789459,0.4733909070491791,0.5276369452476501,0.23802465200424194,0.19627517461776733,0.22563356161117554,6.031595706939697,5.191054344177246,4.277553081512451,6.6115827560424805,6.507298469543457,9.037689208984375,7.77317476272583,4.964824199676514,3.8283092975616455,6.0928802490234375,,,,,,,,,,,7.89302921295166,5.850252151489258,5.477205753326416,9.252654075622559,9.345026016235352,11.150279998779297,11.88607406616211,5.753997802734375,5.085761547088623,7.236008644104004,,,,,,,,,,,,,,,,,,,,,,,,,,,,,,,,,,,,,,,,
5,1094,,,,,,,,,,,,,,,,,,,,,,,,,,,,,,,,,,,,,,,,,0.42110633850097656,0.5227548480033875,0.35418006777763367,0.5667744874954224,0.7299701571464539,0.44183817505836487,0.09584826231002808,0.5938624739646912,0.19338148832321167,0.29134705662727356,6.525208473205566,6.763967037200928,6.888166904449463,8.182674407958984,7.357172012329102,8.630690574645996,4.103964805603027,5.762522220611572,4.711654186248779,6.3260626792907715,,,,,,,,,,,8.607446670532227,8.004077911376953,8.574793815612793,10.465500831604004,12.225093841552734,10.772275924682617,5.06597375869751,9.08869743347168,5.04813289642334,8.222474098205566,,,,,,,,,,,,,,,,,,,,,,,,,,,,,,,,,,,,,,,,
5,1099,,,,,,,,,,,,,,,,,,,,,,,,,,,,,,,,,,,,,,,,,0.48304834961891174,0.3773210644721985,0.6412608623504639,0.4513442814350128,0.42514127492904663,0.8137027025222778,0.2371010035276413,0.5517356395721436,0.6033073663711548,0.24652095139026642,7.133144855499268,6.367307662963867,10.15147590637207,5.8607048988342285,7.3650641441345215,10.746088981628418,6.355921268463135,6.200161457061768,5.280171871185303,5.87140417098999,,,,,,,,,,,9.425981521606445,6.800139427185059,11.53796100616455,9.33918285369873,9.329668998718262,14.61870002746582,7.967782974243164,8.760406494140625,8.916462898254395,7.5635223388671875,,,,,,,,,,,,,,,,,,,,,,,,,,,,,,,,,,,,,,,,
5,1104,,,,,,,,,,,,,,,,,,,,,,,,,,,,,,,,,,,,,,,,,0.41028621792793274,0.1796146035194397,0.21683183312416077,0.9731971621513367,0.4410371780395508,0.7789045572280884,0.171238973736763,0.23626914620399475,0.2625492513179779,0.43293309211730957,6.481184482574463,3.6727442741394043,5.342623710632324,9.460691452026367,7.125092029571533,9.801558494567871,5.5351128578186035,4.389775276184082,4.931283473968506,8.071773529052734,,,,,,,,,,,8.592132568359375,4.691730976104736,6.709237575531006,13.713720321655273,9.502486228942871,14.30270004272461,6.771300792694092,5.732739448547363,5.882049083709717,10.02322769165039,,,,,,,,,,,,,,,,,,,,,,,,,,,,,,,,,,,,,,,,
5,1109,,,,,,,,,,,,,,,,,,,,,,,,,,,,,,,,,,,,,,,,,0.4535115659236908,0.2740492820739746,0.4393593370914459,0.4593760073184967,0.6922557950019836,0.6074420809745789,0.37972086668014526,0.374286413192749,0.3128461241722107,0.5422680377960205,7.026394367218018,4.6048760414123535,7.351710319519043,8.051170349121094,7.885228633880615,9.622443199157715,6.480950832366943,4.950297832489014,5.6049017906188965,8.685969352722168,,,,,,,,,,,9.360074043273926,5.795309066772461,9.550400733947754,9.42191219329834,11.905097007751465,12.630725860595703,10.083308219909668,7.2154059410095215,6.420793056488037,11.2177095413208,,,,,,,,,,,,,,,,,,,,,,,,,,,,,,,,,,,,,,,,
5,1114,,,,,,,,,,,,,,,,,,,,,,,,,,,,,,,,,,,,,,,,,0.30690935254096985,0.26504674553871155,0.23259387910366058,0.1895749270915985,0.3228204846382141,0.2739662826061249,0.19754770398139954,0.5661507248878479,0.4532049298286438,0.2612784504890442,5.719737529754639,4.576662540435791,4.678774356842041,5.1255269050598145,7.1456780433654785,6.574102401733398,5.259448051452637,6.284627437591553,5.848374843597412,5.984443664550781,,,,,,,,,,,7.441642761230469,5.699326038360596,6.948815822601318,6.052646636962891,8.129806518554688,8.482511520385742,7.272885322570801,8.87410831451416,7.728061199188232,7.786620616912842,,,,,,,,,,,,,,,,,,,,,,,,,,,,,,,,,,,,,,,,
5,1119,,,,,,,,,,,,,,,,,,,,,,,,,,,,,,,,,,,,,,,,,0.666530430316925,0.5724465847015381,0.2784591019153595,0.5979223251342773,0.750666618347168,1.0666154623031616,0.34708040952682495,0.8029817342758179,1.2250436544418335,0.35755765438079834,8.693954467773438,6.736564636230469,5.865021705627441,9.497075080871582,8.59422492980957,13.399611473083496,7.63108491897583,7.710014343261719,10.86945915222168,7.942534446716309,,,,,,,,,,,10.876205444335938,8.375866889953613,7.603128910064697,10.749227523803711,12.397188186645508,16.737083435058594,9.640195846557617,10.568455696105957,12.705714225769043,9.108990669250488,,,,,,,,,,,,,,,,,,,,,,,,,,,,,,,,,,,,,,,,
5,1124,,,,,,,,,,,,,,,,,,,,,,,,,,,,,,,,,,,,,,,,,0.34561797976493835,0.47620075941085815,0.3361850082874298,0.0385609045624733,0.6764588952064514,0.5511566996574402,0.3743065893650055,0.09791363775730133,0.11900603026151657,0.44077345728874207,6.172781467437744,5.313248634338379,6.416263103485107,2.194087028503418,9.211462020874023,9.934405326843262,8.328741073608398,3.157296657562256,3.427309036254883,7.5722198486328125,,,,,,,,,,,7.810933589935303,7.6393656730651855,8.354122161865234,2.729785203933716,11.768479347229004,12.03132438659668,10.011162757873535,3.6904587745666504,3.9601144790649414,10.113580703735352,,,,,,,,,,,,,,,,,,,,,,,,,,,,,,,,,,,,,,,,
5,1129,,,,,,,,,,,,,,,,,,,,,,,,,,,,,,,,,,,,,,,,,0.3259829878807068,0.26613909006118774,0.19119848310947418,0.2553071081638336,0.3749176561832428,0.8606147766113281,0.2445768415927887,0.23746109008789062,0.27750951051712036,0.22612230479717255,6.138666152954102,4.951495170593262,5.248350620269775,5.867149829864502,6.215619087219238,11.194998741149902,5.9137864112854,4.576694965362549,5.503231048583984,5.776669025421143,,,,,,,,,,,7.773501873016357,5.711058616638184,6.3001933097839355,7.0240302085876465,8.76128101348877,15.034196853637695,8.09242057800293,5.7471818923950195,6.047309875488281,7.243841171264648,,,,,,,,,,,,,,,,,,,,,,,,,,,,,,,,,,,,,,,,
5,1134,,,,,,,,,,,,,,,,,,,,,,,,,,,,,,,,,,,,,,,,,0.7059030532836914,0.5732108354568481,0.6037440299987793,0.6685208082199097,0.688676118850708,0.7762219905853271,0.3378809094429016,0.7810806035995483,0.9527645111083984,0.9710277318954468,7.825413227081299,5.982882976531982,7.856558322906494,7.135748386383057,7.838050365447998,9.918399810791016,6.656657695770264,7.007988929748535,7.665424823760986,10.367005348205566,,,,,,,,,,,11.471821784973145,8.381455421447754,11.195361137390137,11.36612319946289,11.874276161193848,14.27804946899414,9.511579513549805,10.423333168029785,11.205108642578125,15.011116981506348,,,,,,,,,,,,,,,,,,,,,,,,,,,,,,,,,,,,,,,,
5,1139,,,,,,,,,,,,,,,,,,,,,,,,,,,,,,,,,,,,,,,,,0.5219553112983704,0.3475189208984375,0.8299145698547363,0.02361271157860756,0.9236865043640137,0.8035619258880615,0.4918711483478546,0.7219216823577881,0.1697942465543747,0.38571563363075256,7.641084671020508,5.0536208152771,12.448892593383789,1.690535068511963,10.208613395690918,11.196002006530762,9.184592247009277,6.885372161865234,4.236386775970459,7.8657450675964355,,,,,,,,,,,9.528376579284668,6.526066303253174,13.125877380371094,2.1361308097839355,13.751875877380371,14.527321815490723,11.476157188415527,10.020831108093262,4.730257034301758,9.460864067077637,,,,,,,,,,,,,,,,,,,,,,,,,,,,,,,,,,,,,,,,
5,1144,,,,,,,,,,,,,,,,,,,,,,,,,,,,,,,,,,,,,,,,,0.4697519838809967,1.2449791431427002,0.4850026071071625,0.2702476680278778,0.4433172345161438,0.2641752064228058,0.5038633346557617,0.30495208501815796,0.10624916106462479,0.6049812436103821,7.118039608001709,7.653985023498535,8.412081718444824,6.206120491027832,8.168721199035645,7.064998626708984,9.159470558166504,5.541180610656738,2.8755087852478027,8.980290412902832,,,,,,,,,,,9.020910263061523,12.352171897888184,10.034221649169922,7.226630687713623,9.527017593383789,8.329557418823242,11.615212440490723,6.512901782989502,3.741847038269043,11.848630905151367,,,,,,,,,,,,,,,,,,,,,,,,,,,,,,,,,,,,,,,,
5,1149,,,,,,,,,,,,,,,,,,,,,,,,,,,,,,,,,,,,,,,,,0.5358167886734009,0.5313261151313782,0.24264732003211975,0.33552810549736023,0.3881017565727234,0.6766648888587952,0.290994793176651,1.403037428855896,0.575227677822113,0.3788228929042816,7.507590293884277,6.2179975509643555,5.233063697814941,6.477477073669434,7.454416275024414,10.742050170898438,6.979173183441162,11.103263854980469,5.612888336181641,7.747984886169434,,,,,,,,,,,9.593718528747559,8.069430351257324,7.0974016189575195,8.052289009094238,8.913996696472168,13.330998420715332,8.827005386352539,13.969902038574219,8.706491470336914,9.375950813293457,,,,,,,,,,,,,,,,,,,,,,,,,,,,,,,,,,,,,,,,
5,1154,,,,,,,,,,,,,,,,,,,,,,,,,,,,,,,,,,,,,,,,,0.5789656639099121,0.3396404981613159,0.444332480430603,0.5741559863090515,0.31202903389930725,0.4747302234172821,0.17339737713336945,2.0538995265960693,0.5488953590393066,0.28961074352264404,8.320499420166016,5.191136360168457,9.078780174255371,9.96656608581543,6.6568474769592285,9.608179092407227,5.392396926879883,15.646522521972656,6.991354465484619,6.352707862854004,,,,,,,,,,,9.574140548706055,6.4516682624816895,9.604299545288086,10.533431053161621,7.992767333984375,11.166044235229492,6.813841819763184,16.90239715576172,8.504877090454102,8.197936058044434,,,,,,,,,,,,,,,,,,,,,,,,,,,,,,,,,,,,,,,,
5,1159,,,,,,,,,,,,,,,,,,,,,,,,,,,,,,,,,,,,,,,,,0.28738874197006226,0.3254651427268982,0.16829858720302582,0.12172913551330566,0.35120782256126404,0.3534083664417267,0.33971184492111206,0.3272019326686859,0.23620067536830902,0.36327505111694336,5.961165428161621,5.51816463470459,4.580291271209717,3.903445243835449,6.980878829956055,7.8310699462890625,8.250090599060059,5.178996562957764,4.501009941101074,6.906543254852295,,,,,,,,,,,7.359415531158447,6.315598964691162,5.910876750946045,4.850116729736328,8.479723930358887,9.634169578552246,9.537314414978027,6.7463154792785645,5.579095840454102,9.18152904510498,,,,,,,,,,,,,,,,,,,,,,,,,,,,,,,,,,,,,,,,
5,1164,,,,,,,,,,,,,,,,,,,,,,,,,,,,,,,,,,,,,,,,,0.3080638349056244,0.2122383862733841,0.3374934196472168,0.4353007674217224,0.35259169340133667,0.4555857479572296,0.2700039744377136,0.22768831253051758,0.17473378777503967,0.30693838000297546,6.00839900970459,3.8772473335266113,6.224635601043701,7.990850925445557,6.390651226043701,9.293670654296875,6.5042724609375,3.664144515991211,3.2223668098449707,6.907749176025391,,,,,,,,,,,7.716183185577393,5.1000471115112305,8.370363235473633,9.171695709228516,8.496415138244629,10.938579559326172,8.502679824829102,5.627676486968994,4.798569202423096,8.439618110656738,,,,,,,,,,,,,,,,,,,,,,,,,,,,,,,,,,,,,,,,
5,1169,,,,,,,,,,,,,,,,,,,,,,,,,,,,,,,,,,,,,,,,,0.6553711891174316,0.9181642532348633,0.5116994976997375,0.49410924315452576,0.6949889659881592,0.8501899242401123,0.39523616433143616,0.7404032945632935,0.756332516670227,0.5372166633605957,8.500221252441406,8.916359901428223,7.599162578582764,7.364600658416748,9.540761947631836,10.54796028137207,8.014984130859375,6.916551113128662,8.886274337768555,8.715337753295898,,,,,,,,,,,11.015752792358398,10.607730865478516,10.30668830871582,9.771615028381348,11.92857551574707,14.942863464355469,10.287246704101562,10.148289680480957,9.983428001403809,11.165339469909668,,,,,,,,,,,,,,,,,,,,,,,,,,,,,,,,,,,,,,,,
5,1174,,,,,,,,,,,,,,,,,,,,,,,,,,,,,,,,,,,,,,,,,0.2917024493217468,0.22293560206890106,0.22337351739406586,0.465378999710083,0.36934125423431396,0.4077129662036896,0.3179111182689667,0.2724536061286926,0.17459458112716675,0.1716204285621643,5.889368534088135,3.959705352783203,5.899610996246338,6.553246974945068,6.8497467041015625,7.8867902755737305,7.668872833251953,4.969775676727295,3.7584922313690186,5.458078861236572,,,,,,,,,,,7.450387001037598,5.226993560791016,6.809692859649658,9.48327350616455,8.695880889892578,10.347921371459961,9.226217269897461,6.15609073638916,4.796657085418701,6.310760498046875,,,,,,,,,,,,,,,,,,,,,,,,,,,,,,,,,,,,,,,,
5,1179,,,,,,,,,,,,,,,,,,,,,,,,,,,,,,,,,,,,,,,,,0.3984770178794861,0.4701322615146637,0.4697953760623932,0.29443520307540894,0.3803369104862213,0.27926310896873474,0.3713054060935974,0.46316710114479065,0.3215101957321167,0.5363478660583496,6.830891132354736,5.5938215255737305,8.145465850830078,5.723604202270508,6.823615074157715,6.785400390625,7.565401077270508,7.0405449867248535,5.1505208015441895,8.649645805358887,,,,,,,,,,,8.673405647277832,7.590533256530762,9.875657081604004,7.543098449707031,8.824374198913574,8.564118385314941,9.970947265625,8.026525497436523,6.509095668792725,11.156307220458984,,,,,,,,,,,,,,,,,,,,,,,,,,,,,,,,,,,,,,,,
5,1184,,,,,,,,,,,,,,,,,,,,,,,,,,,,,,,,,,,,,,,,,0.34215933084487915,0.3584165871143341,0.294017493724823,0.4410378336906433,0.1289099007844925,0.30112653970718384,0.4273439943790436,0.4968875050544739,0.16522419452667236,0.466469943523407,6.558398723602295,5.468366622924805,6.889337539672852,6.876604080200195,4.232464790344238,7.3154754638671875,8.580514907836914,7.382883548736572,3.88183331489563,8.398112297058105,,,,,,,,,,,7.975945472717285,6.62760066986084,7.812647819519043,9.231937408447266,5.137392997741699,8.89304256439209,10.696941375732422,8.313573837280273,4.666165351867676,10.404208183288574,,,,,,,,,,,,,,,,,,,,,,,,,,,,,,,,,,,,,,,,
5,1189,,,,,,,,,,,,,,,,,,,,,,,,,,,,,,,,,,,,,,,,,0.33387041091918945,0.4727495312690735,0.29569512605667114,0.17229485511779785,0.23494473099708557,0.5419420599937439,0.4973142147064209,0.15987294912338257,0.0903594046831131,0.5396609306335449,6.173750877380371,5.78549337387085,6.781200885772705,5.088188171386719,4.697086811065674,9.413470268249512,9.263824462890625,4.146962642669678,3.3222827911376953,7.065248966217041,,,,,,,,,,,7.886584758758545,7.611632823944092,7.83490514755249,5.770202159881592,6.93557596206665,11.930325508117676,11.539480209350586,4.715701103210449,3.450721502304077,11.190711975097656,,,,,,,,,,,,,,,,,,,,,,,,,,,,,,,,,,,,,,,,
5,1194,,,,,,,,,,,,,,,,,,,,,,,,,,,,,,,,,,,,,,,,,0.9994407296180725,1.308699131011963,0.11297354102134705,1.000252366065979,0.7137017846107483,1.253785490989685,0.7107884287834167,0.3731273412704468,2.9538612365722656,0.5677781105041504,8.92119312286377,6.895865440368652,4.522374153137207,11.822463989257812,7.805974960327148,11.616267204284668,8.926128387451172,5.035223960876465,15.157537460327148,8.508895874023438,,,,,,,,,,,12.650283813476562,12.664328575134277,4.842838764190674,13.903038024902344,12.088099479675293,18.14627456665039,13.795612335205078,7.204224586486816,19.72960090637207,11.478536605834961,,,,,,,,,,,,,,,,,,,,,,,,,,,,,,,,,,,,,,,,
5,1199,,,,,,,,,,,,,,,,,,,,,,,,,,,,,,,,,,,,,,,,,0.56718909740448,0.836743175983429,0.24410000443458557,0.3898681104183197,1.3494318723678589,0.6358786821365356,0.40012502670288086,0.24602815508842468,0.4535464942455292,0.5489803552627563,8.033863067626953,7.3369317054748535,4.925258636474609,6.969259738922119,12.104811668395996,11.547033309936523,8.999029159545898,5.1431403160095215,6.375903606414795,8.903400421142578,,,,,,,,,,,10.076461791992188,10.12647533416748,7.118615627288818,8.67988109588623,16.621686935424805,12.922989845275879,10.350674629211426,5.849936485290527,7.730974197387695,11.2869234085083,,,,,,,,,,,,,,,,,,,,,,,,,,,,,,,,,,,,,,,,
5,1204,,,,,,,,,,,,,,,,,,,,,,,,,,,,,,,,,,,,,,,,,0.59343022108078,0.9855133295059204,0.5726360082626343,0.5683033466339111,1.1442886590957642,0.6348972320556641,0.4022306203842163,0.2775016129016876,0.3657166063785553,0.38978445529937744,7.76240873336792,7.832022190093994,8.755985260009766,6.8148908615112305,10.705430030822754,10.26917552947998,8.157085418701172,4.699221134185791,4.890560626983643,7.73730993270874,,,,,,,,,,,10.4039306640625,10.989893913269043,10.903124809265137,10.479605674743652,15.306201934814453,12.913013458251953,10.377873420715332,6.212858200073242,6.942176342010498,9.51063346862793,,,,,,,,,,,,,,,,,,,,,,,,,,,,,,,,,,,,,,,,
5,1209,,,,,,,,,,,,,,,,,,,,,,,,,,,,,,,,,,,,,,,,,0.25896450877189636,0.41243162751197815,0.2787122428417206,0.28446540236473083,0.12350514531135559,0.34382396936416626,0.2325116991996765,0.08662915974855423,0.28160056471824646,0.2870008051395416,5.453037738800049,5.7822651863098145,5.432501316070557,6.691714286804199,3.2588624954223633,7.415195465087891,5.746364116668701,2.91096830368042,4.980257034301758,6.859211444854736,,,,,,,,,,,6.919528007507324,7.1094865798950195,7.606584548950195,7.414290428161621,5.028542995452881,9.502632141113281,7.890294075012207,3.4712893962860107,6.091721534729004,8.160913467407227,,,,,,,,,,,,,,,,,,,,,,,,,,,,,,,,,,,,,,,,
5,1214,,,,,,,,,,,,,,,,,,,,,,,,,,,,,,,,,,,,,,,,,0.6395202279090881,0.4363132417201996,0.4699171781539917,0.7093807458877563,0.6709477305412292,0.7534775733947754,0.7165706157684326,0.7367369532585144,0.9485471844673157,0.31379061937332153,8.290371894836426,5.635175704956055,7.27263879776001,9.328089714050293,8.528962135314941,10.455023765563965,10.13350772857666,7.697343826293945,9.054598808288574,6.5080084800720215,,,,,,,,,,,10.930418014526367,7.31242561340332,9.876936912536621,11.708318710327148,11.720441818237305,14.06730842590332,13.851611137390137,10.123132705688477,11.180281639099121,8.533302307128906,,,,,,,,,,,,,,,,,,,,,,,,,,,,,,,,,,,,,,,,
5,1219,,,,,,,,,,,,,,,,,,,,,,,,,,,,,,,,,,,,,,,,,0.5884383916854858,0.33097273111343384,0.8820515275001526,0.3343594968318939,0.4707757532596588,0.3566513657569885,0.4787212908267975,1.2252410650253296,0.49780207872390747,0.7193702459335327,7.631198406219482,5.035494327545166,9.659499168395996,6.031874179840088,7.2308220863342285,7.695871353149414,8.692469596862793,8.769266128540039,6.323275566101074,9.24221134185791,,,,,,,,,,,10.31456184387207,6.368811130523682,13.531895637512207,8.038253784179688,9.81762981414795,9.678271293640137,11.3217134475708,13.054777145385742,8.099377632141113,12.92032527923584,,,,,,,,,,,,,,,,,,,,,,,,,,,,,,,,,,,,,,,,
5,1224,,,,,,,,,,,,,,,,,,,,,,,,,,,,,,,,,,,,,,,,,0.8061991333961487,1.1450270414352417,0.7510692477226257,0.5178722143173218,0.8337949514389038,1.172078013420105,1.2010828256607056,0.5098150968551636,0.5812737941741943,0.5437787771224976,8.829381942749023,8.377411842346191,9.362262725830078,7.047824859619141,7.9126973152160645,12.395325660705566,11.611536026000977,6.54849100112915,7.082240581512451,9.126651763916016,,,,,,,,,,,12.365208625793457,11.845956802368164,12.48681354522705,10.003827095031738,13.065597534179688,17.54503059387207,17.93317985534668,8.421027183532715,8.752127647399902,11.233325004577637,,,,,,,,,,,,,,,,,,,,,,,,,,,,,,,,,,,,,,,,
5,1229,,,,,,,,,,,,,,,,,,,,,,,,,,,,,,,,,,,,,,,,,0.25798526406288147,0.3079274892807007,0.3417049050331116,0.13953077793121338,0.061586927622556686,0.10396476089954376,0.007350215222686529,0.4376552999019623,0.6222723126411438,0.2998746633529663,5.111697673797607,5.702526569366455,8.391368865966797,3.8676598072052,3.3011515140533447,3.8682591915130615,1.3318562507629395,6.356388092041016,7.0820231437683105,6.104045867919922,,,,,,,,,,,6.126354694366455,6.14308500289917,8.4224271774292,5.192660331726074,3.5509450435638428,5.2253923416137695,1.4028807878494263,7.80233907699585,9.055522918701172,8.341939926147461,,,,,,,,,,,,,,,,,,,,,,,,,,,,,,,,,,,,,,,,
5,1229,,,,,,,,,,,,,,,,,,,,,,,,,,,,,,,,,,,,,,,,,,,,,,,,,,,6.94257116317749,5.779370307922363,6.716429710388184,6.6407060623168945,7.305707931518555,8.776031494140625,7.708320617675781,5.996356964111328,6.1182403564453125,7.44197416305542,0.5439972877502441,0.5284631848335266,0.5838785171508789,0.5891087055206299,0.5843881368637085,0.48700469732284546,0.5724133253097534,0.5314812660217285,0.49154114723205566,0.5276967287063599,9.221328735351562,7.719185829162598,9.009084701538086,8.8204927444458,9.719925880432129,11.634121894836426,10.211403846740723,7.918854236602783,8.187613487243652,9.771276473999023,0.5137138962745667,0.735237717628479,0.3734716773033142,0.3955284357070923,0.5409917831420898,0.4901863634586334,0.5217992067337036,0.3804559111595154,0.6233734488487244,0.5612726807594299,7.679665565490723,7.118463039398193,6.830897331237793,7.280980110168457,7.82163667678833,9.118626594543457,8.812553405761719,6.132415294647217,6.962137222290039,9.039280891418457,0.2996462881565094,0.35486316680908203,0.2679545283317566,0.34530526399612427,0.29975998401641846,0.2689691185951233,0.029002487659454346,0.524064302444458,0.23861485719680786,0.3682827353477478,9.810879707336426,9.454819679260254,9.051775932312012,8.999347686767578,10.297735214233398,11.266918182373047,11.661407470703125,7.542969226837158,8.51326847076416,11.509674072265625
6,1234,,,,,,,,,,,,,,,,,,,,,,,,,,,,,,,,,,,,,,,,,0.4342878460884094,0.3998224437236786,0.6463346481323242,0.5699146389961243,0.4199135899543762,0.6604121327400208,0.4175095856189728,0.23460935056209564,0.3260241448879242,0.23404988646507263,7.273560523986816,5.694512367248535,9.750232696533203,7.276796340942383,7.5922369956970215,10.132648468017578,8.6854248046875,4.3293538093566895,5.886364459991455,6.114473819732666,,,,,,,,,,,9.081117630004883,6.999964714050293,11.583515167236328,10.494451522827148,9.27213191986084,13.169928550720215,10.573141098022461,5.712568283081055,6.554629802703857,7.369727611541748,,,,,,,,,,,,,,,,,,,,,,,,,,,,,,,,,,,,,,,,
6,1239,,,,,,,,,,,,,,,,,,,,,,,,,,,,,,,,,,,,,,,,,0.36658215522766113,0.824713945388794,0.45701953768730164,0.13417387008666992,0.5022364854812622,0.2773136794567108,0.2406032532453537,0.29242753982543945,0.34147658944129944,0.2292744517326355,6.045554161071777,7.457120895385742,7.142632961273193,3.954599380493164,7.339361667633057,6.596582412719727,5.599644660949707,5.117715835571289,4.999030113220215,6.203296661376953,,,,,,,,,,,7.99632453918457,10.053422927856445,9.740450859069824,5.092005252838135,10.14037036895752,8.534173965454102,8.026413917541504,6.377755641937256,6.708165645599365,7.294156074523926,,,,,,,,,,,,,,,,,,,,,,,,,,,,,,,,,,,,,,,,
6,1244,,,,,,,,,,,,,,,,,,,,,,,,,,,,,,,,,,,,,,,,,0.5374050736427307,0.4518752694129944,0.45300552248954773,0.4143984019756317,0.8878144025802612,1.1068147420883179,0.4427805244922638,0.32772958278656006,0.3780946731567383,0.37413260340690613,7.766984939575195,4.936530113220215,6.607119560241699,7.036201477050781,9.662068367004395,13.150362014770508,8.812098503112793,5.445058345794678,5.74722146987915,8.50619888305664,,,,,,,,,,,10.070711135864258,7.441690444946289,9.697580337524414,8.94878101348877,13.482200622558594,17.0495662689209,10.888423919677734,6.751753330230713,7.058681488037109,9.317727088928223,,,,,,,,,,,,,,,,,,,,,,,,,,,,,,,,,,,,,,,,
6,1249,,,,,,,,,,,,,,,,,,,,,,,,,,,,,,,,,,,,,,,,,0.37027084827423096,0.5409694910049438,0.17023572325706482,0.22590932250022888,0.557928204536438,0.5550761818885803,0.2802453339099884,0.37050509452819824,0.29542404413223267,0.33614417910575867,6.824781894683838,6.796216011047363,4.015672206878662,5.770699977874756,8.82958984375,9.600508689880371,7.31731653213501,7.042677879333496,4.9565935134887695,7.0937581062316895,,,,,,,,,,,8.263222694396973,8.142329216003418,5.944796562194824,6.607268810272217,10.687811851501465,12.074027061462402,8.662434577941895,7.178865432739258,6.2394490242004395,8.83201789855957,,,,,,,,,,,,,,,,,,,,,,,,,,,,,,,,,,,,,,,,
6,1254,,,,,,,,,,,,,,,,,,,,,,,,,,,,,,,,,,,,,,,,,0.5215075612068176,0.4993078112602234,0.3492363691329956,0.9166561365127563,0.7826577425003052,0.4526679813861847,0.6885632276535034,0.5308507084846497,0.06041867658495903,0.4132092595100403,7.536349773406982,5.94871187210083,7.469181060791016,11.169975280761719,9.756098747253418,8.62408447265625,9.656851768493652,5.50757360458374,2.81550931930542,6.879157543182373,,,,,,,,,,,9.777098655700684,7.822515964508057,8.514739990234375,13.309388160705566,12.658596992492676,10.903495788574219,13.578215599060059,8.593002319335938,2.8216872215270996,9.792244911193848,,,,,,,,,,,,,,,,,,,,,,,,,,,,,,,,,,,,,,,,
6,1259,,,,,,,,,,,,,,,,,,,,,,,,,,,,,,,,,,,,,,,,,0.34809938073158264,0.2784077525138855,0.5933326482772827,0.3063870072364807,0.2210913598537445,0.8764633536338806,0.2234463095664978,0.1380188912153244,0.299478143453598,0.19626887142658234,6.664331436157227,4.423068046569824,10.04766845703125,6.415108680725098,5.497514724731445,11.861804008483887,6.679136276245117,4.364858627319336,5.210178852081299,5.479641437530518,,,,,,,,,,,7.964626789093018,5.841211795806885,11.098409652709961,7.694670677185059,6.727993011474609,15.171996116638184,7.734947681427002,4.381552219390869,6.2821149826049805,6.748743534088135,,,,,,,,,,,,,,,,,,,,,,,,,,,,,,,,,,,,,,,,
6,1264,,,,,,,,,,,,,,,,,,,,,,,,,,,,,,,,,,,,,,,,,0.44685098528862,0.5793168544769287,0.16425469517707825,0.41428902745246887,0.30033186078071594,0.462890088558197,0.3098544180393219,0.8258325457572937,0.6056272983551025,0.35926195979118347,6.993432998657227,6.194819450378418,5.059565544128418,7.390087604522705,7.100099563598633,7.552047252655029,7.134387016296387,8.519526481628418,6.381312370300293,7.609049320220947,,,,,,,,,,,8.885671615600586,8.425978660583496,5.839431285858154,8.947600364685059,7.841521739959717,11.025919914245605,9.108558654785156,10.71777629852295,8.933589935302734,9.1306734085083,,,,,,,,,,,,,,,,,,,,,,,,,,,,,,,,,,,,,,,,
6,1269,,,,,,,,,,,,,,,,,,,,,,,,,,,,,,,,,,,,,,,,,0.5865652561187744,0.693994402885437,1.0825212001800537,0.8384543657302856,0.5243250131607056,0.9277164340019226,0.2523098886013031,0.10311402380466461,0.42369788885116577,0.432953804731369,7.815156936645508,6.078258037567139,11.905163764953613,10.546046257019043,7.812413215637207,10.172406196594238,6.281301498413086,2.8303005695343018,6.7904181480407715,7.920104026794434,,,,,,,,,,,10.268315315246582,9.222321510314941,14.990974426269531,12.729008674621582,10.360957145690918,15.609301567077637,8.219358444213867,3.787194013595581,7.472250938415527,10.023467063903809,,,,,,,,,,,,,,,,,,,,,,,,,,,,,,,,,,,,,,,,
6,1274,,,,,,,,,,,,,,,,,,,,,,,,,,,,,,,,,,,,,,,,,0.8657386898994446,0.8291772603988647,0.41736528277397156,1.31834077835083,0.506523847579956,0.5690761804580688,0.3882819414138794,1.0261491537094116,1.7328529357910156,1.0038803815841675,8.25777816772461,7.512359619140625,6.046917915344238,9.804289817810059,8.258835792541504,9.382220268249512,7.266692161560059,7.4601311683654785,8.217438697814941,10.371114730834961,,,,,,,,,,,12.252988815307617,10.08059024810791,9.308287620544434,15.96131706237793,10.18355941772461,12.225342750549316,10.196342468261719,11.94714069366455,15.111380577087402,15.262939453125,,,,,,,,,,,,,,,,,,,,,,,,,,,,,,,,,,,,,,,,
6,1279,,,,,,,,,,,,,,,,,,,,,,,,,,,,,,,,,,,,,,,,,0.4060078263282776,0.2571614384651184,0.4848140478134155,0.3917965292930603,0.5282880067825317,0.348881334066391,0.4026566445827484,0.14160293340682983,0.9592115879058838,0.13965779542922974,6.808252811431885,4.508559226989746,8.186187744140625,6.170799255371094,8.840933799743652,7.3370747566223145,8.211398124694824,3.9462883472442627,9.36086654663086,4.712167263031006,,,,,,,,,,,8.453006744384766,5.6139068603515625,10.032271385192871,8.701321601867676,10.400040626525879,9.572264671325684,10.383367538452148,4.438076972961426,11.242956161499023,5.692850589752197,,,,,,,,,,,,,,,,,,,,,,,,,,,,,,,,,,,,,,,,
6,1284,,,,,,,,,,,,,,,,,,,,,,,,,,,,,,,,,,,,,,,,,0.5362247824668884,0.4849940836429596,0.2864516079425812,0.2533314526081085,0.5915584564208984,0.7832185626029968,0.3556709885597229,0.6020499467849731,0.9818670153617859,0.4868811368942261,7.704109191894531,6.490348815917969,6.559947967529297,5.9454803466796875,7.9758992195129395,9.830727577209473,7.587674617767334,7.493474960327148,7.598914623260498,9.854514122009277,,,,,,,,,,,9.853285789489746,7.70957612991333,7.711472034454346,6.996799468994141,11.005213737487793,14.34225082397461,9.758768081665039,9.151135444641113,11.374954223632812,10.629398345947266,,,,,,,,,,,,,,,,,,,,,,,,,,,,,,,,,,,,,,,,
6,1289,,,,,,,,,,,,,,,,,,,,,,,,,,,,,,,,,,,,,,,,,0.2254423052072525,0.1850551962852478,0.13475172221660614,0.07276344299316406,0.11311397701501846,0.30365681648254395,0.40153807401657104,0.13120463490486145,0.3611711859703064,0.32572558522224426,5.07858943939209,3.7791852951049805,4.638252258300781,3.238797903060913,3.5826802253723145,7.250358581542969,6.448519229888916,3.46207332611084,6.067327499389648,7.240111351013184,,,,,,,,,,,6.4197516441345215,4.762258052825928,5.289064407348633,3.7498297691345215,4.812356472015381,8.930327415466309,10.368934631347656,4.2720208168029785,6.898900032043457,8.694070816040039,,,,,,,,,,,,,,,,,,,,,,,,,,,,,,,,,,,,,,,,
6,1294,,,,,,,,,,,,,,,,,,,,,,,,,,,,,,,,,,,,,,,,,0.4858410060405731,0.6818515658378601,0.29308953881263733,0.3226606845855713,0.31952518224716187,0.6240521669387817,0.5753942728042603,0.6456475257873535,0.4723147451877594,0.4380331337451935,7.44878625869751,6.718092918395996,6.403823375701904,5.988767147064209,6.337635517120361,8.357810020446777,8.945013999938965,8.721552848815918,7.209409236907959,8.356972694396973,,,,,,,,,,,9.509872436523438,9.141283988952637,7.800308704376221,7.896378040313721,8.08820629119873,12.802250862121582,12.412337303161621,9.476685523986816,7.889309883117676,10.082093238830566,,,,,,,,,,,,,,,,,,,,,,,,,,,,,,,,,,,,,,,,
6,1299,,,,,,,,,,,,,,,,,,,,,,,,,,,,,,,,,,,,,,,,,0.41251423954963684,0.6318139433860779,0.5335210561752319,0.5858736038208008,0.38402676582336426,0.4237212538719177,0.5088437795639038,0.2007158249616623,0.15078909695148468,0.29332277178764343,6.937053203582764,7.261441707611084,7.253681182861328,8.262744903564453,6.464025497436523,8.281591415405273,9.026142120361328,4.963891506195068,3.82779598236084,7.0921630859375,,,,,,,,,,,8.782721519470215,8.799477577209473,10.524160385131836,10.640373229980469,8.867074966430664,10.549114227294922,11.672477722167969,5.283838272094727,4.4576735496521,8.250306129455566,,,,,,,,,,,,,,,,,,,,,,,,,,,,,,,,,,,,,,,,
6,1304,,,,,,,,,,,,,,,,,,,,,,,,,,,,,,,,,,,,,,,,,0.36563947796821594,0.7610851526260376,0.4862343370914459,0.25363704562187195,0.4399045407772064,0.2226419746875763,0.1549047827720642,0.2571316957473755,0.25018996000289917,0.4650256633758545,6.1822686195373535,5.959498882293701,7.238739967346191,5.93326997756958,8.017287254333496,6.3210768699646,4.637885093688965,5.17680025100708,5.341236591339111,7.014620304107666,,,,,,,,,,,8.043736457824707,9.657814979553223,10.046955108642578,7.001018047332764,9.490276336669922,7.646793842315674,6.4402570724487305,5.980486869812012,5.741934776306152,10.388089179992676,,,,,,,,,,,,,,,,,,,,,,,,,,,,,,,,,,,,,,,,
6,1309,,,,,,,,,,,,,,,,,,,,,,,,,,,,,,,,,,,,,,,,,0.2651437520980835,0.5566364526748657,0.16036733984947205,0.18377277255058289,0.07850080728530884,0.33855903148651123,0.4143825173377991,0.05597492679953575,0.1463499367237091,0.45174992084503174,5.519309997558594,6.555305480957031,4.803726673126221,5.15861701965332,3.0129952430725098,6.971714973449707,8.257338523864746,2.2645483016967773,3.8462743759155273,8.803266525268555,,,,,,,,,,,6.820146560668945,8.259391784667969,5.769917964935303,5.95930290222168,4.009006023406982,9.429594993591309,10.53347110748291,2.7903294563293457,4.391567707061768,10.238733291625977,,,,,,,,,,,,,,,,,,,,,,,,,,,,,,,,,,,,,,,,
6,1314,,,,,,,,,,,,,,,,,,,,,,,,,,,,,,,,,,,,,,,,,0.332605242729187,0.3168615698814392,0.3855031728744507,0.096220001578331,0.5838910937309265,0.4397099018096924,0.34418028593063354,0.3046656548976898,0.10673143714666367,0.41568389534950256,6.499419212341309,5.223226070404053,7.021018981933594,3.560872793197632,9.30699634552002,8.904610633850098,7.370399475097656,5.879795551300049,2.706900119781494,8.520955085754395,,,,,,,,,,,7.872341632843018,6.231564044952393,8.945932388305664,4.3120880126953125,10.933660507202148,10.74630069732666,9.599835395812988,6.509842395782471,3.7503297328948975,9.82152271270752,,,,,,,,,,,,,,,,,,,,,,,,,,,,,,,,,,,,,,,,
6,1319,,,,,,,,,,,,,,,,,,,,,,,,,,,,,,,,,,,,,,,,,0.41050130128860474,0.6962363719940186,0.3837187886238098,0.14243978261947632,0.3212197721004486,0.7158920168876648,0.36055654287338257,0.20784442126750946,0.34643441438674927,0.5201695561408997,6.797459125518799,6.883606910705566,6.486535549163818,4.626014709472656,6.0884222984313965,10.69292163848877,7.572882175445557,4.617179870605469,5.833131790161133,8.376436233520508,,,,,,,,,,,8.686262130737305,9.237205505371094,8.925204277038574,5.246510028839111,8.109624862670898,13.71196174621582,9.825563430786133,5.376850128173828,6.756686687469482,10.986760139465332,,,,,,,,,,,,,,,,,,,,,,,,,,,,,,,,,,,,,,,,
6,1324,,,,,,,,,,,,,,,,,,,,,,,,,,,,,,,,,,,,,,,,,0.4582478702068329,0.31258323788642883,0.1255234181880951,0.367545485496521,0.30540430545806885,0.44192397594451904,0.23252996802330017,0.792314350605011,0.8075900077819824,0.7388163208961487,6.253027439117432,4.084672451019287,3.9079318046569824,6.938014984130859,5.667941570281982,8.218124389648438,5.725583076477051,6.989702224731445,6.710879325866699,8.034393310546875,,,,,,,,,,,8.91124439239502,6.189350605010986,5.1047444343566895,8.427726745605469,7.907464504241943,10.773322105407715,7.890604019165039,10.498022079467773,10.316176414489746,13.093791007995605,,,,,,,,,,,,,,,,,,,,,,,,,,,,,,,,,,,,,,,,
6,1329,,,,,,,,,,,,,,,,,,,,,,,,,,,,,,,,,,,,,,,,,0.37794262170791626,0.6409413814544678,0.21292507648468018,0.3850073516368866,0.18619245290756226,0.3807617425918579,0.473579466342926,0.4623166620731354,0.2810291647911072,0.3787301182746887,6.837029457092285,7.751049995422363,5.321469783782959,7.059352874755859,4.978297233581543,7.810751914978027,8.161434173583984,7.246160507202148,5.948511600494385,7.2562336921691895,,,,,,,,,,,8.339048385620117,8.862810134887695,6.648521423339844,8.625600814819336,6.17419958114624,10.000059127807617,11.260747909545898,8.019152641296387,6.085537433624268,9.374802589416504,,,,,,,,,,,,,,,,,,,,,,,,,,,,,,,,,,,,,,,,
6,1334,,,,,,,,,,,,,,,,,,,,,,,,,,,,,,,,,,,,,,,,,0.3017006516456604,0.4895818829536438,0.3314012587070465,0.17059393227100372,0.09326251596212387,0.22137890756130219,0.24476629495620728,0.22885844111442566,0.46349000930786133,0.47197261452674866,5.789556503295898,6.126643657684326,6.063461780548096,4.863297462463379,3.482767343521118,6.2286295890808105,6.531815052032471,4.686712741851807,6.800132751464844,7.322547912597656,,,,,,,,,,,7.310576438903809,7.745954513549805,8.294471740722656,5.741649150848389,4.369716167449951,7.625072479248047,8.09555435180664,5.642117977142334,7.815260410308838,10.465394973754883,,,,,,,,,,,,,,,,,,,,,,,,,,,,,,,,,,,,,,,,
6,1339,,,,,,,,,,,,,,,,,,,,,,,,,,,,,,,,,,,,,,,,,0.29426103830337524,0.3266215920448303,0.167401984333992,0.10858115553855896,0.4453302025794983,0.49239522218704224,0.2605089545249939,0.2690506875514984,0.17741014063358307,0.40104934573173523,6.018961429595947,5.586572647094727,4.959508895874023,3.8857333660125732,7.447305679321289,9.784468650817871,6.280452251434326,4.825719356536865,3.7957890033721924,7.605098247528076,,,,,,,,,,,7.4083075523376465,6.326808452606201,5.895110607147217,4.580702781677246,9.548622131347656,11.371893882751465,8.351839065551758,6.11752462387085,4.835178375244141,9.647085189819336,,,,,,,,,,,,,,,,,,,,,,,,,,,,,,,,,,,,,,,,
6,1344,,,,,,,,,,,,,,,,,,,,,,,,,,,,,,,,,,,,,,,,,0.3633926808834076,0.17877306044101715,0.5213407874107361,0.1699598878622055,0.17423751950263977,0.17153288424015045,0.42173367738723755,0.6946917772293091,0.3792891502380371,0.5589753985404968,6.203956604003906,4.170257568359375,8.092982292175293,4.156332969665527,4.942645072937012,4.9298553466796875,8.81626033782959,6.83050012588501,6.068908214569092,7.8278656005859375,,,,,,,,,,,8.046137809753418,4.680727005004883,10.403332710266113,5.730969429016113,5.972696304321289,6.711963176727295,10.626492500305176,9.830029487609863,7.069822788238525,11.38920783996582,,,,,,,,,,,,,,,,,,,,,,,,,,,,,,,,,,,,,,,,
6,1349,,,,,,,,,,,,,,,,,,,,,,,,,,,,,,,,,,,,,,,,,0.6058380603790283,0.4271773099899292,0.5985103845596313,0.5846951007843018,0.5638022422790527,0.4673285484313965,0.37753716111183167,1.3993386030197144,0.7534759044647217,0.2806773781776428,9.053364753723145,5.787629127502441,10.012077331542969,9.654571533203125,8.262491226196289,10.016494750976562,7.497727394104004,13.698984146118164,9.899629592895508,6.6506829261779785,,,,,,,,,,,10.319472312927246,7.2354631423950195,11.146730422973633,10.62966537475586,10.743927001953125,11.078654289245605,10.054272651672363,13.9514741897583,9.964556694030762,8.07050895690918,,,,,,,,,,,,,,,,,,,,,,,,,,,,,,,,,,,,,,,,
6,1354,,,,,,,,,,,,,,,,,,,,,,,,,,,,,,,,,,,,,,,,,0.6026537418365479,0.6952473521232605,0.22293707728385925,2.0524070262908936,0.4841597080230713,0.513460099697113,0.32609862089157104,0.19956277310848236,0.7152786254882812,0.21473246812820435,7.357420921325684,5.660441875457764,5.310546398162842,12.567895889282227,7.161379337310791,8.579268455505371,7.397676467895508,4.802933692932129,8.687642097473145,6.049004077911377,,,,,,,,,,,9.877602577209473,9.230642318725586,6.803036689758301,19.9152889251709,9.956207275390625,11.612593650817871,9.344267845153809,5.26863956451416,9.708696365356445,7.059047222137451,,,,,,,,,,,,,,,,,,,,,,,,,,,,,,,,,,,,,,,,
6,1359,,,,,,,,,,,,,,,,,,,,,,,,,,,,,,,,,,,,,,,,,0.3249228596687317,0.3330296576023102,0.4063659906387329,0.11008542031049728,0.3077537417411804,0.21960395574569702,0.48615190386772156,0.6266546845436096,0.17132282257080078,0.2633373737335205,5.688700199127197,4.788723945617676,5.727736949920654,3.8005805015563965,6.451536655426025,5.641378879547119,8.180639266967773,6.676313400268555,3.4042623043060303,6.52712869644165,,,,,,,,,,,7.67024564743042,6.388570785522461,9.184814453125,4.612323760986328,7.937821388244629,7.594443321228027,11.409242630004883,9.336258888244629,4.751501560211182,7.817239761352539,,,,,,,,,,,,,,,,,,,,,,,,,,,,,,,,,,,,,,,,
6,1364,,,,,,,,,,,,,,,,,,,,,,,,,,,,,,,,,,,,,,,,,0.4020428955554962,0.6974537372589111,0.47689950466156006,0.3506704866886139,0.4103953540325165,0.42136329412460327,0.28471773862838745,0.22831737995147705,0.2735122740268707,0.4750562906265259,6.759372234344482,6.892226696014404,8.672905921936035,6.084465026855469,6.695908546447754,8.685663223266602,6.703092575073242,4.917380332946777,5.4042134284973145,6.778492450714111,,,,,,,,,,,8.664813995361328,9.245278358459473,9.95004653930664,8.23198413848877,9.166443824768066,10.519721031188965,8.731282234191895,5.6354451179504395,6.003599166870117,10.499526977539062,,,,,,,,,,,,,,,,,,,,,,,,,,,,,,,,,,,,,,,,
6,1369,,,,,,,,,,,,,,,,,,,,,,,,,,,,,,,,,,,,,,,,,0.28425654768943787,0.6666003465652466,0.12352576851844788,0.48221784830093384,0.2943306565284729,0.2938399612903595,0.2500644624233246,0.11013095825910568,0.08485908806324005,0.25273972749710083,5.538240909576416,6.192307472229004,4.216055870056152,8.211485862731934,5.830810546875,6.8814616203308105,6.452253818511963,3.164605140686035,2.967453718185425,5.927735328674316,,,,,,,,,,,7.044703006744385,9.038472175598145,5.063962459564209,9.653316497802734,7.762782096862793,8.784788131713867,8.182703018188477,3.913933515548706,3.3440475463867188,7.658327579498291,,,,,,,,,,,,,,,,,,,,,,,,,,,,,,,,,,,,,,,,
6,1374,,,,,,,,,,,,,,,,,,,,,,,,,,,,,,,,,,,,,,,,,0.47756829857826233,0.44078174233436584,0.30192095041275024,0.4859776794910431,0.37039321660995483,0.38700810074806213,0.20687127113342285,0.6245030760765076,1.1094658374786377,0.37119290232658386,7.183272361755371,5.139758110046387,5.706521034240723,8.585001945495605,7.230663776397705,8.278828620910645,6.445770263671875,6.8500213623046875,8.812525749206543,7.6003594398498535,,,,,,,,,,,9.098101615905762,7.349775791168213,7.916956424713135,9.690876007080078,8.708255767822266,10.08174991607666,7.442535400390625,9.320216178894043,12.09150218963623,9.281047821044922,,,,,,,,,,,,,,,,,,,,,,,,,,,,,,,,,,,,,,,,
6,1379,,,,,,,,,,,,,,,,,,,,,,,,,,,,,,,,,,,,,,,,,0.47461044788360596,0.6901960372924805,0.20882704854011536,0.29633310437202454,0.552698016166687,0.6381189823150635,0.21014241874217987,0.3518420159816742,1.0479458570480347,0.27539029717445374,7.078404903411865,6.509840965270996,5.622976779937744,5.947837829589844,8.59408187866211,10.102334976196289,6.044619083404541,5.778717994689941,8.832845687866211,6.2723870277404785,,,,,,,,,,,9.01938533782959,9.19704818725586,6.584229946136475,7.5673699378967285,10.637598991394043,12.945734024047852,7.50114631652832,6.995722770690918,11.751483917236328,7.994135856628418,,,,,,,,,,,,,,,,,,,,,,,,,,,,,,,,,,,,,,,,
6,1384,,,,,,,,,,,,,,,,,,,,,,,,,,,,,,,,,,,,,,,,,0.5817145109176636,0.3974968194961548,0.4115256369113922,0.35285335779190063,0.6041392087936401,0.41608789563179016,0.398324191570282,1.0529823303222656,1.1951210498809814,0.4069003462791443,8.187747955322266,5.962120532989502,8.543904304504395,7.055552005767822,8.82178783416748,7.598625659942627,8.606234550476074,8.73824405670166,11.268328666687012,7.09492826461792,,,,,,,,,,,10.083539009094238,6.97957706451416,9.242939949035645,8.257564544677734,11.121623039245605,10.45366096496582,10.32735538482666,12.102336883544922,12.549581527709961,9.717202186584473,,,,,,,,,,,,,,,,,,,,,,,,,,,,,,,,,,,,,,,,
6,1389,,,,,,,,,,,,,,,,,,,,,,,,,,,,,,,,,,,,,,,,,0.27827146649360657,0.40442317724227905,0.11102281510829926,0.0544067919254303,0.3088630735874176,0.532198429107666,0.2262050062417984,0.17076259851455688,0.3623691499233246,0.334192156791687,5.480039119720459,6.121603012084961,4.145780086517334,3.0363645553588867,6.197770118713379,8.08795166015625,6.293205261230469,3.4823355674743652,5.012197971343994,6.943142890930176,,,,,,,,,,,7.025674343109131,7.040123462677002,4.800846099853516,3.242511034011841,7.952114582061768,11.822590827941895,7.782549858093262,4.873658657073975,6.910331726074219,8.8063383102417,,,,,,,,,,,,,,,,,,,,,,,,,,,,,,,,,,,,,,,,
6,1394,,,,,,,,,,,,,,,,,,,,,,,,,,,,,,,,,,,,,,,,,0.49879637360572815,0.3891338109970093,0.1966061294078827,0.5091985464096069,0.7931340932846069,1.5925133228302002,0.36734557151794434,0.15873613953590393,0.288297563791275,0.1942022293806076,7.28383207321167,4.46940803527832,4.887170314788818,8.50014591217041,10.326818466186523,13.783628463745117,8.22949504852295,3.913013458251953,5.535130023956299,5.909676551818848,,,,,,,,,,,9.322410583496094,6.905765056610107,6.388665676116943,9.919698715209961,12.743037223815918,20.451133728027344,9.91763687133789,4.698904514312744,6.163732528686523,6.713118076324463,,,,,,,,,,,,,,,,,,,,,,,,,,,,,,,,,,,,,,,,
6,1399,,,,,,,,,,,,,,,,,,,,,,,,,,,,,,,,,,,,,,,,,0.7386313676834106,0.8706733584403992,1.15712571144104,0.7467150688171387,0.690043568611145,1.5822272300720215,0.6318365335464478,0.2376059591770172,0.28628045320510864,0.44517430663108826,9.249225616455078,7.333313941955566,12.0053129196167,10.607121467590332,8.912469863891602,14.667208671569824,10.883880615234375,5.048434257507324,5.611541271209717,8.173747062683105,,,,,,,,,,,11.686010360717773,10.329751968383789,15.49893856048584,12.012472152709961,11.886059761047363,20.384979248046875,13.006880760192871,5.748934745788574,6.142131805419922,10.16394329071045,,,,,,,,,,,,,,,,,,,,,,,,,,,,,,,,,,,,,,,,
6,1404,,,,,,,,,,,,,,,,,,,,,,,,,,,,,,,,,,,,,,,,,0.4338398873806,0.2424524873495102,0.7735134363174438,0.17114931344985962,0.18565168976783752,0.8717864155769348,0.38975512981414795,0.18794213235378265,0.6216514706611633,0.4606567621231079,6.895481109619141,3.94500732421875,10.426241874694824,4.184420108795166,4.674401760101318,11.467164993286133,7.913170337677002,5.1119256019592285,6.4769487380981445,7.860046863555908,,,,,,,,,,,8.876607894897461,5.450992584228516,12.672012329101562,5.750988483428955,6.165227890014648,15.131463050842285,10.215666770935059,5.112941265106201,9.051005363464355,10.339176177978516,,,,,,,,,,,,,,,,,,,,,,,,,,,,,,,,,,,,,,,,
6,1409,,,,,,,,,,,,,,,,,,,,,,,,,,,,,,,,,,,,,,,,,0.5054845809936523,0.4270361363887787,0.5610238909721375,0.5586813688278198,0.7407586574554443,0.572447657585144,0.38437336683273315,0.5322139859199524,0.39066049456596375,0.38216593861579895,7.966312885284424,5.236457347869873,9.791966438293457,7.813674449920654,10.123747825622559,9.488990783691406,7.807035446166992,7.508090972900391,5.94402551651001,7.982827186584473,,,,,,,,,,,9.81495189666748,7.2342681884765625,10.792009353637695,10.39051342010498,12.31510066986084,12.261504173278809,10.144892692565918,8.604028701782227,7.175018787384033,9.417229652404785,,,,,,,,,,,,,,,,,,,,,,,,,,,,,,,,,,,,,,,,
6,1414,,,,,,,,,,,,,,,,,,,,,,,,,,,,,,,,,,,,,,,,,0.2365637868642807,0.24221466481685638,0.1189122274518013,0.053602516651153564,0.28894662857055664,0.32792583107948303,0.4426725506782532,0.0929221361875534,0.3408520221710205,0.2210254669189453,5.350423336029053,4.113247871398926,4.579482078552246,2.872138500213623,6.252448558807373,7.122972011566162,8.3302583694458,3.105292558670044,5.8557024002075195,5.922268390655518,,,,,,,,,,,6.550342082977295,5.4483184814453125,4.9684953689575195,3.2184550762176514,7.69145393371582,9.280335426330566,10.887097358703613,3.595160722732544,6.702027797698975,7.161736965179443,,,,,,,,,,,,,,,,,,,,,,,,,,,,,,,,,,,,,,,,
6,1419,,,,,,,,,,,,,,,,,,,,,,,,,,,,,,,,,,,,,,,,,0.4794197082519531,0.4757137596607208,0.5804582238197327,0.19084013998508453,0.9319638609886169,0.5552224516868591,0.40620291233062744,0.1517622321844101,0.3955245316028595,0.6270891427993774,7.51849889755249,5.8603692054748535,8.629788398742676,5.521111965179443,10.492486953735352,9.3251371383667,8.674062728881836,4.153172492980957,5.777012825012207,9.233352661132812,,,,,,,,,,,9.43120288848877,7.635458469390869,10.977340698242188,6.072811126708984,13.813355445861816,12.075618743896484,10.42899227142334,4.594524383544922,7.219547271728516,12.063180923461914,,,,,,,,,,,,,,,,,,,,,,,,,,,,,,,,,,,,,,,,
6,1424,,,,,,,,,,,,,,,,,,,,,,,,,,,,,,,,,,,,,,,,,0.4264103174209595,0.6428343057632446,0.19245237112045288,0.6442595720291138,0.4477733373641968,0.805508017539978,0.2887343466281891,0.04531632736325264,0.23390552401542664,0.5369089841842651,6.097346305847168,6.496419429779053,4.91037654876709,6.85857629776001,7.716300964355469,9.616665840148926,5.065850257873535,1.932906150817871,4.486563682556152,7.792458534240723,,,,,,,,,,,8.72130298614502,8.875886917114258,6.320817947387695,11.157974243164062,9.57477855682373,14.544900894165039,8.792655944824219,2.5106492042541504,5.551923751831055,11.162141799926758,,,,,,,,,,,,,,,,,,,,,,,,,,,,,,,,,,,,,,,,
6,1429,,,,,,,,,,,,,,,,,,,,,,,,,,,,,,,,,,,,,,,,,0.7502468824386597,0.7369990348815918,0.6018939018249512,0.7686811685562134,0.6828826069831848,0.5630291104316711,0.7600276470184326,0.7840065360069275,1.1045185327529907,0.7501835823059082,8.734339714050293,7.726017475128174,7.821863651275635,9.512076377868652,8.343692779541016,9.632030487060547,11.607043266296387,7.290447235107422,7.923530578613281,8.752355575561523,,,,,,,,,,,11.869023323059082,9.503766059875488,11.178194046020508,12.187874794006348,11.824224472045898,12.160216331481934,14.265450477600098,10.442838668823242,12.064513206481934,13.194136619567871,,,,,,,,,,,,,,,,,,,,,,,,,,,,,,,,,,,,,,,,
6,1434,,,,,,,,,,,,,,,,,,,,,,,,,,,,,,,,,,,,,,,,,0.48593464493751526,0.10438559949398041,0.33108091354370117,0.3909754455089569,0.33416271209716797,0.6519179940223694,0.5402902364730835,1.2305668592453003,0.44261932373046875,0.2091381996870041,8.6439790725708,2.648211717605591,8.290461540222168,7.120543003082275,7.633852481842041,13.072044372558594,9.923624992370605,13.083121299743652,6.330249309539795,5.856536865234375,,,,,,,,,,,9.328696250915527,3.576700210571289,8.290461540222168,8.692198753356934,8.271393775939941,13.08495807647705,12.027748107910156,13.083121299743652,7.637276649475098,6.966487884521484,,,,,,,,,,,,,,,,,,,,,,,,,,,,,,,,,,,,,,,,
6,1434,,,,,,,,,,,,,,,,,,,,,,,,,,,,,,,,,,,,,,,,,,,,,,,,,,,6.846877098083496,5.733072280883789,6.608665466308594,6.592934608459473,7.1706624031066895,8.663820266723633,7.623702049255371,5.765437126159668,6.010252475738525,7.453347682952881,0.5531350374221802,0.5379204750061035,0.5992672443389893,0.5878132581710815,0.596756100654602,0.49130088090896606,0.5774893760681152,0.5557525753974915,0.5075699090957642,0.5243455171585083,9.133471488952637,7.641385078430176,8.840929985046387,8.834383010864258,9.574206352233887,11.585301399230957,10.150611877441406,7.711010456085205,8.057527542114258,9.805883407592773,0.4765792191028595,0.7159988284111023,0.32690709829330444,0.4404456317424774,0.47248151898384094,0.44712918996810913,0.42023342847824097,0.3915390372276306,0.528989851474762,0.538067102432251,7.301490783691406,6.977284908294678,6.596824645996094,7.242348670959473,7.059492588043213,8.63493537902832,7.733001232147217,6.132194519042969,6.408036708831787,8.929296493530273,0.3586300015449524,0.37792259454727173,0.319210946559906,0.3101666569709778,0.3871651291847229,0.3329584002494812,0.21642851829528809,0.5375145673751831,0.36089247465133667,0.3854106664657593,9.412320137023926,9.284308433532715,8.729131698608398,9.23769760131836,9.63362979888916,10.762514114379883,10.475656509399414,7.435619831085205,7.799757480621338,11.352569580078125
7,1439,,,,,,,,,,,,,,,,,,,,,,,,,,,,,,,,,,,,,,,,,0.3716689646244049,0.3416639566421509,0.10305171459913254,0.6577309966087341,0.2442573457956314,0.20292142033576965,0.20357127487659454,0.48200511932373047,0.49342355132102966,0.6163955330848694,6.30194091796875,4.973837375640869,3.6733124256134033,10.133143424987793,4.774510860443115,6.043877124786377,5.262721061706543,6.608198165893555,6.751961708068848,8.4959077835083,,,,,,,,,,,8.037419319152832,6.470857620239258,4.625292778015137,11.274025917053223,7.0716938972473145,7.300285339355469,7.382935047149658,8.188126564025879,8.063678741455078,11.959882736206055,,,,,,,,,,,,,,,,,,,,,,,,,,,,,,,,,,,,,,,,
7,1444,,,,,,,,,,,,,,,,,,,,,,,,,,,,,,,,,,,,,,,,,0.3681636154651642,0.29942241311073303,0.5067669749259949,0.33944737911224365,0.15570493042469025,0.3775402307510376,0.5377900004386902,0.7054926753044128,0.2341303676366806,0.1571776270866394,6.6755547523498535,4.815042972564697,8.56334114074707,6.813971042633057,4.624623775482178,7.909447193145752,9.25178050994873,8.007946968078613,4.905693531036377,5.1881489753723145,,,,,,,,,,,8.168614387512207,6.057653427124023,10.256893157958984,8.099181175231934,5.646129608154297,9.957664489746094,11.999886512756348,9.906149864196777,5.554592132568359,6.039383888244629,,,,,,,,,,,,,,,,,,,,,,,,,,,,,,,,,,,,,,,,
7,1449,,,,,,,,,,,,,,,,,,,,,,,,,,,,,,,,,,,,,,,,,0.5087913870811462,0.8222529888153076,0.3891335427761078,0.5982994437217712,0.4587438702583313,0.44317927956581116,0.20925822854042053,0.18502943217754364,1.038022756576538,0.43520331382751465,7.394262790679932,7.975226402282715,6.82057523727417,7.563268184661865,7.453396320343018,8.915403366088867,6.109351634979248,4.531205654144287,9.281818389892578,7.898117542266846,,,,,,,,,,,9.39585018157959,10.038411140441895,8.987957000732422,10.752616882324219,9.691361427307129,10.788612365722656,7.485349655151367,5.073166370391846,11.69571304321289,10.049473762512207,,,,,,,,,,,,,,,,,,,,,,,,,,,,,,,,,,,,,,,,
7,1454,,,,,,,,,,,,,,,,,,,,,,,,,,,,,,,,,,,,,,,,,0.6055690050125122,0.41188013553619385,0.37263599038124084,0.2220952957868576,0.9210464954376221,0.6146091818809509,0.6002383232116699,0.747910737991333,0.5295497179031372,1.0301549434661865,7.682137489318848,5.062046527862549,7.1190571784973145,5.09435510635376,9.761707305908203,9.402374267578125,9.301716804504395,7.935894966125488,5.929255962371826,9.532832145690918,,,,,,,,,,,10.62007999420166,7.104731559753418,8.795368194580078,6.551255702972412,13.732210159301758,12.705020904541016,12.677472114562988,10.199610710144043,8.353656768798828,15.461387634277344,,,,,,,,,,,,,,,,,,,,,,,,,,,,,,,,,,,,,,,,
7,1459,,,,,,,,,,,,,,,,,,,,,,,,,,,,,,,,,,,,,,,,,0.5431446433067322,0.4172760844230652,0.5668193101882935,0.6302509307861328,0.3270670771598816,1.4878287315368652,0.31593310832977295,0.3602529466152191,0.34772783517837524,0.43514594435691833,8.102374076843262,5.714653968811035,8.481935501098633,10.260889053344727,6.331724643707275,14.537201881408691,7.2229743003845215,5.602452754974365,5.742345809936523,9.027185440063477,,,,,,,,,,,10.00886344909668,7.151118755340576,10.84760856628418,11.035999298095703,8.183103561401367,19.767526626586914,9.197469711303711,7.078846454620361,6.769288063049316,10.048810958862305,,,,,,,,,,,,,,,,,,,,,,,,,,,,,,,,,,,,,,,,
7,1464,,,,,,,,,,,,,,,,,,,,,,,,,,,,,,,,,,,,,,,,,0.33895397186279297,0.4416436553001404,0.245909184217453,0.46934929490089417,0.31072181463241577,0.4775145947933197,0.26131030917167664,0.0889601856470108,0.4896664619445801,0.2655101716518402,6.080001354217529,5.347980499267578,4.790317535400391,5.614840984344482,5.922700881958008,9.13821029663086,6.56627082824707,3.435109853744507,6.881349563598633,7.023232460021973,,,,,,,,,,,7.884999752044678,7.356957912445068,7.144947528839111,9.523639678955078,7.976006507873535,11.19874095916748,8.36467456817627,3.517681837081909,8.032919883728027,7.849423885345459,,,,,,,,,,,,,,,,,,,,,,,,,,,,,,,,,,,,,,,,
7,1469,,,,,,,,,,,,,,,,,,,,,,,,,,,,,,,,,,,,,,,,,0.5318557620048523,0.7029648423194885,0.38501495122909546,0.7628534436225891,0.5458378791809082,0.5671563744544983,0.3146767318248749,0.8462061285972595,0.3969707787036896,0.2650204002857208,7.29988956451416,7.719141483306885,6.013252258300781,8.450871467590332,7.641698837280273,10.756674766540527,6.053430080413818,7.907256126403809,4.975712299346924,6.180973052978516,,,,,,,,,,,9.804769515991211,9.281733512878418,8.940265655517578,12.141586303710938,10.571374893188477,12.204704284667969,9.179162979125977,10.849177360534668,7.232735633850098,7.8421807289123535,,,,,,,,,,,,,,,,,,,,,,,,,,,,,,,,,,,,,,,,
7,1474,,,,,,,,,,,,,,,,,,,,,,,,,,,,,,,,,,,,,,,,,0.5052117109298706,0.44729098677635193,0.5607156753540039,0.4470921456813812,0.39213675260543823,0.21119874715805054,0.39781445264816284,0.998127818107605,0.3986603319644928,0.6938685178756714,7.0800676345825195,6.166232585906982,7.031111240386963,7.0709686279296875,6.959999084472656,5.825936317443848,7.446974277496338,9.046234130859375,5.6601386070251465,8.513012886047363,,,,,,,,,,,9.548542022705078,7.403844833374023,10.789044380187988,9.295085906982422,8.960214614868164,7.447689056396484,10.320745468139648,11.782889366149902,7.248109817504883,12.689245223999023,,,,,,,,,,,,,,,,,,,,,,,,,,,,,,,,,,,,,,,,
7,1479,,,,,,,,,,,,,,,,,,,,,,,,,,,,,,,,,,,,,,,,,0.272161066532135,0.4037059247493744,0.2896491289138794,0.19176940619945526,0.3629009425640106,0.364278107881546,0.2658473551273346,0.17713162302970886,0.13112889230251312,0.26303830742836,5.959446430206299,5.851113319396973,6.146055221557617,5.707662105560303,6.878436088562012,7.28011417388916,6.771121501922607,4.6318230628967285,3.2854244709014893,7.08327054977417,,,,,,,,,,,7.183022499084473,7.033877849578857,7.754392623901367,6.087577819824219,8.619729995727539,9.781206130981445,8.436979293823242,4.963714599609375,4.156928062438965,7.81279993057251,,,,,,,,,,,,,,,,,,,,,,,,,,,,,,,,,,,,,,,,
7,1484,,,,,,,,,,,,,,,,,,,,,,,,,,,,,,,,,,,,,,,,,0.2641747295856476,0.16714021563529968,0.4100332260131836,0.24057069420814514,0.31384187936782837,0.4096354842185974,0.15999075770378113,0.34901243448257446,0.1737091988325119,0.1536385864019394,6.05484676361084,3.6449458599090576,8.154500961303711,6.305243015289307,6.7384490966796875,8.998729705810547,4.907015800476074,5.862082481384277,4.7821431159973145,5.100512981414795,,,,,,,,,,,7.0251922607421875,4.525876998901367,9.226164817810059,6.818302154541016,8.015951156616211,10.372289657592773,6.54512882232666,6.967535018920898,4.78447961807251,5.971004009246826,,,,,,,,,,,,,,,,,,,,,,,,,,,,,,,,,,,,,,,,
7,1489,,,,,,,,,,,,,,,,,,,,,,,,,,,,,,,,,,,,,,,,,0.4343143105506897,0.2999906539916992,0.22628723084926605,0.9315810799598694,0.2622000277042389,0.2979569137096405,0.3349091410636902,0.24308812618255615,0.7663205862045288,0.5464949607849121,6.648914337158203,4.494709491729736,5.0400004386901855,10.192520141601562,4.8578782081604,7.430211067199707,6.63831090927124,5.6642327308654785,6.644918441772461,8.877448081970215,,,,,,,,,,,8.789179801940918,6.063398838043213,6.853961944580078,13.417303085327148,7.326828479766846,8.846115112304688,9.469657897949219,5.814878463745117,10.049132347106934,11.261345863342285,,,,,,,,,,,,,,,,,,,,,,,,,,,,,,,,,,,,,,,,
7,1494,,,,,,,,,,,,,,,,,,,,,,,,,,,,,,,,,,,,,,,,,0.3249039947986603,0.32668352127075195,0.6821844577789307,0.2927493751049042,0.2617144286632538,0.549708902835846,0.3400716483592987,0.20976214110851288,0.10464607179164886,0.15661537647247314,6.305879592895508,5.208128929138184,9.632457733154297,6.091291904449463,6.373702526092529,9.615172386169434,7.42561149597168,4.302054405212402,3.536285400390625,4.568210124969482,,,,,,,,,,,7.752322673797607,6.327408313751221,11.90042781829834,7.521472930908203,7.320040225982666,12.015510559082031,9.542365074157715,5.401597499847412,3.7135112285614014,6.028571605682373,,,,,,,,,,,,,,,,,,,,,,,,,,,,,,,,,,,,,,,,
7,1499,,,,,,,,,,,,,,,,,,,,,,,,,,,,,,,,,,,,,,,,,0.4699985682964325,0.2870505154132843,0.19124561548233032,0.6845098733901978,0.4504374861717224,0.14177343249320984,0.24435296654701233,0.8665791749954224,1.0192656517028809,0.34477242827415466,7.010010242462158,4.719135761260986,4.948155879974365,8.604240417480469,8.115900039672852,4.911418437957764,6.247013092041016,10.033641815185547,8.833792686462402,6.676791667938232,,,,,,,,,,,8.7822847366333,5.931184768676758,6.300970077514648,11.501240730285645,9.603219985961914,6.102015018463135,8.088716506958008,10.97900104522705,11.589560508728027,8.94465160369873,,,,,,,,,,,,,,,,,,,,,,,,,,,,,,,,,,,,,,,,
7,1504,,,,,,,,,,,,,,,,,,,,,,,,,,,,,,,,,,,,,,,,,0.5672078132629395,0.5196693539619446,0.6596989035606384,1.2618587017059326,0.4244033396244049,0.6101439595222473,0.3636133670806885,0.6339235305786133,0.41870689392089844,0.2128523588180542,8.12442684173584,5.006703853607178,9.875364303588867,13.36994457244873,7.673436164855957,10.784330368041992,8.062304496765137,7.630762100219727,5.616728782653809,5.100264549255371,,,,,,,,,,,10.110295295715332,7.980421543121338,11.702658653259277,15.615656852722168,9.321569442749023,12.658784866333008,9.867127418518066,9.390250205993652,7.428110122680664,7.028075695037842,,,,,,,,,,,,,,,,,,,,,,,,,,,,,,,,,,,,,,,,
7,1509,,,,,,,,,,,,,,,,,,,,,,,,,,,,,,,,,,,,,,,,,0.27586594223976135,0.15041323006153107,0.10606221109628677,0.1481112241744995,0.23075366020202637,0.3297046422958374,0.1011323407292366,0.5460655093193054,0.1429489701986313,0.7276014685630798,5.755484580993652,3.8275463581085205,3.3555686473846436,4.3920159339904785,5.5208282470703125,7.596654415130615,4.466759204864502,7.2134881019592285,3.7343788146972656,11.692121505737305,,,,,,,,,,,6.863104343414307,4.293438911437988,4.692367076873779,5.349939346313477,6.87343692779541,9.305472373962402,5.203742504119873,8.7152738571167,4.340240478515625,12.994032859802246,,,,,,,,,,,,,,,,,,,,,,,,,,,,,,,,,,,,,,,,
7,1514,,,,,,,,,,,,,,,,,,,,,,,,,,,,,,,,,,,,,,,,,0.35577359795570374,0.2515953779220581,0.06387349963188171,0.14441443979740143,0.32272735238075256,1.6107076406478882,0.21451972424983978,0.20416638255119324,0.251108318567276,0.13884985446929932,5.7458906173706055,4.41624641418457,2.5697877407073975,4.506559371948242,6.862435817718506,14.331056594848633,6.3298845291137695,4.272550106048584,3.9248385429382324,4.49965763092041,,,,,,,,,,,7.5011138916015625,5.552819728851318,3.641430377960205,5.282751560211182,8.128633499145508,20.567628860473633,7.578868865966797,5.3290629386901855,5.752463340759277,5.676360130310059,,,,,,,,,,,,,,,,,,,,,,,,,,,,,,,,,,,,,,,,
7,1519,,,,,,,,,,,,,,,,,,,,,,,,,,,,,,,,,,,,,,,,,0.34465697407722473,0.5498814582824707,0.20859545469284058,0.1182614117860794,0.3175113797187805,0.4480021595954895,0.30004337430000305,0.2133481651544571,0.38894423842430115,0.557325005531311,6.539676189422607,6.941623210906982,5.3024582862854,4.085485935211182,6.064889907836914,8.898725509643555,7.204178810119629,4.80291223526001,6.484143257141113,9.072667121887207,,,,,,,,,,,7.935829162597656,8.209124565124512,6.580578327178955,4.780534267425537,8.062677383422852,10.847156524658203,8.963194847106934,5.447574615478516,7.159240245819092,11.372382164001465,,,,,,,,,,,,,,,,,,,,,,,,,,,,,,,,,,,,,,,,
7,1524,,,,,,,,,,,,,,,,,,,,,,,,,,,,,,,,,,,,,,,,,0.2672607898712158,0.1925206035375595,0.066886767745018,0.3346075713634491,0.5830025672912598,0.30445143580436707,0.34529855847358704,0.2715533375740051,0.17031705379486084,0.13670916855335236,5.694786071777344,3.677319288253784,3.2702317237854004,7.01823091506958,9.140087127685547,7.2262420654296875,6.88484001159668,4.781566619873047,4.394717693328857,4.859836578369141,,,,,,,,,,,6.958175182342529,4.857366561889648,3.7263336181640625,8.041234970092773,10.925337791442871,8.942005157470703,9.615418434143066,6.14591121673584,4.737534523010254,5.6324334144592285,,,,,,,,,,,,,,,,,,,,,,,,,,,,,,,,,,,,,,,,
7,1529,,,,,,,,,,,,,,,,,,,,,,,,,,,,,,,,,,,,,,,,,0.5218988656997681,0.8430692553520203,0.371158629655838,0.2246650606393814,0.8973640203475952,0.7782003879547119,0.3771725594997406,0.4845714569091797,0.3193969130516052,0.4014912247657776,7.716383457183838,7.2389068603515625,6.454588890075684,5.748407363891602,11.59339427947998,11.550176620483398,6.9758124351501465,6.953094482421875,4.910046577453613,8.023016929626465,,,,,,,,,,,9.75352954864502,10.164684295654297,8.77791690826416,6.589047431945801,13.55451488494873,14.296232223510742,10.049417495727539,8.209895133972168,6.487668514251709,9.652398109436035,,,,,,,,,,,,,,,,,,,,,,,,,,,,,,,,,,,,,,,,
7,1534,,,,,,,,,,,,,,,,,,,,,,,,,,,,,,,,,,,,,,,,,0.6774241328239441,0.351619690656662,0.8807199597358704,0.9787166714668274,0.5198931694030762,0.6476324200630188,0.30649667978286743,0.806113600730896,0.8809504508972168,0.7246741652488708,9.598733901977539,5.660494327545166,12.005243301391602,12.947761535644531,8.691361427307129,10.985527038574219,8.162359237670898,9.985800743103027,9.443528175354004,8.50653076171875,,,,,,,,,,,11.176465034484863,6.564457893371582,13.52167797088623,13.752553939819336,10.31707763671875,13.041877746582031,9.05907154083252,10.589046478271484,10.774547576904297,12.967867851257324,,,,,,,,,,,,,,,,,,,,,,,,,,,,,,,,,,,,,,,,
7,1539,,,,,,,,,,,,,,,,,,,,,,,,,,,,,,,,,,,,,,,,,0.3037179410457611,0.25526827573776245,0.3648226857185364,0.318873792886734,0.2964159846305847,0.574889063835144,0.42016756534576416,0.12647007405757904,0.0641450434923172,0.3124086558818817,5.845991134643555,4.227155685424805,7.943350315093994,6.4535231590271,5.554341793060303,9.207341194152832,7.862319469451904,2.492182731628418,2.2565319538116455,6.617170810699463,,,,,,,,,,,7.605166912078857,5.593204498291016,8.70267105102539,7.849903583526611,7.790233135223389,12.28762435913086,10.606743812561035,4.194233417510986,2.907400608062744,8.51449203491211,,,,,,,,,,,,,,,,,,,,,,,,,,,,,,,,,,,,,,,,
7,1544,,,,,,,,,,,,,,,,,,,,,,,,,,,,,,,,,,,,,,,,,0.31045377254486084,0.2721528708934784,0.18652966618537903,0.3366618752479553,0.4697639048099518,0.38162994384765625,0.311046302318573,0.20525017380714417,0.20466987788677216,0.42637917399406433,6.078816890716553,4.029688835144043,4.754870891571045,6.392425537109375,7.394630432128906,7.447657585144043,6.858218193054199,4.4665422439575195,4.862210750579834,8.503107070922852,,,,,,,,,,,7.721347332000732,5.775222301483154,6.222796440124512,8.065882682800293,9.807074546813965,10.011452674865723,9.126059532165527,5.343188285827637,5.1933817863464355,9.947071075439453,,,,,,,,,,,,,,,,,,,,,,,,,,,,,,,,,,,,,,,,
7,1549,,,,,,,,,,,,,,,,,,,,,,,,,,,,,,,,,,,,,,,,,0.5265589952468872,0.7649186253547668,0.8965948820114136,0.5111376047134399,0.6581352949142456,0.5548883676528931,0.665148913860321,0.0551467165350914,0.2962985932826996,0.3367619812488556,8.169119834899902,7.943036079406738,11.271661758422852,8.815381050109863,9.601807594299316,10.662017822265625,10.312640190124512,2.3468525409698486,4.996708393096924,7.571970462799072,,,,,,,,,,,9.794158935546875,9.682106971740723,13.642997741699219,9.938568115234375,11.60799503326416,12.07198429107666,13.345357894897461,2.7696094512939453,6.2486772537231445,8.840131759643555,,,,,,,,,,,,,,,,,,,,,,,,,,,,,,,,,,,,,,,,
7,1554,,,,,,,,,,,,,,,,,,,,,,,,,,,,,,,,,,,,,,,,,0.4269336462020874,0.4629158079624176,0.46639060974121094,0.6106162071228027,0.26782652735710144,0.4414747357368469,0.8259586691856384,0.16014215350151062,0.31114140152931213,0.295936644077301,6.781351566314697,6.106109619140625,7.569288730621338,6.878572463989258,4.685897350311279,8.010584831237793,12.147459030151367,4.050459861755371,4.9744062423706055,6.609391689300537,,,,,,,,,,,8.965413093566895,7.5320515632629395,9.83980655670166,10.86273193359375,7.405023097991943,10.767845153808594,14.87133502960205,4.719669342041016,6.403275489807129,8.286985397338867,,,,,,,,,,,,,,,,,,,,,,,,,,,,,,,,,,,,,,,,
7,1559,,,,,,,,,,,,,,,,,,,,,,,,,,,,,,,,,,,,,,,,,0.28736788034439087,0.32484960556030273,0.0743941217660904,0.13485173881053925,0.2808540463447571,0.43438437581062317,0.1056956797838211,0.6533778309822083,0.3890785276889801,0.18882489204406738,5.146734714508057,4.596032619476318,3.189830780029297,3.8415520191192627,6.255582332611084,9.308931350708008,4.320028305053711,5.48947286605835,4.012032508850098,5.3071489334106445,,,,,,,,,,,6.915719985961914,6.3096232414245605,3.9298951625823975,5.104852199554443,7.582981109619141,10.681025505065918,5.319849967956543,9.533248901367188,7.160476207733154,6.61952543258667,,,,,,,,,,,,,,,,,,,,,,,,,,,,,,,,,,,,,,,,
7,1564,,,,,,,,,,,,,,,,,,,,,,,,,,,,,,,,,,,,,,,,,0.4574296772480011,0.7937172651290894,0.45480918884277344,0.13254062831401825,0.5232251286506653,0.5270299911499023,0.2970571517944336,0.6297066807746887,0.1794224977493286,0.5793586373329163,7.342569828033447,6.670833587646484,7.933506965637207,4.169584274291992,8.92070484161377,8.623079299926758,7.897217750549316,9.358966827392578,4.226648807525635,8.282588005065918,,,,,,,,,,,9.054509162902832,9.862685203552246,9.716867446899414,5.060919761657715,10.350086212158203,11.765043258666992,8.918479919433594,9.358966827392578,4.862524032592773,11.59500503540039,,,,,,,,,,,,,,,,,,,,,,,,,,,,,,,,,,,,,,,,
7,1569,,,,,,,,,,,,,,,,,,,,,,,,,,,,,,,,,,,,,,,,,0.437563955783844,0.40993744134902954,0.47911855578422546,0.29879000782966614,0.5214060544967651,0.6274821758270264,0.22312209010124207,0.4167488217353821,0.5551333427429199,0.40633711218833923,7.2069854736328125,5.224735736846924,7.416370391845703,5.252854824066162,8.837356567382812,10.63670825958252,5.962026119232178,6.427257537841797,7.130610942840576,7.97495174407959,,,,,,,,,,,9.048426628112793,7.087956428527832,9.97316837310791,7.5986762046813965,10.332077026367188,12.837385177612305,7.729334831237793,7.613702297210693,8.553069114685059,9.710474014282227,,,,,,,,,,,,,,,,,,,,,,,,,,,,,,,,,,,,,,,,
7,1574,,,,,,,,,,,,,,,,,,,,,,,,,,,,,,,,,,,,,,,,,0.5536180138587952,0.2842424213886261,0.6111664772033691,0.3669320046901703,0.3333398997783661,0.5112609267234802,0.580227255821228,1.0823137760162354,0.7893721461296082,0.42370718717575073,7.778071880340576,4.858331680297852,7.2520365715026855,7.017088413238525,6.628475666046143,9.106914520263672,8.672720909118652,10.222718238830566,8.513721466064453,7.730639934539795,,,,,,,,,,,10.031641006469727,5.902102470397949,11.263969421386719,8.420689582824707,8.261201858520508,11.587697982788086,12.464356422424316,12.269739151000977,10.1991548538208,9.915855407714844,,,,,,,,,,,,,,,,,,,,,,,,,,,,,,,,,,,,,,,,
7,1579,,,,,,,,,,,,,,,,,,,,,,,,,,,,,,,,,,,,,,,,,0.5457251667976379,0.9874060750007629,0.27228376269340515,0.2791420817375183,1.082168459892273,1.089135766029358,0.5225112438201904,0.32171598076820374,0.11405917257070541,0.24310356378555298,7.065340518951416,7.595870494842529,5.225711345672607,6.451988697052002,10.655741691589355,11.174528121948242,9.059696197509766,4.927373886108398,3.4152894020080566,5.081871032714844,,,,,,,,,,,9.72963809967041,11.000442504882812,7.518350124359131,7.344589710235596,14.884939193725586,16.912853240966797,11.828198432922363,6.689520835876465,3.876934051513672,7.510915279388428,,,,,,,,,,,,,,,,,,,,,,,,,,,,,,,,,,,,,,,,
7,1584,,,,,,,,,,,,,,,,,,,,,,,,,,,,,,,,,,,,,,,,,0.40535974502563477,0.43423211574554443,0.5176607370376587,0.28252387046813965,0.5973041653633118,0.4877357482910156,0.561998188495636,0.0686132162809372,0.33095741271972656,0.3672122359275818,7.02899694442749,6.297097682952881,9.072020530700684,5.758213520050049,8.77518081665039,8.946382522583008,9.971616744995117,2.7729930877685547,4.191921234130859,7.4755449295043945,,,,,,,,,,,8.735383987426758,7.294965744018555,10.36655044555664,7.388945579528809,11.0585298538208,11.317959785461426,12.266996383666992,3.089317798614502,6.604035377502441,9.231148719787598,,,,,,,,,,,,,,,,,,,,,,,,,,,,,,,,,,,,,,,,
7,1589,,,,,,,,,,,,,,,,,,,,,,,,,,,,,,,,,,,,,,,,,0.5145633816719055,0.34755855798721313,0.29396185278892517,0.48237690329551697,0.7976019978523254,0.586143434047699,0.5082314610481262,0.6365913152694702,0.8554579019546509,0.12314717471599579,7.80540132522583,5.469128608703613,6.994220733642578,8.456864356994629,10.10714340209961,10.032905578613281,9.474678993225098,7.615577697753906,8.048654556274414,4.049437522888184,,,,,,,,,,,9.579794883728027,6.5264387130737305,7.811908721923828,9.654908180236816,12.77888011932373,12.407315254211426,11.665452003479004,9.409988403320312,10.617507934570312,5.345759868621826,,,,,,,,,,,,,,,,,,,,,,,,,,,,,,,,,,,,,,,,
7,1594,,,,,,,,,,,,,,,,,,,,,,,,,,,,,,,,,,,,,,,,,0.34713926911354065,0.44259780645370483,0.19587324559688568,0.24406582117080688,0.338754266500473,0.3834031820297241,0.35053130984306335,0.5368005633354187,0.36793965101242065,0.26428720355033875,6.2859063148498535,5.681206226348877,5.465456008911133,5.018177509307861,6.118299961090088,7.813114643096924,8.372469902038574,6.973976135253906,4.9815354347229,6.148918628692627,,,,,,,,,,,8.01062297821045,7.364900588989258,6.3767476081848145,6.8676533699035645,8.328024864196777,10.034684181213379,9.68800163269043,8.641023635864258,6.96324348449707,7.831325054168701,,,,,,,,,,,,,,,,,,,,,,,,,,,,,,,,,,,,,,,,
7,1599,,,,,,,,,,,,,,,,,,,,,,,,,,,,,,,,,,,,,,,,,0.2390861213207245,0.3530459403991699,0.161738783121109,0.11136072874069214,0.19541065394878387,0.23242069780826569,0.35234272480010986,0.5587546825408936,0.00819175411015749,0.17850923538208008,5.203063011169434,5.5133819580078125,5.234023571014404,2.848268508911133,4.945407390594482,6.874203681945801,8.435606002807617,6.575913906097412,1.0271470546722412,5.373616695404053,,,,,,,,,,,6.350387096405029,6.577757835388184,5.79453706741333,4.638963222503662,6.325192451477051,7.812918186187744,9.713001251220703,8.815953254699707,1.0389907360076904,6.43617057800293,,,,,,,,,,,,,,,,,,,,,,,,,,,,,,,,,,,,,,,,
7,1604,,,,,,,,,,,,,,,,,,,,,,,,,,,,,,,,,,,,,,,,,0.3919285833835602,0.505168080329895,0.200518399477005,0.4709082543849945,0.48387977480888367,0.16307243704795837,0.5214674472808838,0.3374108672142029,0.2560252845287323,0.588906466960907,6.793455600738525,6.47291374206543,5.36698055267334,7.563727378845215,6.597244739532471,5.885475158691406,9.014371871948242,5.334475040435791,4.975788116455078,9.930123329162598,,,,,,,,,,,8.502568244934082,7.868287563323975,6.451916694641113,9.539443016052246,9.953329086303711,6.544344425201416,11.816377639770508,6.850751876831055,5.808509826660156,11.690156936645508,,,,,,,,,,,,,,,,,,,,,,,,,,,,,,,,,,,,,,,,
7,1609,,,,,,,,,,,,,,,,,,,,,,,,,,,,,,,,,,,,,,,,,0.33242282271385193,0.19941012561321259,0.06988489627838135,0.19861450791358948,0.2584780156612396,0.5008512735366821,0.9767618179321289,0.03361152857542038,0.2980359196662903,0.45615720748901367,5.827902317047119,3.814967393875122,3.276937246322632,4.576589584350586,5.871842384338379,7.9687628746032715,12.085359573364258,1.8858798742294312,4.088502407073975,8.882277488708496,,,,,,,,,,,7.620144367218018,4.943515300750732,3.8089332580566406,6.195272445678711,7.274639129638672,11.469123840332031,16.17205238342285,2.1622345447540283,6.266969203948975,10.288557052612305,,,,,,,,,,,,,,,,,,,,,,,,,,,,,,,,,,,,,,,,
7,1614,,,,,,,,,,,,,,,,,,,,,,,,,,,,,,,,,,,,,,,,,0.7432615756988525,1.269980788230896,0.9217146635055542,0.885725200176239,0.5419874787330627,0.605569064617157,0.6494618654251099,0.46149200201034546,0.33162233233451843,1.0218003988265991,9.479097366333008,9.724451065063477,11.974471092224121,8.859036445617676,7.716216564178467,10.396608352661133,10.811224937438965,7.462538719177246,6.542762756347656,11.824565887451172,,,,,,,,,,,11.749424934387207,12.47558307647705,13.832794189453125,13.082911491394043,10.53402328491211,12.611237525939941,13.18704891204834,8.011998176574707,6.610665321350098,15.398565292358398,,,,,,,,,,,,,,,,,,,,,,,,,,,,,,,,,,,,,,,,
7,1619,,,,,,,,,,,,,,,,,,,,,,,,,,,,,,,,,,,,,,,,,0.3471878468990326,0.4172367751598358,0.218712717294693,0.4068271219730377,0.45524781942367554,0.4243946969509125,0.5384074449539185,0.050557561218738556,0.24344506859779358,0.3698611855506897,6.246453285217285,5.697133541107178,4.989610195159912,6.613533020019531,8.331028938293457,8.639289855957031,9.378701210021973,1.9823713302612305,3.8901009559631348,6.696309566497803,,,,,,,,,,,8.06162166595459,7.150782585144043,6.738274097442627,8.866655349731445,9.654362678527832,10.557493209838867,12.006773948669434,2.651867151260376,5.66400671005249,9.264385223388672,,,,,,,,,,,,,,,,,,,,,,,,,,,,,,,,,,,,,,,,
7,1624,,,,,,,,,,,,,,,,,,,,,,,,,,,,,,,,,,,,,,,,,0.373428612947464,0.2704031765460968,0.3414658010005951,0.5807240605354309,0.37954068183898926,0.4146406948566437,0.487273633480072,0.27804136276245117,0.3798600137233734,0.22890794277191162,6.579878807067871,4.7879791259765625,6.615614891052246,8.064836502075195,6.587962627410889,8.368805885314941,9.96139907836914,4.461114883422852,5.350803375244141,5.020397663116455,,,,,,,,,,,8.447219848632812,5.756628036499023,8.419479370117188,10.593507766723633,8.815131187438965,10.435465812683105,11.422396659851074,6.218897819519043,7.075140953063965,7.288323402404785,,,,,,,,,,,,,,,,,,,,,,,,,,,,,,,,,,,,,,,,
7,1629,,,,,,,,,,,,,,,,,,,,,,,,,,,,,,,,,,,,,,,,,0.3003106713294983,0.44682571291923523,0.12055276334285736,0.3215717077255249,0.27980300784111023,0.3386051058769226,0.5033642053604126,0.12691931426525116,0.24721041321754456,0.31794366240501404,5.947787761688232,6.518031597137451,4.397947788238525,6.002569198608398,5.7975335121154785,7.323570251464844,9.36819839477539,3.140146255493164,4.612444877624512,6.3696465492248535,,,,,,,,,,,7.488118648529053,7.399993419647217,5.002651691436768,7.883040428161621,7.568778991699219,9.43023681640625,11.609457015991211,4.201675891876221,5.707641124725342,8.58958625793457,,,,,,,,,,,,,,,,,,,,,,,,,,,,,,,,,,,,,,,,
7,1634,,,,,,,,,,,,,,,,,,,,,,,,,,,,,,,,,,,,,,,,,0.4515056610107422,0.43035340309143066,0.44282659888267517,0.16818660497665405,0.8222485780715942,0.7751246690750122,0.44487231969833374,0.17760860919952393,0.4381272792816162,0.36420273780822754,7.305307865142822,5.4168195724487305,8.602628707885742,4.9185357093811035,10.022405624389648,10.066133499145508,7.9517035484313965,4.398088455200195,6.463493824005127,7.907959461212158,,,,,,,,,,,9.163362503051758,7.2623114585876465,9.588010787963867,5.70099401473999,12.97481632232666,14.267951965332031,10.914113998413086,4.970393180847168,7.598422050476074,9.193244934082031,,,,,,,,,,,,,,,,,,,,,,,,,,,,,,,,,,,,,,,,
7,1639,,,,,,,,,,,,,,,,,,,,,,,,,,,,,,,,,,,,,,,,,0.32522279024124146,0.8014828562736511,0.34044721722602844,0.01956969127058983,0.14203234016895294,0.14134183526039124,0.0945899486541748,0.40811312198638916,0.7656219601631165,0.7523200511932373,6.539040565490723,8.389474868774414,7.388970375061035,1.9446742534637451,5.042450904846191,5.951601028442383,4.709974765777588,6.327781677246094,8.743330955505371,13.196065902709961,,,,,,,,,,,6.9310455322265625,9.910815238952637,8.406912803649902,1.9446742534637451,5.392539024353027,6.092720031738281,5.0326104164123535,7.534405708312988,10.044549942016602,13.212912559509277,,,,,,,,,,,,,,,,,,,,,,,,,,,,,,,,,,,,,,,,
7,1639,,,,,,,,,,,,,,,,,,,,,,,,,,,,,,,,,,,,,,,,,,,,,,,,,,,6.911831855773926,5.750950813293457,6.730551242828369,6.661016464233398,7.393011093139648,8.775230407714844,7.646042823791504,5.8725409507751465,5.970396041870117,7.406744956970215,0.5491378903388977,0.5355457067489624,0.5856939554214478,0.5873010158538818,0.5779987573623657,0.49109983444213867,0.57790207862854,0.5395568609237671,0.5141348838806152,0.5330077409744263,9.176445007324219,7.6609930992126465,8.989412307739258,8.839872360229492,9.794353485107422,11.587591171264648,10.145652770996094,7.850308895111084,8.00363540649414,9.716184616088867,0.4920412302017212,0.721796452999115,0.3537202477455139,0.40675508975982666,0.48530113697052,0.45736706256866455,0.44945260882377625,0.4010104238986969,0.61436527967453,0.5327808260917664,7.435308933258057,6.940225124359131,6.716309070587158,7.261995792388916,7.33811616897583,8.822371482849121,7.985147953033447,6.334490776062012,6.7290544509887695,8.790061950683594,0.3354266583919525,0.3723328709602356,0.2909277677536011,0.3386778235435486,0.37020665407180786,0.3181225061416626,0.16627556085586548,0.5078732967376709,0.26104623079299927,0.39337700605392456,9.563162803649902,9.325927734375,8.908611297607422,9.044783592224121,9.766012191772461,10.881542205810547,10.805706977844238,7.670199394226074,8.38692569732666,11.278753280639648
8,1644,,,,,,,,,,,,,,,,,,,,,,,,,,,,,,,,,,,,,,,,,0.3353661894798279,0.27146583795547485,0.27446502447128296,0.37790632247924805,0.39220646023750305,0.2499297708272934,0.1923324018716812,0.4185633361339569,0.45802053809165955,0.3834061026573181,6.537768363952637,4.589295387268066,6.232048034667969,6.933019638061523,7.414608478546143,7.534803867340088,5.4407548904418945,6.328968048095703,6.6638102531433105,7.702607154846191,,,,,,,,,,,7.881433963775635,5.767928123474121,7.548403739929199,8.545686721801758,8.96101188659668,8.101862907409668,7.176240921020508,7.630259037017822,7.769011497497559,9.43249797821045,,,,,,,,,,,,,,,,,,,,,,,,,,,,,,,,,,,,,,,,
8,1649,,,,,,,,,,,,,,,,,,,,,,,,,,,,,,,,,,,,,,,,,0.36470121145248413,0.1258034110069275,0.40679365396499634,0.09323571622371674,0.3607023358345032,0.3344300091266632,0.21551385521888733,1.1000269651412964,0.5321943759918213,0.11361050605773926,6.196122169494629,3.312147378921509,7.563029766082764,3.494004249572754,6.931962490081787,6.85388708114624,5.896770000457764,10.519601821899414,7.201080322265625,3.992612838745117,,,,,,,,,,,7.6446213722229,3.9265263080596924,9.189644813537598,4.244690418243408,8.59358024597168,9.371917724609375,7.596409320831299,12.369732856750488,8.374490737915039,5.1345977783203125,,,,,,,,,,,,,,,,,,,,,,,,,,,,,,,,,,,,,,,,
8,1654,,,,,,,,,,,,,,,,,,,,,,,,,,,,,,,,,,,,,,,,,0.40332236886024475,0.45173802971839905,0.22240570187568665,0.1269971877336502,0.45934855937957764,0.4801212251186371,0.4930049180984497,0.35551130771636963,0.5884029269218445,0.45237162709236145,6.823328495025635,5.814159870147705,5.97566032409668,3.9474587440490723,7.632148742675781,8.093128204345703,8.36742877960205,5.298934459686279,7.895646572113037,8.385392189025879,,,,,,,,,,,8.632148742675781,7.440559387207031,6.794924259185791,4.953953266143799,9.697746276855469,11.229265213012695,11.489376068115234,7.032106399536133,8.805634498596191,10.24577522277832,,,,,,,,,,,,,,,,,,,,,,,,,,,,,,,,,,,,,,,,
8,1659,,,,,,,,,,,,,,,,,,,,,,,,,,,,,,,,,,,,,,,,,0.3812800943851471,0.4355146586894989,0.22148481011390686,0.26333490014076233,0.29269328713417053,0.8354228138923645,0.172898069024086,0.44212523102760315,0.31748104095458984,0.4505661129951477,6.781910419464111,5.913188457489014,6.18162202835083,6.479465961456299,5.827105522155762,11.393017768859863,6.003370761871338,6.938640594482422,5.097177982330322,7.2036027908325195,,,,,,,,,,,8.345940589904785,7.30573034286499,6.780841827392578,7.13360595703125,7.7411603927612305,14.812520980834961,6.8040242195129395,7.842081069946289,6.468181610107422,10.225310325622559,,,,,,,,,,,,,,,,,,,,,,,,,,,,,,,,,,,,,,,,
8,1664,,,,,,,,,,,,,,,,,,,,,,,,,,,,,,,,,,,,,,,,,0.7420427799224854,0.43527862429618835,0.6055719256401062,1.0211904048919678,0.9794331192970276,0.7713366746902466,0.7705774307250977,0.826326310634613,0.7177227735519409,0.5509476065635681,8.480339050292969,5.833879470825195,8.643597602844238,10.133577346801758,8.632597923278809,9.616377830505371,8.680341720581055,8.321356773376465,7.550538063049316,8.910785675048828,,,,,,,,,,,11.89724063873291,7.303750991821289,11.212295532226562,14.047799110412598,14.160774230957031,14.233046531677246,14.364116668701172,10.720980644226074,9.725269317626953,11.30712890625,,,,,,,,,,,,,,,,,,,,,,,,,,,,,,,,,,,,,,,,
8,1669,,,,,,,,,,,,,,,,,,,,,,,,,,,,,,,,,,,,,,,,,0.44260767102241516,0.4367627203464508,0.1796712577342987,0.5965995788574219,0.26459842920303345,0.2810264825820923,0.36821985244750977,0.5277867317199707,1.1014840602874756,0.2273198813199997,6.81581974029541,5.5072760581970215,4.249767303466797,9.459972381591797,5.795512676239014,7.259340763092041,7.934460639953613,6.392911911010742,8.728321075439453,6.01481294631958,,,,,,,,,,,8.65786075592041,7.316190719604492,6.107324123382568,10.73733139038086,7.360261917114258,8.591114044189453,9.929431915283203,8.568167686462402,12.047929763793945,7.262997627258301,,,,,,,,,,,,,,,,,,,,,,,,,,,,,,,,,,,,,,,,
8,1674,,,,,,,,,,,,,,,,,,,,,,,,,,,,,,,,,,,,,,,,,0.425751268863678,0.1714361011981964,0.1330694854259491,0.6231451630592346,0.11524791270494461,0.5160261988639832,0.43821996450424194,1.0900413990020752,0.5136365294456482,0.23093849420547485,6.81121301651001,3.822951555252075,4.584504127502441,9.191999435424805,4.299757957458496,9.346540451049805,8.734217643737793,9.489583015441895,6.1571455001831055,5.674220561981201,,,,,,,,,,,8.445085525512695,4.583670616149902,5.255946159362793,10.973609924316406,4.857537746429443,11.64157485961914,10.832204818725586,12.31346321105957,8.227184295654297,7.320577621459961,,,,,,,,,,,,,,,,,,,,,,,,,,,,,,,,,,,,,,,,
8,1679,,,,,,,,,,,,,,,,,,,,,,,,,,,,,,,,,,,,,,,,,0.3334321081638336,0.10377417504787445,1.2246265411376953,0.24643203616142273,0.23218241333961487,0.388545960187912,0.26145973801612854,0.2259642779827118,0.125244140625,0.19265970587730408,6.174220561981201,2.8777735233306885,10.555736541748047,6.3210296630859375,5.995612621307373,9.027872085571289,7.107186794281006,4.720857620239258,3.7535126209259033,5.20840311050415,,,,,,,,,,,7.57005500793457,3.5662100315093994,15.94459342956543,6.900864124298096,6.894683361053467,10.101760864257812,8.367066383361816,5.606329441070557,4.062580585479736,6.686404705047607,,,,,,,,,,,,,,,,,,,,,,,,,,,,,,,,,,,,,,,,
8,1684,,,,,,,,,,,,,,,,,,,,,,,,,,,,,,,,,,,,,,,,,0.6225968599319458,0.47585541009902954,0.6171339750289917,0.33669552206993103,0.5582678914070129,1.143290638923645,0.4699004590511322,0.8362923860549927,0.964857280254364,0.20107778906822205,8.608692169189453,6.333111763000488,8.980287551879883,7.031582355499268,8.744586944580078,14.038151741027832,9.23698616027832,9.127875328063965,8.471063613891602,5.514584541320801,,,,,,,,,,,10.572253227233887,7.636594772338867,11.318824768066406,8.066285133361816,10.691064834594727,17.328227996826172,11.216922760009766,10.785438537597656,11.275993347167969,6.830921173095703,,,,,,,,,,,,,,,,,,,,,,,,,,,,,,,,,,,,,,,,
8,1689,,,,,,,,,,,,,,,,,,,,,,,,,,,,,,,,,,,,,,,,,0.2955557107925415,0.2852521538734436,0.3646310865879059,0.389608234167099,0.1722334772348404,0.3406594395637512,0.23284494876861572,0.29483699798583984,0.2717766761779785,0.3081585168838501,5.89091682434082,4.993594169616699,6.817732810974121,8.065115928649902,4.850741863250732,6.314661026000977,6.0581278800964355,5.43088436126709,4.408903121948242,6.078487396240234,,,,,,,,,,,7.491980075836182,5.912576198577881,8.700385093688965,8.676987648010254,5.938249588012695,9.45880126953125,7.895946979522705,6.403975963592529,5.98452091217041,8.456376075744629,,,,,,,,,,,,,,,,,,,,,,,,,,,,,,,,,,,,,,,,
8,1694,,,,,,,,,,,,,,,,,,,,,,,,,,,,,,,,,,,,,,,,,0.4368729591369629,0.6320147514343262,0.23352880775928497,0.15432703495025635,0.8507722020149231,0.7615328431129456,0.24917364120483398,0.3463573157787323,0.31714266538619995,0.38700735569000244,6.5961737632751465,6.125488758087158,5.393850803375244,5.094687461853027,7.869530200958252,10.738574028015137,6.461179733276367,5.1983442306518555,4.7482686042785645,7.735640525817871,,,,,,,,,,,8.846162796020508,8.800875663757324,6.962768077850342,5.461047172546387,13.197945594787598,14.142303466796875,8.168115615844727,6.940981864929199,6.464733600616455,9.476692199707031,,,,,,,,,,,,,,,,,,,,,,,,,,,,,,,,,,,,,,,,
8,1699,,,,,,,,,,,,,,,,,,,,,,,,,,,,,,,,,,,,,,,,,0.4340835213661194,0.2323879450559616,0.44500982761383057,0.3795747458934784,0.40555617213249207,0.1256915032863617,0.478455126285553,0.4327709674835205,0.8668535351753235,0.5404520034790039,7.000389099121094,4.327912330627441,7.686068058013916,6.941550254821777,7.421698093414307,4.7285332679748535,8.211179733276367,6.649117946624756,8.808542251586914,8.228901863098145,,,,,,,,,,,8.814967155456543,5.336654186248779,9.611616134643555,8.564530372619629,9.112239837646484,5.745512962341309,11.318565368652344,7.758678913116455,10.687992095947266,11.198909759521484,,,,,,,,,,,,,,,,,,,,,,,,,,,,,,,,,,,,,,,,
8,1704,,,,,,,,,,,,,,,,,,,,,,,,,,,,,,,,,,,,,,,,,0.3232737183570862,0.4362262785434723,0.09099256992340088,0.07534483075141907,0.37099117040634155,0.446509450674057,0.3324197232723236,0.3831561505794525,0.20456647872924805,0.5692567825317383,6.20896053314209,6.021013259887695,4.034216403961182,3.0886409282684326,7.065506935119629,8.312054634094238,7.713278293609619,6.630841255187988,4.425515651702881,8.589578628540039,,,,,,,,,,,7.60426664352417,7.311696529388428,4.346249103546143,3.815764904022217,8.71528148651123,10.829069137573242,9.43439769744873,7.300398826599121,5.192070007324219,11.493473052978516,,,,,,,,,,,,,,,,,,,,,,,,,,,,,,,,,,,,,,,,
8,1709,,,,,,,,,,,,,,,,,,,,,,,,,,,,,,,,,,,,,,,,,0.637877881526947,0.34173157811164856,1.972853183746338,0.1307883858680725,0.18698982894420624,0.39969760179519653,0.5302759408950806,0.7603084444999695,0.608333945274353,0.8099218010902405,7.849649906158447,5.437389373779297,13.236223220825195,4.651086807250977,5.106991767883301,7.8765153884887695,9.546806335449219,8.400008201599121,7.596645355224609,8.795186996459961,,,,,,,,,,,10.336895942687988,6.471497535705566,20.237600326538086,5.027353763580322,6.18740701675415,10.24570083618164,11.915760040283203,10.283799171447754,8.953530311584473,13.709409713745117,,,,,,,,,,,,,,,,,,,,,,,,,,,,,,,,,,,,,,,,
8,1714,,,,,,,,,,,,,,,,,,,,,,,,,,,,,,,,,,,,,,,,,0.46020105481147766,0.45572805404663086,0.6174532771110535,0.39335331320762634,0.7302228212356567,0.3953106105327606,0.3617754876613617,0.40630286931991577,0.25498732924461365,0.5266757011413574,7.262848854064941,5.899813175201416,9.325178146362305,7.546683311462402,6.94419527053833,7.541281700134277,8.877195358276367,6.1203389167785645,4.710596561431885,8.40035629272461,,,,,,,,,,,9.349114418029785,7.4733476638793945,11.32175350189209,8.71859073638916,12.22721004486084,10.18931770324707,9.842158317565918,7.51767635345459,5.796722888946533,11.055256843566895,,,,,,,,,,,,,,,,,,,,,,,,,,,,,,,,,,,,,,,,
8,1719,,,,,,,,,,,,,,,,,,,,,,,,,,,,,,,,,,,,,,,,,0.2941180467605591,0.28028425574302673,0.5954287052154541,0.11327675729990005,0.44433313608169556,0.1619354635477066,0.3711523115634918,0.25806376338005066,0.1402144432067871,0.2823735177516937,5.8445143699646,4.808987617492676,8.230828285217285,4.218336582183838,7.748880386352539,4.930453300476074,7.0466156005859375,5.660059928894043,2.9281363487243652,7.028327941894531,,,,,,,,,,,7.341174602508545,5.86086368560791,11.117996215820312,4.678700923919678,9.53792667388916,6.521490097045898,9.968892097473145,5.991315841674805,4.298527240753174,8.094857215881348,,,,,,,,,,,,,,,,,,,,,,,,,,,,,,,,,,,,,,,,
8,1724,,,,,,,,,,,,,,,,,,,,,,,,,,,,,,,,,,,,,,,,,0.32641664147377014,0.7105704545974731,0.30393368005752563,0.07108830660581589,0.11634275317192078,0.40817582607269287,0.14714708924293518,0.12140585482120514,0.3052315413951874,0.7538545727729797,5.568097114562988,6.100444316864014,6.140171527862549,3.2120280265808105,3.712486505508423,7.112074375152588,5.5302205085754395,3.402156352996826,4.861616134643555,10.041674613952637,,,,,,,,,,,7.352304935455322,9.331809043884277,7.943302154541016,3.7064144611358643,4.880556106567383,10.35379409790039,6.276920318603516,4.109401226043701,6.3421711921691895,13.22637939453125,,,,,,,,,,,,,,,,,,,,,,,,,,,,,,,,,,,,,,,,
8,1729,,,,,,,,,,,,,,,,,,,,,,,,,,,,,,,,,,,,,,,,,0.6370081305503845,0.8278377652168274,0.1995774656534195,0.45252418518066406,0.18360432982444763,0.24686327576637268,0.2375825047492981,1.2436420917510986,1.6744511127471924,0.6669906377792358,6.964796543121338,6.635484218597412,4.940508842468262,7.166904449462891,5.110652446746826,6.284555435180664,5.913792133331299,8.7982177734375,9.698996543884277,8.134056091308594,,,,,,,,,,,9.829739570617676,10.072444915771484,6.436761856079102,9.3513822555542,6.131138324737549,8.052006721496582,7.975869178771973,13.15244197845459,14.854551315307617,12.44105052947998,,,,,,,,,,,,,,,,,,,,,,,,,,,,,,,,,,,,,,,,
8,1734,,,,,,,,,,,,,,,,,,,,,,,,,,,,,,,,,,,,,,,,,0.39778152108192444,0.44321101903915405,0.4373898208141327,0.24925115704536438,0.4854770302772522,0.799292802810669,0.45696863532066345,0.4156302809715271,0.16918566823005676,0.12362716346979141,7.004663467407227,5.7890167236328125,7.737733364105225,5.63256311416626,7.756787300109863,11.594095230102539,9.59183120727539,7.095538139343262,3.5083720684051514,4.336030960083008,,,,,,,,,,,8.560060501098633,7.370000839233398,9.528970718383789,6.940223693847656,9.969743728637695,14.488679885864258,11.06149959564209,7.60347843170166,4.72177267074585,5.356167793273926,,,,,,,,,,,,,,,,,,,,,,,,,,,,,,,,,,,,,,,,
8,1739,,,,,,,,,,,,,,,,,,,,,,,,,,,,,,,,,,,,,,,,,0.3975965082645416,0.6874669194221497,0.8188750743865967,0.38007864356040955,0.32936570048332214,0.3848732113838196,0.32604941725730896,0.1201162189245224,0.16410957276821136,0.3674337863922119,6.516912937164307,7.529365062713623,9.194780349731445,5.774204254150391,6.615372657775879,7.692720890045166,7.270834922790527,3.421173095703125,3.75813627243042,7.395624160766602,,,,,,,,,,,8.48538589477539,9.178847312927246,13.038285255432129,8.570213317871094,8.211809158325195,10.053902626037598,9.343563079833984,4.087516784667969,4.650399208068848,9.233933448791504,,,,,,,,,,,,,,,,,,,,,,,,,,,,,,,,,,,,,,,,
8,1744,,,,,,,,,,,,,,,,,,,,,,,,,,,,,,,,,,,,,,,,,0.2435632050037384,0.24970701336860657,0.14138540625572205,0.25280478596687317,0.4922664165496826,0.47486597299575806,0.2609311640262604,0.07394400238990784,0.057640619575977325,0.18852347135543823,5.381994724273682,4.646369934082031,4.19536018371582,5.194725036621094,8.360706329345703,9.039063453674316,6.5484161376953125,2.4713635444641113,2.4402172565460205,5.541733741760254,,,,,,,,,,,6.675776481628418,5.531942367553711,5.41768741607666,6.989522933959961,10.039215087890625,11.16763973236084,8.358604431152344,3.2070834636688232,2.7560534477233887,6.61423921585083,,,,,,,,,,,,,,,,,,,,,,,,,,,,,,,,,,,,,,,,
8,1749,,,,,,,,,,,,,,,,,,,,,,,,,,,,,,,,,,,,,,,,,0.7104944586753845,1.1057155132293701,0.3714892864227295,0.33907800912857056,0.6607154011726379,0.7670099139213562,0.6952579021453857,1.2880827188491821,0.8992419242858887,0.2678591310977936,8.885624885559082,9.510537147521973,7.664939880371094,6.418712615966797,9.570968627929688,11.899653434753418,10.824528694152832,10.652603149414062,7.3404107093811035,6.088273525238037,,,,,,,,,,,11.126729011535645,11.640830993652344,8.78182601928711,8.094773292541504,11.63072681427002,14.193070411682129,13.644063949584961,13.385376930236816,10.88582992553711,7.884068965911865,,,,,,,,,,,,,,,,,,,,,,,,,,,,,,,,,,,,,,,,
8,1754,,,,,,,,,,,,,,,,,,,,,,,,,,,,,,,,,,,,,,,,,0.25708651542663574,0.3304275870323181,0.08849473297595978,0.08493119478225708,0.3692280948162079,0.43754443526268005,0.26628828048706055,0.06053680181503296,0.4095533788204193,0.26677405834198,5.170107841491699,4.966488361358643,3.4097862243652344,2.899923801422119,6.161925315856934,8.1919584274292,6.300236701965332,2.0900795459747314,6.438169002532959,6.072402477264404,,,,,,,,,,,6.74174165725708,6.3635640144348145,4.286180019378662,4.051245212554932,8.694548606872559,10.719806671142578,8.443973541259766,2.901806354522705,7.346467018127441,7.868083477020264,,,,,,,,,,,,,,,,,,,,,,,,,,,,,,,,,,,,,,,,
8,1759,,,,,,,,,,,,,,,,,,,,,,,,,,,,,,,,,,,,,,,,,0.4879166781902313,0.8263354897499084,0.3400418162345886,0.3513338267803192,0.6529805660247803,1.2239652872085571,0.48440447449684143,0.24290543794631958,0.05019817501306534,0.2190852016210556,6.923970699310303,6.257291316986084,6.10959529876709,6.988120079040527,8.531708717346191,11.773259162902832,8.91497802734375,5.255900859832764,2.203610897064209,6.281269550323486,,,,,,,,,,,9.233357429504395,10.063301086425781,8.401906967163086,8.239765167236328,11.562446594238281,17.92917823791504,11.38871955871582,5.812692642211914,2.5719780921936035,7.130233287811279,,,,,,,,,,,,,,,,,,,,,,,,,,,,,,,,,,,,,,,,
8,1764,,,,,,,,,,,,,,,,,,,,,,,,,,,,,,,,,,,,,,,,,0.5095250010490417,0.7184256315231323,0.3887486457824707,0.7220042943954468,0.6150094866752625,0.5141490697860718,0.6284570097923279,0.2638152539730072,0.3421748876571655,0.392940491437912,7.840726375579834,7.702796936035156,8.507646560668945,8.408398628234863,8.283829689025879,9.201061248779297,10.185765266418457,4.953934669494629,5.429694652557373,7.8934102058410645,,,,,,,,,,,9.812695503234863,9.383248329162598,8.983510971069336,11.812036514282227,11.221232414245605,11.620381355285645,12.972049713134766,6.057712554931641,6.715020656585693,9.549059867858887,,,,,,,,,,,,,,,,,,,,,,,,,,,,,,,,,,,,,,,,
8,1769,,,,,,,,,,,,,,,,,,,,,,,,,,,,,,,,,,,,,,,,,0.40165653824806213,0.23288258910179138,0.7059230208396912,0.2360018938779831,0.3963211476802826,0.25411906838417053,0.13543784618377686,0.8172082304954529,0.660625159740448,0.17638994753360748,6.179345607757568,4.720677375793457,7.564361572265625,6.257028579711914,6.719796657562256,6.457380294799805,4.956877708435059,6.766384124755859,7.24378776550293,4.927814960479736,,,,,,,,,,,8.198955535888672,5.342330455780029,12.105710983276367,6.753246307373047,9.007893562316895,8.169482231140137,6.022000312805176,10.661667823791504,9.330411911010742,6.397850513458252,,,,,,,,,,,,,,,,,,,,,,,,,,,,,,,,,,,,,,,,
8,1774,,,,,,,,,,,,,,,,,,,,,,,,,,,,,,,,,,,,,,,,,0.6566032767295837,0.7691556811332703,0.37513089179992676,0.9036784172058105,0.8213412165641785,0.8245336413383484,0.6937631964683533,0.660350501537323,0.5052924752235413,0.35618311166763306,8.472763061523438,6.17772912979126,6.886785984039307,10.668298721313477,11.00654125213623,11.100796699523926,10.803544044494629,6.869663715362549,5.993884086608887,6.747623920440674,,,,,,,,,,,11.099637031555176,9.70888614654541,8.824763298034668,13.214837074279785,12.96765422821045,14.715670585632324,13.629390716552734,9.583980560302734,8.160085678100586,9.09146499633789,,,,,,,,,,,,,,,,,,,,,,,,,,,,,,,,,,,,,,,,
8,1779,,,,,,,,,,,,,,,,,,,,,,,,,,,,,,,,,,,,,,,,,0.4496597647666931,0.4108058214187622,0.5402847528457642,0.49383074045181274,0.38091370463371277,0.4558754861354828,0.282380074262619,0.07919047772884369,1.0805633068084717,0.3230939507484436,6.720117568969727,4.7484259605407715,9.40244197845459,8.267769813537598,6.349298000335693,8.498483657836914,7.144044399261475,2.7902932167053223,7.548595428466797,5.731701850891113,,,,,,,,,,,8.870469093322754,7.095460414886475,10.590660095214844,9.768861770629883,8.831062316894531,10.942057609558105,8.695364952087402,3.3189079761505127,11.932966232299805,8.6588773727417,,,,,,,,,,,,,,,,,,,,,,,,,,,,,,,,,,,,,,,,
8,1784,,,,,,,,,,,,,,,,,,,,,,,,,,,,,,,,,,,,,,,,,0.6458767056465149,0.5539054870605469,0.26054272055625916,1.8691538572311401,0.5389925241470337,0.4723948538303375,0.48735520243644714,0.5832797288894653,0.6360950469970703,0.4111705422401428,8.133855819702148,6.412285327911377,5.943472385406494,13.949268341064453,8.239534378051758,9.137679100036621,7.196265697479248,7.56173849105835,8.013875007629395,6.750589847564697,,,,,,,,,,,10.621858596801758,8.239106178283691,7.354465961456299,19.00541877746582,10.504878044128418,11.138545036315918,11.423352241516113,9.007352828979492,9.155547142028809,9.768057823181152,,,,,,,,,,,,,,,,,,,,,,,,,,,,,,,,,,,,,,,,
8,1789,,,,,,,,,,,,,,,,,,,,,,,,,,,,,,,,,,,,,,,,,0.34507402777671814,0.27771973609924316,0.1869032084941864,0.5743463039398193,0.3101845681667328,0.3807813227176666,0.24775077402591705,0.4972817897796631,0.29299941658973694,0.3376988172531128,6.433302402496338,4.499544143676758,4.5935211181640625,9.870211601257324,5.3799285888671875,7.903282642364502,7.038578510284424,6.943132400512695,3.85868501663208,7.812837600708008,,,,,,,,,,,8.01060676574707,5.833990097045898,6.229024410247803,10.535176277160645,7.9691081047058105,10.000314712524414,8.144760131835938,8.316871643066406,6.213791370391846,8.852418899536133,,,,,,,,,,,,,,,,,,,,,,,,,,,,,,,,,,,,,,,,
8,1794,,,,,,,,,,,,,,,,,,,,,,,,,,,,,,,,,,,,,,,,,0.2924226224422455,0.19400174915790558,0.3454947769641876,0.21720755100250244,0.07264487445354462,0.15394838154315948,0.41087472438812256,0.6367456316947937,0.14400669932365417,0.45687922835350037,5.961123943328857,4.100053787231445,7.690478801727295,4.946163654327393,3.4789695739746094,5.207408428192139,8.004645347595215,7.930016040802002,4.263095855712891,8.02928638458252,,,,,,,,,,,7.176876544952393,4.876015663146973,8.46900463104248,6.478767395019531,3.8565781116485596,6.358628273010254,10.48879337310791,9.411128997802734,4.356268882751465,10.296696662902832,,,,,,,,,,,,,,,,,,,,,,,,,,,,,,,,,,,,,,,,
8,1799,,,,,,,,,,,,,,,,,,,,,,,,,,,,,,,,,,,,,,,,,0.349761962890625,0.308550626039505,0.14499469101428986,0.11934613436460495,0.46617960929870605,0.38374584913253784,0.33974501490592957,0.31327301263809204,0.06837251037359238,1.003650426864624,5.806609153747559,5.0646162033081055,3.694352865219116,3.8299803733825684,6.633426189422607,8.457818031311035,6.802706718444824,5.070986747741699,1.959765911102295,10.745829582214355,,,,,,,,,,,7.849853515625,6.14929723739624,5.486402988433838,4.802408218383789,9.7695894241333,10.039167404174805,9.537781715393066,6.60115909576416,3.0016777515411377,15.261191368103027,,,,,,,,,,,,,,,,,,,,,,,,,,,,,,,,,,,,,,,,
8,1804,,,,,,,,,,,,,,,,,,,,,,,,,,,,,,,,,,,,,,,,,0.2880988121032715,0.34546902775764465,0.16159935295581818,0.11414238065481186,0.5146636962890625,0.44086509943008423,0.21749170124530792,0.17662891745567322,0.36270028352737427,0.259328693151474,5.3589630126953125,5.011534214019775,4.0529255867004395,4.272481441497803,6.719574451446533,7.095452308654785,5.384101867675781,4.177322864532471,6.477212905883789,5.040063858032227,,,,,,,,,,,7.253299236297607,6.506790637969971,5.792038917541504,4.6965436935424805,10.265058517456055,10.760408401489258,7.631187915802002,4.956665515899658,6.913487911224365,7.75751256942749,,,,,,,,,,,,,,,,,,,,,,,,,,,,,,,,,,,,,,,,
8,1809,,,,,,,,,,,,,,,,,,,,,,,,,,,,,,,,,,,,,,,,,0.3179141879081726,0.4046887159347534,0.19309958815574646,0.3615460991859436,0.4054325819015503,0.3519231975078583,0.22020450234413147,0.08763928711414337,0.4703233540058136,0.3663705587387085,6.100546836853027,5.863458633422852,4.820555210113525,6.636772155761719,7.452925205230713,7.606589317321777,5.702445983886719,2.6488702297210693,6.316678047180176,7.856630802154541,,,,,,,,,,,7.635623455047607,7.042434215545654,6.331437110900879,8.358661651611328,9.110851287841797,9.613903999328613,7.678633213043213,3.4914684295654297,7.872661113739014,9.220563888549805,,,,,,,,,,,,,,,,,,,,,,,,,,,,,,,,,,,,,,,,
8,1814,,,,,,,,,,,,,,,,,,,,,,,,,,,,,,,,,,,,,,,,,0.4194434583187103,0.3036370575428009,0.21660567820072174,0.2752462327480316,0.43310844898223877,0.4026148319244385,0.5839048624038696,0.7373524308204651,0.22528062760829926,0.5972408056259155,6.899503707885742,4.423704147338867,5.779662609100342,5.905452728271484,7.744284629821777,7.863854885101318,9.564613342285156,7.666769027709961,3.9623191356658936,9.184867858886719,,,,,,,,,,,8.85012149810791,6.100137710571289,6.705738067626953,7.293157577514648,9.416683197021484,10.283021926879883,12.50379467010498,10.127360343933105,5.44860315322876,11.772589683532715,,,,,,,,,,,,,,,,,,,,,,,,,,,,,,,,,,,,,,,,
8,1819,,,,,,,,,,,,,,,,,,,,,,,,,,,,,,,,,,,,,,,,,0.22384291887283325,0.08597420156002045,0.1598695069551468,0.19631850719451904,0.477815181016922,0.25052809715270996,0.3377149701118469,0.20055446028709412,0.09740801155567169,0.20840325951576233,4.85147762298584,2.4724268913269043,4.707973480224609,5.208014011383057,6.179222106933594,6.7894134521484375,6.538333892822266,3.8377578258514404,2.6486494541168213,5.281508922576904,,,,,,,,,,,6.4996209144592285,3.245983600616455,5.760954856872559,6.159358978271484,9.890758514404297,8.111554145812988,9.509243965148926,5.281713485717773,3.5827839374542236,6.954236030578613,,,,,,,,,,,,,,,,,,,,,,,,,,,,,,,,,,,,,,,,
8,1824,,,,,,,,,,,,,,,,,,,,,,,,,,,,,,,,,,,,,,,,,0.40025559067726135,0.5357341766357422,0.5586755871772766,0.34556615352630615,0.6322848796844482,0.31490540504455566,0.21583609282970428,0.45164257287979126,0.2553967833518982,0.2922585904598236,6.691538333892822,5.4690775871276855,9.22322940826416,6.211735725402832,7.378835678100586,7.457212448120117,6.603802680969238,7.3189239501953125,4.785375118255615,5.775651454925537,,,,,,,,,,,8.564542770385742,8.10283374786377,10.769399642944336,8.171852111816406,11.377741813659668,9.094229698181152,7.602087020874023,7.9260382652282715,5.801374912261963,8.235326766967773,,,,,,,,,,,,,,,,,,,,,,,,,,,,,,,,,,,,,,,,
8,1829,,,,,,,,,,,,,,,,,,,,,,,,,,,,,,,,,,,,,,,,,0.2736396789550781,0.1646638661623001,0.3122180700302124,0.02514800988137722,0.2386893928050995,0.6033543944358826,0.3333694040775299,0.4072273373603821,0.07559209316968918,0.30249449610710144,5.3895263671875,3.7205231189727783,5.8502302169799805,1.8635164499282837,5.671778678894043,8.111878395080566,7.575101375579834,5.992814540863037,2.8852477073669434,6.834649085998535,,,,,,,,,,,6.981654644012451,4.492224216461182,8.050829887390137,2.2044825553894043,6.990628719329834,12.588156700134277,9.447864532470703,7.526224613189697,3.1561777591705322,8.378300666809082,,,,,,,,,,,,,,,,,,,,,,,,,,,,,,,,,,,,,,,,
8,1834,,,,,,,,,,,,,,,,,,,,,,,,,,,,,,,,,,,,,,,,,0.29501405358314514,0.6022604703903198,0.18970541656017303,0.2145046591758728,0.4159413278102875,0.2734611928462982,0.26465699076652527,0.1815514713525772,0.16415607929229736,0.34888893365859985,5.548400402069092,6.591098308563232,5.102585792541504,4.646598815917969,6.224519729614258,6.120345115661621,5.7318501472473145,4.2638936042785645,3.9913837909698486,7.263327598571777,,,,,,,,,,,7.3444695472717285,8.59121322631836,6.275545597076416,6.438330173492432,9.228172302246094,8.474687576293945,8.418068885803223,5.025260925292969,4.651058197021484,8.997892379760742,,,,,,,,,,,,,,,,,,,,,,,,,,,,,,,,,,,,,,,,
8,1839,,,,,,,,,,,,,,,,,,,,,,,,,,,,,,,,,,,,,,,,,0.4726463556289673,0.3667885363101959,0.7757789492607117,0.16472280025482178,0.6047743558883667,0.6004886031150818,0.3997054398059845,0.6807635426521301,0.28557053208351135,0.37522420287132263,7.841610431671143,5.183452129364014,10.191972732543945,4.799208641052246,9.519838333129883,11.383211135864258,8.357830047607422,8.87536907196045,5.104763984680176,7.158851146697998,,,,,,,,,,,9.362760543823242,6.7045578956604,12.690555572509766,5.6419830322265625,11.127467155456543,12.55822467803955,10.345246315002441,9.730986595153809,6.134511470794678,9.33130931854248,,,,,,,,,,,,,,,,,,,,,,,,,,,,,,,,,,,,,,,,
8,1844,,,,,,,,,,,,,,,,,,,,,,,,,,,,,,,,,,,,,,,,,0.2328769713640213,0.4295024275779724,0.30471739172935486,0.374863862991333,0.030837705358862877,0.063866525888443,0.11369796842336655,0.029247142374515533,0.0007366826757788658,0.7484230399131775,4.882160663604736,5.284057140350342,7.686440467834473,7.263559341430664,2.301680326461792,4.095552444458008,5.042253017425537,2.016974687576294,0.31157565116882324,9.937352180480957,,,,,,,,,,,5.705877304077148,7.255128383636475,7.953536510467529,8.51121711730957,2.512700080871582,4.095552444458008,5.517561435699463,2.016974687576294,0.31157565116882324,13.178645133972168,,,,,,,,,,,,,,,,,,,,,,,,,,,,,,,,,,,,,,,,
8,1844,,,,,,,,,,,,,,,,,,,,,,,,,,,,,,,,,,,,,,,,,,,,,,,,,,,6.819144248962402,5.6232590675354,6.545769214630127,6.57503604888916,7.125373840332031,8.686661720275879,7.638063907623291,5.9083452224731445,5.924437999725342,7.345350742340088,0.5563331246376038,0.5459036827087402,0.603003978729248,0.5916765332221985,0.6009849309921265,0.4956167936325073,0.5821837186813354,0.5434922575950623,0.5079560279846191,0.5361800193786621,9.097307205200195,7.575089454650879,8.799615859985352,8.792885780334473,9.523873329162598,11.536050796508789,10.094062805175781,7.816690921783447,8.05436897277832,9.683125495910645,0.5486023426055908,0.8213319182395935,0.3763217628002167,0.47088372707366943,0.55962073802948,0.4957602322101593,0.5232360363006592,0.4315130412578583,0.6705876588821411,0.5913745164871216,7.83954381942749,7.574817180633545,6.902064323425293,7.5860090255737305,8.121682167053223,9.075033187866211,8.699494361877441,6.385343074798584,6.952208518981934,9.25924301147461,0.26469114422798157,0.27455395460128784,0.27750295400619507,0.26294058561325073,0.2673047184944153,0.26696741580963135,0.043217360973358154,0.45546454191207886,0.19646316766738892,0.33780550956726074,10.06190013885498,10.026050567626953,8.992548942565918,9.548669815063477,10.533675193786621,11.282333374023438,11.575735092163086,8.068285942077637,8.745749473571777,11.784046173095703
9,1849,,,,,,,,,,,,,,,,,,,,,,,,,,,,,,,,,,,,,,,,,0.26419487595558167,0.1317865401506424,0.15220530331134796,0.028449326753616333,0.3338669240474701,0.6452816128730774,0.30746689438819885,0.045580148696899414,0.12558330595493317,0.607533872127533,5.484374046325684,3.7898013591766357,4.531906604766846,2.015836715698242,7.359549522399902,11.472737312316895,7.349862575531006,2.0615711212158203,3.1209259033203125,7.657174587249756,,,,,,,,,,,6.755960464477539,4.018813133239746,5.6211676597595215,2.344719648361206,8.267731666564941,13.01818561553955,9.073399543762207,2.517946481704712,4.06807804107666,11.873600959777832,,,,,,,,,,,,,,,,,,,,,,,,,,,,,,,,,,,,,,,,
9,1854,,,,,,,,,,,,,,,,,,,,,,,,,,,,,,,,,,,,,,,,,0.2860693335533142,0.3644634485244751,0.2617766261100769,0.24076902866363525,0.3372287154197693,0.2272568792104721,0.327219158411026,0.3830645680427551,0.23413032293319702,0.1987154185771942,5.8321123123168945,4.875509262084961,6.0464887619018555,5.828335762023926,5.800819396972656,6.408890724182129,7.350043773651123,5.954505920410156,5.022576332092285,5.201838493347168,,,,,,,,,,,7.324026584625244,6.6832733154296875,7.371860027313232,6.821112632751465,8.30925178527832,7.725638389587402,9.360307693481445,7.299526214599609,5.554591655731201,6.790675640106201,,,,,,,,,,,,,,,,,,,,,,,,,,,,,,,,,,,,,,,,
9,1859,,,,,,,,,,,,,,,,,,,,,,,,,,,,,,,,,,,,,,,,,0.40556684136390686,0.47874554991722107,0.602260947227478,0.32444140315055847,0.35914644598960876,0.5701680183410645,0.5760000944137573,0.3198813796043396,0.2750367224216461,0.14442108571529388,7.113919734954834,5.467888832092285,9.634866714477539,7.130949974060059,7.0393452644348145,10.079081535339355,10.427191734313965,4.557295322418213,4.5052642822265625,5.183393478393555,,,,,,,,,,,8.718921661376953,7.659750938415527,11.181600570678711,7.9181365966796875,8.57502555847168,12.237065315246582,12.418869018554688,6.6704206466674805,6.0203070640563965,5.789119720458984,,,,,,,,,,,,,,,,,,,,,,,,,,,,,,,,,,,,,,,,
9,1864,,,,,,,,,,,,,,,,,,,,,,,,,,,,,,,,,,,,,,,,,0.3156035840511322,0.30669066309928894,0.2569112479686737,0.2545793056488037,0.337706983089447,0.31878453493118286,0.15395793318748474,0.3003714978694916,0.4657985270023346,0.44563156366348267,5.843345642089844,4.034641265869141,5.352469444274902,6.618237495422363,5.956061840057373,6.751397609710693,4.7336835861206055,5.153449058532715,6.2447190284729,7.745451927185059,,,,,,,,,,,7.644577980041504,6.130735397338867,7.303032398223877,7.014009952545166,8.315141677856445,9.150071144104004,6.420544147491455,6.463802814483643,7.834699630737305,10.169161796569824,,,,,,,,,,,,,,,,,,,,,,,,,,,,,,,,,,,,,,,,
9,1869,,,,,,,,,,,,,,,,,,,,,,,,,,,,,,,,,,,,,,,,,0.38143396377563477,0.7059855461120605,0.30306386947631836,0.37586626410484314,0.37450534105300903,0.8372411727905273,0.20545759797096252,0.1779889464378357,0.20746596157550812,0.24533109366893768,6.53713321685791,6.989386558532715,7.211315155029297,5.651216506958008,6.448493003845215,12.016363143920898,6.541584014892578,3.2440590858459473,4.607184886932373,6.124598026275635,,,,,,,,,,,8.278669357299805,9.301653861999512,7.9319281578063965,8.522589683532715,8.756461143493652,14.828634262084961,7.4170613288879395,4.975711822509766,5.22873592376709,7.545248031616211,,,,,,,,,,,,,,,,,,,,,,,,,,,,,,,,,,,,,,,,
9,1874,,,,,,,,,,,,,,,,,,,,,,,,,,,,,,,,,,,,,,,,,0.3065437972545624,0.38083237409591675,0.3062397539615631,0.31309711933135986,0.3221624791622162,0.3194590210914612,0.2547869086265564,0.22403979301452637,0.3814701735973358,0.2568066716194153,6.217540740966797,4.987440586090088,5.8060455322265625,6.44476318359375,6.901111125946045,7.738503456115723,6.407505035400391,4.6591477394104,6.640480995178223,6.37286901473999,,,,,,,,,,,7.612961769104004,6.831706523895264,7.973380088806152,7.7784743309021,8.121516227722168,9.159746170043945,8.259605407714844,5.582404613494873,7.0901198387146,7.719698905944824,,,,,,,,,,,,,,,,,,,,,,,,,,,,,,,,,,,,,,,,
9,1879,,,,,,,,,,,,,,,,,,,,,,,,,,,,,,,,,,,,,,,,,0.3535195291042328,0.8331642746925354,0.29578492045402527,0.14951631426811218,0.11959046125411987,0.9763942956924438,0.3357902765274048,0.021664772182703018,0.06055232882499695,0.3892180621623993,5.666482925415039,6.601349353790283,6.976718902587891,4.759798049926758,3.958061933517456,9.666479110717773,6.875507831573486,1.5771052837371826,2.7403903007507324,7.842935085296631,,,,,,,,,,,7.536057472229004,10.104796409606934,7.836095333099365,5.375256538391113,4.948208332061768,16.013580322265625,9.482107162475586,1.7359442710876465,2.8248069286346436,9.503721237182617,,,,,,,,,,,,,,,,,,,,,,,,,,,,,,,,,,,,,,,,
9,1884,,,,,,,,,,,,,,,,,,,,,,,,,,,,,,,,,,,,,,,,,0.4310065507888794,0.22635340690612793,0.8435961008071899,0.5031365156173706,0.37002694606781006,0.46428561210632324,0.5134236812591553,0.13643856346607208,0.40448135137557983,0.4173165261745453,6.941897869110107,3.8062100410461426,9.680435180664062,7.047084808349609,6.659695148468018,9.895044326782227,8.937480926513672,3.501087188720703,6.019505023956299,6.930536270141602,,,,,,,,,,,9.036710739135742,5.266908645629883,13.233628273010254,9.8604736328125,8.703948974609375,11.042527198791504,11.724888801574707,4.356395244598389,7.300835132598877,9.840790748596191,,,,,,,,,,,,,,,,,,,,,,,,,,,,,,,,,,,,,,,,
9,1889,,,,,,,,,,,,,,,,,,,,,,,,,,,,,,,,,,,,,,,,,0.2802983820438385,0.35991179943084717,0.09250479936599731,0.22493082284927368,0.29387328028678894,0.29434484243392944,0.7780879139900208,0.14891216158866882,0.16061890125274658,0.16950075328350067,5.964526653289795,5.5215959548950195,2.9221394062042236,5.162552356719971,6.392670154571533,8.045334815979004,12.814910888671875,3.9735190868377686,3.8198039531707764,5.02821683883667,,,,,,,,,,,7.113679885864258,6.6414103507995605,4.382215976715088,6.5929436683654785,7.756747722625732,8.792332649230957,14.433947563171387,4.551177501678467,4.600675582885742,6.27166748046875,,,,,,,,,,,,,,,,,,,,,,,,,,,,,,,,,,,,,,,,
9,1894,,,,,,,,,,,,,,,,,,,,,,,,,,,,,,,,,,,,,,,,,0.3592909872531891,0.4586813449859619,0.4107811152935028,0.46658000349998474,0.31435710191726685,0.4402385652065277,0.13862544298171997,0.24210496246814728,0.2306669056415558,0.5315833687782288,6.600886821746826,6.150574684143066,6.426904201507568,7.729404449462891,6.958797454833984,8.891454696655273,4.959646224975586,4.694809436798096,4.521866798400879,9.074524879455566,,,,,,,,,,,8.168716430664062,7.497523307800293,9.234575271606445,9.495502471923828,8.022528648376465,10.752758979797363,6.092453956604004,5.803107261657715,5.513354778289795,11.106644630432129,,,,,,,,,,,,,,,,,,,,,,,,,,,,,,,,,,,,,,,,
9,1899,,,,,,,,,,,,,,,,,,,,,,,,,,,,,,,,,,,,,,,,,0.652251124382019,0.3002162277698517,0.1466142237186432,0.2151191681623459,0.44061967730522156,0.4031735956668854,0.23117667436599731,0.9998958706855774,2.4895472526550293,0.6438978314399719,7.448015213012695,4.828421115875244,3.998441696166992,4.5898542404174805,7.916995048522949,8.655266761779785,6.755013942718506,7.470423698425293,14.629714012145996,8.187999725341797,,,,,,,,,,,9.757306098937988,6.065677165985107,5.516958236694336,6.447546482086182,9.497987747192383,10.290155410766602,7.86760950088501,11.79332160949707,18.11271095275879,12.223784446716309,,,,,,,,,,,,,,,,,,,,,,,,,,,,,,,,,,,,,,,,
9,1904,,,,,,,,,,,,,,,,,,,,,,,,,,,,,,,,,,,,,,,,,0.37001609802246094,0.3669068515300751,0.35378095507621765,0.10088711977005005,0.6758614778518677,0.636451005935669,0.39180484414100647,0.1437421441078186,0.08937018364667892,0.5713403820991516,6.332771301269531,5.630721569061279,6.847906112670898,4.010538578033447,8.657027244567871,9.879650115966797,7.876893997192383,3.322033405303955,3.105267286300659,7.664904594421387,,,,,,,,,,,8.22704029083252,6.705638885498047,8.569962501525879,4.4154276847839355,11.763282775878906,12.928803443908691,10.242493629455566,4.471474647521973,3.431781768798828,11.51448917388916,,,,,,,,,,,,,,,,,,,,,,,,,,,,,,,,,,,,,,,,
9,1909,,,,,,,,,,,,,,,,,,,,,,,,,,,,,,,,,,,,,,,,,0.3260757327079773,0.3945552110671997,0.17132560908794403,0.5525361895561218,0.5824151039123535,0.2774463891983032,0.39163970947265625,0.13331061601638794,0.161931112408638,0.2695216238498688,6.000123500823975,5.800113201141357,4.704010963439941,7.096100807189941,8.654733657836914,7.169255256652832,8.443166732788086,3.5600287914276123,3.751835346221924,4.821865081787109,,,,,,,,,,,7.75346565246582,6.9537034034729,5.963796615600586,10.333209991455078,10.919832229614258,8.536216735839844,10.240335464477539,4.306169033050537,4.619431018829346,7.9084978103637695,,,,,,,,,,,,,,,,,,,,,,,,,,,,,,,,,,,,,,,,
9,1914,,,,,,,,,,,,,,,,,,,,,,,,,,,,,,,,,,,,,,,,,0.45225757360458374,0.30178967118263245,0.32111960649490356,0.6905072331428528,0.4409554898738861,0.8340800404548645,0.6249434351921082,0.10179414600133896,0.29907214641571045,0.4560560882091522,7.315202713012695,4.777801036834717,6.23877477645874,9.824152946472168,8.035387992858887,11.25711441040039,10.225645065307617,3.581605911254883,5.136175632476807,6.760161399841309,,,,,,,,,,,9.262662887573242,6.081552505493164,8.164791107177734,11.551515579223633,9.501605987548828,14.800613403320312,12.935736656188965,3.7628777027130127,6.2778544425964355,10.2874174118042,,,,,,,,,,,,,,,,,,,,,,,,,,,,,,,,,,,,,,,,
9,1919,,,,,,,,,,,,,,,,,,,,,,,,,,,,,,,,,,,,,,,,,0.37732332944869995,0.41987311840057373,0.31874555349349976,0.17301945388317108,0.17744861543178558,0.5163189768791199,0.3514325022697449,0.8073243498802185,0.2741834223270416,0.35756412148475647,6.323609828948975,6.335927486419678,5.378932476043701,4.243605136871338,5.5005621910095215,8.624897956848145,7.2347235679626465,7.624142646789551,4.715273380279541,7.254422664642334,,,,,,,,,,,8.242227554321289,7.173338413238525,8.134553909301758,5.782323360443115,6.027482032775879,11.644875526428223,9.700446128845215,10.59699535369873,6.010960578918457,9.1090726852417,,,,,,,,,,,,,,,,,,,,,,,,,,,,,,,,,,,,,,,,
9,1924,,,,,,,,,,,,,,,,,,,,,,,,,,,,,,,,,,,,,,,,,0.4572845995426178,0.4525116980075836,0.34503549337387085,0.5138068199157715,0.6450878977775574,0.5105475187301636,0.2859148681163788,0.3631027638912201,0.7555054426193237,0.24404919147491455,7.274881839752197,5.966886520385742,6.700146198272705,8.700518608093262,8.72638988494873,8.6221923828125,6.111800193786621,6.219502925872803,8.138643264770508,6.2878618240356445,,,,,,,,,,,9.145182609558105,7.446928024291992,8.463374137878418,9.964484214782715,11.49235725402832,11.579610824584961,8.749618530273438,7.106789588928223,9.977968215942383,7.525508880615234,,,,,,,,,,,,,,,,,,,,,,,,,,,,,,,,,,,,,,,,
9,1929,,,,,,,,,,,,,,,,,,,,,,,,,,,,,,,,,,,,,,,,,0.6076983213424683,1.0589139461517334,0.3828907907009125,0.4094596803188324,0.4935476779937744,1.0776525735855103,0.4876851439476013,0.43239736557006836,0.36185798048973083,0.7648798227310181,8.194323539733887,7.117978096008301,7.296736717224121,7.749273777008057,7.203485488891602,12.282297134399414,9.513846397399902,6.648515224456787,6.438302040100098,9.49847412109375,,,,,,,,,,,10.609906196594238,11.391805648803711,8.915569305419922,8.895297050476074,10.052271842956543,16.823457717895508,11.42721939086914,7.755329132080078,6.90545654296875,13.322748184204102,,,,,,,,,,,,,,,,,,,,,,,,,,,,,,,,,,,,,,,,
9,1934,,,,,,,,,,,,,,,,,,,,,,,,,,,,,,,,,,,,,,,,,0.3536098897457123,0.2785821557044983,0.17893417179584503,0.16328997910022736,0.42855751514434814,0.4250410795211792,0.36679741740226746,0.4232131838798523,0.6604258418083191,0.25764748454093933,6.061954021453857,4.008289337158203,5.31163215637207,4.505364418029785,7.767836570739746,7.478442192077637,6.725205421447754,5.604423999786377,6.926492691040039,6.2299041748046875,,,,,,,,,,,8.014657020568848,5.843040943145752,6.094784259796143,5.617391109466553,9.367079734802246,10.565531730651855,9.910234451293945,7.672524929046631,9.329004287719727,7.732326984405518,,,,,,,,,,,,,,,,,,,,,,,,,,,,,,,,,,,,,,,,
9,1939,,,,,,,,,,,,,,,,,,,,,,,,,,,,,,,,,,,,,,,,,0.3222091495990753,0.22406870126724243,0.3275440037250519,0.3913031220436096,0.07346266508102417,0.3351098299026489,0.20190975069999695,0.7274034023284912,0.28830212354660034,0.3307787775993347,6.0910563468933105,4.093799591064453,6.9157395362854,7.816300392150879,3.316518545150757,7.093747138977051,5.5429887771606445,8.34343433380127,4.8257646560668945,6.871212482452393,,,,,,,,,,,7.530932903289795,5.240260601043701,8.24605941772461,8.695839881896973,3.8782246112823486,9.381438255310059,7.352743625640869,10.058804512023926,6.163780689239502,8.761249542236328,,,,,,,,,,,,,,,,,,,,,,,,,,,,,,,,,,,,,,,,
9,1944,,,,,,,,,,,,,,,,,,,,,,,,,,,,,,,,,,,,,,,,,0.19194383919239044,0.15365931391716003,0.3489472270011902,0.19911521673202515,0.20773935317993164,0.20078377425670624,0.19626489281654358,0.18007375299930573,0.11094261705875397,0.12996834516525269,5.121370792388916,3.5561583042144775,7.6244378089904785,4.784022331237793,5.051687717437744,6.34575891494751,5.721395015716553,4.7574849128723145,3.4221489429473877,4.8292412757873535,,,,,,,,,,,6.045181751251221,4.339520454406738,8.511215209960938,6.203075885772705,6.521673202514648,7.261731147766113,7.249234199523926,5.004767417907715,3.8236005306243896,5.49181604385376,,,,,,,,,,,,,,,,,,,,,,,,,,,,,,,,,,,,,,,,
9,1949,,,,,,,,,,,,,,,,,,,,,,,,,,,,,,,,,,,,,,,,,0.4170137941837311,0.4881175756454468,0.4467894732952118,0.3627835810184479,0.7713760137557983,0.32637807726860046,0.3600929379463196,0.16574931144714355,0.48071303963661194,0.35112419724464417,6.794926166534424,5.105434894561768,8.484121322631836,7.19152307510376,7.995970249176025,7.0002641677856445,7.976412296295166,3.8250410556793213,6.389750003814697,7.185818195343018,,,,,,,,,,,8.796689987182617,7.7343621253967285,9.630816459655762,8.372953414916992,12.567031860351562,9.25840950012207,9.819244384765625,4.801584243774414,7.959141731262207,9.026670455932617,,,,,,,,,,,,,,,,,,,,,,,,,,,,,,,,,,,,,,,,
9,1954,,,,,,,,,,,,,,,,,,,,,,,,,,,,,,,,,,,,,,,,,0.4952142536640167,0.559486985206604,0.35883113741874695,0.4342234134674072,0.6163833737373352,0.4280611276626587,0.4307568073272705,0.3652409017086029,0.45955443382263184,0.8043899536132812,7.892572402954102,6.726648330688477,6.849038124084473,6.842472553253174,8.821249961853027,8.85118293762207,8.824246406555176,5.527440547943115,7.458837032318115,11.132028579711914,,,,,,,,,,,9.691143989562988,8.280513763427734,8.630912780761719,9.160338401794434,11.233758926391602,10.602999687194824,10.739569664001465,7.127683639526367,7.782010078430176,13.662510871887207,,,,,,,,,,,,,,,,,,,,,,,,,,,,,,,,,,,,,,,,
9,1959,,,,,,,,,,,,,,,,,,,,,,,,,,,,,,,,,,,,,,,,,0.3957700729370117,0.4782636761665344,0.442795991897583,0.5072258114814758,0.3370833992958069,0.44260817766189575,0.32758134603500366,0.27614983916282654,0.2970097064971924,0.4532126486301422,6.943248748779297,6.065943241119385,7.785717487335205,7.3186187744140625,6.995884895324707,8.875203132629395,7.251698970794678,5.3801164627075195,4.855183124542236,7.960870265960693,,,,,,,,,,,8.7008695602417,7.655894756317139,9.587678909301758,9.90046501159668,8.30746078491211,10.781657218933105,9.365487098693848,6.197707653045654,6.256170749664307,10.25529670715332,,,,,,,,,,,,,,,,,,,,,,,,,,,,,,,,,,,,,,,,
9,1964,,,,,,,,,,,,,,,,,,,,,,,,,,,,,,,,,,,,,,,,,0.45369666814804077,0.7768294811248779,0.3511961102485657,0.43241509795188904,0.4765544533729553,0.5904160141944885,0.35874658823013306,0.46907350420951843,0.35897183418273926,0.26906704902648926,7.755913734436035,8.5226411819458,7.526022911071777,8.302827835083008,8.042502403259277,11.202079772949219,7.541567802429199,7.123971939086914,5.879278182983398,5.6623311042785645,,,,,,,,,,,9.158367156982422,9.757198333740234,8.538597106933594,9.141244888305664,9.877700805664062,12.45245361328125,9.800871849060059,8.07754135131836,6.877862453460693,7.90182638168335,,,,,,,,,,,,,,,,,,,,,,,,,,,,,,,,,,,,,,,,
9,1969,,,,,,,,,,,,,,,,,,,,,,,,,,,,,,,,,,,,,,,,,1.0554866790771484,0.5719531774520874,0.38790303468704224,1.7816909551620483,0.5412259697914124,0.520512580871582,0.6102290153503418,1.6314294338226318,2.667384147644043,0.7870515584945679,9.257213592529297,5.558531761169434,7.271154880523682,11.674410820007324,8.093780517578125,9.475943565368652,8.705005645751953,10.693007469177246,13.37830924987793,8.46477222442627,,,,,,,,,,,13.136632919311523,8.3722562789917,8.973733901977539,18.555431365966797,10.526620864868164,11.692072868347168,12.78254222869873,15.064088821411133,18.74847984313965,13.514463424682617,,,,,,,,,,,,,,,,,,,,,,,,,,,,,,,,,,,,,,,,
9,1974,,,,,,,,,,,,,,,,,,,,,,,,,,,,,,,,,,,,,,,,,0.32879507541656494,0.17004604637622833,0.11875656992197037,0.6079668402671814,0.4595322608947754,0.38612329959869385,0.44070684909820557,0.1415116786956787,0.3827570676803589,0.2517549991607666,5.87603759765625,3.307896614074707,4.036508083343506,7.7882399559021,7.382012844085693,8.06009292602539,7.547797679901123,3.7007486820220947,5.211930274963379,5.849109649658203,,,,,,,,,,,7.79826021194458,4.56505012512207,4.965242862701416,10.839140892028809,9.699685096740723,10.070218086242676,10.862897872924805,4.436646461486816,7.10206937789917,7.643394470214844,,,,,,,,,,,,,,,,,,,,,,,,,,,,,,,,,,,,,,,,
9,1979,,,,,,,,,,,,,,,,,,,,,,,,,,,,,,,,,,,,,,,,,0.6575964689254761,0.24832861125469208,0.6503361463546753,0.5832180976867676,0.4841457009315491,0.3719448149204254,0.5754016637802124,1.1399564743041992,1.4434306621551514,0.4216057360172272,8.726910591125488,4.353640079498291,9.174700736999512,8.382884979248047,7.765567302703857,7.740625858306885,10.601764678955078,10.310966491699219,11.692534446716309,8.519510269165039,,,,,,,,,,,10.697728157043457,5.516652584075928,11.619317054748535,10.616231918334961,9.956064224243164,9.883598327636719,12.412416458129883,12.592235565185547,13.79180908203125,9.891233444213867,,,,,,,,,,,,,,,,,,,,,,,,,,,,,,,,,,,,,,,,
9,1984,,,,,,,,,,,,,,,,,,,,,,,,,,,,,,,,,,,,,,,,,0.7356719970703125,0.49788418412208557,1.2537460327148438,1.1085089445114136,0.5270072221755981,1.7223010063171387,0.4351350665092468,0.14212943613529205,0.020772889256477356,0.9135630130767822,8.425249099731445,6.005526542663574,12.124252319335938,12.061917304992676,6.874908924102783,14.968819618225098,8.832730293273926,3.4827377796173096,1.607628345489502,9.868722915649414,,,,,,,,,,,11.29901123046875,7.8113555908203125,16.13304901123047,14.636070251464844,10.387425422668457,21.268184661865234,10.794010162353516,4.446320056915283,1.6545190811157227,14.56017017364502,,,,,,,,,,,,,,,,,,,,,,,,,,,,,,,,,,,,,,,,
9,1989,,,,,,,,,,,,,,,,,,,,,,,,,,,,,,,,,,,,,,,,,0.37366560101509094,0.5952794551849365,0.2650530934333801,0.5431995391845703,0.3096567392349243,0.4260995090007782,0.264006644487381,0.4343911111354828,0.167051300406456,0.3582530915737152,6.378464698791504,6.468099594116211,5.337067127227783,6.559718608856201,6.771374702453613,8.475995063781738,6.878243923187256,5.828442573547363,3.816030979156494,7.271210670471191,,,,,,,,,,,8.304035186767578,8.541275024414062,7.417850971221924,10.245532989501953,7.962324619293213,10.578678131103516,8.407719612121582,7.773188591003418,4.69189453125,9.117844581604004,,,,,,,,,,,,,,,,,,,,,,,,,,,,,,,,,,,,,,,,
9,1994,,,,,,,,,,,,,,,,,,,,,,,,,,,,,,,,,,,,,,,,,0.626805305480957,0.44930732250213623,0.7604230046272278,0.5216128826141357,0.5554844737052917,0.9153534173965454,0.6753320097923279,0.5583701133728027,0.4825142025947571,0.7228502035140991,8.456212997436523,5.752432823181152,10.307604789733887,6.372280597686768,7.5779314041137695,11.878161430358887,9.108027458190918,8.312121391296387,6.269576072692871,10.527787208557129,,,,,,,,,,,11.042187690734863,7.420515060424805,12.56432819366455,10.039892196655273,10.664380073547363,15.5049467086792,13.447126388549805,8.812919616699219,7.974038600921631,12.951537132263184,,,,,,,,,,,,,,,,,,,,,,,,,,,,,,,,,,,,,,,,
9,1999,,,,,,,,,,,,,,,,,,,,,,,,,,,,,,,,,,,,,,,,,0.3163967728614807,0.4072044789791107,0.15943603217601776,0.14712682366371155,0.3301743268966675,0.36637964844703674,0.3519418239593506,0.16609567403793335,0.5980227589607239,0.3211894631385803,6.277284622192383,5.769375801086426,3.9652066230773926,4.9649224281311035,7.109794616699219,7.442028999328613,8.211701393127441,3.56060791015625,8.478591918945312,6.99332857131958,,,,,,,,,,,7.578393936157227,7.064290523529053,5.753139019012451,5.3321309089660645,8.221882820129395,9.809379577636719,9.707473754882812,4.806599140167236,8.877325057983398,8.633319854736328,,,,,,,,,,,,,,,,,,,,,,,,,,,,,,,,,,,,,,,,
9,2004,,,,,,,,,,,,,,,,,,,,,,,,,,,,,,,,,,,,,,,,,0.2906624972820282,0.3231763243675232,0.2525770366191864,0.05615013837814331,0.36860233545303345,0.2607656419277191,0.25075647234916687,0.1648884117603302,0.5000868439674377,0.43895918130874634,5.609017372131348,5.278648853302002,4.873198509216309,2.635347366333008,6.0237812995910645,7.627671718597412,6.363061428070068,3.960538864135742,6.121319770812988,7.597587585449219,,,,,,,,,,,7.22057580947876,6.293352127075195,7.2411675453186035,3.294050931930542,8.687177658081055,8.275629997253418,8.19401741027832,4.789098739624023,8.117942810058594,10.092743873596191,,,,,,,,,,,,,,,,,,,,,,,,,,,,,,,,,,,,,,,,
9,2009,,,,,,,,,,,,,,,,,,,,,,,,,,,,,,,,,,,,,,,,,0.21698029339313507,0.3478187620639801,0.09908071160316467,0.1728781908750534,0.24609369039535522,0.1975283920764923,0.16242104768753052,0.24529783427715302,0.33940088748931885,0.14230312407016754,5.3048272132873535,5.579129219055176,3.86415958404541,5.045347213745117,5.6261067390441895,6.247532367706299,5.747389793395996,5.447579860687256,5.678666591644287,4.507535934448242,,,,,,,,,,,6.22390604019165,6.528881549835205,4.535301685333252,5.779962539672852,7.098227500915527,7.2026214599609375,6.5946526527404785,5.841247081756592,6.687745571136475,5.746513366699219,,,,,,,,,,,,,,,,,,,,,,,,,,,,,,,,,,,,,,,,
9,2014,,,,,,,,,,,,,,,,,,,,,,,,,,,,,,,,,,,,,,,,,0.3846958577632904,0.5774372220039368,0.1829187572002411,0.10660387575626373,0.35041165351867676,0.635720431804657,0.24903133511543274,0.6233847141265869,0.13670073449611664,0.6000539660453796,6.123344421386719,6.254928112030029,5.220180988311768,3.801058530807495,6.3842973709106445,8.89869213104248,6.231081485748291,6.952960014343262,3.4215872287750244,7.945312976837158,,,,,,,,,,,8.225235939025879,8.412299156188965,6.162271022796631,4.538803577423096,8.470107078552246,12.921381950378418,8.16578197479248,9.311867713928223,4.244325637817383,11.800280570983887,,,,,,,,,,,,,,,,,,,,,,,,,,,,,,,,,,,,,,,,
9,2019,,,,,,,,,,,,,,,,,,,,,,,,,,,,,,,,,,,,,,,,,0.2429400533437729,0.20617347955703735,0.08929292857646942,0.19048942625522614,0.1633273959159851,0.25899457931518555,0.37146979570388794,0.08641914278268814,0.38437244296073914,0.43592125177383423,5.0502495765686035,3.7183377742767334,3.902825355529785,4.618641376495361,4.340473175048828,6.010505676269531,7.716490268707275,2.8225181102752686,5.5414018630981445,6.781053066253662,,,,,,,,,,,6.671614646911621,5.0266499519348145,4.305466175079346,6.067227840423584,5.782680034637451,8.247478485107422,9.973154067993164,3.467078924179077,7.117040157318115,10.057759284973145,,,,,,,,,,,,,,,,,,,,,,,,,,,,,,,,,,,,,,,,
9,2024,,,,,,,,,,,,,,,,,,,,,,,,,,,,,,,,,,,,,,,,,0.246174156665802,0.43416669964790344,0.18882200121879578,0.25093719363212585,0.19594964385032654,0.2553275525569916,0.2378736436367035,0.2030937224626541,0.16470012068748474,0.28469666838645935,5.376260757446289,5.362133502960205,4.963535308837891,6.4425883293151855,4.9181365966796875,6.36798620223999,6.3374505043029785,4.540179252624512,3.1805853843688965,6.27374792098999,,,,,,,,,,,6.7916035652160645,7.2944159507751465,6.260917663574219,6.963656902313232,6.3339104652404785,8.188883781433105,7.980754375457764,5.315045356750488,4.658759117126465,8.128087997436523,,,,,,,,,,,,,,,,,,,,,,,,,,,,,,,,,,,,,,,,
9,2029,,,,,,,,,,,,,,,,,,,,,,,,,,,,,,,,,,,,,,,,,0.3492369055747986,0.24370814859867096,0.24533779919147491,0.21100996434688568,0.26138225197792053,0.28374168276786804,0.17760349810123444,0.7111697793006897,0.5996689796447754,0.4095102548599243,6.375304222106934,4.649231910705566,5.476114273071289,4.967705726623535,5.910895347595215,6.8594746589660645,5.200495719909668,8.55450439453125,7.911022663116455,7.848293304443359,,,,,,,,,,,7.8238983154296875,5.465089797973633,7.136641979217529,6.3856682777404785,7.315393924713135,8.632516860961914,6.895989418029785,9.945928573608398,8.889535903930664,9.748315811157227,,,,,,,,,,,,,,,,,,,,,,,,,,,,,,,,,,,,,,,,
9,2034,,,,,,,,,,,,,,,,,,,,,,,,,,,,,,,,,,,,,,,,,0.351253867149353,0.42228513956069946,0.21031498908996582,0.17536203563213348,0.3589186370372772,0.1916879117488861,0.260373055934906,0.057306014001369476,0.9292833209037781,0.5557536482810974,6.123394966125488,4.6073317527771,5.930109024047852,4.801074981689453,6.5763630867004395,6.021292209625244,7.0389018058776855,2.293009042739868,9.24782943725586,8.594644546508789,,,,,,,,,,,7.654001712799072,7.193912506103516,6.6076459884643555,5.821335792541504,8.572305679321289,7.095340251922607,8.34965991973877,2.8233118057250977,11.066169738769531,11.356338500976562,,,,,,,,,,,,,,,,,,,,,,,,,,,,,,,,,,,,,,,,
9,2039,,,,,,,,,,,,,,,,,,,,,,,,,,,,,,,,,,,,,,,,,0.4998771846294403,0.4813096821308136,0.5268276333808899,0.8520262837409973,0.25830626487731934,0.3826722502708435,0.19927500188350677,0.9580509066581726,0.4765959680080414,0.3638308346271515,7.328421592712402,6.589232444763184,8.504593849182129,9.697810173034668,5.812594890594482,7.969235897064209,5.489691734313965,8.693219184875488,5.894706726074219,7.30470609664917,,,,,,,,,,,9.35879898071289,7.680236339569092,10.45793342590332,12.83161735534668,7.272221565246582,10.025114059448242,7.304612636566162,11.543911933898926,7.924985408782959,9.188549995422363,,,,,,,,,,,,,,,,,,,,,,,,,,,,,,,,,,,,,,,,
9,2044,,,,,,,,,,,,,,,,,,,,,,,,,,,,,,,,,,,,,,,,,0.594517171382904,0.4748477041721344,0.5526634454727173,0.15259087085723877,0.5723928809165955,0.44833409786224365,0.21419434249401093,0.40101489424705505,2.257037401199341,0.27757880091667175,6.788806438446045,6.142675876617432,7.476078033447266,3.9114201068878174,7.6532883644104,8.426961898803711,5.664884567260742,5.635108470916748,10.297651290893555,5.891191005706787,,,,,,,,,,,9.528935432434082,7.628505229949951,10.711295127868652,5.430241584777832,10.825469970703125,10.851174354553223,7.573119640350342,7.468596935272217,17.246171951293945,8.025837898254395,,,,,,,,,,,,,,,,,,,,,,,,,,,,,,,,,,,,,,,,
9,2049,,,,,,,,,,,,,,,,,,,,,,,,,,,,,,,,,,,,,,,,,1.6332718133926392,0.5986468195915222,0.0017242369940504432,3.0975801944732666,2.2666265964508057,3.8813247680664062,0.10876049846410751,2.3967368602752686,1.7448350191116333,0.603211522102356,15.00347900390625,8.419660568237305,0.5982875823974609,24.4661808013916,19.82381820678711,31.927570343017578,4.889211654663086,18.25865936279297,15.163536071777344,11.484395980834961,,,,,,,,,,,15.305502891540527,8.565399169921875,0.5982875823974609,24.4661808013916,21.542179107666016,31.927570343017578,5.396428108215332,18.25865936279297,15.163536071777344,11.831287384033203,,,,,,,,,,,,,,,,,,,,,,,,,,,,,,,,,,,,,,,,
9,2049,,,,,,,,,,,,,,,,,,,,,,,,,,,,,,,,,,,,,,,,,,,,,,,,,,,6.823732376098633,5.652932167053223,6.582942485809326,6.497620105743408,7.193467140197754,8.725929260253906,7.619906902313232,5.814371109008789,5.9298200607299805,7.396596908569336,0.5569313168525696,0.5407589673995972,0.6016143560409546,0.5986722707748413,0.5939148664474487,0.49349409341812134,0.5803871154785156,0.5527734160423279,0.5201115608215332,0.5306553840637207,9.09619426727295,7.617879390716553,8.81500244140625,8.717239379882812,9.607878684997559,11.560298919677734,10.115742683410645,7.736822128295898,7.954257011413574,9.740623474121094,0.5260159969329834,0.8001646995544434,0.3773570954799652,0.4475400745868683,0.5253651142120361,0.5393753051757812,0.5165497064590454,0.41472163796424866,0.5532923936843872,0.562422513961792,7.689661502838135,7.443471908569336,6.870631694793701,7.459346294403076,7.710517883300781,9.469658851623535,8.608235359191895,6.1974992752075195,6.376276969909668,9.071313858032227,0.2861408591270447,0.29595333337783813,0.24291622638702393,0.28391575813293457,0.3169570565223694,0.19922906160354614,0.04882454872131348,0.4830685257911682,0.3359159827232361,0.36848729848861694,9.92424201965332,9.877068519592285,9.20527458190918,9.411821365356445,10.170498847961426,11.792107582092285,11.541766166687012,7.861124515533447,7.950705051422119,11.507810592651367
10,2054,,,,,,,,,,,,,,,,,,,,,,,,,,,,,,,,,,,,,,,,,0.4101700782775879,0.41224175691604614,0.29950761795043945,0.5649662017822266,0.4050750732421875,0.4425828158855438,0.36209002137184143,0.4231608510017395,0.27377477288246155,0.5081315040588379,6.9045233726501465,5.705519199371338,5.436863899230957,6.741433620452881,7.0657477378845215,8.69566822052002,8.035351753234863,5.7389092445373535,5.4827961921691895,9.238419532775879,,,,,,,,,,,8.85710334777832,7.107850074768066,7.885251998901367,10.448792457580566,9.106834411621094,10.781350135803223,9.846436500549316,7.6720499992370605,6.006479740142822,10.858885765075684,,,,,,,,,,,,,,,,,,,,,,,,,,,,,,,,,,,,,,,,
10,2059,,,,,,,,,,,,,,,,,,,,,,,,,,,,,,,,,,,,,,,,,0.3470536172389984,0.3493211269378662,0.09908650815486908,0.4797223210334778,0.40436792373657227,0.3131476044654846,0.07387696206569672,0.5551676750183105,0.7901415228843689,0.05865081027150154,5.9163665771484375,5.6793975830078125,3.8126580715179443,8.642059326171875,6.2911553382873535,6.914119720458984,3.652592182159424,7.382789611816406,8.087883949279785,2.7846431732177734,,,,,,,,,,,7.33366060256958,6.542965888977051,4.535434246063232,9.628304481506348,9.098880767822266,9.068812370300293,4.447596073150635,8.78761100769043,10.204124450683594,3.6892170906066895,,,,,,,,,,,,,,,,,,,,,,,,,,,,,,,,,,,,,,,,
10,2064,,,,,,,,,,,,,,,,,,,,,,,,,,,,,,,,,,,,,,,,,0.32617849111557007,0.4372725486755371,0.16189730167388916,0.18932907283306122,0.08748035877943039,0.44688838720321655,0.0708036869764328,0.6730377078056335,0.37414366006851196,0.4947536885738373,5.989182472229004,5.612179279327393,5.385673522949219,4.871002674102783,3.608654737472534,8.519804000854492,3.604837417602539,7.221399784088135,6.28461217880249,8.794478416442871,,,,,,,,,,,7.33319091796875,7.320459842681885,5.797375679016113,6.048720359802246,4.232090473175049,10.833664894104004,4.354103088378906,9.675610542297363,7.021703243255615,10.714988708496094,,,,,,,,,,,,,,,,,,,,,,,,,,,,,,,,,,,,,,,,
10,2069,,,,,,,,,,,,,,,,,,,,,,,,,,,,,,,,,,,,,,,,,0.2242162972688675,0.1932690590620041,0.05272404104471207,0.23379509150981903,0.1777743548154831,0.24935531616210938,0.1707870215177536,0.11142075061798096,0.392551988363266,0.43626904487609863,5.241847515106201,4.222869873046875,3.034877300262451,5.828400135040283,5.206430912017822,6.02373743057251,4.991146087646484,3.154275894165039,6.837372303009033,7.877516746520996,,,,,,,,,,,6.330625057220459,4.866799354553223,3.308384656906128,6.7215986251831055,6.033012390136719,8.092545509338379,6.762359142303467,3.9367856979370117,7.1923675537109375,10.06177043914795,,,,,,,,,,,,,,,,,,,,,,,,,,,,,,,,,,,,,,,,
10,2074,,,,,,,,,,,,,,,,,,,,,,,,,,,,,,,,,,,,,,,,,0.3540894687175751,0.3623819649219513,0.31163281202316284,0.5748879909515381,0.28527912497520447,0.47526219487190247,0.4743649959564209,0.1389397233724594,0.2764541804790497,0.2876023054122925,6.8843536376953125,5.212776184082031,6.37003755569458,9.230975151062012,6.186232566833496,9.657519340515137,8.983541488647461,3.581333875656128,5.202420234680176,7.534346580505371,,,,,,,,,,,8.214872360229492,6.664161682128906,8.043280601501465,10.540143013000488,7.642486095428467,11.172297477722168,11.2700834274292,4.396144390106201,6.035799503326416,8.169461250305176,,,,,,,,,,,,,,,,,,,,,,,,,,,,,,,,,,,,,,,,
10,2079,,,,,,,,,,,,,,,,,,,,,,,,,,,,,,,,,,,,,,,,,0.4186004400253296,0.27061617374420166,0.4403824508190155,0.2989896833896637,0.5133801698684692,0.429931640625,0.3881268799304962,0.7753423452377319,0.32908087968826294,0.32155361771583557,7.0639262199401855,4.676364898681641,6.981427192687988,5.7426300048828125,8.762615203857422,8.312671661376953,8.4451322555542,7.951312065124512,5.401998519897461,7.3011860847473145,,,,,,,,,,,8.844755172729492,5.758895397186279,9.56151294708252,7.60121488571167,10.252250671386719,10.626141548156738,10.194305419921875,10.384974479675293,6.585285186767578,8.638213157653809,,,,,,,,,,,,,,,,,,,,,,,,,,,,,,,,,,,,,,,,
10,2084,,,,,,,,,,,,,,,,,,,,,,,,,,,,,,,,,,,,,,,,,0.4616866707801819,0.20371802151203156,0.3650807738304138,0.4613114297389984,0.23539356887340546,0.11848446726799011,0.3745380640029907,0.198706716299057,1.8447246551513672,0.35322266817092896,5.970705032348633,4.170495986938477,5.7786545753479,5.5008769035339355,6.588188171386719,4.6999993324279785,6.484285354614258,4.261786460876465,8.417972564697266,7.834078788757324,,,,,,,,,,,8.397933959960938,4.9966278076171875,8.705748558044434,9.441739082336426,6.942196369171143,5.578360557556152,10.01425838470459,5.257327079772949,15.59154224395752,9.053603172302246,,,,,,,,,,,,,,,,,,,,,,,,,,,,,,,,,,,,,,,,
10,2089,,,,,,,,,,,,,,,,,,,,,,,,,,,,,,,,,,,,,,,,,0.9580221176147461,1.2168247699737549,0.7389693260192871,0.9963753819465637,0.6546556353569031,0.4996263086795807,0.5073739886283875,1.4428246021270752,1.5610862970352173,1.0044623613357544,9.324349403381348,8.728504180908203,9.305479049682617,8.775309562683105,8.546509742736816,8.687159538269043,8.505249977111816,10.450390815734863,9.881824493408203,11.038718223571777,,,,,,,,,,,12.993157386779785,12.21170425415039,12.385822296142578,13.876067161560059,11.577268600463867,11.455089569091797,11.655607223510742,14.166594505310059,14.34289264678955,15.267362594604492,,,,,,,,,,,,,,,,,,,,,,,,,,,,,,,,,,,,,,,,
10,2094,,,,,,,,,,,,,,,,,,,,,,,,,,,,,,,,,,,,,,,,,0.6476708650588989,0.5473142862319946,0.7133236527442932,0.7224326133728027,0.6088322401046753,1.1253373622894287,0.7790757417678833,0.3739702105522156,0.4684597849845886,0.49029189348220825,8.651020050048828,7.189170837402344,9.22605037689209,8.874651908874512,8.5534029006958,13.906484603881836,9.014937400817871,5.733750343322754,6.985620975494385,8.375110626220703,,,,,,,,,,,11.18999195098877,8.18993854522705,12.169000625610352,11.815540313720703,11.164735794067383,17.19163703918457,14.443107604980469,7.212357521057129,7.857048988342285,10.66656494140625,,,,,,,,,,,,,,,,,,,,,,,,,,,,,,,,,,,,,,,,
10,2099,,,,,,,,,,,,,,,,,,,,,,,,,,,,,,,,,,,,,,,,,0.42293962836265564,0.6296831369400024,0.2181364744901657,0.31855010986328125,0.39555150270462036,0.49966830015182495,0.5284527540206909,0.4549039304256439,0.36796241998672485,0.39354780316352844,7.027845859527588,6.273083209991455,5.429891109466553,7.378734588623047,7.327359676361084,9.61755084991455,6.969334125518799,6.220784664154053,6.032362461090088,8.001507759094238,,,,,,,,,,,8.909379005432129,8.784626960754395,6.729391574859619,7.84591817855835,8.999143600463867,11.455571174621582,11.895257949829102,7.954604148864746,6.96345853805542,9.556435585021973,,,,,,,,,,,,,,,,,,,,,,,,,,,,,,,,,,,,,,,,
10,2104,,,,,,,,,,,,,,,,,,,,,,,,,,,,,,,,,,,,,,,,,0.395237535238266,0.4393676519393921,0.5965099334716797,0.4725342392921448,0.20473125576972961,0.3221692740917206,0.5555075407028198,0.30653005838394165,0.11083017289638519,0.5489575862884521,6.329092979431152,5.408268451690674,8.578791618347168,6.9733991622924805,4.900147914886475,6.761523246765137,8.922184944152832,5.262675762176514,2.7125861644744873,7.442262649536133,,,,,,,,,,,8.614312171936035,7.337976455688477,11.128087043762207,9.555898666381836,6.474283695220947,9.198519706726074,12.195954322814941,6.529730319976807,3.821662425994873,11.286690711975098,,,,,,,,,,,,,,,,,,,,,,,,,,,,,,,,,,,,,,,,
10,2109,,,,,,,,,,,,,,,,,,,,,,,,,,,,,,,,,,,,,,,,,0.4797258973121643,0.9391856789588928,0.4562515616416931,0.5139714479446411,0.2938293516635895,0.9948225617408752,0.47192683815956116,0.1886633187532425,0.12202676385641098,0.33685529232025146,6.957491397857666,7.838984966278076,7.342408657073975,7.508851528167725,5.228989601135254,13.445426940917969,6.877142906188965,4.582934379577637,3.4470553398132324,6.3456268310546875,,,,,,,,,,,9.28469181060791,10.728474617004395,9.732263565063477,9.966080665588379,7.756167888641357,16.16399383544922,11.241082191467285,5.122742176055908,4.010059356689453,8.84135627746582,,,,,,,,,,,,,,,,,,,,,,,,,,,,,,,,,,,,,,,,
10,2114,,,,,,,,,,,,,,,,,,,,,,,,,,,,,,,,,,,,,,,,,0.48350879549980164,0.2523500323295593,0.4637042284011841,0.2079518735408783,0.19697707891464233,0.5571081638336182,0.4433957636356354,1.063592791557312,0.6686681509017944,0.4978312849998474,7.636045932769775,4.938483715057373,7.78816032409668,5.197665214538574,5.073479175567627,10.690765380859375,8.020560264587402,10.117510795593262,8.042244911193848,8.85554313659668,,,,,,,,,,,9.26142692565918,5.561141490936279,9.811427116394043,6.339226722717285,6.350494384765625,12.09610652923584,10.895986557006836,12.16316032409668,9.387038230895996,10.748263359069824,,,,,,,,,,,,,,,,,,,,,,,,,,,,,,,,,,,,,,,,
10,2119,,,,,,,,,,,,,,,,,,,,,,,,,,,,,,,,,,,,,,,,,0.3249044418334961,0.3398258090019226,0.2036503553390503,0.29563164710998535,0.3886489272117615,0.38744035363197327,0.3810426890850067,0.4781889021396637,0.26315343379974365,0.1865580528974533,6.233558177947998,5.44147253036499,4.292859077453613,7.0439839363098145,7.0693278312683105,7.966557502746582,7.973370552062988,5.978433132171631,4.908966064453125,5.427052974700928,,,,,,,,,,,7.80517578125,6.453427791595459,6.502108573913574,7.558408260345459,8.92027759552002,10.08737850189209,10.100841522216797,8.155648231506348,5.8888139724731445,6.579671382904053,,,,,,,,,,,,,,,,,,,,,,,,,,,,,,,,,,,,,,,,
10,2124,,,,,,,,,,,,,,,,,,,,,,,,,,,,,,,,,,,,,,,,,0.3278886079788208,0.33951476216316223,0.20548206567764282,0.17910408973693848,0.6140627264976501,0.5421184301376343,0.2828400135040283,0.13241975009441376,0.4322199821472168,0.22323572635650635,6.005329608917236,5.265889644622803,5.102191925048828,4.828330993652344,9.60395336151123,8.717132568359375,6.782478332519531,3.7878196239471436,5.322505950927734,4.637666702270508,,,,,,,,,,,7.749823570251465,6.450473308563232,6.531284809112549,5.883119106292725,11.212592124938965,11.932267189025879,8.702444076538086,4.291757106781006,7.547023296356201,7.1974568367004395,,,,,,,,,,,,,,,,,,,,,,,,,,,,,,,,,,,,,,,,
10,2129,,,,,,,,,,,,,,,,,,,,,,,,,,,,,,,,,,,,,,,,,0.5345354676246643,0.5917970538139343,0.3744404911994934,0.3690900504589081,0.21415090560913086,0.3519138693809509,0.3886333405971527,0.8809384703636169,1.1414011716842651,0.4984537959098816,8.053969383239746,5.651967525482178,7.552249431610107,7.6069793701171875,5.621262550354004,8.546807289123535,7.732119083404541,9.57650089263916,10.844769477844238,9.353072166442871,,,,,,,,,,,9.589272499084473,8.516253471374512,8.816638946533203,8.445416450500488,6.621549606323242,9.613777160644531,10.200955390930176,11.069588661193848,12.264291763305664,10.75498104095459,,,,,,,,,,,,,,,,,,,,,,,,,,,,,,,,,,,,,,,,
10,2134,,,,,,,,,,,,,,,,,,,,,,,,,,,,,,,,,,,,,,,,,0.31048598885536194,0.6159876585006714,0.08442932367324829,0.5962653160095215,0.41519349813461304,0.3857501745223999,0.37187743186950684,0.12882627546787262,0.023149091750383377,0.17289508879184723,5.639780521392822,6.302208423614502,3.4892489910125732,7.695380687713623,7.835813045501709,7.9657883644104,7.999922752380371,3.2275285720825195,1.521270751953125,4.720860004425049,,,,,,,,,,,7.243019104003906,8.688570022583008,4.1865692138671875,10.734323501586914,9.21987247467041,10.065350532531738,9.97862434387207,4.233123779296875,1.7465871572494507,6.3341522216796875,,,,,,,,,,,,,,,,,,,,,,,,,,,,,,,,,,,,,,,,
10,2139,,,,,,,,,,,,,,,,,,,,,,,,,,,,,,,,,,,,,,,,,0.20206482708454132,0.3252612054347992,0.11444918066263199,0.0917099192738533,0.27778393030166626,0.3006933331489563,0.17164471745491028,0.07758281379938126,0.09749746322631836,0.3619609475135803,4.672178268432617,5.19758415222168,3.3797969818115234,3.3402585983276367,5.186805248260498,6.411038875579834,5.487692356109619,2.506261110305786,2.9559333324432373,7.584232330322266,,,,,,,,,,,6.0710625648498535,6.313619613647461,4.874364376068115,4.20981502532959,7.541421413421631,8.88664436340332,6.779318332672119,3.285045862197876,3.5844287872314453,9.164907455444336,,,,,,,,,,,,,,,,,,,,,,,,,,,,,,,,,,,,,,,,
10,2144,,,,,,,,,,,,,,,,,,,,,,,,,,,,,,,,,,,,,,,,,0.5104537606239319,0.8759821057319641,0.5803401470184326,0.33322200179100037,0.3491806387901306,0.37307316064834595,0.27385133504867554,0.6073523759841919,0.6235340237617493,0.5775476694107056,7.464310646057129,6.398536205291748,9.497756958007812,6.318448543548584,6.780658721923828,7.795955181121826,6.659154415130615,7.560300350189209,7.240425109863281,8.927557945251465,,,,,,,,,,,9.567971229553223,10.361196517944336,10.976223945617676,8.024569511413574,8.455216407775879,9.898578643798828,8.563045501708984,9.19134521484375,9.064698219299316,11.576868057250977,,,,,,,,,,,,,,,,,,,,,,,,,,,,,,,,,,,,,,,,
10,2149,,,,,,,,,,,,,,,,,,,,,,,,,,,,,,,,,,,,,,,,,0.45960283279418945,0.3166782557964325,0.6555684208869934,0.5255030989646912,0.3639400005340576,0.7409623861312866,0.30027908086776733,0.617087185382843,0.35615116357803345,0.2602560520172119,7.406571388244629,4.68990421295166,9.755008697509766,8.512682914733887,6.95775842666626,10.298152923583984,7.396317481994629,7.3037543296813965,5.4083251953125,6.337235927581787,,,,,,,,,,,9.26762580871582,6.229761600494385,11.66596508026123,10.077261924743652,8.632061004638672,13.949991226196289,8.966714859008789,9.264713287353516,6.85078763961792,7.7713704109191895,,,,,,,,,,,,,,,,,,,,,,,,,,,,,,,,,,,,,,,,
10,2154,,,,,,,,,,,,,,,,,,,,,,,,,,,,,,,,,,,,,,,,,0.488214910030365,0.9926944375038147,0.16513638198375702,0.05704166367650032,1.2455581426620483,0.8903552293777466,0.30018866062164307,0.1366887241601944,0.43099257349967957,0.17527857422828674,6.553312301635742,7.259740829467773,5.437306880950928,2.4663686752319336,11.76030158996582,10.38272762298584,6.1269683837890625,3.5460546016693115,6.913102626800537,5.0872392654418945,,,,,,,,,,,8.745073318481445,11.029861450195312,5.8550825119018555,3.320098876953125,15.96914291381836,15.291762351989746,8.965363502502441,4.360387325286865,7.536300182342529,6.377664089202881,,,,,,,,,,,,,,,,,,,,,,,,,,,,,,,,,,,,,,,,
10,2159,,,,,,,,,,,,,,,,,,,,,,,,,,,,,,,,,,,,,,,,,0.44804203510284424,0.2216014862060547,0.18002820014953613,0.4202677309513092,0.3329163193702698,0.3367000222206116,0.5254218578338623,1.5830979347229004,0.17240312695503235,0.2599412202835083,6.413328647613525,3.96968674659729,5.192607402801514,7.0904741287231445,5.982778072357178,7.216830253601074,9.351173400878906,9.040837287902832,3.4575743675231934,6.41799259185791,,,,,,,,,,,8.581085205078125,5.211330413818359,6.1133880615234375,9.011932373046875,8.255952835083008,9.403671264648438,11.86109733581543,14.839273452758789,4.766458988189697,7.766668319702148,,,,,,,,,,,,,,,,,,,,,,,,,,,,,,,,,,,,,,,,
10,2164,,,,,,,,,,,,,,,,,,,,,,,,,,,,,,,,,,,,,,,,,0.3438602387905121,0.6275095343589783,0.20918016135692596,0.2380913943052292,0.5058156847953796,0.8227070569992065,0.2622392475605011,0.21385778486728668,0.10475118458271027,0.11058999598026276,5.7927751541137695,5.90557336807251,4.5586700439453125,6.063779354095459,6.80678129196167,9.996838569641113,6.5898284912109375,4.917180061340332,3.2529964447021484,4.043327331542969,,,,,,,,,,,7.736998558044434,8.769451141357422,6.58979606628418,6.783076763153076,10.176437377929688,14.699361801147461,8.37952995300293,5.454076766967773,3.7153756618499756,5.065882682800293,,,,,,,,,,,,,,,,,,,,,,,,,,,,,,,,,,,,,,,,
10,2169,,,,,,,,,,,,,,,,,,,,,,,,,,,,,,,,,,,,,,,,,0.423917293548584,0.6145117282867432,0.02251044288277626,0.10528282821178436,0.25204795598983765,0.7751374840736389,0.4847759008407593,0.5970566868782043,0.26675742864608765,0.6971752047538757,6.377373695373535,6.7873406410217285,1.569620132446289,3.3662822246551514,5.546313762664795,9.723335266113281,8.273752212524414,8.143041610717773,4.310288429260254,9.676386833190918,,,,,,,,,,,8.439642906188965,8.678153991699219,2.161741018295288,4.510593891143799,7.183585166931152,14.26806926727295,11.393084526062012,9.113106727600098,5.929001808166504,12.719446182250977,,,,,,,,,,,,,,,,,,,,,,,,,,,,,,,,,,,,,,,,
10,2174,,,,,,,,,,,,,,,,,,,,,,,,,,,,,,,,,,,,,,,,,0.34705889225006104,0.7298232913017273,0.24000632762908936,0.07555375248193741,0.5867609977722168,0.5975149869918823,0.2596282362937927,0.15418829023838043,0.26826682686805725,0.21178728342056274,6.442897319793701,7.139889717102051,5.248612880706787,3.1136527061462402,9.757325172424316,10.978178024291992,7.2061028480529785,4.342604637145996,5.433931827545166,4.765781402587891,,,,,,,,,,,7.749969482421875,9.457386016845703,7.058671951293945,3.821051597595215,10.96049690246582,12.527091026306152,8.3377103805542,4.631102561950684,5.945751190185547,7.010469913482666,,,,,,,,,,,,,,,,,,,,,,,,,,,,,,,,,,,,,,,,
10,2179,,,,,,,,,,,,,,,,,,,,,,,,,,,,,,,,,,,,,,,,,0.15154412388801575,0.09845196455717087,0.07497111707925797,0.17860956490039825,0.2280101180076599,0.23090489208698273,0.11534383893013,0.27036815881729126,0.06468609720468521,0.10255128890275955,3.9955499172210693,2.54868745803833,2.939664602279663,4.623454570770264,5.069290637969971,5.366865634918213,4.830784320831299,4.064770221710205,2.555532693862915,3.960899591445923,,,,,,,,,,,5.26680850982666,3.473557233810425,3.945105791091919,5.8749918937683105,6.83245325088501,7.7873992919921875,5.5573530197143555,6.132485389709473,2.9196364879608154,4.878291606903076,,,,,,,,,,,,,,,,,,,,,,,,,,,,,,,,,,,,,,,,
10,2184,,,,,,,,,,,,,,,,,,,,,,,,,,,,,,,,,,,,,,,,,0.4336221516132355,0.26398539543151855,0.3973326086997986,0.3642668128013611,0.6077741980552673,0.7511327266693115,0.5482393503189087,0.32581865787506104,0.36047106981277466,0.28357869386672974,7.31398344039917,4.709442615509033,6.9739532470703125,6.179591178894043,9.203588485717773,11.715375900268555,10.43862533569336,4.801555156707764,5.258005619049072,6.545714855194092,,,,,,,,,,,9.134757041931152,5.68790340423584,9.082151412963867,8.390052795410156,11.155031204223633,14.045403480529785,12.115906715393066,6.732039451599121,6.892210006713867,8.112112998962402,,,,,,,,,,,,,,,,,,,,,,,,,,,,,,,,,,,,,,,,
10,2189,,,,,,,,,,,,,,,,,,,,,,,,,,,,,,,,,,,,,,,,,0.4391523003578186,0.6278780102729797,0.4495711028575897,0.4046599864959717,1.0087811946868896,0.42429572343826294,0.5785300135612488,0.11896088719367981,0.0339740514755249,0.3057198226451874,6.892825603485107,5.761040210723877,8.190938949584961,7.725362300872803,11.129406929016113,7.9702839851379395,9.010794639587402,3.532193183898926,2.0377461910247803,6.677661418914795,,,,,,,,,,,8.806233406066895,8.772026062011719,9.660750389099121,8.843008041381836,14.371368408203125,10.556262969970703,12.446112632751465,4.067811489105225,2.1159088611602783,8.42284870147705,,,,,,,,,,,,,,,,,,,,,,,,,,,,,,,,,,,,,,,,
10,2194,,,,,,,,,,,,,,,,,,,,,,,,,,,,,,,,,,,,,,,,,0.6060405969619751,0.8625966906547546,0.5328121185302734,0.73517906665802,0.8913438320159912,0.6474760174751282,0.36877718567848206,0.5976793766021729,0.2054770290851593,0.6130239367485046,7.338480472564697,8.828129768371582,5.6812005043029785,7.6670918464660645,10.080466270446777,6.7562432289123535,7.543488502502441,7.031412601470947,4.303267478942871,8.155023574829102,,,,,,,,,,,10.6058931350708,10.281729698181152,10.517165184020996,11.919319152832031,13.508971214294434,13.040304183959961,9.936943054199219,9.117857933044434,5.203612327575684,11.927129745483398,,,,,,,,,,,,,,,,,,,,,,,,,,,,,,,,,,,,,,,,
10,2199,,,,,,,,,,,,,,,,,,,,,,,,,,,,,,,,,,,,,,,,,0.7500085234642029,1.4973329305648804,0.2723984718322754,0.7586492300033569,1.2595720291137695,1.33444344997406,0.5852905511856079,0.20719628036022186,0.439236581325531,0.39595699310302734,8.277660369873047,8.907784461975098,6.476590633392334,8.355644226074219,12.040766716003418,11.40595531463623,8.950453758239746,4.479633331298828,7.144270420074463,6.737842082977295,,,,,,,,,,,11.4483003616333,13.546324729919434,7.519933223724365,12.108083724975586,16.058727264404297,18.720867156982422,12.518623352050781,5.368459701538086,7.608035564422607,9.585641860961914,,,,,,,,,,,,,,,,,,,,,,,,,,,,,,,,,,,,,,,,
10,2204,,,,,,,,,,,,,,,,,,,,,,,,,,,,,,,,,,,,,,,,,0.6217561364173889,0.7923895716667175,0.43166694045066833,0.4699310064315796,0.9589845538139343,0.38615185022354126,0.6221410036087036,0.23319752514362335,1.352971076965332,0.3483714461326599,8.100005149841309,8.757619857788086,7.633682727813721,7.839684009552002,7.966362476348877,8.73829460144043,10.565180778503418,4.869748115539551,9.751276016235352,6.7781982421875,,,,,,,,,,,10.431010246276855,9.854433059692383,9.466425895690918,9.529540061950684,14.01217269897461,10.070590019226074,12.906700134277344,5.6953535079956055,13.352652549743652,8.991216659545898,,,,,,,,,,,,,,,,,,,,,,,,,,,,,,,,,,,,,,,,
10,2209,,,,,,,,,,,,,,,,,,,,,,,,,,,,,,,,,,,,,,,,,0.48392459750175476,0.44445180892944336,0.47977447509765625,0.42346617579460144,0.30370980501174927,0.5810472965240479,0.6202362775802612,0.5450578331947327,0.3361490070819855,0.6214288473129272,7.738334655761719,6.12755012512207,8.983880043029785,7.746943950653076,5.432476997375488,10.16441822052002,9.947089195251465,6.008029460906982,5.9906535148620605,9.243972778320312,,,,,,,,,,,9.65595817565918,7.38031005859375,9.979992866516113,9.046159744262695,7.885496616363525,12.35326099395752,12.886927604675293,8.707230567932129,6.655630588531494,12.008614540100098,,,,,,,,,,,,,,,,,,,,,,,,,,,,,,,,,,,,,,,,
10,2214,,,,,,,,,,,,,,,,,,,,,,,,,,,,,,,,,,,,,,,,,0.3431122303009033,0.3985389769077301,0.4729873836040497,0.22726157307624817,0.5062736868858337,0.3288453221321106,0.21641510725021362,0.25451308488845825,0.21475833654403687,0.4684165418148041,6.474904537200928,5.675990581512451,7.144311428070068,5.7378830909729,7.685188293457031,8.161321640014648,6.889514446258545,5.187554359436035,4.2404656410217285,7.551912307739258,,,,,,,,,,,8.034137725830078,6.988720417022705,9.909151077270508,6.627014636993408,10.18104362487793,9.29333782196045,7.612277030944824,5.949955940246582,5.319836616516113,10.425893783569336,,,,,,,,,,,,,,,,,,,,,,,,,,,,,,,,,,,,,,,,
10,2219,,,,,,,,,,,,,,,,,,,,,,,,,,,,,,,,,,,,,,,,,0.3526064455509186,0.18247514963150024,0.2877265512943268,0.4328380823135376,0.42747628688812256,0.3155926465988159,0.2990793287754059,0.22014284133911133,0.7253113985061646,0.2828157842159271,6.371262550354004,3.5718834400177,6.1091461181640625,7.856705665588379,7.2313313484191895,7.390847206115723,7.037261009216309,4.48028564453125,7.2303996086120605,6.433502674102783,,,,,,,,,,,8.046982765197754,4.728943347930908,7.728614807128906,9.145713806152344,9.355256080627441,9.104147911071777,8.948783874511719,5.533641338348389,9.776548385620117,8.10119342803955,,,,,,,,,,,,,,,,,,,,,,,,,,,,,,,,,,,,,,,,
10,2224,,,,,,,,,,,,,,,,,,,,,,,,,,,,,,,,,,,,,,,,,0.513876736164093,0.30279961228370667,0.3478652834892273,0.7378634214401245,0.2568541467189789,0.22661323845386505,0.22789141535758972,0.7076637148857117,1.3355979919433594,0.4817419946193695,7.31411600112915,4.588549613952637,6.656131744384766,9.103767395019531,5.820544719696045,5.302755355834961,6.43321418762207,7.878145217895508,12.022564888000488,8.0213623046875,,,,,,,,,,,9.22999095916748,6.091719627380371,8.49800968170166,11.941061019897461,7.2517523765563965,7.714690685272217,7.811505317687988,9.921382904052734,13.266646385192871,10.573150634765625,,,,,,,,,,,,,,,,,,,,,,,,,,,,,,,,,,,,,,,,
10,2229,,,,,,,,,,,,,,,,,,,,,,,,,,,,,,,,,,,,,,,,,0.72230464220047,0.3352000415325165,0.8214747309684753,0.6932584047317505,0.2458595186471939,0.43538758158683777,0.338583379983902,1.943074345588684,1.2383533716201782,0.44955095648765564,8.467206001281738,5.233649730682373,10.365565299987793,8.752511978149414,4.451885223388672,8.969757080078125,7.906399726867676,12.450798988342285,10.321608543395996,7.752677917480469,,,,,,,,,,,10.864542961120605,6.4093546867370605,13.058965682983398,11.574505805969238,7.094849586486816,10.693351745605469,9.52146053314209,16.440061569213867,12.774548530578613,10.213784217834473,,,,,,,,,,,,,,,,,,,,,,,,,,,,,,,,,,,,,,,,
10,2234,,,,,,,,,,,,,,,,,,,,,,,,,,,,,,,,,,,,,,,,,0.42902547121047974,0.5545598268508911,0.22482091188430786,0.38603514432907104,0.1853606104850769,0.5446904301643372,0.49377450346946716,0.6945964097976685,0.19384537637233734,0.5835458636283875,6.601494789123535,5.3364081382751465,3.892477035522461,7.078760147094727,4.325887680053711,8.139619827270508,8.315913200378418,8.586943626403809,3.9281632900238037,9.809280395507812,,,,,,,,,,,8.872493743896484,8.243972778320312,6.831719875335693,8.637106895446777,6.1603922843933105,11.960537910461426,11.498339653015137,9.829353332519531,5.054183483123779,11.63683032989502,,,,,,,,,,,,,,,,,,,,,,,,,,,,,,,,,,,,,,,,
10,2239,,,,,,,,,,,,,,,,,,,,,,,,,,,,,,,,,,,,,,,,,0.39790597558021545,0.3783745765686035,0.3920431435108185,0.6142416000366211,0.28090521693229675,0.417175829410553,0.1376764476299286,0.6371091604232788,0.30666396021842957,0.41696399450302124,6.339861869812012,5.743477821350098,6.66446590423584,6.670102119445801,5.462360858917236,6.852321147918701,4.64781379699707,7.31723690032959,5.808896541595459,7.892080307006836,,,,,,,,,,,8.495121002197266,6.809625625610352,9.021496772766113,10.89493179321289,7.583672046661377,10.467317581176758,6.0715651512146,9.413814544677734,6.357034683227539,9.83663272857666,,,,,,,,,,,,,,,,,,,,,,,,,,,,,,,,,,,,,,,,
10,2244,,,,,,,,,,,,,,,,,,,,,,,,,,,,,,,,,,,,,,,,,0.29500943422317505,0.2975706458091736,0.24542009830474854,0.12375988066196442,0.3094870150089264,0.24984216690063477,0.14075255393981934,0.43560895323753357,0.6442421078681946,0.20840148627758026,5.813232421875,4.737757205963135,5.433105945587158,4.121264457702637,6.987778186798096,6.200181484222412,5.164298057556152,5.725459098815918,8.216514587402344,5.732728958129883,,,,,,,,,,,7.135445594787598,6.03889274597168,7.137837886810303,4.890405178070068,7.960142612457275,8.100441932678223,6.139018535614014,7.784076690673828,9.21399211883545,6.954206466674805,,,,,,,,,,,,,,,,,,,,,,,,,,,,,,,,,,,,,,,,
10,2249,,,,,,,,,,,,,,,,,,,,,,,,,,,,,,,,,,,,,,,,,0.46333709359169006,0.7467449903488159,0.346586674451828,0.8677842020988464,0.5298507809638977,0.5456870198249817,0.2585076689720154,0.19124512374401093,0.1824478805065155,0.5011796355247498,7.152684688568115,6.168849468231201,6.698724269866943,10.84457778930664,8.24993896484375,9.632413864135742,7.096113204956055,3.7069172859191895,3.9568684101104736,8.019756317138672,,,,,,,,,,,9.172273635864258,9.566397666931152,8.482378005981445,12.94973087310791,10.415410995483398,11.971475601196289,8.319696426391602,5.1576738357543945,4.903347969055176,10.784348487854004,,,,,,,,,,,,,,,,,,,,,,,,,,,,,,,,,,,,,,,,
10,2254,,,,,,,,,,,,,,,,,,,,,,,,,,,,,,,,,,,,,,,,,0.09665653854608536,0.007769598625600338,0.12094442546367645,0.10655704140663147,0.03774750232696533,0.048168670386075974,0.013883831910789013,0.31740128993988037,0.10945107787847519,0.10798536241054535,3.4218220710754395,0.9514312744140625,5.004973411560059,3.45607328414917,2.1107192039489746,3.395751953125,1.8195223808288574,6.364462375640869,2.910858154296875,4.782604694366455,,,,,,,,,,,3.80415940284729,0.9758015871047974,5.01077127456665,4.537806034088135,2.7799930572509766,3.5567896366119385,1.9280815124511719,6.644512176513672,3.7978103160858154,5.005870819091797,,,,,,,,,,,,,,,,,,,,,,,,,,,,,,,,,,,,,,,,
10,2254,,,,,,,,,,,,,,,,,,,,,,,,,,,,,,,,,,,,,,,,,,,,,,,,,,,6.723326683044434,5.569514274597168,6.552469730377197,6.348435401916504,7.060111045837402,8.59713363647461,7.458849906921387,5.779110431671143,5.823848247528076,7.320467948913574,0.5668191909790039,0.5514488220214844,0.6057738065719604,0.6119688153266907,0.6064833998680115,0.505570650100708,0.5925900340080261,0.5584685802459717,0.5313531756401062,0.537714958190918,8.99238395690918,7.528695583343506,8.768863677978516,8.571615219116211,9.458024978637695,11.421651840209961,9.967567443847656,7.687403678894043,7.86053991317749,9.66709041595459,0.5052855014801025,0.7371516227722168,0.34694018959999084,0.39374348521232605,0.5542917847633362,0.5170567631721497,0.5093570351600647,0.40328872203826904,0.5246698260307312,0.5604432821273804,7.657365798950195,7.049224376678467,6.727130889892578,7.53290319442749,7.883702278137207,9.389399528503418,8.620962142944336,6.456757068634033,6.2905168533325195,8.965690612792969,0.302717924118042,0.3569793701171875,0.2899513840675354,0.3080978989601135,0.2673591375350952,0.22637981176376343,0.048079609870910645,0.49782055616378784,0.3626440763473511,0.3671494722366333,9.81475830078125,9.439300537109375,8.914742469787598,9.251538276672363,10.533284187316895,11.590474128723145,11.546284675598145,7.748143196105957,7.789061546325684,11.519993782043457
11,2259,,,,,,,,,,,,,,,,,,,,,,,,,,,,,,,,,,,,,,,,,0.2893139123916626,0.4087250530719757,0.3115291893482208,0.1770087629556656,0.21714463829994202,0.36686402559280396,0.14700569212436676,0.2964085340499878,0.3606937527656555,0.31844562292099,6.169666767120361,6.401085376739502,6.645487308502197,5.076388835906982,5.261585712432861,8.339113235473633,4.950203895568848,5.752506732940674,6.180345058441162,6.92028284072876,,,,,,,,,,,7.293019771575928,7.077467918395996,8.04194450378418,5.848605155944824,6.6676716804504395,9.815860748291016,6.273904323577881,6.421020984649658,6.894338607788086,8.596364974975586,,,,,,,,,,,,,,,,,,,,,,,,,,,,,,,,,,,,,,,,
11,2264,,,,,,,,,,,,,,,,,,,,,,,,,,,,,,,,,,,,,,,,,0.35987570881843567,0.9027791619300842,0.23849987983703613,0.26446619629859924,0.608869194984436,0.250449538230896,0.20892201364040375,0.2090422362089157,0.18479317426681519,0.3710598349571228,6.597776889801025,8.372111320495605,6.561875820159912,6.40185546875,8.582327842712402,6.836892604827881,6.302486896514893,4.408220291137695,4.025023460388184,7.889199256896973,,,,,,,,,,,7.896114826202393,10.518481254577637,7.036484718322754,7.14891242980957,11.165075302124023,8.110281944274902,7.479333400726318,5.3923211097717285,4.934762477874756,9.279385566711426,,,,,,,,,,,,,,,,,,,,,,,,,,,,,,,,,,,,,,,,
11,2269,,,,,,,,,,,,,,,,,,,,,,,,,,,,,,,,,,,,,,,,,0.3076973557472229,0.46334412693977356,0.14478962123394012,0.33896633982658386,0.35084468126296997,0.5060958862304688,0.347882479429245,0.19161687791347504,0.24364042282104492,0.18209579586982727,6.145223140716553,5.529246807098389,4.658707141876221,6.133216857910156,7.288665771484375,9.076106071472168,8.347744941711426,4.591335773468018,4.168668746948242,5.5133161544799805,,,,,,,,,,,7.566294193267822,7.53553581237793,5.4825215339660645,8.093440055847168,8.47533893585205,11.529017448425293,9.651328086853027,5.162684917449951,5.666279315948486,6.500505447387695,,,,,,,,,,,,,,,,,,,,,,,,,,,,,,,,,,,,,,,,
11,2274,,,,,,,,,,,,,,,,,,,,,,,,,,,,,,,,,,,,,,,,,0.323708176612854,0.4032089114189148,0.05449787154793739,0.326450377702713,0.5174878835678101,0.26019737124443054,0.3023693263530731,0.29016393423080444,0.41294065117836,0.3460570275783539,5.983994007110596,5.92907190322876,2.563539981842041,7.135200500488281,7.6842498779296875,7.152716636657715,6.438901424407959,4.420932292938232,5.198758602142334,7.332575798034668,,,,,,,,,,,7.6205010414123535,7.029547214508057,3.363577365875244,7.942614555358887,10.293185234069824,8.266607284545898,8.997868537902832,6.353023052215576,7.376784324645996,8.96130084991455,,,,,,,,,,,,,,,,,,,,,,,,,,,,,,,,,,,,,,,,
11,2279,,,,,,,,,,,,,,,,,,,,,,,,,,,,,,,,,,,,,,,,,0.627966046333313,0.5658156275749207,0.30347537994384766,0.38343554735183716,0.6166270971298218,0.32277482748031616,0.6296294331550598,0.2773183286190033,1.2981059551239014,1.2545121908187866,7.978739261627197,5.8823933601379395,6.152042865753174,6.690058708190918,8.216492652893066,7.92937707901001,9.802854537963867,5.680437088012695,9.72890567779541,11.726088523864746,,,,,,,,,,,10.516877174377441,8.327214241027832,7.937310695648193,8.607976913452148,11.235979080200195,9.207159996032715,12.984143257141113,6.210806846618652,13.079115867614746,17.062185287475586,,,,,,,,,,,,,,,,,,,,,,,,,,,,,,,,,,,,,,,,
11,2284,,,,,,,,,,,,,,,,,,,,,,,,,,,,,,,,,,,,,,,,,0.3009461760520935,0.32109615206718445,0.15380865335464478,0.15808753669261932,0.07128625363111496,0.2301698625087738,0.18140462040901184,0.4617135226726532,0.7437967658042908,0.38715246319770813,5.511887550354004,4.829617500305176,4.34228515625,3.9551029205322266,3.116316795349121,5.423860549926758,5.16275691986084,7.260484218597412,8.042207717895508,7.474355220794678,,,,,,,,,,,7.045379161834717,6.27306604385376,5.650697231292725,5.527181625366211,3.820344924926758,7.774994850158691,6.969393253326416,8.013919830322266,9.900347709655762,9.478468894958496,,,,,,,,,,,,,,,,,,,,,,,,,,,,,,,,,,,,,,,,
11,2289,,,,,,,,,,,,,,,,,,,,,,,,,,,,,,,,,,,,,,,,,0.1961604803800583,0.5102295279502869,0.08902174234390259,0.04039384052157402,0.302330881357193,0.34056180715560913,0.10785100609064102,0.019405974075198174,0.13454625010490417,0.221103236079216,4.429069995880127,5.728131294250488,3.7021007537841797,2.431858777999878,6.196537971496582,7.132132053375244,4.809773921966553,1.2421607971191406,3.318082332611084,5.300851345062256,,,,,,,,,,,5.635108947753906,7.90760612487793,4.298923492431641,2.7939107418060303,7.867574691772461,9.45744514465332,5.373817443847656,1.6429574489593506,4.2107462882995605,7.162996768951416,,,,,,,,,,,,,,,,,,,,,,,,,,,,,,,,,,,,,,,,
11,2294,,,,,,,,,,,,,,,,,,,,,,,,,,,,,,,,,,,,,,,,,0.31410109996795654,0.2560299336910248,0.3366413712501526,0.18379776179790497,0.3158850371837616,0.53309565782547,0.22166632115840912,0.22524572908878326,0.18559530377388,0.5689526796340942,6.061489582061768,4.195258140563965,6.859391689300537,4.015305042266846,6.295801162719727,7.690249919891357,5.805254936218262,4.842879772186279,4.285969257354736,10.56329345703125,,,,,,,,,,,7.725882530212402,5.6015424728393555,8.359789848327637,5.959708213806152,8.042001724243164,11.83255386352539,7.70407772064209,5.597408294677734,4.945460796356201,11.490403175354004,,,,,,,,,,,,,,,,,,,,,,,,,,,,,,,,,,,,,,,,
11,2299,,,,,,,,,,,,,,,,,,,,,,,,,,,,,,,,,,,,,,,,,0.46271950006484985,0.28848642110824585,0.43425890803337097,0.3577778935432434,0.30772095918655396,0.39315029978752136,0.31322380900382996,0.8162392377853394,1.1373244524002075,0.11629335582256317,6.834013938903809,4.670707702636719,7.643746376037598,6.510311603546143,6.511158466339111,8.312739372253418,7.2653608322143555,7.8839545249938965,8.308377265930176,4.399770736694336,,,,,,,,,,,8.78946304321289,5.946000576019287,9.494803428649902,8.314988136291504,7.937398433685303,10.16143798828125,9.15794849395752,10.655344009399414,12.242369651794434,5.194869518280029,,,,,,,,,,,,,,,,,,,,,,,,,,,,,,,,,,,,,,,,
11,2304,,,,,,,,,,,,,,,,,,,,,,,,,,,,,,,,,,,,,,,,,0.4123856723308563,0.37863197922706604,0.2990131676197052,0.336821049451828,0.2796700596809387,0.4936021566390991,0.2753172814846039,0.30100756883621216,0.7762670516967773,0.571140706539154,6.808969974517822,5.490086078643799,6.545616626739502,6.2605462074279785,6.1642746925354,8.306402206420898,6.745654582977295,5.235503673553467,7.721826076507568,8.810823440551758,,,,,,,,,,,8.710495948791504,6.811941623687744,7.8787407875061035,8.067788124084473,7.566980838775635,11.385821342468262,8.585933685302734,6.470643043518066,10.114136695861816,11.512476921081543,,,,,,,,,,,,,,,,,,,,,,,,,,,,,,,,,,,,,,,,
11,2309,,,,,,,,,,,,,,,,,,,,,,,,,,,,,,,,,,,,,,,,,0.44707033038139343,0.4788283705711365,0.5585363507270813,0.4342719614505768,0.9080289006233215,0.3374007046222687,0.5529091954231262,0.24762265384197235,0.20398688316345215,0.30204761028289795,7.568691730499268,5.7179999351501465,8.181221961975098,7.759868144989014,12.048846244812012,7.2373433113098145,9.133526802062988,5.626131534576416,4.9016828536987305,7.511606693267822,,,,,,,,,,,9.136740684509277,7.6604132652282715,10.768056869506836,9.160849571228027,13.634822845458984,9.413451194763184,12.167397499084473,5.868862152099609,5.184709548950195,8.372109413146973,,,,,,,,,,,,,,,,,,,,,,,,,,,,,,,,,,,,,,,,
11,2314,,,,,,,,,,,,,,,,,,,,,,,,,,,,,,,,,,,,,,,,,0.5075914263725281,0.5824164152145386,0.4393688440322876,1.4784995317459106,0.4618671238422394,0.27604562044143677,0.5481991767883301,0.23981250822544098,0.19769743084907532,0.34441614151000977,7.17974853515625,6.73286247253418,7.962520599365234,10.288416862487793,7.820087909698486,7.229049205780029,8.280391693115234,4.471250534057617,4.088146686553955,7.745013236999512,,,,,,,,,,,9.452911376953125,8.44848918914795,9.550503730773926,16.903066635131836,9.724296569824219,8.514639854431152,12.115461349487305,5.775567054748535,5.104154586791992,8.940028190612793,,,,,,,,,,,,,,,,,,,,,,,,,,,,,,,,,,,,,,,,
11,2319,,,,,,,,,,,,,,,,,,,,,,,,,,,,,,,,,,,,,,,,,0.24204036593437195,0.32837730646133423,0.3005712330341339,0.06702378392219543,0.2104215919971466,0.32465478777885437,0.13925889134407043,0.31132155656814575,0.18745744228363037,0.30927667021751404,5.154889106750488,4.940878391265869,6.005199432373047,3.2164807319641113,4.807056427001953,7.823716163635254,4.676459312438965,5.135935306549072,3.8746650218963623,5.913610458374023,,,,,,,,,,,6.640926361083984,6.343790054321289,7.899240970611572,3.5988962650299072,6.563640594482422,9.23393440246582,6.106358051300049,6.58056640625,4.970208644866943,8.471704483032227,,,,,,,,,,,,,,,,,,,,,,,,,,,,,,,,,,,,,,,,
11,2324,,,,,,,,,,,,,,,,,,,,,,,,,,,,,,,,,,,,,,,,,0.6707634925842285,0.21917550265789032,3.016660213470459,0.11286239326000214,0.43430018424987793,0.3416951298713684,0.22448614239692688,0.8687404990196228,0.30492353439331055,0.5140278339385986,7.256534099578857,4.244675636291504,13.128011703491211,4.346132278442383,7.708926677703857,6.957644939422607,6.956532001495361,7.429586887359619,5.615874290466309,8.921426773071289,,,,,,,,,,,9.97633171081543,5.1827263832092285,25.025043487548828,4.670135498046875,9.429631233215332,9.47316837310791,7.75292444229126,10.992683410644531,6.338971138000488,10.921707153320312,,,,,,,,,,,,,,,,,,,,,,,,,,,,,,,,,,,,,,,,
11,2329,,,,,,,,,,,,,,,,,,,,,,,,,,,,,,,,,,,,,,,,,0.39927026629447937,0.5478057861328125,0.33284488320350647,0.3711486756801605,0.328598290681839,0.7924680709838867,0.38733312487602234,0.2844831645488739,0.38800185918807983,0.16074851155281067,6.945072650909424,6.623484134674072,6.2234368324279785,5.9002909660339355,7.1040802001953125,11.416695594787598,7.750317573547363,5.77983283996582,7.020782947540283,4.686733245849609,,,,,,,,,,,8.592951774597168,8.193615913391113,8.312518119812012,8.4689359664917,8.202237129211426,14.426691055297852,10.183876991271973,6.290526866912842,7.150561332702637,6.107601165771484,,,,,,,,,,,,,,,,,,,,,,,,,,,,,,,,,,,,,,,,
11,2334,,,,,,,,,,,,,,,,,,,,,,,,,,,,,,,,,,,,,,,,,0.3161703944206238,0.22453510761260986,0.06925375759601593,0.20324252545833588,0.7942656874656677,0.831712007522583,0.35350310802459717,0.18956348299980164,0.02723192796111107,0.15222589671611786,5.453667163848877,4.369114398956299,3.5378644466400146,5.842408180236816,9.191490173339844,9.705460548400879,6.307245254516602,3.770313262939453,1.650036334991455,4.70906925201416,,,,,,,,,,,7.281992435455322,5.245711803436279,3.7916946411132812,6.267036437988281,12.75212574005127,14.77958869934082,9.728981971740723,5.134947776794434,1.8943599462509155,5.943489074707031,,,,,,,,,,,,,,,,,,,,,,,,,,,,,,,,,,,,,,,,
11,2339,,,,,,,,,,,,,,,,,,,,,,,,,,,,,,,,,,,,,,,,,0.37426456809043884,0.24386952817440033,0.04654856398701668,0.33220410346984863,0.6353434324264526,0.4129420816898346,0.35451555252075195,0.3706885874271393,0.7074593305587769,0.2648099362850189,5.642345905303955,3.768476724624634,2.3488409519195557,5.327764511108398,7.809953689575195,7.144240379333496,7.07689905166626,4.684769153594971,6.259247779846191,6.360922336578369,,,,,,,,,,,8.09168815612793,5.4668989181518555,3.108599901199341,8.012304306030273,11.405226707458496,10.414069175720215,9.742903709411621,7.180643081665039,9.65548324584961,7.839066505432129,,,,,,,,,,,,,,,,,,,,,,,,,,,,,,,,,,,,,,,,
11,2344,,,,,,,,,,,,,,,,,,,,,,,,,,,,,,,,,,,,,,,,,0.527251124382019,0.47175469994544983,0.2941000461578369,0.7868411540985107,0.32247647643089294,0.652190089225769,0.3145028352737427,0.5387176871299744,1.0255827903747559,0.339094340801239,7.593662738800049,5.898543834686279,6.3059210777282715,8.762838363647461,6.208489418029785,10.498125076293945,7.45726203918457,6.807671546936035,10.078487396240234,6.32562780380249,,,,,,,,,,,9.698967933654785,7.603620529174805,7.813745021820068,12.331003189086914,8.125473022460938,13.087690353393555,9.176626205444336,8.656439781188965,11.625419616699219,8.870691299438477,,,,,,,,,,,,,,,,,,,,,,,,,,,,,,,,,,,,,,,,
11,2349,,,,,,,,,,,,,,,,,,,,,,,,,,,,,,,,,,,,,,,,,0.24704691767692566,0.13372789323329926,0.2587053179740906,0.0688759908080101,0.19738490879535675,0.4883946180343628,0.34010446071624756,0.30952316522598267,0.19397985935211182,0.23272618651390076,5.508913516998291,3.437272071838379,6.185765743255615,3.2460646629333496,5.637293815612793,8.31737995147705,7.359267234802246,5.304137706756592,4.396263122558594,5.69677734375,,,,,,,,,,,6.801877498626709,4.048305511474609,7.328487396240234,3.648285388946533,6.357064723968506,11.325601577758789,9.542825698852539,6.561532497406006,5.055936336517334,7.348857879638672,,,,,,,,,,,,,,,,,,,,,,,,,,,,,,,,,,,,,,,,
11,2354,,,,,,,,,,,,,,,,,,,,,,,,,,,,,,,,,,,,,,,,,0.4701344072818756,0.5027763843536377,0.396499902009964,0.2770598232746124,0.6702218055725098,0.5212631225585938,0.7133410573005676,0.34948691725730896,0.2706398665904999,0.5299205780029297,7.610535621643066,5.263878345489502,7.57194709777832,5.861508846282959,8.932921409606934,9.086832046508789,10.803032875061035,6.314246654510498,5.815326690673828,8.845129013061523,,,,,,,,,,,9.500877380371094,7.849638938903809,9.072629928588867,7.317144870758057,11.714099884033203,11.700498580932617,13.820361137390137,6.9722700119018555,5.971991539001465,11.089261054992676,,,,,,,,,,,,,,,,,,,,,,,,,,,,,,,,,,,,,,,,
11,2359,,,,,,,,,,,,,,,,,,,,,,,,,,,,,,,,,,,,,,,,,0.6609146595001221,0.424869179725647,0.2717347741127014,0.7165493369102478,0.4337211847305298,0.9281303882598877,0.4421498775482178,0.2027125209569931,2.269740104675293,0.25862425565719604,7.41721248626709,4.717886447906494,6.6637067794799805,9.251338958740234,7.0221123695373535,11.641742706298828,8.571161270141602,4.11827278137207,8.405241012573242,6.3634514808654785,,,,,,,,,,,10.306937217712402,7.2158894538879395,7.510766983032227,11.767329216003418,9.42334270477295,15.612784385681152,10.880667686462402,5.310055255889893,17.294631958007812,7.746969223022461,,,,,,,,,,,,,,,,,,,,,,,,,,,,,,,,,,,,,,,,
11,2364,,,,,,,,,,,,,,,,,,,,,,,,,,,,,,,,,,,,,,,,,0.4994959831237793,0.24095240235328674,0.215901181101799,0.784898042678833,0.16220909357070923,0.62289959192276,0.5149122476577759,1.3156269788742065,0.18175366520881653,0.45631060004234314,7.413431644439697,4.315210342407227,6.476484775543213,8.259333610534668,5.286983966827393,10.278934478759766,9.133149147033691,9.905126571655273,4.894010543823242,8.171651840209961,,,,,,,,,,,9.272431373596191,5.434103965759277,6.694823741912842,12.315770149230957,5.7628493309021,12.790422439575195,11.741874694824219,13.52773666381836,4.894010543823242,10.290287017822266,,,,,,,,,,,,,,,,,,,,,,,,,,,,,,,,,,,,,,,,
11,2369,,,,,,,,,,,,,,,,,,,,,,,,,,,,,,,,,,,,,,,,,0.5066459774971008,0.2940994203090668,0.4704834222793579,0.2924768328666687,0.4328184723854065,0.4405030310153961,0.3934910297393799,1.102170705795288,0.7549574375152588,0.3788137137889862,7.558005332946777,4.598823070526123,8.311601638793945,5.668506622314453,7.617928981781006,8.342288970947266,7.660421371459961,10.330819129943848,7.611970901489258,7.879683017730713,,,,,,,,,,,9.507824897766113,6.003566741943359,9.88288688659668,7.517971515655518,9.413531303405762,10.755988121032715,10.264510154724121,12.381780624389648,9.974347114562988,9.375837326049805,,,,,,,,,,,,,,,,,,,,,,,,,,,,,,,,,,,,,,,,
11,2374,,,,,,,,,,,,,,,,,,,,,,,,,,,,,,,,,,,,,,,,,0.3662114143371582,0.18985486030578613,0.37200140953063965,0.26914992928504944,0.6170665621757507,0.7785826921463013,0.40382662415504456,0.17212381958961487,0.17122268676757812,0.32207414507865906,6.589968204498291,3.621305465698242,7.470412254333496,5.884703636169434,7.893580436706543,12.066908836364746,8.321537017822266,3.760528564453125,3.585252523422241,6.705484867095947,,,,,,,,,,,8.338885307312012,4.823620319366455,8.787877082824707,7.211939334869385,11.239982604980469,14.299742698669434,10.398442268371582,4.893044948577881,4.750113010406494,8.645201683044434,,,,,,,,,,,,,,,,,,,,,,,,,,,,,,,,,,,,,,,,
11,2379,,,,,,,,,,,,,,,,,,,,,,,,,,,,,,,,,,,,,,,,,0.4597582221031189,0.5041728615760803,0.4830540120601654,0.5290629267692566,0.9421098232269287,0.4958304166793823,0.36471545696258545,0.09622165560722351,0.4774962365627289,0.24516084790229797,7.354246616363525,6.405691623687744,8.795164108276367,8.298582077026367,10.116806030273438,8.901183128356934,6.631335258483887,2.8862059116363525,7.529210090637207,6.624038219451904,,,,,,,,,,,9.144594192504883,7.860533237457275,10.014044761657715,10.111336708068848,13.888341903686523,11.411492347717285,9.882068634033203,3.658432960510254,7.932466983795166,7.542628765106201,,,,,,,,,,,,,,,,,,,,,,,,,,,,,,,,,,,,,,,,
11,2384,,,,,,,,,,,,,,,,,,,,,,,,,,,,,,,,,,,,,,,,,0.5903379321098328,0.3833159804344177,0.5558594465255737,1.3936187028884888,0.7692100405693054,0.6714776158332825,0.4663543403148651,0.30724915862083435,0.43529215455055237,0.330663800239563,8.53724479675293,5.781047344207764,8.812475204467773,13.575728416442871,9.97385311126709,10.825677871704102,8.470186233520508,6.012310981750488,6.096640110015869,7.287288665771484,,,,,,,,,,,10.4312744140625,6.853947162628174,10.742223739624023,16.410690307617188,12.549375534057617,13.279803276062012,11.174518585205078,6.5373854637146,7.573798179626465,8.759726524353027,,,,,,,,,,,,,,,,,,,,,,,,,,,,,,,,,,,,,,,,
11,2389,,,,,,,,,,,,,,,,,,,,,,,,,,,,,,,,,,,,,,,,,0.3305242359638214,0.3398025929927826,0.40708208084106445,0.1644924432039261,0.09675800055265427,0.36901527643203735,0.44153687357902527,0.40460261702537537,0.32120171189308167,0.43022653460502625,6.139889240264893,4.565645217895508,7.355478763580322,4.08699893951416,3.5298759937286377,7.998198509216309,8.650064468383789,5.56072998046875,4.967220783233643,8.544791221618652,,,,,,,,,,,7.828052043914795,6.453207969665527,9.192902565002441,5.638036251068115,4.4508514404296875,9.844598770141602,10.873122215270996,7.501931190490723,6.505972385406494,9.991847038269043,,,,,,,,,,,,,,,,,,,,,,,,,,,,,,,,,,,,,,,,
11,2394,,,,,,,,,,,,,,,,,,,,,,,,,,,,,,,,,,,,,,,,,0.4651429355144501,0.4862237572669983,0.297775536775589,0.33790040016174316,0.7096031308174133,1.1757081747055054,0.2731434106826782,0.3313854932785034,0.2416360080242157,0.3329106569290161,7.023958206176758,5.386563777923584,5.592155933380127,6.520120143890381,9.146702766418457,13.51385498046875,5.996413707733154,5.176173686981201,4.3784379959106445,7.505199432373047,,,,,,,,,,,9.229069709777832,7.719343185424805,7.862418174743652,8.080704689025879,12.053339958190918,17.57217788696289,8.551970481872559,6.789307594299316,5.642922878265381,8.789437294006348,,,,,,,,,,,,,,,,,,,,,,,,,,,,,,,,,,,,,,,,
11,2399,,,,,,,,,,,,,,,,,,,,,,,,,,,,,,,,,,,,,,,,,0.41746440529823303,0.7880078554153442,0.1947653889656067,0.06669733673334122,0.6611987948417664,0.8902998566627502,0.4040600061416626,0.2761884331703186,0.3234430253505707,0.15251889824867249,6.489699363708496,7.550507545471191,5.193652629852295,3.238389015197754,8.439512252807617,11.398512840270996,6.951742172241211,5.309731483459473,5.223296165466309,5.101951599121094,,,,,,,,,,,8.419960975646973,9.827150344848633,6.3586883544921875,3.5901215076446533,11.634981155395508,15.291285514831543,10.401446342468262,6.198141098022461,6.528631210327148,5.949206352233887,,,,,,,,,,,,,,,,,,,,,,,,,,,,,,,,,,,,,,,,
11,2404,,,,,,,,,,,,,,,,,,,,,,,,,,,,,,,,,,,,,,,,,0.30497315526008606,0.44110995531082153,0.13344500958919525,0.15866631269454956,0.19612425565719604,1.0031225681304932,0.23426362872123718,0.21703334152698517,0.1745716780424118,0.18642161786556244,5.37725830078125,5.269863128662109,4.083765983581543,4.353710174560547,4.763421535491943,8.864425659179688,7.034833908081055,4.489010810852051,3.782658815383911,5.753632545471191,,,,,,,,,,,7.278796672821045,7.352511405944824,5.263357162475586,5.537290096282959,6.336731910705566,16.231285095214844,7.91996431350708,5.494421482086182,4.796342372894287,6.577264785766602,,,,,,,,,,,,,,,,,,,,,,,,,,,,,,,,,,,,,,,,
11,2409,,,,,,,,,,,,,,,,,,,,,,,,,,,,,,,,,,,,,,,,,0.43072715401649475,0.6476076245307922,0.2390124350786209,0.3803718388080597,0.4607268273830414,0.7422663569450378,0.15597780048847198,0.4382392168045044,0.20642073452472687,0.6059216260910034,6.913514614105225,6.5895514488220215,5.179442405700684,7.067215442657471,7.368837833404541,10.879570007324219,4.846646308898926,6.935593605041504,3.2458643913269043,10.108905792236328,,,,,,,,,,,8.838260650634766,8.908780097961426,7.044041156768799,8.573518753051758,9.712285041809082,13.962262153625488,6.4625244140625,7.807542324066162,5.215548038482666,11.85783576965332,,,,,,,,,,,,,,,,,,,,,,,,,,,,,,,,,,,,,,,,
11,2414,,,,,,,,,,,,,,,,,,,,,,,,,,,,,,,,,,,,,,,,,0.4539460241794586,0.37914443016052246,0.41067641973495483,0.2820184528827667,1.2053173780441284,0.7589969038963318,0.35969316959381104,0.31809985637664795,0.16418972611427307,0.20737773180007935,7.41724157333374,5.449984073638916,7.1847381591796875,5.855400085449219,11.722492218017578,11.755993843078613,8.419426918029785,6.19298791885376,4.444025039672852,5.7301249504089355,,,,,,,,,,,9.034926414489746,6.816549777984619,9.2333984375,7.382332801818848,15.709065437316895,14.118738174438477,9.813793182373047,6.651819229125977,4.6515350341796875,6.93710470199585,,,,,,,,,,,,,,,,,,,,,,,,,,,,,,,,,,,,,,,,
11,2419,,,,,,,,,,,,,,,,,,,,,,,,,,,,,,,,,,,,,,,,,0.4578208923339844,0.37904104590415955,0.4526421129703522,1.0253138542175293,0.555686891078949,0.472351998090744,0.6021468043327332,0.07919537276029587,0.31331777572631836,0.2406921088695526,7.831032752990723,5.7906174659729,8.375880241394043,11.676033973693848,8.278899192810059,9.938885688781738,10.95639705657959,2.9590749740600586,6.277248859405518,6.22626256942749,,,,,,,,,,,9.145069122314453,6.815619945526123,9.693690299987793,14.076130867004395,10.666322708129883,11.138038635253906,12.697609901428223,3.3190104961395264,6.425631523132324,7.473570346832275,,,,,,,,,,,,,,,,,,,,,,,,,,,,,,,,,,,,,,,,
11,2424,,,,,,,,,,,,,,,,,,,,,,,,,,,,,,,,,,,,,,,,,0.3372655510902405,0.2950558066368103,0.11883704364299774,0.1527508795261383,0.72032630443573,0.6587750315666199,0.3542806804180145,0.036845624446868896,0.22745010256767273,0.4710683524608612,5.986595630645752,4.992937088012695,3.892848491668701,4.7437052726745605,9.3685302734375,9.090536117553711,7.515929698944092,1.8736404180526733,4.316220760345459,8.085010528564453,,,,,,,,,,,7.738298416137695,6.0133209228515625,4.966925144195557,5.433088302612305,12.14406967163086,13.153594017028809,9.739676475524902,2.263871192932129,5.474776268005371,10.455364227294922,,,,,,,,,,,,,,,,,,,,,,,,,,,,,,,,,,,,,,,,
11,2429,,,,,,,,,,,,,,,,,,,,,,,,,,,,,,,,,,,,,,,,,0.3042807877063751,0.5612965822219849,0.1243482232093811,0.13632260262966156,0.5093815922737122,0.48069146275520325,0.3236163854598999,0.147639662027359,0.11779658496379852,0.33743399381637573,5.259063720703125,4.387239933013916,4.275948524475098,3.5286076068878174,6.909149169921875,8.656182289123535,6.041543006896973,3.527829885482788,3.1800434589385986,6.825031757354736,,,,,,,,,,,7.398299217224121,8.293893814086914,5.080792427062988,5.132616996765137,10.21224594116211,11.235931396484375,9.308635711669922,4.531691074371338,3.9399402141571045,8.848947525024414,,,,,,,,,,,,,,,,,,,,,,,,,,,,,,,,,,,,,,,,
11,2434,,,,,,,,,,,,,,,,,,,,,,,,,,,,,,,,,,,,,,,,,0.4139925539493561,0.2477203756570816,0.3122412860393524,0.4486697018146515,0.31112685799598694,0.29640424251556396,0.3228604793548584,0.4127594530582428,0.8301331400871277,0.5440175533294678,7.007922172546387,4.253476142883301,6.27457857131958,7.626191139221191,6.750085353851318,6.2993621826171875,7.22755241394043,6.320286750793457,8.768383026123047,9.551383018493652,,,,,,,,,,,8.694069862365723,5.509892463684082,8.051128387451172,9.311470031738281,7.981203556060791,8.823036193847656,9.297758102416992,7.577174186706543,10.459169387817383,11.23579216003418,,,,,,,,,,,,,,,,,,,,,,,,,,,,,,,,,,,,,,,,
11,2439,,,,,,,,,,,,,,,,,,,,,,,,,,,,,,,,,,,,,,,,,0.23166067898273468,0.5835938453674316,0.13972532749176025,0.2265889048576355,0.19299598038196564,0.3946482241153717,0.13219529390335083,0.08130627125501633,0.05981471389532089,0.27407750487327576,4.997565269470215,6.312533378601074,4.304199695587158,5.331358432769775,4.602267265319824,8.1429443359375,4.927279472351074,3.1634044647216797,2.173823356628418,6.020275592803955,,,,,,,,,,,6.335757255554199,8.457025527954102,5.385787487030029,6.617198944091797,6.285991191864014,10.180777549743652,5.949476718902588,3.36295223236084,2.807548761367798,7.975058555603027,,,,,,,,,,,,,,,,,,,,,,,,,,,,,,,,,,,,,,,,
11,2444,,,,,,,,,,,,,,,,,,,,,,,,,,,,,,,,,,,,,,,,,0.3559332489967346,0.6867551207542419,0.44539791345596313,0.2143210470676422,0.31989002227783203,0.6106581687927246,0.1676110476255417,0.2827010154724121,0.33463457226753235,0.14143037796020508,6.016444683074951,5.540482521057129,6.527385711669922,4.854273796081543,7.012055397033691,9.987509727478027,5.47719669342041,4.863912582397461,5.305175304412842,4.580007553100586,,,,,,,,,,,7.924654006958008,9.174095153808594,9.615806579589844,6.435574054718018,8.09282112121582,12.664117813110352,6.699187278747559,6.270792007446289,6.640621185302734,5.7288641929626465,,,,,,,,,,,,,,,,,,,,,,,,,,,,,,,,,,,,,,,,
11,2449,,,,,,,,,,,,,,,,,,,,,,,,,,,,,,,,,,,,,,,,,0.42046141624450684,0.33771440386772156,0.42286840081214905,0.266265869140625,0.3713819980621338,0.46687009930610657,0.36444440484046936,0.4277004897594452,0.4481176435947418,0.6787894368171692,7.427554607391357,5.259140491485596,7.342123985290527,6.250202655792236,7.4161057472229,8.875317573547363,7.230127334594727,6.619309425354004,6.785489082336426,11.070170402526855,,,,,,,,,,,8.955082893371582,6.433348655700684,9.369453430175781,7.173194885253906,8.719870567321777,11.07321834564209,9.878396987915039,7.713092803955078,7.684566020965576,12.550606727600098,,,,,,,,,,,,,,,,,,,,,,,,,,,,,,,,,,,,,,,,
11,2454,,,,,,,,,,,,,,,,,,,,,,,,,,,,,,,,,,,,,,,,,0.4443216323852539,0.5176865458488464,0.32997190952301025,0.321921169757843,0.5174409747123718,0.3801738917827606,0.4983152449131012,0.21229776740074158,0.3122328221797943,0.9088544249534607,7.24742317199707,6.235687255859375,6.640004634857178,6.676846504211426,7.212454319000244,7.728915691375732,9.877238273620605,4.650634765625,5.860398769378662,10.344626426696777,,,,,,,,,,,9.1484956741333,7.965181827545166,8.276564598083496,7.887323379516602,10.292717933654785,9.992335319519043,11.551087379455566,5.434147834777832,6.414496421813965,14.522601127624512,,,,,,,,,,,,,,,,,,,,,,,,,,,,,,,,,,,,,,,,
11,2459,,,,,,,,,,,,,,,,,,,,,,,,,,,,,,,,,,,,,,,,,0.29188552498817444,0.1582682877779007,0.1699666529893875,0.015510153956711292,0.08178915828466415,0.4351029396057129,0.05351417884230614,0.3577954173088074,0.09741805493831635,1.2576050758361816,5.526953220367432,3.247061014175415,5.908560276031494,1.5899748802185059,3.4966237545013428,8.632649421691895,2.8363819122314453,6.422794342041016,3.5829687118530273,14.025558471679688,,,,,,,,,,,6.484847068786621,4.404120922088623,5.940096855163574,1.7312628030776978,4.092111110687256,10.689857482910156,3.7853431701660156,7.054660320281982,3.5829687118530273,17.08320426940918,,,,,,,,,,,,,,,,,,,,,,,,,,,,,,,,,,,,,,,,
11,2459,,,,,,,,,,,,,,,,,,,,,,,,,,,,,,,,,,,,,,,,,,,,,,,,,,,6.742149353027344,5.596064567565918,6.527647495269775,6.379347324371338,7.136844158172607,8.514945030212402,7.530081748962402,5.841517448425293,5.877689361572266,7.275203704833984,0.5656302571296692,0.5520204305648804,0.6045405864715576,0.6092332005500793,0.601823091506958,0.5132042765617371,0.5860104560852051,0.556946873664856,0.5227769613265991,0.5441161394119263,9.003965377807617,7.523896217346191,8.78256893157959,8.601778030395508,9.513863563537598,11.33314037322998,10.047734260559082,7.700640678405762,7.9321370124816895,9.599928855895996,0.5876518487930298,0.7757095694541931,0.4847896099090576,0.4133634567260742,0.7384045124053955,0.5960050225257874,0.6245157718658447,0.45759376883506775,0.6466377973556519,0.554134726524353,8.26279067993164,7.281786918640137,7.77679443359375,7.524637222290039,9.365360260009766,10.122542381286621,9.859312057495117,6.663271903991699,6.89141845703125,8.879995346069336,0.18189594149589539,0.3198367953300476,0.017316579818725586,0.2915366291999817,0.0588642954826355,0.10774695873260498,-0.1780909299850464,0.43124276399612427,0.2143813967704773,0.3742290735244751,10.57075309753418,9.70809268951416,10.4874906539917,9.361605644226074,11.93835163116455,12.447476387023926,12.844918251037598,8.24577808380127,8.647687911987305,11.455375671386719
12,2464,,,,,,,,,,,,,,,,,,,,,,,,,,,,,,,,,,,,,,,,,0.2820422053337097,0.4821162819862366,0.14757157862186432,0.1070949137210846,0.346122145652771,0.3953445553779602,0.2797234058380127,0.18744544684886932,0.15100158751010895,0.4419599771499634,5.686033248901367,5.317646503448486,3.904197931289673,4.123981952667236,6.939448833465576,7.169210910797119,7.05867862701416,3.935140371322632,4.329939842224121,8.396052360534668,,,,,,,,,,,7.191917419433594,7.686668395996094,5.53494119644165,4.5492448806762695,8.418105125427246,10.189754486083984,8.654364585876465,5.106180667877197,4.460813522338867,10.12718391418457,,,,,,,,,,,,,,,,,,,,,,,,,,,,,,,,,,,,,,,,
12,2469,,,,,,,,,,,,,,,,,,,,,,,,,,,,,,,,,,,,,,,,,0.5121284127235413,1.180904507637024,0.014097265899181366,0.1418347805738449,0.9668563604354858,0.7887837886810303,0.4237717092037201,0.4434671700000763,0.0015892813680693507,0.6478510499000549,6.819889545440674,9.090031623840332,1.5542278289794922,5.204898834228516,11.644608497619629,10.78421688079834,7.720064163208008,5.8339152336120605,0.4576396942138672,9.089401245117188,,,,,,,,,,,8.740429878234863,12.030111312866211,1.7107208967208862,5.235355854034424,14.069563865661621,14.39311695098877,10.652137756347656,7.853974342346191,0.4576396942138672,12.261251449584961,,,,,,,,,,,,,,,,,,,,,,,,,,,,,,,,,,,,,,,,
12,2474,,,,,,,,,,,,,,,,,,,,,,,,,,,,,,,,,,,,,,,,,0.3936871886253357,0.595289409160614,0.23284727334976196,0.3146858215332031,0.6353319883346558,0.29822272062301636,0.3246896266937256,0.36746746301651,0.4444121718406677,0.3302384614944458,6.994967937469482,6.694392204284668,6.6275811195373535,5.541524410247803,9.88939094543457,7.966729640960693,8.100921630859375,5.798553466796875,5.026256084442139,7.309362888336182,,,,,,,,,,,8.491951942443848,8.54134750366211,6.95259952545166,7.798185348510742,11.405123710632324,8.85006046295166,9.324058532714844,7.14937686920166,7.652727127075195,8.754090309143066,,,,,,,,,,,,,,,,,,,,,,,,,,,,,,,,,,,,,,,,
12,2479,,,,,,,,,,,,,,,,,,,,,,,,,,,,,,,,,,,,,,,,,0.2671222984790802,0.5500821471214294,0.3940157890319824,0.30170196294784546,0.10682445764541626,0.17146702110767365,0.3932671546936035,0.13475081324577332,0.15950563549995422,0.19248569011688232,5.186740875244141,5.646374225616455,6.945255279541016,5.019706726074219,3.7164955139160156,5.443076133728027,7.831578254699707,3.833224058151245,3.2971370220184326,4.947821140289307,,,,,,,,,,,6.904085636138916,8.210622787475586,9.044164657592773,7.635614395141602,4.6766510009765625,6.710674285888672,10.261590003967285,4.329367160797119,4.5847039222717285,6.683383941650391,,,,,,,,,,,,,,,,,,,,,,,,,,,,,,,,,,,,,,,,
12,2484,,,,,,,,,,,,,,,,,,,,,,,,,,,,,,,,,,,,,,,,,0.4696316719055176,0.4363303780555725,0.29240769147872925,0.4391310214996338,0.4993281662464142,0.6309134364128113,0.13452687859535217,0.34986019134521484,1.1577649116516113,0.2864222526550293,7.26900577545166,6.561731815338135,6.696324348449707,7.564146995544434,7.8944549560546875,10.902959823608398,4.539013862609863,5.88562536239624,8.75688648223877,6.619906902313232,,,,,,,,,,,8.975716590881348,7.312570095062256,7.791230201721191,9.211957931518555,10.110965728759766,12.8724365234375,6.00171422958374,6.975992202758789,12.35189151763916,8.15268325805664,,,,,,,,,,,,,,,,,,,,,,,,,,,,,,,,,,,,,,,,
12,2489,,,,,,,,,,,,,,,,,,,,,,,,,,,,,,,,,,,,,,,,,0.6899210810661316,0.45713233947753906,0.7473260164260864,0.6193583607673645,0.706434965133667,0.4302731156349182,0.4974687993526459,1.3526074886322021,1.013653039932251,0.3850352168083191,8.84259033203125,5.565066814422607,10.644319534301758,8.907047271728516,9.630552291870117,8.768136024475098,9.445842742919922,10.482105255126953,8.59000301361084,7.550234794616699,,,,,,,,,,,11.089491844177246,7.484852313995361,12.455658912658691,10.940215110778809,12.026402473449707,10.630359649658203,11.54127311706543,13.71654224395752,11.55760669708252,9.452516555786133,,,,,,,,,,,,,,,,,,,,,,,,,,,,,,,,,,,,,,,,
12,2494,,,,,,,,,,,,,,,,,,,,,,,,,,,,,,,,,,,,,,,,,0.3935270309448242,0.17496797442436218,0.8980981707572937,0.34323185682296753,0.27444708347320557,0.2260706126689911,0.2702292203903198,0.17414216697216034,0.5288271307945251,0.6517288684844971,6.825245380401611,3.7498748302459717,12.0147705078125,5.884488582611084,6.6961188316345215,6.409986972808838,6.663827419281006,4.222768306732178,6.276771545410156,9.508600234985352,,,,,,,,,,,8.411603927612305,4.630645751953125,13.65442943572998,8.144203186035156,7.4959893226623535,7.705448150634766,8.506226539611816,4.92164945602417,8.347955703735352,12.297892570495605,,,,,,,,,,,,,,,,,,,,,,,,,,,,,,,,,,,,,,,,
12,2499,,,,,,,,,,,,,,,,,,,,,,,,,,,,,,,,,,,,,,,,,0.36995014548301697,0.20714813470840454,0.8845605850219727,0.33769169449806213,0.23624099791049957,0.2760382890701294,0.5603257417678833,0.17649099230766296,0.3350861966609955,0.31596839427948,6.659067630767822,4.304651737213135,9.457663536071777,7.521831512451172,5.32310152053833,6.443527698516846,9.99265193939209,4.275031089782715,5.919687747955322,6.6934638023376465,,,,,,,,,,,8.283164978027344,5.038517475128174,13.551127433776855,8.078208923339844,6.954682350158691,8.514527320861816,12.248730659484863,4.954730033874512,6.6451005935668945,8.56286334991455,,,,,,,,,,,,,,,,,,,,,,,,,,,,,,,,,,,,,,,,
12,2504,,,,,,,,,,,,,,,,,,,,,,,,,,,,,,,,,,,,,,,,,0.26826027035713196,0.2273453176021576,0.5145590305328369,0.17952710390090942,0.31632548570632935,0.368002712726593,0.31677329540252686,0.08199160546064377,0.17566560208797455,0.2341521829366684,5.812048435211182,4.5193939208984375,8.450228691101074,4.305717468261719,5.790279865264893,8.061749458312988,7.205496311187744,2.8068764209747314,4.7919158935546875,6.376777172088623,,,,,,,,,,,7.128012180328369,5.278436183929443,10.33544635772705,5.8900628089904785,8.047606468200684,9.831083297729492,9.209692001342773,3.377096176147461,4.811346530914307,7.371337890625,,,,,,,,,,,,,,,,,,,,,,,,,,,,,,,,,,,,,,,,
12,2509,,,,,,,,,,,,,,,,,,,,,,,,,,,,,,,,,,,,,,,,,0.325324684381485,0.5543498992919922,0.24307167530059814,0.16448864340782166,0.29607096314430237,0.38569873571395874,0.12033327668905258,0.2435736060142517,0.464333176612854,0.45600229501724243,6.09867525100708,7.090227127075195,4.545344352722168,5.527791976928711,6.375800609588623,6.922824382781982,4.720608711242676,4.487222194671631,7.372371673583984,7.845885276794434,,,,,,,,,,,7.604500770568848,8.242410659790039,7.103606224060059,5.6379714012146,7.785697937011719,10.064680099487305,5.676278114318848,5.820681571960449,7.822366237640381,10.286809921264648,,,,,,,,,,,,,,,,,,,,,,,,,,,,,,,,,,,,,,,,
12,2514,,,,,,,,,,,,,,,,,,,,,,,,,,,,,,,,,,,,,,,,,0.2683968245983124,0.560371458530426,0.08671211451292038,0.2120538353919983,0.27978307008743286,0.5742255449295044,0.2379024475812912,0.2501060366630554,0.011668136343359947,0.20274880528450012,5.157618999481201,5.855821132659912,3.604660749435425,5.374652862548828,6.061180591583252,9.359352111816406,6.126741886138916,3.9535415172576904,0.8748984336853027,5.20772123336792,,,,,,,,,,,6.751004219055176,8.287055969238281,4.242790222167969,6.401444435119629,7.568510055541992,12.28053092956543,7.981237888336182,5.898218154907227,1.2400068044662476,6.859245300292969,,,,,,,,,,,,,,,,,,,,,,,,,,,,,,,,,,,,,,,,
12,2519,,,,,,,,,,,,,,,,,,,,,,,,,,,,,,,,,,,,,,,,,0.31046178936958313,0.3625379204750061,0.17513275146484375,0.3095639646053314,0.4237421452999115,0.48023316264152527,0.31112536787986755,0.27205246686935425,0.18765464425086975,0.2721136212348938,5.851447105407715,5.121144771575928,4.604536533355713,6.096782684326172,8.09376335144043,8.351175308227539,6.709068775177002,4.792160511016846,3.401822805404663,5.492568492889404,,,,,,,,,,,7.68585205078125,6.665596008300781,6.029694557189941,7.734461784362793,9.31430435180664,11.230572700500488,9.127219200134277,6.151556968688965,4.972822189331055,7.94643497467041,,,,,,,,,,,,,,,,,,,,,,,,,,,,,,,,,,,,,,,,
12,2524,,,,,,,,,,,,,,,,,,,,,,,,,,,,,,,,,,,,,,,,,0.5449727177619934,0.8880252838134766,0.88910973072052,0.41634780168533325,0.5840125679969788,0.9575232863426208,0.43869614601135254,0.20465777814388275,0.10215462744235992,0.4242269992828369,7.828543186187744,7.271533966064453,12.293622970581055,8.2288179397583,7.919373035430908,11.019052505493164,7.896735191345215,4.057825565338135,3.3527920246124268,8.41713809967041,,,,,,,,,,,9.949480056762695,10.432177543640137,13.585928916931152,8.969804763793945,10.934798240661621,15.858076095581055,10.838088989257812,5.335472106933594,3.669039011001587,9.921934127807617,,,,,,,,,,,,,,,,,,,,,,,,,,,,,,,,,,,,,,,,
12,2529,,,,,,,,,,,,,,,,,,,,,,,,,,,,,,,,,,,,,,,,,0.6228407025337219,0.809964120388031,0.1619829535484314,0.5278598666191101,0.6728335618972778,0.8513020873069763,0.4188425838947296,0.6453740000724792,1.127547025680542,0.3898595869541168,8.226390838623047,7.21321439743042,4.809404373168945,7.560924053192139,9.858275413513184,12.076950073242188,7.622951030731201,7.209677219390869,9.793453216552734,7.892663478851318,,,,,,,,,,,10.479696273803711,9.963114738464355,5.798910140991211,10.099833488464355,11.736902236938477,14.95263385772705,10.590005874633789,9.474678039550781,12.189632415771484,9.511550903320312,,,,,,,,,,,,,,,,,,,,,,,,,,,,,,,,,,,,,,,,
12,2534,,,,,,,,,,,,,,,,,,,,,,,,,,,,,,,,,,,,,,,,,0.3926495611667633,0.302469938993454,0.6816913485527039,0.28043675422668457,0.4085598886013031,0.33978796005249023,0.569432258605957,0.3731275498867035,0.3100522458553314,0.2682877779006958,6.554348468780518,4.795092582702637,7.57274055480957,5.222860336303711,6.589104175567627,6.767662525177002,10.009119987487793,5.845874786376953,5.953899383544922,6.23278284072876,,,,,,,,,,,8.641474723815918,6.088403224945068,11.896125793457031,7.361602306365967,9.145922660827637,9.446694374084473,12.347864151000977,7.204226493835449,6.392058372497559,7.89037561416626,,,,,,,,,,,,,,,,,,,,,,,,,,,,,,,,,,,,,,,,
12,2539,,,,,,,,,,,,,,,,,,,,,,,,,,,,,,,,,,,,,,,,,0.40755704045295715,0.7821670770645142,0.15595652163028717,0.1995989978313446,0.6916756629943848,0.5658673048019409,0.3321755826473236,0.2995997369289398,0.28214552998542786,0.35882678627967834,6.427445888519287,6.967373847961426,4.020576477050781,4.656900405883789,8.644868850708008,9.3601713180542,6.808649063110352,5.147571563720703,4.511194229125977,7.729704856872559,,,,,,,,,,,8.543489456176758,9.790661811828613,5.6900153160095215,6.210607528686523,11.900108337402344,12.190827369689941,9.430932998657227,6.455492973327637,6.097613334655762,9.125142097473145,,,,,,,,,,,,,,,,,,,,,,,,,,,,,,,,,,,,,,,,
12,2544,,,,,,,,,,,,,,,,,,,,,,,,,,,,,,,,,,,,,,,,,0.6372367739677429,0.4308038651943207,0.3115362823009491,0.19771011173725128,0.3494046628475189,0.5854244232177734,0.7112382650375366,1.0328094959259033,1.2480496168136597,0.8681541085243225,8.468318939208984,6.1814351081848145,6.596945762634277,6.022765159606934,7.1552581787109375,9.887176513671875,10.597015380859375,9.0272798538208,9.31616497039795,11.430826187133789,,,,,,,,,,,10.5723237991333,7.266111850738525,8.042035102844238,6.181150436401367,8.457928657531738,12.399703025817871,13.799976348876953,11.985848426818848,12.824463844299316,14.193699836730957,,,,,,,,,,,,,,,,,,,,,,,,,,,,,,,,,,,,,,,,
12,2549,,,,,,,,,,,,,,,,,,,,,,,,,,,,,,,,,,,,,,,,,0.30394354462623596,0.43425267934799194,0.14294859766960144,0.3121483623981476,0.1712799072265625,0.4441204071044922,0.313880056142807,0.407751202583313,0.295441597700119,0.2136688381433487,6.156409740447998,5.851621150970459,4.807659149169922,7.433516025543213,4.73698616027832,8.065603256225586,7.985894203186035,5.96367883682251,5.288161277770996,5.274567604064941,,,,,,,,,,,7.467888832092285,7.295138835906982,5.447555065155029,7.7666802406311035,5.921788215637207,10.80006217956543,9.167535781860352,7.531063556671143,6.239633560180664,7.0415425300598145,,,,,,,,,,,,,,,,,,,,,,,,,,,,,,,,,,,,,,,,
12,2554,,,,,,,,,,,,,,,,,,,,,,,,,,,,,,,,,,,,,,,,,0.2094566524028778,0.14304812252521515,0.13169686496257782,0.19116617739200592,0.18626540899276733,0.2379632145166397,0.14837123453617096,0.1212628111243248,0.4665337800979614,0.2588023245334625,4.971545696258545,3.58597731590271,4.28442907333374,5.011455535888672,4.539719581604004,6.250044822692871,5.088816165924072,3.2390520572662354,6.2780866622924805,6.466332912445068,,,,,,,,,,,6.175019264221191,4.1870036125183105,5.2287678718566895,6.077996253967285,6.17540979385376,7.905526638031006,6.302975654602051,4.1069793701171875,7.840880393981934,7.749636173248291,,,,,,,,,,,,,,,,,,,,,,,,,,,,,,,,,,,,,,,,
12,2559,,,,,,,,,,,,,,,,,,,,,,,,,,,,,,,,,,,,,,,,,0.6022961139678955,0.24892033636569977,1.957444190979004,0.20697647333145142,0.4551801383495331,0.38590553402900696,0.17244844138622284,0.819549560546875,0.5742995142936707,0.599940836429596,7.436187744140625,4.416499137878418,14.222846984863281,5.417035102844238,7.22368860244751,8.033485412597656,5.428153991699219,7.389848709106445,6.543492794036865,8.250636100769043,,,,,,,,,,,9.966415405273438,5.523221492767334,20.15841293334961,6.324343204498291,9.653645515441895,10.067378044128418,6.795171737670898,10.676928520202637,8.699463844299316,11.799168586730957,,,,,,,,,,,,,,,,,,,,,,,,,,,,,,,,,,,,,,,,
12,2564,,,,,,,,,,,,,,,,,,,,,,,,,,,,,,,,,,,,,,,,,0.4669138491153717,0.2391950786113739,0.3298093378543854,0.4125562608242035,0.20669975876808167,0.140417218208313,0.5605030059814453,1.2146798372268677,0.5906195044517517,0.5077446103096008,6.742640018463135,3.793952703475952,6.798127174377441,8.021306991577148,4.714998245239258,4.5983147621154785,8.988073348999023,8.398214340209961,7.038061618804932,8.332711219787598,,,,,,,,,,,8.902417182922363,5.41425085067749,8.27452564239502,8.928869247436523,6.505334377288818,6.072758674621582,12.2506685256958,12.998392105102539,8.822206497192383,10.854750633239746,,,,,,,,,,,,,,,,,,,,,,,,,,,,,,,,,,,,,,,,
12,2569,,,,,,,,,,,,,,,,,,,,,,,,,,,,,,,,,,,,,,,,,0.2902922034263611,0.22070832550525665,0.5238643884658813,0.26398324966430664,0.1171572357416153,0.4769430458545685,0.2975102365016937,0.3762103021144867,0.1594828963279724,0.17677028477191925,5.741233825683594,4.34714937210083,8.505070686340332,5.521306991577148,3.368155002593994,8.576674461364746,6.686612606048584,5.4561381340026855,4.442509174346924,4.767489910125732,,,,,,,,,,,7.33440637588501,5.200817584991455,10.428483009338379,7.14238166809082,4.897610664367676,11.192036628723145,8.925278663635254,7.233925819396973,4.584376811981201,6.404745101928711,,,,,,,,,,,,,,,,,,,,,,,,,,,,,,,,,,,,,,,,
12,2574,,,,,,,,,,,,,,,,,,,,,,,,,,,,,,,,,,,,,,,,,0.5720245838165283,0.6691006422042847,0.732176661491394,0.8398455381393433,0.7623517513275146,0.4060218930244446,0.4796222448348999,0.4940081536769867,0.4875018298625946,0.2775920331478119,8.289246559143066,7.707899570465088,9.223942756652832,9.618013381958008,9.698224067687988,8.444404602050781,8.807723045349121,7.833538055419922,6.520913124084473,6.748559474945068,,,,,,,,,,,10.2896089553833,9.055407524108887,12.328765869140625,12.739563941955566,12.493305206298828,10.326438903808594,11.332362174987793,8.289450645446777,8.015146255493164,8.026028633117676,,,,,,,,,,,,,,,,,,,,,,,,,,,,,,,,,,,,,,,,
12,2579,,,,,,,,,,,,,,,,,,,,,,,,,,,,,,,,,,,,,,,,,0.3598743975162506,0.4979933798313141,0.391628623008728,0.28502732515335083,0.4188472628593445,0.6240593194961548,0.21603697538375854,0.23089799284934998,0.2703934907913208,0.30398496985435486,6.094121932983398,4.688291072845459,5.792386054992676,6.239206314086914,7.904491424560547,8.185718536376953,6.153653621673584,3.9629788398742676,4.979485034942627,6.940882205963135,,,,,,,,,,,8.217137336730957,7.812211990356445,9.016725540161133,7.421609878540039,9.26035213470459,12.802324295043945,7.605624198913574,5.667203426361084,5.969272613525391,8.398916244506836,,,,,,,,,,,,,,,,,,,,,,,,,,,,,,,,,,,,,,,,
12,2584,,,,,,,,,,,,,,,,,,,,,,,,,,,,,,,,,,,,,,,,,0.3389860689640045,0.556247889995575,0.1402885615825653,0.2413618117570877,0.5453807711601257,0.5738892555236816,0.20298896729946136,0.5694329738616943,0.022386856377124786,0.1988973319530487,5.694722652435303,5.89335823059082,4.2297821044921875,6.2560505867004395,7.4799885749816895,8.872724533081055,5.759381294250488,5.591679573059082,1.7175915241241455,5.451947212219238,,,,,,,,,,,7.567784786224365,8.256508827209473,5.396632194519043,6.829504013061523,10.566946983337402,12.276932716369629,7.372367858886719,8.899796485900879,1.7175915241241455,6.793783187866211,,,,,,,,,,,,,,,,,,,,,,,,,,,,,,,,,,,,,,,,
12,2589,,,,,,,,,,,,,,,,,,,,,,,,,,,,,,,,,,,,,,,,,0.4797344207763672,0.2531515955924988,0.35113218426704407,0.3294490873813629,0.5021170973777771,0.3408885896205902,0.404904305934906,0.6095016598701477,1.0414643287658691,0.48500117659568787,7.469351291656494,4.207378387451172,6.810334205627441,6.9546308517456055,7.61610746383667,8.008820533752441,8.19830322265625,7.2380828857421875,9.971709251403809,8.218793869018555,,,,,,,,,,,9.292421340942383,5.5699663162231445,8.537818908691406,7.979010105133057,10.139163970947266,9.461980819702148,10.412307739257812,9.207594871520996,11.715085983276367,10.608857154846191,,,,,,,,,,,,,,,,,,,,,,,,,,,,,,,,,,,,,,,,
12,2594,,,,,,,,,,,,,,,,,,,,,,,,,,,,,,,,,,,,,,,,,0.5762485861778259,0.536813497543335,0.24435818195343018,0.7240468859672546,0.7889753580093384,0.42577338218688965,0.5700569152832031,0.6171864867210388,0.9195956587791443,0.3594312071800232,8.274168014526367,6.429095268249512,5.99645471572876,8.79848861694336,10.292628288269043,8.944330215454102,11.148591995239258,7.83017110824585,7.3033928871154785,7.724358558654785,,,,,,,,,,,10.234174728393555,8.110992431640625,7.122378826141357,11.82873249053955,12.70958423614502,10.574628829956055,12.354636192321777,9.265459060668945,11.00833797454834,9.132824897766113,,,,,,,,,,,,,,,,,,,,,,,,,,,,,,,,,,,,,,,,
12,2599,,,,,,,,,,,,,,,,,,,,,,,,,,,,,,,,,,,,,,,,,0.3575839102268219,0.476900577545166,0.1420307159423828,0.24470490217208862,0.20187844336032867,0.6548378467559814,0.3830125033855438,0.4025537073612213,0.3574782609939575,0.3548581898212433,6.26316499710083,5.198513507843018,4.2363152503967285,6.245733261108398,4.199302673339844,9.108868598937988,8.053976058959961,6.575538635253906,5.656109809875488,7.0941267013549805,,,,,,,,,,,8.115867614746094,7.644977569580078,5.430037021636963,6.876638889312744,6.429017543792725,13.114228248596191,10.126917839050293,7.482911586761475,6.86353874206543,9.074540138244629,,,,,,,,,,,,,,,,,,,,,,,,,,,,,,,,,,,,,,,,
12,2604,,,,,,,,,,,,,,,,,,,,,,,,,,,,,,,,,,,,,,,,,0.6310953497886658,0.9373505115509033,0.6527478694915771,0.3929809033870697,0.24917928874492645,0.5630033612251282,0.5397674441337585,0.46056389808654785,1.0594255924224854,0.8248395919799805,8.277913093566895,7.361171722412109,10.266685485839844,7.371030330657959,5.7500433921813965,10.468907356262207,9.670493125915527,6.259256362915039,7.512061595916748,9.841572761535645,,,,,,,,,,,10.672493934631348,10.717988014221191,11.64084243774414,8.714462280273438,7.142588138580322,12.159936904907227,12.021927833557129,8.003936767578125,11.815675735473633,13.835088729858398,,,,,,,,,,,,,,,,,,,,,,,,,,,,,,,,,,,,,,,,
12,2609,,,,,,,,,,,,,,,,,,,,,,,,,,,,,,,,,,,,,,,,,0.5054885745048523,0.2676243782043457,0.6695156097412109,0.2292969971895218,0.48942604660987854,0.42662155628204346,0.15314878523349762,0.910905659198761,1.097846508026123,0.3050116300582886,7.690554141998291,4.261023044586182,9.482772827148438,5.133840084075928,8.484858512878418,8.814709663391113,5.201079368591309,10.280550003051758,10.494316101074219,7.061835765838623,,,,,,,,,,,9.207714080810547,5.726972579956055,11.789408683776855,6.656625270843506,10.010210990905762,10.585156440734863,6.403649806976318,11.256293296813965,12.028018951416016,8.413087844848633,,,,,,,,,,,,,,,,,,,,,,,,,,,,,,,,,,,,,,,,
12,2614,,,,,,,,,,,,,,,,,,,,,,,,,,,,,,,,,,,,,,,,,0.23277340829372406,0.1282356083393097,0.37204834818840027,0.23909412324428558,0.17906497418880463,0.23528365790843964,0.20272056758403778,0.14094755053520203,0.39884427189826965,0.19872137904167175,5.1819682121276855,3.227626085281372,6.681622505187988,5.211330890655518,4.376631259918213,5.747204780578613,6.684550762176514,3.7561614513397217,5.846592903137207,5.105994701385498,,,,,,,,,,,6.589076519012451,3.9643008708953857,8.788431167602539,6.797345161437988,6.054871559143066,7.860890865325928,7.36749267578125,4.427794456481934,7.249782085418701,6.790778160095215,,,,,,,,,,,,,,,,,,,,,,,,,,,,,,,,,,,,,,,,
12,2619,,,,,,,,,,,,,,,,,,,,,,,,,,,,,,,,,,,,,,,,,0.564416229724884,0.8293846845626831,0.2781752943992615,0.26269325613975525,0.4369429051876068,0.7038239240646362,0.6174736022949219,0.6977576017379761,0.5222171545028687,0.731278121471405,7.595269203186035,7.251241683959961,5.272911071777344,5.163156986236572,7.709439754486084,8.973347663879395,10.223134994506836,6.863523006439209,6.597445964813232,10.303223609924316,,,,,,,,,,,10.21027946472168,10.081850051879883,7.599254131317139,7.124908924102783,9.458276748657227,13.59589672088623,12.858195304870605,9.851696014404297,8.29561996459961,13.026822090148926,,,,,,,,,,,,,,,,,,,,,,,,,,,,,,,,,,,,,,,,
12,2624,,,,,,,,,,,,,,,,,,,,,,,,,,,,,,,,,,,,,,,,,0.5350787043571472,0.601184606552124,0.4350961446762085,0.8707084655761719,0.2630189061164856,0.5723620653152466,0.546192467212677,0.62022864818573,0.5764623880386353,0.3304547667503357,7.617646217346191,7.061956882476807,5.606776714324951,10.167218208312988,6.148251533508301,9.856693267822266,9.314591407775879,7.4723615646362305,7.128955841064453,5.8020100593566895,,,,,,,,,,,9.945798873901367,8.583536148071289,9.503952980041504,12.971531867980957,7.338261127471924,12.260587692260742,12.093266487121582,9.288265228271484,8.71583080291748,8.7569580078125,,,,,,,,,,,,,,,,,,,,,,,,,,,,,,,,,,,,,,,,
12,2629,,,,,,,,,,,,,,,,,,,,,,,,,,,,,,,,,,,,,,,,,0.38394710421562195,0.5135378241539001,0.3543723523616791,0.194317027926445,0.3706095218658447,0.3212352693080902,0.5469397306442261,0.26192063093185425,0.5561108589172363,0.33648067712783813,7.189619541168213,6.962700366973877,8.233837127685547,5.574667453765869,7.407005310058594,7.580227375030518,9.182540893554688,4.211227893829346,8.041885375976562,7.512482643127441,,,,,,,,,,,8.45207405090332,7.933202266693115,8.577120780944824,6.127880573272705,8.710798263549805,9.185174942016602,12.101537704467773,6.0359206199646,8.560595512390137,8.83643913269043,,,,,,,,,,,,,,,,,,,,,,,,,,,,,,,,,,,,,,,,
12,2634,,,,,,,,,,,,,,,,,,,,,,,,,,,,,,,,,,,,,,,,,0.6018698215484619,0.32596930861473083,0.5095423460006714,0.6632745862007141,0.39132925868034363,0.7283104062080383,0.3560238182544708,0.2754057049751282,1.736533522605896,0.43043938279151917,8.37425708770752,4.798752307891846,8.188272476196289,9.444308280944824,7.2685699462890625,10.641261100769043,8.594381332397461,5.278675079345703,12.575305938720703,8.57878303527832,,,,,,,,,,,10.198102951049805,6.320487976074219,10.284940719604492,11.32143783569336,8.950984954833984,13.830379486083984,9.763607025146484,6.189352035522461,15.127420425415039,9.994319915771484,,,,,,,,,,,,,,,,,,,,,,,,,,,,,,,,,,,,,,,,
12,2639,,,,,,,,,,,,,,,,,,,,,,,,,,,,,,,,,,,,,,,,,0.25200557708740234,0.2889687418937683,0.1940295249223709,0.4239649772644043,0.08955009281635284,0.459157258272171,0.09407588839530945,0.17276453971862793,0.08218167722225189,0.4633573889732361,5.254661560058594,4.525003433227539,4.852315902709961,7.535158634185791,3.7002124786376953,8.473312377929688,4.341484546661377,3.24017333984375,2.5988078117370605,8.025486946105957,,,,,,,,,,,6.688191890716553,5.950969696044922,6.346665859222412,9.051486015319824,4.281861782073975,10.981371879577637,5.018916606903076,4.902143955230713,3.290870428085327,10.369438171386719,,,,,,,,,,,,,,,,,,,,,,,,,,,,,,,,,,,,,,,,
12,2644,,,,,,,,,,,,,,,,,,,,,,,,,,,,,,,,,,,,,,,,,0.520311176776886,0.15273705124855042,0.37893766164779663,0.19192712008953094,0.4113031029701233,1.1985273361206055,0.47723132371902466,0.9135099649429321,0.541891872882843,0.41673529148101807,7.567812442779541,3.734358310699463,6.442519187927246,4.968790054321289,7.081892013549805,13.83283519744873,8.974064826965332,7.945842742919922,7.474467754364014,7.655544281005859,,,,,,,,,,,9.673920631408691,4.326477527618408,8.869426727294922,6.090080738067627,9.176575660705566,17.74188804626465,11.304080963134766,11.27237319946289,8.450446128845215,9.833935737609863,,,,,,,,,,,,,,,,,,,,,,,,,,,,,,,,,,,,,,,,
12,2649,,,,,,,,,,,,,,,,,,,,,,,,,,,,,,,,,,,,,,,,,0.36378875374794006,0.665063738822937,0.4436323940753937,0.2608196437358856,0.5606667399406433,0.374388724565506,0.3318887948989868,0.2063288390636444,0.2286497801542282,0.20266005396842957,6.49021577835083,6.349165916442871,8.015422821044922,5.988934516906738,7.581940650939941,8.292959213256836,7.741264343261719,4.373149871826172,4.4803056716918945,5.588796138763428,,,,,,,,,,,8.165030479431152,9.02804946899414,9.596729278564453,7.099456310272217,10.714010238647461,9.916016578674316,9.426859855651855,5.357210159301758,5.489195346832275,6.8577446937561035,,,,,,,,,,,,,,,,,,,,,,,,,,,,,,,,,,,,,,,,
12,2654,,,,,,,,,,,,,,,,,,,,,,,,,,,,,,,,,,,,,,,,,0.402638703584671,0.32294976711273193,0.5303565859794617,0.3915822505950928,0.16337251663208008,0.6512032747268677,0.709119439125061,0.4142396152019501,0.19341282546520233,0.2475118637084961,6.955996036529541,5.455824375152588,7.8145599365234375,8.373137474060059,4.868058204650879,9.898890495300293,9.653254508972168,6.616586208343506,4.514336585998535,5.409317970275879,,,,,,,,,,,8.704627990722656,6.2911458015441895,10.492901802062988,8.698941230773926,5.7834792137146,13.07778263092041,13.77940559387207,7.590747833251953,5.048541069030762,7.578709125518799,,,,,,,,,,,,,,,,,,,,,,,,,,,,,,,,,,,,,,,,
12,2659,,,,,,,,,,,,,,,,,,,,,,,,,,,,,,,,,,,,,,,,,0.4226666986942291,0.3852328062057495,0.49447309970855713,0.41830262541770935,0.6886237263679504,0.3838106095790863,0.6188797950744629,0.1858537644147873,0.24459974467754364,0.38422417640686035,7.38834810256958,5.131960868835449,8.877323150634766,7.154973983764648,9.038077354431152,8.104979515075684,10.151936531066895,4.710300445556641,5.52462911605835,7.800954818725586,,,,,,,,,,,8.998302459716797,6.871062278747559,10.131715774536133,8.990838050842285,11.873824119567871,10.040014266967773,12.87282657623291,5.0844550132751465,5.677423477172852,9.442556381225586,,,,,,,,,,,,,,,,,,,,,,,,,,,,,,,,,,,,,,,,
12,2664,,,,,,,,,,,,,,,,,,,,,,,,,,,,,,,,,,,,,,,,,0.33280569314956665,0.3057352900505066,0.629642128944397,0.3861970603466034,0.5227307677268982,0.4499965310096741,0.26286131143569946,0.24210134148597717,0.20976878702640533,0.12270444631576538,6.710714817047119,4.701679229736328,10.030298233032227,7.594375133514404,10.148407936096191,7.753505229949951,6.28131103515625,5.344236850738525,3.984539270401001,4.668669700622559,,,,,,,,,,,8.212650299072266,6.12117862701416,11.432955741882324,8.638917922973633,10.345194816589355,10.8712739944458,8.3894624710083,5.803063869476318,5.257674694061279,5.336141586303711,,,,,,,,,,,,,,,,,,,,,,,,,,,,,,,,,,,,,,,,
12,2664,,,,,,,,,,,,,,,,,,,,,,,,,,,,,,,,,,,,,,,,,,,,,,,,,,,6.713413715362549,5.570906639099121,6.513011455535889,6.403477191925049,7.076184272766113,8.543404579162598,7.530737400054932,5.643260955810547,5.812175750732422,7.327561855316162,0.5683127641677856,0.5563206672668457,0.6069909334182739,0.6099478006362915,0.6025778651237488,0.5080826282501221,0.5885488986968994,0.5712250471115112,0.529655933380127,0.5414652228355408,8.981038093566895,7.487696647644043,8.755318641662598,8.59390926361084,9.504844665527344,11.392601013183594,10.016879081726074,7.575539588928223,7.87476110458374,9.62779712677002,0.528820276260376,0.7698014974594116,0.3692951202392578,0.5318182706832886,0.5303884148597717,0.4590797424316406,0.4726409316062927,0.4456706643104553,0.612753689289093,0.5703142881393433,7.636850833892822,7.287771701812744,7.084720611572266,7.787708282470703,7.710333347320557,8.704316139221191,8.156914710998535,6.290680408477783,6.613953590393066,9.095266342163086,0.29709315299987793,0.32564741373062134,0.2749321460723877,0.19851583242416382,0.32201945781707764,0.32059431076049805,0.1385454535484314,0.46020716428756714,0.27245599031448364,0.3609204888343811,9.838038444519043,9.666536331176758,9.008533477783203,9.957242965698242,10.132739067077637,10.861802101135254,10.983939170837402,8.033073425292969,8.321924209594727,11.57654857635498
13,2669,,,,,,,,,,,,,,,,,,,,,,,,,,,,,,,,,,,,,,,,,0.39925330877304077,0.5097826719284058,0.33733612298965454,0.3916114866733551,0.34653183817863464,0.3930366635322571,0.2710717022418976,0.41094017028808594,0.36447852849960327,0.5684908628463745,6.976452827453613,6.653436660766602,6.469015598297119,6.732470512390137,6.412210941314697,8.394801139831543,6.704934120178223,7.29455041885376,5.192643165588379,8.934012413024902,,,,,,,,,,,8.672329902648926,7.904143333435059,8.368412017822266,8.69926643371582,8.42308521270752,10.159969329833984,8.519475936889648,7.560456275939941,6.930416107177734,11.485739707946777,,,,,,,,,,,,,,,,,,,,,,,,,,,,,,,,,,,,,,,,
13,2674,,,,,,,,,,,,,,,,,,,,,,,,,,,,,,,,,,,,,,,,,0.5056986212730408,1.2106149196624756,0.18804247677326202,0.42284563183784485,0.9242570996284485,0.6126636862754822,0.1549147516489029,0.5210331678390503,0.14629468321800232,0.37062162160873413,7.015674591064453,9.089781761169434,5.176414966583252,6.554224491119385,10.655153274536133,10.292861938476562,3.9930663108825684,5.735403060913086,3.6592330932617188,7.9849324226379395,,,,,,,,,,,9.16970157623291,12.180505752563477,6.247980117797852,9.039529800415039,13.756123542785645,12.684896469116211,6.440464496612549,8.513172149658203,4.390738010406494,9.273904800415039,,,,,,,,,,,,,,,,,,,,,,,,,,,,,,,,,,,,,,,,
13,2679,,,,,,,,,,,,,,,,,,,,,,,,,,,,,,,,,,,,,,,,,0.512750506401062,0.6051206588745117,0.4112197160720825,0.18916785717010498,1.2165461778640747,0.4563885033130646,0.6574195623397827,0.3368816673755646,0.4267178475856781,0.31529316306114197,7.744510173797607,5.422575950622559,8.415467262268066,4.573232173919678,10.634003639221191,9.133637428283691,11.681565284729004,6.200953483581543,6.8089141845703125,6.830246448516846,,,,,,,,,,,9.643670082092285,8.611587524414062,9.239503860473633,6.046144962310791,15.78207015991211,10.948212623596191,13.26759147644043,6.8453779220581055,7.498832702636719,8.553709983825684,,,,,,,,,,,,,,,,,,,,,,,,,,,,,,,,,,,,,,,,
13,2684,,,,,,,,,,,,,,,,,,,,,,,,,,,,,,,,,,,,,,,,,0.3097093403339386,0.449302613735199,0.42576366662979126,0.088629350066185,0.32265639305114746,0.4457584321498871,0.33863380551338196,0.34166499972343445,0.2686588764190674,0.1063157320022583,5.659969329833984,6.394800186157227,6.775223731994629,3.3066444396972656,5.97467565536499,7.801232814788818,7.057856559753418,5.32111120223999,4.296817302703857,4.011363506317139,,,,,,,,,,,7.471250057220459,7.420475482940674,9.401473999023438,4.138506889343262,8.127738952636719,10.81995964050293,9.522171020507812,6.893804550170898,5.950094699859619,4.967020511627197,,,,,,,,,,,,,,,,,,,,,,,,,,,,,,,,,,,,,,,,
13,2689,,,,,,,,,,,,,,,,,,,,,,,,,,,,,,,,,,,,,,,,,0.4105786383152008,0.4631687104701996,0.27848321199417114,0.5242758989334106,0.26372629404067993,0.2799954116344452,0.7537773251533508,0.42628148198127747,0.406579852104187,0.29891929030418396,6.948849678039551,5.883055210113525,6.848326206207275,8.431970596313477,5.848609447479248,6.775253772735596,10.103229522705078,6.65648889541626,6.1222357749938965,5.870478630065918,,,,,,,,,,,8.742429733276367,7.534108638763428,7.603458404541016,10.0654878616333,7.348121643066406,8.575339317321777,14.206671714782715,7.700287342071533,7.31974983215332,8.328640937805176,,,,,,,,,,,,,,,,,,,,,,,,,,,,,,,,,,,,,,,,
13,2694,,,,,,,,,,,,,,,,,,,,,,,,,,,,,,,,,,,,,,,,,0.471062570810318,0.5235929489135742,0.3406207859516144,0.2235904186964035,0.4910160303115845,0.9646928310394287,0.42657431960105896,0.3301660120487213,0.42722445726394653,0.5120848417282104,7.42354154586792,5.84783935546875,6.517807960510254,5.195637226104736,8.103445053100586,11.654280662536621,7.8053765296936035,5.806514739990234,6.9829301834106445,8.898042678833008,,,,,,,,,,,9.422782897949219,8.010491371154785,8.409055709838867,6.573269844055176,10.026456832885742,15.917335510253906,10.68730354309082,6.776804447174072,7.5032830238342285,10.901044845581055,,,,,,,,,,,,,,,,,,,,,,,,,,,,,,,,,,,,,,,,
13,2699,,,,,,,,,,,,,,,,,,,,,,,,,,,,,,,,,,,,,,,,,0.7495614290237427,0.2659364342689514,0.9738718867301941,1.3808526992797852,0.47994017601013184,0.36952489614486694,0.29671162366867065,2.001192092895508,0.5282103419303894,0.4498128294944763,8.803980827331543,4.911484718322754,11.522782325744629,13.475116729736328,7.5149760246276855,7.579775810241699,7.391622066497803,13.206711769104004,5.274500370025635,8.358860969543457,,,,,,,,,,,11.131599426269531,5.708883762359619,14.21878719329834,16.33535385131836,9.912728309631348,9.851394653320312,8.913290023803711,16.684112548828125,8.343086242675781,10.216758728027344,,,,,,,,,,,,,,,,,,,,,,,,,,,,,,,,,,,,,,,,
13,2704,,,,,,,,,,,,,,,,,,,,,,,,,,,,,,,,,,,,,,,,,0.643973708152771,0.5748967528343201,0.7139980792999268,0.7850348949432373,0.39744657278060913,0.4603533446788788,0.8779748678207397,0.6441396474838257,0.791353166103363,0.5505660772323608,9.000028610229492,7.086897373199463,9.954764366149902,11.07414722442627,7.293777942657471,8.947478294372559,11.383590698242188,7.295077323913574,9.158594131469727,8.805927276611328,,,,,,,,,,,11.023881912231445,8.39377212524414,12.174753189086914,12.316841125488281,9.020674705505371,10.995665550231934,15.332460403442383,9.46561336517334,10.211945533752441,11.303213119506836,,,,,,,,,,,,,,,,,,,,,,,,,,,,,,,,,,,,,,,,
13,2709,,,,,,,,,,,,,,,,,,,,,,,,,,,,,,,,,,,,,,,,,0.4829164147377014,0.7157087922096252,0.7635453939437866,0.33821725845336914,0.6388441324234009,0.8438783884048462,0.3966624140739441,0.1347077637910843,0.2666241526603699,0.2480594515800476,7.3505096435546875,6.734568119049072,10.453516960144043,5.983821868896484,8.537755966186523,12.368182182312012,7.669572353363037,3.490196943283081,4.720486164093018,6.1964898109436035,,,,,,,,,,,9.390339851379395,9.365488052368164,12.590097427368164,8.084492683410645,11.436604499816895,14.88729476928711,10.305790901184082,4.328674793243408,5.927520275115967,7.587087631225586,,,,,,,,,,,,,,,,,,,,,,,,,,,,,,,,,,,,,,,,
13,2714,,,,,,,,,,,,,,,,,,,,,,,,,,,,,,,,,,,,,,,,,0.3813777267932892,0.5639955401420593,0.35056552290916443,0.5038475394248962,0.5541941523551941,0.35388922691345215,0.2569338381290436,0.2224254459142685,0.21648120880126953,0.41006720066070557,7.450146198272705,7.2622785568237305,6.408902168273926,8.677215576171875,9.640876770019531,8.609448432922363,7.522773265838623,5.562256336212158,5.119176387786865,8.24838924407959,,,,,,,,,,,8.439727783203125,8.313810348510742,8.530927658081055,9.867438316345215,10.651987075805664,9.640721321105957,8.294332504272461,5.562256336212158,5.341132640838623,9.754941940307617,,,,,,,,,,,,,,,,,,,,,,,,,,,,,,,,,,,,,,,,
13,2719,,,,,,,,,,,,,,,,,,,,,,,,,,,,,,,,,,,,,,,,,0.5713594555854797,0.7726002931594849,0.27001047134399414,0.770781397819519,0.5974962711334229,0.8271893262863159,0.5399945974349976,0.38416242599487305,0.6515170335769653,0.32848283648490906,8.236944198608398,8.079084396362305,6.260352611541748,9.658251762390137,9.970788955688477,9.881669044494629,8.932638168334961,6.359860420227051,7.370684623718262,7.619170665740967,,,,,,,,,,,10.28364086151123,9.73060131072998,7.486898899078369,12.204513549804688,11.060308456420898,14.739350318908691,12.024458885192871,7.309979438781738,9.265869140625,8.730790138244629,,,,,,,,,,,,,,,,,,,,,,,,,,,,,,,,,,,,,,,,
13,2724,,,,,,,,,,,,,,,,,,,,,,,,,,,,,,,,,,,,,,,,,0.23238900303840637,0.12846729159355164,0.04705847427248955,0.11896433681249619,0.21853607892990112,0.19037896394729614,0.2587548494338989,0.2578337490558624,0.5202651023864746,0.3512420654296875,5.0112810134887695,2.9784276485443115,2.7402663230895996,4.2183518409729,5.721401691436768,5.244664669036865,6.222947120666504,4.066472053527832,6.472986698150635,7.436011791229248,,,,,,,,,,,6.36320686340332,3.9678800106048584,3.125579595565796,4.79472017288208,6.689000606536865,7.071073532104492,8.323673248291016,5.988646030426025,8.28010082244873,9.028185844421387,,,,,,,,,,,,,,,,,,,,,,,,,,,,,,,,,,,,,,,,
13,2729,,,,,,,,,,,,,,,,,,,,,,,,,,,,,,,,,,,,,,,,,0.45992034673690796,0.38115420937538147,0.4692685902118683,0.4328342080116272,0.2712301015853882,0.4045852720737457,0.1956108957529068,0.8792161345481873,0.6927196383476257,0.41266438364982605,7.243377685546875,4.957578182220459,6.941333293914795,6.861439228057861,5.76854133605957,8.226288795471191,5.847710609436035,9.709930419921875,8.439746856689453,8.437830924987793,,,,,,,,,,,9.027392387390137,6.834592342376709,9.870119094848633,9.145672798156738,7.451927185058594,10.308154106140137,7.237146377563477,11.058762550354004,9.554369926452637,9.785784721374512,,,,,,,,,,,,,,,,,,,,,,,,,,,,,,,,,,,,,,,,
13,2734,,,,,,,,,,,,,,,,,,,,,,,,,,,,,,,,,,,,,,,,,0.32895079255104065,0.2160886526107788,0.21526944637298584,0.2958035469055176,0.35318541526794434,0.4308049976825714,0.6113303899765015,0.39206305146217346,0.3862699866294861,0.05974152684211731,5.86181116104126,4.31964111328125,4.534384250640869,6.046781063079834,5.8822455406188965,8.16820240020752,9.110963821411133,5.9661054611206055,5.558418273925781,3.169553756713867,,,,,,,,,,,7.729888916015625,5.1461005210876465,6.685022354125977,7.560605049133301,8.503564834594727,10.636927604675293,12.794072151184082,7.384764671325684,7.134585380554199,3.723362684249878,,,,,,,,,,,,,,,,,,,,,,,,,,,,,,,,,,,,,,,,
13,2739,,,,,,,,,,,,,,,,,,,,,,,,,,,,,,,,,,,,,,,,,0.5455378293991089,0.45419076085090637,0.2817842960357666,0.8814772367477417,0.5757600665092468,0.7835856676101685,0.6342048048973083,0.41484981775283813,0.3831954896450043,0.5007927417755127,7.7992095947265625,6.258981227874756,5.710179328918457,10.642216682434082,7.799597263336182,11.432499885559082,9.499127388000488,5.515773773193359,5.81606388092041,7.518444538116455,,,,,,,,,,,10.208599090576172,7.460731029510498,7.648390769958496,13.051501274108887,10.857264518737793,14.345611572265625,13.031233787536621,7.596335411071777,7.106135368347168,10.78018569946289,,,,,,,,,,,,,,,,,,,,,,,,,,,,,,,,,,,,,,,,
13,2744,,,,,,,,,,,,,,,,,,,,,,,,,,,,,,,,,,,,,,,,,0.776446521282196,1.8140918016433716,0.12889617681503296,0.6120115518569946,1.4418598413467407,0.3843066394329071,0.492615282535553,0.34547725319862366,1.2645463943481445,0.5042138695716858,8.392308235168457,9.72861385345459,4.196611404418945,7.44743537902832,13.919739723205566,8.3108549118042,9.136418342590332,6.141415119171143,8.386364936828613,8.263324737548828,,,,,,,,,,,11.147708892822266,14.910489082336426,5.1728715896606445,10.875136375427246,17.181503295898438,10.046500205993652,11.484834671020508,6.93215799331665,12.908943176269531,10.81694507598877,,,,,,,,,,,,,,,,,,,,,,,,,,,,,,,,,,,,,,,,
13,2749,,,,,,,,,,,,,,,,,,,,,,,,,,,,,,,,,,,,,,,,,0.26659324765205383,0.17904774844646454,0.13459402322769165,0.24672649800777435,0.29049593210220337,0.9333900213241577,0.2817409038543701,0.13732320070266724,0.10582318156957626,0.0901978462934494,5.403027534484863,3.883709192276001,4.011410236358643,5.955471992492676,6.407718181610107,10.868785858154297,7.237091064453125,3.7710964679718018,2.587153196334839,3.9048125743865967,,,,,,,,,,,6.84552001953125,4.684321403503418,5.285967826843262,6.9049859046936035,7.712046146392822,15.656961441040039,8.685518264770508,4.370495319366455,3.7343385219573975,4.57504415512085,,,,,,,,,,,,,,,,,,,,,,,,,,,,,,,,,,,,,,,,
13,2754,,,,,,,,,,,,,,,,,,,,,,,,,,,,,,,,,,,,,,,,,0.6255806088447571,0.26130205392837524,0.6290438771247864,0.8297144174575806,0.4629042446613312,0.6248189210891724,0.5261808633804321,0.7957051992416382,0.8819169402122498,0.6186389923095703,8.413777351379395,4.758315563201904,8.518810272216797,9.624136924743652,6.5877604484558105,10.081109046936035,8.77228832244873,8.50544548034668,8.489274978637695,10.38685417175293,,,,,,,,,,,10.827385902404785,5.658921718597412,11.427523612976074,12.662492752075195,9.735207557678223,12.810112953186035,11.869661331176758,10.520462036132812,10.780455589294434,11.98162841796875,,,,,,,,,,,,,,,,,,,,,,,,,,,,,,,,,,,,,,,,
13,2759,,,,,,,,,,,,,,,,,,,,,,,,,,,,,,,,,,,,,,,,,0.4220322370529175,0.8985916376113892,0.19168609380722046,0.16118936240673065,0.7197369337081909,0.5269913077354431,0.5795584917068481,0.1179332360625267,0.21322336792945862,0.3893795609474182,7.03218412399292,8.387655258178711,5.351338863372803,4.936610698699951,9.928767204284668,9.080989837646484,10.253650665283203,3.6512844562530518,4.4316725730896,7.267688751220703,,,,,,,,,,,8.622333526611328,10.494057655334473,6.308221817016602,5.581141471862793,12.1391019821167,11.76461124420166,12.457171440124512,4.050203323364258,5.300790786743164,9.505693435668945,,,,,,,,,,,,,,,,,,,,,,,,,,,,,,,,,,,,,,,,
13,2764,,,,,,,,,,,,,,,,,,,,,,,,,,,,,,,,,,,,,,,,,0.8330237865447998,0.9709179401397705,0.4950098693370819,1.013755202293396,0.6367222666740417,0.6988416314125061,0.3821028470993042,1.0574803352355957,1.4127628803253174,0.8296207785606384,8.512046813964844,7.959859848022461,7.011967658996582,9.878314018249512,9.70498275756836,10.114825248718262,5.8672919273376465,9.090360641479492,8.366202354431152,8.614615440368652,,,,,,,,,,,12.196661949157715,10.908211708068848,10.137212753295898,13.996563911437988,11.417596817016602,13.547689437866211,10.114884376525879,12.128158569335938,13.644510269165039,13.875128746032715,,,,,,,,,,,,,,,,,,,,,,,,,,,,,,,,,,,,,,,,
13,2769,,,,,,,,,,,,,,,,,,,,,,,,,,,,,,,,,,,,,,,,,0.5289148092269897,0.7210166454315186,0.612144410610199,0.45162174105644226,0.5971514582633972,0.7876688241958618,0.4164105951786041,0.45868349075317383,0.38602614402770996,0.329509973526001,7.865697383880615,6.357597827911377,8.562006950378418,7.674864768981934,8.281210899353027,9.950223922729492,8.970190048217773,7.740350723266602,6.466540336608887,6.78829288482666,,,,,,,,,,,9.986533164978027,9.400153160095215,11.272974967956543,9.342052459716797,11.05711841583252,14.382941246032715,10.559216499328613,7.987581253051758,7.132333755493164,8.744429588317871,,,,,,,,,,,,,,,,,,,,,,,,,,,,,,,,,,,,,,,,
13,2774,,,,,,,,,,,,,,,,,,,,,,,,,,,,,,,,,,,,,,,,,0.23224560916423798,0.2953110635280609,0.4352213442325592,0.03752443939447403,0.14977560937404633,0.18328626453876495,0.32436200976371765,0.16189995408058167,0.16293297708034515,0.3398967981338501,5.359068393707275,4.503041744232178,8.156882286071777,2.0851669311523438,5.037836074829102,5.607873439788818,7.4663472175598145,3.9323737621307373,3.9561798572540283,7.4859161376953125,,,,,,,,,,,6.474390506744385,6.015920639038086,9.505319595336914,2.6928489208221436,5.5375823974609375,6.938104152679443,9.319354057312012,4.7455010414123535,4.633697986602783,8.881181716918945,,,,,,,,,,,,,,,,,,,,,,,,,,,,,,,,,,,,,,,,
13,2779,,,,,,,,,,,,,,,,,,,,,,,,,,,,,,,,,,,,,,,,,0.49337542057037354,0.22256171703338623,0.21847279369831085,0.23885665833950043,0.26914364099502563,0.9959059357643127,0.6544095873832703,0.4054870009422302,0.9992066025733948,0.4363347887992859,7.27167272567749,3.617910385131836,6.110203742980957,5.548007011413574,5.636849403381348,13.290033340454102,10.645071983337402,5.298809051513672,8.192499160766602,7.1056718826293945,,,,,,,,,,,9.40355110168457,5.222609043121338,6.734577178955078,6.793968677520752,7.4232096672058105,16.172792434692383,13.237184524536133,7.510125637054443,11.474954605102539,10.062528610229492,,,,,,,,,,,,,,,,,,,,,,,,,,,,,,,,,,,,,,,,
13,2784,,,,,,,,,,,,,,,,,,,,,,,,,,,,,,,,,,,,,,,,,0.342951238155365,0.21797122061252594,0.08805161714553833,0.27060016989707947,0.2039407342672348,1.0363399982452393,0.32087212800979614,0.43863874673843384,0.11395864188671112,0.3961879014968872,6.078821182250977,4.279097557067871,3.1435205936431885,5.832987308502197,5.467512607574463,9.643732070922852,8.045662879943848,6.733237266540527,3.395869493484497,8.167767524719238,,,,,,,,,,,7.797632694244385,5.168468475341797,4.275435447692871,7.231342792510986,6.461772441864014,16.497835159301758,9.269083023071289,7.811100006103516,3.8752248287200928,9.5884370803833,,,,,,,,,,,,,,,,,,,,,,,,,,,,,,,,,,,,,,,,
13,2789,,,,,,,,,,,,,,,,,,,,,,,,,,,,,,,,,,,,,,,,,0.42466655373573303,0.5028351545333862,0.34758567810058594,0.4103708863258362,0.24954117834568024,0.8743122816085815,0.5209625959396362,0.2681659460067749,0.39245110750198364,0.25577419996261597,6.9253830909729,4.87927770614624,6.503448009490967,6.443549633026123,5.845466136932373,11.795133590698242,9.808930397033691,4.755209922790527,6.037392616271973,6.260037422180176,,,,,,,,,,,8.92941665649414,7.85009765625,8.494593620300293,8.905189514160156,7.147772789001465,15.153367042541504,11.810657501220703,6.107458114624023,7.191443920135498,7.704165458679199,,,,,,,,,,,,,,,,,,,,,,,,,,,,,,,,,,,,,,,,
13,2794,,,,,,,,,,,,,,,,,,,,,,,,,,,,,,,,,,,,,,,,,0.6289082169532776,0.3258272707462311,0.3791818618774414,0.4277944564819336,0.30402907729148865,0.2331998199224472,0.2871558964252472,1.1098453998565674,1.414539098739624,1.1786012649536133,8.20890998840332,5.129763126373291,7.865651607513428,7.502240180969238,6.703169345855713,6.391312599182129,6.963745594024658,10.964524269104004,11.808154106140137,10.551630973815918,,,,,,,,,,,10.153745651245117,6.319110870361328,8.872283935546875,9.092273712158203,7.8896403312683105,7.826002597808838,8.768588066101074,12.424816131591797,13.653084754943848,16.53791046142578,,,,,,,,,,,,,,,,,,,,,,,,,,,,,,,,,,,,,,,,
13,2799,,,,,,,,,,,,,,,,,,,,,,,,,,,,,,,,,,,,,,,,,0.31913015246391296,0.178216814994812,0.533029317855835,0.2342953234910965,0.2730201780796051,0.3208073079586029,0.6333723664283752,0.05515078455209732,0.057864535599946976,0.5864146947860718,5.930300712585449,3.852651357650757,7.783855438232422,5.409646034240723,6.150372505187988,7.0308756828308105,10.306939125061035,2.5165867805480957,2.537677049636841,7.784102916717529,,,,,,,,,,,7.64402961730957,4.6734395027160645,10.519309043884277,6.728785991668701,7.476477146148682,9.179055213928223,13.022680282592773,2.76971173286438,2.761401414871216,11.665399551391602,,,,,,,,,,,,,,,,,,,,,,,,,,,,,,,,,,,,,,,,
13,2804,,,,,,,,,,,,,,,,,,,,,,,,,,,,,,,,,,,,,,,,,0.18079212307929993,0.1988520324230194,0.523894190788269,0.11173173040151596,0.1341804563999176,0.1420806646347046,0.13005410134792328,0.03828512504696846,0.18382218480110168,0.164228618144989,4.697609901428223,4.2372894287109375,9.341569900512695,3.9772369861602783,3.7190871238708496,4.829007625579834,4.46383810043335,1.9413073062896729,4.920807361602783,4.8483428955078125,,,,,,,,,,,5.629549980163574,4.9365925788879395,10.428778648376465,4.646684646606445,5.241364002227783,6.108623504638672,5.901097774505615,2.3076701164245605,4.921780586242676,6.173360347747803,,,,,,,,,,,,,,,,,,,,,,,,,,,,,,,,,,,,,,,,
13,2809,,,,,,,,,,,,,,,,,,,,,,,,,,,,,,,,,,,,,,,,,0.5565686225891113,1.0572553873062134,0.7850006818771362,0.3096495568752289,0.7794158458709717,0.6965422630310059,0.5284649133682251,0.11204443871974945,0.25740259885787964,0.4833418130874634,7.96793794631958,8.387396812438965,9.743756294250488,6.733400821685791,9.559037208557129,10.778919219970703,10.096579551696777,3.741605520248413,4.025542736053467,8.645200729370117,,,,,,,,,,,10.03332233428955,11.382881164550781,12.76576042175293,7.735530853271484,12.632352828979492,13.525382995605469,11.895395278930664,3.9477884769439697,5.824112415313721,10.590693473815918,,,,,,,,,,,,,,,,,,,,,,,,,,,,,,,,,,,,,,,,
13,2814,,,,,,,,,,,,,,,,,,,,,,,,,,,,,,,,,,,,,,,,,0.2365344613790512,0.3888464570045471,0.02362997457385063,0.14181548357009888,0.15136796236038208,0.4572954475879669,0.3355371057987213,0.23873375356197357,0.15160760283470154,0.2399764209985733,5.163565158843994,6.0338215827941895,1.5549627542495728,4.558732509613037,4.463790416717529,7.952486991882324,7.885735034942627,4.45941162109375,4.005383014678955,5.5577592849731445,,,,,,,,,,,6.450265407562256,6.903213977813721,2.2148444652557373,5.235000133514404,5.566941261291504,10.959085464477539,9.478531837463379,5.762562274932861,4.469755172729492,7.462450981140137,,,,,,,,,,,,,,,,,,,,,,,,,,,,,,,,,,,,,,,,
13,2819,,,,,,,,,,,,,,,,,,,,,,,,,,,,,,,,,,,,,,,,,0.4609505236148834,0.5836017727851868,0.3024830222129822,0.2357322871685028,0.3777749836444855,0.7555888295173645,0.32678064703941345,0.15707817673683167,1.174367904663086,0.23514743149280548,6.419082164764404,6.4649658203125,5.441044330596924,4.432613372802734,7.1581034660339355,9.60569953918457,7.33483362197876,3.626878261566162,8.478610038757324,5.228991508483887,,,,,,,,,,,8.87420654296875,8.45708179473877,7.924322605133057,6.749388694763184,8.79460334777832,14.08700180053711,9.354034423828125,4.674300670623779,12.440142631530762,7.38698673248291,,,,,,,,,,,,,,,,,,,,,,,,,,,,,,,,,,,,,,,,
13,2824,,,,,,,,,,,,,,,,,,,,,,,,,,,,,,,,,,,,,,,,,0.34216681122779846,0.22516481578350067,0.10813675075769424,1.3229619264602661,0.2444809228181839,0.4749568700790405,0.19729360938072205,0.16768130660057068,0.09262748062610626,0.24619776010513306,5.619701862335205,4.101871967315674,4.267932891845703,11.159242630004883,5.661128997802734,8.585599899291992,5.5197014808654785,3.138336181640625,2.8731191158294678,5.270387172698975,,,,,,,,,,,7.486002445220947,5.253061771392822,4.738035202026367,15.989266395568848,7.074929714202881,11.168707847595215,7.268207550048828,4.829487323760986,3.493760824203491,7.558563232421875,,,,,,,,,,,,,,,,,,,,,,,,,,,,,,,,,,,,,,,,
13,2829,,,,,,,,,,,,,,,,,,,,,,,,,,,,,,,,,,,,,,,,,0.37008094787597656,0.9599385857582092,0.12056833505630493,0.3060815632343292,0.4486697018146515,0.49434947967529297,0.22548873722553253,0.5241408348083496,0.09816126525402069,0.1533299684524536,6.197242736816406,7.780395984649658,4.253551483154297,5.5109357833862305,7.980726718902588,9.131810188293457,6.566121578216553,7.519414901733398,2.481735944747925,4.550489902496338,,,,,,,,,,,7.821035861968994,10.846359252929688,5.002974510192871,7.6908345222473145,9.584359169006348,11.394437789916992,7.770218849182129,8.538522720336914,3.5966100692749023,5.9650044441223145,,,,,,,,,,,,,,,,,,,,,,,,,,,,,,,,,,,,,,,,
13,2834,,,,,,,,,,,,,,,,,,,,,,,,,,,,,,,,,,,,,,,,,0.4058097302913666,0.7110289931297302,0.4394538998603821,0.1717957705259323,0.8570371270179749,0.30580294132232666,0.15008018910884857,0.21179938316345215,0.43880409002304077,0.366485059261322,6.6325531005859375,6.761401176452637,7.573763847351074,4.881746292114258,9.97323226928711,6.74078893661499,5.126332759857178,4.556786060333252,6.837169647216797,7.24175500869751,,,,,,,,,,,8.383288383483887,9.334819793701172,9.551427841186523,5.761838436126709,13.246448516845703,8.961830139160156,6.339171409606934,5.427764892578125,7.6042890548706055,9.222003936767578,,,,,,,,,,,,,,,,,,,,,,,,,,,,,,,,,,,,,,,,
13,2839,,,,,,,,,,,,,,,,,,,,,,,,,,,,,,,,,,,,,,,,,0.22815053164958954,0.36859461665153503,0.25601035356521606,0.11955052614212036,0.2549425959587097,0.13686764240264893,0.1741752326488495,0.12630446255207062,0.3549046516418457,0.2620047926902771,5.2384934425354,5.727775573730469,5.905119895935059,4.186890602111816,5.84851598739624,4.2703423500061035,5.327669620513916,3.959775447845459,5.653057098388672,6.2672953605651855,,,,,,,,,,,6.410536289215088,6.721044540405273,7.290215969085693,4.806518077850342,7.224716663360596,5.995511531829834,6.829108238220215,4.191486835479736,6.838788032531738,7.797436237335205,,,,,,,,,,,,,,,,,,,,,,,,,,,,,,,,,,,,,,,,
13,2844,,,,,,,,,,,,,,,,,,,,,,,,,,,,,,,,,,,,,,,,,0.3538118600845337,0.5610411763191223,0.3011849522590637,0.35769137740135193,0.38635343313217163,0.256246954202652,0.3749249577522278,0.3542323410511017,0.3785257637500763,0.2141057699918747,6.440858364105225,6.937137126922607,6.199625015258789,6.663032054901123,7.090108871459961,5.464574813842773,7.822314262390137,6.022061347961426,5.988260269165039,5.780611038208008,,,,,,,,,,,8.084568977355957,8.29200553894043,7.907301425933838,8.313982963562012,8.893895149230957,8.203614234924316,10.019429206848145,7.01944637298584,7.062704086303711,7.048738479614258,,,,,,,,,,,,,,,,,,,,,,,,,,,,,,,,,,,,,,,,
13,2849,,,,,,,,,,,,,,,,,,,,,,,,,,,,,,,,,,,,,,,,,0.2509273588657379,0.42289456725120544,0.13688497245311737,0.1377139687538147,0.39687734842300415,0.4031403660774231,0.17524293065071106,0.19804590940475464,0.01583791896700859,0.3717082142829895,5.276320934295654,5.742011547088623,4.035381317138672,4.206368446350098,6.813830852508545,8.54463005065918,4.749943256378174,4.462779998779297,1.3152201175689697,7.616724967956543,,,,,,,,,,,6.647034645080566,7.19910192489624,5.330765724182129,5.158742427825928,9.014211654663086,10.289730072021484,6.850007057189941,5.248578071594238,1.4446823596954346,9.28748893737793,,,,,,,,,,,,,,,,,,,,,,,,,,,,,,,,,,,,,,,,
13,2854,,,,,,,,,,,,,,,,,,,,,,,,,,,,,,,,,,,,,,,,,0.2298324853181839,0.1059093326330185,0.21885883808135986,0.2431810349225998,0.30512291193008423,0.29462695121765137,0.2145663946866989,0.10498984158039093,0.17269942164421082,0.40853777527809143,5.140684127807617,2.8564834594726562,5.258610725402832,5.207697868347168,6.350645065307617,7.489098072052002,5.70949649810791,2.9279913902282715,3.9052042961120605,6.560929298400879,,,,,,,,,,,6.645251274108887,3.602710485458374,6.7405242919921875,6.855194091796875,7.903820514678955,8.796545028686523,7.579693794250488,3.821486473083496,4.770553112030029,9.736734390258789,,,,,,,,,,,,,,,,,,,,,,,,,,,,,,,,,,,,,,,,
13,2859,,,,,,,,,,,,,,,,,,,,,,,,,,,,,,,,,,,,,,,,,0.4271281957626343,0.8016031384468079,0.2729833126068115,0.2799823582172394,0.42117631435394287,0.3397062122821808,0.39736953377723694,0.37615376710891724,0.4052732586860657,0.5499058961868286,7.257724285125732,8.0077486038208,6.0188117027282715,5.817480087280273,7.61818790435791,8.017166137695312,8.418017387390137,5.872386932373047,6.282496929168701,9.267220497131348,,,,,,,,,,,8.853286743164062,9.91156005859375,7.52800178527832,7.355635643005371,9.286062240600586,9.445557594299316,10.314972877502441,7.233382701873779,7.30797815322876,11.29643440246582,,,,,,,,,,,,,,,,,,,,,,,,,,,,,,,,,,,,,,,,
13,2864,,,,,,,,,,,,,,,,,,,,,,,,,,,,,,,,,,,,,,,,,0.2773009240627289,0.26853519678115845,0.1482292115688324,0.0812378078699112,0.16571633517742157,0.23396694660186768,0.1346510499715805,0.3111790418624878,0.7577532529830933,0.3944394886493683,5.588396072387695,4.55602502822876,3.9792380332946777,3.306248903274536,5.322086334228516,6.72121000289917,4.989609241485596,5.26195764541626,7.960696697235107,8.198493003845215,,,,,,,,,,,6.783714294433594,5.7367095947265625,5.547260284423828,3.9621782302856445,5.824817180633545,7.838863849639893,6.004483699798584,6.5790605545043945,9.992799758911133,9.567255973815918,,,,,,,,,,,,,,,,,,,,,,,,,,,,,,,,,,,,,,,,
13,2869,,,,,,,,,,,,,,,,,,,,,,,,,,,,,,,,,,,,,,,,,0.3729032278060913,0.5958985090255737,0.09227949380874634,0.01716277003288269,1.6188488006591797,0.30097150802612305,0.1752868890762329,0.23011857271194458,0.11575630307197571,0.20980608463287354,6.284470558166504,8.399279594421387,4.376875877380371,1.8190727233886719,11.831840515136719,8.867271423339844,6.6287102699279785,4.876256942749023,3.905670642852783,5.855258941650391,,,,,,,,,,,7.247975826263428,8.54571533203125,4.376875877380371,1.8211617469787598,18.205507278442383,8.890752792358398,6.850866794586182,5.657630443572998,3.905670642852783,6.977603435516357,,,,,,,,,,,,,,,,,,,,,,,,,,,,,,,,,,,,,,,,
13,2869,,,,,,,,,,,,,,,,,,,,,,,,,,,,,,,,,,,,,,,,,,,,,,,,,,,6.724522590637207,5.533261775970459,6.533560752868652,6.3555097579956055,7.106522560119629,8.582680702209473,7.48829984664917,5.730198860168457,5.8751139640808105,7.315556526184082,0.5680702328681946,0.5576856136322021,0.609686017036438,0.610714316368103,0.60044264793396,0.5049199461936951,0.5915584564208984,0.5650551319122314,0.5307914614677429,0.5417789220809937,8.98290729522705,7.476171493530273,8.725247383117676,8.58545970916748,9.530343055725098,11.42916488647461,9.980177879333496,7.629849910736084,7.865248680114746,9.624505043029785,0.5421679615974426,0.8708657026290894,0.39089256525039673,0.5206890106201172,0.5463731288909912,0.5153526067733765,0.5081585049629211,0.4181918203830719,0.5559326410293579,0.5593700408935547,7.736146926879883,7.8022236824035645,7.0283203125,7.774656295776367,7.865076065063477,9.338011741638184,8.535002708435059,6.117374420166016,6.203738689422607,8.960912704467773,0.26767435669898987,0.23248839378356934,0.19500410556793213,0.19627469778060913,0.3021659851074219,0.23431318998336792,0.06691300868988037,0.47202247381210327,0.3393523693084717,0.3705347776412964,10.042468070983887,10.312639236450195,9.492084503173828,9.971155166625977,10.280028343200684,11.530890464782715,11.43149471282959,7.944670677185059,7.930107593536377,11.489139556884766
14,2874,,,,,,,,,,,,,,,,,,,,,,,,,,,,,,,,,,,,,,,,,0.3523407280445099,0.6898226737976074,0.04142053797841072,0.5470409989356995,0.11795295774936676,0.6540628671646118,0.3177488446235657,0.2826457619667053,0.2905382513999939,0.2298336774110794,5.855317115783691,7.082813262939453,2.5020346641540527,7.202523708343506,3.79392147064209,9.38123893737793,6.761571884155273,5.115572929382324,5.056028842926025,5.802148342132568,,,,,,,,,,,7.712671279907227,9.194561004638672,2.932375431060791,10.281697273254395,4.914214134216309,13.106466293334961,9.223861694335938,6.27017879486084,6.187639236450195,7.303045749664307,,,,,,,,,,,,,,,,,,,,,,,,,,,,,,,,,,,,,,,,
14,2879,,,,,,,,,,,,,,,,,,,,,,,,,,,,,,,,,,,,,,,,,0.562641978263855,0.7387077808380127,1.026773452758789,0.9125091433525085,0.5332173705101013,1.0686126947402954,0.20904962718486786,0.15641720592975616,0.07552066445350647,0.3429698646068573,8.002537727355957,7.125256538391113,12.881311416625977,9.805296897888184,8.49053955078125,13.30939769744873,6.474525451660156,3.657053232192993,3.09294056892395,7.186511516571045,,,,,,,,,,,9.868565559387207,9.514777183532715,14.599870681762695,13.27924919128418,10.44844913482666,16.75274658203125,7.481617450714111,4.664455413818359,3.154686212539673,8.921238899230957,,,,,,,,,,,,,,,,,,,,,,,,,,,,,,,,,,,,,,,,
14,2884,,,,,,,,,,,,,,,,,,,,,,,,,,,,,,,,,,,,,,,,,0.2963429093360901,0.47723081707954407,0.38106048107147217,0.33186495304107666,0.29637834429740906,0.21259154379367828,0.23251470923423767,0.04204165190458298,0.23546205461025238,0.45794156193733215,5.675837516784668,5.817880153656006,8.276602745056152,5.645254611968994,5.247891902923584,6.006819725036621,6.008397102355957,2.0166378021240234,4.674235820770264,7.388820171356201,,,,,,,,,,,7.333292007446289,7.647623538970947,8.894235610961914,8.008212089538574,7.789738655090332,7.472206115722656,7.890345096588135,2.4182355403900146,5.570366382598877,10.308660507202148,,,,,,,,,,,,,,,,,,,,,,,,,,,,,,,,,,,,,,,,
14,2889,,,,,,,,,,,,,,,,,,,,,,,,,,,,,,,,,,,,,,,,,0.4712181091308594,0.42243409156799316,0.4710922837257385,0.6492368578910828,0.46758562326431274,0.5308560132980347,0.6320666074752808,0.19076639413833618,0.3849022686481476,0.49202293157577515,6.915042877197266,6.167483329772949,6.562108993530273,8.457123756408691,6.421182155609131,8.369297981262207,8.951101303100586,3.093653440475464,6.000743865966797,8.212690353393555,,,,,,,,,,,9.538357734680176,7.195181369781494,9.88927936553955,11.2009916305542,9.784310340881348,11.807670593261719,13.009247779846191,5.151215076446533,7.121943950653076,10.68537712097168,,,,,,,,,,,,,,,,,,,,,,,,,,,,,,,,,,,,,,,,
14,2894,,,,,,,,,,,,,,,,,,,,,,,,,,,,,,,,,,,,,,,,,0.4874016344547272,0.7956339120864868,0.16084100306034088,0.31451544165611267,0.6054216623306274,0.5339440107345581,0.697614312171936,0.33565157651901245,0.2443426549434662,0.6986501216888428,6.7408013343811035,7.152868270874023,3.935258388519287,5.6538190841674805,7.749955654144287,9.095884323120117,8.510952949523926,5.8970746994018555,3.753751277923584,8.917645454406738,,,,,,,,,,,9.481315612792969,9.87458610534668,5.778432369232178,7.796072483062744,11.133420944213867,11.841963768005371,13.667166709899902,6.8328680992126465,5.674438953399658,12.732892990112305,,,,,,,,,,,,,,,,,,,,,,,,,,,,,,,,,,,,,,,,
14,2899,,,,,,,,,,,,,,,,,,,,,,,,,,,,,,,,,,,,,,,,,0.2971186637878418,0.33891451358795166,0.15908679366111755,0.5780510306358337,0.15854226052761078,0.3098544478416443,0.23993152379989624,0.25893935561180115,0.3421798646450043,0.2885681390762329,6.030294895172119,5.102507591247559,4.733631610870361,8.487296104431152,4.536374092102051,7.425172805786133,6.768033504486084,5.163809299468994,5.671675205230713,6.384151458740234,,,,,,,,,,,7.377105712890625,6.444768905639648,5.746834754943848,10.569098472595215,5.697340488433838,9.021000862121582,8.015201568603516,6.001471519470215,6.715069770812988,8.183167457580566,,,,,,,,,,,,,,,,,,,,,,,,,,,,,,,,,,,,,,,,
14,2904,,,,,,,,,,,,,,,,,,,,,,,,,,,,,,,,,,,,,,,,,0.39625170826911926,0.2727455794811249,0.5004960298538208,0.5361557006835938,0.5578178763389587,0.4823545217514038,0.48262274265289307,0.2502836585044861,0.3021078109741211,0.18168149888515472,6.596170425415039,4.7558979988098145,8.267704010009766,6.850612163543701,8.066722869873047,8.702484130859375,8.183809280395508,4.387417793273926,5.2436981201171875,4.9071879386901855,,,,,,,,,,,8.685172080993652,5.781507968902588,10.193233489990234,10.178889274597168,10.68675422668457,11.255351066589355,11.367754936218262,5.9003119468688965,6.309635162353516,6.493107318878174,,,,,,,,,,,,,,,,,,,,,,,,,,,,,,,,,,,,,,,,
14,2909,,,,,,,,,,,,,,,,,,,,,,,,,,,,,,,,,,,,,,,,,0.4554074704647064,0.26469478011131287,0.5025852918624878,0.3196311295032501,0.4750310778617859,0.5610146522521973,0.34183797240257263,0.8388914465904236,0.2567498981952667,0.5382307767868042,7.218099117279053,4.615453243255615,7.532696723937988,6.474499702453613,8.442939758300781,9.42991828918457,7.390283107757568,7.799724578857422,4.5060930252075195,8.771286010742188,,,,,,,,,,,9.236831665039062,5.695540904998779,10.214487075805664,7.859219551086426,9.86190128326416,12.138442993164062,9.567113876342773,10.802184104919434,5.816723346710205,11.175873756408691,,,,,,,,,,,,,,,,,,,,,,,,,,,,,,,,,,,,,,,,
14,2914,,,,,,,,,,,,,,,,,,,,,,,,,,,,,,,,,,,,,,,,,0.37982332706451416,0.5262004733085632,0.12946653366088867,0.44957154989242554,0.18169686198234558,0.5500443577766418,0.34286901354789734,0.36074918508529663,0.47788941860198975,0.39992237091064453,6.806900978088379,6.277480602264404,4.1662163734436035,8.19775676727295,5.192893028259277,9.044159889221191,7.4621477127075195,6.230399131774902,6.559542179107666,8.131513595581055,,,,,,,,,,,8.32093620300293,8.030412673950195,5.184303283691406,9.320823669433594,6.099206924438477,12.01917552947998,9.581531524658203,7.0837202072143555,7.935731887817383,9.633522033691406,,,,,,,,,,,,,,,,,,,,,,,,,,,,,,,,,,,,,,,,
14,2919,,,,,,,,,,,,,,,,,,,,,,,,,,,,,,,,,,,,,,,,,0.3410279452800751,0.46455374360084534,0.43126246333122253,0.3957083523273468,0.3829023540019989,0.4800865352153778,0.28578218817710876,0.15924127399921417,0.16156117618083954,0.30815333127975464,6.571948528289795,5.6325764656066895,7.423449993133545,6.820376396179199,7.909307956695557,9.485081672668457,7.359877586364746,3.7134861946105957,3.990035057067871,6.813347816467285,,,,,,,,,,,8.03993034362793,7.545364856719971,9.461990356445312,8.744650840759277,8.854084968566895,11.228858947753906,8.747589111328125,4.7063751220703125,4.6141510009765625,8.456305503845215,,,,,,,,,,,,,,,,,,,,,,,,,,,,,,,,,,,,,,,,
14,2924,,,,,,,,,,,,,,,,,,,,,,,,,,,,,,,,,,,,,,,,,0.34539031982421875,0.3871130347251892,0.15978297591209412,0.2633739709854126,0.28257378935813904,0.5353115200996399,0.3164767920970917,0.19224458932876587,0.3738194704055786,0.5978168249130249,6.133711338043213,5.909570693969727,4.111453533172607,6.4681806564331055,5.78727388381958,8.371604919433594,6.628124237060547,4.370400905609131,5.541359901428223,8.015433311462402,,,,,,,,,,,8.046451568603516,6.887810230255127,5.759395599365234,7.134134292602539,7.6061625480651855,11.857118606567383,9.2053804397583,5.171133518218994,7.018661022186279,11.778264045715332,,,,,,,,,,,,,,,,,,,,,,,,,,,,,,,,,,,,,,,,
14,2929,,,,,,,,,,,,,,,,,,,,,,,,,,,,,,,,,,,,,,,,,0.6001409888267517,0.7747307419776917,0.37678590416908264,0.5358242392539978,0.3275492787361145,0.6204496622085571,0.5602713823318481,0.17688879370689392,1.6380655765533447,0.3907032907009125,7.983022212982178,7.494213104248047,7.0242414474487305,8.972371101379395,6.616839408874512,10.153075218200684,8.399137496948242,4.133845329284668,11.367762565612793,7.68571662902832,,,,,,,,,,,10.1267671585083,9.74400806427002,8.844208717346191,10.175741195678711,8.18913459777832,12.76524543762207,12.248135566711426,4.960310935974121,14.692270278930664,9.521836280822754,,,,,,,,,,,,,,,,,,,,,,,,,,,,,,,,,,,,,,,,
14,2934,,,,,,,,,,,,,,,,,,,,,,,,,,,,,,,,,,,,,,,,,0.5173946022987366,0.3796408474445343,0.10787133127450943,0.648504912853241,0.14332489669322968,0.42500409483909607,0.41006213426589966,0.43769946694374084,1.6217204332351685,0.4827229976654053,6.584845066070557,5.460892677307129,3.9053690433502197,8.257960319519043,4.245906829833984,7.786428928375244,7.850472450256348,5.764058589935303,8.033355712890625,7.959156513214111,,,,,,,,,,,9.134870529174805,6.821010589599609,4.732216835021973,11.194676399230957,5.417019844055176,10.565070152282715,10.478415489196777,7.802732467651367,14.61878490447998,10.583910942077637,,,,,,,,,,,,,,,,,,,,,,,,,,,,,,,,,,,,,,,,
14,2939,,,,,,,,,,,,,,,,,,,,,,,,,,,,,,,,,,,,,,,,,0.30644774436950684,0.679438591003418,0.11511388421058655,0.12576976418495178,0.5012776851654053,0.39972934126853943,0.3617492616176605,0.129301518201828,0.30343735218048096,0.14221246540546417,5.798861026763916,7.629081726074219,3.8684487342834473,4.423128604888916,7.999227523803711,8.315960884094238,7.871586799621582,3.4901490211486816,4.755809783935547,3.836355209350586,,,,,,,,,,,7.27458381652832,9.12509536743164,4.888498783111572,4.929955005645752,10.130685806274414,10.246105194091797,9.841801643371582,4.24092435836792,6.3235039710998535,5.744683265686035,,,,,,,,,,,,,,,,,,,,,,,,,,,,,,,,,,,,,,,,
14,2944,,,,,,,,,,,,,,,,,,,,,,,,,,,,,,,,,,,,,,,,,0.29642409086227417,0.3273802101612091,0.30084019899368286,0.3881405293941498,0.1577187031507492,0.3517533838748932,0.32324299216270447,0.1913619339466095,0.35243844985961914,0.2749404311180115,6.342319488525391,4.855329990386963,6.745307445526123,8.028963088989258,4.726363658905029,8.723715782165527,7.703092098236084,4.71325159072876,5.68828821182251,5.896564960479736,,,,,,,,,,,7.49519681930542,6.334151268005371,7.902774810791016,8.660628318786621,5.682523250579834,9.611584663391113,9.303263664245605,5.159249305725098,6.814985275268555,7.987603664398193,,,,,,,,,,,,,,,,,,,,,,,,,,,,,,,,,,,,,,,,
14,2949,,,,,,,,,,,,,,,,,,,,,,,,,,,,,,,,,,,,,,,,,0.2988054156303406,0.18357692658901215,0.20667211711406708,0.23130005598068237,0.23683837056159973,0.3196254372596741,0.3147765100002289,0.3803115785121918,0.4243400990962982,0.3918076753616333,6.26645040512085,4.083683490753174,5.575582981109619,5.698116779327393,5.194808483123779,7.256496906280518,7.649970054626465,6.045116901397705,6.419284820556641,8.474990844726562,,,,,,,,,,,7.50796365737915,4.743198871612549,6.550170421600342,6.685636520385742,6.963469982147217,9.162131309509277,9.180617332458496,7.273249626159668,7.477911472320557,9.535284996032715,,,,,,,,,,,,,,,,,,,,,,,,,,,,,,,,,,,,,,,,
14,2954,,,,,,,,,,,,,,,,,,,,,,,,,,,,,,,,,,,,,,,,,0.18614186346530914,0.2655990719795227,0.027205755934119225,0.15485309064388275,0.2462235391139984,0.2753855288028717,0.16960188746452332,0.15487365424633026,0.17792074382305145,0.20361356437206268,4.5317535400390625,4.6805548667907715,1.9516197443008423,4.478936195373535,5.736424922943115,6.1489644050598145,4.991214752197266,3.9064934253692627,3.5626776218414307,5.328897953033447,,,,,,,,,,,5.80587911605835,5.70526123046875,2.376523017883301,5.470346450805664,7.100098609924316,8.5044527053833,6.738855361938477,4.641384124755859,4.842131614685059,6.873857498168945,,,,,,,,,,,,,,,,,,,,,,,,,,,,,,,,,,,,,,,,
14,2959,,,,,,,,,,,,,,,,,,,,,,,,,,,,,,,,,,,,,,,,,0.3312595784664154,0.30345088243484497,0.17012198269367218,0.4450315237045288,0.4354175627231598,0.3644842207431793,0.21677331626415253,0.22870618104934692,0.4446275532245636,0.3727231025695801,6.254263401031494,4.189424514770508,4.492640972137451,6.653201103210449,7.707059860229492,7.931785583496094,6.537514686584473,4.8971781730651855,6.200170040130615,7.679392337799072,,,,,,,,,,,7.861555576324463,6.098267555236816,5.942810535430908,9.273640632629395,9.441752433776855,9.78397274017334,7.618574142456055,5.6402411460876465,7.654581546783447,9.30015754699707,,,,,,,,,,,,,,,,,,,,,,,,,,,,,,,,,,,,,,,,
14,2964,,,,,,,,,,,,,,,,,,,,,,,,,,,,,,,,,,,,,,,,,0.4508628845214844,0.510258138179779,0.41485482454299927,0.6255213618278503,0.2504463195800781,0.4046024978160858,0.6619172096252441,0.18895761668682098,0.5922855734825134,0.40892279148101807,6.965030193328857,6.3617939949035645,6.768087863922119,8.134613990783691,5.903431415557861,7.687673568725586,9.8656005859375,3.5250587463378906,6.72702169418335,7.711989402770996,,,,,,,,,,,9.185254096984863,7.9078288078308105,9.280250549316406,10.994511604309082,7.160724639892578,10.308374404907227,13.312898635864258,5.126736164093018,8.834639549255371,9.741321563720703,,,,,,,,,,,,,,,,,,,,,,,,,,,,,,,,,,,,,,,,
14,2969,,,,,,,,,,,,,,,,,,,,,,,,,,,,,,,,,,,,,,,,,0.3538588881492615,0.5557145476341248,0.459221214056015,0.4454616606235504,0.2810048758983612,0.41456475853919983,0.13562284409999847,0.20284458994865417,0.41830408573150635,0.2719915211200714,6.237330913543701,5.229248523712158,7.967672348022461,6.386816024780273,6.150424480438232,8.016182899475098,4.334880352020264,5.0001983642578125,6.439141273498535,6.611418724060059,,,,,,,,,,,8.002351760864258,8.25255012512207,9.763883590698242,9.278120994567871,7.585017204284668,10.434510231018066,6.026112079620361,5.311784267425537,7.424536228179932,7.944652557373047,,,,,,,,,,,,,,,,,,,,,,,,,,,,,,,,,,,,,,,,
14,2974,,,,,,,,,,,,,,,,,,,,,,,,,,,,,,,,,,,,,,,,,0.5145940184593201,0.23565274477005005,0.7977333068847656,0.5420485138893127,0.36468037962913513,0.861770510673523,0.44622302055358887,0.3189825117588043,0.6174358129501343,0.44681939482688904,7.736146926879883,4.127522945404053,10.195137023925781,7.097113132476807,7.465526103973389,12.118799209594727,8.230685234069824,4.438709259033203,7.637783050537109,8.31404972076416,,,,,,,,,,,9.88415241241455,5.374011039733887,12.868873596191406,10.234673500061035,8.640837669372559,15.044289588928223,10.930669784545898,6.661041736602783,9.020263671875,10.182705879211426,,,,,,,,,,,,,,,,,,,,,,,,,,,,,,,,,,,,,,,,
14,2979,,,,,,,,,,,,,,,,,,,,,,,,,,,,,,,,,,,,,,,,,0.2609945833683014,0.37562286853790283,0.3014010488986969,0.22095194458961487,0.1044532060623169,0.35908544063568115,0.2563430964946747,0.07502074539661407,0.18544647097587585,0.4706266522407532,5.287447452545166,5.05954647064209,4.996427536010742,5.293323040008545,3.2890238761901855,8.200952529907227,6.418511867523193,2.5568621158599854,3.469158172607422,8.303218841552734,,,,,,,,,,,6.941567420959473,6.784819602966309,7.910137176513672,6.5343708992004395,4.624454498291016,9.711241722106934,8.284791946411133,3.2303483486175537,4.943477630615234,10.450461387634277,,,,,,,,,,,,,,,,,,,,,,,,,,,,,,,,,,,,,,,,
14,2984,,,,,,,,,,,,,,,,,,,,,,,,,,,,,,,,,,,,,,,,,0.5204941630363464,0.6884094476699829,0.4144428074359894,0.428617388010025,0.6746363043785095,0.753303587436676,0.5530992746353149,0.4385499358177185,0.4442136585712433,0.2891748547554016,7.878813743591309,6.755989074707031,8.188419342041016,7.718038082122803,8.671822547912598,10.43083667755127,9.828864097595215,6.1642680168151855,6.627742290496826,6.523345947265625,,,,,,,,,,,9.911408424377441,9.185137748718262,9.275640487670898,9.101014137268066,11.752614974975586,14.06568431854248,12.169488906860352,7.810310363769531,7.651017189025879,8.191764831542969,,,,,,,,,,,,,,,,,,,,,,,,,,,,,,,,,,,,,,,,
14,2989,,,,,,,,,,,,,,,,,,,,,,,,,,,,,,,,,,,,,,,,,0.31192412972450256,0.2587713599205017,0.21473108232021332,0.16601236164569855,0.20477239787578583,0.29065027832984924,0.4146319627761841,0.2758883535861969,0.07244616001844406,0.9094134569168091,5.572203636169434,4.386425495147705,4.562555313110352,4.234344482421875,5.315457820892334,7.322045803070068,7.428233623504639,4.966761589050293,2.475825071334839,9.458186149597168,,,,,,,,,,,7.503592014312744,5.631451606750488,6.676657676696777,5.6640238761901855,6.474934101104736,8.736977577209473,10.536641120910645,6.194773197174072,3.0898044109344482,14.527066230773926,,,,,,,,,,,,,,,,,,,,,,,,,,,,,,,,,,,,,,,,
14,2994,,,,,,,,,,,,,,,,,,,,,,,,,,,,,,,,,,,,,,,,,0.29701679944992065,0.1638299971818924,0.3614773154258728,0.20901726186275482,0.3280145823955536,0.43660035729408264,0.2955596148967743,0.09585712850093842,0.5086397528648376,0.2741553783416748,5.708567142486572,3.876859426498413,6.982727527618408,4.8542399406433105,6.187716960906982,7.572697639465332,6.453689098358154,3.2460646629333496,6.2266459465026855,5.976466178894043,,,,,,,,,,,7.4569854736328125,4.480835437774658,8.662677764892578,6.35544490814209,8.194948196411133,10.708234786987305,8.895971298217773,3.651496648788452,8.187068939208984,7.976191997528076,,,,,,,,,,,,,,,,,,,,,,,,,,,,,,,,,,,,,,,,
14,2999,,,,,,,,,,,,,,,,,,,,,,,,,,,,,,,,,,,,,,,,,0.2732803523540497,0.4367315471172333,0.17899344861507416,0.25045153498649597,0.24710999429225922,0.17584015429019928,0.3757939040660858,0.3415723443031311,0.09036407619714737,0.3626660704612732,5.6110148429870605,6.854284286499023,4.276395320892334,5.831743240356445,5.086158275604248,5.836162090301514,6.954572677612305,5.491110324859619,2.7559335231781006,7.412773132324219,,,,,,,,,,,7.091751575469971,7.315930366516113,6.095793724060059,6.956915378570557,7.112868785858154,6.795710563659668,10.031033515930176,6.89286994934082,3.4508109092712402,9.173830032348633,,,,,,,,,,,,,,,,,,,,,,,,,,,,,,,,,,,,,,,,
14,3004,,,,,,,,,,,,,,,,,,,,,,,,,,,,,,,,,,,,,,,,,0.6291443109512329,0.6507571339607239,0.6950463056564331,0.6617716550827026,0.8793952465057373,0.6081193089485168,0.8552817106246948,0.42172449827194214,0.4790922701358795,0.41111063957214355,8.830890655517578,7.507190227508545,8.839228630065918,9.474753379821777,10.107912063598633,9.291827201843262,12.220425605773926,6.86074161529541,7.540102958679199,7.635829448699951,,,,,,,,,,,10.979121208190918,8.93041706085205,12.012088775634766,11.308603286743164,13.418120384216309,12.637764930725098,15.133012771606445,7.659018516540527,7.945713043212891,9.767345428466797,,,,,,,,,,,,,,,,,,,,,,,,,,,,,,,,,,,,,,,,
14,3009,,,,,,,,,,,,,,,,,,,,,,,,,,,,,,,,,,,,,,,,,0.4657628834247589,0.24078287184238434,0.46545907855033875,0.40876585245132446,0.4259282946586609,0.36966365575790405,0.28460848331451416,0.7653149366378784,0.48056110739707947,0.750781238079071,7.661469459533691,4.141467094421387,8.294788360595703,7.96883487701416,7.715131759643555,8.58700942993164,6.353551864624023,8.77956485748291,6.7869157791137695,10.325960159301758,,,,,,,,,,,9.28288459777832,5.432191848754883,9.829975128173828,8.887758255004883,9.338300704956055,9.85324478149414,8.729607582092285,10.31760311126709,7.957884311676025,13.19939136505127,,,,,,,,,,,,,,,,,,,,,,,,,,,,,,,,,,,,,,,,
14,3014,,,,,,,,,,,,,,,,,,,,,,,,,,,,,,,,,,,,,,,,,0.26196691393852234,0.1678043156862259,0.22131145000457764,0.21414415538311005,0.4399605095386505,0.33879485726356506,0.27356451749801636,0.22102214395999908,0.3061780631542206,0.1749224066734314,5.658660411834717,3.3016951084136963,5.156425952911377,5.1022629737854,7.777947902679443,7.995730400085449,6.9542059898376465,4.995915412902832,4.742393493652344,4.9013671875,,,,,,,,,,,7.055126667022705,4.5348591804504395,6.7781877517700195,6.432917594909668,9.490880012512207,9.432878494262695,8.55855941772461,5.544681549072266,6.351998329162598,6.371181011199951,,,,,,,,,,,,,,,,,,,,,,,,,,,,,,,,,,,,,,,,
14,3019,,,,,,,,,,,,,,,,,,,,,,,,,,,,,,,,,,,,,,,,,0.6227133870124817,0.2886584401130676,1.2589448690414429,0.1892692893743515,0.259946346282959,0.3226540982723236,0.5080456733703613,0.8310489654541016,1.712135672569275,0.23371653258800507,7.74568510055542,5.02693510055542,11.53074836730957,5.224628448486328,6.191340446472168,7.567296504974365,9.569174766540527,7.232736110687256,11.365365028381348,6.002943515777588,,,,,,,,,,,9.94031810760498,5.947773456573486,16.166461944580078,6.047765731811523,7.295272350311279,9.205437660217285,11.663320541381836,10.751574516296387,15.02077579498291,7.364477634429932,,,,,,,,,,,,,,,,,,,,,,,,,,,,,,,,,,,,,,,,
14,3024,,,,,,,,,,,,,,,,,,,,,,,,,,,,,,,,,,,,,,,,,0.27874666452407837,0.1886267066001892,0.1884024292230606,0.2862359285354614,0.6354955434799194,0.3932592570781708,0.25873327255249023,0.24073918163776398,0.1695179045200348,0.14770987629890442,5.676571846008301,3.820664405822754,4.831781387329102,5.883341312408447,8.97111701965332,8.378968238830566,6.380663871765137,4.906143665313721,3.6532576084136963,4.263207912445068,,,,,,,,,,,7.195536136627197,4.807993412017822,6.253957271575928,7.437328338623047,11.406591415405273,10.162845611572266,8.323326110839844,5.786715507507324,4.726406574249268,5.854664325714111,,,,,,,,,,,,,,,,,,,,,,,,,,,,,,,,,,,,,,,,
14,3029,,,,,,,,,,,,,,,,,,,,,,,,,,,,,,,,,,,,,,,,,0.46516695618629456,0.24066351354122162,0.4698790907859802,0.2733861207962036,0.3158080577850342,0.6062548756599426,0.37388622760772705,0.4242424964904785,1.046947956085205,0.4354338049888611,7.7420196533203125,4.149165153503418,8.754566192626953,6.623752593994141,7.073693752288818,11.239547729492188,7.562126636505127,6.338719844818115,9.99603271484375,7.94057559967041,,,,,,,,,,,9.191184997558594,5.430845260620117,9.876537322998047,7.268471717834473,8.041022300720215,12.618376731872559,10.005539894104004,7.681849002838135,11.745887756347656,10.052133560180664,,,,,,,,,,,,,,,,,,,,,,,,,,,,,,,,,,,,,,,,
14,3034,,,,,,,,,,,,,,,,,,,,,,,,,,,,,,,,,,,,,,,,,0.287491112947464,0.5102381706237793,0.17503303289413452,0.16880975663661957,0.45091038942337036,0.2874249517917633,0.21255970001220703,0.2553773522377014,0.17414599657058716,0.3529207110404968,5.719891548156738,5.251297950744629,4.84788703918457,5.090111255645752,7.1379523277282715,7.2711920738220215,6.236687183380127,4.786221504211426,3.9003007411956787,6.95737361907959,,,,,,,,,,,7.254251480102539,7.907673358917236,6.027978420257568,5.711545467376709,9.608260154724121,8.688365936279297,7.544166088104248,5.960049629211426,4.790490627288818,9.04973316192627,,,,,,,,,,,,,,,,,,,,,,,,,,,,,,,,,,,,,,,,
14,3039,,,,,,,,,,,,,,,,,,,,,,,,,,,,,,,,,,,,,,,,,0.45967140793800354,0.1753920018672943,0.8122661709785461,0.6888954043388367,0.3473372161388397,0.7836939692497253,0.39169520139694214,0.5380319952964783,0.23752620816230774,0.16220426559448242,7.45326566696167,3.8842735290527344,11.552664756774902,9.309283256530762,6.687155246734619,11.719317436218262,7.532637596130371,6.305459022521973,4.716632843017578,5.37196683883667,,,,,,,,,,,9.173470497131348,4.636253356933594,12.985565185546875,11.538026809692383,8.432868003845215,14.346604347229004,10.241060256958008,8.65092945098877,5.594728469848633,6.135194301605225,,,,,,,,,,,,,,,,,,,,,,,,,,,,,,,,,,,,,,,,
14,3044,,,,,,,,,,,,,,,,,,,,,,,,,,,,,,,,,,,,,,,,,0.4364704191684723,0.5318440794944763,0.2948194146156311,0.24187052249908447,0.5318381190299988,0.346897155046463,0.27558600902557373,0.2989460825920105,0.4973035156726837,0.9091286659240723,7.189536094665527,6.402550220489502,5.826387882232666,6.251266956329346,8.527935981750488,7.886314392089844,6.383857727050781,5.3679633140563965,5.859601020812988,12.199945449829102,,,,,,,,,,,8.930218696594238,8.073362350463867,7.8232951164245605,6.836697578430176,10.434926986694336,9.545005798339844,8.590123176574707,6.448447227478027,8.095320701599121,14.524789810180664,,,,,,,,,,,,,,,,,,,,,,,,,,,,,,,,,,,,,,,,
14,3049,,,,,,,,,,,,,,,,,,,,,,,,,,,,,,,,,,,,,,,,,0.4199153482913971,0.6679195761680603,0.21824300289154053,0.29013997316360474,0.599215030670166,0.7963707447052002,0.3847661018371582,0.32400253415107727,0.17987771332263947,0.3187035620212555,6.420287132263184,6.246974468231201,5.6400041580200195,5.90106201171875,7.828531265258789,8.34924030303955,7.299680709838867,5.40714693069458,4.41653299331665,6.693409442901611,,,,,,,,,,,8.792950630187988,9.047411918640137,6.731034755706787,7.487875938415527,11.076204299926758,14.46217155456543,10.15007209777832,6.713251113891602,4.868688583374023,8.599845886230469,,,,,,,,,,,,,,,,,,,,,,,,,,,,,,,,,,,,,,,,
14,3054,,,,,,,,,,,,,,,,,,,,,,,,,,,,,,,,,,,,,,,,,0.4310377240180969,0.7031548023223877,0.6034057140350342,0.15038402378559113,0.24433469772338867,0.3096163868904114,0.9047687649726868,0.15734688937664032,0.14223957061767578,0.6640886068344116,6.8600640296936035,7.62623405456543,9.3257474899292,3.7907471656799316,5.6796464920043945,8.230599403381348,10.880134582519531,2.9372572898864746,4.00685977935791,9.263352394104004,,,,,,,,,,,8.771418571472168,9.282987594604492,11.19222354888916,5.390831470489502,7.072814464569092,9.017535209655762,15.564659118652344,4.67829704284668,4.329457759857178,12.413957595825195,,,,,,,,,,,,,,,,,,,,,,,,,,,,,,,,,,,,,,,,
14,3059,,,,,,,,,,,,,,,,,,,,,,,,,,,,,,,,,,,,,,,,,0.3187218904495239,0.8804833292961121,0.11207860708236694,0.367179811000824,0.2210264950990677,0.27517834305763245,0.5790853500366211,0.09264498949050903,0.2250245064496994,0.11579544097185135,5.499645709991455,6.5339202880859375,3.8919811248779297,5.988877296447754,5.797217845916748,6.092522144317627,9.112608909606934,3.2476372718811035,4.3346357345581055,4.497412204742432,,,,,,,,,,,7.281590938568115,10.38778305053711,4.823619365692139,8.42353343963623,6.727005958557129,8.501254081726074,12.452085494995117,3.5897953510284424,5.445505619049072,5.183736324310303,,,,,,,,,,,,,,,,,,,,,,,,,,,,,,,,,,,,,,,,
14,3064,,,,,,,,,,,,,,,,,,,,,,,,,,,,,,,,,,,,,,,,,0.3548279404640198,0.3324328064918518,0.17920689284801483,0.24387717247009277,0.5483888387680054,0.8669459819793701,0.3997915983200073,0.09792818129062653,0.23531964421272278,0.2895602881908417,5.8698859214782715,5.253660678863525,4.186307907104492,4.577261447906494,7.857121467590332,9.52190113067627,8.336790084838867,3.0493853092193604,3.820504665374756,6.226041316986084,,,,,,,,,,,8.092857360839844,6.382843494415283,6.099427223205566,6.8649983406066895,10.596049308776855,15.089396476745605,10.346362113952637,3.690732479095459,5.568681240081787,8.197221755981445,,,,,,,,,,,,,,,,,,,,,,,,,,,,,,,,,,,,,,,,
14,3069,,,,,,,,,,,,,,,,,,,,,,,,,,,,,,,,,,,,,,,,,0.5837814211845398,1.4755096435546875,0.12318943440914154,0.876927375793457,0.2956532835960388,0.3598041534423828,0.23011063039302826,0.761897623538971,0.4828827381134033,0.648057758808136,7.960259437561035,9.982662200927734,4.6559953689575195,11.89877700805664,6.364227294921875,8.480393409729004,6.875285625457764,7.196156024932861,7.958976745605469,8.229863166809082,,,,,,,,,,,9.711947441101074,13.447244644165039,5.057063102722168,13.017773628234863,7.7802042961120605,9.720955848693848,7.8494486808776855,10.294541358947754,7.977084159851074,12.26320743560791,,,,,,,,,,,,,,,,,,,,,,,,,,,,,,,,,,,,,,,,
14,3074,,,,,,,,,,,,,,,,,,,,,,,,,,,,,,,,,,,,,,,,,0.2799224555492401,0.46683961153030396,0.08469278365373611,0.2064887136220932,0.01072372030466795,0.17821089923381805,0.09727597236633301,0.3801509737968445,0.24115142226219177,0.9539965391159058,6.193874359130859,7.21629524230957,4.19309663772583,6.316885948181152,1.4429377317428589,6.226050853729248,4.309288501739502,5.493135452270508,5.637261390686035,14.209177017211914,,,,,,,,,,,6.502089977264404,7.563906192779541,4.19309663772583,6.316885948181152,1.4817414283752441,6.841369152069092,5.103564739227295,7.271713733673096,5.637261390686035,14.878893852233887,,,,,,,,,,,,,,,,,,,,,,,,,,,,,,,,,,,,,,,,
14,3074,,,,,,,,,,,,,,,,,,,,,,,,,,,,,,,,,,,,,,,,,,,,,,,,,,,6.690712928771973,5.539950847625732,6.5239410400390625,6.385013580322266,7.043778419494629,8.476263046264648,7.550161361694336,5.7084760665893555,5.806636333465576,7.18219518661499,0.5728164315223694,0.5560464859008789,0.6119869351387024,0.6178350448608398,0.6101869344711304,0.5184370279312134,0.5869450569152832,0.5695755481719971,0.5352678298950195,0.5490671396255493,8.931482315063477,7.490010738372803,8.69948959350586,8.506577491760254,9.41341495513916,11.272062301635742,10.036385536193848,7.5900983810424805,7.827640056610107,9.547657012939453,0.5297375321388245,0.7675365805625916,0.3608684539794922,0.41857796907424927,0.6277916431427002,0.5238109827041626,0.5221503973007202,0.44899049401283264,0.5482014417648315,0.5526815056800842,7.7041144371032715,7.276291370391846,6.861059665679932,7.313024997711182,8.197328567504883,9.453288078308105,8.709007263183594,6.4944281578063965,6.225759029388428,8.806839942932129,0.2796878218650818,0.3295758366584778,0.25246483087539673,0.3068004250526428,0.2156895399093628,0.2162952423095703,0.027362823486328125,0.44518107175827026,0.3472573161125183,0.3765633702278137,9.971291542053223,9.638339042663574,9.147039413452148,9.260209083557129,10.898387908935547,11.665773391723633,11.671250343322754,8.144113540649414,7.882521152496338,11.433990478515625
15,3079,,,,,,,,,,,,,,,,,,,,,,,,,,,,,,,,,,,,,,,,,0.48035356402397156,0.3773788511753082,0.21693649888038635,0.5282583236694336,0.4173888862133026,0.43176236748695374,0.18138983845710754,0.6986634731292725,0.84503173828125,0.6263720989227295,7.264719486236572,5.602060794830322,5.471590518951416,7.754740238189697,6.337183475494385,7.495451927185059,6.114732265472412,7.363968849182129,8.963163375854492,10.279584884643555,,,,,,,,,,,9.216023445129395,6.800659656524658,6.710856914520264,10.103645324707031,9.244215965270996,10.648740768432617,6.969109535217285,9.858088493347168,10.552608489990234,12.056282997131348,,,,,,,,,,,,,,,,,,,,,,,,,,,,,,,,,,,,,,,,
15,3084,,,,,,,,,,,,,,,,,,,,,,,,,,,,,,,,,,,,,,,,,0.28702640533447266,0.2691698670387268,0.18095074594020844,0.11919039487838745,0.11159385740756989,0.5059390068054199,0.12078918516635895,0.1757408082485199,0.7094346880912781,0.39042899012565613,5.503554344177246,4.7198262214660645,5.522647857666016,3.7756083011627197,4.118857383728027,8.10903263092041,4.757785320281982,3.8273978233337402,7.703476905822754,6.997357368469238,,,,,,,,,,,6.977510452270508,5.743484973907471,6.129031181335449,4.799273490905762,4.779910564422607,11.527230262756348,5.687020778656006,4.944188117980957,9.668953895568848,9.518494606018066,,,,,,,,,,,,,,,,,,,,,,,,,,,,,,,,,,,,,,,,
15,3089,,,,,,,,,,,,,,,,,,,,,,,,,,,,,,,,,,,,,,,,,0.2120317965745926,0.5092729926109314,0.0883994922041893,0.07851538062095642,0.10117509216070175,0.24657689034938812,0.3417077362537384,0.10397210717201233,0.22937270998954773,0.20929382741451263,4.568171977996826,5.69735050201416,3.510796546936035,2.559835433959961,2.883131742477417,6.672837257385254,6.848873615264893,2.9963138103485107,4.021327018737793,5.923083782196045,,,,,,,,,,,6.057009696960449,7.900191307067871,4.283872604370117,3.8952224254608154,4.5513105392456055,8.047334671020508,9.565290451049805,3.802919626235962,5.497866630554199,6.96907901763916,,,,,,,,,,,,,,,,,,,,,,,,,,,,,,,,,,,,,,,,
15,3094,,,,,,,,,,,,,,,,,,,,,,,,,,,,,,,,,,,,,,,,,0.3397655487060547,0.3725009560585022,0.06555265188217163,0.5749546885490417,0.13967479765415192,0.2393883615732193,0.4066959023475647,0.4835287034511566,0.4273114502429962,0.3482825756072998,6.199169635772705,5.589914321899414,3.0507571697235107,9.130594253540039,4.2935004234313965,6.269042015075684,7.915375709533691,6.043264389038086,6.3672614097595215,7.132815837860107,,,,,,,,,,,7.710395812988281,6.756565093994141,3.6889841556549072,10.540754318237305,5.347596645355225,7.929163455963135,10.435318946838379,8.201057434082031,7.50404691696167,8.990070343017578,,,,,,,,,,,,,,,,,,,,,,,,,,,,,,,,,,,,,,,,
15,3099,,,,,,,,,,,,,,,,,,,,,,,,,,,,,,,,,,,,,,,,,0.5936355590820312,0.7307851314544678,0.20256519317626953,0.652711808681488,0.6761876344680786,0.6720089912414551,0.5442138910293579,0.5678045153617859,1.0277073383331299,0.26873546838760376,8.097020149230957,6.4753875732421875,5.46896505355835,8.76585578918457,10.075557708740234,8.881196022033691,10.476642608642578,7.572757720947266,8.765801429748535,6.391022205352783,,,,,,,,,,,10.302587509155273,9.463616371154785,6.484762668609619,11.230927467346191,11.766119003295898,13.285056114196777,12.071342468261719,8.887060165405273,11.63745403289795,7.896955490112305,,,,,,,,,,,,,,,,,,,,,,,,,,,,,,,,,,,,,,,,
15,3104,,,,,,,,,,,,,,,,,,,,,,,,,,,,,,,,,,,,,,,,,0.3829159140586853,0.24132420122623444,0.46401554346084595,0.552512526512146,0.833389163017273,0.42462819814682007,0.2569902539253235,0.11668377369642258,0.15785446763038635,0.39884519577026367,6.449488639831543,4.415305137634277,6.588197231292725,7.17395544052124,9.728157043457031,8.733469009399414,6.599236488342285,3.2759649753570557,3.8312854766845703,7.699827194213867,,,,,,,,,,,8.412689208984375,5.438294410705566,9.814720153808594,10.332988739013672,13.062417030334473,10.56039810180664,8.295243263244629,4.028691291809082,4.560912609100342,9.620538711547852,,,,,,,,,,,,,,,,,,,,,,,,,,,,,,,,,,,,,,,,
15,3109,,,,,,,,,,,,,,,,,,,,,,,,,,,,,,,,,,,,,,,,,0.36357519030570984,0.49965324997901917,0.39591652154922485,0.37954315543174744,0.29355165362358093,0.2570037841796875,0.27422305941581726,0.36458051204681396,0.38050419092178345,0.42720046639442444,6.65259313583374,5.953153610229492,7.599732875823975,7.059509754180908,6.4284868240356445,6.999236106872559,6.943399906158447,5.626553058624268,5.310318946838379,7.952942848205566,,,,,,,,,,,8.239048957824707,7.825221538543701,9.065953254699707,8.564173698425293,7.752502918243408,8.215719223022461,8.568854331970215,7.121236801147461,7.081137180328369,9.956646919250488,,,,,,,,,,,,,,,,,,,,,,,,,,,,,,,,,,,,,,,,
15,3114,,,,,,,,,,,,,,,,,,,,,,,,,,,,,,,,,,,,,,,,,0.2608717083930969,0.4265139400959015,0.3229611814022064,0.1485852301120758,0.2083030641078949,0.3573139011859894,0.396769642829895,0.09113748371601105,0.03522218391299248,0.36103877425193787,5.54408597946167,5.0736541748046875,7.2227582931518555,3.9566402435302734,5.609812259674072,7.07057523727417,8.421957015991211,3.0285725593566895,2.001227378845215,7.511576175689697,,,,,,,,,,,6.907732009887695,7.2298431396484375,8.188170433044434,5.358492851257324,6.530515670776367,9.687256813049316,10.307184219360352,3.560469150543213,2.1544253826141357,9.15322494506836,,,,,,,,,,,,,,,,,,,,,,,,,,,,,,,,,,,,,,,,
15,3119,,,,,,,,,,,,,,,,,,,,,,,,,,,,,,,,,,,,,,,,,0.20800359547138214,0.35303956270217896,0.1930258721113205,0.07890135049819946,0.2466188669204712,0.17205151915550232,0.20934967696666718,0.14870944619178772,0.2668355405330658,0.2035006433725357,4.880928039550781,5.783487796783447,4.392715930938721,3.189699411392212,6.0857439041137695,5.03633975982666,5.975322246551514,3.9051363468170166,3.8573060035705566,5.702603340148926,,,,,,,,,,,6.16416597366333,6.577698230743408,6.330228805541992,3.904784679412842,7.105796813964844,6.72210168838501,7.486984729766846,4.548078536987305,5.929869174957275,6.871951580047607,,,,,,,,,,,,,,,,,,,,,,,,,,,,,,,,,,,,,,,,
15,3124,,,,,,,,,,,,,,,,,,,,,,,,,,,,,,,,,,,,,,,,,0.3887965679168701,0.3414464294910431,0.8166949152946472,0.2561993896961212,0.8205651640892029,0.30512920022010803,0.49835440516471863,0.02424142137169838,0.20811472833156586,0.22842344641685486,6.1625237464904785,5.339591979980469,8.10985279083252,6.167319297790527,7.502631664276123,7.44170618057251,8.327655792236328,1.5335770845413208,4.835371017456055,6.205007553100586,,,,,,,,,,,8.26053524017334,6.46879768371582,13.020917892456055,7.036293029785156,12.961527824401855,8.95195198059082,11.551542282104492,1.8362751007080078,5.236905097961426,7.280606269836426,,,,,,,,,,,,,,,,,,,,,,,,,,,,,,,,,,,,,,,,
15,3129,,,,,,,,,,,,,,,,,,,,,,,,,,,,,,,,,,,,,,,,,0.3596074879169464,0.6600939631462097,0.2064073532819748,0.15547417104244232,0.41582924127578735,0.5080600380897522,0.11605729162693024,0.4919959008693695,0.4691062271595001,0.21344329416751862,6.101769924163818,6.212794303894043,5.32438850402832,4.539559364318848,6.239195823669434,8.94308090209961,4.466001033782959,7.177204608917236,6.492531776428223,5.521170616149902,,,,,,,,,,,7.838576316833496,8.994254112243652,6.545973777770996,5.481305122375488,9.226927757263184,11.551366806030273,5.574514389038086,8.272551536560059,7.862467288970947,7.037825107574463,,,,,,,,,,,,,,,,,,,,,,,,,,,,,,,,,,,,,,,,
15,3134,,,,,,,,,,,,,,,,,,,,,,,,,,,,,,,,,,,,,,,,,0.3431243300437927,0.9070506691932678,0.15517346560955048,0.17720475792884827,0.4453592896461487,0.2439788430929184,0.1296117752790451,0.5471711754798889,0.07935713976621628,0.403211772441864,5.69505500793457,7.973435401916504,4.637401103973389,4.909754276275635,8.165441513061523,6.0532097816467285,4.190680503845215,5.47247838973999,2.7744407653808594,7.078649520874023,,,,,,,,,,,7.460742473602295,10.543335914611816,5.675712585449219,5.851841449737549,9.548933982849121,8.004826545715332,5.891054630279541,8.72409439086914,3.23382306098938,9.67305850982666,,,,,,,,,,,,,,,,,,,,,,,,,,,,,,,,,,,,,,,,
15,3139,,,,,,,,,,,,,,,,,,,,,,,,,,,,,,,,,,,,,,,,,0.3563014566898346,0.2831577956676483,0.2835243344306946,0.4833940863609314,0.18929031491279602,0.5908889174461365,0.4575304388999939,0.2686413526535034,0.2773763835430145,0.3729095458984375,6.276832103729248,5.028763294219971,5.537320613861084,7.385299205780029,4.780978679656982,8.91245174407959,8.185262680053711,4.2591328620910645,5.099509239196777,7.302772045135498,,,,,,,,,,,8.27113151550293,5.890830993652344,7.671968936920166,9.665081977844238,6.225351333618164,12.457439422607422,11.068297386169434,6.112870216369629,6.045858860015869,9.302484512329102,,,,,,,,,,,,,,,,,,,,,,,,,,,,,,,,,,,,,,,,
15,3144,,,,,,,,,,,,,,,,,,,,,,,,,,,,,,,,,,,,,,,,,0.3449212908744812,0.5225799679756165,0.10317932814359665,0.3543311655521393,0.2540450692176819,0.33367231488227844,0.14911672472953796,0.7936693429946899,0.19216112792491913,0.40153658390045166,6.270861625671387,6.406680583953857,3.7518551349639893,6.489911079406738,5.9380717277526855,7.350250720977783,4.747981548309326,9.35280990600586,4.412777423858643,7.987417221069336,,,,,,,,,,,7.665547847747803,8.002738952636719,4.6281561851501465,8.274839401245117,7.21198844909668,9.361294746398926,6.318790912628174,10.506994247436523,5.03217887878418,9.65294361114502,,,,,,,,,,,,,,,,,,,,,,,,,,,,,,,,,,,,,,,,
15,3149,,,,,,,,,,,,,,,,,,,,,,,,,,,,,,,,,,,,,,,,,0.2280869036912918,0.3393051028251648,0.22075703740119934,0.24350258708000183,0.33992063999176025,0.24892526865005493,0.19524863362312317,0.16256073117256165,0.12468364089727402,0.17787829041481018,5.360355854034424,5.2628865242004395,5.719564914703369,5.595535755157471,6.814746379852295,6.800877094268799,5.903559684753418,3.783153533935547,2.9302499294281006,5.432631969451904,,,,,,,,,,,6.552188396453857,6.448481559753418,6.769692420959473,6.859724044799805,8.342350006103516,8.085564613342285,7.230441093444824,4.7551751136779785,4.05348014831543,6.42478609085083,,,,,,,,,,,,,,,,,,,,,,,,,,,,,,,,,,,,,,,,
15,3154,,,,,,,,,,,,,,,,,,,,,,,,,,,,,,,,,,,,,,,,,0.2859311103820801,0.36731746792793274,0.15229064226150513,0.24181754887104034,0.16228611767292023,0.4756537973880768,0.09869587421417236,0.5559020638465881,0.33335477113723755,0.1860615462064743,5.687580585479736,4.989660263061523,5.508674621582031,6.143856525421143,4.872553825378418,7.984949588775635,3.968007802963257,7.132498741149902,5.15863037109375,5.429391384124756,,,,,,,,,,,7.026902198791504,6.709390163421631,5.622743129730225,6.835948467254639,5.764217376708984,11.176898956298828,5.140676498413086,8.793421745300293,6.627910137176514,6.5709099769592285,,,,,,,,,,,,,,,,,,,,,,,,,,,,,,,,,,,,,,,,
15,3159,,,,,,,,,,,,,,,,,,,,,,,,,,,,,,,,,,,,,,,,,0.32658183574676514,0.28921324014663696,0.11779947578907013,0.18229694664478302,0.173283651471138,0.3258686661720276,0.3094062805175781,0.3204669952392578,0.4739941656589508,0.7469069957733154,5.823531627655029,4.615752220153809,4.0247273445129395,4.651132106781006,3.772918224334717,7.0933074951171875,7.99468469619751,5.383331298828125,5.487256050109863,9.388676643371582,,,,,,,,,,,7.65429162979126,5.953486442565918,4.945194244384766,5.935326099395752,5.956325531005859,9.251180648803711,9.101969718933105,6.6765241622924805,7.903324127197266,13.165291786193848,,,,,,,,,,,,,,,,,,,,,,,,,,,,,,,,,,,,,,,,
15,3164,,,,,,,,,,,,,,,,,,,,,,,,,,,,,,,,,,,,,,,,,0.33740437030792236,0.6077934503555298,0.14296038448810577,0.2970315217971802,0.22553801536560059,0.48240378499031067,0.38874495029449463,0.12159678339958191,0.12143076956272125,0.6491395831108093,5.486897945404053,5.947624206542969,4.822873115539551,5.6922526359558105,5.340971946716309,6.002096652984619,6.992505073547363,3.4871437549591064,2.980196952819824,8.116415977478027,,,,,,,,,,,7.8105149269104,8.630586624145508,5.447778701782227,7.576282501220703,6.795313835144043,11.255925178527832,10.202420234680176,4.112631320953369,4.0002546310424805,12.2734375,,,,,,,,,,,,,,,,,,,,,,,,,,,,,,,,,,,,,,,,
15,3169,,,,,,,,,,,,,,,,,,,,,,,,,,,,,,,,,,,,,,,,,0.3216097056865692,0.2421855628490448,0.1919841468334198,0.2698975205421448,0.3635741174221039,0.34440645575523376,0.46385735273361206,0.3866705298423767,0.43470078706741333,0.19721098244190216,6.098368167877197,3.9101080894470215,5.652351379394531,4.608431816101074,7.508640289306641,7.830838680267334,8.639252662658691,5.790948390960693,5.473522186279297,5.471217155456543,,,,,,,,,,,7.770378112792969,5.447990894317627,6.313124656677246,7.221947193145752,8.627721786499023,9.5106782913208,11.144562721252441,7.333803176879883,7.568650722503662,6.76492166519165,,,,,,,,,,,,,,,,,,,,,,,,,,,,,,,,,,,,,,,,
15,3174,,,,,,,,,,,,,,,,,,,,,,,,,,,,,,,,,,,,,,,,,0.3914814889431,0.16148565709590912,0.37228140234947205,0.5118036270141602,0.48746258020401,0.41762590408325195,0.6347762942314148,0.24113309383392334,0.45474013686180115,0.24202443659305573,6.955359935760498,4.064486980438232,6.819501876831055,8.912463188171387,7.407711505889893,7.337277889251709,9.660050392150879,5.432307243347168,6.8167266845703125,6.1477155685424805,,,,,,,,,,,8.634653091430664,4.448660373687744,8.791182518005371,9.945040702819824,9.990110397338867,10.4729642868042,13.037103652954102,5.791447639465332,7.741139888763428,7.494226455688477,,,,,,,,,,,,,,,,,,,,,,,,,,,,,,,,,,,,,,,,
15,3179,,,,,,,,,,,,,,,,,,,,,,,,,,,,,,,,,,,,,,,,,0.39750558137893677,0.37277328968048096,0.15574638545513153,0.24013455212116241,0.44155052304267883,0.44229522347450256,0.49166417121887207,0.4588087797164917,0.4972599744796753,0.47731736302375793,6.55947208404541,5.528063774108887,4.134346008300781,4.629001617431641,8.184685707092285,9.069681167602539,7.668287754058838,6.072527885437012,4.701446056365967,9.04720687866211,,,,,,,,,,,8.625006675720215,6.759034633636475,5.686180591583252,6.812119007110596,9.508014678955078,10.777846336364746,11.473742485046387,7.988671779632568,8.094964981079102,10.524484634399414,,,,,,,,,,,,,,,,,,,,,,,,,,,,,,,,,,,,,,,,
15,3184,,,,,,,,,,,,,,,,,,,,,,,,,,,,,,,,,,,,,,,,,0.20205511152744293,0.17803218960762024,0.29667025804519653,0.3350334167480469,0.15006908774375916,0.26967868208885193,0.30137771368026733,0.08758073300123215,0.04220351576805115,0.15785038471221924,4.7381205558776855,3.6786296367645264,6.041934967041016,6.553042411804199,4.447607040405273,6.093088150024414,6.102461814880371,2.5119717121124268,2.2262730598449707,4.988075256347656,,,,,,,,,,,6.156450271606445,4.671017646789551,7.847812652587891,8.046350479125977,5.543004989624023,8.415873527526855,8.983102798461914,3.4903016090393066,2.3582921028137207,6.05229377746582,,,,,,,,,,,,,,,,,,,,,,,,,,,,,,,,,,,,,,,,
15,3189,,,,,,,,,,,,,,,,,,,,,,,,,,,,,,,,,,,,,,,,,0.4495246112346649,0.2589672803878784,0.2739384174346924,0.39790257811546326,0.7045523524284363,0.4586748480796814,0.3552602231502533,0.4601277709007263,0.7295745015144348,0.40672358870506287,7.260504722595215,3.764608144760132,6.193716526031494,7.053083419799805,9.033039093017578,8.156148910522461,7.86683464050293,6.400760650634766,8.665166854858398,8.211186408996582,,,,,,,,,,,9.133687019348145,5.6335835456848145,7.541159152984619,8.768861770629883,12.010367393493652,10.975600242614746,9.753131866455078,8.000146865844727,9.80523681640625,9.715091705322266,,,,,,,,,,,,,,,,,,,,,,,,,,,,,,,,,,,,,,,,
15,3194,,,,,,,,,,,,,,,,,,,,,,,,,,,,,,,,,,,,,,,,,0.4471551179885864,0.858568549156189,0.441203236579895,0.15262284874916077,0.5535947680473328,0.38472431898117065,0.4072984457015991,0.47266167402267456,0.17000128328800201,0.5837211608886719,7.09097146987915,7.7854437828063965,7.668054580688477,4.338387966156006,8.64034652709961,8.638167381286621,8.143237113952637,6.392791271209717,4.1687235832214355,8.043588638305664,,,,,,,,,,,8.9866943359375,10.257695198059082,9.570419311523438,5.430810451507568,10.646224021911621,10.051958084106445,10.443045616149902,8.108377456665039,4.733139991760254,11.638578414916992,,,,,,,,,,,,,,,,,,,,,,,,,,,,,,,,,,,,,,,,
15,3199,,,,,,,,,,,,,,,,,,,,,,,,,,,,,,,,,,,,,,,,,0.9369852542877197,0.5642802715301514,0.2691743075847626,1.303812026977539,0.4784163236618042,0.22341151535511017,0.4533713757991791,0.9702079892158508,3.261470317840576,0.9087232351303101,7.823671340942383,5.952611923217773,5.752578258514404,8.134672164916992,6.860024452209473,5.576594352722168,7.4423723220825195,6.568093776702881,13.77493667602539,10.351152420043945,,,,,,,,,,,11.901013374328613,8.315909385681152,7.475297927856445,15.873123168945312,9.896978378295898,7.659997940063477,11.017875671386719,11.616923332214355,20.731464385986328,14.521550178527832,,,,,,,,,,,,,,,,,,,,,,,,,,,,,,,,,,,,,,,,
15,3204,,,,,,,,,,,,,,,,,,,,,,,,,,,,,,,,,,,,,,,,,0.3258970081806183,0.25459322333335876,0.17486855387687683,0.16045698523521423,0.20496465265750885,0.40237337350845337,0.23761612176895142,0.23053869605064392,0.8842317461967468,0.38342973589897156,6.568246364593506,4.634285926818848,5.791415214538574,5.506927013397217,5.35361385345459,8.479032516479492,7.131479263305664,4.760217666625977,9.335070610046387,8.122175216674805,,,,,,,,,,,7.5337677001953125,5.585803985595703,6.025145053863525,5.568448066711426,6.477972507476807,10.279936790466309,7.976433753967285,5.662792682647705,10.794594764709473,9.432788848876953,,,,,,,,,,,,,,,,,,,,,,,,,,,,,,,,,,,,,,,,
15,3209,,,,,,,,,,,,,,,,,,,,,,,,,,,,,,,,,,,,,,,,,0.42731836438179016,0.39341944456100464,0.28977569937705994,0.25841256976127625,0.4363175928592682,0.4514324367046356,0.4713323414325714,0.720317006111145,0.20591238141059875,0.6189459562301636,7.347264766693115,4.796162128448486,7.003757953643799,6.5117645263671875,7.021580219268799,8.573002815246582,8.98395824432373,9.526021957397461,4.638657093048096,9.07047176361084,,,,,,,,,,,8.949323654174805,6.943687438964844,7.756086826324463,7.066619873046875,9.451506614685059,10.888605117797852,11.233999252319336,10.009688377380371,5.2091217041015625,11.984600067138672,,,,,,,,,,,,,,,,,,,,,,,,,,,,,,,,,,,,,,,,
15,3214,,,,,,,,,,,,,,,,,,,,,,,,,,,,,,,,,,,,,,,,,0.32765260338783264,0.39305704832077026,0.3653163015842438,0.2800692915916443,0.5236712098121643,0.5784767866134644,0.24282227456569672,0.15147122740745544,0.2369060218334198,0.177083358168602,6.1242194175720215,5.6967668533325195,7.270743370056152,5.70764684677124,8.484749794006348,8.534516334533691,5.8841705322265625,3.698580741882324,4.631373882293701,5.2094268798828125,,,,,,,,,,,7.815280437469482,6.940488815307617,8.708556175231934,7.356777667999268,10.354496955871582,12.325905799865723,8.06334114074707,4.590117454528809,5.587420463562012,6.410414218902588,,,,,,,,,,,,,,,,,,,,,,,,,,,,,,,,,,,,,,,,
15,3219,,,,,,,,,,,,,,,,,,,,,,,,,,,,,,,,,,,,,,,,,0.41773897409439087,0.2333412915468216,0.14753329753875732,0.27863091230392456,0.41935038566589355,1.179289698600769,0.5365546941757202,0.5570951104164124,0.1607484519481659,0.24710699915885925,6.763895511627197,4.779971599578857,4.673666477203369,4.877074241638184,7.453729152679443,12.333772659301758,8.668098449707031,8.221641540527344,3.9751651287078857,5.891942024230957,,,,,,,,,,,8.672056198120117,5.347589492797852,5.534223556518555,7.337862491607666,9.265911102294922,17.598926544189453,11.98609733581543,8.802852630615234,4.6025309562683105,7.572507858276367,,,,,,,,,,,,,,,,,,,,,,,,,,,,,,,,,,,,,,,,
15,3224,,,,,,,,,,,,,,,,,,,,,,,,,,,,,,,,,,,,,,,,,0.5835245251655579,0.5815292596817017,0.3911210894584656,0.2141917198896408,0.7805539965629578,0.8030465841293335,0.5387981534004211,0.9730607867240906,0.7284677624702454,0.2409512996673584,7.666481971740723,7.162322521209717,7.621644973754883,5.01314115524292,8.288179397583008,10.259635925292969,8.431031227111816,8.32241439819336,8.203099250793457,5.696864604949951,,,,,,,,,,,10.219035148620605,8.442052841186523,9.010881423950195,6.433631896972656,12.641571998596191,14.522662162780762,12.011130332946777,11.633989334106445,9.797798156738281,7.477592945098877,,,,,,,,,,,,,,,,,,,,,,,,,,,,,,,,,,,,,,,,
15,3229,,,,,,,,,,,,,,,,,,,,,,,,,,,,,,,,,,,,,,,,,0.68635094165802,0.6070431470870972,0.7330511212348938,0.9413906335830688,0.9851751923561096,0.7978941202163696,0.5780903100967407,0.32589420676231384,0.4523785412311554,0.7562408447265625,8.062152862548828,6.320876121520996,8.56930923461914,8.617574691772461,10.42611026763916,10.229071617126465,8.60260009765625,5.352537631988525,5.770551681518555,8.670734405517578,,,,,,,,,,,11.474431037902832,8.62525749206543,12.336125373840332,13.487759590148926,14.202225685119629,14.475996017456055,12.44138240814209,6.7328200340271,7.72101354598999,13.247297286987305,,,,,,,,,,,,,,,,,,,,,,,,,,,,,,,,,,,,,,,,
15,3234,,,,,,,,,,,,,,,,,,,,,,,,,,,,,,,,,,,,,,,,,0.35727569460868835,0.24845175445079803,1.1197453737258911,0.49128270149230957,0.3952897787094116,0.32617175579071045,0.20311054587364197,0.15823620557785034,0.04496514052152634,0.22822803258895874,6.254177570343018,4.2061686515808105,11.12762451171875,7.123714447021484,7.216606140136719,8.178908348083496,5.72551155090332,4.213428974151611,2.193014144897461,6.302623271942139,,,,,,,,,,,7.837514400482178,5.518020153045654,15.246539115905762,9.743627548217773,8.996166229248047,9.255481719970703,7.374576091766357,4.69149923324585,2.43422794342041,7.277491092681885,,,,,,,,,,,,,,,,,,,,,,,,,,,,,,,,,,,,,,,,
15,3239,,,,,,,,,,,,,,,,,,,,,,,,,,,,,,,,,,,,,,,,,0.27343660593032837,0.2574668824672699,0.1347653567790985,0.1841099113225937,0.4268525242805481,0.37556833028793335,0.41270190477371216,0.2662416994571686,0.16908250749111176,0.23414039611816406,5.7080583572387695,4.20674991607666,4.258998394012451,4.352965354919434,7.470916748046875,8.332613945007324,8.04600715637207,4.761090278625488,4.104320049285889,5.838863372802734,,,,,,,,,,,7.20449686050415,5.617239475250244,5.289331436157227,5.964766502380371,9.348427772521973,9.931625366210938,10.512088775634766,6.085507392883301,4.720333099365234,7.371152400970459,,,,,,,,,,,,,,,,,,,,,,,,,,,,,,,,,,,,,,,,
15,3244,,,,,,,,,,,,,,,,,,,,,,,,,,,,,,,,,,,,,,,,,0.9551498889923096,0.3393508791923523,0.5680426359176636,1.2511951923370361,1.1478043794631958,0.7205275297164917,1.1990876197814941,1.3972952365875244,1.5550028085708618,0.4180421531200409,8.67435359954834,5.052761554718018,7.757104396820068,8.032407760620117,9.723286628723145,9.36445140838623,11.59277629852295,9.988290786743164,9.360491752624512,7.19761848449707,,,,,,,,,,,13.10750675201416,6.448916912078857,10.859306335449219,15.54953670501709,15.32969856262207,13.756284713745117,17.918277740478516,13.941285133361816,14.314918518066406,9.849342346191406,,,,,,,,,,,,,,,,,,,,,,,,,,,,,,,,,,,,,,,,
15,3249,,,,,,,,,,,,,,,,,,,,,,,,,,,,,,,,,,,,,,,,,0.3913150727748871,0.3526846170425415,0.6257690787315369,0.0662112832069397,0.402863085269928,0.311760276556015,0.3712327480316162,0.3785947263240814,0.33921805024147034,0.6735018491744995,6.886814594268799,4.964105129241943,9.360868453979492,2.168519973754883,8.051977157592773,7.418197154998779,7.781316757202148,6.034592628479004,5.209707260131836,10.992047309875488,,,,,,,,,,,8.454904556274414,6.574390411376953,11.39773941040039,3.5770161151885986,9.081934928894043,9.048701286315918,9.969972610473633,7.256814002990723,6.685944557189941,12.501627922058105,,,,,,,,,,,,,,,,,,,,,,,,,,,,,,,,,,,,,,,,
15,3254,,,,,,,,,,,,,,,,,,,,,,,,,,,,,,,,,,,,,,,,,0.2777165472507477,0.2911067605018616,0.18129684031009674,0.12725457549095154,0.27904221415519714,0.9274678230285645,0.40341615676879883,0.14024752378463745,0.09750425815582275,0.052112944424152374,5.506537437438965,4.947443008422852,4.4926910400390625,4.496161937713623,5.462436199188232,12.627876281738281,7.727440357208252,3.4702718257904053,3.4187088012695312,2.9158053398132324,,,,,,,,,,,6.900501728057861,5.9729437828063965,6.134890079498291,4.958970546722412,7.558482646942139,15.607211112976074,10.393156051635742,4.416786193847656,3.5845537185668945,3.477522850036621,,,,,,,,,,,,,,,,,,,,,,,,,,,,,,,,,,,,,,,,
15,3259,,,,,,,,,,,,,,,,,,,,,,,,,,,,,,,,,,,,,,,,,0.43019992113113403,0.33694928884506226,0.18846580386161804,1.03897225856781,0.235051691532135,0.42511066794395447,0.382424920797348,0.612752377986908,0.19213789701461792,0.45993444323539734,6.701925754547119,4.705564975738525,5.306706428527832,10.391148567199707,5.626584529876709,7.639186382293701,7.557803153991699,6.636530876159668,4.459194183349609,7.994613170623779,,,,,,,,,,,8.785377502441406,6.426056861877441,6.255009174346924,14.169576644897461,6.9371538162231445,10.56639575958252,10.119146347045898,9.232115745544434,5.031874179840088,10.33106803894043,,,,,,,,,,,,,,,,,,,,,,,,,,,,,,,,,,,,,,,,
15,3264,,,,,,,,,,,,,,,,,,,,,,,,,,,,,,,,,,,,,,,,,0.362968385219574,0.4188637435436249,0.3560476303100586,0.1462564319372177,0.2093736082315445,0.5650557279586792,0.2599872648715973,0.26647692918777466,0.6461988091468811,0.39845532178878784,6.482387542724609,5.659928321838379,7.683424949645996,4.392602920532227,5.136791706085205,8.765412330627441,6.694129943847656,5.451113700866699,7.805293083190918,6.752793312072754,,,,,,,,,,,8.120361328125,7.164710998535156,8.597371101379395,5.316335201263428,6.547275066375732,12.18208122253418,8.343472480773926,6.088194847106934,9.227973937988281,9.615835189819336,,,,,,,,,,,,,,,,,,,,,,,,,,,,,,,,,,,,,,,,
15,3269,,,,,,,,,,,,,,,,,,,,,,,,,,,,,,,,,,,,,,,,,0.45155730843544006,0.5017291307449341,0.37628763914108276,0.5546777844429016,0.4999732971191406,0.6775602102279663,0.17431186139583588,0.37924185395240784,0.5393691062927246,0.36086517572402954,6.949763774871826,5.501519680023193,6.788049697875977,7.119010925292969,7.699347972869873,10.71297836303711,5.841792583465576,5.876571178436279,5.6879119873046875,7.320693016052246,,,,,,,,,,,9.129658699035645,7.841459274291992,8.838358879089355,10.353216171264648,10.117496490478516,13.339815139770508,6.831786632537842,7.2630133628845215,8.43075180053711,9.151023864746094,,,,,,,,,,,,,,,,,,,,,,,,,,,,,,,,,,,,,,,,
15,3274,,,,,,,,,,,,,,,,,,,,,,,,,,,,,,,,,,,,,,,,,0.23046408593654633,0.18199904263019562,0.23021210730075836,0.2647385001182556,0.27256035804748535,0.36163076758384705,0.15569019317626953,0.28743237257003784,0.15584337711334229,0.16407017409801483,5.066028594970703,3.3909575939178467,5.174239158630371,6.257884979248047,6.248734951019287,7.089455604553223,3.9146604537963867,5.027125358581543,3.287241220474243,5.203958988189697,,,,,,,,,,,6.609560489654541,4.7227702140808105,6.913146495819092,7.152592182159424,7.470179080963135,9.745598793029785,6.456563472747803,6.323049545288086,4.531765460968018,6.170381546020508,,,,,,,,,,,,,,,,,,,,,,,,,,,,,,,,,,,,,,,,
15,3279,,,,,,,,,,,,,,,,,,,,,,,,,,,,,,,,,,,,,,,,,1.2416925430297852,2.9937500953674316,0.1963738203048706,0.19044263660907745,2.276376247406006,2.1478443145751953,0.9789448976516724,0.06909283995628357,0.5935452580451965,0.02946523390710354,11.49400806427002,15.796478271484375,6.384891510009766,5.435884952545166,20.12978744506836,20.241947174072266,12.189969062805176,3.10009765625,5.994148254394531,2.6148815155029297,,,,,,,,,,,13.25480842590332,19.154464721679688,6.384891510009766,6.066483020782471,21.588459014892578,23.750747680664062,16.190113067626953,3.10009765625,8.844030380249023,2.6148815155029297,,,,,,,,,,,,,,,,,,,,,,,,,,,,,,,,,,,,,,,,
15,3279,,,,,,,,,,,,,,,,,,,,,,,,,,,,,,,,,,,,,,,,,,,,,,,,,,,6.632506370544434,5.455151557922363,6.460965633392334,6.365832328796387,6.937834739685059,8.465272903442383,7.399595260620117,5.6031928062438965,5.792765140533447,7.211947441101074,0.5743632912635803,0.5698635578155518,0.6115596294403076,0.6107646822929382,0.6159944534301758,0.5166968703269958,0.5959804654121399,0.5746661424636841,0.5240738391876221,0.5496702790260315,8.91454029083252,7.37253475189209,8.704279899597168,8.584903717041016,9.34302806854248,11.292411804199219,9.926005363464355,7.545078754425049,7.921350479125977,9.541267395019531,0.5453544855117798,0.7759048938751221,0.38665539026260376,0.5080389380455017,0.5531408786773682,0.5223429203033447,0.5161777138710022,0.43989378213882446,0.6464956402778625,0.5643376111984253,7.763051509857178,7.277524471282959,7.094058036804199,7.723329544067383,7.817180156707764,9.301054000854492,8.559738159179688,6.308563232421875,6.806045055389404,8.97996997833252,0.26759567856788635,0.3203984498977661,0.24639511108398438,0.20316451787948608,0.2924976348876953,0.2265620231628418,0.05359029769897461,0.4709640145301819,0.2297210693359375,0.3650677800178528,10.035981178283691,9.704083442687988,9.184100151062012,9.928324699401855,10.350996971130371,11.58910846710205,11.51281452178955,7.952630043029785,8.562846183776855,11.538925170898438
16,3284,,,,,,,,,,,,,,,,,,,,,,,,,,,,,,,,,,,,,,,,,0.2883041501045227,0.2990970015525818,0.13799308240413666,0.2826414704322815,0.14738301932811737,0.43143701553344727,0.35401803255081177,0.273557186126709,0.37068283557891846,0.29792773723602295,6.058660984039307,5.158003807067871,5.103675842285156,7.185155391693115,3.7428812980651855,8.001627922058105,7.011025428771973,5.5075225830078125,6.3766021728515625,6.4414520263671875,,,,,,,,,,,7.3492913246154785,6.054360866546631,5.352298259735107,7.390483379364014,5.493174076080322,10.64472770690918,9.736065864562988,6.168546676635742,6.989151954650879,8.31481647491455,,,,,,,,,,,,,,,,,,,,,,,,,,,,,,,,,,,,,,,,
16,3289,,,,,,,,,,,,,,,,,,,,,,,,,,,,,,,,,,,,,,,,,0.46466049551963806,0.2846362590789795,0.5804183483123779,0.3320696949958801,0.7248868942260742,0.6653573513031006,0.603344738483429,0.1438997983932495,0.19314366579055786,0.6541876792907715,7.213212966918945,4.324636459350586,7.9307379722595215,6.984583377838135,9.76181697845459,8.953965187072754,9.544899940490723,3.505333662033081,4.548520088195801,9.364426612854004,,,,,,,,,,,9.427298545837402,5.906189441680908,10.976963996887207,8.010683059692383,12.182454109191895,13.219143867492676,12.710233688354492,4.473926544189453,5.045027256011963,12.32106876373291,,,,,,,,,,,,,,,,,,,,,,,,,,,,,,,,,,,,,,,,
16,3294,,,,,,,,,,,,,,,,,,,,,,,,,,,,,,,,,,,,,,,,,0.593161404132843,0.18568365275859833,0.3483680188655853,0.8626776933670044,0.6291038990020752,0.7052509188652039,0.5479587912559509,0.7732822895050049,1.1044421195983887,0.18168510496616364,8.395295143127441,4.123582363128662,8.313555717468262,11.985036849975586,8.739644050598145,10.685136795043945,9.044591903686523,7.804347038269043,9.333782196044922,5.527978897094727,,,,,,,,,,,10.242894172668457,4.7703375816345215,8.50414752960205,12.91157341003418,11.34908390045166,13.609670639038086,12.112805366516113,10.371170043945312,12.064095497131348,6.493171215057373,,,,,,,,,,,,,,,,,,,,,,,,,,,,,,,,,,,,,,,,
16,3299,,,,,,,,,,,,,,,,,,,,,,,,,,,,,,,,,,,,,,,,,0.4922683537006378,0.6578003168106079,0.24730677902698517,0.9711074233055115,0.2809429466724396,0.8561732769012451,0.6202594637870789,0.34605756402015686,0.1671561300754547,0.2836114466190338,6.817166805267334,5.837837219238281,5.058922290802002,9.718785285949707,5.8953328132629395,10.681339263916016,9.149430274963379,5.184148788452148,4.071812629699707,5.756894588470459,,,,,,,,,,,9.450383186340332,8.978612899780273,7.16522216796875,13.698988914489746,7.58418083190918,14.995354652404785,12.887167930603027,6.937977313995361,4.693366527557373,8.112581253051758,,,,,,,,,,,,,,,,,,,,,,,,,,,,,,,,,,,,,,,,
16,3304,,,,,,,,,,,,,,,,,,,,,,,,,,,,,,,,,,,,,,,,,0.49596723914146423,0.6823090314865112,0.6298819184303284,0.18760204315185547,0.46649450063705444,0.7040238380432129,0.5396617650985718,0.1896686553955078,0.44634556770324707,0.6177180409431458,7.585402488708496,7.216038227081299,9.70909595489502,5.356640815734863,8.411320686340332,9.56505298614502,9.04609489440918,4.516473293304443,6.240746974945068,8.207157135009766,,,,,,,,,,,9.641162872314453,9.144350051879883,11.435132026672363,6.0210700035095215,9.77288818359375,13.59782886505127,12.020751953125,5.136372089385986,7.669356346130371,11.97270679473877,,,,,,,,,,,,,,,,,,,,,,,,,,,,,,,,,,,,,,,,
16,3309,,,,,,,,,,,,,,,,,,,,,,,,,,,,,,,,,,,,,,,,,0.7985396981239319,1.1164058446884155,0.34799182415008545,0.4050617814064026,1.0480237007141113,1.4359211921691895,0.9438722133636475,0.5789774060249329,0.9023848176002502,0.4082183539867401,9.218034744262695,8.091045379638672,7.3885602951049805,6.399535179138184,11.402798652648926,14.110689163208008,12.640179634094238,7.484476566314697,8.781599044799805,6.663424015045166,,,,,,,,,,,12.069007873535156,11.696968078613281,8.499554634094238,8.847396850585938,14.648231506347656,19.419639587402344,15.89744758605957,8.974071502685547,10.904836654663086,9.732927322387695,,,,,,,,,,,,,,,,,,,,,,,,,,,,,,,,,,,,,,,,
16,3314,,,,,,,,,,,,,,,,,,,,,,,,,,,,,,,,,,,,,,,,,0.3749038279056549,0.3996272087097168,0.323935329914093,0.11671121418476105,0.4352864623069763,0.41061171889305115,0.19693225622177124,0.17203854024410248,0.4660837650299072,0.852908194065094,6.826035499572754,5.791050910949707,7.671490669250488,4.065799236297607,7.736812114715576,8.275697708129883,6.302609920501709,4.219374656677246,6.800941467285156,10.570539474487305,,,,,,,,,,,8.203536987304688,6.998255729675293,8.200509071350098,4.749098300933838,9.44033145904541,10.384641647338867,7.26154899597168,4.8918328285217285,7.837098121643066,14.068517684936523,,,,,,,,,,,,,,,,,,,,,,,,,,,,,,,,,,,,,,,,
16,3319,,,,,,,,,,,,,,,,,,,,,,,,,,,,,,,,,,,,,,,,,0.6492099165916443,0.7903245091438293,0.2376316338777542,0.8132513761520386,0.4476280212402344,0.783642590045929,0.37605127692222595,0.8560980558395386,0.8612257838249207,0.6770357489585876,8.59076976776123,7.6009087562561035,5.130800247192383,11.217644691467285,6.2713470458984375,11.827274322509766,7.579403877258301,7.721266269683838,9.230430603027344,10.737847328186035,,,,,,,,,,,10.828371047973633,9.841583251953125,7.023665904998779,12.536240577697754,9.573225021362305,14.346132278442383,10.034466743469238,10.91240406036377,10.653242111206055,12.534384727478027,,,,,,,,,,,,,,,,,,,,,,,,,,,,,,,,,,,,,,,,
16,3324,,,,,,,,,,,,,,,,,,,,,,,,,,,,,,,,,,,,,,,,,0.6115524172782898,0.2966039180755615,0.642297089099884,0.4122961759567261,0.5775143504142761,0.2789371609687805,0.2976113557815552,1.1778091192245483,1.6960376501083374,0.1248646229505539,7.5360107421875,4.358133316040039,8.717403411865234,7.760430335998535,8.237079620361328,7.084115505218506,7.052416801452637,10.045125961303711,10.396126747131348,4.17326545715332,,,,,,,,,,,9.777178764343262,6.029075622558594,11.547279357910156,8.926054954528809,10.873791694641113,8.559118270874023,8.926794052124023,12.799592018127441,14.949995040893555,5.382906913757324,,,,,,,,,,,,,,,,,,,,,,,,,,,,,,,,,,,,,,,,
16,3329,,,,,,,,,,,,,,,,,,,,,,,,,,,,,,,,,,,,,,,,,0.3225643038749695,0.36617547273635864,0.24718287587165833,0.10570873320102692,0.5656932592391968,0.5794915556907654,0.2672657072544098,0.30873537063598633,0.31364893913269043,0.14917701482772827,5.790120601654053,4.263094425201416,5.380474090576172,3.688438892364502,8.021900177001953,9.225482940673828,6.383014678955078,4.570621013641357,5.1033830642700195,5.474674701690674,,,,,,,,,,,7.645117282867432,6.6989521980285645,7.163427352905273,4.519707679748535,10.761930465698242,12.336710929870605,8.459455490112305,6.553177356719971,6.429026126861572,5.883667945861816,,,,,,,,,,,,,,,,,,,,,,,,,,,,,,,,,,,,,,,,
16,3334,,,,,,,,,,,,,,,,,,,,,,,,,,,,,,,,,,,,,,,,,0.3485623300075531,0.27264145016670227,0.3771771192550659,0.24252529442310333,0.3020813465118408,0.18477533757686615,0.4671638011932373,0.3582790791988373,0.5729225277900696,0.3594948351383209,5.9944257736206055,4.920685768127441,7.291238784790039,4.177428245544434,6.615264415740967,5.223104953765869,7.49872350692749,5.691113471984863,5.64995002746582,6.882321834564209,,,,,,,,,,,8.04133415222168,5.780404567718506,8.848798751831055,6.845945358276367,7.864327430725098,6.966230869293213,11.184213638305664,7.059426784515381,8.689029693603516,9.133631706237793,,,,,,,,,,,,,,,,,,,,,,,,,,,,,,,,,,,,,,,,
16,3339,,,,,,,,,,,,,,,,,,,,,,,,,,,,,,,,,,,,,,,,,0.7277854681015015,0.47270888090133667,1.9972724914550781,0.46109265089035034,0.3669458329677582,0.43277040123939514,0.1401829570531845,1.2741987705230713,0.9931204319000244,0.4117768406867981,8.421892166137695,6.072060585021973,13.778084754943848,7.034885883331299,6.756034851074219,7.988739013671875,4.812516689300537,11.815098762512207,9.723411560058594,7.816196918487549,,,,,,,,,,,10.821878433227539,7.611305236816406,20.362462997436523,9.439499855041504,8.667634963989258,10.661165237426758,6.126584053039551,13.313041687011719,11.439952850341797,9.775256156921387,,,,,,,,,,,,,,,,,,,,,,,,,,,,,,,,,,,,,,,,
16,3344,,,,,,,,,,,,,,,,,,,,,,,,,,,,,,,,,,,,,,,,,0.8884828686714172,0.4561987519264221,0.36424869298934937,0.7260280251502991,0.27228039503097534,0.4396247863769531,0.5208408832550049,0.39356446266174316,4.460541725158691,0.3630181550979614,8.20610237121582,6.265932559967041,7.0280280113220215,7.81099796295166,6.113707065582275,8.763128280639648,8.287260055541992,5.943575859069824,17.55185890197754,6.090427875518799,,,,,,,,,,,10.984522819519043,7.477205276489258,8.695822715759277,11.844905853271484,7.466341018676758,10.745261192321777,11.809277534484863,7.398891925811768,24.244714736938477,9.1782808303833,,,,,,,,,,,,,,,,,,,,,,,,,,,,,,,,,,,,,,,,
16,3349,,,,,,,,,,,,,,,,,,,,,,,,,,,,,,,,,,,,,,,,,0.49062198400497437,0.47991621494293213,0.1983899176120758,0.362491250038147,0.6020005941390991,0.3786085247993469,0.5016253590583801,1.2494455575942993,0.19986668229103088,0.443253755569458,7.195797443389893,5.284764289855957,5.04146671295166,6.48387336730957,9.297285079956055,8.84391975402832,9.537500381469727,7.677761077880859,4.3952226638793945,8.200387001037598,,,,,,,,,,,9.286277770996094,7.66910982131958,6.4175825119018555,8.369579315185547,11.101921081542969,9.971742630004883,11.58938980102539,13.183096885681152,5.132081508636475,10.141995429992676,,,,,,,,,,,,,,,,,,,,,,,,,,,,,,,,,,,,,,,,
16,3354,,,,,,,,,,,,,,,,,,,,,,,,,,,,,,,,,,,,,,,,,0.30203941464424133,0.40752366185188293,0.3718770742416382,0.12774965167045593,0.4900045692920685,0.2994154095649719,0.3370811343193054,0.2780640125274658,0.04545288532972336,0.3611864447593689,5.709263324737549,5.9276862144470215,6.47686767578125,3.5364935398101807,7.09350061416626,6.460356712341309,6.896139144897461,5.70474100112915,2.048117160797119,7.239470958709717,,,,,,,,,,,7.447543621063232,7.067058086395264,8.786407470703125,4.9686079025268555,10.016124725341797,8.8677396774292,9.500314712524414,6.219151020050049,2.447394847869873,9.155097007751465,,,,,,,,,,,,,,,,,,,,,,,,,,,,,,,,,,,,,,,,
16,3359,,,,,,,,,,,,,,,,,,,,,,,,,,,,,,,,,,,,,,,,,0.3861615061759949,0.4330691695213318,0.24896053969860077,0.1808730661869049,0.2961115837097168,0.4555011987686157,0.18035978078842163,0.36162814497947693,1.0494260787963867,0.2695239782333374,6.2620391845703125,5.684986591339111,5.249826908111572,4.989997863769531,6.594711780548096,7.504887580871582,5.620930194854736,5.200643539428711,8.804576873779297,6.707790374755859,,,,,,,,,,,8.091130256652832,7.285190582275391,7.189140319824219,5.912100791931152,7.786231994628906,10.937564849853516,6.9492926597595215,7.092344284057617,11.759779930114746,7.90853214263916,,,,,,,,,,,,,,,,,,,,,,,,,,,,,,,,,,,,,,,,
16,3364,,,,,,,,,,,,,,,,,,,,,,,,,,,,,,,,,,,,,,,,,0.44978925585746765,0.9488524794578552,0.15489231050014496,0.2066095620393753,0.586190938949585,0.9045857191085815,0.38826966285705566,0.24002724885940552,0.26831528544425964,0.35036030411720276,6.975678443908691,7.2739033699035645,4.751241683959961,4.948814392089844,9.100038528442383,12.160100936889648,8.162864685058594,4.347812652587891,4.80282735824585,7.233500957489014,,,,,,,,,,,8.897664070129395,10.783546447753906,5.670567989349365,6.318734169006348,10.955170631408691,15.413481712341309,10.196181297302246,5.778152942657471,5.9462890625,9.016844749450684,,,,,,,,,,,,,,,,,,,,,,,,,,,,,,,,,,,,,,,,
16,3369,,,,,,,,,,,,,,,,,,,,,,,,,,,,,,,,,,,,,,,,,0.27979493141174316,0.28431251645088196,0.08963178098201752,0.29802292585372925,0.19131571054458618,0.2676941156387329,0.27878183126449585,0.32633984088897705,0.3138687312602997,0.4681869149208069,5.620639324188232,4.605104446411133,3.757261276245117,6.132424354553223,4.7714104652404785,6.696636199951172,6.674454689025879,5.576984405517578,4.646152973175049,7.725324630737305,,,,,,,,,,,7.1867356300354,5.902829647064209,4.31362771987915,7.588915824890137,6.258567810058594,8.384849548339844,8.639786720275879,6.737421989440918,6.431278705596924,10.423338890075684,,,,,,,,,,,,,,,,,,,,,,,,,,,,,,,,,,,,,,,,
16,3374,,,,,,,,,,,,,,,,,,,,,,,,,,,,,,,,,,,,,,,,,0.4151206910610199,0.5021743178367615,0.16661322116851807,0.6995255351066589,0.4577691853046417,0.4098615050315857,0.310870885848999,0.5335336327552795,0.37617582082748413,0.2795620858669281,6.805867671966553,6.776301860809326,5.593402862548828,9.378209114074707,7.1212968826293945,7.09662389755249,7.596156597137451,6.079366683959961,5.343323707580566,6.268125057220459,,,,,,,,,,,8.693605422973633,7.844937801361084,5.8812055587768555,11.626705169677734,9.681060791015625,10.375150680541992,9.123486518859863,8.614689826965332,7.040746688842773,8.054457664489746,,,,,,,,,,,,,,,,,,,,,,,,,,,,,,,,,,,,,,,,
16,3379,,,,,,,,,,,,,,,,,,,,,,,,,,,,,,,,,,,,,,,,,0.14556476473808289,0.31827351450920105,0.03928989917039871,0.021634869277477264,0.17578770220279694,0.19725953042507172,0.16573922336101532,0.0882297158241272,0.06403911858797073,0.23982927203178406,4.079111576080322,5.118039131164551,2.5805604457855225,1.965149164199829,4.592495918273926,5.592529773712158,5.732815742492676,3.170119524002075,2.160980224609375,5.799309253692627,,,,,,,,,,,4.985897541046143,6.2454328536987305,2.855959892272949,2.0447115898132324,5.999207973480225,7.197718620300293,6.661675453186035,3.5032095909118652,2.904998540878296,7.460163116455078,,,,,,,,,,,,,,,,,,,,,,,,,,,,,,,,,,,,,,,,
16,3384,,,,,,,,,,,,,,,,,,,,,,,,,,,,,,,,,,,,,,,,,0.25065889954566956,0.30414924025535583,0.24068139493465424,0.2771383225917816,0.20911715924739838,0.19726306200027466,0.0990402102470398,0.3073890209197998,0.38159310817718506,0.23955856263637543,5.491401672363281,4.606709957122803,5.18330717086792,5.9294328689575195,4.888551712036133,6.214866638183594,4.426788330078125,5.586118221282959,6.356781005859375,6.2300567626953125,,,,,,,,,,,6.7187581062316895,6.105280876159668,7.068592071533203,7.31818151473999,6.543264389038086,7.19778299331665,5.149636745452881,6.538872718811035,7.091262340545654,7.45595121383667,,,,,,,,,,,,,,,,,,,,,,,,,,,,,,,,,,,,,,,,
16,3389,,,,,,,,,,,,,,,,,,,,,,,,,,,,,,,,,,,,,,,,,0.36266177892684937,0.42981618642807007,0.2663310766220093,0.2960674464702606,0.3104763627052307,0.3279232978820801,0.2604244351387024,0.43948233127593994,0.6569671034812927,0.2764676809310913,6.524057865142822,5.479000568389893,5.553764343261719,5.270819664001465,7.143449783325195,7.891522407531738,7.0658793449401855,5.723102569580078,8.09296703338623,6.496017932891846,,,,,,,,,,,8.11044692993164,7.257777690887451,7.435711860656738,7.56397819519043,7.972856044769287,9.28030014038086,8.350483894348145,7.818608283996582,9.304544448852539,8.009757995605469,,,,,,,,,,,,,,,,,,,,,,,,,,,,,,,,,,,,,,,,
16,3394,,,,,,,,,,,,,,,,,,,,,,,,,,,,,,,,,,,,,,,,,0.41603413224220276,0.617364764213562,0.5544158220291138,0.6306414604187012,0.18447041511535645,0.3317561745643616,0.5131558775901794,0.28195884823799133,0.3368833065032959,0.29366058111190796,6.790876865386963,7.084648609161377,8.387435913085938,8.743648529052734,4.441411972045898,7.8324127197265625,8.088109970092773,4.486167907714844,5.186580657958984,6.8674750328063965,,,,,,,,,,,8.760916709899902,8.698275566101074,10.728263854980469,11.039417266845703,6.145582675933838,9.33437728881836,11.721831321716309,6.262555122375488,6.662895679473877,8.255056381225586,,,,,,,,,,,,,,,,,,,,,,,,,,,,,,,,,,,,,,,,
16,3399,,,,,,,,,,,,,,,,,,,,,,,,,,,,,,,,,,,,,,,,,0.3691001832485199,0.6179415583610535,0.24265260994434357,0.14663752913475037,0.4547628164291382,0.4333190321922302,0.34751302003860474,0.42240333557128906,0.33395150303840637,0.32272011041641235,6.441286563873291,5.638885498046875,5.3714165687561035,3.8562867641448975,7.397712707519531,8.228825569152832,8.661023139953613,5.919769763946533,5.306866645812988,7.590788841247559,,,,,,,,,,,8.226590156555176,8.702339172363281,7.097479343414307,5.323256969451904,9.649218559265137,10.667920112609863,9.646201133728027,7.6651811599731445,6.6338396072387695,8.6538667678833,,,,,,,,,,,,,,,,,,,,,,,,,,,,,,,,,,,,,,,,
16,3404,,,,,,,,,,,,,,,,,,,,,,,,,,,,,,,,,,,,,,,,,0.6397969722747803,0.7068894505500793,0.34883174300193787,1.8897775411605835,0.6337851285934448,1.109631896018982,0.3414159417152405,0.21801389753818512,0.3444848954677582,0.1653417944908142,7.333110332489014,5.4169745445251465,6.6194610595703125,12.685348510742188,8.291632652282715,11.787633895874023,6.785320281982422,4.512127876281738,5.105898857116699,4.793594837188721,,,,,,,,,,,10.376644134521484,9.30760669708252,8.509805679321289,19.10997772216797,11.391230583190918,17.071250915527344,9.561206817626953,5.506819248199463,6.737648963928223,6.194246768951416,,,,,,,,,,,,,,,,,,,,,,,,,,,,,,,,,,,,,,,,
16,3409,,,,,,,,,,,,,,,,,,,,,,,,,,,,,,,,,,,,,,,,,0.42883697152137756,0.8253864645957947,0.48621249198913574,0.2906208634376526,0.3508084714412689,0.6344310641288757,0.3761321008205414,0.3513898551464081,0.26546934247016907,0.27908211946487427,6.864233016967773,7.138833999633789,8.022052764892578,5.6542205810546875,6.112311363220215,9.936846733093262,8.27621078491211,5.682722091674805,4.7758469581604,6.179049968719482,,,,,,,,,,,8.88560962677002,10.057520866394043,10.046730041503906,7.494079113006592,8.474902153015137,12.908270835876465,10.035545349121094,6.991225719451904,5.914669036865234,8.047541618347168,,,,,,,,,,,,,,,,,,,,,,,,,,,,,,,,,,,,,,,,
16,3414,,,,,,,,,,,,,,,,,,,,,,,,,,,,,,,,,,,,,,,,,0.3183005750179291,0.6341357231140137,0.13809925317764282,0.17650575935840607,0.2303522378206253,0.46772629022598267,0.5853345394134521,0.10788147151470184,0.21102134883403778,0.3136484622955322,5.838833332061768,5.69553279876709,4.928890705108643,4.864610195159912,5.356146335601807,9.018513679504395,8.525386810302734,2.8459365367889404,4.555704116821289,6.7587785720825195,,,,,,,,,,,7.573185443878174,8.815629959106445,5.35435676574707,5.840289115905762,6.867455959320068,11.083367347717285,12.51909351348877,3.8737552165985107,5.273348808288574,8.531370162963867,,,,,,,,,,,,,,,,,,,,,,,,,,,,,,,,,,,,,,,,
16,3419,,,,,,,,,,,,,,,,,,,,,,,,,,,,,,,,,,,,,,,,,0.4546763002872467,0.6234419345855713,0.05636315792798996,1.0541937351226807,0.3056887090206146,0.5471511483192444,0.2408856451511383,0.5765396952629089,0.3909870982170105,0.29683539271354675,7.152135372161865,6.999404430389404,3.0352604389190674,11.894707679748535,6.40690279006958,9.1569242477417,6.383322715759277,7.460768699645996,6.459834575653076,6.572091102600098,,,,,,,,,,,8.755240440368652,8.740983009338379,3.4206557273864746,14.272994995117188,7.911145210266113,11.98752498626709,8.031123161315918,8.955160140991211,7.178017616271973,8.299560546875,,,,,,,,,,,,,,,,,,,,,,,,,,,,,,,,,,,,,,,,
16,3424,,,,,,,,,,,,,,,,,,,,,,,,,,,,,,,,,,,,,,,,,0.2827174961566925,0.6887180209159851,0.20170676708221436,0.19304949045181274,0.2295958399772644,0.16692662239074707,0.2476443499326706,0.4053300619125366,0.1700810045003891,0.24140505492687225,5.168498516082764,5.748383045196533,4.853847026824951,4.906681537628174,5.325477123260498,5.406861305236816,5.719514846801758,5.74389123916626,3.1172516345977783,5.694580554962158,,,,,,,,,,,7.012670516967773,9.187195777893066,6.471007347106934,6.1078619956970215,6.856171131134033,6.621230125427246,8.143011093139648,7.508671760559082,4.734250068664551,7.484631061553955,,,,,,,,,,,,,,,,,,,,,,,,,,,,,,,,,,,,,,,,
16,3429,,,,,,,,,,,,,,,,,,,,,,,,,,,,,,,,,,,,,,,,,0.23438508808612823,0.19948038458824158,0.26216214895248413,0.22541260719299316,0.1631716638803482,0.34239494800567627,0.2167510688304901,0.20310398936271667,0.23599441349506378,0.2609945833683014,5.280715465545654,3.756770133972168,6.111968994140625,5.308571815490723,4.753313064575195,6.823529243469238,5.358706474304199,4.559854984283447,4.601887226104736,6.2518391609191895,,,,,,,,,,,6.7196526527404785,4.944386005401611,7.377285957336426,6.600000858306885,5.7799224853515625,9.482864379882812,7.618183135986328,5.315179347991943,5.576659679412842,7.7823896408081055,,,,,,,,,,,,,,,,,,,,,,,,,,,,,,,,,,,,,,,,
16,3434,,,,,,,,,,,,,,,,,,,,,,,,,,,,,,,,,,,,,,,,,0.7571369409561157,0.3696013391017914,0.34912192821502686,0.46196016669273376,0.4714806079864502,0.4655829966068268,0.4650039076805115,1.2415192127227783,2.256382465362549,0.7335799336433411,8.36444091796875,4.764049530029297,6.4286651611328125,8.096976280212402,7.315503120422363,8.97603702545166,8.492512702941895,9.599461555480957,12.927948951721191,8.678816795349121,,,,,,,,,,,11.129486083984375,6.7302165031433105,8.513344764709473,9.448375701904297,9.82497787475586,11.057944297790527,11.158327102661133,13.141213417053223,17.243667602539062,13.047309875488281,,,,,,,,,,,,,,,,,,,,,,,,,,,,,,,,,,,,,,,,
16,3439,,,,,,,,,,,,,,,,,,,,,,,,,,,,,,,,,,,,,,,,,0.30520597100257874,0.19992101192474365,0.2478695660829544,0.3049192726612091,0.4986966848373413,0.22344812750816345,0.31180039048194885,0.12757182121276855,0.20808762311935425,0.6245392560958862,5.780882358551025,4.207522392272949,5.003979682922363,4.890893936157227,7.959287166595459,6.21934700012207,7.283767223358154,3.4088432788848877,3.350766897201538,9.703534126281738,,,,,,,,,,,7.576600074768066,4.949843883514404,7.173370361328125,7.6762189865112305,10.104571342468262,7.660625457763672,9.137116432189941,4.212462902069092,5.2365641593933105,12.038630485534668,,,,,,,,,,,,,,,,,,,,,,,,,,,,,,,,,,,,,,,,
16,3444,,,,,,,,,,,,,,,,,,,,,,,,,,,,,,,,,,,,,,,,,0.26219210028648376,0.2600162625312805,0.08311084657907486,0.3783000111579895,0.3965783715248108,0.5905749797821045,0.27739307284355164,0.03783978149294853,0.039411284029483795,0.29650408029556274,5.205519676208496,4.743005275726318,3.961568832397461,6.415503025054932,6.694417953491211,9.209885597229004,5.648949146270752,1.9746726751327515,2.104623794555664,6.0970540046691895,,,,,,,,,,,6.811125755310059,5.644981384277344,4.153751373291016,8.550135612487793,9.010815620422363,12.454130172729492,8.618240356445312,2.2942090034484863,2.2789437770843506,8.294925689697266,,,,,,,,,,,,,,,,,,,,,,,,,,,,,,,,,,,,,,,,
16,3449,,,,,,,,,,,,,,,,,,,,,,,,,,,,,,,,,,,,,,,,,0.30819353461265564,0.14638547599315643,0.317688912153244,0.3229404091835022,0.28702312707901,0.278688907623291,0.07306711375713348,0.24086835980415344,0.6654911637306213,0.44158831238746643,5.737368106842041,3.224407434463501,6.622097969055176,6.5851898193359375,5.947358131408691,6.237256050109863,3.7083935737609863,4.047491073608398,7.835668087005615,7.428450584411621,,,,,,,,,,,7.352955341339111,4.2355637550354,8.12105941772461,7.899799823760986,7.665809631347656,8.555309295654297,4.423151016235352,5.788267612457275,9.364712715148926,10.122923851013184,,,,,,,,,,,,,,,,,,,,,,,,,,,,,,,,,,,,,,,,
16,3454,,,,,,,,,,,,,,,,,,,,,,,,,,,,,,,,,,,,,,,,,0.9180612564086914,0.8973825573921204,0.818254292011261,1.1515909433364868,0.5996672511100769,0.4395800232887268,0.6275069713592529,0.8422342538833618,1.9180344343185425,0.9683003425598145,9.801045417785645,8.046951293945312,11.275152206420898,10.480561256408691,8.977084159851074,8.32474422454834,9.549827575683594,8.192949295043945,12.288890838623047,11.073247909545898,,,,,,,,,,,12.770832061767578,10.486995697021484,13.033342361450195,14.917774200439453,11.08038330078125,10.744712829589844,12.962240219116211,10.823685646057129,15.898330688476562,14.990021705627441,,,,,,,,,,,,,,,,,,,,,,,,,,,,,,,,,,,,,,,,
16,3459,,,,,,,,,,,,,,,,,,,,,,,,,,,,,,,,,,,,,,,,,0.32944753766059875,0.3590022921562195,0.15854276716709137,0.5628448128700256,0.46500587463378906,0.18221914768218994,0.26029711961746216,0.2334931492805481,0.26344311237335205,0.48017945885658264,5.66201639175415,5.1220574378967285,4.627444744110107,5.754255771636963,7.384405136108398,5.305160045623779,6.290882587432861,4.530605316162109,5.036626815795898,6.906712055206299,,,,,,,,,,,7.774420261383057,6.633013725280762,5.737000465393066,10.429156303405762,9.757283210754395,6.917877674102783,8.348443031311035,5.698962688446045,5.892053604125977,10.555990219116211,,,,,,,,,,,,,,,,,,,,,,,,,,,,,,,,,,,,,,,,
16,3464,,,,,,,,,,,,,,,,,,,,,,,,,,,,,,,,,,,,,,,,,0.45251932740211487,0.5212470889091492,0.3151162266731262,0.4922795295715332,0.3478778898715973,0.25063133239746094,0.310172975063324,0.794221818447113,0.4518209397792816,0.5893056392669678,7.287436485290527,7.4121785163879395,7.2598161697387695,8.365670204162598,7.132300853729248,7.016382217407227,6.512101173400879,8.041529655456543,5.124630451202393,8.72231674194336,,,,,,,,,,,9.046784400939941,7.992526531219482,8.088109970092773,9.753506660461426,8.43942928314209,8.113224983215332,9.113239288330078,10.510651588439941,7.716253280639648,11.69411849975586,,,,,,,,,,,,,,,,,,,,,,,,,,,,,,,,,,,,,,,,
16,3469,,,,,,,,,,,,,,,,,,,,,,,,,,,,,,,,,,,,,,,,,0.40422746539115906,0.7762958407402039,0.36170053482055664,0.27417829632759094,0.7023999094963074,0.2279844433069229,0.38723844289779663,0.2739926874637604,0.1616303026676178,0.47262659668922424,6.8423075675964355,6.887684345245361,8.099928855895996,6.404793739318848,9.947378158569336,6.852292537689209,7.158623218536377,5.104330062866211,3.9980478286743164,7.12769079208374,,,,,,,,,,,8.541340827941895,9.753846168518066,8.665352821350098,7.278995037078857,11.9920072555542,7.73799467086792,10.182631492614746,6.1734538078308105,4.615137577056885,10.472641944885254,,,,,,,,,,,,,,,,,,,,,,,,,,,,,,,,,,,,,,,,
16,3474,,,,,,,,,,,,,,,,,,,,,,,,,,,,,,,,,,,,,,,,,0.4361152648925781,0.46194347739219666,0.38695916533470154,0.40396785736083984,0.3559587001800537,0.511669397354126,0.42848819494247437,0.8637998700141907,0.201751708984375,0.3104989528656006,7.059842586517334,5.940814018249512,8.20340347290039,6.553879261016846,6.583770275115967,9.452014923095703,7.102744102478027,9.215766906738281,3.7621102333068848,6.724074840545654,,,,,,,,,,,8.974321365356445,7.524137496948242,8.962810516357422,8.835442543029785,8.536885261535645,11.592326164245605,10.711252212524414,10.961381912231445,5.156225681304932,8.488429069519043,,,,,,,,,,,,,,,,,,,,,,,,,,,,,,,,,,,,,,,,
16,3479,,,,,,,,,,,,,,,,,,,,,,,,,,,,,,,,,,,,,,,,,0.25793197751045227,0.41470858454704285,0.17537912726402283,0.1823701113462448,0.19236136972904205,0.18147721886634827,0.16215547919273376,0.2326856404542923,0.4146192669868469,0.3656310737133026,5.262590408325195,6.306804180145264,4.232869625091553,4.999996662139893,4.734953880310059,4.968781471252441,5.350058078765869,4.553430080413818,5.421408653259277,6.795006275177002,,,,,,,,,,,6.79559326171875,7.129084587097168,6.033934593200684,5.936517238616943,6.27564811706543,6.90377950668335,6.589259147644043,5.689099311828613,7.391763210296631,9.211254119873047,,,,,,,,,,,,,,,,,,,,,,,,,,,,,,,,,,,,,,,,
16,3484,,,,,,,,,,,,,,,,,,,,,,,,,,,,,,,,,,,,,,,,,0.31252866983413696,0.801659345626831,0.10873182117938995,0.8427261710166931,0.34915977716445923,0.08369988203048706,0.21598832309246063,0.05635851249098778,0.17950281500816345,0.1749313324689865,5.94097900390625,7.966029644012451,4.751053810119629,9.499732971191406,6.629013538360596,3.860764265060425,7.378543376922607,2.5042426586151123,4.695765495300293,6.183662414550781,,,,,,,,,,,6.911940097808838,9.911907196044922,4.751053810119629,12.761395454406738,8.454964637756348,4.688547611236572,7.604766845703125,2.7998743057250977,4.863612174987793,6.371343612670898,,,,,,,,,,,,,,,,,,,,,,,,,,,,,,,,,,,,,,,,
16,3484,,,,,,,,,,,,,,,,,,,,,,,,,,,,,,,,,,,,,,,,,,,,,,,,,,,6.6539626121521,5.439068794250488,6.491357326507568,6.3767266273498535,7.017323017120361,8.530091285705566,7.418544292449951,5.636998653411865,5.738855838775635,7.236696243286133,0.5746554136276245,0.5707234740257263,0.6107193231582642,0.6085973978042603,0.6142853498458862,0.5124173760414124,0.5966024398803711,0.5778501033782959,0.5338837504386902,0.5468199849128723,8.915508270263672,7.365160942077637,8.713688850402832,8.608771324157715,9.363798141479492,11.342297554016113,9.918362617492676,7.516785621643066,7.839288234710693,9.571416854858398,0.572746753692627,0.8693620562553406,0.40586385130882263,0.5330283641815186,0.6157243251800537,0.5588411092758179,0.5422419309616089,0.42548105120658875,0.6141007542610168,0.5981457829475403,7.985451698303223,7.653291702270508,7.267123699188232,7.976904392242432,8.114587783813477,9.623881340026855,8.80380916595459,6.410564422607422,6.84901762008667,9.169886589050293,0.22784897685050964,0.2323596477508545,0.19228190183639526,0.1476004719734192,0.2315773367881775,0.17427998781204224,0.006295621395111084,0.4765061140060425,0.2543991804122925,0.3353404998779297,10.310051918029785,10.313504219055176,9.5081205368042,10.268647193908691,10.78743839263916,11.974398612976074,11.796971321105957,7.910865306854248,8.424561500549316,11.80595874786377
17,3489,,,,,,,,,,,,,,,,,,,,,,,,,,,,,,,,,,,,,,,,,0.35901907086372375,0.4858574867248535,0.2002980262041092,0.38263651728630066,0.5122336149215698,0.31791186332702637,0.3223517835140228,0.10459082573652267,0.6115132570266724,0.29377803206443787,5.971497535705566,5.547026634216309,4.011997222900391,7.83532190322876,6.963957786560059,6.684310436248779,7.044443130493164,3.1207101345062256,6.493274211883545,6.042433261871338,,,,,,,,,,,8.053377151489258,7.716435432434082,6.448369979858398,8.599002838134766,10.240796089172363,9.13753890991211,9.290430068969727,3.8142178058624268,8.976896286010742,8.256707191467285,,,,,,,,,,,,,,,,,,,,,,,,,,,,,,,,,,,,,,,,
17,3494,,,,,,,,,,,,,,,,,,,,,,,,,,,,,,,,,,,,,,,,,0.1799214780330658,0.1825140118598938,0.17816776037216187,0.11148454993963242,0.22886857390403748,0.40946635603904724,0.11326070129871368,0.09761174768209457,0.12634947896003723,0.17157015204429626,4.609915256500244,3.596174955368042,5.188561916351318,3.721503496170044,5.13046407699585,8.346081733703613,4.392773151397705,2.7057385444641113,3.7579588890075684,4.649981498718262,,,,,,,,,,,5.805574417114258,4.729447364807129,6.081717014312744,4.641541481018066,6.845303535461426,10.370147705078125,5.506940841674805,3.684764862060547,4.08046817779541,6.309835433959961,,,,,,,,,,,,,,,,,,,,,,,,,,,,,,,,,,,,,,,,
17,3499,,,,,,,,,,,,,,,,,,,,,,,,,,,,,,,,,,,,,,,,,0.3176119923591614,0.3224170506000519,0.2149365395307541,0.10340498387813568,0.39316892623901367,0.8053646683692932,0.43433332443237305,0.3184005618095398,0.12329089641571045,0.14319093525409698,5.697343349456787,5.183108329772949,5.370458602905273,3.678856372833252,5.215177536010742,10.160908699035645,7.849944114685059,6.123394012451172,3.0296106338500977,4.66463041305542,,,,,,,,,,,7.576202392578125,6.28595495223999,6.679851055145264,4.470186233520508,8.971999168395996,14.543608665466309,10.784062385559082,6.654962539672852,4.030777454376221,5.764410972595215,,,,,,,,,,,,,,,,,,,,,,,,,,,,,,,,,,,,,,,,
17,3504,,,,,,,,,,,,,,,,,,,,,,,,,,,,,,,,,,,,,,,,,0.2404535859823227,0.36207473278045654,0.11362957209348679,0.14056316018104553,0.3522694408893585,0.08637656271457672,0.2876233160495758,0.2674967646598816,0.3440189063549042,0.2100299745798111,5.346750259399414,5.074286460876465,4.217906475067139,4.300261497497559,5.475107669830322,3.7365353107452393,7.637868881225586,5.273548603057861,6.5467119216918945,5.858525276184082,,,,,,,,,,,6.508386611938477,6.661336421966553,4.856879711151123,5.211834907531738,8.492530822753906,4.762925624847412,8.775721549987793,6.099833965301514,6.733089447021484,6.981324672698975,,,,,,,,,,,,,,,,,,,,,,,,,,,,,,,,,,,,,,,,
17,3509,,,,,,,,,,,,,,,,,,,,,,,,,,,,,,,,,,,,,,,,,0.47208893299102783,0.5791119933128357,0.11350122839212418,0.23214097321033478,0.3557680547237396,0.37266358733177185,0.22914005815982819,0.40624916553497314,1.4629247188568115,0.49730047583580017,6.767317295074463,5.930037975311279,3.979383707046509,6.547384262084961,6.662140846252441,8.667458534240723,6.266826152801514,5.107449054718018,8.526656150817871,9.218512535095215,,,,,,,,,,,8.709040641784668,8.42448902130127,4.854135990142822,6.697779178619385,8.534598350524902,9.893144607543945,7.832877159118652,7.517180442810059,13.88463020324707,10.742530822753906,,,,,,,,,,,,,,,,,,,,,,,,,,,,,,,,,,,,,,,,
17,3514,,,,,,,,,,,,,,,,,,,,,,,,,,,,,,,,,,,,,,,,,0.27349165081977844,0.49359041452407837,0.09171080589294434,0.0539461188018322,0.31337857246398926,0.5567964911460876,0.40046802163124084,0.055808212608098984,0.05232471972703934,0.4434014558792114,5.294348239898682,5.152095794677734,3.6594276428222656,2.679877519607544,5.779796600341797,8.973307609558105,7.743697643280029,2.3850460052490234,2.241950035095215,9.033934593200684,,,,,,,,,,,6.820371150970459,7.777600288391113,4.363368511199951,3.2287540435791016,8.010032653808594,12.09272289276123,10.355110168457031,2.7861709594726562,2.6258912086486816,10.143685340881348,,,,,,,,,,,,,,,,,,,,,,,,,,,,,,,,,,,,,,,,
17,3519,,,,,,,,,,,,,,,,,,,,,,,,,,,,,,,,,,,,,,,,,0.413483589887619,0.1396348923444748,0.7595518231391907,0.6230274438858032,0.3649054169654846,0.2639450430870056,0.45696359872817993,0.35888516902923584,0.2469950169324875,0.5074437856674194,6.948657512664795,3.3470194339752197,10.119924545288086,8.969802856445312,6.342859745025635,6.844872951507568,8.201218605041504,5.565086364746094,4.108067512512207,9.03906536102295,,,,,,,,,,,8.813267707824707,4.136749744415283,12.55712890625,10.972573280334473,8.643502235412598,8.325927734375,11.06143856048584,7.065395832061768,5.7051544189453125,10.85153579711914,,,,,,,,,,,,,,,,,,,,,,,,,,,,,,,,,,,,,,,,
17,3524,,,,,,,,,,,,,,,,,,,,,,,,,,,,,,,,,,,,,,,,,0.5464034676551819,0.713822066783905,0.423946350812912,0.6464619636535645,0.5067631006240845,0.8951785564422607,0.43362143635749817,0.32827499508857727,0.4646400213241577,0.5049227476119995,7.51701021194458,5.124723434448242,7.212679862976074,9.181312561035156,8.147701263427734,10.694241523742676,8.169288635253906,6.049250602722168,6.210395812988281,6.863498687744141,,,,,,,,,,,10.179191589355469,9.353135108947754,9.381387710571289,11.17702865600586,10.185964584350586,15.333125114440918,10.775219917297363,6.757369041442871,7.824950695037842,10.824544906616211,,,,,,,,,,,,,,,,,,,,,,,,,,,,,,,,,,,,,,,,
17,3529,,,,,,,,,,,,,,,,,,,,,,,,,,,,,,,,,,,,,,,,,0.2398814707994461,0.4981456696987152,0.08329850435256958,0.243888258934021,0.17568543553352356,0.15907758474349976,0.1377066671848297,0.19822461903095245,0.37631863355636597,0.2865877151489258,5.078747272491455,5.352211952209473,2.7941272258758545,5.443961143493652,4.463719844818115,5.402886867523193,4.865816116333008,4.765940189361572,6.509579181671143,6.110481262207031,,,,,,,,,,,6.424272537231445,7.8134074211120605,4.158438205718994,6.865154266357422,5.997462272644043,6.463687419891357,6.072231292724609,5.250945568084717,7.042082786560059,8.155037879943848,,,,,,,,,,,,,,,,,,,,,,,,,,,,,,,,,,,,,,,,
17,3534,,,,,,,,,,,,,,,,,,,,,,,,,,,,,,,,,,,,,,,,,0.38268333673477173,0.3126916289329529,1.0533124208450317,0.05022217333316803,0.1796453297138214,0.622856616973877,0.6010878682136536,0.0848233699798584,0.16042231023311615,0.3790881633758545,6.447654724121094,4.887001991271973,11.36975383758545,3.115076780319214,4.297640800476074,10.021503448486328,8.800983428955078,3.2691783905029297,4.086700916290283,8.18105411529541,,,,,,,,,,,8.116244316101074,6.190423965454102,14.787346839904785,3.1153197288513184,6.064675331115723,12.789981842041016,12.686440467834473,3.4349191188812256,4.5978593826293945,9.379232406616211,,,,,,,,,,,,,,,,,,,,,,,,,,,,,,,,,,,,,,,,
17,3539,,,,,,,,,,,,,,,,,,,,,,,,,,,,,,,,,,,,,,,,,0.3809471130371094,0.12718307971954346,1.324442744255066,0.06018266826868057,0.07932686805725098,0.2600573003292084,0.5027596354484558,0.8001939654350281,0.07330814003944397,0.2010696828365326,5.62725305557251,3.2153944969177246,11.269391059875488,2.973071813583374,3.1116600036621094,6.9282026290893555,6.551488399505615,7.38800573348999,3.0785651206970215,6.129499435424805,,,,,,,,,,,7.591763973236084,3.947998285293579,16.581668853759766,3.4102842807769775,4.030044078826904,8.264381408691406,11.602484703063965,10.550093650817871,3.1081318855285645,6.830783367156982,,,,,,,,,,,,,,,,,,,,,,,,,,,,,,,,,,,,,,,,
17,3544,,,,,,,,,,,,,,,,,,,,,,,,,,,,,,,,,,,,,,,,,0.33113646507263184,0.4281083047389984,0.09651695191860199,0.24108831584453583,0.7415041327476501,0.5844515562057495,0.3417043685913086,0.07160608470439911,0.11630777269601822,0.3589407503604889,5.754842281341553,6.0159173011779785,3.563932418823242,6.280776500701904,9.167570114135742,7.35676908493042,6.3496856689453125,2.4927031993865967,3.1815390586853027,7.38468599319458,,,,,,,,,,,7.668742656707764,7.243343353271484,4.476241111755371,6.825634002685547,12.321296691894531,12.389394760131836,9.5652437210083,3.155975818634033,3.9149632453918457,9.126590728759766,,,,,,,,,,,,,,,,,,,,,,,,,,,,,,,,,,,,,,,,
17,3549,,,,,,,,,,,,,,,,,,,,,,,,,,,,,,,,,,,,,,,,,0.4336297810077667,0.4417564868927002,0.5411027669906616,0.5912497043609619,0.43597179651260376,0.6924765706062317,0.2365272492170334,0.21078471839427948,0.37997162342071533,0.37282684445381165,7.253834247589111,6.175357818603516,8.047873497009277,8.029261589050293,7.072422027587891,11.842053413391113,6.603890895843506,4.364564418792725,6.1360626220703125,7.013022422790527,,,,,,,,,,,9.036642074584961,7.357898235321045,10.598673820495605,10.689082145690918,9.447759628295898,13.485852241516113,7.958135604858398,5.414748191833496,7.0761799812316895,9.30145263671875,,,,,,,,,,,,,,,,,,,,,,,,,,,,,,,,,,,,,,,,
17,3554,,,,,,,,,,,,,,,,,,,,,,,,,,,,,,,,,,,,,,,,,0.2569800615310669,0.16039235889911652,0.12124927341938019,0.10360069572925568,0.357783704996109,0.24236227571964264,0.356315016746521,0.32793787121772766,0.31491777300834656,0.3282613456249237,5.471767902374268,3.3225510120391846,4.120530128479004,4.061938285827637,6.844314098358154,5.940032958984375,7.097996234893799,5.167960166931152,5.240193843841553,7.450394630432129,,,,,,,,,,,6.905937671661377,4.433575630187988,5.017082214355469,4.474414825439453,8.55874252319336,7.9782633781433105,9.767600059509277,6.753897666931152,6.442017078399658,8.727846145629883,,,,,,,,,,,,,,,,,,,,,,,,,,,,,,,,,,,,,,,,
17,3559,,,,,,,,,,,,,,,,,,,,,,,,,,,,,,,,,,,,,,,,,0.6207661628723145,0.2684563994407654,0.17614425718784332,0.7809103727340698,0.27660951018333435,0.47398868203163147,0.3558151423931122,0.36853283643722534,2.417407989501953,0.4690302610397339,7.286154747009277,4.444069862365723,4.529785633087158,8.963034629821777,6.396166801452637,9.343612670898438,6.69563102722168,5.188726425170898,11.097362518310547,8.91700267791748,,,,,,,,,,,9.772415161132812,5.735868453979492,6.047082424163818,12.284442901611328,7.5254621505737305,11.157319068908691,9.760746002197266,7.159733295440674,17.848358154296875,10.432722091674805,,,,,,,,,,,,,,,,,,,,,,,,,,,,,,,,,,,,,,,,
17,3564,,,,,,,,,,,,,,,,,,,,,,,,,,,,,,,,,,,,,,,,,0.531758725643158,1.029198169708252,0.563498854637146,0.2524292469024658,0.9180996417999268,0.7860417366027832,0.5626083612442017,0.1661112904548645,0.18571381270885468,0.32212719321250916,7.138954162597656,7.843184947967529,7.908222198486328,5.342976093292236,10.582060813903809,8.269817352294922,9.64857006072998,3.985832452774048,4.2018890380859375,6.4680352210998535,,,,,,,,,,,9.753630638122559,11.230827331542969,10.815787315368652,6.984329700469971,13.710223197937012,14.368078231811523,12.273653030395508,4.806825160980225,4.94704008102417,8.645914077758789,,,,,,,,,,,,,,,,,,,,,,,,,,,,,,,,,,,,,,,,
17,3569,,,,,,,,,,,,,,,,,,,,,,,,,,,,,,,,,,,,,,,,,0.5627614855766296,0.7093856930732727,0.5218741297721863,1.5041754245758057,0.41428184509277344,0.6538442969322205,0.33352959156036377,0.3512325584888458,0.20802733302116394,0.36850231885910034,7.395274639129639,5.5428996086120605,9.00297737121582,11.205644607543945,7.3374481201171875,9.604907035827637,7.456282615661621,4.7746100425720215,4.359013080596924,7.273687839508057,,,,,,,,,,,10.002095222473145,9.324027061462402,10.408653259277344,17.049203872680664,9.209745407104492,13.104276657104492,9.450135231018066,6.989660263061523,5.235805034637451,9.247350692749023,,,,,,,,,,,,,,,,,,,,,,,,,,,,,,,,,,,,,,,,
17,3574,,,,,,,,,,,,,,,,,,,,,,,,,,,,,,,,,,,,,,,,,0.7776592373847961,1.3919841051101685,0.5733166337013245,0.44732174277305603,0.9488107562065125,1.3263827562332153,0.9124506711959839,0.35887202620506287,0.4135431945323944,0.6262510418891907,8.830464363098145,8.994518280029297,8.590531349182129,7.928070068359375,10.189403533935547,12.89356803894043,10.162276268005371,5.532773971557617,5.796287536621094,9.38675594329834,,,,,,,,,,,12.00035572052002,13.061089515686035,10.909602165222168,9.29747200012207,13.937646865844727,18.66423988342285,15.630594253540039,7.065266132354736,7.38216495513916,12.055116653442383,,,,,,,,,,,,,,,,,,,,,,,,,,,,,,,,,,,,,,,,
17,3579,,,,,,,,,,,,,,,,,,,,,,,,,,,,,,,,,,,,,,,,,0.3885609209537506,0.3455360531806946,0.3833668828010559,0.40437519550323486,0.3885890543460846,0.4268919825553894,0.3302820920944214,0.3432531952857971,0.6212290525436401,0.2535247504711151,6.89334774017334,5.233126163482666,6.993785858154297,8.082947731018066,7.036654949188232,8.189858436584473,7.467560768127441,5.132185935974121,8.215505599975586,5.688501834869385,,,,,,,,,,,8.534276962280273,6.507421493530273,8.921111106872559,8.839896202087402,8.919590950012207,10.588510513305664,9.404014587402344,6.90980863571167,9.047927856445312,7.670212745666504,,,,,,,,,,,,,,,,,,,,,,,,,,,,,,,,,,,,,,,,
17,3584,,,,,,,,,,,,,,,,,,,,,,,,,,,,,,,,,,,,,,,,,0.44046926498413086,0.3307628631591797,0.8013572692871094,0.20633015036582947,0.7111489176750183,0.33203569054603577,0.529705822467804,0.36155271530151367,0.46860623359680176,0.2227235585451126,6.907968997955322,5.375757694244385,8.88792896270752,4.954895973205566,10.092583656311035,6.4087700843811035,9.790350914001465,5.412741184234619,5.814259052276611,5.434436321258545,,,,,,,,,,,9.003613471984863,6.366791725158691,12.898070335388184,6.314460277557373,12.066460609436035,9.338308334350586,11.909353256225586,7.091605186462402,7.858276844024658,7.189195156097412,,,,,,,,,,,,,,,,,,,,,,,,,,,,,,,,,,,,,,,,
17,3589,,,,,,,,,,,,,,,,,,,,,,,,,,,,,,,,,,,,,,,,,0.3089863955974579,0.21065041422843933,0.4850503206253052,0.21935242414474487,0.11343073099851608,0.26525306701660156,0.41927415132522583,0.15930509567260742,0.609897792339325,0.2986637353897095,5.765463829040527,3.8309872150421143,6.578779220581055,5.314154148101807,3.974184274673462,6.99078893661499,7.608293533325195,3.0028584003448486,7.6211724281311035,6.96795654296875,,,,,,,,,,,7.487204551696777,5.0809326171875,10.03471565246582,6.510676383972168,4.819089889526367,8.346531867980957,10.595460891723633,4.707318305969238,8.965031623840332,8.325080871582031,,,,,,,,,,,,,,,,,,,,,,,,,,,,,,,,,,,,,,,,
17,3594,,,,,,,,,,,,,,,,,,,,,,,,,,,,,,,,,,,,,,,,,0.49305057525634766,1.1995893716812134,0.5533872246742249,0.23110263049602509,0.8409894704818726,0.29281726479530334,0.4391722083091736,0.1411922574043274,0.45918431878089905,0.2800203263759613,7.137430191040039,7.522997856140137,9.453022003173828,4.306070327758789,9.852818489074707,7.617434978485107,7.909588813781738,3.96020245552063,7.312615871429443,6.302122592926025,,,,,,,,,,,9.170319557189941,12.124911308288574,10.718307495117188,6.682783126831055,13.121846199035645,8.769487380981445,10.843968391418457,4.431636333465576,7.778875350952148,8.061057090759277,,,,,,,,,,,,,,,,,,,,,,,,,,,,,,,,,,,,,,,,
17,3599,,,,,,,,,,,,,,,,,,,,,,,,,,,,,,,,,,,,,,,,,0.5094760656356812,0.5809091925621033,0.15886032581329346,0.5257695317268372,0.4106824994087219,1.0057446956634521,0.17660395801067352,0.7087863087654114,0.23917746543884277,0.7787507772445679,7.22595739364624,6.172806262969971,4.84763765335083,8.475996017456055,7.457118988037109,10.658867835998535,5.053659439086914,6.731486797332764,4.803227424621582,10.832820892333984,,,,,,,,,,,9.505022048950195,8.43755054473877,5.742743015289307,10.079815864562988,9.169650077819824,16.252483367919922,6.876556396484375,9.929248809814453,5.614142417907715,13.443007469177246,,,,,,,,,,,,,,,,,,,,,,,,,,,,,,,,,,,,,,,,
17,3604,,,,,,,,,,,,,,,,,,,,,,,,,,,,,,,,,,,,,,,,,0.39243650436401367,0.18111559748649597,0.35893774032592773,0.8429276943206787,0.4440487027168274,0.4144507944583893,0.3049791753292084,0.47747698426246643,0.2224850058555603,0.2855067253112793,6.717133522033691,3.732388496398926,7.2715325355529785,9.668670654296875,6.853701591491699,7.707326412200928,6.259699821472168,7.521334648132324,4.6461968421936035,6.793350696563721,,,,,,,,,,,8.534987449645996,4.711294174194336,8.632194519042969,12.762920379638672,9.534873962402344,10.433075904846191,9.036617279052734,8.149574279785156,5.414690017700195,8.139644622802734,,,,,,,,,,,,,,,,,,,,,,,,,,,,,,,,,,,,,,,,
17,3609,,,,,,,,,,,,,,,,,,,,,,,,,,,,,,,,,,,,,,,,,0.2667524218559265,0.32069385051727295,0.41335195302963257,0.22064045071601868,0.32956182956695557,0.19979490339756012,0.255809485912323,0.1634623110294342,0.19600042700767517,0.30145663022994995,5.832266330718994,5.080722332000732,8.39230728149414,4.630082607269287,6.772830009460449,5.426896095275879,7.1752119064331055,3.7221522331237793,4.523139476776123,6.767054080963135,,,,,,,,,,,7.112337112426758,6.269134998321533,9.263427734375,6.529764175415039,8.214254379272461,7.243826866149902,8.276165008544922,4.768343448638916,5.082200527191162,8.363914489746094,,,,,,,,,,,,,,,,,,,,,,,,,,,,,,,,,,,,,,,,
17,3614,,,,,,,,,,,,,,,,,,,,,,,,,,,,,,,,,,,,,,,,,0.2911498248577118,0.050730206072330475,0.27494147419929504,0.04378147050738335,0.5683549046516418,0.6193086504936218,0.21671386063098907,0.36672714352607727,0.028386913239955902,0.45140400528907776,5.6017889976501465,1.8433817625045776,5.331165313720703,2.6666781902313232,8.536783218383789,10.464943885803223,6.581707954406738,5.51431131362915,1.4430538415908813,8.034072875976562,,,,,,,,,,,7.0473809242248535,2.4934208393096924,7.554953575134277,2.9087073802948,10.787219047546387,12.753500938415527,7.617529392242432,7.142171382904053,1.9341152906417847,10.23481273651123,,,,,,,,,,,,,,,,,,,,,,,,,,,,,,,,,,,,,,,,
17,3619,,,,,,,,,,,,,,,,,,,,,,,,,,,,,,,,,,,,,,,,,0.6594019532203674,0.3674642741680145,0.5552152991294861,0.3949294686317444,0.601384162902832,0.3152370750904083,0.191119983792305,0.8754165768623352,2.2504427433013916,0.38340818881988525,8.338851928710938,5.367873668670654,9.572860717773438,6.4662957191467285,7.858865737915039,6.662940979003906,6.255133628845215,9.118005752563477,15.411577224731445,8.336114883422852,,,,,,,,,,,10.13554859161377,6.710731506347656,10.73599624633789,8.736040115356445,11.096234321594238,9.099018096923828,7.153586387634277,11.034842491149902,17.220956802368164,9.432523727416992,,,,,,,,,,,,,,,,,,,,,,,,,,,,,,,,,,,,,,,,
17,3624,,,,,,,,,,,,,,,,,,,,,,,,,,,,,,,,,,,,,,,,,0.42518770694732666,0.6282685995101929,0.208132803440094,0.14223484694957733,0.5781558752059937,0.6014758348464966,0.39848747849464417,0.1313173621892929,0.7308855056762695,0.4077307879924774,6.852799415588379,6.819591522216797,5.573735237121582,3.745858907699585,8.905976295471191,9.899455070495605,7.559686183929443,3.641037702560425,7.632588863372803,7.897268772125244,,,,,,,,,,,8.6870698928833,8.774754524230957,6.573276519775391,5.242734909057617,10.879830360412598,12.568543434143066,10.329471588134766,4.273855209350586,9.814043045043945,9.727112770080566,,,,,,,,,,,,,,,,,,,,,,,,,,,,,,,,,,,,,,,,
17,3629,,,,,,,,,,,,,,,,,,,,,,,,,,,,,,,,,,,,,,,,,0.4972136318683624,0.6798766255378723,0.16553334891796112,0.250186562538147,0.7038688659667969,0.44806379079818726,0.3139782249927521,0.5080392956733704,0.4018890857696533,1.0034867525100708,7.373453617095947,6.237618923187256,5.149348735809326,6.5199432373046875,9.756733894348145,7.7620391845703125,7.747262477874756,6.950262546539307,6.001437664031982,10.236435890197754,,,,,,,,,,,9.434277534484863,9.128035545349121,5.86211633682251,6.953234672546387,12.00454044342041,10.847902297973633,9.168970108032227,8.40634822845459,7.277402877807617,15.259946823120117,,,,,,,,,,,,,,,,,,,,,,,,,,,,,,,,,,,,,,,,
17,3634,,,,,,,,,,,,,,,,,,,,,,,,,,,,,,,,,,,,,,,,,0.2866564393043518,0.49168017506599426,0.22861529886722565,0.6106220483779907,0.23224952816963196,0.41326868534088135,0.24247661232948303,0.05326380953192711,0.04354444891214371,0.2641872763633728,5.405455589294434,5.645989894866943,3.954955577850342,8.78870677947998,4.771188735961914,8.950797080993652,6.3505024909973145,2.3975889682769775,1.8993202447891235,5.89005184173584,,,,,,,,,,,7.092570781707764,7.762535572052002,6.889127731323242,10.862783432006836,6.895679473876953,10.418185234069824,8.057600975036621,2.721916913986206,2.3954641819000244,7.829844951629639,,,,,,,,,,,,,,,,,,,,,,,,,,,,,,,,,,,,,,,,
17,3639,,,,,,,,,,,,,,,,,,,,,,,,,,,,,,,,,,,,,,,,,0.26771804690361023,0.2309757024049759,0.16394637525081635,0.34327465295791626,0.3809405565261841,0.5393866896629333,0.14705179631710052,0.23433522880077362,0.11262951791286469,0.2569219470024109,5.519896507263184,4.258916854858398,4.4730753898620605,6.3697309494018555,6.890239238739014,8.509891510009766,4.81500768661499,4.630733966827393,3.226177453994751,6.5052947998046875,,,,,,,,,,,7.065635681152344,5.320413589477539,5.833948135375977,8.1447114944458,8.83137321472168,11.902164459228516,6.274888038635254,5.709229469299316,3.852560043334961,7.721430778503418,,,,,,,,,,,,,,,,,,,,,,,,,,,,,,,,,,,,,,,,
17,3644,,,,,,,,,,,,,,,,,,,,,,,,,,,,,,,,,,,,,,,,,0.8888519406318665,0.7173723578453064,1.1937966346740723,1.7000422477722168,0.6354969143867493,0.4022930860519409,0.6113516092300415,0.7650506496429443,1.2604551315307617,0.7138085961341858,8.762458801269531,6.17697811126709,12.261634826660156,11.81191349029541,9.051158905029297,8.07901382446289,9.75749397277832,5.719833850860596,8.020196914672852,7.98390531539917,,,,,,,,,,,12.644246101379395,9.37636661529541,15.742613792419434,18.125282287597656,11.406604766845703,10.278911590576172,12.794294357299805,10.315820693969727,12.888043403625488,12.870283126831055,,,,,,,,,,,,,,,,,,,,,,,,,,,,,,,,,,,,,,,,
17,3649,,,,,,,,,,,,,,,,,,,,,,,,,,,,,,,,,,,,,,,,,0.2613235414028168,0.17474055290222168,0.2077995091676712,0.26015931367874146,0.2304280549287796,0.2716520428657532,0.1849532574415207,0.35409945249557495,0.2586458921432495,0.40943360328674316,5.763132572174072,3.9775593280792236,5.493364334106445,5.962639808654785,5.707130432128906,6.498320579528809,5.690614223480225,5.713709354400635,5.126044273376465,7.6988115310668945,,,,,,,,,,,7.026914596557617,4.627635478973389,6.568011283874512,7.090463161468506,6.868585586547852,8.44660758972168,7.037230968475342,7.018128871917725,5.838160991668701,9.747403144836426,,,,,,,,,,,,,,,,,,,,,,,,,,,,,,,,,,,,,,,,
17,3654,,,,,,,,,,,,,,,,,,,,,,,,,,,,,,,,,,,,,,,,,0.8096460103988647,0.6616780161857605,0.6518567800521851,1.776100993156433,0.5332790613174438,0.4088258147239685,0.6423529386520386,0.7186369299888611,1.1161612272262573,0.7779224514961243,9.067849159240723,7.022100925445557,9.314252853393555,16.142593383789062,8.113601684570312,8.413249015808105,9.223445892333984,7.576084613800049,7.307436466217041,8.497873306274414,,,,,,,,,,,12.07242202758789,9.00503921508789,11.632893562316895,18.52630043029785,10.449051856994629,10.36203384399414,13.114678382873535,9.998007774353027,12.127933502197266,13.435855865478516,,,,,,,,,,,,,,,,,,,,,,,,,,,,,,,,,,,,,,,,
17,3659,,,,,,,,,,,,,,,,,,,,,,,,,,,,,,,,,,,,,,,,,0.39263078570365906,0.49458590149879456,0.4648246765136719,0.6356403231620789,0.4721319377422333,0.26273036003112793,0.46662452816963196,0.24086911976337433,0.2566986083984375,0.2395717054605484,7.313978672027588,5.910275936126709,8.482373237609863,10.071435928344727,8.234773635864258,6.7991228103637695,9.24036979675293,5.532734394073486,5.026869773864746,6.527853965759277,,,,,,,,,,,8.56318187713623,7.785439491271973,9.823273658752441,11.083083152770996,9.83176040649414,8.306746482849121,11.177754402160645,5.7882771492004395,5.816143035888672,7.456155776977539,,,,,,,,,,,,,,,,,,,,,,,,,,,,,,,,,,,,,,,,
17,3664,,,,,,,,,,,,,,,,,,,,,,,,,,,,,,,,,,,,,,,,,0.4333808720111847,0.4767768979072571,0.15328790247440338,0.12332209199666977,0.16284425556659698,1.1483750343322754,0.7070523500442505,0.10490461438894272,0.40228769183158875,0.6215769648551941,6.624115943908691,6.148383617401123,4.722390174865723,4.518045902252197,4.570677757263184,10.924761772155762,10.324125289916992,3.361388921737671,6.4996018409729,8.54766845703125,,,,,,,,,,,8.686444282531738,7.643986225128174,5.641123294830322,4.881747722625732,5.774120807647705,17.366718292236328,13.759307861328125,3.8199355602264404,7.281010150909424,12.010046005249023,,,,,,,,,,,,,,,,,,,,,,,,,,,,,,,,,,,,,,,,
17,3669,,,,,,,,,,,,,,,,,,,,,,,,,,,,,,,,,,,,,,,,,0.2138880491256714,0.15190404653549194,0.09118225425481796,0.4431687593460083,0.14162789285182953,0.10090360045433044,0.36436665058135986,0.05852389335632324,0.22669464349746704,0.34662070870399475,4.795773029327393,3.475569486618042,3.1797258853912354,7.82259464263916,3.6380815505981445,4.614923000335693,6.433675765991211,2.5435831546783447,4.134218692779541,7.319584846496582,,,,,,,,,,,6.179685115814209,4.314663410186768,4.350776672363281,9.25421142578125,5.384855270385742,5.147889137268066,9.877342224121094,2.8531548976898193,5.465676307678223,8.968595504760742,,,,,,,,,,,,,,,,,,,,,,,,,,,,,,,,,,,,,,,,
17,3674,,,,,,,,,,,,,,,,,,,,,,,,,,,,,,,,,,,,,,,,,0.30240169167518616,0.36574500799179077,0.23389318585395813,0.2577434778213501,0.29004475474357605,0.4261643588542938,0.629687488079071,0.22258806228637695,0.08612161874771118,0.20962728559970856,6.155422687530518,5.369316101074219,5.848724842071533,5.641221523284912,6.503200054168701,8.685422897338867,10.384700775146484,4.54218053817749,2.9272050857543945,5.496829032897949,,,,,,,,,,,7.544300556182861,6.695013999938965,6.968196868896484,7.057464599609375,7.706056118011475,10.579482078552246,12.984742164611816,5.56428861618042,3.3688321113586426,6.974628925323486,,,,,,,,,,,,,,,,,,,,,,,,,,,,,,,,,,,,,,,,
17,3679,,,,,,,,,,,,,,,,,,,,,,,,,,,,,,,,,,,,,,,,,0.2893778383731842,0.3314843773841858,0.2612727880477905,0.3262786865234375,0.2387251853942871,0.21643678843975067,0.1071356013417244,0.4770018458366394,0.3829280734062195,0.2631373107433319,5.450197219848633,4.664300441741943,5.451323509216309,5.774017810821533,6.3381733894348145,6.012436866760254,4.323500633239746,5.6765666007995605,4.624270915985107,6.1871819496154785,,,,,,,,,,,7.18100643157959,6.37373161315918,7.364763259887695,7.940525054931641,6.991152286529541,7.539480686187744,5.3559651374816895,8.145519256591797,7.1036553382873535,7.814270496368408,,,,,,,,,,,,,,,,,,,,,,,,,,,,,,,,,,,,,,,,
17,3684,,,,,,,,,,,,,,,,,,,,,,,,,,,,,,,,,,,,,,,,,0.39511916041374207,0.9209973216056824,0.26866450905799866,0.2877086400985718,0.39296337962150574,0.24701647460460663,0.44795700907707214,0.21797040104866028,0.3438352942466736,0.42895951867103577,6.588968753814697,7.510114669799805,5.409515380859375,6.236106872558594,6.781710147857666,6.651596546173096,8.669692993164062,4.329436302185059,5.696055889129639,8.016489028930664,,,,,,,,,,,8.415496826171875,10.624082565307617,7.468214511871338,7.456436634063721,8.969654083251953,8.05450439453125,10.951888084411621,5.506269931793213,6.731293201446533,9.977123260498047,,,,,,,,,,,,,,,,,,,,,,,,,,,,,,,,,,,,,,,,
17,3689,,,,,,,,,,,,,,,,,,,,,,,,,,,,,,,,,,,,,,,,,0.5639120936393738,0.4754108488559723,0.010234633460640907,0.022995827719569206,1.4913358688354492,1.4481933116912842,0.18351660668849945,0.3684311807155609,0.40491706132888794,0.31569743156433105,8.556319236755371,7.4260125160217285,1.457632064819336,2.108041763305664,17.473800659179688,19.272804260253906,5.923914432525635,6.862664222717285,5.36688756942749,6.232031345367432,,,,,,,,,,,9.106284141540527,7.633027076721191,1.457632064819336,2.108041763305664,17.473800659179688,19.5024471282959,7.009846210479736,7.158745765686035,7.304766654968262,8.559191703796387,,,,,,,,,,,,,,,,,,,,,,,,,,,,,,,,,,,,,,,,
17,3689,,,,,,,,,,,,,,,,,,,,,,,,,,,,,,,,,,,,,,,,,,,,,,,,,,,6.6237874031066895,5.426805019378662,6.473633289337158,6.366670608520508,6.970798015594482,8.455904960632324,7.370426654815674,5.582368850708008,5.742982864379883,7.224494457244873,0.5782914757728577,0.5723086595535278,0.6116288900375366,0.6159738302230835,0.6155742406845093,0.5202617049217224,0.6007594466209412,0.5836961269378662,0.5354968309402466,0.5489233732223511,8.876413345336914,7.3515496253967285,8.703502655029297,8.527263641357422,9.348137855529785,11.250685691833496,9.86712646484375,7.464559078216553,7.825712203979492,9.549178123474121,0.4939679801464081,0.7660607695579529,0.3705776631832123,0.40334823727607727,0.4966368079185486,0.4548758864402771,0.45633137226104736,0.4052077531814575,0.524867057800293,0.5681647658348083,7.469566345214844,7.1586222648620605,6.974357604980469,7.321331024169922,7.495911598205566,8.632153511047363,7.989696502685547,6.349820137023926,6.288862705230713,9.015344619750977,0.32933804392814636,0.3334917426109314,0.2504318952560425,0.30575627088546753,0.3528491258621216,0.32796305418014526,0.15999174118041992,0.5055285096168518,0.3669535517692566,0.3610766530036926,9.623537063598633,9.610149383544922,9.159468650817871,9.267180442810059,9.899677276611328,10.802738189697266,10.846352577209473,7.688450336456299,7.762684345245361,11.575133323669434
18,3694,,,,,,,,,,,,,,,,,,,,,,,,,,,,,,,,,,,,,,,,,0.4591139853000641,0.4409618675708771,0.1925942748785019,0.43006905913352966,0.38699978590011597,0.669224202632904,0.4294954836368561,0.4231327772140503,0.7630460262298584,0.39650264382362366,7.546237468719482,5.9270806312561035,5.309322834014893,8.501274108886719,7.405514240264893,10.68752384185791,8.617868423461914,5.7999958992004395,9.119115829467773,6.548436641693115,,,,,,,,,,,9.218353271484375,7.351276397705078,6.323147773742676,9.116412162780762,8.90133285522461,13.257501602172852,10.723834037780762,7.6717963218688965,10.027639389038086,9.592244148254395,,,,,,,,,,,,,,,,,,,,,,,,,,,,,,,,,,,,,,,,
18,3699,,,,,,,,,,,,,,,,,,,,,,,,,,,,,,,,,,,,,,,,,0.47309133410453796,0.3112783432006836,0.5497167706489563,0.4940323233604431,0.38477081060409546,0.6543486714363098,0.2949688732624054,0.6762628555297852,0.38340505957603455,0.5090380907058716,7.177013874053955,4.966483116149902,8.191376686096191,7.978827953338623,7.126124858856201,8.99758529663086,7.0186028480529785,8.27882194519043,5.345710277557373,6.6895856857299805,,,,,,,,,,,9.46416187286377,6.176418781280518,10.682703018188477,9.770855903625488,8.87566089630127,13.109330177307129,8.887076377868652,9.698765754699707,7.108078479766846,10.868568420410156,,,,,,,,,,,,,,,,,,,,,,,,,,,,,,,,,,,,,,,,
18,3704,,,,,,,,,,,,,,,,,,,,,,,,,,,,,,,,,,,,,,,,,0.5781680345535278,0.32723432779312134,0.49731096625328064,2.1787185668945312,0.39539286494255066,0.3109474778175354,0.43447816371917725,0.2207137644290924,0.12636451423168182,0.7123514413833618,7.716678142547607,4.652068138122559,8.184954643249512,13.789373397827148,7.287525653839111,7.769977569580078,9.478684425354004,5.091495037078857,3.4334964752197266,9.762531280517578,,,,,,,,,,,9.812356948852539,6.332740306854248,10.160748481750488,20.518964767456055,8.99733829498291,9.036897659301758,10.785859107971191,5.540811538696289,4.0807108879089355,12.857139587402344,,,,,,,,,,,,,,,,,,,,,,,,,,,,,,,,,,,,,,,,
18,3709,,,,,,,,,,,,,,,,,,,,,,,,,,,,,,,,,,,,,,,,,0.3593606948852539,0.5667417645454407,0.2648125886917114,0.15039674937725067,0.28552982211112976,0.39966902136802673,0.29845717549324036,0.40148457884788513,0.12960581481456757,0.7375485897064209,6.041215896606445,5.410406589508057,5.11707878112793,4.124400615692139,5.854727268218994,7.685998439788818,6.951416015625,4.6099324226379395,3.1711301803588867,11.445849418640137,,,,,,,,,,,8.073162078857422,8.334027290344238,7.41448450088501,5.391059398651123,7.645843029022217,10.245333671569824,8.939471244812012,7.472969055175781,4.132715702056885,13.08255386352539,,,,,,,,,,,,,,,,,,,,,,,,,,,,,,,,,,,,,,,,
18,3714,,,,,,,,,,,,,,,,,,,,,,,,,,,,,,,,,,,,,,,,,0.3825927674770355,0.2141842246055603,0.6383528113365173,0.10900978744029999,0.7333396077156067,0.8204727172851562,0.4015936553478241,0.19007813930511475,0.02963276021182537,0.30667102336883545,6.3270745277404785,3.811119318008423,9.241074562072754,4.5835700035095215,9.666547775268555,7.861638069152832,8.296874046325684,5.044830799102783,1.9727789163589478,6.465239524841309,,,,,,,,,,,8.23123836517334,5.123373508453369,11.511767387390137,4.58973503112793,12.253275871276855,14.679388046264648,10.36965274810791,5.141913890838623,1.9761018753051758,8.435941696166992,,,,,,,,,,,,,,,,,,,,,,,,,,,,,,,,,,,,,,,,
18,3719,,,,,,,,,,,,,,,,,,,,,,,,,,,,,,,,,,,,,,,,,0.43413296341896057,0.38242819905281067,0.5063263773918152,0.13848960399627686,0.5523911714553833,0.4977761209011078,0.2458992749452591,0.6918863654136658,0.5887660980224609,0.30323338508605957,7.5724663734436035,5.2635016441345215,9.618096351623535,4.569648742675781,8.04595947265625,9.947779655456543,6.427125453948975,9.456223487854004,8.195531845092773,6.628334045410156,,,,,,,,,,,8.829055786132812,6.846004962921143,10.252433776855469,5.173250198364258,10.634644508361816,11.433860778808594,8.114269256591797,9.810160636901855,8.80835247039795,8.388527870178223,,,,,,,,,,,,,,,,,,,,,,,,,,,,,,,,,,,,,,,,
18,3724,,,,,,,,,,,,,,,,,,,,,,,,,,,,,,,,,,,,,,,,,0.5241293907165527,0.665550708770752,0.31177979707717896,0.44931113719940186,0.5481277704238892,0.44909077882766724,0.7067868709564209,0.3761764168739319,0.8310512900352478,0.3792896270751953,7.469856262207031,7.173035144805908,6.499773979187012,6.371196269989014,8.259902954101562,8.927522659301758,10.608306884765625,4.550046443939209,7.2561163902282715,7.582805156707764,,,,,,,,,,,9.8539457321167,9.031353950500488,8.045177459716797,9.318123817443848,10.593525886535645,10.86032772064209,13.75672435760498,7.23360013961792,10.464951515197754,9.381725311279297,,,,,,,,,,,,,,,,,,,,,,,,,,,,,,,,,,,,,,,,
18,3729,,,,,,,,,,,,,,,,,,,,,,,,,,,,,,,,,,,,,,,,,0.21133358776569366,0.18512733280658722,0.12908771634101868,0.15014314651489258,0.33380934596061707,0.15322983264923096,0.24112066626548767,0.16704830527305603,0.2535538077354431,0.2888820469379425,4.930118083953857,3.842944860458374,3.840294361114502,4.238257884979248,6.222320079803467,4.3739094734191895,6.7902140617370605,4.648000717163086,4.672539710998535,5.742580890655518,,,,,,,,,,,6.306736469268799,4.763185977935791,5.176713466644287,5.386512279510498,8.267017364501953,6.343771457672119,8.035039901733398,4.820363521575928,5.780406475067139,8.187616348266602,,,,,,,,,,,,,,,,,,,,,,,,,,,,,,,,,,,,,,,,
18,3734,,,,,,,,,,,,,,,,,,,,,,,,,,,,,,,,,,,,,,,,,0.3976428806781769,0.9412045478820801,0.056497007608413696,0.16855591535568237,0.6366741061210632,0.462900847196579,0.23962000012397766,0.02361488714814186,0.3459411561489105,0.7037776112556458,5.757331848144531,5.720129489898682,2.4169228076934814,5.082925796508789,8.254963874816895,8.961263656616211,5.63047981262207,1.2163268327713013,5.648388862609863,8.884588241577148,,,,,,,,,,,7.963218688964844,10.739999771118164,3.4247145652770996,5.707250118255615,11.417163848876953,11.026046752929688,8.009995460510254,1.8123899698257446,6.751874923706055,12.779531478881836,,,,,,,,,,,,,,,,,,,,,,,,,,,,,,,,,,,,,,,,
18,3739,,,,,,,,,,,,,,,,,,,,,,,,,,,,,,,,,,,,,,,,,0.3482343852519989,0.2593095004558563,0.5432862043380737,0.4976191520690918,0.3071387708187103,0.37527742981910706,0.29768285155296326,0.18034319579601288,0.20256121456623077,0.4708910286426544,6.257058143615723,4.551745414733887,8.814217567443848,7.267399311065674,5.830582618713379,7.518484592437744,6.335522174835205,3.657388925552368,4.205147743225098,8.133031845092773,,,,,,,,,,,8.164177894592285,5.637304782867432,10.620037078857422,9.80626106262207,7.929886341094971,9.927778244018555,8.92786693572998,5.008510589599609,5.166559219360352,10.45339584350586,,,,,,,,,,,,,,,,,,,,,,,,,,,,,,,,,,,,,,,,
18,3744,,,,,,,,,,,,,,,,,,,,,,,,,,,,,,,,,,,,,,,,,0.26385489106178284,0.18361501395702362,0.08212757110595703,0.3158990144729614,0.1813468635082245,0.2811926007270813,0.39624738693237305,0.32567062973976135,0.32792720198631287,0.28066781163215637,5.565867900848389,4.123165607452393,3.0193262100219727,5.990913391113281,4.764231204986572,6.696352005004883,7.753666400909424,5.205347061157227,5.715856075286865,6.823958396911621,,,,,,,,,,,7.0053324699401855,4.7436909675598145,4.1291069984436035,7.813201427459717,6.093329906463623,8.593653678894043,10.300397872924805,6.730510234832764,6.573732376098633,8.0703706741333,,,,,,,,,,,,,,,,,,,,,,,,,,,,,,,,,,,,,,,,
18,3749,,,,,,,,,,,,,,,,,,,,,,,,,,,,,,,,,,,,,,,,,0.2566240727901459,0.43833044171333313,0.0765417069196701,0.28262707591056824,0.3515542149543762,0.36012446880340576,0.21532559394836426,0.28711262345314026,0.03885519504547119,0.25914543867111206,5.536432266235352,5.362457275390625,3.1395859718322754,5.66571044921875,6.70611047744751,9.090909957885742,6.167477607727051,5.609225273132324,2.1071813106536865,5.97922945022583,,,,,,,,,,,6.760578632354736,7.329309940338135,3.986215353012085,7.390294551849365,8.483904838562012,9.725281715393066,7.5930914878845215,6.319530963897705,2.2628087997436523,7.7547712326049805,,,,,,,,,,,,,,,,,,,,,,,,,,,,,,,,,,,,,,,,
18,3754,,,,,,,,,,,,,,,,,,,,,,,,,,,,,,,,,,,,,,,,,0.42565616965293884,0.29733285307884216,0.3064051866531372,0.37129899859428406,0.5310454368591309,0.290507435798645,0.2786805033683777,0.3145512044429779,1.226464033126831,0.21461960673332214,6.605119705200195,4.929984092712402,7.004936695098877,7.313604831695557,7.490584850311279,7.355341911315918,7.094910621643066,5.252712726593018,7.430222511291504,5.573776721954346,,,,,,,,,,,8.518637657165527,6.036479473114014,7.9755330085754395,8.470650672912598,10.427145957946777,8.734830856323242,8.638216018676758,6.614612579345703,12.713077545166016,7.057190895080566,,,,,,,,,,,,,,,,,,,,,,,,,,,,,,,,,,,,,,,,
18,3759,,,,,,,,,,,,,,,,,,,,,,,,,,,,,,,,,,,,,,,,,0.4278564453125,0.4318089485168457,0.36040887236595154,0.16343891620635986,0.2562236189842224,0.6176676154136658,0.40902936458587646,0.11135353147983551,1.4143809080123901,0.08639606088399887,6.642371654510498,4.646378517150879,8.077864646911621,4.8634257316589355,5.9704508781433105,10.95566463470459,8.27692985534668,3.605968475341797,9.418803215026855,3.9658589363098145,,,,,,,,,,,8.22828483581543,7.274583339691162,8.649866104125977,5.61995267868042,7.2428460121154785,12.736592292785645,10.465211868286133,3.9355978965759277,13.652320861816406,4.477588176727295,,,,,,,,,,,,,,,,,,,,,,,,,,,,,,,,,,,,,,,,
18,3764,,,,,,,,,,,,,,,,,,,,,,,,,,,,,,,,,,,,,,,,,0.36121633648872375,0.1497456282377243,0.32891201972961426,0.40627509355545044,0.30867597460746765,0.4753789007663727,0.32091543078422546,0.6819647550582886,0.2719826102256775,0.3070966899394989,6.61143684387207,2.9639124870300293,6.177643775939941,6.994279861450195,6.504371166229248,9.055353164672852,6.6708831787109375,8.341266632080078,5.316675662994385,7.478543281555176,,,,,,,,,,,8.218782424926758,4.283900260925293,8.263261795043945,8.860637664794922,7.949705123901367,11.17366886138916,9.269709587097168,9.739567756652832,5.98678731918335,8.441794395446777,,,,,,,,,,,,,,,,,,,,,,,,,,,,,,,,,,,,,,,,
18,3769,,,,,,,,,,,,,,,,,,,,,,,,,,,,,,,,,,,,,,,,,0.30585065484046936,0.17579445242881775,0.5641988515853882,0.11812008917331696,0.2793740928173065,0.47096043825149536,0.35984060168266296,0.33670568466186523,0.1889757215976715,0.25868576765060425,5.98457670211792,3.486280679702759,9.040722846984863,4.030049800872803,5.950366497039795,8.63648509979248,7.775412082672119,5.650541305541992,3.747480869293213,5.543848514556885,,,,,,,,,,,7.59154748916626,4.6415696144104,10.822504043579102,4.777676582336426,7.5629754066467285,11.121620178222656,9.815803527832031,6.8435893058776855,4.99029541015625,7.747890472412109,,,,,,,,,,,,,,,,,,,,,,,,,,,,,,,,,,,,,,,,
18,3774,,,,,,,,,,,,,,,,,,,,,,,,,,,,,,,,,,,,,,,,,0.29256999492645264,0.32567113637924194,0.21414734423160553,0.3403150737285614,0.3414713442325592,0.16079439222812653,0.2197592705488205,0.3952414095401764,0.3128754198551178,0.32285448908805847,5.862191677093506,4.572025299072266,5.959293842315674,5.7085371017456055,7.094060897827148,5.5139546394348145,5.847784042358398,6.221157550811768,4.871540069580078,6.971372127532959,,,,,,,,,,,7.346310138702393,6.317596912384033,6.667576789855957,8.109526634216309,8.361357688903809,6.498473167419434,7.670866012573242,7.414638042449951,6.421093940734863,8.655668258666992,,,,,,,,,,,,,,,,,,,,,,,,,,,,,,,,,,,,,,,,
18,3779,,,,,,,,,,,,,,,,,,,,,,,,,,,,,,,,,,,,,,,,,0.392869770526886,0.23382553458213806,0.5591497421264648,0.3064187169075012,0.1793513298034668,0.7809682488441467,0.3440946638584137,0.3443630337715149,0.53392094373703,0.25373566150665283,7.0572590827941895,4.480292797088623,8.765859603881836,6.421855926513672,4.787354469299316,11.223248481750488,8.121749877929688,6.350374221801758,7.224992752075195,6.139602184295654,,,,,,,,,,,8.531620979309082,5.353135585784912,10.773969650268555,7.695069313049316,6.05971097946167,14.321632385253906,9.598641395568848,6.9209699630737305,8.38806438446045,7.673402309417725,,,,,,,,,,,,,,,,,,,,,,,,,,,,,,,,,,,,,,,,
18,3784,,,,,,,,,,,,,,,,,,,,,,,,,,,,,,,,,,,,,,,,,0.42043939232826233,0.3162918984889984,0.2859163284301758,0.493608295917511,0.19167053699493408,0.3464190363883972,0.4801608920097351,0.31937626004219055,1.0362716913223267,0.3142397105693817,6.897068500518799,5.120190620422363,5.967597007751465,7.884881496429443,5.150180816650391,6.821860313415527,9.536075592041016,4.794737815856934,9.64353084564209,7.154560565948486,,,,,,,,,,,8.636533737182617,6.225959300994873,7.704263687133789,9.766660690307617,6.264368534088135,9.538426399230957,11.338724136352539,6.665152072906494,11.685845375061035,8.539406776428223,,,,,,,,,,,,,,,,,,,,,,,,,,,,,,,,,,,,,,,,
18,3789,,,,,,,,,,,,,,,,,,,,,,,,,,,,,,,,,,,,,,,,,0.6939452290534973,0.35878849029541016,0.10918598622083664,0.8141132593154907,0.4233040511608124,0.3169214129447937,0.5323081016540527,0.2673964202404022,3.108567237854004,0.31492194533348083,7.0850067138671875,5.62748384475708,4.000307559967041,7.609247207641602,6.872467041015625,7.24254846572876,8.350031852722168,5.770157814025879,11.278614044189453,7.0142011642456055,,,,,,,,,,,9.910364151000977,6.631038188934326,4.7609663009643555,12.54288101196289,9.309489250183105,9.12329387664795,11.938570976257324,6.098689556121826,20.239669799804688,8.54867172241211,,,,,,,,,,,,,,,,,,,,,,,,,,,,,,,,,,,,,,,,
18,3794,,,,,,,,,,,,,,,,,,,,,,,,,,,,,,,,,,,,,,,,,1.2657132148742676,0.6993712782859802,0.6190183162689209,2.146425247192383,1.1418379545211792,0.7580611705780029,0.6878622770309448,1.9718445539474487,2.5538787841796875,0.8131192922592163,11.315850257873535,6.419323444366455,9.205306053161621,15.891745567321777,11.646166801452637,11.057665824890137,9.91521167755127,13.948859214782715,14.3087797164917,9.44959545135498,,,,,,,,,,,14.73050594329834,9.257979393005371,11.336092948913574,20.366331100463867,15.289802551269531,14.110032081604004,13.571303367614746,16.561325073242188,18.34524154663086,13.736445426940918,,,,,,,,,,,,,,,,,,,,,,,,,,,,,,,,,,,,,,,,
18,3799,,,,,,,,,,,,,,,,,,,,,,,,,,,,,,,,,,,,,,,,,0.5109310150146484,0.4737192392349243,0.3173421025276184,0.4983835220336914,0.4898853600025177,0.635201096534729,0.6784541606903076,0.29549533128738403,0.25207263231277466,0.9578257203102112,7.3520965576171875,6.431944847106934,5.367906093597412,7.967536449432373,8.08096981048584,8.897832870483398,8.893452644348145,4.687807083129883,4.782678127288818,11.058740615844727,,,,,,,,,,,9.893597602844238,7.6194353103637695,8.11662483215332,9.813789367675781,10.01490592956543,12.916102409362793,13.478175163269043,6.411121845245361,5.763498306274414,14.908721923828125,,,,,,,,,,,,,,,,,,,,,,,,,,,,,,,,,,,,,,,,
18,3804,,,,,,,,,,,,,,,,,,,,,,,,,,,,,,,,,,,,,,,,,0.5324677228927612,0.5720511078834534,0.38607755303382874,0.43399059772491455,0.6771823763847351,0.47431814670562744,0.897492527961731,0.27413785457611084,0.6527748107910156,0.4241843819618225,8.110295295715332,7.044577121734619,6.575011730194092,7.126984596252441,8.752240180969238,9.019064903259277,12.128326416015625,5.00705623626709,8.730372428894043,8.60901927947998,,,,,,,,,,,10.03252124786377,8.37297248840332,8.952593803405762,9.157881736755371,11.774771690368652,11.161195755004883,15.501945495605469,6.175088882446289,9.274808883666992,9.921435356140137,,,,,,,,,,,,,,,,,,,,,,,,,,,,,,,,,,,,,,,,
18,3809,,,,,,,,,,,,,,,,,,,,,,,,,,,,,,,,,,,,,,,,,0.45115482807159424,0.6263871192932129,0.5344700813293457,0.564933180809021,0.26426956057548523,0.6806902885437012,0.33197838068008423,0.31860417127609253,0.31820759177207947,0.4208527207374573,7.619376182556152,7.8544840812683105,9.447365760803223,9.566412925720215,6.367023944854736,11.309208869934082,6.8216423988342285,4.909232139587402,4.391887187957764,7.907132148742676,,,,,,,,,,,9.212565422058105,8.761605262756348,10.533515930175781,10.448487281799316,7.355686187744141,13.370593070983887,9.428132057189941,6.657090187072754,6.4755778312683105,9.88239574432373,,,,,,,,,,,,,,,,,,,,,,,,,,,,,,,,,,,,,,,,
18,3814,,,,,,,,,,,,,,,,,,,,,,,,,,,,,,,,,,,,,,,,,0.4284187853336334,0.6376962661743164,0.29067182540893555,0.24432653188705444,0.44578295946121216,0.584263801574707,0.5730130672454834,0.2673273980617523,0.37366601824760437,0.4390210509300232,6.9211320877075195,7.581305503845215,6.0247955322265625,4.854525089263916,7.849023342132568,9.176840782165527,8.488795280456543,4.863994598388672,5.788125038146973,7.66278076171875,,,,,,,,,,,9.001758575439453,8.840344429016113,7.768069744110107,6.871320724487305,9.553475379943848,12.387406349182129,12.386627197265625,6.097901821136475,7.0172200202941895,10.093456268310547,,,,,,,,,,,,,,,,,,,,,,,,,,,,,,,,,,,,,,,,
18,3819,,,,,,,,,,,,,,,,,,,,,,,,,,,,,,,,,,,,,,,,,0.4025448262691498,0.5479248762130737,0.07226546108722687,0.19623669981956482,0.4679063558578491,0.8595554828643799,0.7654699087142944,0.2614036798477173,0.2943774163722992,0.15776358544826508,6.461252689361572,5.821268558502197,3.5191667079925537,5.603525638580322,7.883793830871582,8.595829010009766,11.175225257873535,5.282343864440918,5.440694332122803,4.829429626464844,,,,,,,,,,,8.407095909118652,8.19450569152832,3.8732635974884033,6.158074855804443,9.787665367126465,15.024942398071289,14.316434860229492,6.029961585998535,6.228385925292969,6.050629615783691,,,,,,,,,,,,,,,,,,,,,,,,,,,,,,,,,,,,,,,,
18,3824,,,,,,,,,,,,,,,,,,,,,,,,,,,,,,,,,,,,,,,,,0.39202919602394104,0.19412262737751007,0.584675669670105,0.5237354040145874,0.3369556963443756,0.49114832282066345,0.25608953833580017,0.35174560546875,0.22001957893371582,0.5697699785232544,6.979874134063721,3.928067922592163,8.942776679992676,8.873701095581055,7.032720565795898,9.361292839050293,6.633161544799805,4.829716205596924,4.510028839111328,8.707403182983398,,,,,,,,,,,8.64189624786377,4.877534866333008,11.017148971557617,10.060297966003418,8.305887222290039,11.3574857711792,8.280693054199219,6.9947638511657715,5.38460636138916,11.498653411865234,,,,,,,,,,,,,,,,,,,,,,,,,,,,,,,,,,,,,,,,
18,3829,,,,,,,,,,,,,,,,,,,,,,,,,,,,,,,,,,,,,,,,,0.2828418016433716,0.4161420464515686,0.19175095856189728,0.09590061008930206,0.6491610407829285,0.2887297570705414,0.13874685764312744,0.1911511868238449,0.22423212230205536,0.34976130723953247,5.349377155303955,4.937361240386963,5.417034149169922,3.537329912185669,7.604494571685791,6.5687971115112305,4.924983024597168,4.037707805633545,4.202231407165527,6.914453029632568,,,,,,,,,,,7.076536655426025,7.141395092010498,6.309289455413818,4.304924964904785,11.528580665588379,8.708064079284668,6.09512186050415,5.156407356262207,5.435910224914551,9.009135246276855,,,,,,,,,,,,,,,,,,,,,,,,,,,,,,,,,,,,,,,,
18,3834,,,,,,,,,,,,,,,,,,,,,,,,,,,,,,,,,,,,,,,,,0.3503200113773346,0.5318797826766968,0.40436381101608276,0.33198949694633484,0.24200770258903503,0.21777218580245972,0.17989283800125122,0.5364920496940613,0.16041624546051025,0.5480660796165466,6.461963176727295,6.689815044403076,7.4166388511657715,6.900332927703857,5.672309398651123,6.285564422607422,5.408787250518799,7.519165992736816,3.4788098335266113,8.786247253417969,,,,,,,,,,,7.9223761558532715,8.073633193969727,9.162158012390137,8.009714126586914,7.039052963256836,7.562703609466553,6.940291881561279,8.638540267944336,4.597772598266602,11.277521133422852,,,,,,,,,,,,,,,,,,,,,,,,,,,,,,,,,,,,,,,,
18,3839,,,,,,,,,,,,,,,,,,,,,,,,,,,,,,,,,,,,,,,,,0.2674030363559723,0.43449342250823975,0.2237444519996643,0.27669861912727356,0.17728468775749207,0.40049129724502563,0.19421494007110596,0.33583471179008484,0.1139015480875969,0.24996347725391388,5.394811153411865,5.267062187194824,5.6574554443359375,6.404597282409668,4.651144981384277,6.886893272399902,4.8134765625,5.801662445068359,2.8648109436035156,6.206197261810303,,,,,,,,,,,7.0268731117248535,7.2971601486206055,6.815344333648682,7.312373161315918,6.024697780609131,10.255867958068848,7.211275577545166,6.834732532501221,3.8742542266845703,7.616149425506592,,,,,,,,,,,,,,,,,,,,,,,,,,,,,,,,,,,,,,,,
18,3844,,,,,,,,,,,,,,,,,,,,,,,,,,,,,,,,,,,,,,,,,0.42950329184532166,0.24759003520011902,0.32088372111320496,0.37435784935951233,0.360717236995697,0.3589882552623749,0.3080085813999176,0.5762782096862793,1.039510726928711,0.2791948914527893,7.016279697418213,4.264750003814697,6.9135026931762695,6.462003231048584,6.942943572998047,7.680760860443115,7.369489669799805,7.04038143157959,9.565367698669434,6.907320976257324,,,,,,,,,,,8.696352005004883,5.5084428787231445,8.161791801452637,8.505471229553223,8.593757629394531,9.709927558898926,9.081387519836426,8.953128814697266,11.704093933105469,8.049166679382324,,,,,,,,,,,,,,,,,,,,,,,,,,,,,,,,,,,,,,,,
18,3849,,,,,,,,,,,,,,,,,,,,,,,,,,,,,,,,,,,,,,,,,0.27190008759498596,0.34494906663894653,0.3711096942424774,0.0666804239153862,0.1816089153289795,0.35187670588493347,0.21690872311592102,0.21108007431030273,0.5135006904602051,0.18938656151294708,5.532626628875732,4.885481834411621,6.4494476318359375,2.831937551498413,4.918880462646484,7.318876266479492,6.138879776000977,4.622979640960693,7.1496806144714355,5.477477073669434,,,,,,,,,,,6.941650390625,6.50189208984375,8.777338027954102,3.5896661281585693,6.0977301597595215,9.613269805908203,7.62095308303833,5.4185404777526855,8.226097106933594,6.629362106323242,,,,,,,,,,,,,,,,,,,,,,,,,,,,,,,,,,,,,,,,
18,3854,,,,,,,,,,,,,,,,,,,,,,,,,,,,,,,,,,,,,,,,,0.37533825635910034,0.411284476518631,0.40596169233322144,1.0482609272003174,0.15983432531356812,0.3053610622882843,0.16146451234817505,0.2950303554534912,0.42289218306541443,0.16795486211776733,6.183043003082275,4.773862361907959,6.368026256561279,10.297330856323242,4.3280863761901855,7.989590167999268,5.319169044494629,5.217653274536133,6.2024054527282715,5.1512579917907715,,,,,,,,,,,7.986433506011963,7.099592685699463,9.180242538452148,14.232773780822754,5.7205095291137695,8.955352783203125,6.575205326080322,6.406075954437256,7.46514368057251,6.243002414703369,,,,,,,,,,,,,,,,,,,,,,,,,,,,,,,,,,,,,,,,
18,3859,,,,,,,,,,,,,,,,,,,,,,,,,,,,,,,,,,,,,,,,,0.2945310175418854,0.3727521300315857,0.34765759110450745,0.10786596685647964,0.30969473719596863,0.19585074484348297,0.45648595690727234,0.38188713788986206,0.20232579112052917,0.2762591540813446,5.488611698150635,4.454614639282227,6.704588890075684,3.3878138065338135,5.547724723815918,5.54939079284668,8.053966522216797,6.184548377990723,3.886535406112671,5.628325939178467,,,,,,,,,,,7.385437965393066,6.758842945098877,8.495471000671387,4.565592288970947,7.962813377380371,7.171970367431641,11.055655479431152,7.288300037384033,5.1635565757751465,8.006736755371094,,,,,,,,,,,,,,,,,,,,,,,,,,,,,,,,,,,,,,,,
18,3864,,,,,,,,,,,,,,,,,,,,,,,,,,,,,,,,,,,,,,,,,0.32623490691185,0.247297465801239,0.0796983391046524,0.14933164417743683,0.10524430871009827,0.2304784506559372,0.29358553886413574,0.8666995763778687,0.5472719073295593,0.41650697588920593,5.4991774559021,4.70652437210083,3.0170130729675293,4.254194259643555,4.185754776000977,5.63416051864624,7.3519697189331055,6.7929582595825195,5.895930767059326,7.6540913581848145,,,,,,,,,,,7.281816482543945,5.505187511444092,4.067582130432129,5.371935844421387,4.641934394836426,7.780205249786377,8.866212844848633,10.979763984680176,8.492291450500488,9.831241607666016,,,,,,,,,,,,,,,,,,,,,,,,,,,,,,,,,,,,,,,,
18,3869,,,,,,,,,,,,,,,,,,,,,,,,,,,,,,,,,,,,,,,,,0.42297232151031494,0.8568513989448547,0.5452975630760193,0.36404722929000854,0.3383592367172241,0.34170669317245483,0.44504913687705994,0.13458211719989777,0.23163685202598572,0.5492204427719116,6.363378047943115,6.540091037750244,7.759326457977295,6.555343151092529,5.369457244873047,7.215121269226074,7.324766159057617,3.4745869636535645,4.395603179931641,8.636106491088867,,,,,,,,,,,8.79204273223877,10.247431755065918,10.639676094055176,8.387523651123047,8.32316780090332,9.473329544067383,10.916282653808594,4.326656341552734,5.5249342918396,11.28939151763916,,,,,,,,,,,,,,,,,,,,,,,,,,,,,,,,,,,,,,,,
18,3874,,,,,,,,,,,,,,,,,,,,,,,,,,,,,,,,,,,,,,,,,0.20975488424301147,0.2019270658493042,0.2688008248806,0.1419980376958847,0.23260419070720673,0.24827709794044495,0.17558342218399048,0.2238556146621704,0.26873597502708435,0.12601161003112793,5.233723163604736,3.7050583362579346,6.691810607910156,4.3569416999816895,5.819124221801758,6.5533127784729,5.307655334472656,5.277419090270996,5.069102764129639,4.32308292388916,,,,,,,,,,,6.272706508636475,4.974616050720215,7.470109462738037,5.238368511199951,6.900941848754883,8.075031280517578,6.856658935546875,5.580109596252441,5.950948238372803,5.40757417678833,,,,,,,,,,,,,,,,,,,,,,,,,,,,,,,,,,,,,,,,
18,3879,,,,,,,,,,,,,,,,,,,,,,,,,,,,,,,,,,,,,,,,,0.366324782371521,0.21732957661151886,0.13227996230125427,0.15352895855903625,0.5409857034683228,0.09677325189113617,0.2223474681377411,0.2843049466609955,1.3752702474594116,0.2741025984287262,5.983362674713135,4.188924789428711,4.155965328216553,4.703131198883057,9.329290390014648,4.095684051513672,6.0996174812316895,5.500462532043457,9.942903518676758,5.83428430557251,,,,,,,,,,,7.428437232971191,5.160855293273926,5.240330696105957,5.4469075202941895,10.524283409118652,5.0414276123046875,7.71590518951416,6.288556098937988,13.462240219116211,7.975423812866211,,,,,,,,,,,,,,,,,,,,,,,,,,,,,,,,,,,,,,,,
18,3884,,,,,,,,,,,,,,,,,,,,,,,,,,,,,,,,,,,,,,,,,0.6684785485267639,1.282131552696228,0.13165393471717834,0.1993384063243866,0.7144061923027039,1.0560067892074585,0.8957923650741577,0.6836785078048706,0.37085840106010437,0.6824406981468201,7.991540908813477,8.181866645812988,4.12588357925415,5.18289852142334,8.580771446228027,9.954065322875977,11.23586368560791,8.163861274719238,6.132747650146484,10.365906715393066,,,,,,,,,,,10.836830139160156,12.53512191772461,5.2279157638549805,6.2065510749816895,12.094063758850098,16.653640747070312,15.487256050109863,9.751797676086426,6.99080753326416,12.584317207336426,,,,,,,,,,,,,,,,,,,,,,,,,,,,,,,,,,,,,,,,
18,3889,,,,,,,,,,,,,,,,,,,,,,,,,,,,,,,,,,,,,,,,,0.6263599991798401,0.1801963597536087,2.6378750801086426,0.4517897069454193,0.3960481882095337,0.2490902692079544,0.3695964217185974,0.7207430005073547,0.21129094064235687,0.42060965299606323,7.217363357543945,3.5621743202209473,13.730551719665527,7.70243501663208,6.946536540985107,6.161076068878174,7.737245559692383,6.463468074798584,4.923401832580566,7.7293782234191895,,,,,,,,,,,9.961584091186523,4.699322700500488,23.40123176574707,9.343790054321289,9.004791259765625,8.088244438171387,9.94797420501709,10.012646675109863,5.276716232299805,9.879542350769043,,,,,,,,,,,,,,,,,,,,,,,,,,,,,,,,,,,,,,,,
18,3894,,,,,,,,,,,,,,,,,,,,,,,,,,,,,,,,,,,,,,,,,1.4132919311523438,0.759814977645874,1.7170885801315308,1.1318700313568115,0.9195141792297363,1.2030532360076904,3.3995919227600098,1.1770198345184326,1.1982686519622803,1.213407039642334,13.619696617126465,8.095175743103027,14.900556564331055,13.619415283203125,11.150728225708008,14.786109924316406,22.01306915283203,11.415675163269043,11.796318054199219,14.800220489501953,,,,,,,,,,,16.34755516052246,9.64975357055664,18.88026237487793,14.78948974609375,13.720781326293945,17.775354385375977,30.170618057250977,12.795304298400879,12.566096305847168,16.78032684326172,,,,,,,,,,,,,,,,,,,,,,,,,,,,,,,,,,,,,,,,
18,3894,,,,,,,,,,,,,,,,,,,,,,,,,,,,,,,,,,,,,,,,,,,,,,,,,,,6.637582778930664,5.400433540344238,6.434408187866211,6.363041400909424,7.001041889190674,8.45407772064209,7.4910712242126465,5.700933933258057,5.711557865142822,7.181675434112549,0.5781452655792236,0.5789330005645752,0.6165218353271484,0.6122087836265564,0.6186556816101074,0.519737720489502,0.594817042350769,0.5736117362976074,0.5360613465309143,0.5527602434158325,8.87816047668457,7.294394493103027,8.648504257202148,8.568965911865234,9.31059741973877,11.256830215454102,9.940288543701172,7.554425239562988,7.820955276489258,9.508478164672852,0.5331112146377563,0.8359049558639526,0.3818012475967407,0.41750219464302063,0.5443220734596252,0.5397619605064392,0.4945380985736847,0.44557464122772217,0.5489178895950317,0.5963059067726135,7.707926273345947,7.5598368644714355,7.023168087005615,7.386356830596924,7.700410842895508,9.43315601348877,8.310534477233887,6.43271541595459,6.382242679595947,9.142910957336426,0.2786156237125397,0.2653440237045288,0.22586894035339355,0.30363231897354126,0.301255464553833,0.1994616985321045,0.08896756172180176,0.4536818861961365,0.3340902328491211,0.3352382779121399,9.989095687866211,10.089492797851562,9.308335304260254,9.28134536743164,10.28673267364502,11.790393829345703,11.295588493347168,8.081480979919434,7.961627006530762,11.806866645812988
19,3899,,,,,,,,,,,,,,,,,,,,,,,,,,,,,,,,,,,,,,,,,0.8583686947822571,0.7709169983863831,1.0869873762130737,1.0741472244262695,0.4742187261581421,1.0880588293075562,0.5078927278518677,1.843927264213562,0.6227174997329712,0.25645169615745544,9.935933113098145,9.045026779174805,10.836163520812988,12.10653018951416,7.609463214874268,14.08763313293457,9.734566688537598,13.496414184570312,5.952864646911621,6.554742813110352,,,,,,,,,,,12.261898040771484,9.719995498657227,15.021867752075195,14.407439231872559,9.853466033935547,16.904489517211914,11.6615629196167,16.015134811401367,9.058761596679688,7.714362144470215,,,,,,,,,,,,,,,,,,,,,,,,,,,,,,,,,,,,,,,,
19,3904,,,,,,,,,,,,,,,,,,,,,,,,,,,,,,,,,,,,,,,,,0.4757134020328522,0.4015057682991028,0.6907122135162354,0.25042372941970825,0.5847453474998474,0.6290985345840454,0.6143547296524048,0.39534446597099304,0.36592671275138855,0.34930938482284546,7.353281497955322,5.06428861618042,9.089083671569824,6.031891822814941,9.091948509216309,10.088984489440918,9.99700927734375,6.410495758056641,4.115293979644775,6.290533065795898,,,,,,,,,,,9.547791481018066,7.014684677124023,11.974578857421875,6.956529140472412,10.941655158996582,12.85390853881836,12.82568073272705,7.415605068206787,6.9441704750061035,9.003313064575195,,,,,,,,,,,,,,,,,,,,,,,,,,,,,,,,,,,,,,,,
19,3909,,,,,,,,,,,,,,,,,,,,,,,,,,,,,,,,,,,,,,,,,0.3652946650981903,0.47086453437805176,0.2367870807647705,0.45778825879096985,0.10514380782842636,0.4384259581565857,0.15611697733402252,0.2420431673526764,0.443475604057312,0.7370067834854126,6.090946197509766,5.408815383911133,5.372860908508301,7.251617431640625,3.777203321456909,8.846742630004883,4.976061820983887,4.948456764221191,5.079123020172119,9.157633781433105,,,,,,,,,,,8.041525840759277,7.596442222595215,7.011173248291016,9.405614852905273,4.639717102050781,10.730600357055664,6.46540641784668,5.802365779876709,7.644660472869873,13.077747344970703,,,,,,,,,,,,,,,,,,,,,,,,,,,,,,,,,,,,,,,,
19,3914,,,,,,,,,,,,,,,,,,,,,,,,,,,,,,,,,,,,,,,,,0.36297914385795593,0.5990839600563049,0.33766835927963257,0.14832822978496552,0.3105364739894867,0.6725501418113708,0.3536052703857422,0.5891834497451782,0.07501333206892014,0.18084298074245453,6.000321388244629,6.086846351623535,6.500396251678467,3.868837356567383,6.5148606300354,9.107205390930176,6.977841377258301,6.665808200836182,2.9039435386657715,5.377155780792236,,,,,,,,,,,7.99603796005249,8.568526268005371,8.37253189086914,5.353857517242432,7.973628044128418,13.290404319763184,9.730387687683105,9.052821159362793,3.1440722942352295,6.4781060218811035,,,,,,,,,,,,,,,,,,,,,,,,,,,,,,,,,,,,,,,,
19,3919,,,,,,,,,,,,,,,,,,,,,,,,,,,,,,,,,,,,,,,,,0.5417284369468689,0.18974484503269196,0.597603440284729,0.8269753456115723,0.32018160820007324,0.7645365595817566,0.9008047580718994,0.13784755766391754,0.9688043594360352,0.16905757784843445,7.440181255340576,4.255856990814209,7.962612152099609,9.520543098449707,5.329504013061523,11.885226249694824,10.40676498413086,3.7933483123779297,9.448554992675781,4.359220504760742,,,,,,,,,,,9.81562328338623,4.822222709655762,11.13828182220459,12.641573905944824,8.09650993347168,14.170167922973633,15.530525207519531,4.378831386566162,11.299034118652344,6.263463497161865,,,,,,,,,,,,,,,,,,,,,,,,,,,,,,,,,,,,,,,,
19,3924,,,,,,,,,,,,,,,,,,,,,,,,,,,,,,,,,,,,,,,,,0.42212975025177,0.30904388427734375,0.6832000017166138,0.5521319508552551,0.29987648129463196,0.21467319130897522,0.5130844116210938,0.36969470977783203,0.648953378200531,0.20850974321365356,6.476630687713623,4.210233211517334,9.647265434265137,7.7096686363220215,6.6587018966674805,6.121883869171143,7.483355522155762,4.889706134796143,6.730437755584717,4.838420391082764,,,,,,,,,,,8.75920581817627,6.154210567474365,11.909279823303223,10.329428672790527,7.835574626922607,7.508700370788574,11.721014976501465,7.171010494232178,9.247620582580566,6.956012725830078,,,,,,,,,,,,,,,,,,,,,,,,,,,,,,,,,,,,,,,,
19,3929,,,,,,,,,,,,,,,,,,,,,,,,,,,,,,,,,,,,,,,,,0.22266091406345367,0.08485474437475204,0.12936626374721527,0.1383371204137802,0.24481558799743652,0.1752839833498001,0.14041323959827423,0.34936463832855225,0.3122633099555969,0.4292494058609009,5.159950256347656,2.6845734119415283,4.422421932220459,4.2763872146606445,5.598631381988525,4.924813747406006,5.154241561889648,5.813591003417969,5.626010417938232,7.938879489898682,,,,,,,,,,,6.326685428619385,3.2247817516326904,5.182295799255371,5.170401096343994,7.079770565032959,6.784955024719238,6.1316142082214355,6.971049785614014,6.414809226989746,9.980493545532227,,,,,,,,,,,,,,,,,,,,,,,,,,,,,,,,,,,,,,,,
19,3934,,,,,,,,,,,,,,,,,,,,,,,,,,,,,,,,,,,,,,,,,0.3423711061477661,0.27511489391326904,0.19987399876117706,0.2241245061159134,0.46042943000793457,0.24646244943141937,0.4127020239830017,0.44154220819473267,0.20555907487869263,0.615531325340271,6.057158946990967,4.886482238769531,4.3079962730407715,6.066394805908203,6.933452129364014,6.339982509613037,8.712021827697754,6.216009616851807,3.9779868125915527,7.074104309082031,,,,,,,,,,,8.0098876953125,5.806565284729004,6.44154167175293,6.581116199493408,9.709149360656738,8.045466423034668,10.512089729309082,7.836909294128418,5.204651355743408,11.951497077941895,,,,,,,,,,,,,,,,,,,,,,,,,,,,,,,,,,,,,,,,
19,3939,,,,,,,,,,,,,,,,,,,,,,,,,,,,,,,,,,,,,,,,,0.37721019983291626,0.49426907300949097,0.2697826027870178,0.25076183676719666,0.2786075174808502,0.4871987998485565,0.4622694253921509,0.19947387278079987,0.3456457853317261,0.6068829298019409,6.5098185539245605,6.420612812042236,4.8921217918396,4.680229187011719,6.113476753234863,8.754217147827148,9.299286842346191,3.9040751457214355,5.035694599151611,9.488655090332031,,,,,,,,,,,8.455710411071777,7.782945156097412,7.483738899230957,6.961223602294922,7.5525922775268555,11.311727523803711,11.125470161437988,5.267465591430664,6.748991966247559,11.86723804473877,,,,,,,,,,,,,,,,,,,,,,,,,,,,,,,,,,,,,,,,
19,3944,,,,,,,,,,,,,,,,,,,,,,,,,,,,,,,,,,,,,,,,,0.40921810269355774,0.22276347875595093,1.4996308088302612,0.2650747299194336,0.23086075484752655,0.24321401119232178,0.24015575647354126,0.6527005434036255,0.06431754678487778,0.2642453610897064,6.050482273101807,4.638814926147461,9.738320350646973,5.877106666564941,5.627895355224609,6.389930725097656,6.476593017578125,7.5675201416015625,2.162992000579834,5.9751667976379395,,,,,,,,,,,8.131438255310059,5.2249755859375,17.644275665283203,7.157132625579834,6.875031471252441,7.992269515991211,8.018946647644043,9.528306007385254,2.9113070964813232,7.830705165863037,,,,,,,,,,,,,,,,,,,,,,,,,,,,,,,,,,,,,,,,
19,3949,,,,,,,,,,,,,,,,,,,,,,,,,,,,,,,,,,,,,,,,,0.4466966688632965,0.5937765836715698,0.4889094829559326,0.2928413450717926,0.5448912978172302,0.6329562067985535,0.3850899934768677,0.4028300344944,0.20639514923095703,0.4725797474384308,6.9779558181762695,6.005972862243652,7.683066368103027,6.345365047454834,7.686820983886719,9.658702850341797,6.634305000305176,6.314032077789307,4.219805717468262,8.253532409667969,,,,,,,,,,,9.212260246276855,8.530486106872559,10.074555397033691,7.522654056549072,10.562204360961914,12.893258094787598,10.15434455871582,7.485479354858398,5.215224742889404,10.472124099731445,,,,,,,,,,,,,,,,,,,,,,,,,,,,,,,,,,,,,,,,
19,3954,,,,,,,,,,,,,,,,,,,,,,,,,,,,,,,,,,,,,,,,,0.19620177149772644,0.16535727679729462,0.20371666550636292,0.2070603370666504,0.1720145344734192,0.12649807333946228,0.3501991331577301,0.1270296275615692,0.12867382168769836,0.2852664887905121,4.832258701324463,3.2522473335266113,4.6833624839782715,5.33071756362915,5.068197727203369,4.462268352508545,7.394295692443848,3.4539356231689453,3.280658006668091,6.564640045166016,,,,,,,,,,,6.129979610443115,4.501672744750977,6.503167629241943,6.325623512268066,5.934473991394043,5.763918876647949,9.68341064453125,4.2035017013549805,4.1178297996521,8.136218070983887,,,,,,,,,,,,,,,,,,,,,,,,,,,,,,,,,,,,,,,,
19,3959,,,,,,,,,,,,,,,,,,,,,,,,,,,,,,,,,,,,,,,,,0.2651635408401489,0.18666419386863708,0.1362236589193344,0.0680917426943779,0.4497891366481781,0.1879865974187851,0.4368426203727722,0.1638849526643753,0.2264019101858139,0.5305868983268738,5.299330711364746,3.506962537765503,4.933751583099365,2.7957451343536377,8.431334495544434,5.685423374176025,7.572237968444824,3.505388021469116,3.617457151412964,7.64567756652832,,,,,,,,,,,6.944344997406006,4.782916069030762,5.317872524261475,3.627455472946167,9.596306800842285,7.026504039764404,10.815168380737305,4.774503231048584,5.462145805358887,11.096230506896973,,,,,,,,,,,,,,,,,,,,,,,,,,,,,,,,,,,,,,,,
19,3964,,,,,,,,,,,,,,,,,,,,,,,,,,,,,,,,,,,,,,,,,0.27441877126693726,0.28205910325050354,0.24392299354076385,0.22947809100151062,0.17161643505096436,0.5174548029899597,0.2928418815135956,0.21431414783000946,0.27080824971199036,0.24727314710617065,5.880393981933594,4.2552056312561035,5.859615802764893,5.776412487030029,4.985185623168945,8.85346508026123,7.085812568664551,4.711252689361572,5.3290300369262695,6.067562103271484,,,,,,,,,,,7.233747959136963,5.879390716552734,7.116034030914307,6.659252643585205,5.927602767944336,11.657678604125977,8.854976654052734,5.459892749786377,5.973849296569824,7.5750532150268555,,,,,,,,,,,,,,,,,,,,,,,,,,,,,,,,,,,,,,,,
19,3969,,,,,,,,,,,,,,,,,,,,,,,,,,,,,,,,,,,,,,,,,0.3923925757408142,0.41394880414009094,0.38146430253982544,0.7430065274238586,0.891127347946167,0.44285276532173157,0.1529950499534607,0.2426847219467163,0.1372079998254776,0.12624558806419373,6.410807132720947,6.00577974319458,7.4667181968688965,7.723482131958008,9.858242988586426,8.947855949401855,5.29340124130249,4.745023250579834,3.230008602142334,4.426750659942627,,,,,,,,,,,8.241260528564453,7.122551441192627,8.898946762084961,11.982604026794434,13.507330894470215,10.784637451171875,6.400435447692871,5.8100504875183105,4.252193450927734,5.412591457366943,,,,,,,,,,,,,,,,,,,,,,,,,,,,,,,,,,,,,,,,
19,3974,,,,,,,,,,,,,,,,,,,,,,,,,,,,,,,,,,,,,,,,,0.37936967611312866,0.2568686902523041,0.5935335159301758,0.12253782153129578,0.400226891040802,0.29881685972213745,0.351548433303833,0.5042282342910767,0.4785453975200653,0.4080211818218231,6.699456691741943,4.39011812210083,8.780383110046387,4.193756103515625,6.804340839385986,7.1020097732543945,7.466714859008789,7.169793128967285,6.335049152374268,8.05294132232666,,,,,,,,,,,8.359644889831543,5.610710620880127,11.100288391113281,4.866199970245361,9.05217170715332,8.858872413635254,9.702047348022461,8.374757766723633,7.941176891326904,9.730576515197754,,,,,,,,,,,,,,,,,,,,,,,,,,,,,,,,,,,,,,,,
19,3979,,,,,,,,,,,,,,,,,,,,,,,,,,,,,,,,,,,,,,,,,0.3501366674900055,0.2020050436258316,0.6195467114448547,0.46575111150741577,0.3214662969112396,0.4756615459918976,0.48018237948417664,0.14655710756778717,0.24381524324417114,0.19624465703964233,6.493173599243164,4.468806743621826,8.895417213439941,6.761322021484375,6.605471134185791,10.186511993408203,9.045549392700195,3.4383296966552734,3.3155224323272705,5.7216315269470215,,,,,,,,,,,8.151551246643066,4.975576400756836,11.340929985046387,9.48706340789795,8.112736701965332,11.17699146270752,11.338977813720703,4.515045642852783,5.668312072753906,6.748326778411865,,,,,,,,,,,,,,,,,,,,,,,,,,,,,,,,,,,,,,,,
19,3984,,,,,,,,,,,,,,,,,,,,,,,,,,,,,,,,,,,,,,,,,0.1658974587917328,0.1222739964723587,0.13247373700141907,0.05693671107292175,0.22043608129024506,0.2513120174407959,0.1439933180809021,0.1292927861213684,0.17856474220752716,0.2577937841415405,4.654112815856934,2.7972166538238525,3.798995018005371,2.821265935897827,5.666895389556885,7.144925594329834,5.277442932128906,3.920666456222534,3.9007568359375,6.558849334716797,,,,,,,,,,,5.589999675750732,3.8710548877716064,5.244167804718018,3.317042827606201,6.718015193939209,8.124235153198242,6.209290504455566,4.240781307220459,4.850886821746826,7.73452091217041,,,,,,,,,,,,,,,,,,,,,,,,,,,,,,,,,,,,,,,,
19,3989,,,,,,,,,,,,,,,,,,,,,,,,,,,,,,,,,,,,,,,,,0.31781816482543945,0.5205868482589722,0.2433314025402069,0.2570217251777649,0.1803649216890335,0.3299202620983124,0.18251851201057434,0.5920917391777039,0.25570714473724365,0.29882097244262695,5.850547790527344,4.863139629364014,5.530971050262451,6.172463893890381,5.42626953125,6.877544403076172,5.32395601272583,7.478634357452393,4.64124059677124,6.340713024139404,,,,,,,,,,,7.525092124938965,7.98746395111084,7.107399940490723,7.047576904296875,6.076810359954834,9.308514595031738,6.990757942199707,9.0751371383667,5.804899215698242,8.327272415161133,,,,,,,,,,,,,,,,,,,,,,,,,,,,,,,,,,,,,,,,
19,3994,,,,,,,,,,,,,,,,,,,,,,,,,,,,,,,,,,,,,,,,,0.30682894587516785,0.27809348702430725,0.25812801718711853,0.34662720561027527,0.30980074405670166,0.3668374717235565,0.36844080686569214,0.18376246094703674,0.26934903860092163,0.38042137026786804,5.956828594207764,4.583204746246338,6.082060813903809,6.296389102935791,5.541759490966797,8.04807186126709,7.320577621459961,3.561490774154663,5.336565017700195,6.841339588165283,,,,,,,,,,,7.718212604522705,5.837913990020752,7.320305824279785,8.184388160705566,7.964176177978516,9.815506935119629,9.93241024017334,5.05576753616333,5.957732677459717,9.395710945129395,,,,,,,,,,,,,,,,,,,,,,,,,,,,,,,,,,,,,,,,
19,3999,,,,,,,,,,,,,,,,,,,,,,,,,,,,,,,,,,,,,,,,,0.45105472207069397,0.5529366731643677,0.4109784960746765,0.39540526270866394,0.345214307308197,0.44612327218055725,0.5770758390426636,0.4285960793495178,0.4479786455631256,0.45518413186073303,7.594085693359375,6.011338233947754,7.77591609954834,7.537153244018555,7.36489200592041,8.653654098510742,9.717754364013672,6.404141902923584,6.1793293952941895,8.702597618103027,,,,,,,,,,,9.283780097961426,8.231898307800293,9.23679256439209,8.741301536560059,8.407057762145996,10.824387550354004,12.430461883544922,7.721164703369141,7.683373928070068,10.277578353881836,,,,,,,,,,,,,,,,,,,,,,,,,,,,,,,,,,,,,,,,
19,4004,,,,,,,,,,,,,,,,,,,,,,,,,,,,,,,,,,,,,,,,,0.5952833890914917,1.0823241472244263,0.256747841835022,0.3529731333255768,0.6823573708534241,0.9938302636146545,0.5658515095710754,0.527209997177124,0.5915836095809937,0.3046729564666748,7.320639610290527,7.06549596786499,6.170205116271973,6.545685768127441,7.9771623611450195,10.511524200439453,8.172456741333008,7.135615825653076,6.438057899475098,5.86955451965332,,,,,,,,,,,10.351399421691895,11.517043113708496,7.300710201263428,8.258965492248535,11.81967544555664,16.155929565429688,12.308979034423828,8.563484191894531,8.829402923583984,8.408413887023926,,,,,,,,,,,,,,,,,,,,,,,,,,,,,,,,,,,,,,,,
19,4009,,,,,,,,,,,,,,,,,,,,,,,,,,,,,,,,,,,,,,,,,0.5895786285400391,0.8103238940238953,0.6339209675788879,0.24679946899414062,0.6984118819236755,0.7181843519210815,0.7441897392272949,0.5039942860603333,0.6048225164413452,0.3455604314804077,8.316890716552734,6.903223514556885,9.455985069274902,5.263680458068848,10.649282455444336,12.458547592163086,10.585933685302734,6.6745781898498535,6.784090042114258,6.07668924331665,,,,,,,,,,,10.489583969116211,9.965327262878418,11.4717378616333,6.906007289886475,11.957914352416992,13.733899116516113,14.116032600402832,8.37281608581543,8.927652359008789,8.95486831665039,,,,,,,,,,,,,,,,,,,,,,,,,,,,,,,,,,,,,,,,
19,4014,,,,,,,,,,,,,,,,,,,,,,,,,,,,,,,,,,,,,,,,,0.3636651933193207,0.5644857883453369,0.37406429648399353,0.12096774578094482,0.6967437863349915,0.4076228439807892,0.14106282591819763,0.36450374126434326,0.3262377679347992,0.2772977352142334,6.399899005889893,6.39583683013916,7.786124229431152,3.718345880508423,8.445555686950684,8.076804161071777,5.048096656799316,5.4487528800964355,5.862728118896484,6.8168511390686035,,,,,,,,,,,8.011086463928223,8.317422866821289,8.812209129333496,4.83492374420166,11.943625450134277,10.34677791595459,6.14578104019165,7.120487213134766,6.556777000427246,8.021772384643555,,,,,,,,,,,,,,,,,,,,,,,,,,,,,,,,,,,,,,,,
19,4019,,,,,,,,,,,,,,,,,,,,,,,,,,,,,,,,,,,,,,,,,0.43559160828590393,0.2952500581741333,0.4663667678833008,0.181869775056839,0.4801352322101593,0.9181209802627563,0.22038857638835907,0.6697560548782349,0.1504117101430893,0.5380252599716187,6.803719997406006,4.648928165435791,7.450263977050781,4.842215061187744,7.503363132476807,10.767394065856934,6.360677242279053,7.767582416534424,2.9395551681518555,8.953500747680664,,,,,,,,,,,8.909555435180664,6.0152997970581055,9.839554786682129,5.928368091583252,9.914742469787598,15.528369903564453,7.6818413734436035,9.651992797851562,4.452092170715332,11.173739433288574,,,,,,,,,,,,,,,,,,,,,,,,,,,,,,,,,,,,,,,,
19,4024,,,,,,,,,,,,,,,,,,,,,,,,,,,,,,,,,,,,,,,,,0.3292950987815857,0.11008595675230026,0.2977822721004486,0.6105647683143616,0.45041295886039734,0.3362463116645813,0.2667992413043976,0.1865636706352234,0.20021820068359375,0.504982590675354,5.6848835945129395,2.610746383666992,4.775096416473389,8.672245979309082,7.399481296539307,6.8655500411987305,6.037156581878662,4.153078556060791,4.20025634765625,6.450340747833252,,,,,,,,,,,7.87846040725708,3.6730618476867676,7.862507343292236,10.862275123596191,9.602959632873535,9.397334098815918,8.452070236206055,5.094156265258789,5.136592388153076,10.825187683105469,,,,,,,,,,,,,,,,,,,,,,,,,,,,,,,,,,,,,,,,
19,4029,,,,,,,,,,,,,,,,,,,,,,,,,,,,,,,,,,,,,,,,,0.33479034900665283,0.4949587881565094,0.4269022047519684,0.1665458381175995,0.40655601024627686,0.39160820841789246,0.2768721580505371,0.25163865089416504,0.3237095773220062,0.2743214964866638,6.310876369476318,5.961688041687012,6.898526668548584,4.556313514709473,8.03752326965332,8.069194793701172,6.717144012451172,5.182817459106445,5.376042366027832,5.998635768890381,,,,,,,,,,,7.908535480499268,7.7883734703063965,9.41403579711914,5.673117160797119,9.123465538024902,10.14148998260498,8.61014461517334,5.916261196136475,6.531322002410889,7.978608131408691,,,,,,,,,,,,,,,,,,,,,,,,,,,,,,,,,,,,,,,,
19,4034,,,,,,,,,,,,,,,,,,,,,,,,,,,,,,,,,,,,,,,,,0.43108701705932617,0.40944114327430725,0.3501063585281372,0.42469924688339233,0.1779390126466751,0.20276431739330292,0.2031109780073166,0.8505000472068787,1.1020079851150513,0.159214049577713,6.526960849761963,6.4359049797058105,7.050396919250488,6.841270923614502,4.914002895355225,5.967423439025879,6.139344215393066,8.385272026062012,8.355399131774902,4.653633117675781,,,,,,,,,,,8.264668464660645,7.083664417266846,8.525339126586914,9.059320449829102,6.0358052253723145,7.297458648681641,7.374583721160889,10.876667976379395,12.050793647766113,6.078381061553955,,,,,,,,,,,,,,,,,,,,,,,,,,,,,,,,,,,,,,,,
19,4039,,,,,,,,,,,,,,,,,,,,,,,,,,,,,,,,,,,,,,,,,0.5437924265861511,0.7487872838973999,0.35687848925590515,0.25153467059135437,0.3537256717681885,1.3646259307861328,0.7246508002281189,0.2545402944087982,0.08954083919525146,0.7498478889465332,7.849940776824951,7.111806392669678,7.671051025390625,6.882118225097656,5.599055767059326,13.253738403320312,11.790410041809082,5.093282699584961,3.305100440979004,9.942907333374023,,,,,,,,,,,9.900697708129883,9.57947063446045,8.607397079467773,6.971942901611328,8.510066986083984,18.931398391723633,13.929489135742188,5.95027494430542,3.435056447982788,13.191184043884277,,,,,,,,,,,,,,,,,,,,,,,,,,,,,,,,,,,,,,,,
19,4044,,,,,,,,,,,,,,,,,,,,,,,,,,,,,,,,,,,,,,,,,0.36833661794662476,0.8630480170249939,0.18916308879852295,0.35941317677497864,0.21198591589927673,0.17897829413414001,0.34371399879455566,0.563457727432251,0.29883086681365967,0.3064383566379547,6.290458679199219,8.151333808898926,4.815861225128174,7.118221282958984,5.335227012634277,5.80540132522583,6.895031452178955,6.94082498550415,5.41010046005249,6.142122268676758,,,,,,,,,,,7.942600727081299,10.284418106079102,6.2665696144104,8.333969116210938,6.587993621826172,6.856082439422607,9.593331336975098,8.852977752685547,6.275322437286377,8.432741165161133,,,,,,,,,,,,,,,,,,,,,,,,,,,,,,,,,,,,,,,,
19,4049,,,,,,,,,,,,,,,,,,,,,,,,,,,,,,,,,,,,,,,,,0.22002068161964417,0.2232116311788559,0.31863388419151306,0.05534884333610535,0.18517227470874786,0.23002132773399353,0.2267703413963318,0.296132892370224,0.16672751307487488,0.2781674265861511,4.8839545249938965,4.432448387145996,5.097464561462402,2.404127359390259,3.3659284114837646,5.9451422691345215,6.608756065368652,5.868334770202637,3.901895761489868,6.33149528503418,,,,,,,,,,,6.3883957862854,5.230228424072266,8.13312816619873,3.2704622745513916,6.157262325286865,7.772485256195068,7.792269229888916,6.418034553527832,4.687344551086426,8.034342765808105,,,,,,,,,,,,,,,,,,,,,,,,,,,,,,,,,,,,,,,,
19,4054,,,,,,,,,,,,,,,,,,,,,,,,,,,,,,,,,,,,,,,,,0.44494757056236267,0.3491472005844116,0.8447374701499939,0.21690084040164948,0.42154908180236816,0.4568125307559967,0.15264058113098145,0.4184421896934509,0.719744086265564,0.4245542883872986,6.804140567779541,4.688027381896973,10.88408088684082,5.330397605895996,6.978895664215088,8.463891983032227,4.516861915588379,6.2245635986328125,8.038707733154297,6.111832618713379,,,,,,,,,,,8.909829139709473,6.541337013244629,13.24257755279541,6.474191188812256,9.29017162322998,10.95329761505127,6.393016815185547,7.62915563583374,9.738954544067383,9.925761222839355,,,,,,,,,,,,,,,,,,,,,,,,,,,,,,,,,,,,,,,,
19,4059,,,,,,,,,,,,,,,,,,,,,,,,,,,,,,,,,,,,,,,,,0.40899986028671265,1.0949379205703735,0.10330241918563843,0.15894155204296112,0.4275011718273163,0.9626650810241699,0.290345162153244,0.17733846604824066,0.21202023327350616,0.25394660234451294,6.136961460113525,7.704603672027588,3.887057065963745,4.529697418212891,6.336711406707764,10.637815475463867,6.256957054138184,4.3195953369140625,5.120247840881348,6.4399638175964355,,,,,,,,,,,8.195473670959473,11.583959579467773,4.630916118621826,5.54209041595459,9.355527877807617,15.900598526000977,8.817147254943848,4.966611385345459,5.2858147621154785,7.676590919494629,,,,,,,,,,,,,,,,,,,,,,,,,,,,,,,,,,,,,,,,
19,4064,,,,,,,,,,,,,,,,,,,,,,,,,,,,,,,,,,,,,,,,,0.7087957859039307,1.0173062086105347,0.6468512415885925,0.6742575168609619,0.5094189643859863,1.3704367876052856,0.4234212040901184,0.8680105805397034,0.23796483874320984,0.6314942836761475,9.274395942687988,8.906716346740723,9.802818298339844,9.561652183532715,7.863221645355225,15.794533729553223,7.695288181304932,9.389798164367676,4.595254421234131,9.860283851623535,,,,,,,,,,,11.410459518432617,11.165754318237305,11.588143348693848,11.414787292480469,10.212620735168457,18.971662521362305,10.64773178100586,10.988064765930176,5.5998921394348145,12.105477333068848,,,,,,,,,,,,,,,,,,,,,,,,,,,,,,,,,,,,,,,,
19,4069,,,,,,,,,,,,,,,,,,,,,,,,,,,,,,,,,,,,,,,,,0.3293326497077942,0.5060797929763794,0.07691057026386261,0.21215316653251648,0.16087552905082703,0.16733649373054504,0.2879112958908081,0.42182260751724243,0.3870411217212677,0.7438632249832153,6.228074073791504,6.705371379852295,3.2933225631713867,4.977024555206299,4.651392936706543,5.7732930183410645,6.763096332550049,6.728714942932129,5.873095989227295,11.287354469299316,,,,,,,,,,,7.484751224517822,7.875384330749512,3.9958088397979736,6.402943134307861,5.739110946655273,6.6293535232543945,8.780113220214844,7.659909248352051,7.1417036056518555,13.138437271118164,,,,,,,,,,,,,,,,,,,,,,,,,,,,,,,,,,,,,,,,
19,4074,,,,,,,,,,,,,,,,,,,,,,,,,,,,,,,,,,,,,,,,,0.2556597888469696,0.17526835203170776,0.3404974639415741,0.23959596455097198,0.43567195534706116,0.29259777069091797,0.38169997930526733,0.06893656402826309,0.1492631435394287,0.21740689873695374,5.618650436401367,3.791421413421631,6.362351894378662,5.178576469421387,7.954665184020996,7.544826984405518,8.039825439453125,2.508394241333008,3.4220709800720215,5.765719890594482,,,,,,,,,,,6.97793436050415,4.634618759155273,8.407533645629883,6.804475784301758,9.444510459899902,8.766200065612793,10.109550476074219,3.0965888500213623,4.435060977935791,7.102869987487793,,,,,,,,,,,,,,,,,,,,,,,,,,,,,,,,,,,,,,,,
19,4079,,,,,,,,,,,,,,,,,,,,,,,,,,,,,,,,,,,,,,,,,0.47055450081825256,0.6509935259819031,0.21289129555225372,0.22918802499771118,0.5253956317901611,0.2866899073123932,0.4391797184944153,0.33932140469551086,0.5456761717796326,1.0056549310684204,7.116465091705322,6.663262367248535,5.600618839263916,5.766190528869629,8.318486213684082,6.560539722442627,7.84587287902832,5.741896629333496,5.308926105499268,12.24239444732666,,,,,,,,,,,9.194928169250488,8.932039260864258,6.647993564605713,6.65504264831543,10.371530532836914,8.677249908447266,10.844060897827148,6.870120525360107,8.479901313781738,15.276424407958984,,,,,,,,,,,,,,,,,,,,,,,,,,,,,,,,,,,,,,,,
19,4084,,,,,,,,,,,,,,,,,,,,,,,,,,,,,,,,,,,,,,,,,0.34263119101524353,0.41851839423179626,0.2874898612499237,0.09752276539802551,0.24118606746196747,0.5077211856842041,0.6008694171905518,0.270731121301651,0.2407504916191101,0.41889113187789917,6.05086088180542,5.5742998123168945,5.148099422454834,4.134965419769287,5.371547698974609,7.310583114624023,9.564103126525879,5.334750652313232,4.199047088623047,7.820352077484131,,,,,,,,,,,8.012847900390625,7.16175651550293,7.72543478012085,4.34118127822876,7.027093887329102,11.547513961791992,12.684134483337402,6.136600017547607,5.63257360458374,9.859338760375977,,,,,,,,,,,,,,,,,,,,,,,,,,,,,,,,,,,,,,,,
19,4089,,,,,,,,,,,,,,,,,,,,,,,,,,,,,,,,,,,,,,,,,0.4218441843986511,0.5883477330207825,0.35480639338493347,0.43551209568977356,0.2975148558616638,0.8857759237289429,0.40301641821861267,0.21355202794075012,0.20076720416545868,0.41730520129203796,6.692720413208008,5.790568828582764,6.926154136657715,7.248326301574707,6.296252727508545,10.670544624328613,7.9306182861328125,4.726941108703613,3.756425619125366,6.88865327835083,,,,,,,,,,,8.903023719787598,8.491400718688965,8.582372665405273,9.173920631408691,7.804659843444824,15.252388000488281,10.388005256652832,5.45017671585083,5.143629550933838,9.840658187866211,,,,,,,,,,,,,,,,,,,,,,,,,,,,,,,,,,,,,,,,
19,4094,,,,,,,,,,,,,,,,,,,,,,,,,,,,,,,,,,,,,,,,,0.8865177631378174,0.6173767447471619,0.8283188939094543,1.0828869342803955,1.151666522026062,0.624154806137085,1.0704553127288818,0.7852515578269958,1.2604005336761475,0.5581488609313965,8.80191707611084,6.128868579864502,9.676711082458496,8.758805274963379,9.678938865661621,8.002985954284668,12.119668960571289,6.145732402801514,9.549078941345215,9.156463623046875,,,,,,,,,,,12.898435592651367,8.698360443115234,13.113253593444824,14.465933799743652,15.35546588897705,12.803301811218262,16.929927825927734,10.451127052307129,12.887763977050781,11.380785942077637,,,,,,,,,,,,,,,,,,,,,,,,,,,,,,,,,,,,,,,,
19,4099,,,,,,,,,,,,,,,,,,,,,,,,,,,,,,,,,,,,,,,,,0.4813075065612793,0.851229190826416,0.3363226056098938,0.04410071671009064,1.0366716384887695,0.13048776984214783,0.32518863677978516,0.34438082575798035,0.14960436522960663,0.6451516151428223,7.870672225952148,9.905259132385254,8.355831146240234,2.9192943572998047,11.711576461791992,5.679991245269775,6.998990535736084,6.15321683883667,3.12510347366333,9.523758888244629,,,,,,,,,,,9.068368911743164,10.213757514953613,8.355831146240234,2.9192943572998047,14.568682670593262,5.854108810424805,9.331222534179688,6.921148777008057,4.440126895904541,12.23568058013916,,,,,,,,,,,,,,,,,,,,,,,,,,,,,,,,,,,,,,,,
19,4099,,,,,,,,,,,,,,,,,,,,,,,,,,,,,,,,,,,,,,,,,,,,,,,,,,,6.6278862953186035,5.446042537689209,6.498997688293457,6.437660217285156,6.976233959197998,8.382083892822266,7.371128082275391,5.70766544342041,5.704028129577637,7.127137660980225,0.5791452527046204,0.5704942941665649,0.6145200729370117,0.6112924814224243,0.6170146465301514,0.522529125213623,0.6029118895530701,0.5743969678878784,0.5444214344024658,0.5547257661819458,8.866401672363281,7.36712646484375,8.671045303344727,8.579079627990723,9.330610275268555,11.224065780639648,9.840492248535156,7.547467231750488,7.750167369842529,9.487561225891113,0.5555083155632019,0.861006498336792,0.4066295027732849,0.5259168744087219,0.5753927826881409,0.49752017855644226,0.49158382415771484,0.4933341443538666,0.6112997531890869,0.5452501773834229,7.80490779876709,7.715063571929932,7.16910457611084,7.797572612762451,8.01242733001709,9.055375099182129,8.256242752075195,6.6069769859313965,6.887640476226807,8.743769645690918,0.2549029290676117,0.24151873588562012,0.22279250621795654,0.18543791770935059,0.2596917152404785,0.2638765573501587,0.10105293989181519,0.39100533723831177,0.2403484582901001,0.3884021043777466,10.121387481689453,10.251791954040527,9.326812744140625,10.038150787353516,10.588258743286133,11.3060941696167,11.220417022705078,8.532472610473633,8.503571510314941,11.324906349182129
20,4104,,,,,,,,,,,,,,,,,,,,,,,,,,,,,,,,,,,,,,,,,0.21765780448913574,0.38502028584480286,0.29653963446617126,0.21570242941379547,0.22970525920391083,0.15405505895614624,0.19946298003196716,0.06493047624826431,0.2943611741065979,0.11914298683404922,5.079939365386963,5.665445804595947,6.899818420410156,5.233969211578369,5.0383782386779785,5.37871789932251,5.397610187530518,2.696646213531494,5.147111892700195,4.261752128601074,,,,,,,,,,,6.24331521987915,6.869166374206543,7.846086502075195,6.456280708312988,6.857803821563721,6.360830783843994,7.3080573081970215,3.0052666664123535,6.228214740753174,5.258131504058838,,,,,,,,,,,,,,,,,,,,,,,,,,,,,,,,,,,,,,,,
20,4109,,,,,,,,,,,,,,,,,,,,,,,,,,,,,,,,,,,,,,,,,0.348309725522995,0.6100311279296875,0.2096158117055893,0.2458197921514511,0.828048586845398,0.36017271876335144,0.24164128303527832,0.18905338644981384,0.16252902150154114,0.287875771522522,5.95262336730957,5.826003074645996,5.2496795654296875,5.396922588348389,9.084673881530762,8.726731300354004,6.688227653503418,4.048527717590332,3.6037843227386475,4.949057102203369,,,,,,,,,,,7.872763156890869,8.646458625793457,6.596652984619141,6.89228630065918,13.02049732208252,9.725933074951172,8.043709754943848,5.128035068511963,4.627951145172119,8.173344612121582,,,,,,,,,,,,,,,,,,,,,,,,,,,,,,,,,,,,,,,,
20,4114,,,,,,,,,,,,,,,,,,,,,,,,,,,,,,,,,,,,,,,,,0.320616215467453,0.19859811663627625,0.3223028779029846,0.3821393549442291,0.25903841853141785,0.5394927859306335,0.23521879315376282,0.17749851942062378,0.1470910906791687,0.624165952205658,5.959295749664307,3.6621692180633545,6.4801530838012695,6.503419876098633,4.975978374481201,8.003633499145508,6.650870323181152,4.259524345397949,3.2293789386749268,9.868535995483398,,,,,,,,,,,7.8039093017578125,4.933440208435059,8.17982006072998,8.593415260314941,7.282520294189453,11.903335571289062,7.936094284057617,4.968852519989014,4.402673244476318,12.035032272338867,,,,,,,,,,,,,,,,,,,,,,,,,,,,,,,,,,,,,,,,
20,4119,,,,,,,,,,,,,,,,,,,,,,,,,,,,,,,,,,,,,,,,,0.31443241238594055,0.39752113819122314,0.30142471194267273,0.36118170619010925,0.2545037567615509,0.4815794825553894,0.2672537565231323,0.28015750646591187,0.12640981376171112,0.3598598837852478,6.191662788391113,4.462462902069092,7.096782207489014,7.484951019287109,5.194144248962402,9.014786720275879,6.832575798034668,5.428035259246826,3.681032419204712,6.530193328857422,,,,,,,,,,,7.736775875091553,6.979790210723877,7.9104485511779785,8.354447364807129,7.218495845794678,11.246305465698242,8.459266662597656,6.242518901824951,4.081442356109619,9.138269424438477,,,,,,,,,,,,,,,,,,,,,,,,,,,,,,,,,,,,,,,,
20,4124,,,,,,,,,,,,,,,,,,,,,,,,,,,,,,,,,,,,,,,,,0.6674997210502625,0.5655461549758911,0.4745445251464844,0.5089077949523926,1.1671111583709717,1.2908265590667725,0.843977689743042,0.31434476375579834,0.2379334419965744,0.6043052077293396,8.592962265014648,6.556382656097412,6.949240684509277,5.817114353179932,13.87287425994873,15.125349044799805,11.186235427856445,5.338451385498047,4.9660234451293945,7.524989128112793,,,,,,,,,,,11.236072540283203,8.325230598449707,9.925448417663574,9.916866302490234,15.458087921142578,18.41237449645996,15.032674789428711,6.612441062927246,5.599523067474365,11.842009544372559,,,,,,,,,,,,,,,,,,,,,,,,,,,,,,,,,,,,,,,,
20,4129,,,,,,,,,,,,,,,,,,,,,,,,,,,,,,,,,,,,,,,,,0.2853940725326538,0.2826102375984192,0.15328654646873474,0.34951111674308777,0.219352126121521,0.19465205073356628,0.39047005772590637,0.4622524380683899,0.41177964210510254,0.10463231801986694,5.836610794067383,5.4961066246032715,4.309110164642334,7.2241058349609375,4.169575214385986,5.541833877563477,8.453177452087402,6.3761067390441895,6.795773506164551,4.163705825805664,,,,,,,,,,,7.125959873199463,5.885132312774658,5.6410980224609375,8.218364715576172,6.701478004455566,7.149988651275635,10.225031852722168,8.018595695495605,7.3664069175720215,4.927539348602295,,,,,,,,,,,,,,,,,,,,,,,,,,,,,,,,,,,,,,,,
20,4134,,,,,,,,,,,,,,,,,,,,,,,,,,,,,,,,,,,,,,,,,0.3603917360305786,0.6647737622261047,0.2783370018005371,0.042954783886671066,0.5360856056213379,0.35524123907089233,0.48166778683662415,0.3296210467815399,0.1191948726773262,0.4356493353843689,6.259347915649414,5.782502174377441,6.421319961547852,2.318741798400879,9.168359756469727,7.570242881774902,8.063471794128418,5.392023086547852,3.307929039001465,8.309537887573242,,,,,,,,,,,7.9766526222229,9.026080131530762,7.601461887359619,2.8811147212982178,10.47651195526123,9.659119606018066,11.356501579284668,6.7712082862854,3.9632554054260254,10.054621696472168,,,,,,,,,,,,,,,,,,,,,,,,,,,,,,,,,,,,,,,,
20,4139,,,,,,,,,,,,,,,,,,,,,,,,,,,,,,,,,,,,,,,,,0.2757369875907898,0.2781202793121338,0.10520104318857193,0.0702076405286789,0.4028153717517853,0.5677903294563293,0.39810121059417725,0.17709864675998688,0.17669959366321564,0.3055988550186157,5.498969078063965,4.32837438583374,3.1469016075134277,2.8032069206237793,7.534972190856934,8.929067611694336,8.091163635253906,3.9473726749420166,3.709756851196289,6.999908924102783,,,,,,,,,,,7.113574504852295,5.838195323944092,4.673279285430908,3.6833841800689697,9.08139705657959,12.21152400970459,10.32446575164795,4.963252067565918,4.825485706329346,8.421182632446289,,,,,,,,,,,,,,,,,,,,,,,,,,,,,,,,,,,,,,,,
20,4144,,,,,,,,,,,,,,,,,,,,,,,,,,,,,,,,,,,,,,,,,0.37705737352371216,0.4096446931362152,0.21002991497516632,0.23663203418254852,0.08927623182535172,0.36036962270736694,0.19899235665798187,0.571785032749176,1.1554383039474487,0.1613481640815735,6.42547607421875,5.599355220794678,5.816669464111328,6.244285583496094,3.63885760307312,8.5438814163208,5.884341239929199,7.660400390625,9.770223617553711,4.671271324157715,,,,,,,,,,,7.68120002746582,7.08542537689209,6.603166580200195,6.762257099151611,4.2753095626831055,9.72859001159668,7.299430847167969,8.918156623840332,12.339475631713867,6.118982791900635,,,,,,,,,,,,,,,,,,,,,,,,,,,,,,,,,,,,,,,,
20,4149,,,,,,,,,,,,,,,,,,,,,,,,,,,,,,,,,,,,,,,,,0.4685887396335602,0.29977914690971375,0.47926294803619385,0.4772920608520508,0.5813534259796143,0.8108144998550415,0.4445076286792755,0.3009921610355377,0.30846163630485535,0.5148347020149231,7.086302280426025,5.670305252075195,7.668571472167969,6.599380016326904,8.276185989379883,10.125767707824707,7.510785102844238,4.991354942321777,4.759661674499512,8.17470645904541,,,,,,,,,,,9.53649616241455,6.061261177062988,9.974671363830566,9.603885650634766,10.909875869750977,14.592732429504395,10.909639358520508,6.470477104187012,6.375640869140625,10.930275917053223,,,,,,,,,,,,,,,,,,,,,,,,,,,,,,,,,,,,,,,,
20,4154,,,,,,,,,,,,,,,,,,,,,,,,,,,,,,,,,,,,,,,,,0.4222877323627472,0.6056090593338013,0.3175048828125,0.17810405790805817,0.215696781873703,0.257431298494339,0.24696165323257446,0.8333339691162109,0.8255716562271118,0.3203763961791992,6.757279396057129,6.850352764129639,6.950823783874512,5.252644062042236,5.4200944900512695,6.479942321777344,6.808539390563965,8.333549499511719,7.408767223358154,7.310798645019531,,,,,,,,,,,8.379921913146973,8.615062713623047,8.118707656860352,5.866671562194824,6.6454057693481445,8.222550392150879,8.131779670715332,10.76634407043457,10.430392265319824,8.62238597869873,,,,,,,,,,,,,,,,,,,,,,,,,,,,,,,,,,,,,,,,
20,4159,,,,,,,,,,,,,,,,,,,,,,,,,,,,,,,,,,,,,,,,,0.33376383781433105,0.26083165407180786,0.44597333669662476,0.1486501544713974,0.28887665271759033,0.5055168867111206,0.1805744767189026,0.10755650699138641,0.5705242156982422,0.49537068605422974,6.3392510414123535,4.486981391906738,8.129022598266602,4.442465782165527,6.131999492645264,8.536930084228516,5.495259761810303,2.644643783569336,8.110477447509766,9.075477600097656,,,,,,,,,,,7.784698486328125,5.6538262367248535,9.622016906738281,5.359663963317871,7.69052267074585,11.522419929504395,6.953427791595459,3.8679163455963135,8.670823097229004,10.721668243408203,,,,,,,,,,,,,,,,,,,,,,,,,,,,,,,,,,,,,,,,
20,4164,,,,,,,,,,,,,,,,,,,,,,,,,,,,,,,,,,,,,,,,,0.8175283074378967,0.6239540576934814,0.6205331683158875,1.186741590499878,1.2356789112091064,0.7712403535842896,0.9310281872749329,0.8299127817153931,0.7650351524353027,0.39363014698028564,8.205110549926758,6.43715763092041,6.706027030944824,9.818233489990234,10.559301376342773,9.620706558227539,9.69332504272461,6.855602741241455,7.1970744132995605,6.958568096160889,,,,,,,,,,,12.389708518981934,8.744572639465332,11.349954605102539,15.143733978271484,15.90568733215332,14.232158660888672,15.788912773132324,10.744220733642578,10.040699005126953,9.557435989379883,,,,,,,,,,,,,,,,,,,,,,,,,,,,,,,,,,,,,,,,
20,4169,,,,,,,,,,,,,,,,,,,,,,,,,,,,,,,,,,,,,,,,,0.42375442385673523,0.4980953633785248,0.17378707230091095,0.20364180207252502,0.6555439829826355,0.7773469090461731,0.38549336791038513,0.4895327091217041,0.34199392795562744,0.28835463523864746,6.33936882019043,5.802321434020996,4.639201641082764,4.554231643676758,7.92563533782959,9.57249927520752,7.054784774780273,6.329200744628906,5.566803932189941,5.609638690948486,,,,,,,,,,,8.80789566040039,7.81301212310791,6.006484508514404,6.273188591003418,11.585119247436523,14.288390159606934,10.159662246704102,8.25181770324707,6.713244438171387,8.180139541625977,,,,,,,,,,,,,,,,,,,,,,,,,,,,,,,,,,,,,,,,
20,4174,,,,,,,,,,,,,,,,,,,,,,,,,,,,,,,,,,,,,,,,,0.51829594373703,0.4073382019996643,0.3739229142665863,0.4686371088027954,0.6842369437217712,0.4985212981700897,0.5063778758049011,0.5952496528625488,0.8863571882247925,0.244022399187088,7.645970821380615,5.783764839172363,6.839450359344482,8.204511642456055,8.765881538391113,9.393733978271484,9.061358451843262,6.306966781616211,8.627803802490234,5.830262184143066,,,,,,,,,,,9.749653816223145,7.065450191497803,8.810543060302734,9.516412734985352,11.835944175720215,11.442416191101074,11.644159317016602,9.099306106567383,10.8075590133667,7.5250959396362305,,,,,,,,,,,,,,,,,,,,,,,,,,,,,,,,,,,,,,,,
20,4179,,,,,,,,,,,,,,,,,,,,,,,,,,,,,,,,,,,,,,,,,0.6363728642463684,0.48856014013290405,1.7073415517807007,0.4412372410297394,0.44157469272613525,0.35469916462898254,0.8296012282371521,0.5081167817115784,0.36781296133995056,0.5884124040603638,7.802183628082275,5.959704399108887,11.514976501464844,6.739547252655029,6.981988430023193,7.419695854187012,10.360917091369629,6.455787658691406,5.530725955963135,9.256307601928711,,,,,,,,,,,10.768543243408203,7.7378668785095215,18.826597213745117,9.234023094177246,9.50827407836914,9.65174674987793,14.904090881347656,8.406989097595215,6.9620442390441895,11.68525218963623,,,,,,,,,,,,,,,,,,,,,,,,,,,,,,,,,,,,,,,,
20,4184,,,,,,,,,,,,,,,,,,,,,,,,,,,,,,,,,,,,,,,,,0.4477602243423462,0.7088065147399902,0.25056296586990356,0.4376818835735321,0.5610885620117188,0.25856494903564453,0.6361954808235168,0.4099906086921692,0.3392978608608246,0.42765307426452637,6.997995853424072,5.752402305603027,5.6162109375,8.110757827758789,7.717213153839111,6.337344169616699,10.184465408325195,6.608097553253174,4.489389896392822,8.166083335876465,,,,,,,,,,,9.104434967041016,9.320219039916992,7.21223783493042,9.196745872497559,10.718039512634277,8.240635871887207,13.05167007446289,7.551716327667236,6.686731338500977,9.961918830871582,,,,,,,,,,,,,,,,,,,,,,,,,,,,,,,,,,,,,,,,
20,4189,,,,,,,,,,,,,,,,,,,,,,,,,,,,,,,,,,,,,,,,,0.6509888768196106,0.8593296408653259,0.4868326187133789,1.6910419464111328,0.7064138054847717,0.35615286231040955,0.2764056324958801,0.48472365736961365,0.5061866641044617,0.49181339144706726,8.045453071594238,6.984035015106201,6.969839572906494,11.874624252319336,8.972856521606445,7.468620300292969,7.202676296234131,7.0177741050720215,6.761782646179199,9.156859397888184,,,,,,,,,,,10.639424324035645,10.262239456176758,10.05313491821289,18.077238082885742,12.026223182678223,9.671504974365234,8.602887153625488,8.21118450164795,8.167302131652832,10.683101654052734,,,,,,,,,,,,,,,,,,,,,,,,,,,,,,,,,,,,,,,,
20,4194,,,,,,,,,,,,,,,,,,,,,,,,,,,,,,,,,,,,,,,,,0.3169955313205719,0.42162150144577026,0.42275556921958923,0.45416903495788574,0.13184744119644165,0.29464811086654663,0.511030912399292,0.113832488656044,0.1643502116203308,0.33870428800582886,5.918745040893555,5.53033447265625,7.166066646575928,7.522127628326416,4.405900955200195,7.72987174987793,7.630073070526123,3.2989819049835205,3.57401442527771,6.4113335609436035,,,,,,,,,,,7.679263591766357,7.188258171081543,9.368203163146973,9.36836051940918,5.1955976486206055,8.796860694885254,11.69753646850586,3.979163885116577,4.653808116912842,8.865588188171387,,,,,,,,,,,,,,,,,,,,,,,,,,,,,,,,,,,,,,,,
20,4199,,,,,,,,,,,,,,,,,,,,,,,,,,,,,,,,,,,,,,,,,0.5806789994239807,0.4707529842853546,0.5260496735572815,0.4244321882724762,0.8811094164848328,0.6411449313163757,0.4044806659221649,1.3762892484664917,0.17319297790527344,0.32865893840789795,7.993322849273682,6.026154518127441,8.06266975402832,8.03577709197998,9.4063720703125,10.98604679107666,8.28028678894043,9.98432445526123,3.78753662109375,7.370734214782715,,,,,,,,,,,10.140362739562988,7.5955424308776855,10.450210571289062,9.056472778320312,13.431193351745605,12.97639274597168,10.4068603515625,13.836097717285156,4.777365207672119,8.73313045501709,,,,,,,,,,,,,,,,,,,,,,,,,,,,,,,,,,,,,,,,
20,4204,,,,,,,,,,,,,,,,,,,,,,,,,,,,,,,,,,,,,,,,,0.4489859640598297,0.6501245498657227,0.18337446451187134,0.3523823618888855,0.6645221710205078,0.37587258219718933,0.23933032155036926,0.47347062826156616,0.7251867055892944,0.3766096830368042,6.999936580657959,6.246326923370361,4.999214172363281,7.2801055908203125,9.693368911743164,7.552376747131348,5.808974266052246,6.1685566902160645,8.255090713500977,6.995415210723877,,,,,,,,,,,8.91028881072998,8.926074981689453,6.1699419021606445,8.252052307128906,11.6641845703125,9.935647964477539,8.005152702331543,8.115312576293945,9.775708198547363,9.348522186279297,,,,,,,,,,,,,,,,,,,,,,,,,,,,,,,,,,,,,,,,
20,4209,,,,,,,,,,,,,,,,,,,,,,,,,,,,,,,,,,,,,,,,,0.2962045669555664,0.14256781339645386,0.1472543478012085,0.2723895311355591,0.32278862595558167,0.4069431722164154,0.17351777851581573,0.07462666928768158,0.8496772646903992,0.2760760188102722,5.5979695320129395,3.5956664085388184,4.878482341766357,5.447879791259766,6.254573345184326,7.8607635498046875,5.748276710510254,2.7142932415008545,6.871229648590088,7.01055908203125,,,,,,,,,,,7.117270469665527,4.179968357086182,5.528988838195801,7.25521183013916,8.12940502166748,10.33814811706543,6.816206932067871,3.221853256225586,10.581574440002441,8.004081726074219,,,,,,,,,,,,,,,,,,,,,,,,,,,,,,,,,,,,,,,,
20,4214,,,,,,,,,,,,,,,,,,,,,,,,,,,,,,,,,,,,,,,,,0.4070921838283539,0.4118064343929291,0.3002483546733856,0.32825443148612976,0.15668494999408722,0.3285968005657196,0.3198651373386383,0.3971629738807678,0.6963469386100769,0.7248635292053223,7.094078540802002,5.669631481170654,6.62293815612793,6.47020149230957,5.174858093261719,8.030318260192871,7.3469953536987305,6.389388561248779,8.063009262084961,10.079364776611328,,,,,,,,,,,8.572599411010742,7.104095935821533,7.8949971199035645,7.964531421661377,5.663869857788086,9.289825439453125,9.25452709197998,7.4326395988464355,9.579351425170898,12.969561576843262,,,,,,,,,,,,,,,,,,,,,,,,,,,,,,,,,,,,,,,,
20,4219,,,,,,,,,,,,,,,,,,,,,,,,,,,,,,,,,,,,,,,,,0.3552175760269165,0.5866195559501648,0.26639115810394287,0.09061272442340851,0.13876664638519287,0.3207215666770935,0.3955245018005371,0.6980485320091248,0.31558898091316223,0.38468435406684875,5.851897716522217,5.4553937911987305,5.733691215515137,3.580544948577881,4.098973274230957,5.482205390930176,8.096626281738281,6.7555975914001465,5.70302677154541,7.76102352142334,,,,,,,,,,,7.849985599517822,8.478919982910156,7.436551094055176,4.18455696105957,5.330183982849121,9.17782974243164,10.290997505187988,9.853750228881836,6.448878765106201,9.448208808898926,,,,,,,,,,,,,,,,,,,,,,,,,,,,,,,,,,,,,,,,
20,4224,,,,,,,,,,,,,,,,,,,,,,,,,,,,,,,,,,,,,,,,,0.39989665150642395,0.6177926063537598,0.0841558501124382,0.22581319510936737,0.42302897572517395,0.5821102261543274,0.6125665903091431,0.3461456000804901,0.2989945113658905,0.4084623456001282,6.789770126342773,6.916398525238037,3.6586806774139404,5.521271705627441,7.155648231506348,9.752676963806152,9.954887390136719,4.978525638580322,5.2631683349609375,7.906672954559326,,,,,,,,,,,8.54629898071289,8.701289176940918,4.179784297943115,6.605863094329834,9.306464195251465,12.364554405212402,12.807001113891602,6.9388604164123535,6.277040004730225,9.735835075378418,,,,,,,,,,,,,,,,,,,,,,,,,,,,,,,,,,,,,,,,
20,4229,,,,,,,,,,,,,,,,,,,,,,,,,,,,,,,,,,,,,,,,,0.41180261969566345,0.20420978963375092,0.29955145716667175,0.4354594349861145,0.6697516441345215,0.26090380549430847,0.3713187277317047,0.4727769196033478,0.6155827045440674,0.37666887044906616,6.654295444488525,3.619389772415161,6.349652290344238,5.770490646362305,8.800259590148926,6.525278091430664,7.253554821014404,6.0299177169799805,7.778025150299072,7.762092113494873,,,,,,,,,,,8.720681190490723,5.002654552459717,7.885828971862793,9.17336654663086,11.709989547729492,8.27782154083252,9.971126556396484,8.109365463256836,9.00671672821045,9.34925651550293,,,,,,,,,,,,,,,,,,,,,,,,,,,,,,,,,,,,,,,,
20,4234,,,,,,,,,,,,,,,,,,,,,,,,,,,,,,,,,,,,,,,,,0.5955193638801575,1.5516396760940552,0.21196717023849487,0.659386932849884,0.5115528702735901,0.9408064484596252,0.46869808435440063,0.392993301153183,0.29384690523147583,0.3287830948829651,8.158963203430176,9.569476127624512,4.938374996185303,9.634697914123535,9.219626426696777,12.659639358520508,8.881487846374512,6.256859302520752,5.021782875061035,7.248726844787598,,,,,,,,,,,10.135357856750488,13.789791107177734,6.633549690246582,11.288209915161133,10.233987808227539,15.719038009643555,11.20256233215332,7.393520832061768,6.222770690917969,8.734779357910156,,,,,,,,,,,,,,,,,,,,,,,,,,,,,,,,,,,,,,,,
20,4239,,,,,,,,,,,,,,,,,,,,,,,,,,,,,,,,,,,,,,,,,0.4280345141887665,0.12310025095939636,0.1003885567188263,1.2822343111038208,0.5712378025054932,0.4632350206375122,0.2061185985803604,0.37373086810112,0.2176828384399414,0.5145822763442993,6.506153583526611,3.3316290378570557,4.0557541847229,10.813260078430176,7.290559768676758,7.771893501281738,5.6092915534973145,6.433975696563721,4.270583152770996,8.978436470031738,,,,,,,,,,,8.550846099853516,3.8841121196746826,4.565136432647705,15.741227149963379,10.814541816711426,11.03002643585205,7.428983688354492,7.210049152374268,5.355935573577881,10.927595138549805,,,,,,,,,,,,,,,,,,,,,,,,,,,,,,,,,,,,,,,,
20,4244,,,,,,,,,,,,,,,,,,,,,,,,,,,,,,,,,,,,,,,,,0.32683563232421875,0.601145327091217,0.45619967579841614,0.2692725956439972,0.1835496425628662,0.38187074661254883,0.07140178978443146,0.07674107700586319,0.47693607211112976,0.42440372705459595,5.89402961730957,6.736961364746094,7.826816082000732,6.45091438293457,4.196014881134033,7.7394328117370605,3.7430834770202637,2.6292247772216797,6.687757968902588,7.036057472229004,,,,,,,,,,,7.462758541107178,8.58325481414795,9.731709480285645,7.2135820388793945,6.130224704742432,10.014610290527344,4.372454643249512,3.267177104949951,7.9278130531311035,9.92400074005127,,,,,,,,,,,,,,,,,,,,,,,,,,,,,,,,,,,,,,,,
20,4249,,,,,,,,,,,,,,,,,,,,,,,,,,,,,,,,,,,,,,,,,0.3401951193809509,0.23630163073539734,0.35152140259742737,0.45467886328697205,0.3454533517360687,0.268615186214447,0.48791226744651794,0.21924829483032227,0.4257868528366089,0.272238552570343,6.60486364364624,4.321773052215576,6.715614318847656,8.201567649841309,7.502941131591797,6.6488189697265625,8.449433326721191,4.903378963470459,6.392388343811035,6.307853698730469,,,,,,,,,,,8.055331230163574,5.381404399871826,8.542551040649414,9.373618125915527,8.409968376159668,8.399262428283691,11.429879188537598,5.52238655090332,7.49064826965332,7.948258876800537,,,,,,,,,,,,,,,,,,,,,,,,,,,,,,,,,,,,,,,,
20,4254,,,,,,,,,,,,,,,,,,,,,,,,,,,,,,,,,,,,,,,,,0.2642342746257782,0.44274580478668213,0.15846973657608032,0.1520756036043167,0.1903304010629654,0.38381490111351013,0.24531975388526917,0.23465247452259064,0.17234766483306885,0.39835211634635925,5.746128559112549,6.1827826499938965,5.136431694030762,5.160350799560547,4.797072887420654,7.8421783447265625,6.278608798980713,3.835963487625122,4.448475360870361,8.03329086303711,,,,,,,,,,,7.0003838539123535,7.366131782531738,5.735678672790527,5.421065330505371,6.242430686950684,10.040071487426758,8.10470199584961,5.713092803955078,4.765692234039307,9.61458969116211,,,,,,,,,,,,,,,,,,,,,,,,,,,,,,,,,,,,,,,,
20,4259,,,,,,,,,,,,,,,,,,,,,,,,,,,,,,,,,,,,,,,,,0.32725393772125244,0.23106059432029724,0.16317331790924072,0.12317272275686264,0.3312457203865051,0.383037269115448,0.4301804304122925,0.4102872610092163,0.5386807322502136,0.3344472348690033,5.916264057159424,4.5557637214660645,4.136087417602539,3.6638343334198,7.177289962768555,7.058855056762695,8.610757827758789,5.480045795440674,5.714056015014648,6.849685192108154,,,,,,,,,,,7.756373882293701,5.321392059326172,5.8201775550842285,4.878790378570557,8.235211372375488,10.029895782470703,10.732381820678711,7.554447650909424,8.425370216369629,8.809697151184082,,,,,,,,,,,,,,,,,,,,,,,,,,,,,,,,,,,,,,,,
20,4264,,,,,,,,,,,,,,,,,,,,,,,,,,,,,,,,,,,,,,,,,0.48390236496925354,0.25369662046432495,0.8199653029441833,0.5651414394378662,0.3076514005661011,1.1149529218673706,0.40387162566185,0.185806006193161,0.4628695547580719,0.241166353225708,7.402000427246094,4.508994102478027,10.985846519470215,8.489230155944824,5.623986721038818,14.291719436645508,7.270859718322754,4.228952407836914,5.644093990325928,5.574316024780273,,,,,,,,,,,9.432861328125,5.5759596824646,13.046961784362793,10.45041275024414,7.9365010261535645,17.112131118774414,10.39902114868164,5.08380126953125,7.810028553009033,7.480928897857666,,,,,,,,,,,,,,,,,,,,,,,,,,,,,,,,,,,,,,,,
20,4269,,,,,,,,,,,,,,,,,,,,,,,,,,,,,,,,,,,,,,,,,0.4490481913089752,0.5078580379486084,0.2694995105266571,0.5335971713066101,0.5908286571502686,0.5497938990592957,0.3887097239494324,0.5808886885643005,0.4215325713157654,0.19872544705867767,7.140997409820557,5.863703727722168,6.063915252685547,8.186665534973145,10.236966133117676,8.5726900100708,8.466054916381836,6.515015602111816,5.032976150512695,5.330986022949219,,,,,,,,,,,9.10814094543457,7.889208793640137,7.479811668395996,10.154572486877441,10.998422622680664,12.016441345214844,10.201956748962402,8.988872528076172,7.4531331062316895,6.790846824645996,,,,,,,,,,,,,,,,,,,,,,,,,,,,,,,,,,,,,,,,
20,4274,,,,,,,,,,,,,,,,,,,,,,,,,,,,,,,,,,,,,,,,,0.345639169216156,0.2251923531293869,0.16339080035686493,0.18897747993469238,0.3241264522075653,0.4657546877861023,0.27124422788619995,0.2219551056623459,0.8788321018218994,0.37127912044525146,6.260244846343994,4.401494979858398,5.040718078613281,5.355685234069824,6.400317192077637,8.869767189025879,6.984188556671143,4.412916660308838,7.385040283203125,7.4920735359191895,,,,,,,,,,,7.827669620513916,5.253383636474609,5.824055194854736,6.043101787567139,8.146234512329102,11.059983253479004,8.522187232971191,5.556372165679932,10.761585235595703,9.282126426696777,,,,,,,,,,,,,,,,,,,,,,,,,,,,,,,,,,,,,,,,
20,4279,,,,,,,,,,,,,,,,,,,,,,,,,,,,,,,,,,,,,,,,,0.21502293646335602,0.31499728560447693,0.039705872535705566,0.21042770147323608,0.43297290802001953,0.230935737490654,0.265939861536026,0.09928398579359055,0.12618233263492584,0.2147608995437622,4.841404438018799,4.701240062713623,2.5200016498565674,3.974869966506958,7.435434818267822,6.799437999725342,7.011409282684326,2.9030520915985107,3.135847330093384,5.0913472175598145,,,,,,,,,,,6.217349529266357,6.213204860687256,2.8710386753082275,6.376852035522461,9.41520881652832,7.787919044494629,8.438446998596191,3.716193437576294,4.077768325805664,7.05951452255249,,,,,,,,,,,,,,,,,,,,,,,,,,,,,,,,,,,,,,,,
20,4284,,,,,,,,,,,,,,,,,,,,,,,,,,,,,,,,,,,,,,,,,0.31388622522354126,0.3333457112312317,0.24364827573299408,0.13956382870674133,0.26190146803855896,0.862546980381012,0.1776345819234848,0.37204208970069885,0.25410202145576477,0.18019114434719086,5.9671173095703125,4.511331558227539,5.761541843414307,3.9763081073760986,6.7370476722717285,10.030499458312988,6.091929912567139,6.372647285461426,4.625360012054443,5.59738826751709,,,,,,,,,,,7.490447998046875,6.391602039337158,7.112026691436768,5.193274974822998,7.32265567779541,15.051066398620605,6.896592617034912,7.193740367889404,5.786651611328125,6.466420650482178,,,,,,,,,,,,,,,,,,,,,,,,,,,,,,,,,,,,,,,,
20,4289,,,,,,,,,,,,,,,,,,,,,,,,,,,,,,,,,,,,,,,,,0.38446396589279175,1.0487524271011353,0.3535836338996887,0.21641935408115387,0.5622424483299255,0.49687206745147705,0.23759907484054565,0.21132414042949677,0.06429823487997055,0.2690843641757965,6.193866729736328,7.850836277008057,7.101419925689697,5.479562282562256,7.461488723754883,9.117351531982422,5.61273193359375,4.481569290161133,2.567742109298706,6.072099208831787,,,,,,,,,,,8.08165454864502,11.337016105651855,8.567571640014648,6.467001438140869,10.72905445098877,11.423473358154297,7.976147174835205,5.421672821044922,2.91087007522583,7.902080535888672,,,,,,,,,,,,,,,,,,,,,,,,,,,,,,,,,,,,,,,,
20,4294,,,,,,,,,,,,,,,,,,,,,,,,,,,,,,,,,,,,,,,,,0.39198562502861023,0.3393014967441559,0.44333693385124207,0.40015313029289246,0.3358737528324127,0.4148942828178406,0.6441113948822021,0.4018414616584778,0.3504609167575836,0.19789724051952362,6.82045316696167,5.211646556854248,7.717672348022461,7.095724105834961,6.2694220542907715,7.996370792388916,10.739150047302246,6.027662754058838,5.13372802734375,5.1927008628845215,,,,,,,,,,,8.638691902160645,6.448447227478027,9.593533515930176,8.79362678527832,8.29254150390625,10.438655853271484,13.132616996765137,7.476289749145508,6.795838832855225,6.776681423187256,,,,,,,,,,,,,,,,,,,,,,,,,,,,,,,,,,,,,,,,
20,4299,,,,,,,,,,,,,,,,,,,,,,,,,,,,,,,,,,,,,,,,,0.6232325434684753,0.4044353663921356,1.2264074087142944,0.509041428565979,0.4014591574668884,0.5044516324996948,0.7324580550193787,0.5101636052131653,0.841563880443573,0.4791119694709778,8.603741645812988,5.6812896728515625,13.674904823303223,7.985465049743652,7.294621467590332,8.866124153137207,9.051572799682617,6.799015998840332,9.470640182495117,8.610029220581055,,,,,,,,,,,10.777152061462402,7.040229797363281,15.956183433532715,9.918168067932129,9.066096305847168,11.510272979736328,14.004324913024902,8.423904418945312,10.530932426452637,10.544251441955566,,,,,,,,,,,,,,,,,,,,,,,,,,,,,,,,,,,,,,,,
20,4304,,,,,,,,,,,,,,,,,,,,,,,,,,,,,,,,,,,,,,,,,0.6403409838676453,0.00020628220227081329,0.17362043261528015,0.37719598412513733,2.218316078186035,0.5458737015724182,0.2930668890476227,0.2407180815935135,0.48045068979263306,0.14424197375774384,7.2862868309021,0.11982583999633789,5.51896333694458,6.4322967529296875,16.53662872314453,7.300821781158447,7.469308376312256,4.429137229919434,7.102529525756836,5.004852771759033,,,,,,,,,,,9.617560386657715,0.15899790823459625,6.003604888916016,8.537652015686035,21.311370849609375,11.973523139953613,8.858377456665039,5.78646183013916,7.956969738006592,5.785528659820557,,,,,,,,,,,,,,,,,,,,,,,,,,,,,,,,,,,,,,,,
20,4304,,,,,,,,,,,,,,,,,,,,,,,,,,,,,,,,,,,,,,,,,,,,,,,,,,,6.594149112701416,5.3968825340271,6.507269859313965,6.33505392074585,6.9210638999938965,8.386022567749023,7.358903408050537,5.611947536468506,5.651403903961182,7.1787919998168945,0.5807355046272278,0.575282096862793,0.6138854026794434,0.6128922700881958,0.616521954536438,0.5231318473815918,0.6009415984153748,0.5809218883514404,0.5468750596046448,0.5561676025390625,8.852761268615723,7.325949192047119,8.678181648254395,8.561408042907715,9.33660888671875,11.216981887817383,9.864875793457031,7.489388942718506,7.729270935058594,9.472188949584961,0.5884763598442078,1.0329318046569824,0.37684932351112366,0.5376887321472168,0.5656487941741943,0.4948746860027313,0.5550612211227417,0.44749853014945984,0.6176684498786926,0.6772959232330322,8.016303062438965,8.618753433227539,7.116553783416748,7.836461544036865,8.13294506072998,8.839092254638672,8.890731811523438,6.163134574890137,6.839605331420898,9.709443092346191,0.23046578466892242,0.08651554584503174,0.27974510192871094,0.1818503737449646,0.2650059461593628,0.2733427882194519,0.015494823455810547,0.47442829608917236,0.24573713541030884,0.25207215547561646,10.304293632507324,11.25065803527832,8.978584289550781,10.060232162475586,10.550187110900879,11.233162879943848,11.742239952087402,7.926549434661865,8.473357200622559,12.523666381835938
21,4309,,,,,,,,,,,,,,,,,,,,,,,,,,,,,,,,,,,,,,,,,0.5283951759338379,0.7860932946205139,0.30663391947746277,0.37291643023490906,0.34310850501060486,0.6792415380477905,0.5208348035812378,0.38567546010017395,0.35619813203811646,1.004854440689087,7.681154251098633,6.532998561859131,6.280797004699707,6.670912265777588,7.000239372253418,9.500041007995605,8.96281623840332,5.644081115722656,6.158895492553711,12.379605293273926,,,,,,,,,,,9.919520378112793,9.815203666687012,7.978508949279785,8.489080429077148,8.381377220153809,13.356355667114258,11.809208869934082,7.3243608474731445,6.85123872756958,15.270343780517578,,,,,,,,,,,,,,,,,,,,,,,,,,,,,,,,,,,,,,,,
21,4314,,,,,,,,,,,,,,,,,,,,,,,,,,,,,,,,,,,,,,,,,0.4456327259540558,0.7227733731269836,0.35987579822540283,0.402157187461853,0.5271653532981873,0.47760647535324097,0.3243676722049713,0.6084463000297546,0.11019107699394226,0.4781113564968109,7.4012451171875,7.351017475128174,7.180780410766602,7.39763069152832,8.462182998657227,9.117803573608398,6.7708048820495605,8.328855514526367,3.1665008068084717,8.835625648498535,,,,,,,,,,,9.035822868347168,9.41159725189209,8.64346694946289,8.815618515014648,10.388983726501465,11.19981861114502,9.319435119628906,9.19961929321289,3.8106276988983154,10.533234596252441,,,,,,,,,,,,,,,,,,,,,,,,,,,,,,,,,,,,,,,,
21,4319,,,,,,,,,,,,,,,,,,,,,,,,,,,,,,,,,,,,,,,,,0.4286598265171051,0.47255969047546387,0.3039322793483734,0.056529607623815536,0.7468951344490051,0.4613240361213684,0.5340741872787476,0.1576906442642212,0.8459852933883667,0.27894771099090576,6.174976348876953,5.877320766448975,5.378567695617676,2.5562655925750732,9.049352645874023,8.36805534362793,7.532301902770996,3.5744190216064453,7.570928573608398,5.667578220367432,,,,,,,,,,,8.608637809753418,7.610104560852051,7.943283557891846,3.3051626682281494,12.366005897521973,11.007251739501953,11.958358764648438,4.683404445648193,10.558560371398926,8.045602798461914,,,,,,,,,,,,,,,,,,,,,,,,,,,,,,,,,,,,,,,,
21,4324,,,,,,,,,,,,,,,,,,,,,,,,,,,,,,,,,,,,,,,,,0.3494875431060791,0.22232256829738617,0.11998450756072998,0.12297065556049347,0.592395544052124,0.20594170689582825,0.1821773499250412,0.7771461009979248,0.5904124975204468,0.33203697204589844,5.933078289031982,4.241524696350098,4.4889326095581055,4.784091472625732,7.598422050476074,5.84556770324707,5.613141059875488,7.030601978302002,6.752992153167725,7.042431354522705,,,,,,,,,,,7.603630065917969,5.219801902770996,4.990846633911133,4.874786853790283,11.0129976272583,7.354413032531738,6.984220504760742,10.397047996520996,8.820659637451172,8.7778959274292,,,,,,,,,,,,,,,,,,,,,,,,,,,,,,,,,,,,,,,,
21,4329,,,,,,,,,,,,,,,,,,,,,,,,,,,,,,,,,,,,,,,,,0.24521838128566742,0.13123533129692078,0.26472654938697815,0.23200738430023193,0.4602925479412079,0.1693742871284485,0.34674379229545593,0.11756592243909836,0.18946164846420288,0.2955579161643982,5.176790714263916,3.155961513519287,5.3337507247924805,5.3853936195373535,8.319169044494629,4.850731372833252,7.013101100921631,2.843395948410034,3.957188606262207,5.732429027557373,,,,,,,,,,,6.8282928466796875,4.01039981842041,7.413280010223389,6.6958513259887695,9.707706451416016,6.669597148895264,9.635519981384277,4.043890953063965,4.996707439422607,8.281681060791016,,,,,,,,,,,,,,,,,,,,,,,,,,,,,,,,,,,,,,,,
21,4334,,,,,,,,,,,,,,,,,,,,,,,,,,,,,,,,,,,,,,,,,0.3879290223121643,0.36900609731674194,0.6254426836967468,0.5421226620674133,0.21028564870357513,0.35204997658729553,0.4522106349468231,0.39756545424461365,0.4084097743034363,0.13426834344863892,6.867681980133057,5.600500106811523,7.857810974121094,8.258111953735352,5.487317085266113,8.406901359558105,8.577432632446289,5.983641147613525,6.6785736083984375,4.9588494300842285,,,,,,,,,,,8.43226432800293,6.724794864654541,11.394765853881836,10.235372543334961,6.561520099639893,9.615635871887207,11.003761291503906,7.436404705047607,7.336203098297119,5.581925392150879,,,,,,,,,,,,,,,,,,,,,,,,,,,,,,,,,,,,,,,,
21,4339,,,,,,,,,,,,,,,,,,,,,,,,,,,,,,,,,,,,,,,,,0.2807226777076721,0.1984998881816864,0.46441322565078735,0.15090203285217285,0.25546520948410034,0.216932475566864,0.20652499794960022,0.4406290054321289,0.3342452943325043,0.2588919401168823,5.5794501304626465,3.9662458896636963,7.41764497756958,3.923330545425415,6.087090969085693,5.763157844543457,5.086336612701416,6.202348232269287,5.603218078613281,6.165675163269043,,,,,,,,,,,7.176035404205322,4.932219982147217,9.818924903869629,5.400107383728027,7.232118129730225,7.54810905456543,7.43630313873291,7.828801155090332,6.6367573738098145,7.750977516174316,,,,,,,,,,,,,,,,,,,,,,,,,,,,,,,,,,,,,,,,
21,4344,,,,,,,,,,,,,,,,,,,,,,,,,,,,,,,,,,,,,,,,,0.4064788222312927,0.18759797513484955,0.3095557689666748,0.47421541810035706,0.35447439551353455,0.6250295042991638,0.25356030464172363,0.4557315707206726,0.5806068181991577,0.417537659406662,6.774857521057129,3.732020616531372,6.946632385253906,6.8410258293151855,6.798524379730225,10.2718505859375,5.79008150100708,5.705894470214844,5.844946384429932,9.042741775512695,,,,,,,,,,,8.723061561584473,4.794864654541016,8.016432762145996,9.572882652282715,8.51906681060791,12.812271118164062,8.239701271057129,7.961836814880371,8.747105598449707,9.843398094177246,,,,,,,,,,,,,,,,,,,,,,,,,,,,,,,,,,,,,,,,
21,4349,,,,,,,,,,,,,,,,,,,,,,,,,,,,,,,,,,,,,,,,,0.71725994348526,0.6892666220664978,0.7114741206169128,0.6854242086410522,0.5882912874221802,0.5207850337028503,0.5952694416046143,1.1447818279266357,0.9261553883552551,0.5938913822174072,8.492380142211914,7.130326271057129,8.11219596862793,6.9637346267700195,7.937839984893799,9.023455619812012,9.607583045959473,9.370192527770996,9.581162452697754,8.70493221282959,,,,,,,,,,,11.50596809387207,9.190855026245117,12.153216361999512,11.508920669555664,10.974781036376953,11.695131301879883,12.624890327453613,12.61885929107666,11.047530174255371,11.739530563354492,,,,,,,,,,,,,,,,,,,,,,,,,,,,,,,,,,,,,,,,
21,4354,,,,,,,,,,,,,,,,,,,,,,,,,,,,,,,,,,,,,,,,,0.25874048471450806,0.2974894046783447,0.30104050040245056,0.3684292435646057,0.17066174745559692,0.37213537096977234,0.24946516752243042,0.25872132182121277,0.10212118923664093,0.20860043168067932,5.636875152587891,4.7427215576171875,6.152169704437256,6.111070156097412,4.105674743652344,8.449981689453125,7.11634635925293,5.452728748321533,2.7952983379364014,5.805884838104248,,,,,,,,,,,6.997372150421143,6.0380682945251465,7.905405044555664,8.43785285949707,5.911092281341553,9.886130332946777,8.172891616821289,5.998944282531738,3.668437957763672,6.957525730133057,,,,,,,,,,,,,,,,,,,,,,,,,,,,,,,,,,,,,,,,
21,4359,,,,,,,,,,,,,,,,,,,,,,,,,,,,,,,,,,,,,,,,,0.4501817524433136,0.3170664608478546,0.7368471026420593,0.4482250511646271,0.5976148843765259,0.6007722616195679,0.4927405118942261,0.275165319442749,0.21994070708751678,0.3632633686065674,7.478804111480713,4.589017391204834,10.23853874206543,7.219551086425781,8.850409507751465,9.959410667419434,9.700067520141602,5.6628875732421875,4.4121012687683105,6.677248001098633,,,,,,,,,,,9.307668685913086,6.233578205108643,12.368023872375488,9.306855201721191,11.061406135559082,12.561190605163574,11.486294746398926,6.186650276184082,5.383641242980957,9.181380271911621,,,,,,,,,,,,,,,,,,,,,,,,,,,,,,,,,,,,,,,,
21,4364,,,,,,,,,,,,,,,,,,,,,,,,,,,,,,,,,,,,,,,,,0.45985740423202515,0.142793670296669,0.20520956814289093,0.4668976366519928,0.2431086003780365,0.5963137745857239,0.4771519899368286,1.0627909898757935,0.607394814491272,0.3370555341243744,7.231037616729736,3.1606791019439697,5.542608737945557,7.41732931137085,6.112427234649658,9.6206636428833,8.673624992370605,9.512825965881348,7.017799377441406,8.021378517150879,,,,,,,,,,,9.003424644470215,4.183278560638428,6.526952266693115,9.498733520507812,7.0550456047058105,12.514492988586426,11.303141593933105,12.158574104309082,8.946617126464844,8.84398365020752,,,,,,,,,,,,,,,,,,,,,,,,,,,,,,,,,,,,,,,,
21,4369,,,,,,,,,,,,,,,,,,,,,,,,,,,,,,,,,,,,,,,,,0.5975638628005981,0.46502241492271423,0.7439345121383667,0.3925599455833435,0.33593475818634033,0.6149666905403137,0.3680880665779114,0.9292168617248535,1.0894898176193237,0.4388614594936371,8.344948768615723,6.073287010192871,9.581183433532715,7.215366363525391,6.943288326263428,10.355810165405273,8.826745986938477,7.850209712982178,10.306768417358398,7.951872825622559,,,,,,,,,,,10.339848518371582,7.549170017242432,12.427363395690918,8.709794044494629,8.293294906616211,12.708715438842773,9.927654266357422,11.368867874145508,11.982151985168457,10.091621398925781,,,,,,,,,,,,,,,,,,,,,,,,,,,,,,,,,,,,,,,,
21,4374,,,,,,,,,,,,,,,,,,,,,,,,,,,,,,,,,,,,,,,,,0.5886296033859253,0.5320955514907837,0.41622212529182434,0.6051662564277649,0.2501499354839325,0.33528774976730347,0.38332509994506836,1.1653729677200317,1.0601558685302734,0.5498912930488586,7.775626182556152,5.643237590789795,7.129180908203125,8.118900299072266,6.134908676147461,7.958146095275879,8.470174789428711,9.050918579101562,8.300735473632812,9.174432754516602,,,,,,,,,,,10.078253746032715,8.07526969909668,9.295531272888184,10.814146041870117,7.156486511230469,9.383929252624512,10.131048202514648,12.731840133666992,11.819745063781738,11.296284675598145,,,,,,,,,,,,,,,,,,,,,,,,,,,,,,,,,,,,,,,,
21,4379,,,,,,,,,,,,,,,,,,,,,,,,,,,,,,,,,,,,,,,,,0.3224525451660156,0.4951021671295166,0.1456020027399063,0.2736607491970062,0.24123695492744446,0.4172828197479248,0.12782305479049683,0.5324159264564514,0.43969660997390747,0.2292526215314865,6.052620887756348,6.533114910125732,4.324186325073242,6.240973949432373,6.042137145996094,7.589814186096191,5.450095176696777,7.198634147644043,4.855741024017334,6.238888263702393,,,,,,,,,,,7.490861892700195,7.789501667022705,5.4978814125061035,7.272122383117676,7.027834892272949,10.468660354614258,5.850263595581055,8.605661392211914,7.612019062042236,7.293808937072754,,,,,,,,,,,,,,,,,,,,,,,,,,,,,,,,,,,,,,,,
21,4384,,,,,,,,,,,,,,,,,,,,,,,,,,,,,,,,,,,,,,,,,0.3420662581920624,0.5464354753494263,0.21585749089717865,0.24894580245018005,0.5986388325691223,0.29833364486694336,0.4494743049144745,0.25814110040664673,0.20360200107097626,0.2591676414012909,5.839235782623291,5.817989826202393,5.158170223236084,5.689335823059082,7.9699482917785645,6.264889717102051,7.3771071434021,4.5379109382629395,4.370347023010254,5.367420196533203,,,,,,,,,,,7.959291458129883,8.183361053466797,6.694147109985352,6.935971736907959,11.070878028869629,8.851706504821777,10.970419883728027,5.992213726043701,5.179815769195557,7.755103588104248,,,,,,,,,,,,,,,,,,,,,,,,,,,,,,,,,,,,,,,,
21,4389,,,,,,,,,,,,,,,,,,,,,,,,,,,,,,,,,,,,,,,,,0.5359278917312622,0.44269469380378723,1.0944604873657227,0.6220253705978394,0.5036135315895081,0.41458314657211304,0.49634885787963867,0.5165708065032959,0.39372527599334717,0.33932870626449585,7.35382604598999,5.575554370880127,9.23869800567627,8.01589584350586,6.949071884155273,8.128670692443848,8.10136890411377,7.342038154602051,5.928203105926514,6.90493106842041,,,,,,,,,,,10.008183479309082,7.3657073974609375,15.07341480255127,10.9637451171875,10.15426254272461,10.434741020202637,11.528274536132812,8.476637840270996,7.2031073570251465,8.873756408691406,,,,,,,,,,,,,,,,,,,,,,,,,,,,,,,,,,,,,,,,
21,4394,,,,,,,,,,,,,,,,,,,,,,,,,,,,,,,,,,,,,,,,,0.35763582587242126,0.672764003276825,0.37515372037887573,0.5405313372612,0.1842702329158783,0.21963056921958923,0.3001033067703247,0.21102559566497803,0.3211788535118103,0.39406445622444153,6.278891563415527,7.19827938079834,5.6352410316467285,8.10230827331543,4.61581563949585,6.564138412475586,7.056183815002441,4.520198345184326,5.0471062660217285,7.770755767822266,,,,,,,,,,,8.034785270690918,9.080163955688477,8.825031280517578,10.220337867736816,6.142247200012207,7.594903469085693,8.964089393615723,5.41784143447876,6.505741119384766,9.56270694732666,,,,,,,,,,,,,,,,,,,,,,,,,,,,,,,,,,,,,,,,
21,4399,,,,,,,,,,,,,,,,,,,,,,,,,,,,,,,,,,,,,,,,,0.2894693911075592,0.39019888639450073,0.2708526849746704,0.330392062664032,0.1259901523590088,0.5395652651786804,0.14352892339229584,0.18894079327583313,0.16289517283439636,0.45286086201667786,5.799043655395508,4.356594562530518,6.670004844665527,6.733154773712158,4.662639617919922,8.333847045898438,5.144834518432617,4.613803863525391,3.895542860031128,7.780967712402344,,,,,,,,,,,7.288606643676758,6.91520881652832,7.498565673828125,7.990421772003174,5.078880310058594,11.904134750366211,6.1992692947387695,5.12650728225708,4.633160591125488,10.251315116882324,,,,,,,,,,,,,,,,,,,,,,,,,,,,,,,,,,,,,,,,
21,4404,,,,,,,,,,,,,,,,,,,,,,,,,,,,,,,,,,,,,,,,,0.35822612047195435,0.39903348684310913,0.21895058453083038,0.2862125337123871,0.4093247056007385,0.354191392660141,0.31914299726486206,0.1553761512041092,0.8293178677558899,0.2524854838848114,6.453812122344971,5.841636657714844,5.8189311027526855,5.858055114746094,7.805653095245361,7.553913116455078,6.311240196228027,3.917141914367676,8.845221519470215,6.132513999938965,,,,,,,,,,,7.996980667114258,6.993054389953613,6.741937160491943,7.4370245933532715,9.154478073120117,9.64483642578125,9.244074821472168,4.648907661437988,10.454030990600586,7.65447473526001,,,,,,,,,,,,,,,,,,,,,,,,,,,,,,,,,,,,,,,,
21,4409,,,,,,,,,,,,,,,,,,,,,,,,,,,,,,,,,,,,,,,,,0.3124557137489319,0.44328582286834717,0.22591543197631836,0.15647076070308685,0.6618086099624634,0.5572121143341064,0.2502853274345398,0.0065533979795873165,0.25833040475845337,0.2522394061088562,5.464413166046143,4.828945159912109,5.277859687805176,5.330882549285889,7.5159502029418945,8.207109451293945,5.5599751472473145,0.7295796275138855,5.1760077476501465,6.553411960601807,,,,,,,,,,,7.342421054840088,7.3706231117248535,6.848328590393066,5.498845100402832,11.640344619750977,12.097234725952148,8.18631649017334,0.9547551870346069,5.834599494934082,7.6507439613342285,,,,,,,,,,,,,,,,,,,,,,,,,,,,,,,,,,,,,,,,
21,4414,,,,,,,,,,,,,,,,,,,,,,,,,,,,,,,,,,,,,,,,,0.8301098346710205,0.2254490852355957,0.252545028924942,2.138519048690796,0.6533361077308655,0.4930681586265564,0.4193898141384125,0.5639054179191589,2.4828526973724365,0.24192258715629578,8.821355819702148,4.216107368469238,5.6785149574279785,12.65710735321045,9.997359275817871,9.081343650817871,8.148951530456543,7.710333824157715,15.634783744812012,6.267706394195557,,,,,,,,,,,11.200614929199219,5.256377220153809,7.240708351135254,20.328784942626953,11.565594673156738,11.379661560058594,10.596921920776367,8.856493949890137,18.088342666625977,7.492650032043457,,,,,,,,,,,,,,,,,,,,,,,,,,,,,,,,,,,,,,,,
21,4419,,,,,,,,,,,,,,,,,,,,,,,,,,,,,,,,,,,,,,,,,0.3425908386707306,0.4282102882862091,0.4239739179611206,0.04077201709151268,0.30808764696121216,0.41860586404800415,0.27374428510665894,0.4421479403972626,0.6486235857009888,0.09915181994438171,6.028055191040039,4.86478328704834,8.871831893920898,1.9531627893447876,7.130631923675537,7.67449951171875,6.129150390625,7.608933925628662,5.971580505371094,4.047919273376465,,,,,,,,,,,7.589545249938965,7.24420690536499,9.381692886352539,2.8069584369659424,7.942126274108887,10.48524284362793,8.561371803283691,7.842283248901367,9.245271682739258,4.796755313873291,,,,,,,,,,,,,,,,,,,,,,,,,,,,,,,,,,,,,,,,
21,4424,,,,,,,,,,,,,,,,,,,,,,,,,,,,,,,,,,,,,,,,,0.34537559747695923,0.6241546869277954,0.3526762127876282,0.43072474002838135,0.24330012500286102,0.3654617965221405,0.23441748321056366,0.33793729543685913,0.20966759324073792,0.3100404739379883,6.65520715713501,5.448230266571045,7.174266338348389,8.541255950927734,6.3924431800842285,7.879988193511963,6.310616493225098,6.123021602630615,4.581709384918213,7.445330619812012,,,,,,,,,,,7.977560520172119,8.745977401733398,8.556570053100586,9.123359680175781,7.05782413482666,9.79708480834961,7.92256498336792,6.8560943603515625,5.256406307220459,8.482159614562988,,,,,,,,,,,,,,,,,,,,,,,,,,,,,,,,,,,,,,,,
21,4429,,,,,,,,,,,,,,,,,,,,,,,,,,,,,,,,,,,,,,,,,0.369077205657959,0.3043183982372284,0.25756528973579407,0.26560696959495544,0.37111181020736694,0.5315455198287964,0.2930206060409546,0.5066103339195251,0.32128068804740906,0.47063520550727844,6.861525058746338,5.099708080291748,5.753879070281982,5.87329626083374,7.451040267944336,9.902647972106934,7.444767475128174,6.712364196777344,5.501070976257324,8.014946937561035,,,,,,,,,,,8.369464874267578,6.106978416442871,7.31232213973999,7.164314270019531,8.71669864654541,11.815337181091309,8.857677459716797,8.394516944885254,6.506771564483643,10.450556755065918,,,,,,,,,,,,,,,,,,,,,,,,,,,,,,,,,,,,,,,,
21,4434,,,,,,,,,,,,,,,,,,,,,,,,,,,,,,,,,,,,,,,,,0.2402661144733429,0.18145959079265594,0.19356393814086914,0.11493797600269318,0.28005045652389526,0.5059676766395569,0.4503856897354126,0.25439614057540894,0.041558630764484406,0.14007486402988434,5.528130531311035,3.5663087368011475,5.563994407653809,3.9656989574432373,6.069708347320557,8.841808319091797,9.17839527130127,5.650978088378906,2.312516212463379,4.603765487670898,,,,,,,,,,,6.648783206939697,4.715766429901123,6.339046001434326,4.7128825187683105,7.57212495803833,11.527555465698242,10.981535911560059,5.948588848114014,2.340204954147339,5.701344966888428,,,,,,,,,,,,,,,,,,,,,,,,,,,,,,,,,,,,,,,,
21,4439,,,,,,,,,,,,,,,,,,,,,,,,,,,,,,,,,,,,,,,,,0.33898061513900757,0.30675947666168213,0.1286650002002716,0.3971081078052521,0.5128373503684998,0.5232047438621521,0.17766645550727844,0.32592177391052246,0.19280660152435303,0.48585590720176697,6.173990249633789,4.6432294845581055,4.719572067260742,5.976607322692871,6.958693981170654,9.128811836242676,5.2301836013793945,5.471415042877197,4.147148609161377,9.290250778198242,,,,,,,,,,,7.924221515655518,6.131422996520996,5.1682305335998535,8.760104179382324,10.246828079223633,11.722269058227539,6.897210121154785,6.733105182647705,5.040622711181641,10.61820125579834,,,,,,,,,,,,,,,,,,,,,,,,,,,,,,,,,,,,,,,,
21,4444,,,,,,,,,,,,,,,,,,,,,,,,,,,,,,,,,,,,,,,,,0.5901593565940857,0.30271416902542114,0.6005918383598328,0.938578724861145,1.0783096551895142,0.7547018527984619,0.49850034713745117,0.4478325843811035,0.4428706169128418,0.2473343312740326,8.590750694274902,5.512999534606934,9.015405654907227,11.388336181640625,11.49279499053955,10.330902099609375,9.884542465209961,6.968194961547852,6.506780624389648,6.216796875,,,,,,,,,,,10.48031997680664,6.090859889984131,11.166095733642578,13.46760082244873,14.858377456665039,14.078733444213867,11.55323314666748,7.89253568649292,7.639443874359131,7.575990676879883,,,,,,,,,,,,,,,,,,,,,,,,,,,,,,,,,,,,,,,,
21,4449,,,,,,,,,,,,,,,,,,,,,,,,,,,,,,,,,,,,,,,,,0.3826037049293518,0.29724738001823425,0.4219059646129608,0.17953923344612122,0.8264733552932739,0.3740803003311157,0.42559176683425903,0.44081997871398926,0.1563982367515564,0.32137686014175415,6.681938648223877,5.044787406921387,6.5167765617370605,5.028080463409424,10.326447486877441,7.55735445022583,8.02294921875,7.070597171783447,3.8677966594696045,6.702656269073486,,,,,,,,,,,8.431760787963867,6.035611629486084,9.358785629272461,5.890261173248291,13.008106231689453,9.911931037902832,10.67498779296875,7.8304972648620605,4.539825916290283,8.635838508605957,,,,,,,,,,,,,,,,,,,,,,,,,,,,,,,,,,,,,,,,
21,4454,,,,,,,,,,,,,,,,,,,,,,,,,,,,,,,,,,,,,,,,,0.5337705612182617,0.8596712350845337,0.5106469392776489,0.20980358123779297,0.47196054458618164,0.43618690967559814,0.2203114777803421,0.5877363681793213,0.7775490880012512,0.7300691604614258,8.107851028442383,7.981498718261719,8.756141662597656,5.159950256347656,9.101703643798828,9.66810417175293,6.694523334503174,7.090815544128418,8.123800277709961,10.394116401672363,,,,,,,,,,,9.70240306854248,10.264278411865234,10.296082496643066,6.3673882484436035,9.829977035522461,10.703164100646973,7.680497646331787,9.041698455810547,10.12248706817627,13.0160493850708,,,,,,,,,,,,,,,,,,,,,,,,,,,,,,,,,,,,,,,,
21,4459,,,,,,,,,,,,,,,,,,,,,,,,,,,,,,,,,,,,,,,,,0.3195578157901764,0.21349605917930603,0.22313807904720306,0.0725737139582634,0.5290467143058777,0.3056052625179291,0.41401928663253784,0.2549225091934204,0.12104715406894684,0.7421717643737793,6.00588846206665,3.4555296897888184,5.808938503265381,3.234553575515747,7.492419719696045,7.20460844039917,8.655179977416992,4.54210901260376,3.749624252319336,9.910026550292969,,,,,,,,,,,7.6259589195251465,5.11513614654541,6.806102275848389,3.7449374198913574,10.407505989074707,8.958932876586914,10.528854370117188,5.954740047454834,3.993931531906128,13.123493194580078,,,,,,,,,,,,,,,,,,,,,,,,,,,,,,,,,,,,,,,,
21,4464,,,,,,,,,,,,,,,,,,,,,,,,,,,,,,,,,,,,,,,,,0.3976805508136749,0.5135972499847412,0.5761551260948181,0.12833917140960693,0.1993715614080429,0.5809458494186401,0.32038506865501404,0.3896929621696472,0.49508601427078247,0.3755521774291992,6.668436050415039,5.628848552703857,8.75860595703125,4.213553428649902,4.3131608963012695,8.781391143798828,8.10177230834961,6.4545464515686035,6.592607021331787,7.1714396476745605,,,,,,,,,,,8.514283180236816,7.93366003036499,10.936576843261719,4.98006010055542,6.388976573944092,12.352182388305664,9.262045860290527,7.362409591674805,8.077251434326172,9.33538818359375,,,,,,,,,,,,,,,,,,,,,,,,,,,,,,,,,,,,,,,,
21,4469,,,,,,,,,,,,,,,,,,,,,,,,,,,,,,,,,,,,,,,,,0.5215258598327637,0.896756649017334,0.17959226667881012,0.7374728322029114,0.3582882285118103,0.8895714282989502,0.5125821232795715,0.3285920321941376,0.42408251762390137,0.36679497361183167,7.460811138153076,7.836499214172363,5.1876373291015625,8.948511123657227,6.134466648101807,10.970149993896484,7.924260139465332,6.18107271194458,6.3695149421691895,7.59519100189209,,,,,,,,,,,9.728275299072266,10.483336448669434,6.10598087310791,11.937898635864258,8.564774513244629,15.285030364990234,11.715275764465332,6.7606306076049805,7.47564172744751,9.225903511047363,,,,,,,,,,,,,,,,,,,,,,,,,,,,,,,,,,,,,,,,
21,4474,,,,,,,,,,,,,,,,,,,,,,,,,,,,,,,,,,,,,,,,,0.3025306761264801,0.43263524770736694,0.21677935123443604,0.27527090907096863,0.3336716890335083,0.42239391803741455,0.29009926319122314,0.23410098254680634,0.31040158867836,0.20742322504520416,5.81878137588501,5.939250469207764,5.217051029205322,4.7631964683532715,5.940664291381836,7.833235740661621,7.485753059387207,5.074851989746094,5.171245098114014,4.943785667419434,,,,,,,,,,,7.5482940673828125,7.2815399169921875,6.708425045013428,7.293483734130859,8.265314102172852,10.532577514648438,8.8134126663208,5.706374645233154,6.395658493041992,6.937865734100342,,,,,,,,,,,,,,,,,,,,,,,,,,,,,,,,,,,,,,,,
21,4479,,,,,,,,,,,,,,,,,,,,,,,,,,,,,,,,,,,,,,,,,0.3752908706665039,0.23327088356018066,0.3789175748825073,0.2638079822063446,0.5325642824172974,0.7979695200920105,0.41560620069503784,0.20422010123729706,0.3193904757499695,0.2318706065416336,6.359969139099121,4.447999477386475,6.390631198883057,5.788877010345459,7.39357328414917,10.716408729553223,7.815895080566406,4.440648555755615,4.2521071434021,5.993584156036377,,,,,,,,,,,8.441824913024902,5.34678316116333,8.86919116973877,7.140009880065918,10.442047119140625,14.47668170928955,10.549012184143066,5.329763412475586,6.487602233886719,7.335336685180664,,,,,,,,,,,,,,,,,,,,,,,,,,,,,,,,,,,,,,,,
21,4484,,,,,,,,,,,,,,,,,,,,,,,,,,,,,,,,,,,,,,,,,0.30189844965934753,0.16797268390655518,0.40855270624160767,0.2693262994289398,0.28781217336654663,0.3519904613494873,0.3489516079425812,0.451662540435791,0.2687007486820221,0.1621168553829193,6.018349647521973,3.6358845233917236,7.597579479217529,5.615820407867432,5.952796936035156,7.802424430847168,8.007094383239746,6.199941158294678,3.920146942138672,5.433454990386963,,,,,,,,,,,7.547616958618164,4.537134170532227,9.209492683410645,7.214301586151123,7.676340103149414,9.614823341369629,9.666147232055664,7.92621374130249,5.950558185577393,6.133541107177734,,,,,,,,,,,,,,,,,,,,,,,,,,,,,,,,,,,,,,,,
21,4489,,,,,,,,,,,,,,,,,,,,,,,,,,,,,,,,,,,,,,,,,0.5587230324745178,0.5381495356559753,0.6660646796226501,0.584039568901062,0.5799615383148193,0.3510173261165619,0.23879285156726837,1.1492840051651,0.4918253421783447,0.4293725788593292,7.870827674865723,6.137810707092285,9.346501350402832,8.541214942932129,8.317933082580566,7.553095817565918,6.747172832489014,9.78951358795166,5.953818321228027,8.450390815734863,,,,,,,,,,,9.963827133178711,8.121079444885254,11.758986473083496,10.623705863952637,10.896807670593262,9.601524353027344,7.996159076690674,12.643648147583008,8.05060863494873,9.981925964355469,,,,,,,,,,,,,,,,,,,,,,,,,,,,,,,,,,,,,,,,
21,4494,,,,,,,,,,,,,,,,,,,,,,,,,,,,,,,,,,,,,,,,,0.4430025517940521,0.3779224455356598,0.37776198983192444,0.534926176071167,0.5750159025192261,0.70860356092453,0.3021444082260132,0.22371916472911835,0.5796979069709778,0.30723118782043457,7.243001461029053,5.522462844848633,6.3366827964782715,9.34352970123291,8.44351577758789,10.207043647766113,7.210208415985107,4.2798004150390625,7.591707706451416,6.252063274383545,,,,,,,,,,,9.119720458984375,6.805556297302246,8.855655670166016,10.167210578918457,10.850245475769043,13.641984939575195,8.994522094726562,5.578408241271973,8.740256309509277,8.443642616271973,,,,,,,,,,,,,,,,,,,,,,,,,,,,,,,,,,,,,,,,
21,4499,,,,,,,,,,,,,,,,,,,,,,,,,,,,,,,,,,,,,,,,,0.4157669246196747,0.2583359479904175,0.34644463658332825,0.1296193152666092,0.5080487132072449,0.4324193596839905,0.2516736388206482,1.0924655199050903,0.5832861065864563,0.13960924744606018,6.2538628578186035,4.294795513153076,6.824093341827393,3.78930926322937,8.526079177856445,7.719252109527588,6.327012062072754,7.5533905029296875,6.670196533203125,4.580636501312256,,,,,,,,,,,8.329240798950195,5.626711845397949,8.48063850402832,5.0048346519470215,10.198877334594727,10.656840324401855,8.208988189697266,12.327147483825684,8.767264366149902,5.691861152648926,,,,,,,,,,,,,,,,,,,,,,,,,,,,,,,,,,,,,,,,
21,4504,,,,,,,,,,,,,,,,,,,,,,,,,,,,,,,,,,,,,,,,,0.2599991261959076,0.3230387568473816,0.09182653576135635,0.12910501658916473,0.4622659981250763,0.3171786963939667,0.17959418892860413,0.10390815883874893,0.2838205397129059,0.44925403594970703,5.330228328704834,4.889072895050049,3.4835891723632812,4.245039463043213,7.560372829437256,7.650726318359375,5.021113395690918,3.2771389484405518,5.121586322784424,6.723415374755859,,,,,,,,,,,6.84121036529541,6.2920122146606445,4.3661208152771,4.994895935058594,9.728494644165039,9.126995086669922,6.934528350830078,3.8017497062683105,6.115686416625977,10.210411071777344,,,,,,,,,,,,,,,,,,,,,,,,,,,,,,,,,,,,,,,,
21,4509,,,,,,,,,,,,,,,,,,,,,,,,,,,,,,,,,,,,,,,,,0.5673596858978271,0.21614482998847961,0.1269465833902359,0.4954991936683655,1.1559205055236816,0.9776045680046082,0.4553627371788025,1.0977612733840942,0.3632533848285675,0.21774375438690186,9.384846687316895,5.1467695236206055,4.887152671813965,9.785350799560547,13.421594619750977,15.59091854095459,9.260035514831543,12.356990814208984,6.918757915496826,7.096047878265381,,,,,,,,,,,9.877687454223633,5.1467695236206055,5.133601665496826,9.785350799560547,15.383800506591797,16.02350425720215,11.042044639587402,12.356990814208984,6.918757915496826,7.108370780944824,,,,,,,,,,,,,,,,,,,,,,,,,,,,,,,,,,,,,,,,
21,4509,,,,,,,,,,,,,,,,,,,,,,,,,,,,,,,,,,,,,,,,,,,,,,,,,,,6.609582424163818,5.368913650512695,6.421982288360596,6.3547492027282715,6.947487831115723,8.394657135009766,7.372391223907471,5.713148593902588,5.723067760467529,7.189843654632568,0.5811246633529663,0.5801097750663757,0.6184241771697998,0.614787757396698,0.6189733743667603,0.5207874774932861,0.6016930341720581,0.5721005797386169,0.5509542226791382,0.5522915124893188,8.848236083984375,7.284196376800537,8.62702465057373,8.540421485900879,9.306718826293945,11.24452018737793,9.855582237243652,7.567800998687744,7.694401264190674,9.513461112976074,0.5662944316864014,0.7926070094108582,0.43291744589805603,0.4698368310928345,0.6194522380828857,0.5551590919494629,0.5666781663894653,0.4810579717159271,0.6291033029556274,0.5549989938735962,7.988001346588135,7.461472988128662,7.4933905601501465,7.560914993286133,8.222341537475586,9.671696662902832,9.198236465454102,6.548506736755371,6.890841960906982,8.844611167907715,0.2274419516324997,0.30395662784576416,0.15852195024490356,0.233972430229187,0.2136349081993103,0.17660164833068848,-0.053965091705322266,0.40356773138046265,0.233862042427063,0.3768252730369568,10.29945182800293,9.820769309997559,9.704791069030762,9.734503746032715,10.912652969360352,11.957551956176758,12.149405479431152,8.444009780883789,8.53979778289795,11.431588172912598
22,4514,,,,,,,,,,,,,,,,,,,,,,,,,,,,,,,,,,,,,,,,,0.22267791628837585,0.27879825234413147,0.2874588072299957,0.2211534082889557,0.1395028531551361,0.3741055428981781,0.20068885385990143,0.119368776679039,0.08759734034538269,0.29542723298072815,5.118551254272461,4.495935916900635,6.490268707275391,4.968947410583496,4.003426551818848,7.232324600219727,5.5252909660339355,3.0873022079467773,3.214524269104004,7.0489373207092285,,,,,,,,,,,6.494102478027344,5.845306873321533,7.725017070770264,6.537349700927734,5.34430456161499,9.91226577758789,7.330480098724365,4.074779033660889,3.3975725173950195,8.279850006103516,,,,,,,,,,,,,,,,,,,,,,,,,,,,,,,,,,,,,,,,
22,4519,,,,,,,,,,,,,,,,,,,,,,,,,,,,,,,,,,,,,,,,,0.37543678283691406,0.2984318733215332,0.6784070730209351,0.3541649281978607,0.41381287574768066,0.2717195749282837,0.7310275435447693,0.03465503081679344,0.2446577399969101,0.3520546853542328,6.47661828994751,5.202372074127197,8.209192276000977,6.646097660064697,7.525835990905762,6.133355617523193,10.040706634521484,2.0203335285186768,4.811420440673828,7.700249195098877,,,,,,,,,,,8.304783821105957,6.047625541687012,11.86743450164795,8.272897720336914,9.204529762268066,8.44765853881836,13.990642547607422,2.195542812347412,5.678096294403076,9.038622856140137,,,,,,,,,,,,,,,,,,,,,,,,,,,,,,,,,,,,,,,,
22,4524,,,,,,,,,,,,,,,,,,,,,,,,,,,,,,,,,,,,,,,,,0.2500213086605072,0.2107844054698944,0.21599388122558594,0.34277015924453735,0.24549219012260437,0.3590836524963379,0.24228458106517792,0.22083646059036255,0.20111912488937378,0.2118273675441742,5.691774368286133,4.456385612487793,5.777015686035156,6.385109901428223,6.441642761230469,7.888800144195557,5.8785552978515625,4.774600505828857,4.007059574127197,5.616796970367432,,,,,,,,,,,6.941592693328857,5.08254861831665,6.696261882781982,8.138725280761719,7.089547157287598,9.71121883392334,8.05440902709961,5.542351722717285,5.148135662078857,7.011133193969727,,,,,,,,,,,,,,,,,,,,,,,,,,,,,,,,,,,,,,,,
22,4529,,,,,,,,,,,,,,,,,,,,,,,,,,,,,,,,,,,,,,,,,0.2545160949230194,0.24932922422885895,0.19148576259613037,0.2369227111339569,0.19980725646018982,0.4634678363800049,0.2781650424003601,0.11317042261362076,0.0815870389342308,0.47670963406562805,5.321434020996094,4.9306416511535645,5.739436149597168,5.131898880004883,5.056041240692139,7.565850257873535,7.056716442108154,3.171123504638672,2.348966598510742,6.892230033874512,,,,,,,,,,,6.935818195343018,5.527756214141846,6.304924488067627,6.766408920288086,6.395953178405762,11.032796859741211,8.630223274230957,3.9675755500793457,3.2789433002471924,10.517782211303711,,,,,,,,,,,,,,,,,,,,,,,,,,,,,,,,,,,,,,,,
22,4534,,,,,,,,,,,,,,,,,,,,,,,,,,,,,,,,,,,,,,,,,0.24844853579998016,0.29822301864624023,0.18203960359096527,0.3170474171638489,0.40080976486206055,0.3810082972049713,0.22718681395053864,0.07705650478601456,0.1685098111629486,0.1841554045677185,5.540147304534912,4.50712776184082,5.3275065422058105,6.610232830047607,7.1261982917785645,8.46320915222168,6.038795471191406,2.35963773727417,4.091622352600098,5.336995601654053,,,,,,,,,,,6.822800636291504,6.045508861541748,6.147444248199463,7.827391147613525,9.058760643005371,10.003294944763184,7.7994208335876465,3.2738847732543945,4.712332248687744,6.53716516494751,,,,,,,,,,,,,,,,,,,,,,,,,,,,,,,,,,,,,,,,
22,4539,,,,,,,,,,,,,,,,,,,,,,,,,,,,,,,,,,,,,,,,,0.5360287427902222,1.0258253812789917,0.7726970314979553,0.13740773499011993,0.4528919458389282,0.6710866093635559,0.27255773544311523,0.4759381413459778,0.40359899401664734,0.6122550964355469,7.52298641204834,6.962974548339844,10.338279724121094,3.9522993564605713,7.989871501922607,10.40943431854248,7.011252403259277,7.034103870391846,5.940865993499756,8.067795753479004,,,,,,,,,,,9.75864028930664,11.212409973144531,12.665322303771973,5.153004169464111,9.629348754882812,13.275936126708984,8.54279613494873,8.136431694030762,7.292867183685303,11.919647216796875,,,,,,,,,,,,,,,,,,,,,,,,,,,,,,,,,,,,,,,,
22,4544,,,,,,,,,,,,,,,,,,,,,,,,,,,,,,,,,,,,,,,,,0.7999566197395325,0.8415855765342712,2.6171164512634277,0.1618005335330963,0.4510892331600189,1.4383147954940796,0.2571411728858948,0.6459521055221558,0.444478303194046,0.34213098883628845,8.174468994140625,7.349670886993408,12.623479843139648,5.273318290710449,7.096745491027832,13.207716941833496,7.434232234954834,7.18904972076416,6.306597709655762,7.089409828186035,,,,,,,,,,,11.382513999938965,10.155736923217773,23.30897331237793,5.591712474822998,9.6101655960083,19.43581771850586,8.29767894744873,9.478920936584473,7.653296947479248,8.910322189331055,,,,,,,,,,,,,,,,,,,,,,,,,,,,,,,,,,,,,,,,
22,4549,,,,,,,,,,,,,,,,,,,,,,,,,,,,,,,,,,,,,,,,,0.24923712015151978,0.2062738984823227,0.18283091485500336,0.14264963567256927,0.37067747116088867,0.23937413096427917,0.209278404712677,0.007527145557105541,0.052290938794612885,0.8322315812110901,5.11448860168457,4.084188461303711,4.705206394195557,3.867567539215088,6.814907550811768,6.609166145324707,6.546313285827637,0.736046314239502,2.4019856452941895,10.2650146484375,,,,,,,,,,,6.45672082901001,5.02787446975708,6.160790920257568,5.2503743171691895,8.711596488952637,7.928927898406982,7.485710620880127,1.0232315063476562,2.6250431537628174,13.896943092346191,,,,,,,,,,,,,,,,,,,,,,,,,,,,,,,,,,,,,,,,
22,4554,,,,,,,,,,,,,,,,,,,,,,,,,,,,,,,,,,,,,,,,,0.4639528691768646,0.5001567602157593,0.489117294549942,0.4152162969112396,0.6737982034683228,0.5048614144325256,0.37345296144485474,0.21123498678207397,0.6191167831420898,0.38862088322639465,7.560774803161621,6.249809741973877,7.643335342407227,7.59888219833374,10.159083366394043,9.415169715881348,8.452213287353516,4.113350868225098,7.202475070953369,7.212651252746582,,,,,,,,,,,9.341439247131348,7.829163074493408,10.076695442199707,8.957609176635742,11.745312690734863,11.514946937561035,9.999740600585938,5.420528411865234,9.032533645629883,9.496427536010742,,,,,,,,,,,,,,,,,,,,,,,,,,,,,,,,,,,,,,,,
22,4559,,,,,,,,,,,,,,,,,,,,,,,,,,,,,,,,,,,,,,,,,0.3780805170536041,0.3693009912967682,0.26599669456481934,0.3008405268192291,0.5939056873321533,0.31215253472328186,0.42701515555381775,0.42863327264785767,0.2986125648021698,0.4062674939632416,6.661805152893066,5.023848056793213,6.603114604949951,6.584653377532959,7.327425479888916,6.745676517486572,8.001185417175293,6.867672920227051,4.990677833557129,7.811991214752197,,,,,,,,,,,8.473515510559082,6.727480888366699,7.431042671203613,7.6247053146362305,11.027026176452637,9.054391860961914,10.692824363708496,7.721499919891357,6.273029804229736,9.70964241027832,,,,,,,,,,,,,,,,,,,,,,,,,,,,,,,,,,,,,,,,
22,4564,,,,,,,,,,,,,,,,,,,,,,,,,,,,,,,,,,,,,,,,,0.2561897039413452,0.4444718360900879,0.2421855926513672,0.14086654782295227,0.2577463388442993,0.2247782200574875,0.29002484679222107,0.31508883833885193,0.1269824206829071,0.2635625898838043,5.1683526039123535,5.599083423614502,4.799054145812988,4.27805233001709,5.508754253387451,5.589166164398193,6.8478851318359375,4.749724388122559,3.398090362548828,5.745360851287842,,,,,,,,,,,6.886679172515869,7.380476474761963,7.090646266937256,5.217456817626953,7.264335632324219,7.68339204788208,8.81228256225586,6.620262622833252,4.0906758308410645,7.820581912994385,,,,,,,,,,,,,,,,,,,,,,,,,,,,,,,,,,,,,,,,
22,4569,,,,,,,,,,,,,,,,,,,,,,,,,,,,,,,,,,,,,,,,,0.24787653982639313,0.19848358631134033,0.2974051237106323,0.16829943656921387,0.1939251869916916,0.5602694153785706,0.20758265256881714,0.10394276678562164,0.16239534318447113,0.3385854959487915,5.551390647888184,3.832756280899048,5.479687690734863,4.322585105895996,5.1391682624816895,10.035421371459961,6.501823425292969,2.9230294227600098,3.8199031352996826,7.908140659332275,,,,,,,,,,,6.852413177490234,4.9320173263549805,7.857527256011963,5.702906131744385,6.301105976104736,12.130377769470215,7.455320835113525,3.802382707595825,4.626047611236572,8.864032745361328,,,,,,,,,,,,,,,,,,,,,,,,,,,,,,,,,,,,,,,,
22,4574,,,,,,,,,,,,,,,,,,,,,,,,,,,,,,,,,,,,,,,,,0.46806469559669495,0.3555990755558014,0.5737724900245667,0.5834528207778931,0.3492232859134674,0.45096680521965027,0.5761984586715698,0.6820099949836731,0.26106324791908264,0.38029590249061584,7.567172527313232,5.261350631713867,9.216205596923828,8.342360496520996,6.3241801261901855,8.622102737426758,9.302193641662598,7.981499671936035,5.062792778015137,7.991870403289795,,,,,,,,,,,9.432552337646484,6.601499080657959,10.913938522338867,10.618367195129395,8.455733299255371,10.882988929748535,12.421008110046387,9.739890098571777,5.86538028717041,9.39416217803955,,,,,,,,,,,,,,,,,,,,,,,,,,,,,,,,,,,,,,,,
22,4579,,,,,,,,,,,,,,,,,,,,,,,,,,,,,,,,,,,,,,,,,0.7714564204216003,0.7098370790481567,0.10648133605718613,0.6151926517486572,0.45488297939300537,0.5045780539512634,0.23104973137378693,1.23640775680542,2.224834442138672,0.8598431348800659,7.727288246154785,7.279967308044434,3.65226674079895,7.6049675941467285,7.38104248046875,8.062737464904785,5.684427738189697,8.429678916931152,11.798842430114746,9.65165901184082,,,,,,,,,,,10.924674034118652,9.32699203491211,4.701629638671875,10.903362274169922,9.650492668151855,11.511714935302734,7.86544942855835,13.114133834838867,17.122695922851562,14.12559700012207,,,,,,,,,,,,,,,,,,,,,,,,,,,,,,,,,,,,,,,,
22,4584,,,,,,,,,,,,,,,,,,,,,,,,,,,,,,,,,,,,,,,,,0.3280906677246094,0.29052212834358215,0.1302579641342163,0.09314810484647751,0.33818700909614563,0.6296179294586182,0.3912026286125183,0.26797130703926086,0.6117236018180847,0.200185164809227,6.02691650390625,4.689113616943359,4.6507344245910645,3.7778191566467285,5.644651412963867,9.342592239379883,8.54331111907959,5.298708438873291,6.742022514343262,5.553295135498047,,,,,,,,,,,7.636008262634277,5.96694278717041,5.200125217437744,4.2426958084106445,8.321049690246582,12.859213829040527,10.234619140625,6.105241775512695,8.97844123840332,6.815742015838623,,,,,,,,,,,,,,,,,,,,,,,,,,,,,,,,,,,,,,,,
22,4589,,,,,,,,,,,,,,,,,,,,,,,,,,,,,,,,,,,,,,,,,0.3475227355957031,0.8803194761276245,0.0834590420126915,0.18592523038387299,0.38080519437789917,0.5721803903579712,0.19953085482120514,0.07447927445173264,0.4303383231163025,0.32066696882247925,6.181206703186035,9.053369522094727,3.651756525039673,5.571589469909668,6.6738810539245605,9.85155200958252,5.18283224105835,2.8533434867858887,5.819411277770996,6.973124980926514,,,,,,,,,,,7.590738773345947,10.386816024780273,4.1624436378479,5.994101047515869,8.829804420471191,12.258641242980957,7.309300899505615,3.218669891357422,7.530577659606934,8.62629508972168,,,,,,,,,,,,,,,,,,,,,,,,,,,,,,,,,,,,,,,,
22,4594,,,,,,,,,,,,,,,,,,,,,,,,,,,,,,,,,,,,,,,,,0.43846139311790466,0.23167018592357635,0.5349224209785461,0.2965676784515381,0.6961906552314758,0.43941760063171387,0.3810466229915619,0.6271891593933105,0.29925188422203064,0.43989628553390503,7.40967321395874,3.5697102546691895,9.288667678833008,6.67186975479126,9.104782104492188,8.976977348327637,8.25719928741455,7.052256107330322,5.203701019287109,8.561899185180664,,,,,,,,,,,9.104748725891113,5.32840633392334,10.537972450256348,7.570364952087402,11.938884735107422,10.742727279663086,10.100894927978516,9.340239524841309,6.279740810394287,10.10351276397705,,,,,,,,,,,,,,,,,,,,,,,,,,,,,,,,,,,,,,,,
22,4599,,,,,,,,,,,,,,,,,,,,,,,,,,,,,,,,,,,,,,,,,0.5130605101585388,0.4604073762893677,0.34194788336753845,0.6546456217765808,0.47830432653427124,0.48443764448165894,0.3039361834526062,0.6893691420555115,0.7916306257247925,0.4128659665584564,7.3443145751953125,5.594253063201904,5.675597190856934,8.000858306884766,8.580665588378906,9.59263801574707,5.940495491027832,6.230867862701416,8.420449256896973,8.063005447387695,,,,,,,,,,,9.686155319213867,7.511616230010986,8.425421714782715,11.247551918029785,9.895819664001465,11.279627799987793,9.02115249633789,9.792299270629883,10.21373462677002,9.788175582885742,,,,,,,,,,,,,,,,,,,,,,,,,,,,,,,,,,,,,,,,
22,4604,,,,,,,,,,,,,,,,,,,,,,,,,,,,,,,,,,,,,,,,,0.4881187081336975,0.5377967357635498,0.3663574457168579,0.4280638098716736,0.24468496441841125,0.8261340260505676,0.6341149806976318,0.47013211250305176,0.6169144511222839,0.2688698470592499,7.907833576202393,6.511997699737549,6.900399684906006,7.89072847366333,5.629710674285889,13.53260326385498,10.114616394042969,7.358609676361084,6.773013591766357,6.458824157714844,,,,,,,,,,,9.53052043914795,8.118417739868164,8.72095775604248,9.095134735107422,7.077881336212158,14.729945182800293,13.030311584472656,8.086650848388672,9.016453742980957,7.898929595947266,,,,,,,,,,,,,,,,,,,,,,,,,,,,,,,,,,,,,,,,
22,4609,,,,,,,,,,,,,,,,,,,,,,,,,,,,,,,,,,,,,,,,,0.27760639786720276,0.3099849820137024,0.10545940697193146,0.041644830256700516,0.6876501441001892,0.48810699582099915,0.3191629946231842,0.12518343329429626,0.15655425190925598,0.2647106647491455,5.513923645019531,4.564168453216553,4.210414409637451,1.825421929359436,9.649022102355957,8.594993591308594,7.02008056640625,3.959045648574829,3.6330738067626953,6.169089317321777,,,,,,,,,,,6.962668418884277,6.163573741912842,4.679013729095459,2.8368442058563232,11.865427017211914,11.322266578674316,9.244364738464355,4.172843933105469,4.542089939117432,7.837596893310547,,,,,,,,,,,,,,,,,,,,,,,,,,,,,,,,,,,,,,,,
22,4614,,,,,,,,,,,,,,,,,,,,,,,,,,,,,,,,,,,,,,,,,0.2764468491077423,0.20273679494857788,0.20191727578639984,0.2052570879459381,0.37008777260780334,0.32377633452415466,0.23916979134082794,0.369528204202652,0.3730945289134979,0.2024538367986679,5.508584976196289,3.920311450958252,5.267463207244873,4.3638200759887695,6.634558200836182,7.429118633270264,6.330212116241455,4.452981948852539,5.260751724243164,5.9180474281311035,,,,,,,,,,,7.191227436065674,4.984580039978027,6.474382400512695,6.2980194091796875,8.70466423034668,9.22143268585205,8.00246810913086,7.1693949699401855,7.011851787567139,6.854253768920898,,,,,,,,,,,,,,,,,,,,,,,,,,,,,,,,,,,,,,,,
22,4619,,,,,,,,,,,,,,,,,,,,,,,,,,,,,,,,,,,,,,,,,0.427232950925827,0.23874817788600922,0.6780335307121277,0.5575263500213623,0.4329022169113159,0.3643088936805725,0.3118981420993805,0.14675834774971008,0.28192999958992004,0.8329909443855286,7.4888458251953125,4.492966651916504,9.772810935974121,9.890571594238281,7.830407619476318,7.3347978591918945,7.194445610046387,3.983668327331543,5.160454273223877,11.73948860168457,,,,,,,,,,,8.944937705993652,5.409190654754639,11.864167213439941,10.379767417907715,9.41444206237793,9.78161907196045,9.138547897338867,4.518144607543945,6.095283508300781,13.90328311920166,,,,,,,,,,,,,,,,,,,,,,,,,,,,,,,,,,,,,,,,
22,4624,,,,,,,,,,,,,,,,,,,,,,,,,,,,,,,,,,,,,,,,,0.33252689242362976,0.32248300313949585,0.15452009439468384,0.635191798210144,0.31621837615966797,0.4750901460647583,0.3119581341743469,0.23023824393749237,0.24411359429359436,0.30292877554893494,6.401700496673584,5.210507869720459,4.330836296081543,8.885361671447754,6.1271162033081055,9.375566482543945,7.95316743850708,4.246397495269775,4.920292854309082,6.5660552978515625,,,,,,,,,,,7.900073528289795,6.286597728729248,5.663750648498535,11.07917308807373,8.046243667602539,11.17027473449707,9.139427185058594,5.6591010093688965,5.671779155731201,8.384312629699707,,,,,,,,,,,,,,,,,,,,,,,,,,,,,,,,,,,,,,,,
22,4629,,,,,,,,,,,,,,,,,,,,,,,,,,,,,,,,,,,,,,,,,0.3663187623023987,0.2829402983188629,0.4482484459877014,0.4295016825199127,0.40522870421409607,0.30829083919525146,0.28031694889068604,0.3801891803741455,0.5795043706893921,0.1826484203338623,6.42924165725708,4.987764835357666,7.971851825714111,7.0555596351623535,7.588031768798828,7.1927809715271,6.813720703125,5.013232231140137,5.647914886474609,5.592316150665283,,,,,,,,,,,8.215227127075195,5.888567924499512,9.646528244018555,9.110397338867188,9.108560562133789,8.998211860656738,8.663540840148926,7.2720794677734375,8.738797187805176,6.510362148284912,,,,,,,,,,,,,,,,,,,,,,,,,,,,,,,,,,,,,,,,
22,4634,,,,,,,,,,,,,,,,,,,,,,,,,,,,,,,,,,,,,,,,,0.20861127972602844,0.42021650075912476,0.13415636122226715,0.1393520087003708,0.20320376753807068,0.17218269407749176,0.07444368302822113,0.11632677167654037,0.08153465390205383,0.5360849499702454,4.622893333435059,5.636838436126709,4.651091575622559,4.684617519378662,4.800192356109619,5.900981903076172,3.1631429195404053,2.7603507041931152,2.6378846168518066,7.3709397315979,,,,,,,,,,,5.970703125,7.176270961761475,5.277366638183594,5.189332008361816,6.45008659362793,6.724663734436035,4.464622497558594,4.022523403167725,3.2778899669647217,11.153573036193848,,,,,,,,,,,,,,,,,,,,,,,,,,,,,,,,,,,,,,,,
22,4639,,,,,,,,,,,,,,,,,,,,,,,,,,,,,,,,,,,,,,,,,0.43879255652427673,0.5485509634017944,0.19113394618034363,0.18494676053524017,0.41990047693252563,0.1702127903699875,0.18375295400619507,0.5626329183578491,0.589164674282074,1.0988373756408691,6.249884128570557,5.360591411590576,4.862618446350098,5.484885215759277,6.172916889190674,4.980896472930908,5.8326005935668945,6.19974422454834,7.531874179840088,9.822830200195312,,,,,,,,,,,8.563931465148926,8.199186325073242,6.299129962921143,5.978307723999023,9.271986961364746,6.6860857009887695,7.0143585205078125,8.84649658203125,8.811333656311035,15.968490600585938,,,,,,,,,,,,,,,,,,,,,,,,,,,,,,,,,,,,,,,,
22,4644,,,,,,,,,,,,,,,,,,,,,,,,,,,,,,,,,,,,,,,,,0.315529465675354,0.37395918369293213,0.16637063026428223,0.14002706110477448,0.3015679717063904,0.565143883228302,0.7025322318077087,0.08320171386003494,0.22211675345897675,0.28484565019607544,5.917738914489746,4.953667640686035,4.777275562286377,4.20026159286499,6.047666549682617,10.056516647338867,9.183018684387207,2.658165216445923,4.707366943359375,6.67571496963501,,,,,,,,,,,7.616318702697754,6.769777297973633,5.876923084259033,5.201886177062988,7.85764217376709,12.183032035827637,13.715255737304688,3.401926040649414,5.410208225250244,8.130213737487793,,,,,,,,,,,,,,,,,,,,,,,,,,,,,,,,,,,,,,,,
22,4649,,,,,,,,,,,,,,,,,,,,,,,,,,,,,,,,,,,,,,,,,0.3920876681804657,0.3442527651786804,0.174922913312912,0.471283495426178,0.20905736088752747,0.16059616208076477,0.6396859884262085,0.5927566885948181,0.5213358402252197,0.4148978590965271,6.747669219970703,4.593289375305176,5.441474914550781,7.547690391540527,5.213862895965576,5.507613182067871,9.001745223999023,8.360635757446289,7.446800231933594,7.61591100692749,,,,,,,,,,,8.374439239501953,6.495326995849609,6.026081562042236,9.543243408203125,6.542328834533691,6.4944658279418945,13.087424278259277,9.080231666564941,8.288617134094238,9.81223201751709,,,,,,,,,,,,,,,,,,,,,,,,,,,,,,,,,,,,,,,,
22,4654,,,,,,,,,,,,,,,,,,,,,,,,,,,,,,,,,,,,,,,,,0.3959592878818512,0.5451839566230774,0.8677171468734741,0.33268997073173523,0.31441375613212585,0.4023262560367584,0.2744063436985016,0.30302366614341736,0.2537301480770111,0.27014219760894775,7.067816257476807,7.221672058105469,11.18212890625,7.05686092376709,6.147843837738037,8.768461227416992,7.383944034576416,5.732289791107178,4.195590496063232,5.921552658081055,,,,,,,,,,,8.520026206970215,8.17398452758789,13.421489715576172,8.018160820007324,8.023252487182617,10.279335975646973,8.571718215942383,6.492276191711426,5.782415390014648,7.917597770690918,,,,,,,,,,,,,,,,,,,,,,,,,,,,,,,,,,,,,,,,
22,4659,,,,,,,,,,,,,,,,,,,,,,,,,,,,,,,,,,,,,,,,,0.45062732696533203,1.4471687078475952,0.22084875404834747,0.41968509554862976,0.5165030360221863,0.40451374650001526,0.23067519068717957,0.1873815804719925,0.12979315221309662,0.49907636642456055,6.482663154602051,9.192614555358887,4.529298782348633,7.773083686828613,6.768196105957031,7.845229625701904,6.499569416046143,3.308382511138916,3.6359927654266357,8.791600227355957,,,,,,,,,,,8.61629581451416,13.317473411560059,6.771098613739014,9.005681991577148,10.283385276794434,10.307241439819336,7.859071731567383,5.105309963226318,4.135701656341553,10.761695861816406,,,,,,,,,,,,,,,,,,,,,,,,,,,,,,,,,,,,,,,,
22,4664,,,,,,,,,,,,,,,,,,,,,,,,,,,,,,,,,,,,,,,,,0.5899913311004639,0.6954461932182312,0.6193565130233765,0.8205129504203796,0.9606296420097351,0.7499304413795471,0.7144145965576172,0.21981503069400787,0.2853073477745056,0.24450898170471191,7.768074989318848,7.092521667480469,7.559445858001709,9.615129470825195,10.206401824951172,9.87964916229248,9.563966751098633,4.77977180480957,5.396579265594482,5.819204807281494,,,,,,,,,,,10.471793174743652,9.231963157653809,11.339189529418945,12.592083930969238,14.024186134338379,14.034157752990723,13.830757141113281,5.529519557952881,6.131683826446533,7.532594680786133,,,,,,,,,,,,,,,,,,,,,,,,,,,,,,,,,,,,,,,,
22,4669,,,,,,,,,,,,,,,,,,,,,,,,,,,,,,,,,,,,,,,,,0.5385957956314087,0.34523913264274597,0.33284106850624084,0.9147918820381165,0.6859694719314575,0.2691100239753723,0.3678954243659973,0.4872220456600189,0.8032739162445068,0.641018807888031,7.8108673095703125,4.532617568969727,6.657497882843018,10.055811882019043,9.773704528808594,6.816536903381348,8.135287284851074,7.1206817626953125,7.924117088317871,9.281551361083984,,,,,,,,,,,9.890358924865723,6.5046257972717285,8.312470436096191,13.29584789276123,11.850919723510742,8.406994819641113,9.925056457519531,8.232318878173828,10.288572311401367,12.196426391601562,,,,,,,,,,,,,,,,,,,,,,,,,,,,,,,,,,,,,,,,
22,4674,,,,,,,,,,,,,,,,,,,,,,,,,,,,,,,,,,,,,,,,,0.45616182684898376,0.7389863133430481,0.6913198232650757,0.07839259505271912,0.7639012336730957,0.3853211998939514,0.2017429918050766,0.27663588523864746,0.8130544424057007,0.15610162913799286,7.306461811065674,7.44667387008667,11.365771293640137,3.5263595581054688,9.448357582092285,7.974190711975098,6.147213459014893,4.692080020904541,10.003316879272461,5.15419340133667,,,,,,,,,,,8.65298843383789,9.516570091247559,11.979843139648438,3.8921751976013184,12.50599479675293,10.059752464294434,7.349706649780273,6.203160285949707,10.351018905639648,6.018675804138184,,,,,,,,,,,,,,,,,,,,,,,,,,,,,,,,,,,,,,,,
22,4679,,,,,,,,,,,,,,,,,,,,,,,,,,,,,,,,,,,,,,,,,0.3746833801269531,0.16475029289722443,0.3835362195968628,0.5480021834373474,0.4463490843772888,0.6580376029014587,0.5075927972793579,0.20477570593357086,0.22876210510730743,0.23034441471099854,6.877699851989746,3.461381673812866,7.1531147956848145,7.275050640106201,8.848285675048828,11.147753715515137,9.436361312866211,4.413481712341309,4.259514808654785,5.90435791015625,,,,,,,,,,,8.467756271362305,4.49340295791626,8.923081398010254,10.290726661682129,9.559539794921875,13.146228790283203,11.658120155334473,5.337008476257324,5.490543365478516,7.311155796051025,,,,,,,,,,,,,,,,,,,,,,,,,,,,,,,,,,,,,,,,
22,4684,,,,,,,,,,,,,,,,,,,,,,,,,,,,,,,,,,,,,,,,,0.5440915822982788,0.4675866961479187,0.38786429166793823,0.43288516998291016,1.225988745689392,0.9224159717559814,0.3515101969242096,0.4835642874240875,0.24311619997024536,0.38189300894737244,7.731581211090088,5.419432640075684,7.080763816833496,7.8618083000183105,11.371413230895996,11.479473114013672,7.462157249450684,7.3331756591796875,4.401252746582031,7.1747517585754395,,,,,,,,,,,10.008247375488281,7.569955825805664,8.973287582397461,9.146211624145508,15.843198776245117,15.56464672088623,9.701519012451172,8.201358795166016,5.660179615020752,9.413866996765137,,,,,,,,,,,,,,,,,,,,,,,,,,,,,,,,,,,,,,,,
22,4689,,,,,,,,,,,,,,,,,,,,,,,,,,,,,,,,,,,,,,,,,0.8571729063987732,0.3606063425540924,0.8726692795753479,1.1991397142410278,0.511351466178894,0.7388482689857483,0.5755770206451416,0.9897345900535583,1.6005041599273682,0.8661254048347473,9.162931442260742,5.67431116104126,9.775986671447754,10.885144233703613,8.31878662109375,12.706682205200195,9.867783546447754,6.6023077964782715,8.457233428955078,10.178149223327637,,,,,,,,,,,12.482192993164062,6.647815704345703,13.459733963012695,15.222633361816406,10.231973648071289,13.930075645446777,12.414308547973633,11.733243942260742,14.522845268249512,14.177106857299805,,,,,,,,,,,,,,,,,,,,,,,,,,,,,,,,,,,,,,,,
22,4694,,,,,,,,,,,,,,,,,,,,,,,,,,,,,,,,,,,,,,,,,0.26829856634140015,0.22013619542121887,0.42888736724853516,0.15954743325710297,0.2703380286693573,0.12495719641447067,0.18857835233211517,0.16925173997879028,0.3034541606903076,0.5495365858078003,5.668896198272705,4.045532703399658,7.14832878112793,4.549347877502441,6.502670764923096,4.792182445526123,5.87151575088501,4.463406085968018,5.513234615325928,8.133844375610352,,,,,,,,,,,6.991690635681152,5.194072723388672,9.435898780822754,5.552643299102783,7.439662456512451,5.728705406188965,7.105861186981201,4.852050304412842,6.323678970336914,11.292640686035156,,,,,,,,,,,,,,,,,,,,,,,,,,,,,,,,,,,,,,,,
22,4699,,,,,,,,,,,,,,,,,,,,,,,,,,,,,,,,,,,,,,,,,0.547909140586853,0.21107028424739838,0.7545813322067261,0.48027366399765015,0.28146716952323914,0.2827194333076477,0.7066449522972107,0.6289051175117493,1.3038405179977417,0.2816797196865082,6.92855167388916,3.8872528076171875,9.31704330444336,6.044389247894287,5.541691780090332,6.71226167678833,8.255358695983887,6.898516654968262,9.65561580657959,6.044835090637207,,,,,,,,,,,9.749470710754395,5.085993766784668,12.515974044799805,9.633837699890137,7.591253757476807,8.616951942443848,13.755343437194824,9.353007316589355,13.107973098754883,8.084906578063965,,,,,,,,,,,,,,,,,,,,,,,,,,,,,,,,,,,,,,,,
22,4704,,,,,,,,,,,,,,,,,,,,,,,,,,,,,,,,,,,,,,,,,0.5056920051574707,0.7584846019744873,0.640397846698761,0.5487034320831299,0.8797120451927185,0.39598754048347473,0.406606525182724,0.20026685297489166,0.3839937150478363,0.33707550168037415,7.277213096618652,7.125907897949219,8.389080047607422,6.752206325531006,10.646988868713379,7.376630783081055,8.17830753326416,4.649031639099121,5.624229431152344,6.752538204193115,,,,,,,,,,,9.639694213867188,9.641301155090332,11.530192375183105,10.297307968139648,13.420537948608398,10.198038101196289,10.434171676635742,5.27792501449585,7.113532543182373,8.844245910644531,,,,,,,,,,,,,,,,,,,,,,,,,,,,,,,,,,,,,,,,
22,4709,,,,,,,,,,,,,,,,,,,,,,,,,,,,,,,,,,,,,,,,,0.46243157982826233,0.6016463041305542,0.6908409595489502,0.1287994682788849,0.725446343421936,0.6615323424339294,0.4998173415660858,0.36631712317466736,0.3195931315422058,0.16789138317108154,7.4907355308532715,5.958398342132568,9.271570205688477,4.519903182983398,10.955141067504883,10.394538879394531,9.522368431091309,6.031078815460205,5.77699613571167,4.9866228103637695,,,,,,,,,,,9.150876998901367,8.586830139160156,11.975693702697754,4.9889817237854,12.187154769897461,13.181092262268066,11.56848430633545,7.138177394866943,6.48966121673584,6.241822242736816,,,,,,,,,,,,,,,,,,,,,,,,,,,,,,,,,,,,,,,,
22,4714,,,,,,,,,,,,,,,,,,,,,,,,,,,,,,,,,,,,,,,,,0.4490931034088135,0.10968221724033356,0.34275341033935547,0.17922820150852203,0.9993376731872559,0.07393894344568253,0.9510075449943542,0.1626008152961731,0.39489471912384033,0.11149918287992477,6.550695896148682,2.9151456356048584,7.449711322784424,5.004756927490234,11.376747131347656,4.27348518371582,10.124847412109375,4.216382026672363,7.070867538452148,4.063253402709961,,,,,,,,,,,8.684207916259766,3.666320323944092,8.435338973999023,5.885157585144043,14.303942680358887,4.406689643859863,15.95742416381836,4.75576114654541,7.213797092437744,5.086663246154785,,,,,,,,,,,,,,,,,,,,,,,,,,,,,,,,,,,,,,,,
22,4714,,,,,,,,,,,,,,,,,,,,,,,,,,,,,,,,,,,,,,,,,,,,,,,,,,,6.564661502838135,5.4537200927734375,6.362946510314941,6.316107273101807,6.89716911315918,8.360795021057129,7.26605224609375,5.577826499938965,5.638529300689697,7.208804607391357,0.5834458470344543,0.5736650228500366,0.6211415529251099,0.6206897497177124,0.6211267113685608,0.5238960981369019,0.606781005859375,0.5837657451629639,0.5485238432884216,0.5514225959777832,8.821499824523926,7.339883327484131,8.596250534057617,8.47474479675293,9.280384063720703,11.207989692687988,9.792434692382812,7.463932991027832,7.715193748474121,9.522686958312988,0.5455283522605896,0.8166041374206543,0.3607807159423828,0.45516344904899597,0.5997663736343384,0.5638744831085205,0.5289705991744995,0.43950486183166504,0.5903354287147522,0.5603450536727905,7.767847537994385,7.4803853034973145,6.945419788360596,7.5677385330200195,7.959415912628174,9.690032005310059,8.632238388061523,6.113728046417236,6.6635637283325195,8.858109474182129,0.25978031754493713,0.2816449999809265,0.25219982862472534,0.24750536680221558,0.23546677827835083,0.16501474380493164,0.0247725248336792,0.4716763496398926,0.28299665451049805,0.3767455220222473,10.100335121154785,9.976929664611816,9.148661613464355,9.648134231567383,10.760102272033691,12.041391372680664,11.68678092956543,7.947274684906006,8.261420249938965,11.432319641113281
23,4719,,,,,,,,,,,,,,,,,,,,,,,,,,,,,,,,,,,,,,,,,0.2539244592189789,0.18918362259864807,0.4083678424358368,0.17321112751960754,0.2513599395751953,0.37593039870262146,0.16839666664600372,0.21427002549171448,0.1904149353504181,0.3141854405403137,5.5981831550598145,3.605879783630371,6.220134258270264,5.122797012329102,5.876479625701904,8.448731422424316,5.197445869445801,4.765694618225098,4.443558692932129,6.702926158905029,,,,,,,,,,,6.960037708282471,4.8150858879089355,9.20740795135498,5.785525321960449,7.173774242401123,9.93641185760498,6.714869022369385,5.459331035614014,5.009262561798096,8.538670539855957,,,,,,,,,,,,,,,,,,,,,,,,,,,,,,,,,,,,,,,,
23,4724,,,,,,,,,,,,,,,,,,,,,,,,,,,,,,,,,,,,,,,,,0.3705478012561798,0.6794294714927673,0.19515371322631836,0.31409332156181335,0.42071279883384705,0.5824612379074097,0.29800450801849365,0.18573299050331116,0.4137099087238312,0.2456323206424713,6.595155715942383,5.815851211547852,5.334354877471924,6.05222749710083,6.494974613189697,9.629715919494629,7.198679447174072,5.038493633270264,7.306992530822754,6.485107421875,,,,,,,,,,,8.208794593811035,9.12503433227539,6.365024089813232,7.790839672088623,9.280951499938965,12.368282318115234,8.932689666748047,5.0828022956848145,7.383652687072754,7.54987907409668,,,,,,,,,,,,,,,,,,,,,,,,,,,,,,,,,,,,,,,,
23,4729,,,,,,,,,,,,,,,,,,,,,,,,,,,,,,,,,,,,,,,,,0.23977132141590118,0.202329620718956,0.24567344784736633,0.29357582330703735,0.197655588388443,0.38747233152389526,0.1215294599533081,0.2146652787923813,0.2570241391658783,0.23801596462726593,5.393418312072754,3.6877644062042236,6.416611671447754,5.866032123565674,5.183380603790283,7.6547136306762695,4.069962501525879,4.502444267272949,4.40375280380249,6.756101608276367,,,,,,,,,,,6.724768161773682,4.979572296142578,7.141521453857422,7.532082557678223,6.36142110824585,10.087793350219727,5.704421043395996,5.464364528656006,5.819828987121582,7.431906700134277,,,,,,,,,,,,,,,,,,,,,,,,,,,,,,,,,,,,,,,,
23,4734,,,,,,,,,,,,,,,,,,,,,,,,,,,,,,,,,,,,,,,,,0.3237166106700897,0.3109170198440552,0.17309825122356415,0.25852271914482117,0.36443138122558594,0.3803703784942627,0.47859299182891846,0.3696651756763458,0.36944305896759033,0.20840850472450256,6.219327449798584,5.12510347366333,5.037219047546387,5.874851226806641,6.005807399749756,7.4163737297058105,8.782818794250488,5.614625930786133,5.815487384796143,6.301661014556885,,,,,,,,,,,7.81011438369751,6.17283296585083,5.994569778442383,7.068125247955322,8.637886047363281,9.994917869567871,11.320196151733398,7.170722961425781,6.977455139160156,6.954323768615723,,,,,,,,,,,,,,,,,,,,,,,,,,,,,,,,,,,,,,,,
23,4739,,,,,,,,,,,,,,,,,,,,,,,,,,,,,,,,,,,,,,,,,0.2272215187549591,0.20814351737499237,0.14931660890579224,0.15398438274860382,0.28516703844070435,0.34640052914619446,0.28164932131767273,0.09890224784612656,0.293310284614563,0.22811967134475708,5.217652797698975,4.3503618240356445,3.412641763687134,4.382870674133301,5.97097635269165,7.369452476501465,7.125269412994385,3.3074536323547363,5.870270729064941,5.1695756912231445,,,,,,,,,,,6.570923805236816,5.0506086349487305,5.567570686340332,5.454980850219727,7.640984535217285,9.538172721862793,8.684106826782227,3.7090420722961426,6.2170867919921875,7.275763988494873,,,,,,,,,,,,,,,,,,,,,,,,,,,,,,,,,,,,,,,,
23,4744,,,,,,,,,,,,,,,,,,,,,,,,,,,,,,,,,,,,,,,,,0.3911418914794922,0.4723098576068878,0.5237340927124023,0.5575337409973145,0.29285019636154175,0.5191884636878967,0.49236735701560974,0.2878205180168152,0.05467449128627777,0.3197983205318451,6.892922401428223,5.808487892150879,8.130334854125977,9.14643383026123,5.967785358428955,10.197628021240234,8.389508247375488,4.6719818115234375,2.06341552734375,7.66072416305542,,,,,,,,,,,8.549290657043457,7.608092308044434,10.42718505859375,10.379836082458496,7.743234634399414,11.677189826965332,11.48194408416748,6.327317237854004,2.6842052936553955,8.614603996276855,,,,,,,,,,,,,,,,,,,,,,,,,,,,,,,,,,,,,,,,
23,4749,,,,,,,,,,,,,,,,,,,,,,,,,,,,,,,,,,,,,,,,,0.4049062132835388,0.33048734068870544,0.12938269972801208,0.5743730068206787,0.3442326486110687,0.5671056509017944,0.1612061858177185,0.5363547205924988,0.5786218643188477,0.42239177227020264,7.1240997314453125,4.971638202667236,5.098579406738281,9.977665901184082,7.141960144042969,9.450577735900879,4.940861701965332,7.676636695861816,6.988034725189209,7.870940208435059,,,,,,,,,,,8.5023775100708,6.364139556884766,5.182624816894531,10.535420417785645,8.395095825195312,12.204158782958984,6.569943904876709,8.637434005737305,8.732139587402344,9.9004487991333,,,,,,,,,,,,,,,,,,,,,,,,,,,,,,,,,,,,,,,,
23,4754,,,,,,,,,,,,,,,,,,,,,,,,,,,,,,,,,,,,,,,,,0.5075792670249939,0.9705725908279419,0.5860987901687622,0.20663174986839294,0.8922585844993591,0.702442467212677,0.3424310088157654,0.5887743234634399,0.007198882754892111,0.27180519700050354,6.812769889831543,8.045105934143066,7.169087886810303,5.581297874450684,9.595523834228516,10.080479621887207,8.30884075164795,5.879279136657715,0.6255777478218079,6.0297369956970215,,,,,,,,,,,9.21059513092041,10.906270980834961,11.030547142028809,6.319073677062988,13.515900611877441,13.582548141479492,9.575408935546875,9.049678802490234,0.973993182182312,7.941930294036865,,,,,,,,,,,,,,,,,,,,,,,,,,,,,,,,,,,,,,,,
23,4759,,,,,,,,,,,,,,,,,,,,,,,,,,,,,,,,,,,,,,,,,0.4780149459838867,0.368644118309021,0.2392703741788864,0.18688802421092987,0.2620556950569153,0.20973926782608032,0.30258747935295105,1.0880160331726074,0.9786602854728699,0.6662730574607849,6.965843200683594,4.945802211761475,6.171438217163086,5.544554233551025,6.529482841491699,6.075662612915039,7.30798864364624,9.046265602111816,8.27517032623291,8.796222686767578,,,,,,,,,,,8.846612930297852,6.721495628356934,7.0478410720825195,6.009600639343262,7.3248114585876465,7.421910762786865,9.001113891601562,12.302017211914062,11.356363296508789,12.434357643127441,,,,,,,,,,,,,,,,,,,,,,,,,,,,,,,,,,,,,,,,
23,4764,,,,,,,,,,,,,,,,,,,,,,,,,,,,,,,,,,,,,,,,,0.32492247223854065,0.2433995008468628,0.5041238069534302,0.18583793938159943,0.27420753240585327,0.39800480008125305,0.37713611125946045,0.1317974328994751,0.4558129906654358,0.3539820909500122,6.434418201446533,3.893479585647583,8.318832397460938,5.214399814605713,6.64318323135376,8.9019775390625,8.056778907775879,3.373513698577881,6.698706150054932,6.808893203735352,,,,,,,,,,,7.838367938995361,5.461627960205078,10.230109214782715,5.9926934242248535,7.4927167892456055,10.223980903625488,10.048931121826172,4.281660079956055,7.7502665519714355,9.06333065032959,,,,,,,,,,,,,,,,,,,,,,,,,,,,,,,,,,,,,,,,
23,4769,,,,,,,,,,,,,,,,,,,,,,,,,,,,,,,,,,,,,,,,,0.32481423020362854,0.2175845205783844,0.2796967327594757,0.2450663149356842,0.3683834969997406,0.7573102116584778,0.26992544531822205,0.20849363505840302,0.30216139554977417,0.27470624446868896,6.0682172775268555,4.188692569732666,5.746453285217285,5.785527229309082,6.95464563369751,11.112918853759766,6.907992839813232,4.120100021362305,4.860957622528076,4.936667442321777,,,,,,,,,,,7.848258018493652,5.163881301879883,7.620007038116455,6.881714820861816,8.68459701538086,14.10304069519043,8.501443862915039,5.38524055480957,6.310194969177246,7.984201431274414,,,,,,,,,,,,,,,,,,,,,,,,,,,,,,,,,,,,,,,,
23,4774,,,,,,,,,,,,,,,,,,,,,,,,,,,,,,,,,,,,,,,,,0.21723291277885437,0.25125497579574585,0.21652057766914368,0.09234094619750977,0.2767506241798401,0.2504844665527344,0.2577616572380066,0.13961006700992584,0.13142617046833038,0.33894672989845276,5.2057647705078125,4.5390214920043945,5.426921367645264,3.423656940460205,5.630177021026611,6.615026473999023,6.5439534187316895,3.882450819015503,3.6679980754852295,7.122677326202393,,,,,,,,,,,6.428977966308594,5.549062252044678,6.704420566558838,4.224273681640625,7.527381896972656,8.110847473144531,8.307682991027832,4.406736373901367,4.161637306213379,8.86876106262207,,,,,,,,,,,,,,,,,,,,,,,,,,,,,,,,,,,,,,,,
23,4779,,,,,,,,,,,,,,,,,,,,,,,,,,,,,,,,,,,,,,,,,0.20087255537509918,0.18845051527023315,0.17748141288757324,0.05369821935892105,0.14083655178546906,0.4514826834201813,0.24266332387924194,0.18230515718460083,0.1324377804994583,0.23849734663963318,4.898646831512451,3.518103837966919,4.56540584564209,2.6908626556396484,4.288568019866943,9.189469337463379,6.355921268463135,3.965663433074951,3.545436382293701,5.968392372131348,,,,,,,,,,,6.118832588195801,4.8057475090026855,6.069991588592529,3.221327066421509,5.369790077209473,10.88921070098877,8.060702323913574,5.035680770874023,4.1776227951049805,7.439418315887451,,,,,,,,,,,,,,,,,,,,,,,,,,,,,,,,,,,,,,,,
23,4784,,,,,,,,,,,,,,,,,,,,,,,,,,,,,,,,,,,,,,,,,0.4093233644962311,0.5337031483650208,0.12264334410429001,0.3446802496910095,0.6462311148643494,0.6256826519966125,0.25880590081214905,0.448243647813797,0.5564200282096863,0.14750032126903534,6.543056011199951,6.357298851013184,4.251839637756348,6.290374755859375,11.025044441223145,9.173582077026367,6.329119682312012,6.073200702667236,4.98752498626709,4.399522304534912,,,,,,,,,,,8.472256660461426,8.087459564208984,5.045841217041016,8.161370277404785,11.502534866333008,12.818964004516602,8.324494361877441,7.896157264709473,8.56297492980957,5.850509166717529,,,,,,,,,,,,,,,,,,,,,,,,,,,,,,,,,,,,,,,,
23,4789,,,,,,,,,,,,,,,,,,,,,,,,,,,,,,,,,,,,,,,,,0.3492412567138672,0.7609875798225403,0.12778465449810028,0.2841149568557739,0.5035707354545593,0.20499780774116516,0.2643815279006958,0.3436684310436249,0.14328265190124512,0.5103830695152283,5.971678733825684,7.509658336639404,3.9218833446502686,5.512038707733154,6.39953088760376,6.2679443359375,7.284348487854004,5.140443801879883,3.1856489181518555,8.523613929748535,,,,,,,,,,,7.807188987731934,9.657196998596191,5.150518894195557,7.409722328186035,10.153829574584961,7.3375396728515625,8.413686752319336,6.9139862060546875,4.345303535461426,10.882917404174805,,,,,,,,,,,,,,,,,,,,,,,,,,,,,,,,,,,,,,,,
23,4794,,,,,,,,,,,,,,,,,,,,,,,,,,,,,,,,,,,,,,,,,0.4066404402256012,0.6585333943367004,0.254940003156662,0.14093731343746185,0.40147143602371216,0.47512900829315186,0.2623184323310852,0.5999869108200073,0.5064837336540222,0.35996362566947937,7.0265350341796875,7.032288551330566,5.744808197021484,5.199883937835693,7.287935733795166,8.705390930175781,6.544053554534912,7.7407612800598145,7.568991184234619,7.414702892303467,,,,,,,,,,,8.504425048828125,8.98361587524414,7.274960517883301,5.218766212463379,9.066235542297363,11.170731544494629,8.380794525146484,9.135442733764648,8.169698715209961,9.139585494995117,,,,,,,,,,,,,,,,,,,,,,,,,,,,,,,,,,,,,,,,
23,4799,,,,,,,,,,,,,,,,,,,,,,,,,,,,,,,,,,,,,,,,,0.18488247692584991,0.2790982127189636,0.19419831037521362,0.08487269282341003,0.1614481657743454,0.25372186303138733,0.12095008045434952,0.135901540517807,0.16809406876564026,0.2656572759151459,4.580602169036865,4.541947841644287,5.115167617797852,3.200535535812378,4.343295574188232,6.446946144104004,4.443394660949707,3.4734737873077393,3.322514295578003,6.338141441345215,,,,,,,,,,,5.861874103546143,5.848450183868408,6.349425315856934,4.049849510192871,5.7493157386779785,8.163093566894531,5.690807342529297,4.347813129425049,4.706515312194824,7.851597785949707,,,,,,,,,,,,,,,,,,,,,,,,,,,,,,,,,,,,,,,,
23,4804,,,,,,,,,,,,,,,,,,,,,,,,,,,,,,,,,,,,,,,,,0.42995232343673706,0.5437989234924316,0.4536978304386139,0.3474259376525879,0.3798844516277313,0.5703495144844055,0.6010247468948364,0.15217040479183197,0.4229256808757782,0.3982934057712555,7.135181903839111,7.135354995727539,7.699759483337402,7.4265546798706055,7.4781813621521,7.731156826019287,9.485858917236328,3.6014363765716553,6.015085697174072,7.643247127532959,,,,,,,,,,,9.054036140441895,8.163595199584961,9.704988479614258,8.193812370300293,8.819123268127441,12.239012718200684,12.685773849487305,4.600698947906494,7.465437889099121,9.613882064819336,,,,,,,,,,,,,,,,,,,,,,,,,,,,,,,,,,,,,,,,
23,4809,,,,,,,,,,,,,,,,,,,,,,,,,,,,,,,,,,,,,,,,,0.2750398814678192,0.41029199957847595,0.31667280197143555,0.39659571647644043,0.28444817662239075,0.38891589641571045,0.2525445222854614,0.2055550515651703,0.10873673111200333,0.11159813404083252,5.023794651031494,5.503910064697266,4.387547492980957,6.590552806854248,5.692280292510986,6.973381042480469,6.260569095611572,2.8873074054718018,2.898548126220703,4.02005672454834,,,,,,,,,,,7.1262335777282715,7.091021537780762,8.108062744140625,8.754450798034668,7.63134765625,10.1065673828125,8.223179817199707,5.347155570983887,3.7853970527648926,5.088920593261719,,,,,,,,,,,,,,,,,,,,,,,,,,,,,,,,,,,,,,,,
23,4814,,,,,,,,,,,,,,,,,,,,,,,,,,,,,,,,,,,,,,,,,0.4962836802005768,0.725009560585022,0.15730926394462585,0.34878724813461304,0.8371989130973816,0.35058531165122986,0.47905880212783813,0.15671753883361816,0.9121885299682617,0.49969831109046936,6.61754846572876,6.249667644500732,3.7998361587524414,5.306066036224365,9.456485748291016,8.017958641052246,8.46216106414795,4.072404384613037,7.701695919036865,6.491660118103027,,,,,,,,,,,9.307271003723145,9.426145553588867,5.714639186859131,8.20984935760498,13.092239379882812,9.595613479614258,11.325703620910645,4.66893196105957,10.963912963867188,10.768400192260742,,,,,,,,,,,,,,,,,,,,,,,,,,,,,,,,,,,,,,,,
23,4819,,,,,,,,,,,,,,,,,,,,,,,,,,,,,,,,,,,,,,,,,0.4046814441680908,0.19909779727458954,0.5231309533119202,0.4321749210357666,0.35923314094543457,0.4551546275615692,0.42701491713523865,0.524681806564331,0.32803475856781006,0.39361000061035156,6.742794513702393,3.5239202976226807,8.43769359588623,6.3542704582214355,6.879672527313232,7.8814802169799805,9.122491836547852,6.401611804962158,4.989312648773193,7.094694137573242,,,,,,,,,,,8.8196382522583,4.939641952514648,10.421178817749023,9.138704299926758,8.576061248779297,10.933403015136719,10.692821502685547,8.542927742004395,6.57481050491333,9.557190895080566,,,,,,,,,,,,,,,,,,,,,,,,,,,,,,,,,,,,,,,,
23,4824,,,,,,,,,,,,,,,,,,,,,,,,,,,,,,,,,,,,,,,,,0.36516064405441284,0.14096498489379883,0.2968102991580963,0.44664931297302246,0.29287847876548767,1.1580008268356323,0.4084254205226898,0.13286134600639343,0.05421682819724083,0.355638325214386,6.236852645874023,3.6004579067230225,5.7065277099609375,7.402191162109375,5.785228729248047,12.999810218811035,7.391908645629883,4.231939315795898,2.183746814727783,6.829860210418701,,,,,,,,,,,8.110372543334961,4.156404972076416,7.84966516494751,9.290480613708496,7.743607997894287,17.439350128173828,10.45748233795166,4.298907279968262,2.6729469299316406,9.08450984954834,,,,,,,,,,,,,,,,,,,,,,,,,,,,,,,,,,,,,,,,
23,4829,,,,,,,,,,,,,,,,,,,,,,,,,,,,,,,,,,,,,,,,,0.3340160548686981,0.25013718008995056,0.47872480750083923,0.3811321556568146,0.16988582909107208,0.2538077235221863,0.2533218264579773,0.1713198870420456,0.7987493276596069,0.24906566739082336,5.8679633140563965,4.661258697509766,7.862827777862549,6.262696266174316,4.860471725463867,5.397857666015625,6.356051445007324,2.980282783508301,8.143394470214844,6.286827564239502,,,,,,,,,,,7.681046485900879,5.536705017089844,9.969069480895996,8.582082748413086,5.897639274597168,8.164475440979004,8.235824584960938,4.881604194641113,10.259556770324707,7.602459907531738,,,,,,,,,,,,,,,,,,,,,,,,,,,,,,,,,,,,,,,,
23,4834,,,,,,,,,,,,,,,,,,,,,,,,,,,,,,,,,,,,,,,,,0.32555240392684937,0.3643214702606201,0.32367563247680664,0.31716224551200867,0.2552727460861206,0.34367066621780396,0.41787946224212646,0.29714974761009216,0.16460435092449188,0.44623515009880066,6.474902629852295,5.3019561767578125,5.248857021331787,6.904245376586914,6.364370346069336,7.834549427032471,8.41533088684082,5.7760090827941895,3.6779372692108154,8.75086784362793,,,,,,,,,,,7.919803142547607,6.681971549987793,8.197221755981445,7.828807830810547,7.22939395904541,9.500514030456543,10.5778226852417,6.429044723510742,4.65740442276001,10.176046371459961,,,,,,,,,,,,,,,,,,,,,,,,,,,,,,,,,,,,,,,,
23,4839,,,,,,,,,,,,,,,,,,,,,,,,,,,,,,,,,,,,,,,,,0.3631271719932556,0.31406134366989136,0.24763427674770355,0.31970804929733276,0.42683500051498413,0.3000081479549408,0.35342949628829956,0.48585864901542664,0.42417097091674805,0.3964386284351349,6.890046119689941,4.569118499755859,6.048846244812012,7.13948917388916,6.7970428466796875,7.4169816970825195,7.50611686706543,8.110828399658203,6.606052398681641,7.81593656539917,,,,,,,,,,,8.275055885314941,6.203967571258545,7.169964790344238,7.860166549682617,9.348236083984375,8.87651252746582,9.727970123291016,8.220792770385742,7.47642183303833,9.591469764709473,,,,,,,,,,,,,,,,,,,,,,,,,,,,,,,,,,,,,,,,
23,4844,,,,,,,,,,,,,,,,,,,,,,,,,,,,,,,,,,,,,,,,,0.31604263186454773,0.3327469825744629,0.10162987560033798,0.2605520486831665,0.10047071427106857,0.6500134468078613,0.5456820726394653,0.23633509874343872,0.25642624497413635,0.3605271875858307,6.122150897979736,5.177425861358643,4.341652870178223,6.008636474609375,3.6028964519500732,9.548530578613281,8.825193405151367,5.153321266174316,5.130967140197754,7.310737133026123,,,,,,,,,,,7.60635232925415,6.38585901260376,4.593274116516113,7.0958123207092285,4.535439491271973,13.065831184387207,12.087615966796875,5.733540058135986,5.813056945800781,9.14673900604248,,,,,,,,,,,,,,,,,,,,,,,,,,,,,,,,,,,,,,,,
23,4849,,,,,,,,,,,,,,,,,,,,,,,,,,,,,,,,,,,,,,,,,0.4570629298686981,0.6193821430206299,0.1526595652103424,0.7665271759033203,0.47428545355796814,0.7877506613731384,0.25969600677490234,0.3227730989456177,0.4345291256904602,0.2959631681442261,6.995729446411133,5.362139701843262,4.7227582931518555,11.276252746582031,8.141544342041016,8.342000961303711,6.904585838317871,5.6057000160217285,6.157672882080078,6.448905944824219,,,,,,,,,,,9.07160758972168,8.712475776672363,5.629549503326416,12.170787811279297,9.854158401489258,14.383687973022461,8.338798522949219,6.700502872467041,7.5671563148498535,8.28735637664795,,,,,,,,,,,,,,,,,,,,,,,,,,,,,,,,,,,,,,,,
23,4854,,,,,,,,,,,,,,,,,,,,,,,,,,,,,,,,,,,,,,,,,0.3583937883377075,0.3680446743965149,0.6481196284294128,0.5754010081291199,0.20887477695941925,0.3370804190635681,0.2503712773323059,0.16307412087917328,0.32590413093566895,0.34867390990257263,6.358054161071777,5.55120325088501,8.867825508117676,7.062056064605713,5.740910053253174,7.088994026184082,6.273700714111328,3.927172899246216,5.502765655517578,7.207861423492432,,,,,,,,,,,8.145307540893555,6.716028213500977,11.599499702453613,10.544844627380371,6.539471626281738,9.408982276916504,8.187721252441406,4.762678146362305,6.5534234046936035,8.995119094848633,,,,,,,,,,,,,,,,,,,,,,,,,,,,,,,,,,,,,,,,
23,4859,,,,,,,,,,,,,,,,,,,,,,,,,,,,,,,,,,,,,,,,,0.42394372820854187,0.43266329169273376,0.14856849610805511,0.3652459979057312,0.3278282582759857,0.3963834345340729,0.48517629504203796,0.5208185315132141,0.9255766272544861,0.21323274075984955,6.877375602722168,5.340237140655518,5.079182147979736,7.798780918121338,6.321346282958984,8.64193058013916,8.049060821533203,7.292366981506348,7.91785192489624,5.455623626708984,,,,,,,,,,,8.624455451965332,7.281775951385498,5.553605556488037,8.401322364807129,8.192620277404785,10.20313549041748,11.397788047790527,8.511418342590332,11.044076919555664,7.034352779388428,,,,,,,,,,,,,,,,,,,,,,,,,,,,,,,,,,,,,,,,
23,4864,,,,,,,,,,,,,,,,,,,,,,,,,,,,,,,,,,,,,,,,,0.909576416015625,0.3894301652908325,1.2884483337402344,0.9713876247406006,1.31045663356781,1.1005067825317383,1.088580846786499,0.8948079347610474,0.7023652791976929,0.4402037262916565,8.486574172973633,5.789599895477295,10.44864559173584,7.052157878875732,9.297903060913086,11.285849571228027,11.219320297241211,7.016005039215088,6.093570232391357,8.176111221313477,,,,,,,,,,,13.144634246826172,6.908392906188965,16.35479736328125,13.70096492767334,16.3798885345459,17.000913619995117,17.07265853881836,11.156387329101562,9.620657920837402,10.107041358947754,,,,,,,,,,,,,,,,,,,,,,,,,,,,,,,,,,,,,,,,
23,4869,,,,,,,,,,,,,,,,,,,,,,,,,,,,,,,,,,,,,,,,,0.5578895211219788,0.32484540343284607,0.5733321905136108,0.7015518546104431,0.5074833035469055,0.5939508676528931,0.3954833745956421,0.6462195515632629,0.8235272169113159,0.45461171865463257,8.220550537109375,5.220137596130371,9.353399276733398,9.390181541442871,7.886000633239746,9.109901428222656,7.035343170166016,8.426366806030273,9.914581298828125,7.649040699005127,,,,,,,,,,,10.222851753234863,6.3095831871032715,10.909750938415527,11.643532752990723,10.193199157714844,12.48967456817627,10.2904634475708,9.48088264465332,10.41746997833252,10.271112442016602,,,,,,,,,,,,,,,,,,,,,,,,,,,,,,,,,,,,,,,,
23,4874,,,,,,,,,,,,,,,,,,,,,,,,,,,,,,,,,,,,,,,,,0.4863506555557251,0.35639846324920654,0.49182939529418945,0.45288726687431335,0.20915448665618896,0.67215895652771,0.20403793454170227,0.4216744601726532,0.15457522869110107,1.4144397974014282,7.025455951690674,5.039825439453125,7.592049598693848,7.306741237640381,5.209419250488281,9.965312004089355,5.381153106689453,6.509847164154053,4.097761154174805,12.126996040344238,,,,,,,,,,,9.286601066589355,6.608915328979492,10.104594230651855,9.355132102966309,6.543848514556885,13.286540031433105,7.391392707824707,7.65856409072876,4.513289928436279,18.117130279541016,,,,,,,,,,,,,,,,,,,,,,,,,,,,,,,,,,,,,,,,
23,4879,,,,,,,,,,,,,,,,,,,,,,,,,,,,,,,,,,,,,,,,,0.4888821840286255,0.27870452404022217,0.45359039306640625,1.4214200973510742,0.2199757695198059,0.3155907392501831,0.31563395261764526,0.7649410367012024,0.3859198987483978,0.24416323006153107,6.6153459548950195,3.467542886734009,8.289725303649902,9.283610343933105,5.513996601104736,7.572576999664307,6.161681652069092,8.1715087890625,5.588892936706543,5.488574981689453,,,,,,,,,,,9.12263011932373,5.844323635101318,9.703839302062988,16.573570251464844,6.710997581481934,9.104120254516602,9.193115234375,10.315082550048828,7.131352424621582,7.5272674560546875,,,,,,,,,,,,,,,,,,,,,,,,,,,,,,,,,,,,,,,,
23,4884,,,,,,,,,,,,,,,,,,,,,,,,,,,,,,,,,,,,,,,,,0.364278644323349,0.20670121908187866,0.30457186698913574,0.3291895091533661,0.5616797208786011,0.42880192399024963,0.3427799940109253,0.24527598917484283,0.4463607966899872,0.4131469428539276,6.741456985473633,4.219388008117676,6.3416876792907715,6.3588714599609375,8.352121353149414,9.085580825805664,7.931917190551758,4.790996074676514,5.565291881561279,8.027257919311523,,,,,,,,,,,8.353188514709473,5.033079624176025,7.951637268066406,7.975866317749023,10.723684310913086,10.612170219421387,9.580286979675293,5.840986728668213,7.6694865226745605,9.791504859924316,,,,,,,,,,,,,,,,,,,,,,,,,,,,,,,,,,,,,,,,
23,4889,,,,,,,,,,,,,,,,,,,,,,,,,,,,,,,,,,,,,,,,,0.26445022225379944,0.45768970251083374,0.20330850780010223,0.08831801265478134,0.5263691544532776,0.2228163778781891,0.2908276319503784,0.1547480821609497,0.11162582784891129,0.32434892654418945,5.241730213165283,5.084628105163574,5.4112868309021,3.0565969944000244,6.376919269561768,6.101067543029785,6.562302589416504,3.845341920852661,3.602553606033325,7.134873390197754,,,,,,,,,,,6.902580261230469,7.489414215087891,6.496649265289307,4.131231784820557,10.381135940551758,7.649787902832031,8.824469566345215,4.639502048492432,3.835355281829834,8.675678253173828,,,,,,,,,,,,,,,,,,,,,,,,,,,,,,,,,,,,,,,,
23,4894,,,,,,,,,,,,,,,,,,,,,,,,,,,,,,,,,,,,,,,,,0.48064517974853516,0.5347840785980225,0.013655095361173153,0.5908219814300537,0.5182215571403503,0.7686042785644531,0.8860949873924255,0.01948659121990204,0.11087626218795776,0.8832619190216064,6.484324932098389,6.124102592468262,1.41206955909729,6.454965114593506,8.559602737426758,9.806967735290527,12.409799575805664,1.626491665840149,3.585179567337036,8.379746437072754,,,,,,,,,,,8.90683650970459,8.095645904541016,1.6836779117584229,10.685214042663574,10.300477981567383,14.207815170288086,15.403199195861816,1.6463669538497925,3.8224563598632812,14.316668510437012,,,,,,,,,,,,,,,,,,,,,,,,,,,,,,,,,,,,,,,,
23,4899,,,,,,,,,,,,,,,,,,,,,,,,,,,,,,,,,,,,,,,,,0.4087541401386261,0.3122618496417999,0.26658695936203003,0.6212989687919617,0.3664160668849945,0.8811177015304565,0.5092825889587402,0.12872567772865295,0.4425261318683624,0.15057116746902466,6.841453552246094,4.960363388061523,6.28656005859375,8.976651191711426,7.285491466522217,11.432538986206055,8.655070304870605,3.68855619430542,5.714825630187988,4.57302188873291,,,,,,,,,,,8.656994819641113,6.186168670654297,7.4392828941345215,10.957341194152832,8.661375999450684,15.212228775024414,11.677508354187012,4.231470108032227,7.636471748352051,5.911097526550293,,,,,,,,,,,,,,,,,,,,,,,,,,,,,,,,,,,,,,,,
23,4904,,,,,,,,,,,,,,,,,,,,,,,,,,,,,,,,,,,,,,,,,0.29399991035461426,0.22028303146362305,0.05990733951330185,0.08691062778234482,0.30234938859939575,0.5813519954681396,0.22056853771209717,0.32912150025367737,0.28499868512153625,0.5605082511901855,5.50137186050415,4.237030029296875,2.8070316314697266,3.0771472454071045,6.73940896987915,8.557577133178711,5.339447021484375,4.991000652313232,4.383800506591797,9.379899024963379,,,,,,,,,,,7.225455284118652,5.195804595947266,3.5265631675720215,4.098182678222656,7.8678154945373535,12.356498718261719,7.684977054595947,6.766075134277344,6.128365993499756,11.404813766479492,,,,,,,,,,,,,,,,,,,,,,,,,,,,,,,,,,,,,,,,
23,4909,,,,,,,,,,,,,,,,,,,,,,,,,,,,,,,,,,,,,,,,,0.46025213599205017,0.6695442199707031,0.15451131761074066,0.4415048658847809,0.45257171988487244,0.7922604084014893,0.3697739243507385,0.5526057481765747,0.45236366987228394,0.2571331560611725,7.008308410644531,6.476404190063477,4.61287784576416,7.57241153717041,7.18546724319458,10.516453742980957,6.766879081726074,7.433070182800293,6.383775234222412,6.127438545227051,,,,,,,,,,,9.130303382873535,9.058408737182617,5.6635894775390625,9.236824035644531,9.625945091247559,14.424800872802734,9.950363159179688,8.767312049865723,7.720885753631592,7.72460412979126,,,,,,,,,,,,,,,,,,,,,,,,,,,,,,,,,,,,,,,,
23,4914,,,,,,,,,,,,,,,,,,,,,,,,,,,,,,,,,,,,,,,,,0.1925637125968933,0.196365088224411,0.21377982199192047,0.13930125534534454,0.14315374195575714,0.35956984758377075,0.11294877529144287,0.1415269672870636,0.2194409966468811,0.20698685944080353,4.93184757232666,4.0445637702941895,5.476283550262451,4.421475410461426,4.788754463195801,7.8065266609191895,4.715790271759033,3.65429949760437,4.420000076293945,5.058930397033691,,,,,,,,,,,6.014640808105469,4.905625820159912,6.661852836608887,5.188387393951416,5.413785457611084,9.717788696289062,5.499352931976318,4.436886787414551,5.377521514892578,6.930563926696777,,,,,,,,,,,,,,,,,,,,,,,,,,,,,,,,,,,,,,,,
23,4919,,,,,,,,,,,,,,,,,,,,,,,,,,,,,,,,,,,,,,,,,0.09720299392938614,0.0723404511809349,0.02763323299586773,0.044180162250995636,0.052008092403411865,0.10344278812408447,0.2502099275588989,1.7735029458999634,1.8104252815246582,0.1306062936782837,4.074032783508301,2.8825910091400146,2.395120620727539,2.9219226837158203,3.201735258102417,5.115401744842529,7.957746505737305,12.471339225769043,12.17498779296875,4.043710708618164,,,,,,,,,,,4.351472854614258,2.9775075912475586,2.395120620727539,2.9219226837158203,3.2631354331970215,5.212258815765381,8.185083389282227,15.706328392028809,15.445913314819336,5.505277633666992,,,,,,,,,,,,,,,,,,,,,,,,,,,,,,,,,,,,,,,,
23,4919,,,,,,,,,,,,,,,,,,,,,,,,,,,,,,,,,,,,,,,,,,,,,,,,,,,6.54180383682251,5.363977909088135,6.309436321258545,6.304817199707031,6.842714309692383,8.353544235229492,7.305159091949463,5.5806450843811035,5.709084510803223,7.106860637664795,0.5841839909553528,0.5792526006698608,0.6275463104248047,0.6192501783370972,0.6231204271316528,0.5263266563415527,0.6020272970199585,0.5792263150215149,0.5398191213607788,0.5610867142677307,8.811748504638672,7.291625499725342,8.52328109741211,8.490812301635742,9.255934715270996,11.179342269897461,9.851447105407715,7.5045247077941895,7.789216995239258,9.419550895690918,0.5057629942893982,0.7729738354682922,0.3466092646121979,0.38496050238609314,0.5455855131149292,0.5303010940551758,0.5031070709228516,0.4177234470844269,0.52023845911026,0.5334409475326538,7.476865291595459,7.277470588684082,6.806088447570801,7.109392166137695,7.492286682128906,9.379666328430176,8.274928092956543,6.118579864501953,6.123579978942871,8.709792137145996,0.31476277112960815,0.32468217611312866,0.28726547956466675,0.340964138507843,0.312134325504303,0.2105475664138794,0.0781756043434143,0.49888187646865845,0.38307690620422363,0.39713698625564575,9.72868537902832,9.67345142364502,8.931588172912598,9.029135704040527,10.206340789794922,11.708473205566406,11.36229419708252,7.739951133728027,7.663190841674805,11.243744850158691
24,4924,,,,,,,,,,,,,,,,,,,,,,,,,,,,,,,,,,,,,,,,,0.23372741043567657,0.20289254188537598,0.21135802567005157,0.2478208988904953,0.24828393757343292,0.24885676801204681,0.23490476608276367,0.15073265135288239,0.19305524230003357,0.3656418025493622,4.989345073699951,3.7949345111846924,5.680776119232178,5.355362892150879,4.8066253662109375,6.103829860687256,5.131657123565674,3.5111427307128906,3.9580180644989014,6.561758518218994,,,,,,,,,,,6.723328113555908,4.986494064331055,6.6240105628967285,6.920283317565918,7.129744052886963,8.084452629089355,7.930794715881348,4.578912734985352,5.043872356414795,9.21138858795166,,,,,,,,,,,,,,,,,,,,,,,,,,,,,,,,,,,,,,,,
24,4929,,,,,,,,,,,,,,,,,,,,,,,,,,,,,,,,,,,,,,,,,0.3106853663921356,0.25815844535827637,0.3721332252025604,0.06506913155317307,0.5088483095169067,0.2975085377693176,0.1742175817489624,0.4391014575958252,0.4103426933288574,0.2707889974117279,5.92977237701416,4.5978288650512695,7.443026542663574,2.9820525646209717,6.892721652984619,7.380973815917969,5.506530284881592,6.218350887298584,5.461775779724121,6.8846893310546875,,,,,,,,,,,7.436929702758789,5.624778747558594,8.789433479309082,3.546029567718506,10.20689868927002,8.839457511901855,6.8299384117126465,7.815218925476074,7.353543758392334,7.927070140838623,,,,,,,,,,,,,,,,,,,,,,,,,,,,,,,,,,,,,,,,
24,4934,,,,,,,,,,,,,,,,,,,,,,,,,,,,,,,,,,,,,,,,,0.39195337891578674,0.34655892848968506,0.3077818751335144,0.22627310454845428,0.66645348072052,0.5733852386474609,0.6001514196395874,0.5092034339904785,0.07039336115121841,0.227379709482193,6.566764831542969,5.423985958099365,6.507453918457031,5.107085227966309,8.16938591003418,9.424891471862793,10.951796531677246,5.953614711761475,2.6331381797790527,4.929531574249268,,,,,,,,,,,8.497547149658203,6.517045974731445,7.993429660797119,6.612586498260498,11.681121826171875,12.271541595458984,12.676553726196289,8.415974617004395,3.0457143783569336,7.26395320892334,,,,,,,,,,,,,,,,,,,,,,,,,,,,,,,,,,,,,,,,
24,4939,,,,,,,,,,,,,,,,,,,,,,,,,,,,,,,,,,,,,,,,,0.3031586706638336,0.40100640058517456,0.2699581980705261,0.09411971271038055,0.4066021740436554,0.6402022838592529,0.44992437958717346,0.15186570584774017,0.014773981645703316,0.29997509717941284,5.59036922454834,5.585639476776123,5.363697052001953,3.514092445373535,7.325009822845459,9.796242713928223,7.522015571594238,3.5061841011047363,1.204010248184204,6.496432781219482,,,,,,,,,,,7.35141658782959,7.010321617126465,7.4861741065979,4.264765739440918,9.123983383178711,12.966849327087402,10.975911140441895,4.596090316772461,1.3953145742416382,8.343338012695312,,,,,,,,,,,,,,,,,,,,,,,,,,,,,,,,,,,,,,,,
24,4944,,,,,,,,,,,,,,,,,,,,,,,,,,,,,,,,,,,,,,,,,0.3583083748817444,0.511356770992279,0.15052154660224915,0.5416476130485535,0.583583652973175,0.47879698872566223,0.380000501871109,0.12412429600954056,0.16842038929462433,0.28632375597953796,6.053244590759277,5.262300491333008,3.7773938179016113,8.67821979522705,6.481668949127197,7.685211658477783,8.839621543884277,3.8081603050231934,3.546729326248169,6.399897575378418,,,,,,,,,,,8.109588623046875,7.916337013244629,5.589989185333252,10.230887413024902,10.930781364440918,11.213767051696777,10.087020874023438,4.155153751373291,4.7110819816589355,8.15128231048584,,,,,,,,,,,,,,,,,,,,,,,,,,,,,,,,,,,,,,,,
24,4949,,,,,,,,,,,,,,,,,,,,,,,,,,,,,,,,,,,,,,,,,0.6737552881240845,0.7298324108123779,0.47245877981185913,0.9228436946868896,0.5469406247138977,0.4069523215293884,0.5856099128723145,0.49255815148353577,1.5127066373825073,0.39389505982398987,7.956825256347656,6.771862983703613,6.899457931518555,10.884963035583496,7.139561653137207,7.2797369956970215,8.610013961791992,6.927621364593506,9.835403442382812,7.262805461883545,,,,,,,,,,,10.901607513427734,9.457447052001953,9.903613090515137,13.354233741760254,10.582048416137695,10.338265419006348,12.522038459777832,8.277276992797852,14.11889362335205,9.560650825500488,,,,,,,,,,,,,,,,,,,,,,,,,,,,,,,,,,,,,,,,
24,4954,,,,,,,,,,,,,,,,,,,,,,,,,,,,,,,,,,,,,,,,,0.2654341757297516,0.18305262923240662,0.4304169714450836,0.23842664062976837,0.21649567782878876,0.7448165416717529,0.12328077107667923,0.12038365751504898,0.1861831396818161,0.14585135877132416,5.65588903427124,3.7263784408569336,7.978988170623779,5.644837379455566,4.7419843673706055,11.040376663208008,4.7839674949646,3.8029932975769043,4.183536529541016,4.999936580657959,,,,,,,,,,,6.91437292098999,4.73642110824585,9.452710151672363,6.787850856781006,6.657700538635254,13.986225128173828,5.745376110076904,4.092064380645752,4.953286647796631,5.817715167999268,,,,,,,,,,,,,,,,,,,,,,,,,,,,,,,,,,,,,,,,
24,4959,,,,,,,,,,,,,,,,,,,,,,,,,,,,,,,,,,,,,,,,,0.7963964939117432,0.20512889325618744,0.6162291169166565,0.31034815311431885,0.5279690027236938,0.512823224067688,0.39777877926826477,1.5199356079101562,2.815152168273926,0.26220354437828064,8.515941619873047,3.621901035308838,9.587248802185059,5.844588279724121,7.7821502685546875,9.191912651062012,7.540089130401611,11.987919807434082,14.95476245880127,6.1328959465026855,,,,,,,,,,,10.88807487487793,5.013900279998779,11.310524940490723,7.744251251220703,10.396900177001953,11.605389595031738,10.320282936096191,14.540231704711914,19.26079750061035,7.800393104553223,,,,,,,,,,,,,,,,,,,,,,,,,,,,,,,,,,,,,,,,
24,4964,,,,,,,,,,,,,,,,,,,,,,,,,,,,,,,,,,,,,,,,,0.49167633056640625,0.6737778186798096,0.38329580426216125,0.16802342236042023,0.45244067907333374,0.7454272508621216,0.4968627393245697,0.637619137763977,0.18338309228420258,0.684256911277771,7.294022560119629,6.852679252624512,6.892016887664795,4.26731014251709,7.830324172973633,10.822165489196777,7.762860298156738,7.552150726318359,4.3752288818359375,9.291464805603027,,,,,,,,,,,9.532310485839844,9.08700180053711,8.920284271240234,5.698227405548096,9.624551773071289,13.991957664489746,11.534239768981934,9.417581558227539,4.91589879989624,12.601051330566406,,,,,,,,,,,,,,,,,,,,,,,,,,,,,,,,,,,,,,,,
24,4969,,,,,,,,,,,,,,,,,,,,,,,,,,,,,,,,,,,,,,,,,0.48232385516166687,0.427612841129303,0.36847513914108276,0.4443420469760895,0.5277755260467529,0.32590386271476746,0.6137393712997437,0.6060030460357666,0.5998106002807617,0.4272520840167999,7.206026554107666,5.404470443725586,6.642340660095215,6.38659143447876,7.907838821411133,7.338898181915283,8.80848217010498,7.771331787109375,6.842539310455322,7.751748085021973,,,,,,,,,,,9.5274019241333,7.2391510009765625,8.746126174926758,9.266453742980957,10.394994735717773,9.251680374145508,12.819254875183105,9.181130409240723,8.890584945678711,9.957247734069824,,,,,,,,,,,,,,,,,,,,,,,,,,,,,,,,,,,,,,,,
24,4974,,,,,,,,,,,,,,,,,,,,,,,,,,,,,,,,,,,,,,,,,0.3126651346683502,0.21024616062641144,0.20082803070545197,0.21902768313884735,0.6716625094413757,0.5312529802322388,0.2481578141450882,0.15856654942035675,0.3225495517253876,0.25169500708580017,6.041468143463135,3.729006052017212,4.962582111358643,4.590886116027832,8.829232215881348,9.42203426361084,6.673924446105957,4.175633430480957,5.703582763671875,6.286334037780762,,,,,,,,,,,7.6208343505859375,5.076054573059082,6.4568963050842285,6.505855083465576,11.7266845703125,11.812085151672363,8.151448249816895,4.696393966674805,6.519608497619629,7.642483234405518,,,,,,,,,,,,,,,,,,,,,,,,,,,,,,,,,,,,,,,,
24,4979,,,,,,,,,,,,,,,,,,,,,,,,,,,,,,,,,,,,,,,,,0.6549528241157532,0.4526926279067993,0.7805554270744324,0.8989330530166626,0.6054922342300415,0.5263627767562866,0.25129571557044983,1.028949499130249,0.8188247084617615,0.5314687490463257,8.928868293762207,6.137836456298828,10.537076950073242,11.687771797180176,8.774523735046387,9.165043830871582,6.236030578613281,10.845088958740234,8.293819427490234,8.682626724243164,,,,,,,,,,,10.878791809082031,7.448416709899902,12.729564666748047,13.180096626281738,11.134069442749023,11.75759220123291,8.2028226852417,11.963430404663086,10.38768482208252,11.105447769165039,,,,,,,,,,,,,,,,,,,,,,,,,,,,,,,,,,,,,,,,
24,4984,,,,,,,,,,,,,,,,,,,,,,,,,,,,,,,,,,,,,,,,,0.48560136556625366,0.21804535388946533,0.1999223828315735,0.3091513216495514,0.23747095465660095,1.0432500839233398,0.2630102336406708,0.88081955909729,0.6465977430343628,0.5721448063850403,7.16895055770874,4.282970905303955,4.703596591949463,6.189006328582764,5.629868030548096,11.748183250427246,5.905061721801758,9.084930419921875,8.30579948425293,8.671140670776367,,,,,,,,,,,9.231175422668457,5.169346809387207,6.442320823669434,7.729305267333984,6.972762584686279,16.552745819091797,8.391838073730469,11.068841934204102,9.23082160949707,11.522591590881348,,,,,,,,,,,,,,,,,,,,,,,,,,,,,,,,,,,,,,,,
24,4989,,,,,,,,,,,,,,,,,,,,,,,,,,,,,,,,,,,,,,,,,0.26203805208206177,0.15901248157024384,0.1038149744272232,0.1392945647239685,0.5458442568778992,0.3274171054363251,0.2888883352279663,0.2808777391910553,0.16085094213485718,0.352341890335083,5.722384452819824,3.6442155838012695,4.2201714515686035,4.20689058303833,8.440999984741211,7.039946556091309,7.1826348304748535,5.676201820373535,3.9844727516174316,7.1059250831604,,,,,,,,,,,6.9757256507873535,4.414463043212891,4.64238977432251,5.188262939453125,10.571435928344727,9.273134231567383,8.794999122619629,6.250537872314453,4.603997230529785,9.042309761047363,,,,,,,,,,,,,,,,,,,,,,,,,,,,,,,,,,,,,,,,
24,4994,,,,,,,,,,,,,,,,,,,,,,,,,,,,,,,,,,,,,,,,,0.3792980909347534,0.41898947954177856,0.4748631417751312,0.5108174681663513,0.3221064507961273,0.36816516518592834,0.30337512493133545,0.6732119917869568,0.14479070901870728,0.1973632127046585,6.4766526222229,5.908993721008301,7.892601013183594,5.559223175048828,6.8707075119018555,8.021510124206543,7.555879592895508,7.169328689575195,3.9079055786132812,5.403723239898682,,,,,,,,,,,8.31215763092041,7.165786266326904,9.928780555725098,9.935455322265625,8.120809555053711,9.833252906799316,9.012822151184082,9.676863670349121,4.3681111335754395,6.7675323486328125,,,,,,,,,,,,,,,,,,,,,,,,,,,,,,,,,,,,,,,,
24,4999,,,,,,,,,,,,,,,,,,,,,,,,,,,,,,,,,,,,,,,,,0.4505595266819,0.5067446827888489,0.7505368590354919,0.5756334066390991,0.3559274673461914,0.3770466446876526,0.16358640789985657,0.4458416998386383,0.6783908605575562,0.20132732391357422,6.626708030700684,4.588778018951416,9.121515274047852,6.543463706970215,6.4454851150512695,8.623546600341797,5.092240810394287,5.797485828399658,8.059852600097656,5.368006229400635,,,,,,,,,,,8.909001350402832,7.880555629730225,12.482386589050293,10.546974182128906,8.536511421203613,9.951152801513672,6.618268966674805,7.874972820281982,9.455037117004395,6.835158348083496,,,,,,,,,,,,,,,,,,,,,,,,,,,,,,,,,,,,,,,,
24,5004,,,,,,,,,,,,,,,,,,,,,,,,,,,,,,,,,,,,,,,,,0.37066951394081116,0.34946805238723755,0.35287949442863464,0.39503273367881775,0.22717417776584625,0.3227643668651581,0.42371776700019836,0.4013426601886749,0.5689818859100342,0.2946643829345703,6.378252029418945,5.170565128326416,7.267243385314941,6.510260581970215,4.693831443786621,6.724564552307129,8.477762222290039,6.044043064117432,5.831390857696533,6.684607028961182,,,,,,,,,,,8.324315071105957,6.544341564178467,8.559036254882812,8.7371826171875,6.81991720199585,9.207011222839355,10.651459693908691,7.471647262573242,8.65909481048584,8.269152641296387,,,,,,,,,,,,,,,,,,,,,,,,,,,,,,,,,,,,,,,,
24,5009,,,,,,,,,,,,,,,,,,,,,,,,,,,,,,,,,,,,,,,,,0.39359724521636963,0.3859142065048218,0.12451837956905365,0.33500728011131287,0.5078315734863281,0.443340003490448,0.1720365285873413,0.3935389518737793,0.8609771728515625,0.31921088695526123,6.490686893463135,4.892928123474121,4.008635997772217,6.742809295654297,7.945892810821533,7.8912248611450195,6.033935546875,5.892710208892822,7.6261796951293945,7.381866455078125,,,,,,,,,,,8.270977973937988,6.87713623046875,5.084267616271973,8.046036720275879,10.196697235107422,10.790568351745605,6.787051200866699,7.398651599884033,10.651703834533691,8.606688499450684,,,,,,,,,,,,,,,,,,,,,,,,,,,,,,,,,,,,,,,,
24,5014,,,,,,,,,,,,,,,,,,,,,,,,,,,,,,,,,,,,,,,,,0.47962507605552673,0.41428864002227783,0.3988512456417084,0.2876858711242676,0.401047945022583,0.5342950820922852,0.5795351266860962,0.3309900760650635,0.36742377281188965,1.0025076866149902,7.573215961456299,5.751928806304932,6.879491329193115,6.557053089141846,7.7338995933532715,8.92514705657959,10.493745803833008,5.108806610107422,5.700608730316162,11.00826358795166,,,,,,,,,,,9.560161590576172,7.125474452972412,9.099491119384766,7.456141471862793,9.06145191192627,11.845855712890625,12.456920623779297,6.7852559089660645,6.95836067199707,15.252501487731934,,,,,,,,,,,,,,,,,,,,,,,,,,,,,,,,,,,,,,,,
24,5019,,,,,,,,,,,,,,,,,,,,,,,,,,,,,,,,,,,,,,,,,0.374543696641922,0.22473794221878052,0.5458529591560364,0.6468903422355652,0.28278231620788574,0.29998132586479187,0.1803593635559082,0.3355118930339813,0.3959321975708008,0.4588448405265808,6.612513542175293,3.9862167835235596,9.038497924804688,8.989948272705078,6.492920875549316,6.994467258453369,5.8224921226501465,4.780296325683594,5.417398929595947,7.99038553237915,,,,,,,,,,,8.320201873779297,5.248080253601074,10.645094871520996,11.180731773376465,7.608968734741211,8.876115798950195,6.94928503036499,6.831447601318359,7.223267555236816,10.318822860717773,,,,,,,,,,,,,,,,,,,,,,,,,,,,,,,,,,,,,,,,
24,5024,,,,,,,,,,,,,,,,,,,,,,,,,,,,,,,,,,,,,,,,,0.23440811038017273,0.15850567817687988,0.16500666737556458,0.3586682975292206,0.12142454087734222,0.23077087104320526,0.2897486090660095,0.2844071090221405,0.3467898666858673,0.1543513536453247,5.247444152832031,3.4004969596862793,4.365065097808838,6.723240852355957,4.206430435180664,6.102180004119873,6.327966690063477,4.762289047241211,6.236790180206299,5.102536678314209,,,,,,,,,,,6.5777153968811035,4.4074225425720215,5.852782726287842,8.325328826904297,4.986006259918213,7.785139083862305,8.808085441589355,6.289685249328613,6.7601518630981445,5.984838485717773,,,,,,,,,,,,,,,,,,,,,,,,,,,,,,,,,,,,,,,,
24,5029,,,,,,,,,,,,,,,,,,,,,,,,,,,,,,,,,,,,,,,,,0.39355483651161194,0.42621874809265137,0.06493574380874634,0.22801753878593445,1.0860923528671265,0.6500366926193237,0.3053206205368042,0.20660632848739624,0.2014751434326172,0.37329015135765076,6.425997257232666,5.682109355926514,2.7684075832366943,6.307302951812744,10.818374633789062,8.927876472473145,7.2152791023254395,4.103745937347412,4.6567792892456055,7.354096412658691,,,,,,,,,,,8.26414680480957,7.227341175079346,3.6715848445892334,6.638026714324951,14.91189956665039,13.06606388092041,9.041674613952637,5.360811233520508,5.1526899337768555,9.307229995727539,,,,,,,,,,,,,,,,,,,,,,,,,,,,,,,,,,,,,,,,
24,5034,,,,,,,,,,,,,,,,,,,,,,,,,,,,,,,,,,,,,,,,,0.23992043733596802,0.20413567125797272,0.3420310318470001,0.13868224620819092,0.29856616258621216,0.17228877544403076,0.33802205324172974,0.24312838912010193,0.21328097581863403,0.20914869010448456,5.351025104522705,4.219143867492676,6.439016342163086,4.655861854553223,5.566943168640137,4.974109649658203,7.544775485992432,4.5599365234375,4.581695079803467,5.617745399475098,,,,,,,,,,,6.749701023101807,5.001747131347656,8.426445007324219,5.176846981048584,7.818437576293945,6.726736545562744,9.513565063476562,5.815359592437744,5.301506996154785,6.966662406921387,,,,,,,,,,,,,,,,,,,,,,,,,,,,,,,,,,,,,,,,
24,5039,,,,,,,,,,,,,,,,,,,,,,,,,,,,,,,,,,,,,,,,,0.6737050414085388,0.31621819734573364,0.7673091292381287,1.128609538078308,0.21039874851703644,0.41353267431259155,0.3884579539299011,0.7429784536361694,1.139183521270752,0.9566571116447449,7.728529453277588,4.372491359710693,9.247490882873535,10.592965126037598,5.079876899719238,7.9806365966796875,7.273785591125488,6.636074066162109,8.903491020202637,9.469948768615723,,,,,,,,,,,10.901763916015625,6.225234508514404,12.621089935302734,14.768173217773438,6.563284873962402,10.421512603759766,10.198653221130371,10.165924072265625,12.252370834350586,14.899626731872559,,,,,,,,,,,,,,,,,,,,,,,,,,,,,,,,,,,,,,,,
24,5044,,,,,,,,,,,,,,,,,,,,,,,,,,,,,,,,,,,,,,,,,0.4873608648777008,1.0772078037261963,0.14543968439102173,0.05793522670865059,0.9304394125938416,0.9638265371322632,0.4570363163948059,0.3021344244480133,0.09173652529716492,0.3604913651943207,6.417411804199219,8.703417778015137,3.885561227798462,2.7099883556365967,8.555208206176758,10.011841773986816,8.3002347946167,5.117652893066406,2.8611178398132324,7.6116862297058105,,,,,,,,,,,8.912344932556152,11.489787101745605,5.494815349578857,3.3460023403167725,13.80205249786377,15.910187721252441,11.062317848205566,6.482743263244629,3.4769179821014404,9.146283149719238,,,,,,,,,,,,,,,,,,,,,,,,,,,,,,,,,,,,,,,,
24,5049,,,,,,,,,,,,,,,,,,,,,,,,,,,,,,,,,,,,,,,,,0.17436082661151886,0.30596864223480225,0.038473088294267654,0.08113978803157806,0.22272807359695435,0.2734524607658386,0.24678830802440643,0.08243773877620697,0.10601671040058136,0.2122427374124527,4.365787029266357,4.973136901855469,2.397447347640991,3.1360926628112793,5.0475544929504395,6.438292980194092,6.100194931030273,2.6065382957458496,2.8859684467315674,5.706855297088623,,,,,,,,,,,5.600863933563232,6.123514175415039,2.8261172771453857,3.959787130355835,6.75285005569458,8.474553108215332,8.128925323486328,3.3862714767456055,3.7377521991729736,7.018004894256592,,,,,,,,,,,,,,,,,,,,,,,,,,,,,,,,,,,,,,,,
24,5054,,,,,,,,,,,,,,,,,,,,,,,,,,,,,,,,,,,,,,,,,0.3261459469795227,0.6150792837142944,0.10151483863592148,0.12107439339160919,0.6075031757354736,0.44510960578918457,0.4822791814804077,0.08400698006153107,0.3444230258464813,0.13432297110557556,5.786924839019775,6.3624491691589355,3.6446030139923096,4.402844429016113,7.1039533615112305,8.866802215576172,8.539129257202148,2.6430983543395996,5.900569915771484,4.618873596191406,,,,,,,,,,,7.464075565338135,8.682160377502441,4.590673446655273,4.83705472946167,11.152544021606445,10.812082290649414,11.36370849609375,3.418349027633667,6.737043857574463,5.5830607414245605,,,,,,,,,,,,,,,,,,,,,,,,,,,,,,,,,,,,,,,,
24,5059,,,,,,,,,,,,,,,,,,,,,,,,,,,,,,,,,,,,,,,,,0.4064997434616089,0.17977483570575714,0.1986583173274994,0.33231350779533386,0.43980687856674194,0.5684903860092163,0.6849419474601746,0.25541016459465027,0.7711380124092102,0.2279636412858963,6.698325157165527,3.2745187282562256,5.008205890655518,6.6530280113220215,7.158045768737793,8.7520751953125,11.116705894470215,5.41703987121582,7.034736633300781,5.870569705963135,,,,,,,,,,,8.632719039916992,4.693822860717773,6.421922206878662,8.013622283935547,9.48922348022461,12.219049453735352,13.542463302612305,5.960433006286621,10.080669403076172,7.2732744216918945,,,,,,,,,,,,,,,,,,,,,,,,,,,,,,,,,,,,,,,,
24,5064,,,,,,,,,,,,,,,,,,,,,,,,,,,,,,,,,,,,,,,,,0.18380726873874664,0.24852126836776733,0.25614628195762634,0.13474707305431366,0.2001030594110489,0.3576289117336273,0.14920854568481445,0.07875604927539825,0.1148882806301117,0.11426591128110886,4.795032024383545,4.78749418258667,6.1719512939453125,3.3087215423583984,5.218681335449219,8.114080429077148,4.7341814041137695,2.9501376152038574,3.699192762374878,4.1708502769470215,,,,,,,,,,,5.852993488311768,5.518792629241943,7.292150974273682,5.102870464324951,6.400685787200928,9.691526412963867,6.320735454559326,3.3097918033599854,3.8909990787506104,5.149386882781982,,,,,,,,,,,,,,,,,,,,,,,,,,,,,,,,,,,,,,,,
24,5069,,,,,,,,,,,,,,,,,,,,,,,,,,,,,,,,,,,,,,,,,0.300496906042099,0.3342497944831848,0.31867310404777527,0.2207946926355362,0.23318198323249817,0.22686415910720825,0.19218331575393677,0.6487997174263,0.3863013684749603,0.14342398941516876,5.824077129364014,5.139082908630371,7.142478942871094,5.141120910644531,5.470130443572998,6.516411781311035,6.077143669128418,7.545682430267334,4.47976541519165,4.904877185821533,,,,,,,,,,,7.25240421295166,6.400263786315918,8.13362979888916,6.532045364379883,6.909507751464844,7.718960762023926,7.173459529876709,9.499791145324707,7.134875774383545,5.769100666046143,,,,,,,,,,,,,,,,,,,,,,,,,,,,,,,,,,,,,,,,
24,5074,,,,,,,,,,,,,,,,,,,,,,,,,,,,,,,,,,,,,,,,,0.30981412529945374,0.2532665729522705,0.23630985617637634,0.1909043788909912,0.5082286596298218,0.6110853552818298,0.18033073842525482,0.30008864402770996,0.19108498096466064,0.3170279860496521,5.631460666656494,4.313299655914307,5.1678996086120605,5.12708854675293,7.777949810028076,9.012810707092285,4.976751804351807,4.643596649169922,3.784759044647217,5.87898588180542,,,,,,,,,,,7.61368465423584,5.571231842041016,7.004104137420654,6.0738325119018555,10.200682640075684,12.668546676635742,6.948733806610107,6.460758686065674,5.018067836761475,8.57720947265625,,,,,,,,,,,,,,,,,,,,,,,,,,,,,,,,,,,,,,,,
24,5079,,,,,,,,,,,,,,,,,,,,,,,,,,,,,,,,,,,,,,,,,0.2381187230348587,0.21471892297267914,0.16633768379688263,0.0746937170624733,0.3684779703617096,0.4071262776851654,0.196442112326622,0.40729212760925293,0.12201426178216934,0.1859654188156128,5.271498680114746,4.1983208656311035,4.531408309936523,3.3707051277160645,6.3762359619140625,8.241155624389648,5.655332565307617,6.03285551071167,3.7225594520568848,5.314912796020508,,,,,,,,,,,6.576658725738525,5.129764080047607,5.876341342926025,3.7992420196533203,8.685710906982422,10.340473175048828,7.252505779266357,7.5268235206604,4.009854316711426,6.569212913513184,,,,,,,,,,,,,,,,,,,,,,,,,,,,,,,,,,,,,,,,
24,5084,,,,,,,,,,,,,,,,,,,,,,,,,,,,,,,,,,,,,,,,,0.3391987383365631,0.25847989320755005,0.23237819969654083,0.5664880871772766,0.3374311625957489,0.5663169026374817,0.22959360480308533,0.4150058925151825,0.3432822525501251,0.1038127988576889,6.1155877113342285,4.459394931793213,5.508946418762207,8.084565162658691,6.089593410491943,9.068158149719238,6.186115264892578,5.9258012771606445,5.9042768478393555,3.813441038131714,,,,,,,,,,,7.84628963470459,5.628279209136963,6.945593357086182,10.46285629272461,8.311745643615723,12.19566822052002,7.840625762939453,7.597764492034912,6.72587776184082,4.908204555511475,,,,,,,,,,,,,,,,,,,,,,,,,,,,,,,,,,,,,,,,
24,5089,,,,,,,,,,,,,,,,,,,,,,,,,,,,,,,,,,,,,,,,,0.4619671404361725,0.6092731356620789,0.04236678406596184,0.42542412877082825,1.3053566217422485,0.8158073425292969,0.3510904610157013,0.07108135521411896,0.21805202960968018,0.3192525804042816,7.04947566986084,7.75391149520874,2.4107513427734375,7.176969528198242,13.649820327758789,9.51675033569336,7.709364891052246,3.1370866298675537,4.931770324707031,7.158852577209473,,,,,,,,,,,8.718582153320312,8.641084671020508,2.9656805992126465,9.067049026489258,16.347986221313477,14.637592315673828,9.695725440979004,3.1443910598754883,5.360476016998291,8.607250213623047,,,,,,,,,,,,,,,,,,,,,,,,,,,,,,,,,,,,,,,,
24,5094,,,,,,,,,,,,,,,,,,,,,,,,,,,,,,,,,,,,,,,,,0.3252634108066559,0.6615712642669678,0.2522939145565033,0.08375973999500275,0.23262998461723328,0.35033318400382996,0.20382072031497955,0.3267616927623749,0.24213215708732605,0.5740677118301392,6.007669925689697,6.219168663024902,5.554605007171631,3.5445663928985596,5.745108127593994,7.929628849029541,5.897115707397461,5.873209476470947,5.418984889984131,7.8866424560546875,,,,,,,,,,,7.564222812652588,9.004312515258789,7.23710823059082,4.0232086181640625,6.90132474899292,9.592161178588867,7.387456893920898,6.7417755126953125,5.648713111877441,11.541937828063965,,,,,,,,,,,,,,,,,,,,,,,,,,,,,,,,,,,,,,,,
24,5099,,,,,,,,,,,,,,,,,,,,,,,,,,,,,,,,,,,,,,,,,0.3062158226966858,0.5169057846069336,0.03318971022963524,0.044480908662080765,0.2593727111816406,0.6196425557136536,0.6618797779083252,0.13158857822418213,0.16021287441253662,0.32866939902305603,5.708720684051514,6.901915073394775,2.2954163551330566,2.8768842220306396,6.416426658630371,9.718850135803223,9.010226249694824,3.5357837677001953,3.143646240234375,7.479339122772217,,,,,,,,,,,7.164333820343018,7.959173679351807,2.624904155731201,2.931849956512451,7.2872185707092285,12.756938934326172,13.312521934509277,4.278266429901123,4.5948567390441895,8.733268737792969,,,,,,,,,,,,,,,,,,,,,,,,,,,,,,,,,,,,,,,,
24,5104,,,,,,,,,,,,,,,,,,,,,,,,,,,,,,,,,,,,,,,,,0.5093629956245422,0.6765942573547363,0.47238147258758545,0.11930747330188751,0.22386381030082703,0.3585111200809479,0.3522212505340576,1.5457336902618408,0.601101815700531,0.2345525026321411,7.106072425842285,5.784278392791748,7.687473297119141,4.143627643585205,6.086723327636719,8.615513801574707,7.257901191711426,11.12463665008545,7.749638557434082,5.504854679107666,,,,,,,,,,,8.992904663085938,9.105975151062012,9.902802467346191,4.80163049697876,6.770045280456543,9.703473091125488,9.711326599121094,14.663107872009277,8.90014934539795,7.377636909484863,,,,,,,,,,,,,,,,,,,,,,,,,,,,,,,,,,,,,,,,
24,5109,,,,,,,,,,,,,,,,,,,,,,,,,,,,,,,,,,,,,,,,,0.3995370864868164,0.30118176341056824,0.6614276170730591,0.5539066195487976,0.4376482367515564,0.6563593149185181,0.28601112961769104,0.2424807846546173,0.26868802309036255,0.18813057243824005,6.5164899826049805,4.747342586517334,9.336125373840332,6.358207702636719,8.159308433532715,9.579813957214355,6.411732196807861,3.648221492767334,5.214753150939941,5.192905426025391,,,,,,,,,,,8.650137901306152,6.0754241943359375,11.717981338500977,10.346015930175781,9.465907096862793,13.129453659057617,8.751092910766602,5.807608604431152,5.950417995452881,6.607344150543213,,,,,,,,,,,,,,,,,,,,,,,,,,,,,,,,,,,,,,,,
24,5114,,,,,,,,,,,,,,,,,,,,,,,,,,,,,,,,,,,,,,,,,0.3055025041103363,0.46188557147979736,0.25329530239105225,0.23614348471164703,0.1605769693851471,0.2807087004184723,0.31981685757637024,0.4771266579627991,0.4067300260066986,0.15323889255523682,5.702994346618652,6.42740535736084,5.674180030822754,5.871641159057617,4.179555892944336,6.865044593811035,7.010429859161377,5.875015735626221,5.059525012969971,4.364152908325195,,,,,,,,,,,7.392796993255615,7.523664951324463,7.251455783843994,6.755272388458252,5.733783721923828,8.586255073547363,9.253829956054688,8.146583557128906,7.32110071182251,5.963232040405273,,,,,,,,,,,,,,,,,,,,,,,,,,,,,,,,,,,,,,,,
24,5119,,,,,,,,,,,,,,,,,,,,,,,,,,,,,,,,,,,,,,,,,0.6510871648788452,0.6590956449508667,0.5965069532394409,2.1615796089172363,0.4347689151763916,0.42195990681648254,0.6447924375534058,0.042975690215826035,0.37897196412086487,0.519133448600769,7.90790319442749,5.931005954742432,8.263724327087402,15.818012237548828,7.944603443145752,7.922013282775879,10.790197372436523,2.078382968902588,4.901362895965576,7.521827697753906,,,,,,,,,,,10.460298538208008,8.98745059967041,11.128059387207031,20.438100814819336,9.434717178344727,10.527164459228516,13.139557838439941,2.444950580596924,7.06686544418335,10.975812911987305,,,,,,,,,,,,,,,,,,,,,,,,,,,,,,,,,,,,,,,,
24,5124,,,,,,,,,,,,,,,,,,,,,,,,,,,,,,,,,,,,,,,,,0.3034995496273041,0.35187828540802,0.14499317109584808,0.6290737986564636,0.347119003534317,0.8193572759628296,0.1796848177909851,0.014225400052964687,0.08938324451446533,0.1557808816432953,6.804418087005615,4.909602642059326,5.4863739013671875,11.025688171386719,8.144731521606445,14.669405937194824,6.695528507232666,1.4066658020019531,3.4320321083068848,5.469733715057373,,,,,,,,,,,7.107336044311523,6.566871643066406,5.4863739013671875,11.025688171386719,8.430218696594238,14.669405937194824,6.936277866363525,1.4066658020019531,3.4320321083068848,6.012488842010498,,,,,,,,,,,,,,,,,,,,,,,,,,,,,,,,,,,,,,,,
24,5124,,,,,,,,,,,,,,,,,,,,,,,,,,,,,,,,,,,,,,,,,,,,,,,,,,,6.5448899269104,5.3584465980529785,6.409084796905518,6.225303649902344,6.8984375,8.330329895019531,7.358469009399414,5.5592145919799805,5.679023265838623,7.085695743560791,0.5868492126464844,0.5826958417892456,0.627085268497467,0.6287177205085754,0.6214451193809509,0.5261749029159546,0.6025080680847168,0.5884791612625122,0.5438516139984131,0.5606852769851685,8.786489486694336,7.261728763580322,8.528554916381836,8.384581565856934,9.276483535766602,11.181134223937988,9.845495223999023,7.4215521812438965,7.755014896392822,9.423855781555176,0.5602571368217468,0.8568413257598877,0.39253127574920654,0.4483147859573364,0.5550180673599243,0.5515894889831543,0.5557305216789246,0.45224815607070923,0.6024274826049805,0.6355510354042053,7.854021072387695,7.63211727142334,7.1489739418029785,7.411369800567627,7.841142177581787,9.507135391235352,8.82548713684082,6.265440940856934,6.756826400756836,9.297693252563477,0.243404358625412,0.24322420358657837,0.23670190572738647,0.2567380666732788,0.2751172184944153,0.1867990493774414,-0.017861485481262207,0.44524121284484863,0.26153433322906494,0.30314481258392334,10.220943450927734,10.240259170532227,9.242976188659668,9.588763236999512,10.47736644744873,11.88327693939209,11.93950366973877,8.143671989440918,8.3841552734375,12.08851432800293
25,5129,,,,,,,,,,,,,,,,,,,,,,,,,,,,,,,,,,,,,,,,,0.3726979196071625,0.42638447880744934,0.6256706118583679,0.13736999034881592,0.33962371945381165,0.3348549008369446,0.3424614667892456,0.3090496063232422,0.34936729073524475,0.48949912190437317,6.650333881378174,5.075802803039551,9.574885368347168,4.652579307556152,6.835597515106201,8.252157211303711,7.484511375427246,4.96023416519165,5.102471351623535,7.914767742156982,,,,,,,,,,,8.341108322143555,7.228745937347412,11.396842002868652,5.152296543121338,8.338706016540527,9.377869606018066,9.575835227966309,6.556511878967285,6.7852277755737305,10.657938003540039,,,,,,,,,,,,,,,,,,,,,,,,,,,,,,,,,,,,,,,,
25,5134,,,,,,,,,,,,,,,,,,,,,,,,,,,,,,,,,,,,,,,,,0.6085422039031982,0.31518757343292236,0.8965495228767395,0.7298315763473511,0.6490788459777832,0.5257059335708618,0.3122425377368927,0.9749901294708252,0.4773175120353699,0.5959762334823608,7.74129581451416,5.146398544311523,9.294533729553223,7.182271480560303,8.281673431396484,9.119709014892578,7.4101786613464355,7.738038063049316,6.337821960449219,9.161032676696777,,,,,,,,,,,10.61021614074707,6.215081691741943,13.642651557922363,11.875890731811523,11.527851104736328,11.75025463104248,9.143590927124023,11.64551830291748,7.93098258972168,11.760117530822754,,,,,,,,,,,,,,,,,,,,,,,,,,,,,,,,,,,,,,,,
25,5139,,,,,,,,,,,,,,,,,,,,,,,,,,,,,,,,,,,,,,,,,0.24064858257770538,0.31268516182899475,0.13405439257621765,0.19248537719249725,0.13096463680267334,0.5012542009353638,0.1927880346775055,0.3671000599861145,0.17742079496383667,0.15708473324775696,5.272924900054932,5.5106353759765625,4.842461109161377,4.8590826988220215,3.7256593704223633,8.611644744873047,6.210192680358887,5.272900581359863,4.19924259185791,4.2245025634765625,,,,,,,,,,,6.602224826812744,6.190360069274902,5.275361061096191,6.098931312561035,5.178174018859863,11.473736763000488,7.1847357749938965,7.145801067352295,4.835323810577393,6.037598133087158,,,,,,,,,,,,,,,,,,,,,,,,,,,,,,,,,,,,,,,,
25,5144,,,,,,,,,,,,,,,,,,,,,,,,,,,,,,,,,,,,,,,,,0.4286949038505554,0.19867263734340668,0.35238903760910034,0.055534571409225464,0.2786952555179596,0.6130677461624146,0.6986466646194458,0.5026717185974121,0.5030674338340759,0.6555092334747314,6.6871018409729,3.870373249053955,6.899150848388672,2.929180145263672,6.682011127471924,8.31285285949707,9.890750885009766,7.139769554138184,5.756308555603027,8.70351505279541,,,,,,,,,,,8.835662841796875,4.934365749359131,8.553086280822754,3.2759451866149902,7.553781509399414,12.689079284667969,13.677274703979492,8.361822128295898,8.142099380493164,12.33350658416748,,,,,,,,,,,,,,,,,,,,,,,,,,,,,,,,,,,,,,,,
25,5149,,,,,,,,,,,,,,,,,,,,,,,,,,,,,,,,,,,,,,,,,0.771101713180542,0.39850884675979614,0.8985844850540161,0.9485565423965454,0.8201934099197388,0.6413446664810181,0.5509915351867676,1.3248053789138794,0.9516581892967224,0.4052721858024597,9.473238945007324,5.510067462921143,11.325370788574219,10.21892261505127,9.843426704406738,10.135107040405273,7.7960309982299805,13.099836349487305,9.637079238891602,7.693312644958496,,,,,,,,,,,11.860005378723145,6.988457202911377,13.658125877380371,13.538996696472168,12.958590507507324,12.978413581848145,12.146280288696289,13.574841499328613,11.198599815368652,9.697741508483887,,,,,,,,,,,,,,,,,,,,,,,,,,,,,,,,,,,,,,,,
25,5154,,,,,,,,,,,,,,,,,,,,,,,,,,,,,,,,,,,,,,,,,0.2605120539665222,0.23340894281864166,0.10775621235370636,0.29527637362480164,0.1308598518371582,0.5423847436904907,0.23456372320652008,0.30582308769226074,0.37914714217185974,0.11538853496313095,5.426243305206299,3.4923462867736816,3.7026474475860596,6.436059951782227,4.515863418579102,8.593393325805664,6.359945297241211,5.383885383605957,5.700150489807129,4.651900291442871,,,,,,,,,,,6.825953006744385,5.348364353179932,4.729691028594971,7.553865432739258,5.176102638244629,11.935196876525879,7.92503547668457,6.522196292877197,7.0684990882873535,5.174621105194092,,,,,,,,,,,,,,,,,,,,,,,,,,,,,,,,,,,,,,,,
25,5159,,,,,,,,,,,,,,,,,,,,,,,,,,,,,,,,,,,,,,,,,0.3165459632873535,0.15814077854156494,0.8667342066764832,0.37945061922073364,0.34832918643951416,0.5280675888061523,0.08347193896770477,0.09937318414449692,0.12249885499477386,0.2628474235534668,6.0176825523376465,3.175473213195801,10.919207572937012,7.578385353088379,5.642311096191406,8.24465274810791,4.350804328918457,3.236293077468872,3.6445882320404053,7.367425441741943,,,,,,,,,,,7.430458068847656,4.402346134185791,13.413886070251465,8.563130378723145,8.444901466369629,11.776619911193848,4.727603912353516,3.717862844467163,4.01780891418457,7.809964179992676,,,,,,,,,,,,,,,,,,,,,,,,,,,,,,,,,,,,,,,,
25,5164,,,,,,,,,,,,,,,,,,,,,,,,,,,,,,,,,,,,,,,,,0.36281082034111023,0.4535466432571411,0.363066166639328,0.44071388244628906,0.1612405627965927,0.4071643352508545,0.23028461635112762,0.32154208421707153,0.500694751739502,0.3870444893836975,6.70931339263916,5.659889221191406,5.665701866149902,7.758642673492432,5.295222282409668,7.923443794250488,6.757601737976074,5.362936973571777,7.396751403808594,8.563628196716309,,,,,,,,,,,8.176934242248535,7.455439567565918,8.681695938110352,9.228545188903809,5.74561882019043,10.340956687927246,7.852415084838867,6.687713146209717,8.122876167297363,9.477147102355957,,,,,,,,,,,,,,,,,,,,,,,,,,,,,,,,,,,,,,,,
25,5169,,,,,,,,,,,,,,,,,,,,,,,,,,,,,,,,,,,,,,,,,0.5074813961982727,0.20957045257091522,0.3610643446445465,0.18180237710475922,0.4089706242084503,0.6305341720581055,0.557887852191925,0.9482137560844421,1.0541359186172485,0.2151532620191574,7.383882999420166,4.344706058502197,7.200523376464844,5.201451778411865,7.266678810119629,11.192689895629883,9.450525283813477,8.22568416595459,7.894164085388184,5.678525447845459,,,,,,,,,,,9.35895824432373,5.0678911209106445,8.65772819519043,5.927269458770752,9.150518417358398,12.868565559387207,12.222055435180664,11.484493255615234,11.786139488220215,7.065959930419922,,,,,,,,,,,,,,,,,,,,,,,,,,,,,,,,,,,,,,,,
25,5174,,,,,,,,,,,,,,,,,,,,,,,,,,,,,,,,,,,,,,,,,0.38809359073638916,0.22970351576805115,0.6721255779266357,0.6422396898269653,0.1482478231191635,0.5646508932113647,0.3627670407295227,0.1765795201063156,0.024183452129364014,0.6723446846008301,6.251794815063477,4.149236679077148,8.615291595458984,8.37807846069336,4.605016708374023,8.531885147094727,7.331494331359863,4.450197219848633,1.4881852865219116,8.716768264770508,,,,,,,,,,,8.33702564239502,5.305741786956787,11.81236457824707,11.140469551086426,5.5092668533325195,12.177716255187988,9.855636596679688,4.955972194671631,1.7851818799972534,12.490884780883789,,,,,,,,,,,,,,,,,,,,,,,,,,,,,,,,,,,,,,,,
25,5179,,,,,,,,,,,,,,,,,,,,,,,,,,,,,,,,,,,,,,,,,0.3314611315727234,0.31542229652404785,0.14060735702514648,0.15645626187324524,0.16730010509490967,0.4797697961330414,0.6335194110870361,0.3556336462497711,0.36172181367874146,0.37271952629089355,6.375022888183594,5.27156400680542,4.7985124588012695,4.445301532745361,4.739933967590332,8.972522735595703,9.765938758850098,5.32910680770874,6.1956892013549805,7.856635570526123,,,,,,,,,,,7.828696250915527,6.217395305633545,5.402760028839111,5.498590469360352,5.852585792541504,11.225153923034668,13.024190902709961,7.033316135406494,6.904156684875488,9.300113677978516,,,,,,,,,,,,,,,,,,,,,,,,,,,,,,,,,,,,,,,,
25,5184,,,,,,,,,,,,,,,,,,,,,,,,,,,,,,,,,,,,,,,,,0.478576123714447,0.4652908146381378,0.21883752942085266,0.339065283536911,0.28249338269233704,0.24546219408512115,0.4556600749492645,0.3514135181903839,0.6373265981674194,1.311635971069336,7.3499321937561035,6.04487419128418,5.50668478012085,7.602158069610596,6.6982574462890625,7.189639091491699,8.497777938842773,6.724175453186035,7.155242443084717,10.730584144592285,,,,,,,,,,,9.185357093811035,7.5513482093811035,6.740196228027344,8.094621658325195,7.605079650878906,8.02912425994873,11.045650482177734,6.991460800170898,9.164406776428223,17.446321487426758,,,,,,,,,,,,,,,,,,,,,,,,,,,,,,,,,,,,,,,,
25,5189,,,,,,,,,,,,,,,,,,,,,,,,,,,,,,,,,,,,,,,,,0.5045998692512512,0.22927919030189514,0.4794415235519409,1.0662401914596558,0.5250094532966614,0.6395589709281921,0.37420862913131714,0.31874075531959534,0.3691960275173187,0.5397237539291382,7.817677974700928,4.11330509185791,7.721632480621338,10.831026077270508,8.558394432067871,10.717270851135254,8.127531051635742,5.173885822296143,6.192988872528076,8.923059463500977,,,,,,,,,,,9.75495433807373,5.300838470458984,9.976529121398926,14.354314804077148,10.367718696594238,12.960332870483398,10.00985336303711,6.658517837524414,6.975121974945068,11.191362380981445,,,,,,,,,,,,,,,,,,,,,,,,,,,,,,,,,,,,,,,,
25,5194,,,,,,,,,,,,,,,,,,,,,,,,,,,,,,,,,,,,,,,,,0.26862993836402893,0.1826782375574112,0.18970994651317596,0.11929701268672943,0.195425346493721,0.5268755555152893,0.430706262588501,0.10570739209651947,0.39335235953330994,0.27391713857650757,5.614119052886963,3.5557215213775635,5.65674352645874,3.3251302242279053,4.8807878494262695,8.414056777954102,8.149534225463867,2.934213161468506,6.492628574371338,7.118253231048584,,,,,,,,,,,7.071471691131592,4.731574535369873,6.275620937347412,4.801419734954834,6.325430393218994,11.763319969177246,10.738938331604004,3.8345234394073486,7.199695587158203,7.9727253913879395,,,,,,,,,,,,,,,,,,,,,,,,,,,,,,,,,,,,,,,,
25,5199,,,,,,,,,,,,,,,,,,,,,,,,,,,,,,,,,,,,,,,,,0.38188615441322327,0.22619640827178955,0.11812533438205719,0.34112775325775146,0.3462332487106323,0.42829376459121704,0.2855224013328552,0.42211222648620605,0.6866216063499451,0.5827427506446838,5.980533123016357,4.664139270782471,4.200721263885498,5.747224807739258,5.5417704582214355,7.986597061157227,6.246033668518066,4.901339054107666,7.2738542556762695,7.263120651245117,,,,,,,,,,,8.32320499420166,5.265081405639648,4.952029228210449,8.119203567504883,8.419454574584961,10.605881690979004,8.743613243103027,7.662539482116699,9.512223243713379,11.628819465637207,,,,,,,,,,,,,,,,,,,,,,,,,,,,,,,,,,,,,,,,
25,5204,,,,,,,,,,,,,,,,,,,,,,,,,,,,,,,,,,,,,,,,,0.4310736060142517,0.511434018611908,0.13746801018714905,0.12053334712982178,0.28661632537841797,0.7482914924621582,0.5751425623893738,1.0239717960357666,0.1599491685628891,0.3162557780742645,6.711021423339844,4.80513858795166,4.795459747314453,3.8676884174346924,5.271671295166016,11.063810348510742,9.544297218322754,8.726863861083984,4.530097961425781,7.794166564941406,,,,,,,,,,,8.585153579711914,7.916934967041016,5.342105865478516,4.826235294342041,7.660377025604248,14.018814086914062,12.409622192382812,11.934457778930664,4.591073513031006,8.566756248474121,,,,,,,,,,,,,,,,,,,,,,,,,,,,,,,,,,,,,,,,
25,5209,,,,,,,,,,,,,,,,,,,,,,,,,,,,,,,,,,,,,,,,,0.33908912539482117,0.278947651386261,0.25834837555885315,0.08991491049528122,0.1008639708161354,0.5200547575950623,0.2847878932952881,0.3150594234466553,0.9914376139640808,0.2123877853155136,5.600094318389893,5.216495990753174,5.138216972351074,3.1131250858306885,4.284897804260254,7.57080602645874,6.5728912353515625,4.553143501281738,8.12913703918457,5.822134971618652,,,,,,,,,,,7.485880374908447,5.846872806549072,7.32343053817749,4.168412685394287,4.544307231903076,11.686928749084473,8.7323579788208,6.619953632354736,11.430256843566895,7.020401954650879,,,,,,,,,,,,,,,,,,,,,,,,,,,,,,,,,,,,,,,,
25,5214,,,,,,,,,,,,,,,,,,,,,,,,,,,,,,,,,,,,,,,,,0.5631769299507141,0.46686506271362305,0.5184823870658875,0.6529839634895325,0.27577513456344604,0.35260602831840515,0.3391038775444031,0.9128313064575195,0.30402493476867676,1.245919942855835,7.71469783782959,5.200407028198242,8.387060165405273,7.780703067779541,6.0848469734191895,7.557683944702148,6.971211910247803,10.480433464050293,5.445228576660156,11.524713516235352,,,,,,,,,,,10.048858642578125,7.564112186431885,10.374773979187012,11.233268737792969,7.514103889465332,9.623228073120117,9.528777122497559,11.26818561553955,6.329623699188232,17.00365447998047,,,,,,,,,,,,,,,,,,,,,,,,,,,,,,,,,,,,,,,,
25,5219,,,,,,,,,,,,,,,,,,,,,,,,,,,,,,,,,,,,,,,,,0.21218867599964142,0.08070480078458786,0.17690615355968475,0.26797524094581604,0.11128193140029907,0.15304763615131378,0.30101242661476135,0.3059195876121521,0.2911898195743561,0.2216605246067047,4.898431777954102,2.512596607208252,5.356156826019287,5.616473197937012,4.50272274017334,5.102029323577881,6.837623119354248,5.378232002258301,4.489401340484619,4.290651798248291,,,,,,,,,,,6.264662742614746,3.14493727684021,6.060146331787109,7.196183681488037,4.773225784301758,6.339998245239258,8.97765827178955,6.5232253074646,6.194573402404785,7.172018051147461,,,,,,,,,,,,,,,,,,,,,,,,,,,,,,,,,,,,,,,,
25,5224,,,,,,,,,,,,,,,,,,,,,,,,,,,,,,,,,,,,,,,,,0.2783310115337372,0.3098614811897278,0.10980526357889175,0.279590368270874,0.0792522057890892,0.3998161256313324,0.460029661655426,0.1040337011218071,0.46319663524627686,0.29939377307891846,5.539273738861084,4.8683857917785645,3.957836627960205,5.814659118652344,3.02412486076355,8.02437686920166,8.382704734802246,2.894164800643921,6.3561577796936035,6.531052112579346,,,,,,,,,,,7.068134784698486,6.162345886230469,4.774448871612549,7.350485324859619,4.028147220611572,10.24721908569336,11.098484992980957,3.8040459156036377,7.812787055969238,8.335248947143555,,,,,,,,,,,,,,,,,,,,,,,,,,,,,,,,,,,,,,,,
25,5229,,,,,,,,,,,,,,,,,,,,,,,,,,,,,,,,,,,,,,,,,0.3379112780094147,0.3554156720638275,0.3879348635673523,0.1516464650630951,0.630791187286377,0.33734655380249023,0.2669982314109802,0.3575401306152344,0.24899648129940033,0.3045317828655243,6.254395961761475,4.761386394500732,6.860306739807129,5.0103840827941895,7.219641208648682,7.452271461486816,6.204206466674805,6.939474582672119,5.560717582702637,6.281170845031738,,,,,,,,,,,7.93403959274292,6.599796772003174,8.974102973937988,5.4134111404418945,11.364294052124023,9.412694931030273,8.455221176147461,7.052143096923828,5.728222846984863,8.406466484069824,,,,,,,,,,,,,,,,,,,,,,,,,,,,,,,,,,,,,,,,
25,5234,,,,,,,,,,,,,,,,,,,,,,,,,,,,,,,,,,,,,,,,,0.38628384470939636,0.15110880136489868,0.30336740612983704,0.5525566935539246,0.3776755928993225,0.6839961409568787,0.2352140247821808,0.48341891169548035,0.47956201434135437,0.20965498685836792,6.607084274291992,3.43634033203125,6.312033176422119,8.264188766479492,7.175785541534424,9.5792875289917,6.585377216339111,6.087194442749023,6.073503494262695,5.950046062469482,,,,,,,,,,,8.42555046081543,4.303354740142822,7.935898303985596,10.333401679992676,8.793445587158203,13.403020858764648,7.936013221740723,8.200126647949219,7.9496073722839355,6.975090026855469,,,,,,,,,,,,,,,,,,,,,,,,,,,,,,,,,,,,,,,,
25,5239,,,,,,,,,,,,,,,,,,,,,,,,,,,,,,,,,,,,,,,,,0.2874836027622223,0.22917313873767853,0.32857051491737366,0.25139695405960083,0.44159501791000366,0.18971876800060272,0.3484971523284912,0.20731860399246216,0.39196792244911194,0.19911418855190277,5.453409671783447,4.601914405822754,6.396550178527832,4.669825553894043,6.998983383178711,4.712113857269287,6.260489463806152,3.7072741985321045,6.4646315574646,5.2689056396484375,,,,,,,,,,,7.345589637756348,5.299612998962402,8.258971214294434,6.970034122467041,9.508493423461914,7.058802127838135,9.65985107421875,5.370044231414795,7.187015056610107,6.797486305236816,,,,,,,,,,,,,,,,,,,,,,,,,,,,,,,,,,,,,,,,
25,5244,,,,,,,,,,,,,,,,,,,,,,,,,,,,,,,,,,,,,,,,,0.45490381121635437,0.2594567537307739,0.3726203441619873,0.2877727448940277,0.845101535320282,0.5127796530723572,0.4355098307132721,0.7880502939224243,0.32898396253585815,0.26385897397994995,7.391075134277344,5.059950828552246,7.221190452575684,5.111710548400879,9.317403793334961,10.345470428466797,9.487354278564453,8.751916885375977,5.626009464263916,5.5986714363098145,,,,,,,,,,,9.147536277770996,5.638904571533203,8.795184135437012,7.4572672843933105,13.153887748718262,11.604896545410156,10.79865837097168,10.469734191894531,6.584315299987793,7.824978351593018,,,,,,,,,,,,,,,,,,,,,,,,,,,,,,,,,,,,,,,,
25,5249,,,,,,,,,,,,,,,,,,,,,,,,,,,,,,,,,,,,,,,,,0.42488232254981995,0.2738356292247772,0.5730029344558716,0.2585188150405884,0.4601307213306427,0.5226970911026001,0.3108207881450653,0.6599275469779968,0.46592608094215393,0.29908138513565063,6.991430759429932,4.377126216888428,8.481969833374023,6.254636764526367,8.083878517150879,9.499495506286621,7.005521774291992,8.168675422668457,5.23087215423584,5.820701599121094,,,,,,,,,,,8.895627975463867,5.793050289154053,10.906618118286133,7.0680718421936035,9.705999374389648,11.716580390930176,9.122751235961914,9.580911636352539,7.8357720375061035,8.330899238586426,,,,,,,,,,,,,,,,,,,,,,,,,,,,,,,,,,,,,,,,
25,5254,,,,,,,,,,,,,,,,,,,,,,,,,,,,,,,,,,,,,,,,,0.21955813467502594,0.316310316324234,0.07199279963970184,0.39960718154907227,0.36495092511177063,0.14705809950828552,0.2822886109352112,0.09342550486326218,0.13105976581573486,0.16933004558086395,4.881416320800781,4.058134078979492,2.8418779373168945,7.112375736236572,7.150308132171631,5.154615879058838,6.0639238357543945,2.9843571186065674,3.789669990539551,4.777482509613037,,,,,,,,,,,6.273515701293945,6.22614049911499,3.8659496307373047,8.787625312805176,8.644042015075684,6.214702606201172,8.69395637512207,3.6048855781555176,4.155832290649414,6.268507957458496,,,,,,,,,,,,,,,,,,,,,,,,,,,,,,,,,,,,,,,,
25,5259,,,,,,,,,,,,,,,,,,,,,,,,,,,,,,,,,,,,,,,,,0.5324547290802002,0.7786498069763184,0.2717752158641815,0.5606743097305298,0.4967882037162781,0.3682210445404053,0.6908178329467773,0.2718207538127899,0.6481359004974365,0.7052088975906372,7.73870849609375,6.420975685119629,6.2405266761779785,6.68250036239624,7.772546768188477,7.794070243835449,10.537497520446777,5.8146138191223145,7.4507904052734375,10.934856414794922,,,,,,,,,,,9.932430267333984,9.768623352050781,7.511325836181641,10.409029006958008,10.085217475891113,9.833998680114746,13.60042667388916,6.148936748504639,9.24179458618164,12.792519569396973,,,,,,,,,,,,,,,,,,,,,,,,,,,,,,,,,,,,,,,,
25,5264,,,,,,,,,,,,,,,,,,,,,,,,,,,,,,,,,,,,,,,,,0.3753068149089813,0.3081156015396118,0.35378628969192505,0.33649808168411255,0.4178108870983124,0.4890707731246948,0.17743809521198273,0.7247012257575989,0.14035245776176453,0.4299880564212799,6.737869739532471,4.688318729400635,6.298438549041748,6.3648223876953125,7.8708038330078125,10.005352020263672,5.4759416580200195,8.39478588104248,3.088097095489502,8.454264640808105,,,,,,,,,,,8.287092208862305,6.144960403442383,8.570026397705078,8.063919067382812,9.248888969421387,11.333439826965332,6.892776966094971,10.040103912353516,4.3006415367126465,9.989078521728516,,,,,,,,,,,,,,,,,,,,,,,,,,,,,,,,,,,,,,,,
25,5269,,,,,,,,,,,,,,,,,,,,,,,,,,,,,,,,,,,,,,,,,0.21064122021198273,0.13405518233776093,0.4301412105560303,0.15144522488117218,0.33364272117614746,0.29512664675712585,0.10769081860780716,0.17437516152858734,0.06312936544418335,0.20616459846496582,5.06805944442749,3.2284913063049316,7.166485786437988,4.314691543579102,6.93678617477417,7.615206718444824,4.167403221130371,4.202584743499756,2.3060929775238037,5.674792289733887,,,,,,,,,,,6.230838775634766,4.053256034851074,9.449682235717773,5.409818172454834,8.264954566955566,8.803999900817871,5.369824409484863,4.924940586090088,2.8842902183532715,6.916784286499023,,,,,,,,,,,,,,,,,,,,,,,,,,,,,,,,,,,,,,,,
25,5274,,,,,,,,,,,,,,,,,,,,,,,,,,,,,,,,,,,,,,,,,0.382377952337265,0.21900177001953125,0.29451364278793335,0.27762091159820557,0.5208325982093811,0.16528835892677307,0.4126316010951996,0.6343067288398743,0.7498777508735657,0.16732817888259888,6.257983684539795,4.264058589935303,6.278255939483643,6.590813636779785,7.270253658294678,4.908327579498291,8.701602935791016,6.443023681640625,7.295865535736084,4.569655418395996,,,,,,,,,,,8.146207809448242,5.1806721687316895,7.81923770904541,7.324550628662109,10.326395034790039,6.588658332824707,10.511194229125977,9.393087387084961,9.94073486328125,6.231344223022461,,,,,,,,,,,,,,,,,,,,,,,,,,,,,,,,,,,,,,,,
25,5279,,,,,,,,,,,,,,,,,,,,,,,,,,,,,,,,,,,,,,,,,0.3803289234638214,0.31146934628486633,0.25147292017936707,0.4353650212287903,0.372160404920578,0.6100876331329346,0.3703179359436035,0.3513927459716797,0.5069532990455627,0.21374103426933289,6.712093830108643,4.648960113525391,5.11714506149292,7.788228511810303,6.628557205200195,10.049334526062012,7.479018211364746,6.216611385345459,7.022403717041016,5.458585739135742,,,,,,,,,,,8.458706855773926,6.178313732147217,7.22532320022583,9.172370910644531,8.72900390625,12.65820026397705,9.957680702209473,6.9912543296813965,8.17348575592041,7.042732238769531,,,,,,,,,,,,,,,,,,,,,,,,,,,,,,,,,,,,,,,,
25,5284,,,,,,,,,,,,,,,,,,,,,,,,,,,,,,,,,,,,,,,,,0.26900434494018555,0.11045748740434647,0.3522820472717285,0.08461848646402359,0.32119667530059814,0.3208578824996948,0.2475462257862091,0.6202970743179321,0.14088095724582672,0.2229020893573761,5.648294925689697,2.969024658203125,6.980637073516846,3.5103251934051514,7.454874038696289,8.13154125213623,5.644327640533447,6.816336154937744,2.6706089973449707,6.65697717666626,,,,,,,,,,,6.943880081176758,3.6792542934417725,8.551787376403809,4.0437798500061035,8.109333992004395,9.179779052734375,8.141398429870605,9.288778305053711,4.308731555938721,7.192076206207275,,,,,,,,,,,,,,,,,,,,,,,,,,,,,,,,,,,,,,,,
25,5289,,,,,,,,,,,,,,,,,,,,,,,,,,,,,,,,,,,,,,,,,0.3779476583003998,0.2721479535102844,0.3478323519229889,0.3743216097354889,0.5529619455337524,0.44426506757736206,0.5888857245445251,0.11592596024274826,0.3620237708091736,0.34316423535346985,6.39815616607666,4.794069290161133,5.193670272827148,5.832394123077393,8.239961624145508,8.401911735534668,9.032793998718262,3.300285577774048,5.659449577331543,7.1288676261901855,,,,,,,,,,,8.513689041137695,5.775170803070068,8.497607231140137,8.505059242248535,10.640137672424316,10.801819801330566,12.557012557983398,4.015587329864502,6.90703821182251,8.923766136169434,,,,,,,,,,,,,,,,,,,,,,,,,,,,,,,,,,,,,,,,
25,5294,,,,,,,,,,,,,,,,,,,,,,,,,,,,,,,,,,,,,,,,,0.18149946630001068,0.16975149512290955,0.19711650907993317,0.13454055786132812,0.26568350195884705,0.1871708631515503,0.25340768694877625,0.1031055897474289,0.0007031005807220936,0.3220159411430359,4.836591720581055,3.830747127532959,5.091226100921631,4.186299800872803,6.454282283782959,6.175653457641602,7.215848922729492,3.284209966659546,0.2849775552749634,7.006077289581299,,,,,,,,,,,5.712961673736572,4.561094284057617,6.396953105926514,5.098959445953369,7.375338077545166,7.011242389678955,8.23721981048584,3.787039279937744,0.3043908178806305,8.644420623779297,,,,,,,,,,,,,,,,,,,,,,,,,,,,,,,,,,,,,,,,
25,5299,,,,,,,,,,,,,,,,,,,,,,,,,,,,,,,,,,,,,,,,,0.2736985385417938,0.5969489216804504,0.3613026738166809,0.0980314314365387,0.1725054383277893,0.32045263051986694,0.3436718285083771,0.27542024850845337,0.06578706204891205,0.22916671633720398,5.782271862030029,6.691367149353027,7.450072288513184,3.173704147338867,5.154696941375732,8.077543258666992,8.158156394958496,5.207221508026123,2.944363594055176,5.183323383331299,,,,,,,,,,,6.966923236846924,8.553243637084961,8.660585403442383,4.352488040924072,5.942935943603516,9.173979759216309,9.592741012573242,6.189514636993408,2.944378137588501,7.2924418449401855,,,,,,,,,,,,,,,,,,,,,,,,,,,,,,,,,,,,,,,,
25,5304,,,,,,,,,,,,,,,,,,,,,,,,,,,,,,,,,,,,,,,,,0.3661309778690338,0.2247008979320526,0.048998404294252396,0.4072314500808716,0.2629775106906891,0.39575833082199097,0.23232290148735046,0.7694041728973389,0.6649988889694214,0.2887860834598541,6.272892951965332,4.064384460449219,2.2343015670776367,6.6861348152160645,5.941492080688477,7.945038318634033,6.370575428009033,8.029385566711426,8.143898010253906,7.04082727432251,,,,,,,,,,,7.8467278480529785,5.247647762298584,3.1893532276153564,8.871060371398926,7.337682723999023,10.195085525512695,7.88709020614624,10.345130920410156,9.361248016357422,8.18625545501709,,,,,,,,,,,,,,,,,,,,,,,,,,,,,,,,,,,,,,,,
25,5309,,,,,,,,,,,,,,,,,,,,,,,,,,,,,,,,,,,,,,,,,0.5374827980995178,0.49549931287765503,0.26861754059791565,0.41698065400123596,0.42938289046287537,0.5124512910842896,0.8094491958618164,0.5939553380012512,0.8072752356529236,0.5037334561347961,7.62626314163208,7.077942848205566,5.062621116638184,7.109644412994385,7.437685966491699,8.452261924743652,9.90481185913086,7.275865077972412,8.780591011047363,7.534936904907227,,,,,,,,,,,10.016822814941406,7.792625427246094,7.467562675476074,8.9766206741333,9.376094818115234,11.601180076599121,14.721959114074707,9.089408874511719,10.314165115356445,10.811790466308594,,,,,,,,,,,,,,,,,,,,,,,,,,,,,,,,,,,,,,,,
25,5314,,,,,,,,,,,,,,,,,,,,,,,,,,,,,,,,,,,,,,,,,0.25716543197631836,0.43714654445648193,0.15146562457084656,0.12035709619522095,0.1680850237607956,0.442148357629776,0.24684099853038788,0.1571374535560608,0.3162071704864502,0.2751007080078125,5.639703273773193,5.095404624938965,4.486449241638184,4.609795093536377,4.997154235839844,8.732549667358398,6.064202785491943,4.663543701171875,5.5551629066467285,6.553063869476318,,,,,,,,,,,6.849117755889893,7.3194050788879395,5.607492923736572,4.822705268859863,5.866298198699951,10.776056289672852,8.129792213439941,4.675182819366455,6.455191135406494,7.989931106567383,,,,,,,,,,,,,,,,,,,,,,,,,,,,,,,,,,,,,,,,
25,5319,,,,,,,,,,,,,,,,,,,,,,,,,,,,,,,,,,,,,,,,,0.2600644528865814,0.1934325098991394,0.24374797940254211,0.1291624754667282,0.2146560549736023,0.192456915974617,0.635489821434021,0.042517051100730896,0.022549565881490707,0.6665675044059753,5.221144676208496,4.021186828613281,6.437683582305908,4.037734508514404,4.960145473480225,5.194248199462891,10.05597972869873,2.114133834838867,1.4277997016906738,8.741387367248535,,,,,,,,,,,6.706053256988525,4.868856906890869,7.113480567932129,4.996006965637207,6.629354476928711,7.109557628631592,13.044429779052734,2.4318697452545166,1.7238216400146484,12.437104225158691,,,,,,,,,,,,,,,,,,,,,,,,,,,,,,,,,,,,,,,,
25,5324,,,,,,,,,,,,,,,,,,,,,,,,,,,,,,,,,,,,,,,,,0.28503572940826416,0.7875412702560425,0.07233952730894089,0.30742430686950684,0.4962538480758667,0.38219311833381653,0.1672503501176834,0.07577405869960785,0.0608118437230587,0.21573294699192047,5.274696350097656,7.023342609405518,2.318821668624878,6.070194244384766,7.7721848487854,8.473270416259766,5.567697048187256,2.9583022594451904,1.948049783706665,5.3404011726379395,,,,,,,,,,,6.816736698150635,9.824239730834961,3.8752477169036865,7.707685470581055,10.079792022705078,10.01883602142334,6.6919755935668945,3.2465269565582275,2.83085298538208,7.075471878051758,,,,,,,,,,,,,,,,,,,,,,,,,,,,,,,,,,,,,,,,
25,5329,,,,,,,,,,,,,,,,,,,,,,,,,,,,,,,,,,,,,,,,,0.2727740705013275,0.08258680999279022,0.2520107328891754,0.1272517889738083,0.1384280025959015,0.4197624921798706,0.16150185465812683,0.1548760086297989,0.02634737268090248,1.092201590538025,6.109294414520264,2.8196322917938232,7.23304557800293,4.958917617797852,5.023784160614014,10.334967613220215,5.652214050292969,4.641419410705566,1.8633389472961426,12.456330299377441,,,,,,,,,,,6.688631057739258,3.1813950538635254,7.23304557800293,4.958917617797852,5.323675632476807,10.499719619750977,6.575965404510498,4.641419410705566,1.8633389472961426,15.92020320892334,,,,,,,,,,,,,,,,,,,,,,,,,,,,,,,,,,,,,,,,
25,5329,,,,,,,,,,,,,,,,,,,,,,,,,,,,,,,,,,,,,,,,,,,,,,,,,,,6.509626865386963,5.257507801055908,6.396481513977051,6.227006912231445,6.829065799713135,8.345057487487793,7.282486915588379,5.599963665008545,5.604373455047607,7.044697284698486,0.5911396145820618,0.5896222591400146,0.6240924596786499,0.6309252977371216,0.6292272806167603,0.5258808135986328,0.608329176902771,0.5855305194854736,0.5592308044433594,0.5674175024032593,8.74272632598877,7.201210975646973,8.562707901000977,8.359620094299316,9.180639266967773,11.184603691101074,9.773137092590332,7.448093414306641,7.623159885406494,9.351370811462402,0.5263473391532898,0.7720847725868225,0.40244171023368835,0.44882825016975403,0.5781908631324768,0.5039406418800354,0.5132465958595276,0.40614330768585205,0.5577349662780762,0.5545518398284912,7.673549175262451,7.303776264190674,7.1700310707092285,7.464876174926758,7.750244140625,9.12134838104248,8.677978515625,6.196083068847656,6.519883155822754,8.857723236083984,0.28044164180755615,0.3250516653060913,0.2000221610069275,0.24425578117370605,0.25918757915496826,0.2519146203994751,0.03887563943862915,0.5041066408157349,0.323042094707489,0.37751853466033936,9.949527740478516,9.670804977416992,9.46245288848877,9.668944358825684,10.591863632202148,11.39758586883545,11.601969718933105,7.699496746063232,8.027400970458984,11.425228118896484
26,5334,,,,,,,,,,,,,,,,,,,,,,,,,,,,,,,,,,,,,,,,,0.39277538657188416,0.38469964265823364,0.39818793535232544,0.10180962830781937,0.6485676169395447,0.27903440594673157,0.3435594439506531,1.0512373447418213,0.021905817091464996,0.3059764504432678,6.596121311187744,5.1827006340026855,7.350836277008057,3.212038993835449,8.490714073181152,7.628069877624512,7.358692646026611,11.357992172241211,1.5467609167099,7.23728609085083,,,,,,,,,,,8.03184700012207,6.866306304931641,9.09192180633545,4.435568809509277,11.523310661315918,8.5606107711792,9.59117317199707,12.092306137084961,1.699037790298462,8.426383018493652,,,,,,,,,,,,,,,,,,,,,,,,,,,,,,,,,,,,,,,,
26,5339,,,,,,,,,,,,,,,,,,,,,,,,,,,,,,,,,,,,,,,,,0.49073144793510437,0.18586371839046478,0.2713741064071655,0.43650999665260315,0.3059616684913635,0.240212082862854,0.17299771308898926,0.6803074479103088,1.5724047422409058,0.5509517788887024,7.062034606933594,4.134390830993652,5.888308525085449,6.376419544219971,6.946619033813477,6.767914295196533,5.039496898651123,6.73185396194458,12.444293022155762,9.22901439666748,,,,,,,,,,,8.839555740356445,4.772650241851807,7.50577974319458,9.184425354003906,7.914676666259766,7.942793846130371,6.8059844970703125,9.727725982666016,14.394794464111328,11.307172775268555,,,,,,,,,,,,,,,,,,,,,,,,,,,,,,,,,,,,,,,,
26,5344,,,,,,,,,,,,,,,,,,,,,,,,,,,,,,,,,,,,,,,,,0.6101281046867371,1.166010856628418,0.2263128012418747,0.22611463069915771,0.6712012887001038,1.4271355867385864,0.5440739989280701,0.18867751955986023,0.34201815724372864,0.6996079087257385,7.6895270347595215,6.882877826690674,6.368721961975098,5.635365962982178,8.59083080291748,13.284582138061523,8.513538360595703,4.39588737487793,5.198941230773926,10.33499526977539,,,,,,,,,,,10.349916458129883,11.954010009765625,6.854349136352539,6.610270023345947,11.722657203674316,19.360137939453125,12.069792747497559,5.122934341430664,6.713481426239014,12.741617202758789,,,,,,,,,,,,,,,,,,,,,,,,,,,,,,,,,,,,,,,,
26,5349,,,,,,,,,,,,,,,,,,,,,,,,,,,,,,,,,,,,,,,,,0.3226781487464905,0.2834421396255493,0.36518797278404236,0.17356112599372864,0.2547304332256317,0.15611524879932404,0.19873973727226257,0.24680739641189575,0.604410707950592,0.6211085915565491,5.734774112701416,4.826486587524414,6.751760959625244,4.221769332885742,5.401629447937012,4.640136241912842,5.297750473022461,4.789521217346191,7.0010247230529785,8.682891845703125,,,,,,,,,,,7.566803932189941,5.893787384033203,8.707026481628418,5.791367530822754,7.221710681915283,6.403221130371094,7.294795989990234,5.859192848205566,8.924612998962402,12.005520820617676,,,,,,,,,,,,,,,,,,,,,,,,,,,,,,,,,,,,,,,,
26,5354,,,,,,,,,,,,,,,,,,,,,,,,,,,,,,,,,,,,,,,,,0.3042464256286621,0.5260541439056396,0.053404033184051514,0.31571102142333984,0.261697381734848,0.21523313224315643,0.30237478017807007,0.6434333324432373,0.13047686219215393,0.2898331880569458,6.0976362228393555,5.759331703186035,3.1897130012512207,7.518986701965332,5.931765079498291,6.39870548248291,7.4536614418029785,8.459137916564941,3.9057579040527344,6.261666297912598,,,,,,,,,,,7.201571941375732,8.029295921325684,3.32965087890625,7.810875415802002,7.319802284240723,7.518486499786377,8.997949600219727,9.460421562194824,4.146579742431641,8.20108413696289,,,,,,,,,,,,,,,,,,,,,,,,,,,,,,,,,,,,,,,,
26,5359,,,,,,,,,,,,,,,,,,,,,,,,,,,,,,,,,,,,,,,,,0.23708827793598175,0.2525590658187866,0.296958327293396,0.16759741306304932,0.3510309159755707,0.22616514563560486,0.3227231204509735,0.2043922394514084,0.14649489521980286,0.1658734381198883,5.1498284339904785,4.71402645111084,5.458047866821289,4.688694477081299,6.136720657348633,4.629845142364502,7.265988826751709,5.015244960784912,3.794813871383667,4.645076274871826,,,,,,,,,,,6.724050045013428,5.5634446144104,7.851623058319092,5.6909990310668945,8.477587699890137,7.707059383392334,9.295780181884766,5.332010269165039,4.393741607666016,6.204197406768799,,,,,,,,,,,,,,,,,,,,,,,,,,,,,,,,,,,,,,,,
26,5364,,,,,,,,,,,,,,,,,,,,,,,,,,,,,,,,,,,,,,,,,0.4069264829158783,0.08572911471128464,0.8047497272491455,0.41403836011886597,0.743766188621521,0.19816654920578003,0.34797585010528564,0.44885820150375366,0.4214392602443695,0.19761508703231812,6.499155044555664,2.4827635288238525,8.95999526977539,7.925015926361084,8.20050048828125,5.549790859222412,7.176472187042236,6.655155181884766,6.183679580688477,5.359020233154297,,,,,,,,,,,8.493806838989258,3.241353988647461,12.925342559814453,8.944893836975098,12.340076446533203,7.214247703552246,9.652623176574707,7.901568412780762,7.45230770111084,6.771849155426025,,,,,,,,,,,,,,,,,,,,,,,,,,,,,,,,,,,,,,,,
26,5369,,,,,,,,,,,,,,,,,,,,,,,,,,,,,,,,,,,,,,,,,0.4738743007183075,0.614043653011322,0.6073116660118103,0.22906872630119324,0.4670969545841217,0.938906729221344,0.33072158694267273,0.16531600058078766,0.5794221758842468,0.3329814672470093,7.518514156341553,6.277108669281006,9.654630661010742,6.010104656219482,7.112220287322998,11.977700233459473,7.732688903808594,3.7174201011657715,8.169432640075684,7.015326499938965,,,,,,,,,,,9.308114051818848,8.674849510192871,11.228389739990234,6.653310298919678,9.779195785522461,15.703161239624023,9.410269737243652,4.795304298400879,8.738178253173828,8.790371894836426,,,,,,,,,,,,,,,,,,,,,,,,,,,,,,,,,,,,,,,,
26,5374,,,,,,,,,,,,,,,,,,,,,,,,,,,,,,,,,,,,,,,,,0.5137719511985779,0.597157895565033,0.09726672619581223,0.30334365367889404,0.7290028929710388,0.8596837520599365,0.30464959144592285,0.8756735920906067,0.5868124961853027,0.27035707235336304,7.526867389678955,6.958850383758545,3.9048497676849365,6.501280784606934,9.224076271057129,11.22727108001709,6.922693729400635,10.155377388000488,6.35085391998291,6.496554374694824,,,,,,,,,,,9.414491653442383,8.554741859436035,4.493594169616699,7.6563591957092285,12.216991424560547,15.026062965393066,9.031733512878418,11.036462783813477,8.793726921081543,7.920746326446533,,,,,,,,,,,,,,,,,,,,,,,,,,,,,,,,,,,,,,,,
26,5379,,,,,,,,,,,,,,,,,,,,,,,,,,,,,,,,,,,,,,,,,0.3497755527496338,0.25248584151268005,0.18738378584384918,0.16618382930755615,0.21989987790584564,0.292448490858078,0.16257357597351074,0.6390568614006042,0.9406507015228271,0.28729701042175293,6.043300151824951,4.477852821350098,5.0569539070129395,4.767625331878662,6.007190227508545,6.926056385040283,5.062762260437012,6.379081726074219,9.048066139221191,6.664112567901611,,,,,,,,,,,7.585013389587402,5.562637805938721,6.237027645111084,5.666948318481445,6.709839820861816,8.76396369934082,6.597748756408691,9.428192138671875,11.133647918701172,8.16512393951416,,,,,,,,,,,,,,,,,,,,,,,,,,,,,,,,,,,,,,,,
26,5384,,,,,,,,,,,,,,,,,,,,,,,,,,,,,,,,,,,,,,,,,0.43609562516212463,0.27393004298210144,0.4555007815361023,0.7031277418136597,0.36352619528770447,0.271499902009964,0.24152345955371857,0.4819100797176361,0.8400460481643677,0.2937958836555481,6.973565101623535,4.364899158477783,6.739204406738281,9.453495025634766,6.990592956542969,5.912228107452393,7.212721824645996,6.478956699371338,9.179159164428711,6.4308271408081055,,,,,,,,,,,8.805974006652832,5.79404878616333,9.724250793457031,11.656601905822754,8.627153396606445,8.444243431091309,8.041748046875,8.1873197555542,10.521430969238281,8.2569580078125,,,,,,,,,,,,,,,,,,,,,,,,,,,,,,,,,,,,,,,,
26,5389,,,,,,,,,,,,,,,,,,,,,,,,,,,,,,,,,,,,,,,,,0.3480031490325928,0.2189311981201172,0.6654030680656433,0.4457608461380005,0.27481937408447266,0.18949417769908905,0.17320358753204346,0.27349525690078735,0.2880058288574219,0.6029150485992432,6.595439434051514,4.302273750305176,9.59241008758545,7.125607967376709,6.071157455444336,6.070870399475098,5.117664813995361,5.795474052429199,5.371501922607422,9.911993026733398,,,,,,,,,,,7.970754146575928,5.179837226867676,11.753143310546875,9.28123664855957,7.501072406768799,7.054622650146484,6.810033321380615,6.1678466796875,6.160612106323242,11.828380584716797,,,,,,,,,,,,,,,,,,,,,,,,,,,,,,,,,,,,,,,,
26,5394,,,,,,,,,,,,,,,,,,,,,,,,,,,,,,,,,,,,,,,,,0.3206304609775543,0.3887477517127991,0.3375544846057892,0.2388649582862854,0.37582093477249146,0.556140124797821,0.16907085478305817,0.2639572024345398,0.23490038514137268,0.32061728835105896,5.700066566467285,5.451861381530762,5.481760025024414,4.994572639465332,6.639149188995361,8.52910327911377,5.372441291809082,3.835639238357544,4.603662967681885,6.392405033111572,,,,,,,,,,,7.76688289642334,6.902337551116943,8.37112045288086,6.7940874099731445,8.771827697753906,12.085593223571777,6.728297233581543,6.059341907501221,5.563718318939209,8.625626564025879,,,,,,,,,,,,,,,,,,,,,,,,,,,,,,,,,,,,,,,,
26,5399,,,,,,,,,,,,,,,,,,,,,,,,,,,,,,,,,,,,,,,,,0.39508888125419617,0.2087773084640503,0.2717984914779663,0.4481324851512909,0.35900062322616577,0.6820954084396362,0.2417665421962738,0.4564971923828125,0.6725910902023315,0.21514075994491577,6.758443355560303,4.041510105133057,6.180076599121094,7.084196090698242,6.082027435302734,10.651532173156738,6.110520362854004,7.05089807510376,7.826354503631592,5.798874855041504,,,,,,,,,,,8.480900764465332,5.058292388916016,7.511646747589111,9.305893898010254,8.573285102844238,13.384385108947754,8.045794486999512,7.968522071838379,9.414534568786621,7.065754413604736,,,,,,,,,,,,,,,,,,,,,,,,,,,,,,,,,,,,,,,,
26,5404,,,,,,,,,,,,,,,,,,,,,,,,,,,,,,,,,,,,,,,,,0.32782217860221863,0.3359220325946808,0.13781598210334778,0.5820409059524536,0.4285140633583069,0.7370263934135437,0.33119213581085205,0.1289271116256714,0.06610233336687088,0.20285877585411072,6.172506809234619,5.253278732299805,4.4150872230529785,7.824840545654297,7.047571182250977,11.697230339050293,6.766355514526367,4.21451473236084,2.253397226333618,6.080282688140869,,,,,,,,,,,7.67937707901001,6.416253566741943,5.348862171173096,10.605512619018555,9.36660385131836,13.912891387939453,9.416962623596191,4.2347798347473145,2.9514243602752686,6.861105918884277,,,,,,,,,,,,,,,,,,,,,,,,,,,,,,,,,,,,,,,,
26,5409,,,,,,,,,,,,,,,,,,,,,,,,,,,,,,,,,,,,,,,,,0.16590221226215363,0.13674820959568024,0.07871314883232117,0.24009215831756592,0.17721602320671082,0.12168078124523163,0.10150020569562912,0.23877105116844177,0.20907652378082275,0.18932177126407623,4.416622638702393,3.3630473613739014,3.8425190448760986,6.021240234375,5.18464469909668,4.415764808654785,4.129739284515381,3.2924981117248535,4.039886951446533,5.460261821746826,,,,,,,,,,,5.497523307800293,4.093766689300537,4.042363166809082,6.811517238616943,6.023530960083008,5.653102397918701,5.213198661804199,5.763012409210205,5.248991966247559,6.628228187561035,,,,,,,,,,,,,,,,,,,,,,,,,,,,,,,,,,,,,,,,
26,5414,,,,,,,,,,,,,,,,,,,,,,,,,,,,,,,,,,,,,,,,,0.3969411253929138,0.5700142979621887,0.2177552580833435,0.5610873103141785,0.8151036500930786,0.31510257720947266,0.37509793043136597,0.302081435918808,0.04033972695469856,0.3758881092071533,6.404427528381348,6.662833213806152,5.686147212982178,8.263179779052734,9.039660453796387,6.829200744628906,7.445302963256836,3.767178773880005,2.249086856842041,7.697256565093994,,,,,,,,,,,8.406547546386719,8.358053207397461,6.723508834838867,10.412860870361328,12.918319702148438,9.097076416015625,10.021739959716797,6.482174873352051,2.3056304454803467,9.339561462402344,,,,,,,,,,,,,,,,,,,,,,,,,,,,,,,,,,,,,,,,
26,5419,,,,,,,,,,,,,,,,,,,,,,,,,,,,,,,,,,,,,,,,,0.5029178857803345,0.6254780888557434,0.3297976851463318,0.46359163522720337,0.2262735515832901,0.8586893081665039,0.17939992249011993,1.2077208757400513,0.13892188668251038,0.496387779712677,7.1404876708984375,6.325927734375,5.704216003417969,7.392361164093018,5.0136919021606445,10.692991256713867,5.623751163482666,10.72084903717041,3.5896918773651123,9.200912475585938,,,,,,,,,,,9.24685001373291,8.755245208740234,8.274380683898926,9.465044975280762,6.806385517120361,15.01737117767334,6.930776119232178,12.961104393005371,4.27866792678833,10.73266887664795,,,,,,,,,,,,,,,,,,,,,,,,,,,,,,,,,,,,,,,,
26,5424,,,,,,,,,,,,,,,,,,,,,,,,,,,,,,,,,,,,,,,,,0.4908645451068878,0.837653398513794,0.3246559798717499,0.35723257064819336,0.515455961227417,0.999605655670166,0.32362931966781616,0.33985456824302673,0.22444695234298706,0.4952462315559387,6.712850093841553,5.117908954620361,6.586050987243652,7.19786262512207,8.315085411071777,10.285598754882812,6.9072651863098145,4.780442237854004,4.564178466796875,6.661257266998291,,,,,,,,,,,9.496577262878418,10.131982803344727,8.209626197814941,8.308648109436035,10.272955894470215,16.20280647277832,9.308821678161621,6.875516414642334,5.438513278961182,10.720320701599121,,,,,,,,,,,,,,,,,,,,,,,,,,,,,,,,,,,,,,,,
26,5429,,,,,,,,,,,,,,,,,,,,,,,,,,,,,,,,,,,,,,,,,0.6505561470985413,0.22435957193374634,0.5020064115524292,0.33088627457618713,0.3208347260951996,0.6022741198539734,0.3112015128135681,1.1925002336502075,1.2948232889175415,1.076119065284729,7.789206504821777,4.41431999206543,8.492769241333008,6.858548164367676,4.870912075042725,9.726883888244629,7.109233379364014,9.503275871276855,9.028182029724121,10.098736763000488,,,,,,,,,,,10.555882453918457,5.2436604499816895,10.208601951599121,7.996395587921143,8.10476303100586,12.576881408691406,9.128336906433105,12.879172325134277,13.062566757202148,15.802556037902832,,,,,,,,,,,,,,,,,,,,,,,,,,,,,,,,,,,,,,,,
26,5434,,,,,,,,,,,,,,,,,,,,,,,,,,,,,,,,,,,,,,,,,0.3906351923942566,0.6494701504707336,0.7553659677505493,0.1365540772676468,0.3143458962440491,0.615009605884552,0.1868021935224533,0.5031163096427917,0.1318705826997757,0.22318199276924133,6.493917942047119,7.416943550109863,9.413518905639648,4.291589736938477,6.429450988769531,9.972760200500488,5.747459411621094,6.286598205566406,3.447429656982422,5.439507007598877,,,,,,,,,,,8.235074996948242,8.921582221984863,12.522480010986328,5.136972427368164,8.022385597229004,12.709158897399902,7.0723185539245605,8.365519523620605,4.168667316436768,7.196590423583984,,,,,,,,,,,,,,,,,,,,,,,,,,,,,,,,,,,,,,,,
26,5439,,,,,,,,,,,,,,,,,,,,,,,,,,,,,,,,,,,,,,,,,0.30153000354766846,0.34130629897117615,0.6032764911651611,0.4002007842063904,0.18702714145183563,0.5354042053222656,0.203315868973732,0.04156862199306488,0.11672671139240265,0.28494372963905334,5.867186546325684,5.297730445861816,9.101706504821777,6.748337268829346,5.618009567260742,9.395004272460938,5.428276062011719,1.938082218170166,2.5012319087982178,6.776297569274902,,,,,,,,,,,7.3705925941467285,6.467469692230225,11.191024780273438,8.794150352478027,6.188023567199707,11.858145713806152,7.378302574157715,2.404592752456665,3.9220073223114014,8.131613731384277,,,,,,,,,,,,,,,,,,,,,,,,,,,,,,,,,,,,,,,,
26,5444,,,,,,,,,,,,,,,,,,,,,,,,,,,,,,,,,,,,,,,,,0.38253292441368103,0.48264506459236145,0.4991670846939087,0.3908241391181946,0.09510823339223862,0.28839388489723206,0.4546058475971222,0.4498277008533478,0.46615511178970337,0.31606927514076233,6.62023401260376,5.811975955963135,8.490198135375977,7.143869876861572,3.3801658153533936,6.771361827850342,8.478443145751953,6.54252290725708,6.0740532875061035,6.889519214630127,,,,,,,,,,,8.335747718811035,7.690882682800293,10.179692268371582,8.690516471862793,4.41274356842041,8.702998161315918,11.032864570617676,7.910097599029541,7.837697505950928,8.564230918884277,,,,,,,,,,,,,,,,,,,,,,,,,,,,,,,,,,,,,,,,
26,5449,,,,,,,,,,,,,,,,,,,,,,,,,,,,,,,,,,,,,,,,,0.3244876265525818,0.3171808421611786,0.5394130945205688,0.1314837783575058,0.40239667892456055,0.43128877878189087,0.566667914390564,0.03656906262040138,0.18482151627540588,0.31056690216064453,5.931971073150635,4.2720627784729,9.4558687210083,4.1839599609375,6.916052341461182,7.240818977355957,8.98997688293457,1.8784887790679932,3.772148847579956,6.6783623695373535,,,,,,,,,,,7.730534076690674,6.2347025871276855,10.582112312316895,5.040701389312744,9.076676368713379,10.642899513244629,12.317854881286621,2.255358934402466,4.935140609741211,8.489357948303223,,,,,,,,,,,,,,,,,,,,,,,,,,,,,,,,,,,,,,,,
26,5454,,,,,,,,,,,,,,,,,,,,,,,,,,,,,,,,,,,,,,,,,0.2940995991230011,0.11262021958827972,0.6350592970848083,0.36315974593162537,0.20678137242794037,0.4304821491241455,0.27938932180404663,0.20697541534900665,0.22404256463050842,0.18838632106781006,5.900746822357178,2.8057196140289307,8.015068054199219,7.04267692565918,5.339590549468994,8.904679298400879,6.5247297286987305,4.5928192138671875,4.787830829620361,5.093606472015381,,,,,,,,,,,7.419358253479004,3.715099334716797,11.482032775878906,8.377293586730957,6.506618499755859,10.632941246032715,8.649195671081543,5.365597724914551,5.4336113929748535,6.611833095550537,,,,,,,,,,,,,,,,,,,,,,,,,,,,,,,,,,,,,,,,
26,5459,,,,,,,,,,,,,,,,,,,,,,,,,,,,,,,,,,,,,,,,,0.32785478234291077,0.36649295687675476,0.15702557563781738,0.0561538003385067,0.23230703175067902,0.17078597843647003,0.23416292667388916,0.4944126009941101,0.6549310684204102,0.584420919418335,5.902040481567383,5.325825214385986,4.254220962524414,2.5851852893829346,5.840719223022461,5.018360614776611,6.157958030700684,6.707393646240234,7.364651679992676,9.864046096801758,,,,,,,,,,,7.382904052734375,6.70185661315918,5.709483623504639,3.294158697128296,6.896533012390137,6.6973347663879395,7.918262004852295,8.29284381866455,9.290114402770996,11.645551681518555,,,,,,,,,,,,,,,,,,,,,,,,,,,,,,,,,,,,,,,,
26,5464,,,,,,,,,,,,,,,,,,,,,,,,,,,,,,,,,,,,,,,,,0.2826232314109802,0.19746574759483337,0.06014357507228851,0.6717575192451477,0.3485269844532013,0.3136473596096039,0.31937435269355774,0.16804300248622894,0.11127351224422455,0.35337716341018677,5.569301605224609,3.498218297958374,2.592437744140625,7.435563087463379,6.598330497741699,7.500821590423584,7.616479396820068,4.237576007843018,3.7095184326171875,6.934769153594971,,,,,,,,,,,7.148534297943115,4.919355392456055,3.5335092544555664,11.393603324890137,8.447299003601074,9.076045989990234,9.247425079345703,4.834693908691406,3.8292980194091797,9.055583000183105,,,,,,,,,,,,,,,,,,,,,,,,,,,,,,,,,,,,,,,,
26,5469,,,,,,,,,,,,,,,,,,,,,,,,,,,,,,,,,,,,,,,,,0.2247258871793747,0.12665322422981262,0.48762935400009155,0.2581551671028137,0.20151524245738983,0.14248161017894745,0.11178482323884964,0.33229488134384155,0.12592637538909912,0.23609231412410736,5.219473838806152,3.132664918899536,7.717456817626953,5.787344455718994,5.253072738647461,4.763270378112793,4.520932674407959,5.828506946563721,3.5580921173095703,6.4139275550842285,,,,,,,,,,,6.372188568115234,3.939765453338623,10.061357498168945,7.063098907470703,6.423232078552246,6.117236614227295,5.470942974090576,6.798616409301758,4.0736308097839355,7.401813507080078,,,,,,,,,,,,,,,,,,,,,,,,,,,,,,,,,,,,,,,,
26,5474,,,,,,,,,,,,,,,,,,,,,,,,,,,,,,,,,,,,,,,,,0.23220528662204742,0.21926186978816986,0.15376554429531097,0.16774573922157288,0.2595403790473938,0.1924077868461609,0.19160689413547516,0.25914067029953003,0.40951719880104065,0.2368614822626114,5.245386600494385,4.524887561798096,4.0269694328308105,4.910568714141846,5.923801898956299,5.978000164031982,6.132994651794434,5.305393695831299,5.322796821594238,5.083069801330566,,,,,,,,,,,6.539099216461182,5.1837477684021,5.649905204772949,5.693517208099365,7.2895731925964355,7.1086506843566895,7.162693500518799,6.003803730010986,7.346141815185547,7.413860321044922,,,,,,,,,,,,,,,,,,,,,,,,,,,,,,,,,,,,,,,,
26,5479,,,,,,,,,,,,,,,,,,,,,,,,,,,,,,,,,,,,,,,,,0.283844530582428,0.11188219487667084,0.5345979928970337,0.27133017778396606,0.4389690160751343,0.18754491209983826,0.2969358563423157,0.28278815746307373,0.27043482661247253,0.16011756658554077,5.858512878417969,2.901843786239624,8.22547721862793,6.601840972900391,7.230614185333252,5.483095169067383,7.289639472961426,4.579140663146973,5.205399036407471,5.209563732147217,,,,,,,,,,,7.24788236618042,3.702906847000122,10.534775733947754,7.241089344024658,9.480179786682129,7.01824426651001,8.916658401489258,6.271758556365967,5.969728946685791,6.0956034660339355,,,,,,,,,,,,,,,,,,,,,,,,,,,,,,,,,,,,,,,,
26,5484,,,,,,,,,,,,,,,,,,,,,,,,,,,,,,,,,,,,,,,,,0.29329243302345276,0.11617761850357056,0.33442962169647217,0.38825514912605286,0.2610153555870056,0.48955652117729187,0.41383445262908936,0.15712802112102509,0.14691439270973206,0.33232054114341736,5.669180393218994,3.3998868465423584,6.731871128082275,5.488758087158203,5.969520568847656,7.757845401763916,7.9294939041137695,3.4131455421447754,3.670973777770996,6.66112756729126,,,,,,,,,,,7.533339023590088,3.7733187675476074,8.332283020019531,8.661905288696289,7.310257434844971,11.339065551757812,10.526503562927246,4.675042629241943,4.400028228759766,8.781643867492676,,,,,,,,,,,,,,,,,,,,,,,,,,,,,,,,,,,,,,,,
26,5489,,,,,,,,,,,,,,,,,,,,,,,,,,,,,,,,,,,,,,,,,0.38295450806617737,0.40794771909713745,0.25156939029693604,0.5173717141151428,0.3256475627422333,0.4524499177932739,0.19848205149173737,0.32791459560394287,0.6319243907928467,0.3332829177379608,6.819759845733643,5.790573596954346,5.304596424102783,8.269084930419922,6.72872257232666,8.528419494628906,5.884105205535889,5.631063938140869,8.668912887573242,6.572360038757324,,,,,,,,,,,8.369576454162598,7.070734024047852,7.22670841217041,9.998992919921875,8.165327072143555,10.90086841583252,7.290065288543701,6.753657817840576,9.125482559204102,8.794349670410156,,,,,,,,,,,,,,,,,,,,,,,,,,,,,,,,,,,,,,,,
26,5494,,,,,,,,,,,,,,,,,,,,,,,,,,,,,,,,,,,,,,,,,1.2008306980133057,1.4049072265625,0.6785112619400024,2.006716251373291,1.2151107788085938,0.9168511629104614,1.2306979894638062,1.161534309387207,1.6972664594650269,0.49588075280189514,10.428339958190918,9.041961669921875,7.7957282066345215,15.694294929504395,11.165553092956543,11.281655311584473,12.463789939880371,8.635876655578613,9.806349754333496,7.969853401184082,,,,,,,,,,,14.72433853149414,13.121578216552734,11.868345260620117,19.692363739013672,15.77275562286377,15.51762580871582,18.152923583984375,12.710854530334473,14.95541000366211,10.72718620300293,,,,,,,,,,,,,,,,,,,,,,,,,,,,,,,,,,,,,,,,
26,5499,,,,,,,,,,,,,,,,,,,,,,,,,,,,,,,,,,,,,,,,,0.3067128360271454,0.24343010783195496,0.385816365480423,0.6342712640762329,0.3847847878932953,0.29656410217285156,0.15912699699401855,0.19917412102222443,0.17829212546348572,0.27895575761795044,6.0786566734313965,4.553150653839111,6.996056079864502,9.19607925415039,7.168763637542725,6.642744541168213,4.852793216705322,4.133484840393066,4.634726524353027,6.530111312866211,,,,,,,,,,,7.540863037109375,5.461971759796143,8.949565887451172,11.071141242980957,8.875823020935059,8.82541561126709,6.527438163757324,5.263506889343262,4.847182273864746,8.045719146728516,,,,,,,,,,,,,,,,,,,,,,,,,,,,,,,,,,,,,,,,
26,5504,,,,,,,,,,,,,,,,,,,,,,,,,,,,,,,,,,,,,,,,,0.27631229162216187,0.23319822549819946,0.17473986744880676,0.13522502779960632,0.15408572554588318,0.3558635115623474,0.3183723986148834,0.26672297716140747,0.607318639755249,0.24128438532352448,5.546210289001465,4.3051910400390625,4.685249328613281,4.3818206787109375,4.648376941680908,7.554489612579346,5.932976722717285,5.180016994476318,7.151867389678955,6.075905799865723,,,,,,,,,,,7.05753231048584,5.345949649810791,6.022927761077881,5.111912250518799,5.616694927215576,9.66757583618164,9.232909202575684,6.091004848480225,8.94605541229248,7.482759475708008,,,,,,,,,,,,,,,,,,,,,,,,,,,,,,,,,,,,,,,,
26,5509,,,,,,,,,,,,,,,,,,,,,,,,,,,,,,,,,,,,,,,,,0.4271749258041382,0.7622172236442566,0.4194422662258148,0.21282446384429932,0.6924442052841187,0.16815780103206635,0.1973726898431778,0.616750180721283,0.49713727831840515,0.27822819352149963,6.900548458099365,7.431800842285156,7.498824596405029,5.499820709228516,7.597352981567383,5.920063018798828,6.278624057769775,7.291258335113525,7.567141056060791,7.020047187805176,,,,,,,,,,,8.513648986816406,9.664995193481445,9.331419944763184,6.413064956665039,11.906718254089355,6.645602703094482,7.2696638107299805,9.262184143066406,8.09396743774414,8.0352201461792,,,,,,,,,,,,,,,,,,,,,,,,,,,,,,,,,,,,,,,,
26,5514,,,,,,,,,,,,,,,,,,,,,,,,,,,,,,,,,,,,,,,,,0.6073256731033325,0.9277551174163818,0.3142186105251312,0.8574291467666626,0.8163608312606812,0.603993833065033,0.5369170904159546,0.64951491355896,0.5210001468658447,0.23874160647392273,7.963997840881348,6.377969741821289,6.612921714782715,9.179265022277832,9.663005828857422,10.34187126159668,9.353471755981445,7.403642654418945,6.638177394866943,6.105654239654541,,,,,,,,,,,10.48436164855957,10.662988662719727,8.076581954956055,12.872236251831055,12.928278923034668,12.59482479095459,11.990142822265625,9.505025863647461,8.285948753356934,7.4432268142700195,,,,,,,,,,,,,,,,,,,,,,,,,,,,,,,,,,,,,,,,
26,5519,,,,,,,,,,,,,,,,,,,,,,,,,,,,,,,,,,,,,,,,,0.4724920094013214,0.4003044366836548,0.4210713505744934,0.41880545020103455,0.6001815795898438,0.6658006310462952,0.391223669052124,0.25123631954193115,0.8088072538375854,0.2949974238872528,7.20377254486084,4.935914993286133,7.668443202972412,6.14251184463501,7.686619758605957,10.781201362609863,8.186731338500977,5.057508945465088,8.044490814208984,6.330535888671875,,,,,,,,,,,9.378091812133789,7.004183292388916,9.349523544311523,8.996240615844727,11.085134506225586,13.223546028137207,10.234894752502441,5.911530017852783,10.323948860168457,8.273824691772461,,,,,,,,,,,,,,,,,,,,,,,,,,,,,,,,,,,,,,,,
26,5524,,,,,,,,,,,,,,,,,,,,,,,,,,,,,,,,,,,,,,,,,0.29950326681137085,0.3500601649284363,0.15315091609954834,0.257705956697464,0.4023061692714691,0.5833172798156738,0.3383680284023285,0.14750103652477264,0.32522255182266235,0.13789740204811096,5.895140171051025,5.208796501159668,4.667361259460449,5.349760055541992,6.703853607177734,9.975578308105469,7.947392463684082,4.024064540863037,5.197633266448975,3.981821060180664,,,,,,,,,,,7.438875675201416,6.54988431930542,5.638602256774902,7.05695104598999,9.075655937194824,12.377367973327637,9.518433570861816,4.529562473297119,6.546566963195801,5.656857967376709,,,,,,,,,,,,,,,,,,,,,,,,,,,,,,,,,,,,,,,,
26,5529,,,,,,,,,,,,,,,,,,,,,,,,,,,,,,,,,,,,,,,,,0.5551797151565552,0.6571297645568848,0.6297276020050049,0.15751856565475464,0.9774105548858643,0.9824346303939819,0.4285643398761749,0.15555314719676971,0.786036491394043,0.22224195301532745,7.071192741394043,6.027895450592041,8.43957233428955,4.204721927642822,9.971609115600586,10.460062026977539,8.242353439331055,4.2660231590271,6.518274784088135,5.510222911834717,,,,,,,,,,,9.872992515563965,8.974037170410156,11.433732986450195,5.517225742340088,14.146145820617676,16.063037872314453,10.712203025817871,4.651554107666016,10.177580833435059,7.181418418884277,,,,,,,,,,,,,,,,,,,,,,,,,,,,,,,,,,,,,,,,
26,5534,,,,,,,,,,,,,,,,,,,,,,,,,,,,,,,,,,,,,,,,,0.47864794731140137,0.0874549150466919,1.0976009368896484,1.199825644493103,0.9549331665039062,0.8575693964958191,0.33193475008010864,0.9860806465148926,1.3952584266662598,0.16134750843048096,7.458102703094482,3.2117507457733154,11.936779022216797,10.850231170654297,10.10880184173584,11.071234703063965,6.831111431121826,8.221843719482422,9.344561576843262,6.0676116943359375,,,,,,,,,,,9.56208324432373,3.2738170623779297,15.095026969909668,15.226984977722168,13.98254108428955,15.007573127746582,9.427512168884277,11.711565971374512,13.559717178344727,6.118969917297363,,,,,,,,,,,,,,,,,,,,,,,,,,,,,,,,,,,,,,,,
26,5534,,,,,,,,,,,,,,,,,,,,,,,,,,,,,,,,,,,,,,,,,,,,,,,,,,,6.523947238922119,5.300775051116943,6.379637241363525,6.378369331359863,6.835796356201172,8.292510986328125,7.2684807777404785,5.585197925567627,5.567417144775391,7.107340335845947,0.5894824862480164,0.5885804891586304,0.6237096190452576,0.6184298396110535,0.6322081685066223,0.5304161310195923,0.607016921043396,0.5854642391204834,0.5579872131347656,0.5615296363830566,8.75987720489502,7.210345268249512,8.567069053649902,8.499954223632812,9.143658638000488,11.130980491638184,9.789494514465332,7.448688507080078,7.633908748626709,9.414794921875,0.5414209961891174,0.80198734998703,0.38603299856185913,0.467449814081192,0.5847954154014587,0.5288134217262268,0.5087184906005859,0.44542041420936584,0.5652714371681213,0.5896691679954529,7.681817054748535,7.393959999084473,7.127225399017334,7.532247543334961,7.785970687866211,9.323623657226562,8.402382850646973,6.128711223602295,6.4291863441467285,9.013041496276855,0.2714439034461975,0.2962210774421692,0.2235243320465088,0.2377830147743225,0.2645522952079773,0.21922224760055542,0.07004523277282715,0.46514958143234253,0.3194804787635803,0.3470168113708496,10.029342651367188,9.875190734863281,9.322420120239258,9.710261344909668,10.553442001342773,11.643967628479004,11.412290573120117,7.996212959289551,8.048490524291992,11.701799392700195
27,5539,,,,,,,,,,,,,,,,,,,,,,,,,,,,,,,,,,,,,,,,,0.30197975039482117,0.3879473805427551,0.5881665349006653,0.2297193706035614,0.23312275111675262,0.40341609716415405,0.23561890423297882,0.049650415778160095,0.17571960389614105,0.4144567847251892,5.904860973358154,4.950133323669434,7.9226226806640625,6.079018592834473,5.57122278213501,8.610311508178711,6.360838890075684,2.3020148277282715,4.1984429359436035,7.149143695831299,,,,,,,,,,,7.444417476654053,6.895228862762451,11.049988746643066,6.662752628326416,6.90863037109375,10.293249130249023,7.942840576171875,2.6279687881469727,4.81208610534668,9.807014465332031,,,,,,,,,,,,,,,,,,,,,,,,,,,,,,,,,,,,,,,,
27,5544,,,,,,,,,,,,,,,,,,,,,,,,,,,,,,,,,,,,,,,,,0.37434905767440796,0.23590174317359924,0.1946519911289215,0.3127760589122772,0.4720246195793152,0.19692642986774445,0.6021509766578674,0.27463215589523315,0.7473374605178833,0.33274027705192566,5.917407512664795,4.249993324279785,4.541840553283691,5.339929580688477,7.771914005279541,5.749477386474609,8.599574089050293,4.486522674560547,6.271677494049072,6.2457380294799805,,,,,,,,,,,8.235536575317383,5.376849174499512,6.356837272644043,7.774485111236572,9.830643653869629,7.191638946533203,12.697654724121094,6.1806535720825195,9.923883438110352,8.787188529968262,,,,,,,,,,,,,,,,,,,,,,,,,,,,,,,,,,,,,,,,
27,5549,,,,,,,,,,,,,,,,,,,,,,,,,,,,,,,,,,,,,,,,,0.33397942781448364,0.36768290400505066,0.37609943747520447,0.47548675537109375,0.33545318245887756,0.39437174797058105,0.27820658683776855,0.26799148321151733,0.2868724763393402,0.22365020215511322,6.589447021484375,5.268948554992676,7.798759460449219,8.695395469665527,6.472805976867676,8.501903533935547,6.284486770629883,5.484251022338867,5.225464820861816,5.573007583618164,,,,,,,,,,,7.965343952178955,6.712727069854736,8.836148262023926,9.585705757141113,8.287348747253418,10.177210807800293,8.630867958068848,6.105471611022949,6.148479461669922,7.204135417938232,,,,,,,,,,,,,,,,,,,,,,,,,,,,,,,,,,,,,,,,
27,5554,,,,,,,,,,,,,,,,,,,,,,,,,,,,,,,,,,,,,,,,,0.5421275496482849,0.6289781332015991,0.187220498919487,0.5473241209983826,0.9515236020088196,0.8298401832580566,0.6497399806976318,0.3593256175518036,0.25200438499450684,0.4731915295124054,8.080896377563477,6.0166730880737305,5.142570495605469,7.8862223625183105,11.243240356445312,12.298620223999023,11.44575309753418,5.748002052307129,4.260705947875977,8.686275482177734,,,,,,,,,,,10.057788848876953,8.779706954956055,6.234309196472168,10.284358024597168,13.95755672454834,14.762948036193848,13.189872741699219,7.069729804992676,5.762717247009277,10.478899955749512,,,,,,,,,,,,,,,,,,,,,,,,,,,,,,,,,,,,,,,,
27,5559,,,,,,,,,,,,,,,,,,,,,,,,,,,,,,,,,,,,,,,,,0.2481556534767151,0.4299936890602112,0.13537712395191193,0.1203387975692749,0.2976759374141693,0.1516001671552658,0.12366494536399841,0.3102341294288635,0.32862308621406555,0.33589300513267517,5.145946025848389,5.5592942237854,4.131857872009277,4.046514511108398,5.6235880851745605,4.3605499267578125,4.749664306640625,5.36740255355835,6.0360846519470215,6.438560962677002,,,,,,,,,,,6.581385135650635,7.259275913238525,5.301323413848877,4.822338581085205,7.806772708892822,6.3099470138549805,5.754321575164795,6.569064140319824,6.580703258514404,8.828719139099121,,,,,,,,,,,,,,,,,,,,,,,,,,,,,,,,,,,,,,,,
27,5564,,,,,,,,,,,,,,,,,,,,,,,,,,,,,,,,,,,,,,,,,0.34470224380493164,0.21375639736652374,0.4240705072879791,0.25662392377853394,0.591840386390686,0.35852280259132385,0.40814799070358276,0.08470126986503601,0.5179578065872192,0.2466992288827896,6.39110803604126,3.999873161315918,6.31243896484375,6.7918877601623535,8.9110689163208,7.336616039276123,9.669498443603516,3.1995205879211426,5.725475788116455,5.573593616485596,,,,,,,,,,,7.996550559997559,5.1182541847229,9.38276195526123,7.042120456695557,11.007835388183594,9.703630447387695,10.453930854797363,3.432445526123047,8.26171875,7.566257476806641,,,,,,,,,,,,,,,,,,,,,,,,,,,,,,,,,,,,,,,,
27,5569,,,,,,,,,,,,,,,,,,,,,,,,,,,,,,,,,,,,,,,,,0.3295433223247528,0.1401473730802536,0.4273378551006317,0.6146371364593506,0.19455596804618835,0.27627748250961304,0.2562842071056366,0.4390142560005188,0.13200637698173523,0.4856294095516205,6.025331974029541,3.5596261024475098,6.756198883056641,8.30886459350586,4.872230052947998,6.818082332611084,5.732541084289551,7.165212154388428,3.7339441776275635,7.281289100646973,,,,,,,,,,,7.797332763671875,4.144333839416504,9.418837547302246,10.898439407348633,6.311344623565674,8.51821517944336,8.283841133117676,7.814443111419678,4.170812606811523,10.61572551727295,,,,,,,,,,,,,,,,,,,,,,,,,,,,,,,,,,,,,,,,
27,5574,,,,,,,,,,,,,,,,,,,,,,,,,,,,,,,,,,,,,,,,,0.39352789521217346,0.6375110149383545,0.24353371560573578,0.45494285225868225,0.36163294315338135,0.47291994094848633,0.5423498749732971,0.0747038871049881,0.4851131737232208,0.2690436840057373,6.605077266693115,6.3736467361450195,5.588222980499268,7.17354154586792,6.907439708709717,9.741438865661621,8.86299991607666,2.7824389934539795,5.6579909324646,6.357973575592041,,,,,,,,,,,8.471809387207031,8.83906078338623,7.110353469848633,9.376338958740234,8.604658126831055,11.144733428955078,12.050652503967285,3.223519802093506,7.995484352111816,7.901483058929443,,,,,,,,,,,,,,,,,,,,,,,,,,,,,,,,,,,,,,,,
27,5579,,,,,,,,,,,,,,,,,,,,,,,,,,,,,,,,,,,,,,,,,0.3426774740219116,0.429665744304657,0.5687423944473267,0.36611315608024597,0.203523188829422,0.1469317525625229,0.3124121427536011,0.20880341529846191,0.2554990351200104,0.5924063324928284,6.138742446899414,5.013033390045166,8.511933326721191,5.787142276763916,5.018137454986572,5.122233867645264,6.588647365570068,4.494940757751465,5.758358001708984,8.95425796508789,,,,,,,,,,,7.918185710906982,7.25650691986084,10.86599349975586,8.41128921508789,6.455153465270996,6.212031841278076,9.146074295043945,5.389240264892578,5.802536964416504,11.72484302520752,,,,,,,,,,,,,,,,,,,,,,,,,,,,,,,,,,,,,,,,
27,5584,,,,,,,,,,,,,,,,,,,,,,,,,,,,,,,,,,,,,,,,,0.22895529866218567,0.46383827924728394,0.177659809589386,0.16408905386924744,0.18180681765079498,0.25037556886672974,0.18283960223197937,0.21514205634593964,0.18942265212535858,0.23542392253875732,5.008510112762451,5.859987258911133,5.462724208831787,4.709583759307861,4.543696880340576,6.259872913360596,4.861826419830322,4.270883560180664,3.1777055263519287,5.930309772491455,,,,,,,,,,,6.478744983673096,7.539552688598633,6.073041915893555,5.631119251251221,6.1010518074035645,8.109085083007812,6.996903896331787,5.470428943634033,4.9961934089660645,7.39132833480835,,,,,,,,,,,,,,,,,,,,,,,,,,,,,,,,,,,,,,,,
27,5589,,,,,,,,,,,,,,,,,,,,,,,,,,,,,,,,,,,,,,,,,0.2900240421295166,0.6203923225402832,0.05270962417125702,0.17382079362869263,0.3714730441570282,0.15861807763576508,0.20032435655593872,0.34799644351005554,0.2856900990009308,0.39919161796569824,5.50735330581665,6.044689655303955,2.5093562602996826,4.468818664550781,7.252532958984375,5.285423278808594,6.039069652557373,5.273923873901367,4.566818714141846,8.125542640686035,,,,,,,,,,,7.004467964172363,8.71957778930664,3.3079323768615723,5.795698165893555,8.720939636230469,6.454345703125,7.323819637298584,6.957386493682861,6.135796070098877,9.624714851379395,,,,,,,,,,,,,,,,,,,,,,,,,,,,,,,,,,,,,,,,
27,5594,,,,,,,,,,,,,,,,,,,,,,,,,,,,,,,,,,,,,,,,,0.25720229744911194,0.21954673528671265,0.18448182940483093,0.34956690669059753,0.4549853503704071,0.19937831163406372,0.3369036614894867,0.036242034286260605,0.2465992271900177,0.2871165871620178,5.52630615234375,4.139925956726074,4.994918346405029,6.137670040130615,7.667690753936768,6.250946044921875,7.350581169128418,1.8942941427230835,4.899349212646484,6.4013800621032715,,,,,,,,,,,6.898748874664307,5.187113285064697,6.188543796539307,8.219019889831543,9.651578903198242,7.236270427703857,9.497814178466797,2.245251417160034,5.7005815505981445,8.162559509277344,,,,,,,,,,,,,,,,,,,,,,,,,,,,,,,,,,,,,,,,
27,5599,,,,,,,,,,,,,,,,,,,,,,,,,,,,,,,,,,,,,,,,,0.2966994345188141,0.28193551301956177,0.2756030261516571,0.18487362563610077,0.5326899290084839,0.46527600288391113,0.149079367518425,0.13734349608421326,0.15846815705299377,0.48502588272094727,5.5064377784729,4.664664268493652,5.502763748168945,4.168929100036621,7.394159317016602,8.36701774597168,4.702753067016602,3.759462833404541,3.557675361633301,7.440511703491211,,,,,,,,,,,7.420506954193115,5.878103256225586,7.564037322998047,5.977125644683838,10.443279266357422,11.054299354553223,6.317998886108398,4.370818614959717,4.569769859313965,10.609127044677734,,,,,,,,,,,,,,,,,,,,,,,,,,,,,,,,,,,,,,,,
27,5604,,,,,,,,,,,,,,,,,,,,,,,,,,,,,,,,,,,,,,,,,0.44120335578918457,0.2914884090423584,0.1990848183631897,0.17836907505989075,0.3942459225654602,0.8327852487564087,0.20266734063625336,0.23514045774936676,0.5941416621208191,1.0429073572158813,6.967319965362549,5.16825008392334,5.036070346832275,5.092038631439209,7.985036849975586,10.426223754882812,5.277276992797852,4.98245096206665,7.820216178894043,10.918313980102539,,,,,,,,,,,8.83788013458252,5.976858139038086,6.428811550140381,5.871034145355225,8.984278678894043,14.7891206741333,7.366524696350098,5.719030380249023,8.848472595214844,15.556793212890625,,,,,,,,,,,,,,,,,,,,,,,,,,,,,,,,,,,,,,,,
27,5609,,,,,,,,,,,,,,,,,,,,,,,,,,,,,,,,,,,,,,,,,0.31630101799964905,0.23739537596702576,0.5576062798500061,0.43169718980789185,0.23804837465286255,0.21461348235607147,0.14002473652362823,0.32368773221969604,0.44832801818847656,0.2553078830242157,6.024171829223633,4.372023105621338,9.562043190002441,8.093273162841797,4.569027423858643,5.613503932952881,4.801246643066406,5.188955783843994,6.413404941558838,5.604068279266357,,,,,,,,,,,7.554678440093994,5.393844127655029,10.759088516235352,9.13365364074707,6.981235504150391,7.507656574249268,6.1231255531311035,6.709989547729492,7.6863694190979,7.697138786315918,,,,,,,,,,,,,,,,,,,,,,,,,,,,,,,,,,,,,,,,
27,5614,,,,,,,,,,,,,,,,,,,,,,,,,,,,,,,,,,,,,,,,,0.30820485949516296,0.32636120915412903,0.2946629822254181,0.3949703872203827,0.057725679129362106,0.2668606638908386,0.17138472199440002,0.5426040887832642,0.2483517825603485,0.47092223167419434,5.959288120269775,4.983891487121582,6.415231704711914,8.098302841186523,2.2728819847106934,6.877706527709961,5.70149564743042,7.173462867736816,4.5672221183776855,7.543395519256592,,,,,,,,,,,7.369772434234619,6.324286937713623,7.821219444274902,8.736493110656738,3.437828302383423,8.371787071228027,6.774181365966797,8.687609672546387,5.7208027839660645,10.453742980957031,,,,,,,,,,,,,,,,,,,,,,,,,,,,,,,,,,,,,,,,
27,5619,,,,,,,,,,,,,,,,,,,,,,,,,,,,,,,,,,,,,,,,,0.5236372947692871,0.587466835975647,0.4665176272392273,0.36026057600975037,0.5218865275382996,0.945158064365387,0.5018923878669739,0.273953378200531,0.23853115737438202,0.8170690536499023,7.668306350708008,6.715031623840332,7.566281795501709,6.912386417388916,7.503746509552002,13.073946952819824,9.286012649536133,5.055117607116699,4.036700248718262,8.865528106689453,,,,,,,,,,,9.98932933807373,8.485040664672852,9.841145515441895,8.343788146972656,10.336836814880371,15.755351066589355,11.592473030090332,6.17301082611084,5.606551647186279,13.769767761230469,,,,,,,,,,,,,,,,,,,,,,,,,,,,,,,,,,,,,,,,
27,5624,,,,,,,,,,,,,,,,,,,,,,,,,,,,,,,,,,,,,,,,,0.31793466210365295,0.2370218187570572,0.24408048391342163,0.029279787093400955,0.46526890993118286,0.30318769812583923,0.3199777901172638,0.33031508326530457,0.3409803509712219,0.5913000702857971,5.708681583404541,5.037501335144043,5.7547125816345215,2.011451482772827,7.200399398803711,5.890783309936523,7.341780662536621,5.256799697875977,5.052937984466553,7.831767559051514,,,,,,,,,,,7.557973384857178,5.389598846435547,7.118330478668213,2.378695487976074,9.760041236877441,8.92342758178711,9.256156921386719,6.77833366394043,6.703289031982422,11.71389102935791,,,,,,,,,,,,,,,,,,,,,,,,,,,,,,,,,,,,,,,,
27,5629,,,,,,,,,,,,,,,,,,,,,,,,,,,,,,,,,,,,,,,,,0.33781683444976807,0.2673168182373047,0.34490230679512024,0.5091498494148254,0.3437139093875885,0.37150466442108154,0.44721969962120056,0.07494977116584778,0.09149237722158432,0.5901021361351013,6.341673374176025,4.84250545501709,6.302735328674316,7.072502136230469,6.475121021270752,7.538569927215576,9.017864227294922,2.8639278411865234,3.197530746459961,9.764305114746094,,,,,,,,,,,7.968573570251465,5.72368049621582,8.461740493774414,9.91922378540039,8.388769149780273,9.8777494430542,10.94287109375,3.228820323944092,3.472287893295288,11.702019691467285,,,,,,,,,,,,,,,,,,,,,,,,,,,,,,,,,,,,,,,,
27,5634,,,,,,,,,,,,,,,,,,,,,,,,,,,,,,,,,,,,,,,,,0.8089343309402466,0.2780802845954895,0.3420855402946472,2.328303337097168,0.2514112591743469,0.2435697615146637,0.36819568276405334,0.08285504579544067,3.2272582054138184,0.1586494743824005,7.46816349029541,5.011660099029541,7.585913181304932,12.780659675598145,5.9439826011657715,7.207633018493652,7.846665382385254,3.118539333343506,12.757428169250488,4.960990905761719,,,,,,,,,,,10.07368278503418,5.837774753570557,8.427117347717285,21.211660385131836,7.174506187438965,7.99811315536499,9.929106712341309,3.394832134246826,20.62244415283203,6.067594051361084,,,,,,,,,,,,,,,,,,,,,,,,,,,,,,,,,,,,,,,,
27,5639,,,,,,,,,,,,,,,,,,,,,,,,,,,,,,,,,,,,,,,,,0.7033108472824097,0.8769567608833313,0.354932963848114,1.0332297086715698,0.5010291934013367,0.38183340430259705,0.25383907556533813,0.8375046849250793,1.3140720129013062,0.7763997912406921,8.21580982208252,7.052340030670166,7.241421699523926,10.5975923538208,8.251809120178223,8.311775207519531,6.364571571350098,9.161625862121582,8.517422676086426,8.443732261657715,,,,,,,,,,,10.982556343078613,10.366958618164062,8.583903312683105,14.130363464355469,10.128173828125,10.014121055603027,8.244227409362793,10.793252944946289,13.159302711486816,13.422699928283691,,,,,,,,,,,,,,,,,,,,,,,,,,,,,,,,,,,,,,,,
27,5644,,,,,,,,,,,,,,,,,,,,,,,,,,,,,,,,,,,,,,,,,0.5877203345298767,0.9659082293510437,0.09753947705030441,0.43564948439598083,0.36528196930885315,0.2999822795391083,0.2109607756137848,0.7938656210899353,1.7876700162887573,0.3326253294944763,7.259097576141357,8.376362800598145,3.8140366077423096,5.27345609664917,7.98065710067749,7.188206195831299,6.160597801208496,9.136738777160645,10.20577621459961,7.196042537689209,,,,,,,,,,,9.359736442565918,10.880033493041992,4.499889850616455,9.175368309020996,8.647961616516113,8.876130104064941,7.515738487243652,10.508294105529785,15.348535537719727,8.785670280456543,,,,,,,,,,,,,,,,,,,,,,,,,,,,,,,,,,,,,,,,
27,5649,,,,,,,,,,,,,,,,,,,,,,,,,,,,,,,,,,,,,,,,,0.3400264382362366,0.3131440579891205,0.6608099937438965,0.1248563900589943,0.3264351785182953,0.21960771083831787,0.1857384443283081,0.4427158832550049,0.6214139461517334,0.16551631689071655,5.862158298492432,5.137889385223389,8.996745109558105,3.750814199447632,6.3053107261657715,5.6530232429504395,5.711539268493652,5.663524150848389,6.9089813232421875,4.631596565246582,,,,,,,,,,,7.637266635894775,6.1949005126953125,11.712510108947754,4.912021636962891,8.17519474029541,7.594507694244385,7.052152156829834,7.847318172454834,9.049275398254395,6.197515487670898,,,,,,,,,,,,,,,,,,,,,,,,,,,,,,,,,,,,,,,,
27,5654,,,,,,,,,,,,,,,,,,,,,,,,,,,,,,,,,,,,,,,,,0.30708086490631104,0.29871973395347595,0.2486284077167511,0.7191905975341797,0.1052795797586441,0.10783087462186813,0.1909259706735611,0.43706828355789185,0.42273950576782227,0.23334458470344543,5.595793724060059,4.613680362701416,5.300618648529053,9.218994140625,3.636732578277588,4.4593329429626465,5.830255508422852,5.817002773284912,5.586455821990967,5.899072170257568,,,,,,,,,,,7.195303440093994,6.050540924072266,7.184342384338379,11.788997650146484,4.642711639404297,5.321663856506348,7.149954795837402,7.797104835510254,7.463794708251953,7.358614921569824,,,,,,,,,,,,,,,,,,,,,,,,,,,,,,,,,,,,,,,,
27,5659,,,,,,,,,,,,,,,,,,,,,,,,,,,,,,,,,,,,,,,,,0.2618532180786133,0.2937333881855011,0.021523574367165565,0.17684927582740784,0.42842090129852295,0.45622581243515015,0.44179975986480713,0.0676565021276474,0.2594408690929413,0.2110287845134735,5.106836318969727,4.8706865310668945,1.7141135931015015,4.391290664672852,7.043503284454346,7.471676826477051,7.604177474975586,2.6838295459747314,5.087042331695557,5.095202445983887,,,,,,,,,,,6.784506797790527,5.99983024597168,2.1138241291046143,5.845969200134277,9.365586280822754,10.946261405944824,10.876358032226562,3.067704200744629,5.847126007080078,6.997905731201172,,,,,,,,,,,,,,,,,,,,,,,,,,,,,,,,,,,,,,,,
27,5664,,,,,,,,,,,,,,,,,,,,,,,,,,,,,,,,,,,,,,,,,0.47016802430152893,0.5798668265342712,0.42329609394073486,0.5469791889190674,0.36440178751945496,0.4229991137981415,0.22815057635307312,0.40450844168663025,0.9653357863426208,0.2959742248058319,7.548694133758545,5.661418437957764,7.847195148468018,8.717474937438965,6.8085527420043945,8.613791465759277,6.328680515289307,6.745317459106445,11.244818687438965,5.970995903015137,,,,,,,,,,,9.127361297607422,8.429977416992188,9.374190330505371,10.281116485595703,8.63753604888916,10.540121078491211,7.815946102142334,7.501058101654053,11.278790473937988,8.287511825561523,,,,,,,,,,,,,,,,,,,,,,,,,,,,,,,,,,,,,,,,
27,5669,,,,,,,,,,,,,,,,,,,,,,,,,,,,,,,,,,,,,,,,,0.4248022139072418,0.812844455242157,0.39665067195892334,0.39895886182785034,0.2141299694776535,0.477139949798584,0.5118621587753296,0.3032322824001312,0.3163647949695587,0.3920367658138275,7.084707260131836,7.808558940887451,7.4737467765808105,7.649942874908447,5.428431987762451,8.484068870544434,8.50230884552002,6.266574382781982,4.942951202392578,7.205780029296875,,,,,,,,,,,8.871962547302246,9.980814933776855,9.074356079101562,8.78049373626709,6.621225357055664,11.19434642791748,11.707045555114746,6.494510173797607,6.45680046081543,9.538071632385254,,,,,,,,,,,,,,,,,,,,,,,,,,,,,,,,,,,,,,,,
27,5674,,,,,,,,,,,,,,,,,,,,,,,,,,,,,,,,,,,,,,,,,0.39182329177856445,0.3459251821041107,0.2993805408477783,0.31841784715652466,0.1719762682914734,0.3926433324813843,0.14483313262462616,0.2751944959163666,1.3772159814834595,0.2008228749036789,6.07700777053833,5.361790180206299,6.426181793212891,5.953623294830322,4.990840435028076,8.280828475952148,4.377723217010498,4.203592777252197,9.152408599853516,5.946082592010498,,,,,,,,,,,7.89337158203125,6.511085033416748,7.883579254150391,7.8442888259887695,5.93381404876709,10.15488338470459,6.227370738983154,6.186978340148926,13.471759796142578,6.826590061187744,,,,,,,,,,,,,,,,,,,,,,,,,,,,,,,,,,,,,,,,
27,5679,,,,,,,,,,,,,,,,,,,,,,,,,,,,,,,,,,,,,,,,,0.22660072147846222,0.1855616718530655,0.10902117937803268,0.18042711913585663,0.28565919399261475,0.34882235527038574,0.24692846834659576,0.21292027831077576,0.22128185629844666,0.24878446757793427,4.999234676361084,3.812375783920288,3.796818733215332,4.33778190612793,5.503431797027588,6.920027256011963,6.563195705413818,4.1322503089904785,4.353659629821777,5.573571681976318,,,,,,,,,,,6.580168724060059,4.76876974105835,4.75737190246582,5.904808044433594,7.647574424743652,9.571455955505371,8.131232261657715,5.442108631134033,5.400030136108398,7.598166465759277,,,,,,,,,,,,,,,,,,,,,,,,,,,,,,,,,,,,,,,,
27,5684,,,,,,,,,,,,,,,,,,,,,,,,,,,,,,,,,,,,,,,,,0.1895011067390442,0.23626239597797394,0.19650301337242126,0.08908100426197052,0.23552605509757996,0.262753427028656,0.1229177936911583,0.12135090678930283,0.15933051705360413,0.2817847728729248,4.745320796966553,4.526741981506348,4.624725341796875,3.5953638553619385,5.8164496421813965,6.4214677810668945,4.357273578643799,3.3037185668945312,4.303305625915527,5.758838176727295,,,,,,,,,,,5.96469259262085,5.380958080291748,6.386990547180176,4.149037837982178,6.944150447845459,8.307111740112305,5.736911296844482,4.108470916748047,4.582186698913574,8.086413383483887,,,,,,,,,,,,,,,,,,,,,,,,,,,,,,,,,,,,,,,,
27,5689,,,,,,,,,,,,,,,,,,,,,,,,,,,,,,,,,,,,,,,,,0.5919626355171204,0.1690731793642044,0.32313549518585205,0.566602885723114,1.0591386556625366,0.5582004189491272,0.5437968969345093,0.4699045717716217,1.2725461721420288,0.3652653694152832,7.839934349060059,4.022382736206055,6.460664749145508,7.947895050048828,9.830427169799805,9.462031364440918,9.942130088806152,6.83736515045166,10.158243179321289,5.898272514343262,,,,,,,,,,,10.260855674743652,4.551972389221191,8.19037914276123,10.463916778564453,14.725703239440918,12.10795783996582,12.066719055175781,8.08469295501709,12.949710845947266,9.206645965576172,,,,,,,,,,,,,,,,,,,,,,,,,,,,,,,,,,,,,,,,
27,5694,,,,,,,,,,,,,,,,,,,,,,,,,,,,,,,,,,,,,,,,,1.0108457803726196,0.2957981526851654,0.9836762547492981,1.9789972305297852,1.038520336151123,1.0247997045516968,0.9836149215698242,1.4588477611541748,0.9255104064941406,0.40784838795661926,8.893656730651855,4.36754846572876,9.085287094116211,12.98346996307373,9.948177337646484,10.641047477722168,10.545686721801758,9.888092994689941,6.125053405761719,6.458549976348877,,,,,,,,,,,13.566696166992188,6.020880222320557,14.290183067321777,19.555885314941406,14.581666946411133,16.405723571777344,16.228687286376953,14.245040893554688,11.043683052062988,9.728515625,,,,,,,,,,,,,,,,,,,,,,,,,,,,,,,,,,,,,,,,
27,5699,,,,,,,,,,,,,,,,,,,,,,,,,,,,,,,,,,,,,,,,,0.35002291202545166,0.41388529539108276,0.1536702662706375,0.43916618824005127,0.30937811732292175,0.42510560154914856,0.2828584313392639,0.3824809491634369,0.12509994208812714,0.6185612082481384,6.046744346618652,5.455312728881836,3.9307079315185547,6.051929473876953,6.165238857269287,9.086081504821777,6.3272318840026855,5.276307582855225,3.693164110183716,8.434724807739258,,,,,,,,,,,8.060596466064453,7.122004985809326,5.648155212402344,9.212327003479004,7.958742141723633,10.566332817077637,8.702726364135742,7.29396390914917,4.060241222381592,11.980875015258789,,,,,,,,,,,,,,,,,,,,,,,,,,,,,,,,,,,,,,,,
27,5704,,,,,,,,,,,,,,,,,,,,,,,,,,,,,,,,,,,,,,,,,0.3257603943347931,0.3974578380584717,0.30963316559791565,0.34133633971214294,0.274422287940979,0.21536128222942352,0.2273869812488556,0.4394751191139221,0.11905859410762787,0.6077118515968323,6.211297035217285,5.9029998779296875,6.755600929260254,6.371007442474365,5.453110694885254,6.096370220184326,6.276325225830078,6.277133464813232,2.999859094619751,9.76926326751709,,,,,,,,,,,7.732494831085205,6.9792351722717285,8.017434120178223,8.121685028076172,7.495650291442871,7.520724296569824,7.802855968475342,7.818542957305908,3.960989475250244,11.87533950805664,,,,,,,,,,,,,,,,,,,,,,,,,,,,,,,,,,,,,,,,
27,5709,,,,,,,,,,,,,,,,,,,,,,,,,,,,,,,,,,,,,,,,,0.31206178665161133,0.4644942283630371,0.13688509166240692,0.13764901459217072,0.38553014397621155,0.4711868464946747,0.402846097946167,0.1241212710738182,0.27823176980018616,0.4076116681098938,6.129188537597656,5.921112060546875,3.9725372791290283,4.513457775115967,7.425057888031006,9.257354736328125,7.601590156555176,3.692446708679199,4.852889537811279,7.92625093460083,,,,,,,,,,,7.5959625244140625,7.544881820678711,5.3307671546936035,5.157526016235352,8.884414672851562,11.124293327331543,10.385809898376465,4.1551032066345215,6.055174350738525,9.725691795349121,,,,,,,,,,,,,,,,,,,,,,,,,,,,,,,,,,,,,,,,
27,5714,,,,,,,,,,,,,,,,,,,,,,,,,,,,,,,,,,,,,,,,,0.4720001220703125,0.6824137568473816,0.2843974232673645,0.36998170614242554,0.4735255539417267,1.032923698425293,0.31455281376838684,0.4807935953140259,0.4239440858364105,0.18546830117702484,7.66637659072876,6.848262310028076,5.896345615386963,7.181479454040527,8.363754272460938,14.428000450134277,8.373239517211914,6.00932502746582,6.140692710876465,5.75629186630249,,,,,,,,,,,9.221261024475098,9.145051002502441,7.683772087097168,8.455611228942871,9.846261024475098,16.47062110900879,9.177356719970703,8.17782974243164,7.474421977996826,6.560426235198975,,,,,,,,,,,,,,,,,,,,,,,,,,,,,,,,,,,,,,,,
27,5719,,,,,,,,,,,,,,,,,,,,,,,,,,,,,,,,,,,,,,,,,0.3444880545139313,0.3303808569908142,0.13767188787460327,0.16461706161499023,0.7257749438285828,0.29573842883110046,0.5347897410392761,0.33640405535697937,0.2898804247379303,0.28513503074645996,6.259702205657959,5.0289106369018555,4.767297744750977,4.747446060180664,8.478754043579102,7.234843730926514,8.859938621520996,5.789093017578125,5.601248264312744,5.829785346984863,,,,,,,,,,,7.941583633422852,6.363113880157471,5.346065044403076,5.640172004699707,12.189912796020508,8.81312084197998,11.966365814208984,6.8405232429504395,6.180630207061768,8.134343147277832,,,,,,,,,,,,,,,,,,,,,,,,,,,,,,,,,,,,,,,,
27,5724,,,,,,,,,,,,,,,,,,,,,,,,,,,,,,,,,,,,,,,,,0.39042726159095764,0.37284260988235474,0.17696456611156464,0.7755194902420044,0.09404882788658142,0.6676324605941772,0.23165646195411682,0.42594730854034424,0.3874495029449463,0.3817838132381439,6.594077110290527,5.669794082641602,4.739962577819824,9.436378479003906,3.6224048137664795,10.216821670532227,5.67156982421875,6.293997764587402,5.891835689544678,7.8039326667785645,,,,,,,,,,,8.313737869262695,6.7596635818481445,6.061147212982178,12.241969108581543,4.388098239898682,13.24172592163086,7.87576961517334,7.697268962860107,7.145471096038818,9.412521362304688,,,,,,,,,,,,,,,,,,,,,,,,,,,,,,,,,,,,,,,,
27,5729,,,,,,,,,,,,,,,,,,,,,,,,,,,,,,,,,,,,,,,,,0.2584471106529236,0.28993430733680725,0.17791514098644257,0.31845253705978394,0.2897458076477051,0.3291891813278198,0.3122767210006714,0.08280724287033081,0.3285996913909912,0.19710341095924377,5.428849220275879,4.294304370880127,4.168391227722168,7.015993595123291,5.765309810638428,7.845279216766357,6.156983375549316,3.0792675018310547,4.952951908111572,5.5811614990234375,,,,,,,,,,,6.973865985870361,5.960903167724609,6.077404022216797,7.844716548919678,7.702084064483643,9.298194885253906,9.144092559814453,3.3938519954681396,6.580468654632568,6.763076305389404,,,,,,,,,,,,,,,,,,,,,,,,,,,,,,,,,,,,,,,,
27,5734,,,,,,,,,,,,,,,,,,,,,,,,,,,,,,,,,,,,,,,,,0.9596021771430969,0.7083718776702881,0.5332567095756531,1.1493122577667236,1.016422152519226,0.5527212023735046,0.7707682847976685,0.9190725684165955,2.040983200073242,0.9455109238624573,10.384203910827637,7.309426784515381,9.158281326293945,12.140380859375,11.053637504577637,9.295456886291504,10.937284469604492,9.059337615966797,13.612902641296387,10.89112377166748,,,,,,,,,,,13.122342109680176,9.317361831665039,10.521553039550781,14.903006553649902,14.425692558288574,12.04838752746582,14.365896224975586,11.306641578674316,16.399967193603516,14.81257152557373,,,,,,,,,,,,,,,,,,,,,,,,,,,,,,,,,,,,,,,,
27,5739,,,,,,,,,,,,,,,,,,,,,,,,,,,,,,,,,,,,,,,,,0.19705410301685333,0.06948669999837875,0.2565186023712158,0.17098507285118103,0.061213888227939606,0.27218127250671387,0.2015036791563034,0.0700760930776596,0.3115173876285553,0.3600043058395386,5.125855922698975,2.46216082572937,6.314076900482178,5.696758270263672,3.2026281356811523,6.483470916748047,6.762863636016846,2.2316267490386963,4.281213283538818,8.697900772094727,,,,,,,,,,,5.997060298919678,2.918187141418457,7.297449111938477,5.748227596282959,3.5401735305786133,8.45483112335205,7.345346450805664,3.122077703475952,6.4071431159973145,9.140103340148926,,,,,,,,,,,,,,,,,,,,,,,,,,,,,,,,,,,,,,,,
27,5739,,,,,,,,,,,,,,,,,,,,,,,,,,,,,,,,,,,,,,,,,,,,,,,,,,,6.527219772338867,5.341430187225342,6.384056568145752,6.363151550292969,6.809215068817139,8.28310489654541,7.283037185668945,5.520106315612793,5.633230209350586,7.127641201019287,0.5902724862098694,0.5853104591369629,0.6185077428817749,0.6230242848396301,0.6286072731018066,0.5292295813560486,0.6078798174858093,0.6019155383110046,0.5573958158493042,0.5605815649032593,8.754345893859863,7.2389445304870605,8.626082420349121,8.448625564575195,9.188311576843262,11.145037651062012,9.778742790222168,7.2993879318237305,7.639013767242432,9.424970626831055,0.5668550729751587,0.8261420130729675,0.4054292142391205,0.4754404127597809,0.5949366092681885,0.5432250499725342,0.542228102684021,0.5124233961105347,0.637336015701294,0.5701009631156921,7.862813472747803,7.52150297164917,7.299930095672607,7.776914119720459,7.926389217376709,9.368396759033203,8.68018627166748,6.40975284576416,6.840929985046387,8.941313743591309,0.22773583233356476,0.27239859104156494,0.161726176738739,0.18451428413391113,0.2502087950706482,0.19969230890274048,0.011187076568603516,0.3773348331451416,0.22628897428512573,0.36627137660980225,10.302346229553223,10.040934562683105,9.686295509338379,10.043840408325195,10.655858039855957,11.7886962890625,11.767900466918945,8.627708435058594,8.581901550292969,11.527982711791992
28,5744,,,,,,,,,,,,,,,,,,,,,,,,,,,,,,,,,,,,,,,,,0.24825064837932587,0.14544634521007538,0.3388773202896118,0.12832759320735931,0.48659807443618774,0.24513907730579376,0.2971831262111664,0.07312724739313126,0.05478227883577347,0.46477460861206055,5.369338035583496,3.3108794689178467,6.923288822174072,4.723150253295898,8.278107643127441,6.467808723449707,6.883245468139648,2.5988240242004395,2.2720069885253906,6.866730690002441,,,,,,,,,,,6.7529120445251465,4.2219557762146,8.387507438659668,4.97983455657959,9.981247901916504,8.02383804321289,8.920370101928711,3.189321517944336,2.686849355697632,10.385283470153809,,,,,,,,,,,,,,,,,,,,,,,,,,,,,,,,,,,,,,,,
28,5749,,,,,,,,,,,,,,,,,,,,,,,,,,,,,,,,,,,,,,,,,0.6474974155426025,0.6311781406402588,1.413027048110962,0.2553500235080719,0.2297317385673523,0.6527590155601501,0.4686507284641266,0.02570509910583496,1.6222107410430908,0.5288635492324829,7.802375793457031,7.912777423858643,11.432982444763184,5.6180195808410645,4.882986545562744,10.415993690490723,9.566752433776855,1.549574613571167,10.585880279541016,8.256414413452148,,,,,,,,,,,10.18784236907959,8.795048713684082,17.127222061157227,7.024620056152344,6.858199596405029,13.093396186828613,11.201996803283691,1.8908991813659668,14.62099552154541,11.078195571899414,,,,,,,,,,,,,,,,,,,,,,,,,,,,,,,,,,,,,,,,
28,5754,,,,,,,,,,,,,,,,,,,,,,,,,,,,,,,,,,,,,,,,,0.40238386392593384,0.4885598123073578,0.06281529366970062,0.11653231829404831,0.5105623006820679,1.024202823638916,0.1673966944217682,0.1942378133535385,0.7481025457382202,0.30904507637023926,5.964115619659424,5.761144638061523,2.810415267944336,3.7718379497528076,7.566135883331299,11.018754959106445,5.123576641082764,4.036996364593506,7.629306793212891,5.958869934082031,,,,,,,,,,,8.112195014953613,7.7378644943237305,3.611140489578247,4.745457649230957,10.224074363708496,16.400943756103516,6.694902420043945,5.197872638702393,9.928961753845215,8.46853256225586,,,,,,,,,,,,,,,,,,,,,,,,,,,,,,,,,,,,,,,,
28,5759,,,,,,,,,,,,,,,,,,,,,,,,,,,,,,,,,,,,,,,,,0.173080176115036,0.14625206589698792,0.08841454982757568,0.3213441073894501,0.21348726749420166,0.19852563738822937,0.1256885677576065,0.1623915433883667,0.14056716859340668,0.16105061769485474,4.296141147613525,3.2429542541503906,3.2998363971710205,5.745336055755615,4.754162311553955,5.722928524017334,4.446336269378662,3.8034164905548096,3.376331090927124,4.273971080780029,,,,,,,,,,,5.689040184020996,4.233633518218994,4.284237861633301,7.880250453948975,6.611281394958496,7.220780849456787,5.801210880279541,4.752699851989746,4.303930282592773,6.113337993621826,,,,,,,,,,,,,,,,,,,,,,,,,,,,,,,,,,,,,,,,
28,5764,,,,,,,,,,,,,,,,,,,,,,,,,,,,,,,,,,,,,,,,,0.3890790343284607,0.27452799677848816,0.562964141368866,0.5012221336364746,0.4342226982116699,0.44169342517852783,0.18785139918327332,0.3300468623638153,0.3857801854610443,0.3834027945995331,6.929086208343506,4.908468246459961,8.876577377319336,6.609621524810791,8.292854309082031,8.192041397094727,5.796479225158691,6.202895164489746,6.110411167144775,7.372427463531494,,,,,,,,,,,8.564697265625,5.800368785858154,10.810654640197754,9.841697692871094,9.428788185119629,10.770511627197266,7.092151165008545,6.775581359863281,7.13006067276001,9.432456970214844,,,,,,,,,,,,,,,,,,,,,,,,,,,,,,,,,,,,,,,,
28,5769,,,,,,,,,,,,,,,,,,,,,,,,,,,,,,,,,,,,,,,,,0.16547581553459167,0.1565244197845459,0.05725734308362007,0.14673756062984467,0.1191580519080162,0.2746580243110657,0.13330809772014618,0.29352885484695435,0.18981891870498657,0.11829103529453278,4.3809967041015625,3.7186760902404785,3.0650858879089355,4.829629898071289,4.162750720977783,6.472812175750732,3.327322244644165,4.84581184387207,4.329422473907471,4.677460193634033,,,,,,,,,,,5.465549945831299,4.379790306091309,3.4476826190948486,5.325072288513184,4.939253807067871,8.493212699890137,5.974465847015381,6.389753818511963,5.0014166831970215,5.239297866821289,,,,,,,,,,,,,,,,,,,,,,,,,,,,,,,,,,,,,,,,
28,5774,,,,,,,,,,,,,,,,,,,,,,,,,,,,,,,,,,,,,,,,,0.4639550447463989,0.20502035319805145,0.2763204574584961,0.18565157055854797,0.3790688216686249,0.4432471692562103,0.47528794407844543,0.8561914563179016,1.2126054763793945,0.1422022581100464,6.898024082183838,4.0917863845825195,6.394445896148682,4.673419952392578,7.015968322753906,9.458626747131348,9.647433280944824,6.139338970184326,9.919598579406738,4.741600036621094,,,,,,,,,,,8.750532150268555,5.012573719024658,7.573875904083252,5.989687919616699,8.809650421142578,10.789438247680664,11.281041145324707,10.912999153137207,12.641048431396484,5.744476795196533,,,,,,,,,,,,,,,,,,,,,,,,,,,,,,,,,,,,,,,,
28,5779,,,,,,,,,,,,,,,,,,,,,,,,,,,,,,,,,,,,,,,,,0.39667361974716187,0.5280627012252808,0.5375060439109802,0.18966196477413177,0.39083147048950195,0.6339577436447144,0.2937811017036438,0.3529093861579895,0.3566901981830597,0.28666213154792786,6.835855484008789,5.662956714630127,8.004683494567871,5.100675582885742,6.8185553550720215,10.781381607055664,7.546259880065918,5.698248863220215,5.75019645690918,6.159743309020996,,,,,,,,,,,8.59981632232666,8.044610977172852,10.563390731811523,6.0540361404418945,8.945289611816406,12.903454780578613,8.869165420532227,7.006325721740723,6.855969429016113,8.156096458435059,,,,,,,,,,,,,,,,,,,,,,,,,,,,,,,,,,,,,,,,
28,5784,,,,,,,,,,,,,,,,,,,,,,,,,,,,,,,,,,,,,,,,,0.2556745111942291,0.3249381482601166,0.11745945364236832,0.25902700424194336,0.3164430856704712,0.3274802565574646,0.33630144596099854,0.05814795941114426,0.3908100724220276,0.17046305537223816,5.495555400848389,5.204294681549072,4.4406819343566895,6.046203136444092,6.691384315490723,6.8770270347595215,7.088422775268555,2.208109140396118,5.925414085388184,4.978459358215332,,,,,,,,,,,6.82731294631958,6.310483455657959,4.938051700592041,7.075016021728516,8.049101829528809,9.274029731750488,9.4893217086792,2.8439762592315674,7.1763916015625,6.289445400238037,,,,,,,,,,,,,,,,,,,,,,,,,,,,,,,,,,,,,,,,
28,5789,,,,,,,,,,,,,,,,,,,,,,,,,,,,,,,,,,,,,,,,,0.34118273854255676,0.49648013710975647,0.24727633595466614,0.10947239398956299,0.2548837959766388,0.6501140594482422,0.17698074877262115,0.224487766623497,0.7386993765830994,0.17225012183189392,6.117615699768066,5.931522846221924,5.940799236297607,3.8226473331451416,6.021395206451416,10.044587135314941,5.10759162902832,4.486088275909424,8.253438949584961,5.450467109680176,,,,,,,,,,,7.612874507904053,7.8003339767456055,7.164781093597412,4.599463939666748,7.223883628845215,13.066843032836914,6.8838887214660645,5.587982654571533,9.866364479064941,6.322327136993408,,,,,,,,,,,,,,,,,,,,,,,,,,,,,,,,,,,,,,,,
28,5794,,,,,,,,,,,,,,,,,,,,,,,,,,,,,,,,,,,,,,,,,0.3151511549949646,0.20662716031074524,0.3599695563316345,0.16374972462654114,0.4408756494522095,0.5893787741661072,0.3695368468761444,0.10884266346693039,0.32316821813583374,0.27421194314956665,6.523033142089844,4.289972305297852,7.615844249725342,5.095434665679932,7.823925971984863,9.896121978759766,8.428032875061035,3.276266098022461,6.208861827850342,6.072838306427002,,,,,,,,,,,7.7317047119140625,5.032177925109863,8.64459228515625,5.625293254852295,9.50074577331543,12.441510200500488,9.947172164916992,3.8909740447998047,6.525857448577881,7.977014064788818,,,,,,,,,,,,,,,,,,,,,,,,,,,,,,,,,,,,,,,,
28,5799,,,,,,,,,,,,,,,,,,,,,,,,,,,,,,,,,,,,,,,,,0.46849822998046875,0.41962912678718567,0.6698521375656128,0.3983403146266937,0.2678792178630829,0.5187447667121887,0.2983768582344055,0.23096194863319397,0.9937970042228699,0.4189023971557617,6.915414810180664,5.699525833129883,9.699514389038086,6.8699774742126465,5.419645309448242,8.672688484191895,6.422440528869629,4.31923246383667,7.342726230621338,7.79298210144043,,,,,,,,,,,9.191648483276367,7.171253681182861,11.792370796203613,8.77368450164795,7.405751705169678,11.672200202941895,8.938267707824707,5.667987823486328,11.443849563598633,9.859471321105957,,,,,,,,,,,,,,,,,,,,,,,,,,,,,,,,,,,,,,,,
28,5804,,,,,,,,,,,,,,,,,,,,,,,,,,,,,,,,,,,,,,,,,0.3476771116256714,0.39012619853019714,0.21460255980491638,0.2292124330997467,0.3932201564311981,0.3529089689254761,0.4179752469062805,0.3811269700527191,0.40990960597991943,0.3400118052959442,6.738353729248047,5.767669677734375,5.3849921226501465,5.167845249176025,6.987809658050537,8.015182495117188,8.990537643432617,6.3351874351501465,6.5581207275390625,7.437840461730957,,,,,,,,,,,8.104108810424805,6.91456413269043,6.674659252166748,6.655396461486816,8.97258472442627,9.627360343933105,10.579034805297852,7.281042098999023,7.349661827087402,8.882683753967285,,,,,,,,,,,,,,,,,,,,,,,,,,,,,,,,,,,,,,,,
28,5809,,,,,,,,,,,,,,,,,,,,,,,,,,,,,,,,,,,,,,,,,0.5351445078849792,0.2895664572715759,1.3393014669418335,0.5858771204948425,0.5116645693778992,0.507375180721283,0.6432560086250305,0.36650341749191284,0.24618133902549744,0.32657504081726074,7.308108806610107,4.792165279388428,12.060251235961914,7.7693305015563965,7.009678840637207,9.214993476867676,8.799649238586426,5.016518592834473,4.24631404876709,6.864083290100098,,,,,,,,,,,9.96840763092041,5.957120418548584,16.674423217773438,10.640405654907227,10.235105514526367,11.543578147888184,13.123893737792969,7.139991760253906,5.695749282836914,8.705399513244629,,,,,,,,,,,,,,,,,,,,,,,,,,,,,,,,,,,,,,,,
28,5814,,,,,,,,,,,,,,,,,,,,,,,,,,,,,,,,,,,,,,,,,1.4637837409973145,1.0043271780014038,1.2151895761489868,1.5486129522323608,0.9326634407043457,0.8909042477607727,0.32827597856521606,1.0711473226547241,5.125728130340576,1.0572043657302856,10.596112251281738,8.229926109313965,10.5826997756958,12.553326606750488,10.408271789550781,9.401516914367676,7.418998718261719,6.791873455047607,19.985868453979492,9.992520332336426,,,,,,,,,,,15.180667877197266,11.094298362731934,15.883040428161621,17.299211502075195,13.8185396194458,15.296475410461426,9.375411033630371,12.206279754638672,25.989686965942383,15.663061141967773,,,,,,,,,,,,,,,,,,,,,,,,,,,,,,,,,,,,,,,,
28,5819,,,,,,,,,,,,,,,,,,,,,,,,,,,,,,,,,,,,,,,,,0.4149995744228363,0.33955562114715576,0.3235138952732086,0.48379653692245483,0.37666013836860657,0.3302766978740692,0.47689276933670044,0.25144267082214355,0.5197899341583252,0.6330679059028625,7.1219964027404785,5.033909797668457,6.645027160644531,7.5873284339904785,6.895382881164551,7.979176998138428,9.167481422424316,4.825001239776611,7.149569988250732,8.815094947814941,,,,,,,,,,,8.891243934631348,6.45086145401001,8.195173263549805,9.66910457611084,8.7816162109375,9.3135404586792,11.300070762634277,5.913957595825195,8.27631950378418,12.120551109313965,,,,,,,,,,,,,,,,,,,,,,,,,,,,,,,,,,,,,,,,
28,5824,,,,,,,,,,,,,,,,,,,,,,,,,,,,,,,,,,,,,,,,,0.4026127755641937,0.23443426191806793,0.5241381525993347,0.6155137419700623,0.3520112633705139,0.4461851418018341,0.2613951563835144,0.4405016303062439,0.27598363161087036,0.47335201501846313,7.034552574157715,4.106414794921875,9.659881591796875,7.935393333435059,6.416997909545898,9.257535934448242,5.888042449951172,7.096914291381836,4.428716659545898,8.52108097076416,,,,,,,,,,,8.746346473693848,5.360098838806152,10.431206703186035,10.906208038330078,8.489418029785156,10.8251371383667,8.366032600402832,7.827669143676758,6.030661582946777,10.480677604675293,,,,,,,,,,,,,,,,,,,,,,,,,,,,,,,,,,,,,,,,
28,5829,,,,,,,,,,,,,,,,,,,,,,,,,,,,,,,,,,,,,,,,,0.3548547327518463,0.30405229330062866,0.32408151030540466,0.18834547698497772,0.16140976548194885,0.774373471736908,0.23284654319286346,0.3539077341556549,0.14176346361637115,0.7129125595092773,6.503176212310791,4.800041675567627,6.962799072265625,5.191291332244873,5.046798229217529,10.217604637145996,6.494592666625977,5.983253002166748,3.8099594116210938,10.022248268127441,,,,,,,,,,,8.049549102783203,6.104307651519775,8.20235824584961,6.032988548278809,5.748632431030273,14.261037826538086,7.895974159240723,7.016229152679443,4.322206020355225,12.862201690673828,,,,,,,,,,,,,,,,,,,,,,,,,,,,,,,,,,,,,,,,
28,5834,,,,,,,,,,,,,,,,,,,,,,,,,,,,,,,,,,,,,,,,,0.22112631797790527,0.273114949464798,0.12461943179368973,0.20049838721752167,0.18277089297771454,0.2609381377696991,0.2992875874042511,0.16839805245399475,0.17776177823543549,0.3027477562427521,5.106655597686768,3.8115174770355225,4.258885860443115,5.110885143280029,4.809457302093506,6.285120487213135,7.175016403198242,4.240148067474365,4.113494873046875,6.155377388000488,,,,,,,,,,,6.5005974769592285,5.785420894622803,5.086329936981201,6.224584102630615,6.117206573486328,8.278366088867188,8.951898574829102,4.8397979736328125,4.839968204498291,8.381807327270508,,,,,,,,,,,,,,,,,,,,,,,,,,,,,,,,,,,,,,,,
28,5839,,,,,,,,,,,,,,,,,,,,,,,,,,,,,,,,,,,,,,,,,0.3294714391231537,0.2614968419075012,0.38686197996139526,0.22298987209796906,0.2060764580965042,0.3450571596622467,0.25367534160614014,0.24321222305297852,0.7136536836624146,0.33221954107284546,6.310957431793213,4.712628364562988,7.256021022796631,5.6251301765441895,5.124754905700684,7.42641544342041,6.853503227233887,4.495646953582764,7.694386005401611,7.610128879547119,,,,,,,,,,,7.748692989349365,5.661030292510986,8.961685180664062,6.564436435699463,6.495518684387207,9.519659042358398,8.241569519042969,5.816361904144287,9.697662353515625,8.780309677124023,,,,,,,,,,,,,,,,,,,,,,,,,,,,,,,,,,,,,,,,
28,5844,,,,,,,,,,,,,,,,,,,,,,,,,,,,,,,,,,,,,,,,,0.28779682517051697,0.2506497800350189,0.2290036678314209,0.2072925567626953,0.20117828249931335,0.7365612983703613,0.18263135850429535,0.12621116638183594,0.4642406404018402,0.19240249693393707,5.4877753257751465,4.663444995880127,4.8184027671813965,5.813135623931885,5.165536880493164,8.268242835998535,5.417451858520508,3.915543794631958,6.116438865661621,5.211781978607178,,,,,,,,,,,7.197696208953857,5.542375564575195,6.894978046417236,6.329169750213623,6.4178595542907715,13.908499717712402,6.992918968200684,4.189938068389893,7.821587085723877,6.681940078735352,,,,,,,,,,,,,,,,,,,,,,,,,,,,,,,,,,,,,,,,
28,5849,,,,,,,,,,,,,,,,,,,,,,,,,,,,,,,,,,,,,,,,,0.4003870189189911,0.21342767775058746,0.16805624961853027,0.41841670870780945,0.32114794850349426,0.48117363452911377,0.3099896013736725,0.38135820627212524,0.704396665096283,0.6055166125297546,7.048634052276611,4.4210381507873535,5.036040306091309,6.730175495147705,7.111443996429443,8.345324516296387,7.5223517417907715,6.358764171600342,7.9354681968688965,9.977097511291504,,,,,,,,,,,8.58283519744873,5.114316940307617,5.906619548797607,8.992064476013184,8.108717918395996,11.241564750671387,9.110544204711914,7.28325080871582,9.634561538696289,11.853872299194336,,,,,,,,,,,,,,,,,,,,,,,,,,,,,,,,,,,,,,,,
28,5854,,,,,,,,,,,,,,,,,,,,,,,,,,,,,,,,,,,,,,,,,0.3020804226398468,0.1299091875553131,0.21687684953212738,0.3167663812637329,0.5090419054031372,0.3032306730747223,0.17239883542060852,0.5265383124351501,0.31526312232017517,0.22869856655597687,6.06620979309082,2.7978439331054688,6.413569450378418,6.855968952178955,7.740633010864258,7.1200971603393555,5.048068046569824,8.225042343139648,5.739716529846191,4.654948711395264,,,,,,,,,,,7.415510654449463,3.9900851249694824,6.709934234619141,7.823920249938965,10.208840370178223,8.92405891418457,6.794193744659424,8.558028221130371,6.4455485343933105,7.284989833831787,,,,,,,,,,,,,,,,,,,,,,,,,,,,,,,,,,,,,,,,
28,5859,,,,,,,,,,,,,,,,,,,,,,,,,,,,,,,,,,,,,,,,,0.47478368878364563,0.5349844098091125,0.5181870460510254,0.8815628290176392,0.2437194138765335,0.4398743808269501,0.6666462421417236,0.4088976979255676,0.06290090084075928,0.5162804126739502,7.463434219360352,5.645037651062012,8.149048805236816,10.994133949279785,5.368242263793945,9.031357765197754,10.324922561645508,6.810412406921387,2.5425846576690674,8.30516529083252,,,,,,,,,,,9.34000301361084,8.097162246704102,10.371819496154785,13.052132606506348,7.063903331756592,10.748310089111328,13.360370635986328,7.54164457321167,2.8790664672851562,10.945611953735352,,,,,,,,,,,,,,,,,,,,,,,,,,,,,,,,,,,,,,,,
28,5864,,,,,,,,,,,,,,,,,,,,,,,,,,,,,,,,,,,,,,,,,0.32378169894218445,0.5959360599517822,0.07214073091745377,0.29851943254470825,0.2911483347415924,0.41172918677330017,0.20423448085784912,0.38480961322784424,0.45760372281074524,0.1979137808084488,5.74230432510376,6.059499263763428,2.7000105381011963,6.354107856750488,5.616001605987549,7.491766452789307,5.897468566894531,5.507133483886719,6.241215229034424,5.813538074493408,,,,,,,,,,,7.487125873565674,8.545984268188477,3.869919538497925,7.595234394073486,7.720701694488525,10.398763656616211,7.394951820373535,7.316134452819824,7.765475273132324,6.77696418762207,,,,,,,,,,,,,,,,,,,,,,,,,,,,,,,,,,,,,,,,
28,5869,,,,,,,,,,,,,,,,,,,,,,,,,,,,,,,,,,,,,,,,,0.28862932324409485,0.30885589122772217,0.4305282235145569,0.12226249277591705,0.22746813297271729,0.42800626158714294,0.26753950119018555,0.46386605501174927,0.08174311369657516,0.2673943042755127,5.9047369956970215,4.984838008880615,7.200303554534912,4.283698081970215,5.89399528503418,8.223328590393066,6.383202075958252,7.187357425689697,2.717127561569214,6.268783092498779,,,,,,,,,,,7.283257484436035,6.15233850479126,9.453930854797363,4.860730171203613,6.824328422546387,10.602319717407227,8.463788032531738,8.03257942199707,3.2820775508880615,7.877225875854492,,,,,,,,,,,,,,,,,,,,,,,,,,,,,,,,,,,,,,,,
28,5874,,,,,,,,,,,,,,,,,,,,,,,,,,,,,,,,,,,,,,,,,0.8946636915206909,0.18014904856681824,0.9387745261192322,1.6105269193649292,0.8526535630226135,0.6703784465789795,0.828239381313324,1.141050934791565,1.452142596244812,0.37805724143981934,8.156438827514648,3.71938157081604,9.700529098510742,11.523271560668945,7.360966205596924,8.73158073425293,8.252015113830566,7.116931915283203,10.153617858886719,6.849658966064453,,,,,,,,,,,12.607999801635742,4.698706150054932,13.960221290588379,17.641637802124023,13.212529182434082,13.268928527832031,14.891853332519531,12.598278999328613,13.833367347717285,9.366471290588379,,,,,,,,,,,,,,,,,,,,,,,,,,,,,,,,,,,,,,,,
28,5879,,,,,,,,,,,,,,,,,,,,,,,,,,,,,,,,,,,,,,,,,0.3098515570163727,0.3066922426223755,0.3211089074611664,0.2826348841190338,0.2776968479156494,0.28888219594955444,0.09636194258928299,0.5599307417869568,0.21625594794750214,0.4391002655029297,5.78306770324707,5.082152843475342,7.749373912811279,6.494691371917725,6.213887691497803,5.872976779937744,4.21808385848999,5.531902313232422,4.301260471343994,6.583277225494385,,,,,,,,,,,7.474876403808594,6.13075065612793,8.164655685424805,7.390397071838379,7.5402398109436035,8.710363388061523,5.079530715942383,8.825226783752441,5.338353633880615,10.094366073608398,,,,,,,,,,,,,,,,,,,,,,,,,,,,,,,,,,,,,,,,
28,5884,,,,,,,,,,,,,,,,,,,,,,,,,,,,,,,,,,,,,,,,,0.44878605008125305,0.3914523720741272,0.15999190509319305,0.4588131010532379,0.39438000321388245,0.631449282169342,0.4189912676811218,0.371029257774353,0.8079721927642822,0.40499505400657654,7.206943035125732,5.554466247558594,4.735012531280518,8.442359924316406,6.456857204437256,10.30807113647461,8.500422477722168,5.731315612792969,7.812908172607422,7.321076393127441,,,,,,,,,,,9.084242820739746,6.926307201385498,5.76315975189209,9.4161376953125,8.985807418823242,12.877901077270508,10.59188461303711,7.183941841125488,10.31861686706543,9.694425582885742,,,,,,,,,,,,,,,,,,,,,,,,,,,,,,,,,,,,,,,,
28,5889,,,,,,,,,,,,,,,,,,,,,,,,,,,,,,,,,,,,,,,,,0.35333484411239624,0.21515747904777527,0.2701491117477417,0.25159505009651184,0.2911047041416168,0.4978901445865631,0.4348035752773285,0.6714474558830261,0.21357673406600952,0.3342893421649933,6.455751419067383,4.305845260620117,5.9867095947265625,6.217116832733154,5.194131851196289,10.01896858215332,8.245824813842773,6.660512447357178,5.160559177398682,6.31209135055542,,,,,,,,,,,8.146529197692871,5.135000228881836,7.488821029663086,6.972779750823975,7.720123767852783,11.43517017364502,10.789898872375488,9.664173126220703,5.305181503295898,8.8076171875,,,,,,,,,,,,,,,,,,,,,,,,,,,,,,,,,,,,,,,,
28,5894,,,,,,,,,,,,,,,,,,,,,,,,,,,,,,,,,,,,,,,,,0.4604428708553314,0.33218470215797424,0.3789384365081787,0.24973376095294952,0.6248554587364197,0.44234442710876465,0.1331600397825241,0.47387176752090454,1.2386702299118042,0.27022695541381836,7.169384479522705,5.085092544555664,7.671097278594971,5.872971534729004,9.283194541931152,8.95886516571045,4.760754108428955,5.980672836303711,10.572203636169434,6.339603900909424,,,,,,,,,,,8.785656929016113,6.380461692810059,8.86943531036377,6.946939945220947,11.310698509216309,10.778446197509766,5.971147060394287,8.118749618530273,12.776183128356934,7.918839454650879,,,,,,,,,,,,,,,,,,,,,,,,,,,,,,,,,,,,,,,,
28,5899,,,,,,,,,,,,,,,,,,,,,,,,,,,,,,,,,,,,,,,,,0.36227962374687195,0.574908435344696,0.29673296213150024,0.2487679123878479,0.4643838703632355,0.5097601413726807,0.375593364238739,0.3167746961116791,0.1262519359588623,0.347343385219574,6.693876266479492,6.550106525421143,6.532875061035156,5.457324981689453,7.121260166168213,9.941152572631836,8.052682876586914,6.17359733581543,3.4290125370025635,6.986873149871826,,,,,,,,,,,8.246729850769043,8.393857955932617,7.848642349243164,6.933492660522461,9.750754356384277,11.570677757263184,10.028356552124023,6.6379499435424805,4.078893184661865,8.977940559387207,,,,,,,,,,,,,,,,,,,,,,,,,,,,,,,,,,,,,,,,
28,5904,,,,,,,,,,,,,,,,,,,,,,,,,,,,,,,,,,,,,,,,,0.48759952187538147,0.2806428372859955,0.27106767892837524,0.48070430755615234,0.7624462842941284,0.44479793310165405,0.3373529016971588,0.6533965468406677,0.6985096335411072,0.45947757363319397,8.226011276245117,4.367136478424072,6.358531951904297,8.306694984436035,10.808265686035156,9.188748359680176,7.605266094207764,9.060676574707031,9.2567720413208,9.082016944885254,,,,,,,,,,,9.473817825317383,5.8646111488342285,7.501541614532471,9.638154029846191,12.49407958984375,10.808296203613281,9.504143714904785,9.533385276794434,9.594216346740723,10.325934410095215,,,,,,,,,,,,,,,,,,,,,,,,,,,,,,,,,,,,,,,,
28,5909,,,,,,,,,,,,,,,,,,,,,,,,,,,,,,,,,,,,,,,,,0.50386643409729,0.6568777561187744,0.4897024631500244,0.31255385279655457,0.4935648739337921,0.5586415529251099,0.34390872716903687,0.6978263258934021,0.6403337717056274,0.34138843417167664,7.557440757751465,6.947563648223877,9.176793098449707,6.293766975402832,7.827892780303955,9.242742538452148,8.39250373840332,6.663578033447266,6.91565465927124,6.556473255157471,,,,,,,,,,,9.614091873168945,8.972315788269043,10.082721710205078,7.77172327041626,10.052446365356445,12.11274242401123,9.596048355102539,9.852181434631348,9.186001777648926,8.900647163391113,,,,,,,,,,,,,,,,,,,,,,,,,,,,,,,,,,,,,,,,
28,5914,,,,,,,,,,,,,,,,,,,,,,,,,,,,,,,,,,,,,,,,,0.43985071778297424,0.2996533513069153,0.09797559678554535,0.6368841528892517,0.2736280560493469,0.3160693347454071,0.3657623529434204,0.9241228103637695,0.4959121346473694,0.5486487746238708,7.259618282318115,4.656900882720947,3.6260290145874023,10.090215682983398,5.81680154800415,7.647858142852783,8.366593360900879,8.633859634399414,7.3464765548706055,9.151827812194824,,,,,,,,,,,8.762341499328613,6.059988975524902,4.5099382400512695,11.09392261505127,7.484795093536377,9.111021041870117,9.896241188049316,11.337663650512695,8.08398723602295,11.283514976501465,,,,,,,,,,,,,,,,,,,,,,,,,,,,,,,,,,,,,,,,
28,5919,,,,,,,,,,,,,,,,,,,,,,,,,,,,,,,,,,,,,,,,,0.35127297043800354,0.5482625961303711,0.15183477103710175,0.3364867866039276,0.3980754315853119,0.38760337233543396,0.6627742648124695,0.33644840121269226,0.17320579290390015,0.16676510870456696,6.343490123748779,5.025785446166992,4.749482154846191,6.8719072341918945,6.884962558746338,8.42412281036377,9.762741088867188,6.29151725769043,3.8806967735290527,5.2001953125,,,,,,,,,,,8.017035484313965,8.19703197479248,5.614321708679199,8.0637845993042,9.02780818939209,10.089500427246094,13.321515083312988,6.8409743309021,4.7775421142578125,6.220850467681885,,,,,,,,,,,,,,,,,,,,,,,,,,,,,,,,,,,,,,,,
28,5924,,,,,,,,,,,,,,,,,,,,,,,,,,,,,,,,,,,,,,,,,0.310142457485199,0.3075217008590698,0.3123239576816559,0.06704249233007431,0.37089553475379944,0.6977064609527588,0.20907555520534515,0.12881892919540405,0.27931517362594604,0.4185824692249298,6.0826096534729,5.2433600425720215,6.004345893859863,3.0780630111694336,7.384543418884277,10.040851593017578,6.084591865539551,3.64801287651062,4.650262355804443,8.609455108642578,,,,,,,,,,,7.5199127197265625,6.139036178588867,8.052194595336914,3.599398612976074,8.714158058166504,13.53668212890625,7.482080936431885,4.233002662658691,6.066951751708984,9.855705261230469,,,,,,,,,,,,,,,,,,,,,,,,,,,,,,,,,,,,,,,,
28,5929,,,,,,,,,,,,,,,,,,,,,,,,,,,,,,,,,,,,,,,,,0.4688425064086914,0.8982151746749878,0.4053794741630554,0.3973294794559479,0.42326104640960693,0.6295931935310364,0.40497711300849915,0.22610560059547424,0.29154565930366516,0.5431761741638184,6.92563533782959,7.727717399597168,6.4186248779296875,6.1363139152526855,6.867532730102539,10.471381187438965,7.135375499725342,4.608599662780762,5.02062463760376,7.9445481300354,,,,,,,,,,,9.338091850280762,10.491859436035156,9.173657417297363,8.762545585632324,9.309016227722168,12.85896110534668,10.413244247436523,5.608082294464111,6.198357105255127,11.227099418640137,,,,,,,,,,,,,,,,,,,,,,,,,,,,,,,,,,,,,,,,
28,5934,,,,,,,,,,,,,,,,,,,,,,,,,,,,,,,,,,,,,,,,,0.6990553140640259,0.5718551278114319,0.2998417019844055,0.8349510431289673,0.47824886441230774,0.6840351223945618,0.411441445350647,0.5682809352874756,2.092761278152466,0.35008206963539124,8.336319923400879,5.987483501434326,6.53059720993042,9.712445259094238,7.912974834442139,10.597688674926758,7.816141128540039,7.940184116363525,10.575133323669434,7.954229831695557,,,,,,,,,,,10.807666778564453,8.371538162231445,7.889649391174316,12.702388763427734,9.895246505737305,13.403403282165527,10.496025085449219,8.890788078308105,16.606689453125,9.013264656066895,,,,,,,,,,,,,,,,,,,,,,,,,,,,,,,,,,,,,,,,
28,5939,,,,,,,,,,,,,,,,,,,,,,,,,,,,,,,,,,,,,,,,,0.2026209831237793,0.31733331084251404,0.2085030972957611,0.10422270745038986,0.6081801056861877,0.22041849792003632,0.09186903387308121,0.07823939621448517,0.049137745052576065,0.14568498730659485,4.5301032066345215,4.550230026245117,5.242257595062256,3.532508373260498,7.374996662139893,6.194272041320801,4.010928153991699,2.8848929405212402,2.2208573818206787,4.7599873542785645,,,,,,,,,,,5.854233264923096,6.23620080947876,6.5791215896606445,4.487826824188232,11.1587553024292,7.608514308929443,4.9596991539001465,3.298917531967163,2.5446667671203613,5.814395904541016,,,,,,,,,,,,,,,,,,,,,,,,,,,,,,,,,,,,,,,,
28,5944,,,,,,,,,,,,,,,,,,,,,,,,,,,,,,,,,,,,,,,,,0.7799747586250305,0.3402266204357147,1.2051844596862793,0.6160467863082886,0.5399210453033447,0.6912933588027954,0.5355378985404968,1.330918312072754,1.6256917715072632,0.13495229184627533,10.39871597290039,5.201522350311279,15.817522048950195,10.910928726196289,7.923895359039307,12.029248237609863,8.701141357421875,13.606124877929688,14.636673927307129,4.761377811431885,,,,,,,,,,,11.44306468963623,6.4572319984436035,15.817522048950195,10.910928726196289,10.513921737670898,13.474325180053711,11.97473430633545,13.606124877929688,14.636673927307129,5.596123695373535,,,,,,,,,,,,,,,,,,,,,,,,,,,,,,,,,,,,,,,,
28,5944,,,,,,,,,,,,,,,,,,,,,,,,,,,,,,,,,,,,,,,,,,,,,,,,,,,6.494601726531982,5.253698825836182,6.401875019073486,6.2823591232299805,6.85708475112915,8.284449577331543,7.237496852874756,5.500636100769043,5.63613748550415,6.997678756713867,0.5927309393882751,0.5962058901786804,0.6259138584136963,0.6246267557144165,0.6275852918624878,0.5291773080825806,0.6085576415061951,0.5958324670791626,0.5559978485107422,0.5706813335418701,8.728302001953125,7.143215179443359,8.541934967041016,8.430646896362305,9.200943946838379,11.145649909973145,9.770283699035645,7.354946613311768,7.651069164276123,9.316027641296387,0.5434097647666931,0.8130837678909302,0.41221413016319275,0.4419568181037903,0.5652287602424622,0.5362401008605957,0.5210060477256775,0.44443851709365845,0.5893824100494385,0.5724191069602966,7.699613094329834,7.408315658569336,7.357583045959473,7.462550640106201,7.509051322937012,9.354988098144531,8.49376392364502,6.297726154327393,6.536074161529541,8.876458168029785,0.2614118754863739,0.2856214642524719,0.15082871913909912,0.25059574842453003,0.2956464886665344,0.20620101690292358,0.05106627941131592,0.4602987766265869,0.2864053249359131,0.3660430312156677,10.08084487915039,9.949277877807617,9.749053001403809,9.628301620483398,10.327937126159668,11.74066162109375,11.528156280517578,8.032391548156738,8.241759300231934,11.530058860778809
29,5949,,,,,,,,,,,,,,,,,,,,,,,,,,,,,,,,,,,,,,,,,0.37506845593452454,0.9759047031402588,0.2826119065284729,0.1873919814825058,0.6041196584701538,0.2912401258945465,0.27273258566856384,0.30276137590408325,0.17277491092681885,0.28607866168022156,6.2178168296813965,7.931363105773926,5.9655866622924805,4.729544162750244,7.101934432983398,7.286632061004639,6.2625322341918945,5.62399435043335,4.661181449890137,6.397579669952393,,,,,,,,,,,8.048352241516113,10.936188697814941,7.659613609313965,6.017698287963867,11.121443748474121,8.745838165283203,8.545536041259766,6.489466190338135,4.771595478057861,8.147791862487793,,,,,,,,,,,,,,,,,,,,,,,,,,,,,,,,,,,,,,,,
29,5954,,,,,,,,,,,,,,,,,,,,,,,,,,,,,,,,,,,,,,,,,0.5346851348876953,0.8780543208122253,0.5181915760040283,0.1852443367242813,0.7534645795822144,1.1287821531295776,0.3078790307044983,0.13691756129264832,0.6337165236473083,0.2699158787727356,7.1118316650390625,7.676507472991943,8.07312297821045,4.469525337219238,8.805330276489258,11.036447525024414,6.535581588745117,3.0740933418273926,7.462063312530518,6.873813152313232,,,,,,,,,,,9.6514253616333,10.373444557189941,10.37186336517334,5.983115196228027,12.420269966125488,17.21792984008789,9.07947826385498,4.364035129547119,9.138413429260254,7.914279937744141,,,,,,,,,,,,,,,,,,,,,,,,,,,,,,,,,,,,,,,,
29,5959,,,,,,,,,,,,,,,,,,,,,,,,,,,,,,,,,,,,,,,,,0.4210120737552643,0.40710654854774475,0.3468029499053955,0.7366001009941101,0.1860295534133911,0.3308448791503906,0.27911174297332764,0.49924910068511963,0.5653815865516663,0.43798190355300903,6.233394145965576,5.940889835357666,5.396152973175049,7.24716854095459,4.458720684051514,7.46820592880249,6.9253363609313965,5.624068260192871,6.310471534729004,6.729532241821289,,,,,,,,,,,8.740412712097168,7.063441276550293,8.485023498535156,11.930832862854004,6.171498775482178,9.321549415588379,8.644898414611816,8.333307266235352,8.6316556930542,10.081502914428711,,,,,,,,,,,,,,,,,,,,,,,,,,,,,,,,,,,,,,,,
29,5964,,,,,,,,,,,,,,,,,,,,,,,,,,,,,,,,,,,,,,,,,0.6709004044532776,1.1065027713775635,0.3534483015537262,0.37745919823646545,0.904792308807373,1.505509376525879,0.6674356460571289,0.20761531591415405,0.12793761491775513,0.7874029874801636,7.766310214996338,7.452698230743408,6.489325523376465,7.0071940422058105,9.008397102355957,12.457101821899414,9.36906909942627,4.728241920471191,2.5306930541992188,10.85406494140625,,,,,,,,,,,10.956928253173828,11.644973754882812,8.56593132019043,8.540630340576172,13.61050033569336,19.88463592529297,13.368277549743652,5.373885631561279,4.1060333251953125,13.51747989654541,,,,,,,,,,,,,,,,,,,,,,,,,,,,,,,,,,,,,,,,
29,5969,,,,,,,,,,,,,,,,,,,,,,,,,,,,,,,,,,,,,,,,,0.7720569372177124,1.1851409673690796,0.5980305075645447,0.6366703510284424,0.9240362644195557,0.640990138053894,0.19431672990322113,0.7775507569313049,1.710131049156189,0.28164589405059814,8.37965202331543,8.886933326721191,7.919661045074463,8.623773574829102,10.292409896850586,10.12624454498291,5.514115333557129,8.32151985168457,8.830436706542969,6.901776313781738,,,,,,,,,,,11.302735328674316,12.051671028137207,11.142260551452637,11.092060089111328,13.75447940826416,12.974825859069824,7.213165283203125,10.399754524230957,15.011980056762695,8.084421157836914,,,,,,,,,,,,,,,,,,,,,,,,,,,,,,,,,,,,,,,,
29,5974,,,,,,,,,,,,,,,,,,,,,,,,,,,,,,,,,,,,,,,,,0.4926227033138275,0.37709367275238037,0.2520464062690735,0.3627062737941742,1.135354995727539,0.4511150121688843,0.3630792200565338,0.5946194529533386,0.5869696140289307,0.3106195628643036,7.581209182739258,5.483767986297607,6.742801666259766,6.6046648025512695,12.197388648986816,8.535409927368164,8.661060333251953,6.8239426612854,6.324705600738525,6.857134819030762,,,,,,,,,,,9.419352531433105,6.798089504241943,7.233557224273682,8.372060775756836,15.246335983276367,10.88477611541748,9.85987663269043,9.094489097595215,8.794903755187988,8.490077018737793,,,,,,,,,,,,,,,,,,,,,,,,,,,,,,,,,,,,,,,,
29,5979,,,,,,,,,,,,,,,,,,,,,,,,,,,,,,,,,,,,,,,,,0.3817240297794342,0.8357099294662476,0.39403533935546875,0.2839229106903076,0.36797207593917847,0.4063459038734436,0.26014864444732666,0.29505714774131775,0.15473982691764832,0.43758466839790344,6.734714031219482,8.199078559875488,6.951992988586426,6.605720520019531,6.995863437652588,8.641912460327148,6.36834716796875,5.4149603843688965,3.557352304458618,7.877199172973633,,,,,,,,,,,8.32524299621582,10.120222091674805,9.044388771057129,7.407217979431152,8.679746627807617,10.330558776855469,8.346061706542969,6.40636682510376,4.515692234039307,10.076930046081543,,,,,,,,,,,,,,,,,,,,,,,,,,,,,,,,,,,,,,,,
29,5984,,,,,,,,,,,,,,,,,,,,,,,,,,,,,,,,,,,,,,,,,0.39372462034225464,0.27140364050865173,0.4477306306362152,0.5226976871490479,0.5708765983581543,0.5835330486297607,0.225391685962677,0.42692622542381287,0.3738453984260559,0.12111671268939972,6.39894437789917,4.455749034881592,7.71768856048584,7.168314456939697,8.280125617980957,8.964995384216309,6.216736793518066,5.448131084442139,5.286048412322998,4.052709102630615,,,,,,,,,,,8.493821144104004,5.76726770401001,9.640954971313477,10.050326347351074,10.811121940612793,12.379656791687012,7.768545627593994,7.706108570098877,7.018904209136963,5.301506042480469,,,,,,,,,,,,,,,,,,,,,,,,,,,,,,,,,,,,,,,,
29,5989,,,,,,,,,,,,,,,,,,,,,,,,,,,,,,,,,,,,,,,,,0.3223617672920227,0.1541976034641266,0.3679725229740143,0.14848193526268005,0.5551196336746216,0.27720171213150024,0.3209916353225708,0.11498625576496124,0.1821356564760208,0.7801689505577087,5.9586591720581055,3.6247880458831787,6.228922367095947,4.794629096984863,8.205933570861816,7.695217132568359,7.776576042175293,2.5805814266204834,3.787182092666626,8.934103012084961,,,,,,,,,,,7.695745944976807,4.347114562988281,8.740159034729004,5.356630802154541,10.660877227783203,8.532451629638672,9.270809173583984,3.999279022216797,4.899150371551514,13.455242156982422,,,,,,,,,,,,,,,,,,,,,,,,,,,,,,,,,,,,,,,,
29,5994,,,,,,,,,,,,,,,,,,,,,,,,,,,,,,,,,,,,,,,,,0.34093379974365234,0.30427438020706177,0.5539965033531189,0.05851086974143982,0.8033155798912048,0.3850027918815613,0.30384308099746704,0.041833385825157166,0.40289053320884705,0.21473708748817444,6.021057605743408,5.2907867431640625,5.878293991088867,3.3425698280334473,9.19008731842041,8.278274536132812,7.810759544372559,2.1317522525787354,6.928704738616943,5.338288307189941,,,,,,,,,,,7.650120258331299,6.106535911560059,10.72420597076416,3.362583875656128,12.824567794799805,10.055595397949219,9.019769668579102,2.412238359451294,7.286464214324951,7.059122562408447,,,,,,,,,,,,,,,,,,,,,,,,,,,,,,,,,,,,,,,,
29,5999,,,,,,,,,,,,,,,,,,,,,,,,,,,,,,,,,,,,,,,,,0.19739842414855957,0.25574126839637756,0.07812099903821945,0.15009254217147827,0.1896182745695114,0.26369792222976685,0.32630646228790283,0.06440174579620361,0.11966834217309952,0.32893821597099304,4.642757892608643,4.083431720733643,3.506578207015991,3.8136284351348877,5.082782745361328,6.369928359985352,6.4225969314575195,2.1800715923309326,3.5499279499053955,6.77587366104126,,,,,,,,,,,6.0680108070373535,5.598384380340576,4.027129173278809,5.385604381561279,6.230741500854492,8.322029113769531,9.347244262695312,2.9930055141448975,3.9711191654205322,8.736839294433594,,,,,,,,,,,,,,,,,,,,,,,,,,,,,,,,,,,,,,,,
29,6004,,,,,,,,,,,,,,,,,,,,,,,,,,,,,,,,,,,,,,,,,0.3690784275531769,0.28197991847991943,0.12529411911964417,0.3513651490211487,0.4614700376987457,0.18986642360687256,0.4050946831703186,0.4066118597984314,0.7883655428886414,0.3116578459739685,5.896799087524414,4.615272521972656,4.080202102661133,6.00372314453125,7.317305088043213,5.248780727386475,6.374368667602539,5.482213497161865,7.082952976226807,6.866368293762207,,,,,,,,,,,8.070294380187988,5.878565788269043,5.1000800132751465,8.240133285522461,9.720114707946777,7.061548709869385,10.414755821228027,7.520534992218018,10.192648887634277,8.504254341125488,,,,,,,,,,,,,,,,,,,,,,,,,,,,,,,,,,,,,,,,
29,6009,,,,,,,,,,,,,,,,,,,,,,,,,,,,,,,,,,,,,,,,,0.3748379349708557,0.15898066759109497,0.32500338554382324,0.5133569240570068,0.20041190087795258,0.4054476320743561,0.1899869441986084,0.7210612297058105,0.3562619686126709,0.50303053855896,6.929317951202393,3.516451597213745,7.3132452964782715,9.072162628173828,5.362300395965576,8.649858474731445,5.907436370849609,8.83285140991211,5.265454292297363,8.444101333618164,,,,,,,,,,,8.235136032104492,4.4140214920043945,8.214017868041992,9.96012020111084,6.405622959136963,10.319133758544922,7.132350921630859,10.01485824584961,6.8518524169921875,10.804244995117188,,,,,,,,,,,,,,,,,,,,,,,,,,,,,,,,,,,,,,,,
29,6014,,,,,,,,,,,,,,,,,,,,,,,,,,,,,,,,,,,,,,,,,0.5591122508049011,0.34672805666923523,0.31908050179481506,0.6462229490280151,0.2601695954799652,0.2687097191810608,0.35447371006011963,0.18706217408180237,2.2799696922302246,0.3695940673351288,6.798272132873535,4.990015029907227,6.91903829574585,6.626378536224365,6.5793914794921875,6.843699932098389,7.670924186706543,4.399914264678955,9.020673751831055,8.134411811828613,,,,,,,,,,,9.218829154968262,6.518636226654053,8.138826370239258,11.174962997436523,7.298404216766357,8.400739669799805,9.742329597473145,5.10095739364624,17.333560943603516,9.261038780212402,,,,,,,,,,,,,,,,,,,,,,,,,,,,,,,,,,,,,,,,
29,6019,,,,,,,,,,,,,,,,,,,,,,,,,,,,,,,,,,,,,,,,,0.49287477135658264,0.2059832364320755,0.6386269927024841,0.6182264685630798,0.22902049124240875,0.23277033865451813,0.2745125889778137,1.1612130403518677,0.6210108995437622,0.454509437084198,7.241199970245361,3.8749070167541504,9.267431259155273,9.140103340148926,5.063334941864014,5.889534950256348,6.438785552978516,10.655221939086914,6.1501078605651855,8.691374778747559,,,,,,,,,,,9.192658424377441,5.024330139160156,11.514241218566895,10.930214881896973,6.8475751876831055,7.818792343139648,8.573376655578613,12.709096908569336,9.046339988708496,10.269957542419434,,,,,,,,,,,,,,,,,,,,,,,,,,,,,,,,,,,,,,,,
29,6024,,,,,,,,,,,,,,,,,,,,,,,,,,,,,,,,,,,,,,,,,0.39518865942955017,0.17133517563343048,0.3446347713470459,0.3145962357521057,0.2502657175064087,0.2864006459712982,0.3897625505924225,0.5177046656608582,0.730284571647644,0.5517134666442871,6.786772727966309,4.169445991516113,6.806092739105225,6.522517681121826,5.525681018829346,6.7928853034973145,8.91133975982666,6.998478412628174,5.940565586090088,9.41395092010498,,,,,,,,,,,8.499506950378418,4.5823211669921875,8.458456993103027,7.797073841094971,7.15814208984375,8.672870635986328,10.215763092041016,8.485936164855957,9.81000804901123,11.314985275268555,,,,,,,,,,,,,,,,,,,,,,,,,,,,,,,,,,,,,,,,
29,6029,,,,,,,,,,,,,,,,,,,,,,,,,,,,,,,,,,,,,,,,,0.48027610778808594,0.4811305105686188,0.6153208017349243,0.2856294810771942,0.9289770126342773,0.4022938311100006,0.2298685610294342,0.28798744082450867,0.8839544653892517,0.207322895526886,6.540140151977539,5.858306884765625,7.893747329711914,4.934978008270264,9.729022979736328,7.407688617706299,5.3616461753845215,4.542582035064697,7.666164398193359,5.467124938964844,,,,,,,,,,,9.153791427612305,7.678806304931641,11.302186012268066,7.429445266723633,13.791202545166016,10.278921127319336,7.84531831741333,6.329151630401611,10.792901992797852,6.936187267303467,,,,,,,,,,,,,,,,,,,,,,,,,,,,,,,,,,,,,,,,
29,6034,,,,,,,,,,,,,,,,,,,,,,,,,,,,,,,,,,,,,,,,,0.694829523563385,0.5498296618461609,0.09374972432851791,0.3178167939186096,0.9376243352890015,1.6298670768737793,0.6583663821220398,0.7288132309913635,0.5949798226356506,0.7424182295799255,8.061182022094727,5.32319974899292,3.8598735332489014,6.135762691497803,11.390872955322266,14.308185577392578,9.782999038696289,6.26239013671875,6.533755302429199,8.953594207763672,,,,,,,,,,,11.147571563720703,8.20873737335205,4.411605358123779,7.836881637573242,13.855240821838379,20.68959617614746,13.277142524719238,10.068548202514648,8.85471248626709,13.125670433044434,,,,,,,,,,,,,,,,,,,,,,,,,,,,,,,,,,,,,,,,
29,6039,,,,,,,,,,,,,,,,,,,,,,,,,,,,,,,,,,,,,,,,,0.24446143209934235,0.22213341295719147,0.21652744710445404,0.394469678401947,0.15462277829647064,0.35354912281036377,0.1721896082162857,0.3204493224620819,0.2445940226316452,0.12161732465028763,5.286767959594727,4.184530735015869,5.4129743576049805,6.330365180969238,4.077922344207764,7.592474460601807,5.857787609100342,5.342048645019531,4.491966724395752,4.290836811065674,,,,,,,,,,,6.707982540130615,5.217580795288086,6.704526901245117,8.73095417022705,5.626474380493164,9.636088371276855,6.790070056915283,6.676339149475098,5.677356243133545,5.312451362609863,,,,,,,,,,,,,,,,,,,,,,,,,,,,,,,,,,,,,,,,
29,6044,,,,,,,,,,,,,,,,,,,,,,,,,,,,,,,,,,,,,,,,,0.4494468867778778,0.4305458068847656,0.2524756193161011,0.1801678091287613,0.949211835861206,1.0739668607711792,0.36194130778312683,0.2886190414428711,0.1517842411994934,0.35630932450294495,7.105962753295898,5.247923851013184,6.7446608543396,4.511823654174805,10.583634376525879,12.989221572875977,7.146074295043945,5.3588385581970215,3.6393203735351562,7.7321648597717285,,,,,,,,,,,8.98726749420166,7.263935565948486,7.239713668823242,5.900563716888428,13.940591812133789,16.79466438293457,9.844413757324219,6.336088180541992,4.472358703613281,9.0930757522583,,,,,,,,,,,,,,,,,,,,,,,,,,,,,,,,,,,,,,,,
29,6049,,,,,,,,,,,,,,,,,,,,,,,,,,,,,,,,,,,,,,,,,0.19337055087089539,0.37458714842796326,0.06697250157594681,0.1297827810049057,0.17628087103366852,0.10872817039489746,0.3507799506187439,0.16975249350070953,0.17113275825977325,0.1923183798789978,4.546226501464844,5.1420111656188965,2.6228363513946533,4.039748191833496,4.677384376525879,4.213105201721191,6.723458290100098,4.160518169403076,3.7310688495635986,5.6059112548828125,,,,,,,,,,,5.8715057373046875,6.775458335876465,3.7287213802337646,5.007989406585693,6.007617473602295,5.343760013580322,9.691436767578125,4.859222412109375,4.748865604400635,6.680479049682617,,,,,,,,,,,,,,,,,,,,,,,,,,,,,,,,,,,,,,,,
29,6054,,,,,,,,,,,,,,,,,,,,,,,,,,,,,,,,,,,,,,,,,0.26160478591918945,0.3962700068950653,0.07066831737756729,0.1406761109828949,0.380312979221344,0.5415578484535217,0.3831922113895416,0.09669354557991028,0.030407581478357315,0.31466466188430786,4.905404090881348,5.491530895233154,2.9984331130981445,3.4541869163513184,5.754638671875,8.14945125579834,6.448300361633301,3.0781149864196777,1.6399717330932617,7.134006500244141,,,,,,,,,,,6.789641857147217,6.9687981605529785,3.8302226066589355,5.213928699493408,8.824095726013184,11.926095962524414,10.129292488098145,3.667393445968628,2.001770257949829,8.54517936706543,,,,,,,,,,,,,,,,,,,,,,,,,,,,,,,,,,,,,,,,
29,6059,,,,,,,,,,,,,,,,,,,,,,,,,,,,,,,,,,,,,,,,,0.2636766731739044,0.3409308195114136,0.18980298936367035,0.32304930686950684,0.3028333783149719,0.2606392800807953,0.22312642633914948,0.28588157892227173,0.20785199105739594,0.23897424340248108,5.5988593101501465,5.037604331970215,4.761841773986816,5.52585506439209,6.504708766937256,5.708978652954102,6.671427249908447,5.669820785522461,4.804385185241699,5.705110549926758,,,,,,,,,,,7.056196212768555,6.463911533355713,6.277159214019775,7.9011311531066895,7.874110698699951,8.273624420166016,7.7294087409973145,6.305968761444092,5.233598232269287,7.446853160858154,,,,,,,,,,,,,,,,,,,,,,,,,,,,,,,,,,,,,,,,
29,6064,,,,,,,,,,,,,,,,,,,,,,,,,,,,,,,,,,,,,,,,,0.5527204871177673,0.4096693694591522,0.15239258110523224,0.43306148052215576,0.565687358379364,0.47224852442741394,0.2967592775821686,0.9092786312103271,1.53439199924469,0.2009952813386917,7.344789505004883,4.97781229019165,4.365789890289307,7.486509323120117,8.791399955749512,8.16419792175293,6.7383503913879395,9.303385734558105,11.08117961883545,5.19448184967041,,,,,,,,,,,9.44072437286377,7.085639476776123,5.624625205993652,9.14807415008545,10.761873245239258,11.136818885803223,8.914006233215332,11.246236801147461,14.219734191894531,6.829518795013428,,,,,,,,,,,,,,,,,,,,,,,,,,,,,,,,,,,,,,,,
29,6069,,,,,,,,,,,,,,,,,,,,,,,,,,,,,,,,,,,,,,,,,0.3290936350822449,0.4728873372077942,0.3833822011947632,0.09726817160844803,0.4586408734321594,0.18659980595111847,0.24204571545124054,0.5763765573501587,0.25469112396240234,0.28995105624198914,5.798685073852539,6.120347023010254,5.350159645080566,3.356034755706787,7.422474384307861,4.947015762329102,6.079030990600586,7.754675388336182,4.662498474121094,6.495926380157471,,,,,,,,,,,7.617865562438965,7.6127424240112305,8.921289443969727,4.335510730743408,9.69027328491211,7.0005388259887695,8.050437927246094,8.953892707824707,5.793355464935303,8.202751159667969,,,,,,,,,,,,,,,,,,,,,,,,,,,,,,,,,,,,,,,,
29,6074,,,,,,,,,,,,,,,,,,,,,,,,,,,,,,,,,,,,,,,,,0.8457432389259338,0.7152220010757446,0.7295125126838684,1.4836674928665161,1.1771787405014038,0.6709895133972168,0.46074503660202026,0.6017917990684509,1.0576882362365723,0.7148935198783875,8.83276653289795,6.399415969848633,9.42927360534668,12.650991439819336,11.202576637268066,10.950400352478027,8.981042861938477,5.079594612121582,6.30700159072876,8.494599342346191,,,,,,,,,,,12.482568740844727,9.362302780151367,12.306315422058105,16.93258285522461,15.524614334106445,13.274975776672363,11.107111930847168,9.14917278289795,11.805983543395996,12.880059242248535,,,,,,,,,,,,,,,,,,,,,,,,,,,,,,,,,,,,,,,,
29,6079,,,,,,,,,,,,,,,,,,,,,,,,,,,,,,,,,,,,,,,,,0.27535495162010193,0.45106884837150574,0.21051467955112457,0.198868066072464,0.27423903346061707,0.27663472294807434,0.27432265877723694,0.14400367438793182,0.4036032557487488,0.24493937194347382,5.539955139160156,5.335097789764404,4.981841564178467,4.382014274597168,5.6908488273620605,6.675632953643799,6.9726457595825195,3.6131997108459473,6.270799160003662,5.9375152587890625,,,,,,,,,,,7.12666654586792,7.435046195983887,6.610781192779541,6.199224948883057,7.493147373199463,8.523720741271973,8.57041072845459,4.475540637969971,7.292905807495117,7.53922176361084,,,,,,,,,,,,,,,,,,,,,,,,,,,,,,,,,,,,,,,,
29,6084,,,,,,,,,,,,,,,,,,,,,,,,,,,,,,,,,,,,,,,,,0.4361499845981598,1.0783579349517822,0.1095133051276207,0.1954609900712967,0.6617448329925537,0.6799355149269104,0.6576055884361267,0.10683557391166687,0.15600764751434326,0.279888391494751,6.666749954223633,8.702588081359863,4.572733402252197,4.43344259262085,9.153043746948242,9.865419387817383,9.35676097869873,3.0111894607543945,4.3094282150268555,6.596145153045654,,,,,,,,,,,8.57006549835205,11.495920181274414,4.768097400665283,6.145893096923828,11.63978385925293,13.363176345825195,13.269469261169434,3.854931592941284,4.534153461456299,8.059157371520996,,,,,,,,,,,,,,,,,,,,,,,,,,,,,,,,,,,,,,,,
29,6089,,,,,,,,,,,,,,,,,,,,,,,,,,,,,,,,,,,,,,,,,0.23312565684318542,0.2640855312347412,0.23745615780353546,0.16286395490169525,0.26933082938194275,0.335227370262146,0.4044800400733948,0.1608356237411499,0.06321924179792404,0.20063211023807526,5.357123374938965,4.252954483032227,5.420124053955078,4.252181053161621,6.082350254058838,8.205699920654297,7.677852153778076,4.356136322021484,2.4766368865966797,5.490175724029541,,,,,,,,,,,6.663933753967285,5.688982009887695,7.021070957183838,5.610058307647705,7.425790309906006,9.383084297180176,10.406851768493652,4.72987699508667,2.886343002319336,6.823346138000488,,,,,,,,,,,,,,,,,,,,,,,,,,,,,,,,,,,,,,,,
29,6094,,,,,,,,,,,,,,,,,,,,,,,,,,,,,,,,,,,,,,,,,0.5012960433959961,0.414398193359375,0.40896016359329224,0.5635801553726196,0.7185439467430115,0.5686262845993042,0.36508825421333313,0.4302358329296112,0.3721969723701477,0.6700347661972046,8.105366706848145,5.855515480041504,7.726693630218506,9.95244312286377,9.957648277282715,8.690672874450684,7.811385154724121,6.667134761810303,6.1949028968811035,10.091897010803223,,,,,,,,,,,9.802431106567383,7.1264166831970215,9.214083671569824,10.435967445373535,12.129036903381348,12.22050952911377,9.887118339538574,7.735920429229736,7.003412246704102,12.469409942626953,,,,,,,,,,,,,,,,,,,,,,,,,,,,,,,,,,,,,,,,
29,6099,,,,,,,,,,,,,,,,,,,,,,,,,,,,,,,,,,,,,,,,,0.2207328826189041,0.402201384305954,0.077280193567276,0.05875609442591667,0.3069337010383606,0.26200559735298157,0.11051269620656967,0.06738963723182678,0.1573941707611084,0.5441224575042725,4.703428745269775,4.963385105133057,3.0634329319000244,2.806941270828247,5.981039047241211,6.890557765960693,4.388924598693848,2.8691723346710205,4.1959547996521,7.171445846557617,,,,,,,,,,,6.101200580596924,7.020759105682373,4.005398750305176,3.3696234226226807,7.927238464355469,8.295282363891602,5.439724445343018,3.061648368835449,4.554257392883301,11.236873626708984,,,,,,,,,,,,,,,,,,,,,,,,,,,,,,,,,,,,,,,,
29,6104,,,,,,,,,,,,,,,,,,,,,,,,,,,,,,,,,,,,,,,,,0.3972231149673462,0.42925047874450684,0.23082248866558075,0.25186359882354736,0.4439376890659332,0.5331556797027588,0.28215694427490234,0.2613524794578552,0.618399441242218,0.5240691304206848,6.7935590744018555,5.75225830078125,5.551384925842285,5.430850982666016,6.564424991607666,9.592752456665039,6.881162166595459,5.212339878082275,7.079163551330566,9.077692985534668,,,,,,,,,,,8.58835220336914,7.253000259399414,6.922304630279541,6.976500034332275,9.533681869506836,11.833218574523926,8.69192886352539,6.029371738433838,9.027298927307129,11.02786636352539,,,,,,,,,,,,,,,,,,,,,,,,,,,,,,,,,,,,,,,,
29,6109,,,,,,,,,,,,,,,,,,,,,,,,,,,,,,,,,,,,,,,,,0.33782950043678284,0.5013955235481262,0.4978371858596802,0.3462883532047272,0.22968736290931702,0.46758562326431274,0.18020713329315186,0.3152288496494293,0.2573762834072113,0.2448592334985733,6.365142345428467,5.510335922241211,8.635537147521973,7.803677082061768,5.149754524230957,8.425152778625488,5.745989799499512,5.075592994689941,5.226844787597656,5.71339750289917,,,,,,,,,,,7.8949432373046875,7.838852882385254,10.166122436523438,8.180386543273926,6.857537269592285,11.08170223236084,6.946352005004883,6.621733665466309,5.823814392089844,7.537988185882568,,,,,,,,,,,,,,,,,,,,,,,,,,,,,,,,,,,,,,,,
29,6114,,,,,,,,,,,,,,,,,,,,,,,,,,,,,,,,,,,,,,,,,0.38618674874305725,0.4940338432788849,0.15560698509216309,0.30065327882766724,0.9558286666870117,0.44665586948394775,0.23005719482898712,0.22733847796916962,0.13354775309562683,0.5319587588310242,6.212754249572754,5.69975471496582,4.393472671508789,6.278243541717529,9.733736991882324,7.210110187530518,5.56529426574707,4.7763543128967285,3.453300952911377,8.804520606994629,,,,,,,,,,,8.298283576965332,7.781092643737793,5.683635234832764,7.622331142425537,13.989096641540527,10.830845832824707,7.848537445068359,5.623351573944092,4.195092678070068,11.110566139221191,,,,,,,,,,,,,,,,,,,,,,,,,,,,,,,,,,,,,,,,
29,6119,,,,,,,,,,,,,,,,,,,,,,,,,,,,,,,,,,,,,,,,,0.37626224756240845,0.22716042399406433,0.5653807520866394,0.4662517309188843,0.42474010586738586,0.3856908679008484,0.2317914366722107,0.43689587712287903,0.27228960394859314,0.37615934014320374,6.370926380157471,4.329498767852783,7.587334632873535,7.973537921905518,7.080903053283691,7.917614459991455,5.542628765106201,4.903719902038574,4.813680648803711,7.189419746398926,,,,,,,,,,,8.444317817687988,5.276289463043213,10.833832740783691,9.492161750793457,9.32526683807373,10.06457805633545,7.878063201904297,7.795567035675049,5.990164756774902,9.342930793762207,,,,,,,,,,,,,,,,,,,,,,,,,,,,,,,,,,,,,,,,
29,6124,,,,,,,,,,,,,,,,,,,,,,,,,,,,,,,,,,,,,,,,,0.36304351687431335,0.5154685974121094,0.3720049262046814,0.20482562482357025,0.32576784491539,0.3526943027973175,0.6814252734184265,0.37403398752212524,0.115973100066185,0.3251980245113373,6.772817611694336,6.0994648933410645,7.6550984382629395,4.917582035064697,5.9291839599609375,8.35329532623291,10.468226432800293,7.058215141296387,3.449118137359619,7.025171756744385,,,,,,,,,,,8.237295150756836,7.948100566864014,8.787918090820312,6.291396141052246,8.166834831237793,9.624431610107422,13.507654190063477,7.2129716873168945,3.9093265533447266,8.687026023864746,,,,,,,,,,,,,,,,,,,,,,,,,,,,,,,,,,,,,,,,
29,6129,,,,,,,,,,,,,,,,,,,,,,,,,,,,,,,,,,,,,,,,,0.3711790144443512,0.44295039772987366,0.3347802758216858,0.6995159983634949,0.09073203802108765,0.4611642062664032,0.6981905698776245,0.155183807015419,0.291081041097641,0.1670127511024475,6.520669937133789,5.261616230010986,6.615518093109131,9.671462059020996,3.5665159225463867,8.707358360290527,10.53787612915039,4.287857532501221,5.535447597503662,4.502373218536377,,,,,,,,,,,8.153800964355469,7.367834091186523,8.336650848388672,11.626625061035156,4.310027122497559,11.005345344543457,13.672809600830078,4.646028995513916,6.193416118621826,6.225467681884766,,,,,,,,,,,,,,,,,,,,,,,,,,,,,,,,,,,,,,,,
29,6134,,,,,,,,,,,,,,,,,,,,,,,,,,,,,,,,,,,,,,,,,0.7837108373641968,0.36680495738983154,0.42602047324180603,2.285435199737549,0.13144780695438385,1.5450575351715088,0.480033814907074,0.6603887677192688,0.7061040997505188,0.4521046280860901,8.961982727050781,5.813207626342773,7.472047328948975,13.728097915649414,3.928859233856201,14.602877616882324,9.464122772216797,8.676950454711914,8.70398998260498,8.26768970489502,,,,,,,,,,,11.474088668823242,6.704708099365234,9.404309272766113,21.015480041503906,5.187717437744141,20.144113540649414,11.337224006652832,9.584258079528809,9.646230697631836,10.242752075195312,,,,,,,,,,,,,,,,,,,,,,,,,,,,,,,,,,,,,,,,
29,6139,,,,,,,,,,,,,,,,,,,,,,,,,,,,,,,,,,,,,,,,,0.6150792241096497,0.4892304539680481,0.33541712164878845,0.4916383624076843,0.9412378072738647,0.7875467538833618,0.5088933706283569,0.6585453748703003,0.8315853476524353,0.49161824584007263,8.2861328125,5.765744686126709,6.84325647354126,7.179482936859131,10.457595825195312,11.786632537841797,8.873870849609375,7.680634498596191,7.443509101867676,8.544471740722656,,,,,,,,,,,10.721317291259766,7.743174076080322,8.344576835632324,9.747153282165527,13.881913185119629,14.38182544708252,11.673046112060547,9.570873260498047,10.46831226348877,10.68098258972168,,,,,,,,,,,,,,,,,,,,,,,,,,,,,,,,,,,,,,,,
29,6144,,,,,,,,,,,,,,,,,,,,,,,,,,,,,,,,,,,,,,,,,0.3273274004459381,0.3186938166618347,0.2542080283164978,0.3288807272911072,0.5083171725273132,0.32433903217315674,0.21885709464550018,0.46162062883377075,0.23819169402122498,0.2928386330604553,6.341710090637207,4.4255547523498535,5.803502559661865,7.214777946472168,7.545800685882568,8.68897819519043,5.841228008270264,7.365028381347656,3.364114761352539,6.82640266418457,,,,,,,,,,,7.825719356536865,6.249554634094238,7.264509201049805,7.972125053405762,10.201571464538574,9.229442596435547,7.655104637145996,8.013113975524902,5.602560520172119,8.243494987487793,,,,,,,,,,,,,,,,,,,,,,,,,,,,,,,,,,,,,,,,
29,6149,,,,,,,,,,,,,,,,,,,,,,,,,,,,,,,,,,,,,,,,,0.17988090217113495,0.051761019974946976,0.08170745521783829,0.4855805039405823,0.3312399089336395,0.39389216899871826,0.14226792752742767,1.0776481628417969,0.1377941071987152,0.07841689884662628,5.609072685241699,2.3926661014556885,4.118534088134766,7.199737548828125,8.235139846801758,10.042654991149902,4.883519172668457,9.97221565246582,3.937100410461426,3.981921434402466,,,,,,,,,,,5.91351842880249,2.518625497817993,4.118534088134766,9.686914443969727,8.235139846801758,10.1710205078125,6.171976566314697,12.243264198303223,4.261265754699707,4.265815258026123,,,,,,,,,,,,,,,,,,,,,,,,,,,,,,,,,,,,,,,,
29,6149,,,,,,,,,,,,,,,,,,,,,,,,,,,,,,,,,,,,,,,,,,,,,,,,,,,6.463582515716553,5.274651050567627,6.350301265716553,6.215868949890137,6.7997918128967285,8.280718803405762,7.291481018066406,5.454453468322754,5.4715471267700195,7.033425807952881,0.595061719417572,0.5953197479248047,0.6248232126235962,0.6326415538787842,0.6279066205024719,0.5311830043792725,0.6072434186935425,0.599240779876709,0.5697717666625977,0.5674251317977905,8.706415176391602,7.151047706604004,8.5543794631958,8.340160369873047,9.196972846984863,11.1218900680542,9.786674499511719,7.323868274688721,7.531455039978027,9.351288795471191,0.5377717018127441,0.8377410769462585,0.37265273928642273,0.44804826378822327,0.5497493147850037,0.5249764919281006,0.49718308448791504,0.4456055462360382,0.5950223207473755,0.5730087757110596,7.61284065246582,7.603587627410889,6.946279525756836,7.394257545471191,7.488462448120117,9.196609497070312,8.207354545593262,6.153501987457275,6.659716606140137,8.865796089172363,0.2792544960975647,0.26336508989334106,0.2493366003036499,0.2854633331298828,0.29817402362823486,0.2236127257347107,0.0913267731666565,0.4572123885154724,0.2792835831642151,0.3655158281326294,9.971707344055176,10.103073120117188,9.166158676147461,9.40164566040039,10.3093900680542,11.611183166503906,11.280953407287598,8.055326461791992,8.282784461975098,11.534852981567383
30,6154,,,,,,,,,,,,,,,,,,,,,,,,,,,,,,,,,,,,,,,,,0.3989464342594147,0.19317726790905,0.027212947607040405,0.6206498146057129,0.3166712522506714,1.0721111297607422,0.73863285779953,0.09946385771036148,0.11180376261472702,0.4107952117919922,6.663443088531494,4.074639320373535,2.2512292861938477,8.586997985839844,6.718800067901611,13.033075332641602,11.414541244506836,2.7288713455200195,2.842325210571289,8.320507049560547,,,,,,,,,,,8.267894744873047,4.865643501281738,2.3768374919891357,10.951616287231445,8.052003860473633,16.780147552490234,14.063231468200684,3.7195584774017334,3.8384110927581787,9.76359748840332,,,,,,,,,,,,,,,,,,,,,,,,,,,,,,,,,,,,,,,,
30,6159,,,,,,,,,,,,,,,,,,,,,,,,,,,,,,,,,,,,,,,,,0.47654566168785095,0.4754490852355957,0.27095723152160645,0.4085376560688019,0.5957468748092651,0.6419014930725098,0.4407956600189209,0.577105700969696,0.32669797539711,0.5517194271087646,7.486482620239258,5.917503833770752,5.449542999267578,6.722139835357666,9.602190017700195,9.768369674682617,8.743732452392578,6.590903282165527,5.328125953674316,9.255837440490723,,,,,,,,,,,9.527419090270996,7.633334159851074,7.50001335144043,8.885276794433594,11.044105529785156,12.984046936035156,10.863992691040039,8.959554672241211,6.561399936676025,11.315046310424805,,,,,,,,,,,,,,,,,,,,,,,,,,,,,,,,,,,,,,,,
30,6164,,,,,,,,,,,,,,,,,,,,,,,,,,,,,,,,,,,,,,,,,0.4397737681865692,0.3968927562236786,0.49303948879241943,0.7265080809593201,0.42414912581443787,0.39572325348854065,0.39664018154144287,0.09285525232553482,0.6597468256950378,0.37240880727767944,7.632478713989258,5.286564350128174,9.59069538116455,10.63450813293457,7.815413951873779,8.523516654968262,7.711100101470947,3.4009742736816406,7.738033294677734,7.9914984703063965,,,,,,,,,,,8.997037887573242,6.974271774291992,10.11701774597168,11.848820686340332,9.318777084350586,10.194634437561035,10.305501937866211,3.5938663482666016,9.324207305908203,9.296236991882324,,,,,,,,,,,,,,,,,,,,,,,,,,,,,,,,,,,,,,,,
30,6169,,,,,,,,,,,,,,,,,,,,,,,,,,,,,,,,,,,,,,,,,0.19373264908790588,0.3332878351211548,0.13152681291103363,0.0874611958861351,0.3767203688621521,0.21615411341190338,0.12623231112957,0.17848758399486542,0.13690146803855896,0.15682214498519897,4.7573065757751465,5.288362979888916,4.596826553344727,2.7066173553466797,6.027988910675049,6.324343204498291,5.001279354095459,4.38562536239624,3.5324783325195312,4.952236175537109,,,,,,,,,,,5.902319431304932,6.391047477722168,5.225391864776611,4.111143112182617,8.782319068908691,7.534555435180664,5.813746452331543,4.982676982879639,4.247440814971924,6.032549858093262,,,,,,,,,,,,,,,,,,,,,,,,,,,,,,,,,,,,,,,,
30,6174,,,,,,,,,,,,,,,,,,,,,,,,,,,,,,,,,,,,,,,,,0.2867233455181122,0.40861013531684875,0.16690483689308167,0.7833506464958191,0.12240605056285858,0.21367207169532776,0.23916378617286682,0.11642839759588242,0.17077970504760742,0.35919463634490967,5.482192039489746,5.62467098236084,4.783557415008545,10.38936996459961,3.6732921600341797,5.668388843536377,5.878143787384033,2.993781566619873,3.7374930381774902,6.591030597686768,,,,,,,,,,,7.073796272277832,7.076473236083984,5.886350154876709,12.30362319946289,5.006118297576904,7.491171836853027,8.002367973327637,4.024279594421387,4.743964672088623,9.129817962646484,,,,,,,,,,,,,,,,,,,,,,,,,,,,,,,,,,,,,,,,
30,6179,,,,,,,,,,,,,,,,,,,,,,,,,,,,,,,,,,,,,,,,,0.4782558083534241,0.48227590322494507,0.3180294930934906,0.24321453273296356,0.7565088868141174,0.48862943053245544,1.0338222980499268,0.2597803473472595,0.19005417823791504,0.5319870710372925,7.349722385406494,6.0949907302856445,7.0157790184021,5.7782769203186035,8.218873977661133,8.431351661682129,12.512389183044434,4.672855854034424,4.280679702758789,9.142304420471191,,,,,,,,,,,9.467442512512207,7.687941074371338,8.125411033630371,6.855666160583496,12.44533634185791,11.328325271606445,16.63771629333496,6.011209011077881,5.004515171051025,11.110860824584961,,,,,,,,,,,,,,,,,,,,,,,,,,,,,,,,,,,,,,,,
30,6184,,,,,,,,,,,,,,,,,,,,,,,,,,,,,,,,,,,,,,,,,0.3061330020427704,0.441195547580719,0.13541504740715027,0.2010752260684967,0.4251020550727844,0.6472328305244446,0.4192602038383484,0.20877796411514282,0.09834261983633041,0.17879551649093628,5.793160438537598,5.773052215576172,4.525534152984619,4.618916988372803,6.967286109924316,9.840136528015137,8.614882469177246,4.468653678894043,2.9207394123077393,4.409239768981934,,,,,,,,,,,7.4757080078125,7.353224754333496,5.302065849304199,6.233531475067139,9.329239845275879,13.037854194641113,10.595284461975098,5.388911724090576,3.599931001663208,6.441329479217529,,,,,,,,,,,,,,,,,,,,,,,,,,,,,,,,,,,,,,,,
30,6189,,,,,,,,,,,,,,,,,,,,,,,,,,,,,,,,,,,,,,,,,0.5020206570625305,0.5051864385604858,0.18874651193618774,0.7386651039123535,0.6271830797195435,0.931465208530426,0.36662113666534424,0.2938477396965027,0.6621512770652771,0.20431926846504211,7.634130001068115,6.252777099609375,5.447526454925537,9.112390518188477,8.79373836517334,12.683829307556152,7.62702751159668,4.986086845397949,8.113075256347656,5.690720558166504,,,,,,,,,,,9.508468627929688,7.8684306144714355,6.259665012359619,11.947546005249023,11.331746101379395,15.640807151794434,9.907852172851562,6.393223285675049,9.34118366241455,6.8857598304748535,,,,,,,,,,,,,,,,,,,,,,,,,,,,,,,,,,,,,,,,
30,6194,,,,,,,,,,,,,,,,,,,,,,,,,,,,,,,,,,,,,,,,,0.25195446610450745,0.24478207528591156,0.17729182541370392,0.22262327373027802,0.6106798052787781,0.33972272276878357,0.3206747770309448,0.04287285357713699,0.06220068037509918,0.2467418611049652,4.9748969078063965,4.062675476074219,4.4953413009643555,5.002427577972412,7.235202312469482,7.085556507110596,6.700019359588623,1.9689404964447021,2.3372201919555664,5.88668966293335,,,,,,,,,,,6.763169288635254,5.477117538452148,6.066749095916748,6.5590386390686035,11.18166446685791,9.445786476135254,9.266233444213867,2.442023754119873,2.862997055053711,7.566911220550537,,,,,,,,,,,,,,,,,,,,,,,,,,,,,,,,,,,,,,,,
30,6199,,,,,,,,,,,,,,,,,,,,,,,,,,,,,,,,,,,,,,,,,0.4773079454898834,0.42794957756996155,0.6233944296836853,0.43782639503479004,0.20951372385025024,0.3368297517299652,0.26864129304885864,1.2674001455307007,0.1926271617412567,0.5315889120101929,7.31077766418457,5.695594787597656,9.309965133666992,7.042486667633057,4.891961097717285,7.475432872772217,7.108534812927246,10.846271514892578,3.57161021232605,9.855137825012207,,,,,,,,,,,9.074995040893555,7.242001056671143,11.376092910766602,9.198263168334961,6.549466133117676,9.405482292175293,8.48119831085205,13.277478218078613,5.038276672363281,11.10670280456543,,,,,,,,,,,,,,,,,,,,,,,,,,,,,,,,,,,,,,,,
30,6204,,,,,,,,,,,,,,,,,,,,,,,,,,,,,,,,,,,,,,,,,0.38320961594581604,0.27803581953048706,0.3164798319339752,0.33312445878982544,0.38534560799598694,0.7189528346061707,0.48430007696151733,0.26204583048820496,0.4688732624053955,0.20172861218452454,6.50826358795166,4.555235385894775,5.5581464767456055,6.686478614807129,7.5514302253723145,9.329513549804688,8.529099464416504,4.562816619873047,6.233591556549072,5.568061828613281,,,,,,,,,,,8.524128913879395,5.837308883666992,8.1055908203125,8.023394584655762,8.882287979125977,13.741244316101074,11.387490272521973,6.0373640060424805,7.8605146408081055,6.8419671058654785,,,,,,,,,,,,,,,,,,,,,,,,,,,,,,,,,,,,,,,,
30,6209,,,,,,,,,,,,,,,,,,,,,,,,,,,,,,,,,,,,,,,,,0.2698923349380493,0.2124403566122055,0.34058910608291626,0.23737086355686188,0.32826685905456543,0.5167648196220398,0.32386869192123413,0.13364049792289734,0.12979696691036224,0.20629270374774933,5.52164888381958,4.082789421081543,6.806248664855957,4.881059646606445,6.627274990081787,7.930244445800781,6.906915664672852,3.5115578174591064,3.3139092922210693,5.634836673736572,,,,,,,,,,,7.201155662536621,5.102473735809326,8.40866470336914,6.772805690765381,8.198100090026855,11.649903297424316,9.312264442443848,4.311493873596191,4.1357622146606445,6.918932914733887,,,,,,,,,,,,,,,,,,,,,,,,,,,,,,,,,,,,,,,,
30,6214,,,,,,,,,,,,,,,,,,,,,,,,,,,,,,,,,,,,,,,,,0.5715215802192688,0.5711442828178406,0.3907617926597595,0.3312164843082428,0.5218746662139893,0.44776952266693115,0.3226485848426819,0.7799196243286133,1.4994672536849976,0.27889201045036316,7.703226566314697,6.702601909637451,7.9962358474731445,6.737013816833496,7.823234558105469,8.364450454711914,6.903058052062988,7.8388752937316895,10.550969123840332,6.412603378295898,,,,,,,,,,,9.818509101867676,8.366333961486816,9.006741523742676,8.000384330749512,10.336719512939453,10.844339370727539,9.294706344604492,10.415583610534668,14.056971549987793,8.0447998046875,,,,,,,,,,,,,,,,,,,,,,,,,,,,,,,,,,,,,,,,
30,6219,,,,,,,,,,,,,,,,,,,,,,,,,,,,,,,,,,,,,,,,,0.33886629343032837,0.29317352175712585,0.27032145857810974,0.15653622150421143,0.30687862634658813,0.6014904379844666,0.36269810795783997,0.22224068641662598,0.47782811522483826,0.358629435300827,6.427335262298584,4.669536113739014,6.34932279586792,5.232291221618652,6.544466495513916,9.786332130432129,7.93646240234375,4.2842607498168945,5.368201732635498,7.675145149230957,,,,,,,,,,,7.994781494140625,5.994109153747559,7.491208553314209,5.499995231628418,7.926527500152588,12.568695068359375,9.854700088500977,5.559945106506348,7.93522310256958,9.12263298034668,,,,,,,,,,,,,,,,,,,,,,,,,,,,,,,,,,,,,,,,
30,6224,,,,,,,,,,,,,,,,,,,,,,,,,,,,,,,,,,,,,,,,,0.39753854274749756,0.35009539127349854,0.6045424342155457,0.33601880073547363,0.4333442449569702,0.6931114196777344,0.47414565086364746,0.31524163484573364,0.1703667938709259,0.20098039507865906,6.627569198608398,5.528162479400635,7.93317985534668,5.395296573638916,7.575295925140381,11.243556022644043,8.751923561096191,4.367056369781494,3.376317024230957,5.477334499359131,,,,,,,,,,,8.686585426330566,6.550213813781738,11.202760696411133,8.058175086975098,9.419246673583984,13.492033004760742,11.267477035522461,6.621867656707764,4.738225936889648,6.829266548156738,,,,,,,,,,,,,,,,,,,,,,,,,,,,,,,,,,,,,,,,
30,6229,,,,,,,,,,,,,,,,,,,,,,,,,,,,,,,,,,,,,,,,,0.3251201808452606,0.48625078797340393,0.1457528918981552,0.2974415421485901,0.4615590572357178,0.5588206648826599,0.27669161558151245,0.14637833833694458,0.24390196800231934,0.30928459763526917,6.375640869140625,6.250363349914551,4.3144073486328125,6.977860927581787,7.445720195770264,10.03081226348877,6.687731742858887,3.6190783977508545,5.55419397354126,6.5006022453308105,,,,,,,,,,,7.766477108001709,7.719558238983154,5.500729084014893,7.581510066986084,9.721052169799805,12.114683151245117,8.60733699798584,4.512290954589844,5.669319152832031,8.471813201904297,,,,,,,,,,,,,,,,,,,,,,,,,,,,,,,,,,,,,,,,
30,6234,,,,,,,,,,,,,,,,,,,,,,,,,,,,,,,,,,,,,,,,,0.5897120237350464,0.7079172134399414,0.13055768609046936,0.09207893908023834,0.657921552658081,1.620450735092163,0.5514857769012451,0.37749722599983215,0.336090624332428,0.8334084749221802,7.583253860473633,5.596747875213623,4.482524871826172,3.853977918624878,7.603602886199951,14.177058219909668,9.034847259521484,7.062643051147461,6.058082103729248,10.379796981811523,,,,,,,,,,,10.103825569152832,9.314371109008789,5.206104278564453,4.218276500701904,11.606110572814941,20.629741668701172,12.151726722717285,7.246288299560547,6.655052185058594,13.906765937805176,,,,,,,,,,,,,,,,,,,,,,,,,,,,,,,,,,,,,,,,
30,6239,,,,,,,,,,,,,,,,,,,,,,,,,,,,,,,,,,,,,,,,,0.3754273056983948,0.7807701230049133,0.11625877022743225,0.13585516810417175,0.3431001901626587,0.7373020052909851,0.5007631778717041,0.17767903208732605,0.29110658168792725,0.29601073265075684,6.690949440002441,7.536548137664795,4.4054083824157715,4.823930740356445,7.00989294052124,10.93575382232666,9.155571937561035,4.175970077514648,5.121610164642334,7.05385684967041,,,,,,,,,,,8.127528190612793,9.781913757324219,4.912748336791992,5.123809337615967,8.381275177001953,13.915491104125977,11.579424858093262,4.971378326416016,6.193687438964844,8.288022994995117,,,,,,,,,,,,,,,,,,,,,,,,,,,,,,,,,,,,,,,,
30,6244,,,,,,,,,,,,,,,,,,,,,,,,,,,,,,,,,,,,,,,,,0.27157995104789734,0.17448367178440094,0.11707116663455963,0.13837918639183044,0.3046097755432129,0.5621970891952515,0.12134560942649841,0.21928611397743225,0.5938712954521179,0.2129756659269333,5.349863052368164,3.3837945461273193,4.103043556213379,4.638767242431641,6.131119251251221,8.343674659729004,4.8661956787109375,4.113337993621826,6.505823135375977,6.063009262084961,,,,,,,,,,,6.8748040199279785,4.624232292175293,4.9298834800720215,5.171187400817871,7.8971710205078125,12.151227951049805,5.700104713439941,5.522863388061523,8.846458435058594,7.030111312866211,,,,,,,,,,,,,,,,,,,,,,,,,,,,,,,,,,,,,,,,
30,6249,,,,,,,,,,,,,,,,,,,,,,,,,,,,,,,,,,,,,,,,,0.3428307771682739,0.25382697582244873,0.29409700632095337,0.3443831503391266,0.6320428252220154,0.3562009036540985,0.30584579706192017,0.2171584665775299,0.48482123017311096,0.19710054993629456,6.232283115386963,4.611126899719238,6.254701614379883,5.2134528160095215,8.541141510009766,7.719902038574219,7.165581226348877,4.239522457122803,6.754220962524414,5.59089469909668,,,,,,,,,,,7.988691806793213,5.577391624450684,7.813704490661621,8.157852172851562,11.37556266784668,9.672158241271973,9.049447059631348,5.496005058288574,7.99307918548584,6.763026714324951,,,,,,,,,,,,,,,,,,,,,,,,,,,,,,,,,,,,,,,,
30,6254,,,,,,,,,,,,,,,,,,,,,,,,,,,,,,,,,,,,,,,,,0.45120587944984436,0.43321946263313293,0.4427309036254883,0.7981879711151123,0.5141253471374512,0.8442553281784058,0.2934334874153137,0.08930065482854843,0.11216765642166138,0.5334324240684509,7.512312889099121,5.874366760253906,8.364864349365234,11.45998477935791,8.897377014160156,10.458239555358887,7.111065864562988,2.992387056350708,3.5521326065063477,8.900400161743164,,,,,,,,,,,9.089138984680176,7.286453723907471,9.586974143981934,12.419595718383789,10.259688377380371,14.890620231628418,8.863916397094727,3.524406909942627,3.8446524143218994,11.125945091247559,,,,,,,,,,,,,,,,,,,,,,,,,,,,,,,,,,,,,,,,
30,6259,,,,,,,,,,,,,,,,,,,,,,,,,,,,,,,,,,,,,,,,,0.17369011044502258,0.1390540450811386,0.16339965164661407,0.07475771754980087,0.14519654214382172,0.28476011753082275,0.1833287477493286,0.1262630671262741,0.2949117124080658,0.15153935551643372,4.716148376464844,2.8477542400360107,5.1461076736450195,3.1546459197998047,4.422677040100098,7.054666042327881,5.779665946960449,3.5238795280456543,5.418627738952637,5.097311973571777,,,,,,,,,,,5.690516948699951,4.128137111663818,5.824212551116943,3.8008692264556885,5.452275276184082,8.647994995117188,7.0062575340271,4.190799236297607,6.234035491943359,5.930070877075195,,,,,,,,,,,,,,,,,,,,,,,,,,,,,,,,,,,,,,,,
30,6264,,,,,,,,,,,,,,,,,,,,,,,,,,,,,,,,,,,,,,,,,0.46594831347465515,0.2737906575202942,0.5994523167610168,0.9892779588699341,0.3308274447917938,0.4153062701225281,0.322493314743042,0.34526094794273376,0.5488268136978149,0.36829912662506104,7.604304790496826,4.4334235191345215,9.049637794494629,11.676724433898926,7.272843360900879,8.72431755065918,7.6399383544921875,5.832382678985596,6.909893035888672,6.899582862854004,,,,,,,,,,,9.268898010253906,5.792573928833008,11.155497550964355,13.826557159423828,8.230010986328125,10.443838119506836,9.29246997833252,6.929987907409668,8.504345893859863,9.244800567626953,,,,,,,,,,,,,,,,,,,,,,,,,,,,,,,,,,,,,,,,
30,6269,,,,,,,,,,,,,,,,,,,,,,,,,,,,,,,,,,,,,,,,,0.32301920652389526,0.33141303062438965,0.3795878291130066,0.17915396392345428,0.4476359188556671,0.6567961573600769,0.39828458428382874,0.15196610987186432,0.013320709578692913,0.3490145802497864,6.008056163787842,5.46569299697876,6.035614013671875,3.812401533126831,7.960652828216553,9.701295852661133,8.41028118133545,3.6827709674835205,1.2231696844100952,7.780628681182861,,,,,,,,,,,7.676669597625732,6.373045921325684,8.877031326293945,5.883937835693359,9.573309898376465,13.13382339477539,10.326842308044434,4.597609519958496,1.3249118328094482,8.99951171875,,,,,,,,,,,,,,,,,,,,,,,,,,,,,,,,,,,,,,,,
30,6274,,,,,,,,,,,,,,,,,,,,,,,,,,,,,,,,,,,,,,,,,0.4442291557788849,0.6790018081665039,0.2268437147140503,0.26531100273132324,0.3265397548675537,0.464315265417099,0.2922050654888153,0.9966720938682556,0.5355274677276611,0.2116464227437973,6.939056396484375,6.5250420570373535,5.602344989776611,5.772213459014893,6.1641716957092285,10.109908103942871,6.320956230163574,9.811685562133789,6.188401699066162,5.956784248352051,,,,,,,,,,,8.71030044555664,9.122160911560059,6.862383842468262,7.1603217124938965,8.176505088806152,11.042880058288574,8.845342636108398,11.774293899536133,8.400675773620605,7.008138656616211,,,,,,,,,,,,,,,,,,,,,,,,,,,,,,,,,,,,,,,,
30,6279,,,,,,,,,,,,,,,,,,,,,,,,,,,,,,,,,,,,,,,,,0.2767835259437561,0.17108091711997986,0.23455709218978882,0.25597286224365234,0.5551861524581909,0.32833895087242126,0.20432959496974945,0.27540403604507446,0.3037181794643402,0.1624639332294464,5.886228084564209,3.959853172302246,5.976181507110596,6.093382358551025,8.33604621887207,6.688318252563477,5.441230297088623,5.82306432723999,5.516593933105469,5.141380786895752,,,,,,,,,,,7.176712989807129,4.578919887542725,6.9780802726745605,7.033181190490723,10.661516189575195,9.286179542541504,7.396673202514648,6.189332962036133,6.326429843902588,6.140102863311768,,,,,,,,,,,,,,,,,,,,,,,,,,,,,,,,,,,,,,,,
30,6284,,,,,,,,,,,,,,,,,,,,,,,,,,,,,,,,,,,,,,,,,0.4455651640892029,0.5619528293609619,0.06789925694465637,0.40374311804771423,0.20514477789402008,0.7301810383796692,0.1794722080230713,0.44076424837112427,1.0125070810317993,0.4084218740463257,6.7493577003479,7.1111063957214355,3.296809673309326,7.544303894042969,5.072384834289551,10.033934593200684,5.242620468139648,5.757471561431885,8.84753131866455,7.838055610656738,,,,,,,,,,,8.584856986999512,8.298741340637207,3.7544312477111816,8.83298397064209,6.480819225311279,13.848130226135254,6.932173252105713,7.830002307891846,11.551072120666504,9.735353469848633,,,,,,,,,,,,,,,,,,,,,,,,,,,,,,,,,,,,,,,,
30,6289,,,,,,,,,,,,,,,,,,,,,,,,,,,,,,,,,,,,,,,,,0.4828029274940491,0.4771818220615387,0.07649233937263489,0.32150039076805115,0.13168995082378387,0.4558810293674469,0.27060967683792114,0.7984919548034668,1.488194465637207,0.3251844346523285,6.5524115562438965,6.195764064788818,3.08931303024292,5.226785182952881,4.117806434631348,7.7139506340026855,6.700482368469238,8.670409202575684,9.751511573791504,7.505683898925781,,,,,,,,,,,8.59898853302002,7.647231101989746,3.984929084777832,7.882165908813477,5.192493915557861,10.942124366760254,8.512212753295898,10.538867950439453,14.004034042358398,8.686844825744629,,,,,,,,,,,,,,,,,,,,,,,,,,,,,,,,,,,,,,,,
30,6294,,,,,,,,,,,,,,,,,,,,,,,,,,,,,,,,,,,,,,,,,0.3922974169254303,0.27202969789505005,0.3007906973361969,0.5948392748832703,0.3405494689941406,0.9327978491783142,0.18439018726348877,0.3083944320678711,0.3725336492061615,0.22435155510902405,6.235050678253174,4.7530083656311035,6.0797224044799805,7.32036018371582,5.635848522186279,11.245890617370605,5.499155044555664,3.92132830619812,5.60910177230835,6.0510406494140625,,,,,,,,,,,8.466404914855957,5.7739152908325195,7.902124881744385,10.721480369567871,8.350062370300293,15.651991844177246,7.026510238647461,6.549558639526367,7.006579399108887,7.215422630310059,,,,,,,,,,,,,,,,,,,,,,,,,,,,,,,,,,,,,,,,
30,6299,,,,,,,,,,,,,,,,,,,,,,,,,,,,,,,,,,,,,,,,,0.36049118638038635,0.4095290005207062,0.11755339801311493,0.5516932606697083,0.3968468904495239,0.2596099078655243,0.19256670773029327,0.7233719825744629,0.2086658924818039,0.3845835328102112,6.316269874572754,5.806135654449463,3.3425283432006836,9.209592819213867,7.241254806518555,6.069393634796143,5.789386749267578,6.669543266296387,4.641355037689209,8.077239036560059,,,,,,,,,,,7.947024822235107,7.0844244956970215,4.94002628326416,10.325325012207031,9.013866424560547,8.257269859313965,7.180610656738281,10.030891418457031,5.243834972381592,9.44697093963623,,,,,,,,,,,,,,,,,,,,,,,,,,,,,,,,,,,,,,,,
30,6304,,,,,,,,,,,,,,,,,,,,,,,,,,,,,,,,,,,,,,,,,0.2899714410305023,0.24443167448043823,0.22298100590705872,0.2590136229991913,0.27385610342025757,0.64815753698349,0.19156710803508759,0.2808583974838257,0.20270675420761108,0.2861706614494324,5.969043254852295,4.075207710266113,4.577611446380615,6.0988311767578125,5.814063549041748,10.526861190795898,6.36686897277832,6.039616107940674,3.783945083618164,6.438387393951416,,,,,,,,,,,7.401845455169678,5.473196029663086,6.803706645965576,7.074832916259766,7.487914562225342,13.047165870666504,7.161949634552002,6.250322341918945,5.168415069580078,8.149103164672852,,,,,,,,,,,,,,,,,,,,,,,,,,,,,,,,,,,,,,,,
30,6309,,,,,,,,,,,,,,,,,,,,,,,,,,,,,,,,,,,,,,,,,0.322995126247406,0.2889478802680969,0.2160368710756302,0.2854752540588379,0.3487517535686493,0.37260502576828003,0.7349504232406616,0.194088414311409,0.23276935517787933,0.23333147168159485,6.124064922332764,4.992352485656738,5.458069324493408,5.96619176864624,5.026767253875732,8.378145217895508,10.826826095581055,4.12269401550293,4.2415289878845215,6.104012966156006,,,,,,,,,,,7.837594032287598,5.950754165649414,6.696927070617676,7.427439212799072,8.45002269744873,9.892366409301758,14.028131484985352,5.195872783660889,5.538424015045166,7.358407974243164,,,,,,,,,,,,,,,,,,,,,,,,,,,,,,,,,,,,,,,,
30,6314,,,,,,,,,,,,,,,,,,,,,,,,,,,,,,,,,,,,,,,,,0.5865290760993958,0.34864431619644165,0.6417331099510193,0.6436126232147217,0.4021323025226593,0.42270204424858093,0.2616107761859894,0.9112380146980286,1.2810766696929932,0.3660123646259308,7.50473690032959,5.487359046936035,8.391915321350098,8.027691841125488,5.706312656402588,7.675560474395752,6.365774631500244,8.823713302612305,10.199323654174805,6.864985466003418,,,,,,,,,,,10.075360298156738,6.536625385284424,11.542207717895508,11.152369499206543,9.07369327545166,10.536418914794922,8.36948299407959,11.258347511291504,12.993042945861816,9.216054916381836,,,,,,,,,,,,,,,,,,,,,,,,,,,,,,,,,,,,,,,,
30,6319,,,,,,,,,,,,,,,,,,,,,,,,,,,,,,,,,,,,,,,,,0.4881916642189026,0.36935028433799744,0.31771063804626465,0.5265277624130249,0.41116008162498474,0.33530116081237793,0.6775068640708923,0.22312518954277039,0.3701522946357727,1.1628906726837158,7.22590970993042,5.673816204071045,5.378514289855957,6.890615463256836,6.818463325500488,7.726655960083008,9.745429992675781,4.417842388153076,6.284581184387207,12.097270011901855,,,,,,,,,,,9.549630165100098,6.727931022644043,8.121336936950684,10.087081909179688,9.174979209899902,9.384116172790527,13.468761444091797,5.570998191833496,6.984148979187012,16.427316665649414,,,,,,,,,,,,,,,,,,,,,,,,,,,,,,,,,,,,,,,,
30,6324,,,,,,,,,,,,,,,,,,,,,,,,,,,,,,,,,,,,,,,,,0.36887526512145996,0.2576657235622406,0.16188284754753113,0.5736714601516724,0.2415231317281723,0.2717651128768921,0.45798438787460327,0.5908074975013733,0.6270531415939331,0.13752411305904388,6.336830139160156,4.534794807434082,5.042934894561768,8.40579605102539,5.534639835357666,6.27617883682251,8.627204895019531,7.362940311431885,6.572307109832764,4.6746745109558105,,,,,,,,,,,8.033822059631348,5.619409084320068,5.797117710113525,10.528985977172852,7.0320024490356445,8.448366165161133,11.073785781860352,9.065290451049805,9.090242385864258,5.649196147918701,,,,,,,,,,,,,,,,,,,,,,,,,,,,,,,,,,,,,,,,
30,6329,,,,,,,,,,,,,,,,,,,,,,,,,,,,,,,,,,,,,,,,,0.6424301862716675,0.5569000244140625,0.7785619497299194,0.6238559484481812,0.42291060090065,0.7434689998626709,0.7087252736091614,0.7698643803596497,0.537041962146759,0.6405425071716309,8.00554084777832,6.126142501831055,9.84636116027832,8.430087089538574,6.291802883148193,8.80410099029541,9.20619010925293,8.284811973571777,5.19611120223999,9.864259719848633,,,,,,,,,,,11.106831550598145,8.261347770690918,12.713298797607422,10.979866027832031,9.305161476135254,13.973567962646484,13.775575637817383,10.348223686218262,8.412545204162598,12.19189453125,,,,,,,,,,,,,,,,,,,,,,,,,,,,,,,,,,,,,,,,
30,6334,,,,,,,,,,,,,,,,,,,,,,,,,,,,,,,,,,,,,,,,,0.5831124186515808,0.281136155128479,0.5037214756011963,0.6034978032112122,0.5659834146499634,0.5573727488517761,0.8949530720710754,0.5141966938972473,0.7447977662086487,0.5823525190353394,8.337519645690918,4.857078552246094,8.028690338134766,8.062710762023926,8.832261085510254,9.402445793151855,10.48052978515625,7.144433975219727,8.556989669799805,9.672533988952637,,,,,,,,,,,10.58086109161377,5.8697638511657715,10.226025581359863,10.79922866821289,10.764689445495605,12.098978996276855,15.479997634887695,8.457137107849121,9.90700626373291,11.62492561340332,,,,,,,,,,,,,,,,,,,,,,,,,,,,,,,,,,,,,,,,
30,6339,,,,,,,,,,,,,,,,,,,,,,,,,,,,,,,,,,,,,,,,,0.3054581880569458,0.5368027687072754,0.05775275081396103,0.2709124684333801,0.601093053817749,0.5441521406173706,0.2660250663757324,0.067093625664711,0.07705280184745789,0.32823890447616577,5.553297996520996,5.753777027130127,2.4849612712860107,5.992783069610596,8.261469841003418,8.872608184814453,6.619941711425781,2.8690075874328613,2.4783999919891357,6.64673376083374,,,,,,,,,,,7.251773357391357,8.11091136932373,3.4625656604766846,7.235513687133789,11.093548774719238,11.95462703704834,8.439799308776855,3.0549163818359375,3.1865265369415283,8.727547645568848,,,,,,,,,,,,,,,,,,,,,,,,,,,,,,,,,,,,,,,,
30,6344,,,,,,,,,,,,,,,,,,,,,,,,,,,,,,,,,,,,,,,,,0.40826478600502014,0.4605192542076111,0.5030151605606079,0.21589699387550354,0.18556314706802368,0.27145519852638245,0.32286572456359863,0.9729364514350891,0.3462633490562439,0.3958675265312195,6.669382572174072,5.060447692871094,7.66859769821167,5.620593070983887,4.62007999420166,7.157614231109619,6.989590167999268,9.038649559020996,5.794670104980469,8.074204444885254,,,,,,,,,,,8.45206069946289,7.512529373168945,10.218853950500488,6.459191799163818,6.16375732421875,8.443547248840332,9.297833442687988,11.633247375488281,6.755018711090088,9.584559440612793,,,,,,,,,,,,,,,,,,,,,,,,,,,,,,,,,,,,,,,,
30,6349,,,,,,,,,,,,,,,,,,,,,,,,,,,,,,,,,,,,,,,,,0.2765958607196808,0.3698942959308624,0.20845596492290497,0.3764854967594147,0.19242478907108307,0.19491520524024963,0.46120500564575195,0.14414337277412415,0.19770552217960358,0.3441331088542938,5.665421009063721,5.141023635864258,5.591547966003418,7.420244216918945,5.14467191696167,5.024904251098633,7.762080192565918,3.3218088150024414,4.033815383911133,7.548693656921387,,,,,,,,,,,7.211483478546143,6.732883453369141,6.578377723693848,8.529606819152832,6.276681900024414,7.154819965362549,11.112654685974121,4.477710723876953,5.1042585372924805,8.936355590820312,,,,,,,,,,,,,,,,,,,,,,,,,,,,,,,,,,,,,,,,
30,6354,,,,,,,,,,,,,,,,,,,,,,,,,,,,,,,,,,,,,,,,,0.4918693006038666,0.047962039709091187,0.16087846457958221,0.017873669043183327,0.049776896834373474,1.3789288997650146,1.6303480863571167,0.21156620979309082,0.8722242116928101,0.05726548284292221,7.3387603759765625,2.3343992233276367,5.7791056632995605,1.8584964275360107,3.1923725605010986,15.427205085754395,18.454566955566406,5.424776077270508,10.721051216125488,2.856869697570801,,,,,,,,,,,8.107718467712402,2.424438238143921,5.7791056632995605,1.8584964275360107,3.1923725605010986,19.030351638793945,20.89348793029785,5.424776077270508,10.721051216125488,3.6453871726989746,,,,,,,,,,,,,,,,,,,,,,,,,,,,,,,,,,,,,,,,
30,6354,,,,,,,,,,,,,,,,,,,,,,,,,,,,,,,,,,,,,,,,,,,,,,,,,,,6.494113445281982,5.340627193450928,6.310551166534424,6.248065948486328,6.81925630569458,8.256450653076172,7.2854905128479,5.554523944854736,5.556515693664551,7.075540542602539,0.5937218070030212,0.5883386135101318,0.6296531558036804,0.6295440196990967,0.6300715208053589,0.5353676080703735,0.6105238199234009,0.5934655070304871,0.5601673126220703,0.5663644075393677,8.714350700378418,7.212465286254883,8.499139785766602,8.375246047973633,9.170181274414062,11.072139739990234,9.745718002319336,7.3764519691467285,7.615058422088623,9.362747192382812,0.5268338918685913,0.8372757434844971,0.3463549017906189,0.40268468856811523,0.5538976192474365,0.5165471434593201,0.49055230617523193,0.4374387860298157,0.6090564727783203,0.5494933724403381,7.590953350067139,7.569503307342529,6.7313337326049805,7.157301902770996,7.775252819061279,9.194594383239746,8.420571327209473,6.03287410736084,6.676876544952393,8.760272026062012,0.2852279245853424,0.26290225982666016,0.274872362613678,0.30820977687835693,0.2928982377052307,0.23546308279037476,0.08753317594528198,0.46079468727111816,0.2571026086807251,0.38727498054504395,9.92378044128418,10.106246948242188,9.008904457092285,9.2507905960083,10.348065376281738,11.522229194641113,11.304476737976074,8.028700828552246,8.40927505493164,11.335336685180664
31,6359,,,,,,,,,,,,,,,,,,,,,,,,,,,,,,,,,,,,,,,,,0.315862238407135,0.31065016984939575,0.16460809111595154,0.3336351811885834,0.35398709774017334,0.223795548081398,0.10962966829538345,0.2589717209339142,0.6120098233222961,0.47547274827957153,6.270813941955566,5.545078277587891,4.675891876220703,7.243574619293213,7.1604108810424805,6.166100978851318,4.363252639770508,5.304213523864746,7.561328411102295,8.417473793029785,,,,,,,,,,,7.458853721618652,6.1701836585998535,5.845709800720215,8.029542922973633,8.51321029663086,7.666578769683838,5.417948246002197,6.001846790313721,8.980541229248047,10.504128456115723,,,,,,,,,,,,,,,,,,,,,,,,,,,,,,,,,,,,,,,,
31,6364,,,,,,,,,,,,,,,,,,,,,,,,,,,,,,,,,,,,,,,,,0.3854193687438965,0.46234503388404846,0.20490723848342896,0.4015849828720093,0.4254968464374542,0.23770761489868164,0.20530188083648682,0.48694705963134766,0.5702309608459473,0.47425270080566406,6.343763828277588,5.277573108673096,5.6656975746154785,7.1682868003845215,7.030791282653809,6.348169326782227,5.813553810119629,5.769984722137451,5.79274320602417,8.227076530456543,,,,,,,,,,,8.321913719177246,7.527406215667725,6.5221428871154785,8.809344291687012,9.33357048034668,7.901279449462891,7.414250373840332,8.229995727539062,8.668593406677246,10.490642547607422,,,,,,,,,,,,,,,,,,,,,,,,,,,,,,,,,,,,,,,,
31,6369,,,,,,,,,,,,,,,,,,,,,,,,,,,,,,,,,,,,,,,,,0.6691257357597351,0.5197415351867676,0.8363295197486877,0.7756044864654541,0.43229803442955017,0.44877105951309204,1.001859426498413,0.7879171371459961,0.7772099375724792,0.44240042567253113,8.826948165893555,5.617717266082764,10.808234214782715,9.764732360839844,7.950476169586182,9.28226089477539,11.705358505249023,8.443826675415039,7.485134601593018,8.384790420532227,,,,,,,,,,,11.19603443145752,7.980975151062012,13.176508903503418,12.242639541625977,9.407868385314941,10.856461524963379,16.378501892089844,10.468851089477539,10.120279312133789,10.13222885131836,,,,,,,,,,,,,,,,,,,,,,,,,,,,,,,,,,,,,,,,
31,6374,,,,,,,,,,,,,,,,,,,,,,,,,,,,,,,,,,,,,,,,,0.3830881118774414,0.5748829245567322,0.27321282029151917,0.11117056012153625,0.5133638978004456,0.7922034859657288,0.3552391529083252,0.38549932837486267,0.2639842927455902,0.1782366782426834,6.904722690582275,7.245476245880127,7.109965801239014,3.5303428173065186,7.7677483558654785,10.777925491333008,8.21243667602539,6.731767177581787,5.294256210327148,5.472588062286377,,,,,,,,,,,8.29345417022705,8.393670082092285,7.531166076660156,4.635000705718994,10.252087593078613,14.42428207397461,9.75284194946289,7.32268762588501,5.898102760314941,6.431254863739014,,,,,,,,,,,,,,,,,,,,,,,,,,,,,,,,,,,,,,,,
31,6379,,,,,,,,,,,,,,,,,,,,,,,,,,,,,,,,,,,,,,,,,0.3336130678653717,0.30584654211997986,0.15782424807548523,0.06397274136543274,0.5986855030059814,0.2607302963733673,0.321191668510437,0.09460388869047165,0.1467699110507965,1.0528926849365234,5.832189083099365,4.587325096130371,5.3663787841796875,2.739097833633423,8.646883964538574,6.931701183319092,6.821141242980957,3.183288097381592,3.6471474170684814,10.56673526763916,,,,,,,,,,,7.515431880950928,6.122292518615723,5.723985195159912,3.5160281658172607,11.071309089660645,8.275068283081055,9.273697853088379,3.6275486946105957,4.397863864898682,15.631089210510254,,,,,,,,,,,,,,,,,,,,,,,,,,,,,,,,,,,,,,,,
31,6384,,,,,,,,,,,,,,,,,,,,,,,,,,,,,,,,,,,,,,,,,0.3555869460105896,0.2713911235332489,0.3872184157371521,0.5271420478820801,0.34326857328414917,0.4125806391239166,0.30090823769569397,0.23083442449569702,0.27951377630233765,0.44742530584335327,6.48923397064209,4.2971954345703125,6.2761549949646,8.43954086303711,6.199440956115723,8.389266967773438,6.89603853225708,4.6383514404296875,4.896099090576172,8.371021270751953,,,,,,,,,,,8.279999732971191,5.767135143280029,8.965812683105469,10.092963218688965,8.383332252502441,10.409509658813477,8.976102828979492,5.666423320770264,6.069108486175537,10.189607620239258,,,,,,,,,,,,,,,,,,,,,,,,,,,,,,,,,,,,,,,,
31,6389,,,,,,,,,,,,,,,,,,,,,,,,,,,,,,,,,,,,,,,,,0.7086283564567566,0.5116695165634155,1.009461522102356,0.7328868508338928,0.6555815935134888,1.2324005365371704,0.54953533411026,0.932866096496582,0.3926892876625061,0.36056438088417053,9.08806324005127,6.305387020111084,11.763015747070312,9.613871574401855,9.178257942199707,13.094565391540527,9.654796600341797,8.991308212280273,5.564477920532227,7.626887798309326,,,,,,,,,,,11.526030540466309,7.918757438659668,14.476265907287598,11.900723457336426,11.585453033447266,17.990854263305664,12.130218505859375,11.3911714553833,7.193624973297119,9.147209167480469,,,,,,,,,,,,,,,,,,,,,,,,,,,,,,,,,,,,,,,,
31,6394,,,,,,,,,,,,,,,,,,,,,,,,,,,,,,,,,,,,,,,,,0.24340373277664185,0.43904125690460205,0.03219781443476677,0.2721153199672699,0.2991304397583008,0.3327826261520386,0.21260251104831696,0.10839612782001495,0.2573114335536957,0.2370559424161911,5.185971260070801,5.753019332885742,2.297873020172119,5.214710235595703,5.808726787567139,7.820652484893799,5.955332279205322,3.296192169189453,4.585442066192627,5.941792964935303,,,,,,,,,,,6.557190895080566,7.335250377655029,2.5853826999664307,7.251559257507324,7.825821876525879,9.348807334899902,7.544926166534424,3.882983922958374,5.823080539703369,7.416903972625732,,,,,,,,,,,,,,,,,,,,,,,,,,,,,,,,,,,,,,,,
31,6399,,,,,,,,,,,,,,,,,,,,,,,,,,,,,,,,,,,,,,,,,0.8185420632362366,0.792910635471344,0.5779037475585938,1.236193060874939,0.472921758890152,0.2331736534833908,0.4561671316623688,1.1705771684646606,1.5518062114715576,0.8752252459526062,8.037248611450195,6.946076393127441,7.317868709564209,9.636598587036133,6.835341930389404,6.158875465393066,7.180876731872559,8.650411605834961,9.722498893737793,9.886687278747559,,,,,,,,,,,11.810669898986816,9.857672691345215,10.953158378601074,15.456032752990723,9.839982032775879,7.825562953948975,11.05179500579834,12.760237693786621,14.300198554992676,14.251386642456055,,,,,,,,,,,,,,,,,,,,,,,,,,,,,,,,,,,,,,,,
31,6404,,,,,,,,,,,,,,,,,,,,,,,,,,,,,,,,,,,,,,,,,0.33267033100128174,0.8466966152191162,0.15707504749298096,0.17493721842765808,0.1694401651620865,0.36443060636520386,0.3247544765472412,0.1756814569234848,0.3555770516395569,0.42544007301330566,6.169057369232178,7.556118965148926,4.189363479614258,5.116979598999023,5.092109680175781,9.055314064025879,6.922797679901123,4.256573677062988,5.312302589416504,8.0199556350708,,,,,,,,,,,7.603784561157227,10.186528205871582,5.71038293838501,5.8142805099487305,5.889898777008057,9.783252716064453,9.324990272521973,4.94335412979126,6.8452630043029785,9.936110496520996,,,,,,,,,,,,,,,,,,,,,,,,,,,,,,,,,,,,,,,,
31,6409,,,,,,,,,,,,,,,,,,,,,,,,,,,,,,,,,,,,,,,,,0.31091082096099854,0.3419675827026367,0.3648691773414612,0.3318009078502655,0.3499923646450043,0.28103041648864746,0.4913664162158966,0.25466135144233704,0.2193175107240677,0.16319139301776886,5.971223831176758,5.255552291870117,6.503084659576416,5.427734375,5.6100287437438965,6.696749210357666,9.46221923828125,5.290996551513672,4.276588439941406,5.218062400817871,,,,,,,,,,,7.688045978546143,6.473731994628906,8.703225135803223,8.007439613342285,8.465038299560547,8.591174125671387,11.470267295837402,5.95168924331665,5.3760085105896,6.153835296630859,,,,,,,,,,,,,,,,,,,,,,,,,,,,,,,,,,,,,,,,
31,6414,,,,,,,,,,,,,,,,,,,,,,,,,,,,,,,,,,,,,,,,,0.39153555035591125,0.2765023112297058,0.4608195722103119,0.7335021495819092,0.4197629690170288,0.3001609444618225,0.2542096674442291,0.38087567687034607,0.3269790709018707,0.37100735306739807,6.878983020782471,5.077879905700684,7.892974853515625,9.161945343017578,7.950004577636719,6.8692426681518555,6.767460823059082,6.316412925720215,4.607985019683838,7.266940593719482,,,,,,,,,,,8.558759689331055,5.821188926696777,9.780861854553223,11.905717849731445,9.270468711853027,8.878772735595703,8.250244140625,7.278641223907471,6.56422233581543,9.278728485107422,,,,,,,,,,,,,,,,,,,,,,,,,,,,,,,,,,,,,,,,
31,6419,,,,,,,,,,,,,,,,,,,,,,,,,,,,,,,,,,,,,,,,,0.22398535907268524,0.08150777220726013,0.21504375338554382,0.12165046483278275,0.18619826436042786,0.14322833716869354,0.19629019498825073,0.34739717841148376,0.49200594425201416,0.23254606127738953,5.094862461090088,2.364825963973999,5.460507869720459,4.376494884490967,5.360652446746826,5.391106128692627,5.628536701202393,5.037840843200684,6.265379428863525,5.968420505523682,,,,,,,,,,,6.288593769073486,3.16054368019104,6.681516647338867,4.848548889160156,6.1742963790893555,6.13324499130249,7.249701499938965,6.951393127441406,8.05208683013916,7.346012592315674,,,,,,,,,,,,,,,,,,,,,,,,,,,,,,,,,,,,,,,,
31,6424,,,,,,,,,,,,,,,,,,,,,,,,,,,,,,,,,,,,,,,,,0.31337466835975647,0.7719167470932007,0.21962401270866394,0.1815134882926941,0.4469233751296997,0.1891724020242691,0.3909413516521454,0.0722823515534401,0.12364723533391953,0.42435112595558167,6.039824962615967,7.999147891998291,5.609279632568359,4.534466743469238,7.358781337738037,5.993676662445068,8.457256317138672,3.1337168216705322,3.4925880432128906,7.779511451721191,,,,,,,,,,,7.375277996063232,9.726296424865723,6.752297401428223,5.922558307647705,9.56568717956543,7.048631191253662,10.231200218200684,3.1708436012268066,4.036597728729248,9.923385620117188,,,,,,,,,,,,,,,,,,,,,,,,,,,,,,,,,,,,,,,,
31,6429,,,,,,,,,,,,,,,,,,,,,,,,,,,,,,,,,,,,,,,,,0.6751881241798401,0.7500312328338623,0.3312858045101166,0.7657538652420044,0.9673079252243042,0.49925896525382996,0.8039613962173462,1.2617052793502808,0.1813216209411621,0.5160667896270752,8.892247200012207,7.574324607849121,6.66079044342041,11.626256942749023,10.665851593017578,8.277118682861328,11.181002616882324,11.801584243774414,4.146420955657959,8.096877098083496,,,,,,,,,,,11.035550117492676,9.587424278259277,8.293025970458984,12.164647102355957,14.07284927368164,11.45087718963623,14.671967506408691,13.247614860534668,4.888189792633057,10.943346977233887,,,,,,,,,,,,,,,,,,,,,,,,,,,,,,,,,,,,,,,,
31,6434,,,,,,,,,,,,,,,,,,,,,,,,,,,,,,,,,,,,,,,,,0.3060869574546814,0.46760112047195435,0.15365472435951233,0.2232215255498886,0.21898551285266876,0.23565475642681122,0.3197380304336548,0.38016390800476074,0.4260575771331787,0.32970547676086426,5.619696140289307,4.67063570022583,3.808525323867798,4.706079483032227,5.397550582885742,6.563877582550049,6.5460710525512695,5.972757339477539,5.677707195281982,7.234062671661377,,,,,,,,,,,7.45703649520874,7.570072174072266,5.647868633270264,6.567845344543457,6.69587516784668,7.867087364196777,9.25268840789795,7.27183723449707,7.493029594421387,8.74702262878418,,,,,,,,,,,,,,,,,,,,,,,,,,,,,,,,,,,,,,,,
31,6439,,,,,,,,,,,,,,,,,,,,,,,,,,,,,,,,,,,,,,,,,0.5041490197181702,0.27020612359046936,0.10550298541784286,0.2756689488887787,0.7595440149307251,0.2964371144771576,0.1857375204563141,0.4473291337490082,1.6282540559768677,0.568661093711853,7.046970367431641,4.848586082458496,4.276861667633057,6.533071041107178,9.135693550109863,8.020430564880371,5.432049751281738,6.126276016235352,10.539064407348633,8.510701179504395,,,,,,,,,,,8.90032958984375,5.75452995300293,4.6799798011779785,7.298755645751953,12.470277786254883,8.823524475097656,7.052134990692139,7.888097763061523,14.64820384979248,11.487458229064941,,,,,,,,,,,,,,,,,,,,,,,,,,,,,,,,,,,,,,,,
31,6444,,,,,,,,,,,,,,,,,,,,,,,,,,,,,,,,,,,,,,,,,0.25619933009147644,0.31767070293426514,0.2111668884754181,0.0833837017416954,0.4791427254676819,0.31508970260620117,0.2679543197154999,0.19845841825008392,0.24273055791854858,0.19019706547260284,5.269690990447998,5.014352321624756,4.474776744842529,2.9844963550567627,8.784541130065918,6.276766777038574,6.277674198150635,4.20585298538208,4.09959602355957,5.309161186218262,,,,,,,,,,,6.877743244171143,6.23951530456543,6.621014595031738,4.014167308807373,9.904489517211914,9.096890449523926,8.47034740447998,5.25404167175293,5.655689239501953,6.643533229827881,,,,,,,,,,,,,,,,,,,,,,,,,,,,,,,,,,,,,,,,
31,6449,,,,,,,,,,,,,,,,,,,,,,,,,,,,,,,,,,,,,,,,,0.3151642084121704,0.3230345547199249,0.20131845772266388,0.511622965335846,0.36154377460479736,0.4531339704990387,0.20312660932540894,0.33652347326278687,0.20984381437301636,0.23633024096488953,6.250586032867432,4.816674709320068,5.146716117858887,8.960260391235352,7.159019947052002,8.789735794067383,4.869565010070801,6.147855281829834,4.907531261444092,5.457916259765625,,,,,,,,,,,7.677055358886719,6.291971683502197,6.464776039123535,9.943284034729004,8.603597640991211,10.909107208251953,7.374866962432861,6.841737270355225,5.258615016937256,7.405542373657227,,,,,,,,,,,,,,,,,,,,,,,,,,,,,,,,,,,,,,,,
31,6454,,,,,,,,,,,,,,,,,,,,,,,,,,,,,,,,,,,,,,,,,0.4447806775569916,0.22701223194599152,0.4433167278766632,0.16468515992164612,0.47030243277549744,0.3207113742828369,0.38078203797340393,0.9174312353134155,0.8643662333488464,0.2144186943769455,6.954305171966553,4.410104274749756,7.448915958404541,4.823417663574219,8.015467643737793,7.442117691040039,8.581342697143555,8.355927467346191,8.091957092285156,5.419497013092041,,,,,,,,,,,8.735562324523926,5.2745680809021,9.593315124511719,5.641337871551514,9.81269359588623,9.177682876586914,10.097387313842773,11.296540260314941,10.672648429870605,7.053887367248535,,,,,,,,,,,,,,,,,,,,,,,,,,,,,,,,,,,,,,,,
31,6459,,,,,,,,,,,,,,,,,,,,,,,,,,,,,,,,,,,,,,,,,0.320469468832016,0.3175695538520813,0.24769803881645203,0.3620181381702423,0.3566867411136627,0.19619520008563995,0.2932381331920624,0.4059005677700043,0.37359553575515747,0.3313230574131012,6.2563347816467285,5.150631427764893,5.461014747619629,7.75841760635376,6.766305923461914,6.212335586547852,6.992211818695068,4.922828197479248,6.0054755210876465,7.0377888679504395,,,,,,,,,,,7.739704608917236,6.238522052764893,7.170888423919678,8.364115715026855,8.545611381530762,7.178274154663086,8.860965728759766,7.5139546394348145,7.0165581703186035,8.768454551696777,,,,,,,,,,,,,,,,,,,,,,,,,,,,,,,,,,,,,,,,
31,6464,,,,,,,,,,,,,,,,,,,,,,,,,,,,,,,,,,,,,,,,,0.2692004442214966,0.35229647159576416,0.2448311597108841,0.2364335060119629,0.33078527450561523,0.24730084836483002,0.3553020656108856,0.20865456759929657,0.1196332573890686,0.32756665349006653,5.6543354988098145,5.094063758850098,6.41948938369751,5.78409481048584,4.967655181884766,6.491907596588135,6.667426586151123,4.882532119750977,3.340366840362549,7.241482734680176,,,,,,,,,,,7.175361633300781,6.570772171020508,7.129269123077393,6.759419918060303,8.229487419128418,8.059139251708984,9.753705978393555,5.3873186111450195,3.9705371856689453,8.718605041503906,,,,,,,,,,,,,,,,,,,,,,,,,,,,,,,,,,,,,,,,
31,6469,,,,,,,,,,,,,,,,,,,,,,,,,,,,,,,,,,,,,,,,,0.44679656624794006,0.18385450541973114,0.1390310823917389,0.4157186448574066,0.4006018340587616,1.0341465473175049,0.5669832825660706,0.37492021918296814,0.6466284990310669,0.2592846751213074,7.278805255889893,3.424201726913452,4.7796149253845215,7.877941608428955,7.659700870513916,13.28105640411377,8.86124038696289,5.733145713806152,7.567480564117432,6.324864864349365,,,,,,,,,,,9.016630172729492,4.746783256530762,5.3723907470703125,8.96302604675293,9.056411743164062,16.48036766052246,12.321282386779785,7.2215118408203125,9.23104190826416,7.756855010986328,,,,,,,,,,,,,,,,,,,,,,,,,,,,,,,,,,,,,,,,
31,6474,,,,,,,,,,,,,,,,,,,,,,,,,,,,,,,,,,,,,,,,,0.39902201294898987,0.7306895852088928,0.19457054138183594,0.4263725280761719,0.6913284659385681,0.6768147945404053,0.2905535399913788,0.15579235553741455,0.24675290286540985,0.1783231794834137,6.700338363647461,6.605271339416504,6.291414737701416,7.424213409423828,8.991353988647461,10.123406410217285,6.301694393157959,4.179314136505127,5.27910041809082,5.107275009155273,,,,,,,,,,,8.415096282958984,9.462997436523438,6.3555073738098145,9.077149391174316,11.897120475769043,13.332475662231445,8.820310592651367,4.655129909515381,5.702357292175293,6.4328155517578125,,,,,,,,,,,,,,,,,,,,,,,,,,,,,,,,,,,,,,,,
31,6479,,,,,,,,,,,,,,,,,,,,,,,,,,,,,,,,,,,,,,,,,0.4910088777542114,0.6174756288528442,0.3402895927429199,0.22733590006828308,0.45266062021255493,0.5388254523277283,0.2607380747795105,0.3048303723335266,0.9244897365570068,0.7524346709251404,7.337324619293213,6.910292148590088,6.960219383239746,5.470654010772705,7.712258815765381,9.140965461730957,6.817193031311035,5.33251953125,8.836851119995117,8.854964256286621,,,,,,,,,,,9.374844551086426,8.699056625366211,8.404966354370117,6.6280975341796875,9.6268892288208,11.895970344543457,8.355511665344238,6.511601448059082,11.037590980529785,13.21391773223877,,,,,,,,,,,,,,,,,,,,,,,,,,,,,,,,,,,,,,,,
31,6484,,,,,,,,,,,,,,,,,,,,,,,,,,,,,,,,,,,,,,,,,0.5550139546394348,0.6790347695350647,0.7431567907333374,0.6726454496383667,0.1880485862493515,1.0254342555999756,0.5532025098800659,0.4771580100059509,0.3861544728279114,0.27029043436050415,7.971063613891602,7.09885311126709,11.00890827178955,8.105875968933105,5.196948528289795,11.780779838562012,9.55943489074707,6.974214553833008,6.043783664703369,5.970770835876465,,,,,,,,,,,10.10342788696289,9.122382164001465,12.420866012573242,11.401132583618164,6.204898834228516,16.41080093383789,12.170624732971191,8.146852493286133,7.133518218994141,7.919769763946533,,,,,,,,,,,,,,,,,,,,,,,,,,,,,,,,,,,,,,,,
31,6489,,,,,,,,,,,,,,,,,,,,,,,,,,,,,,,,,,,,,,,,,0.34596866369247437,0.4252549111843109,0.17299768328666687,0.26173821091651917,0.41169577836990356,0.8178442716598511,0.3320450186729431,0.08247394114732742,0.33674049377441406,0.27292773127555847,6.0122833251953125,5.298780918121338,5.2189483642578125,5.882769584655762,7.258205890655518,9.154936790466309,6.677796363830566,2.7695345878601074,5.538082599639893,6.31149435043335,,,,,,,,,,,7.9551825523376465,7.2191643714904785,5.992827892303467,7.111945629119873,9.180953979492188,14.655856132507324,9.429079055786133,3.387014865875244,6.661484241485596,7.958313465118408,,,,,,,,,,,,,,,,,,,,,,,,,,,,,,,,,,,,,,,,
31,6494,,,,,,,,,,,,,,,,,,,,,,,,,,,,,,,,,,,,,,,,,0.2868223488330841,0.1795988827943802,0.36202237010002136,0.43082723021507263,0.31807631254196167,0.2104732096195221,0.30478912591934204,0.274813711643219,0.2479703724384308,0.25282973051071167,5.802464962005615,3.8435630798339844,6.800184726715088,7.024535179138184,5.790976047515869,5.9578704833984375,6.533587455749512,4.858522891998291,5.142352104187012,6.27059268951416,,,,,,,,,,,7.3980560302734375,4.691525459289551,8.669206619262695,9.124444007873535,8.069847106933594,7.4348859786987305,9.033802032470703,6.1826958656311035,5.716407775878906,7.659690856933594,,,,,,,,,,,,,,,,,,,,,,,,,,,,,,,,,,,,,,,,
31,6499,,,,,,,,,,,,,,,,,,,,,,,,,,,,,,,,,,,,,,,,,0.4549005329608917,0.3352174460887909,0.7180453538894653,0.22152648866176605,0.08797779679298401,1.1322319507598877,0.5199386477470398,0.28633832931518555,0.40632393956184387,0.3865049481391907,7.207420349121094,5.194973468780518,9.563569068908691,5.564128875732422,3.980088233947754,12.848820686340332,7.884498596191406,5.612619876861572,5.847182273864746,8.370903015136719,,,,,,,,,,,9.060883522033691,6.409521102905273,12.209210395812988,6.5428619384765625,4.244105815887451,17.244218826293945,11.799044609069824,6.311004161834717,7.317445755004883,9.470540046691895,,,,,,,,,,,,,,,,,,,,,,,,,,,,,,,,,,,,,,,,
31,6504,,,,,,,,,,,,,,,,,,,,,,,,,,,,,,,,,,,,,,,,,0.6030434966087341,0.6718633770942688,0.3482856750488281,0.45065751671791077,0.48622927069664,0.5283963680267334,0.5548575520515442,1.639232873916626,0.5166448354721069,0.23122403025627136,8.055328369140625,7.357790946960449,7.421353340148926,7.477659702301025,7.262881755828857,10.593538284301758,8.912078857421875,10.723883628845215,6.676216125488281,6.072547435760498,,,,,,,,,,,10.170254707336426,9.07408332824707,8.503143310546875,9.332075119018555,9.97746467590332,11.78028392791748,12.18881607055664,15.10007381439209,8.251241683959961,7.325101852416992,,,,,,,,,,,,,,,,,,,,,,,,,,,,,,,,,,,,,,,,
31,6509,,,,,,,,,,,,,,,,,,,,,,,,,,,,,,,,,,,,,,,,,0.3601625859737396,0.333828866481781,0.2262902408838272,0.43134477734565735,0.4091491997241974,0.38212358951568604,0.28315237164497375,0.4227634370326996,0.3744395077228546,0.37837129831314087,6.523800373077393,4.538934230804443,5.437520503997803,7.3912458419799805,6.973021984100342,8.034873008728027,6.928998947143555,6.342129707336426,6.057268142700195,7.010214328765869,,,,,,,,,,,8.257904052734375,6.396232604980469,6.854006767272949,9.129923820495605,9.152515411376953,10.017925262451172,8.707247734069824,7.668447971343994,7.024479866027832,9.370360374450684,,,,,,,,,,,,,,,,,,,,,,,,,,,,,,,,,,,,,,,,
31,6514,,,,,,,,,,,,,,,,,,,,,,,,,,,,,,,,,,,,,,,,,0.6724860072135925,0.43648630380630493,0.5081380605697632,0.9008976221084595,0.4857257902622223,0.48239195346832275,0.5106205344200134,0.7088745832443237,1.2536821365356445,0.7655569314956665,7.93184757232666,5.058834552764893,8.139647483825684,8.860125541687012,7.823685646057129,10.318273544311523,8.742308616638184,6.9448418617248535,6.884002208709717,8.614900588989258,,,,,,,,,,,11.090214729309082,7.313875675201416,10.270757675170898,13.194489479064941,9.972296714782715,11.255788803100586,11.69283676147461,9.929866790771484,12.85336971282959,13.328642845153809,,,,,,,,,,,,,,,,,,,,,,,,,,,,,,,,,,,,,,,,
31,6519,,,,,,,,,,,,,,,,,,,,,,,,,,,,,,,,,,,,,,,,,0.4208804965019226,0.2807357907295227,0.16801750659942627,0.5733656287193298,0.32918453216552734,0.19554007053375244,0.205403670668602,0.6739587187767029,0.6692256927490234,0.6924930214881897,7.064266681671143,4.678959846496582,4.030793190002441,9.841852188110352,6.73572301864624,6.356207847595215,5.662813663482666,7.707066535949707,7.9377007484436035,10.627280235290527,,,,,,,,,,,8.537717819213867,5.8655829429626465,5.905938148498535,10.526177406311035,8.209550857543945,7.1662797927856445,7.416088581085205,9.682229042053223,9.390951156616211,12.676661491394043,,,,,,,,,,,,,,,,,,,,,,,,,,,,,,,,,,,,,,,,
31,6524,,,,,,,,,,,,,,,,,,,,,,,,,,,,,,,,,,,,,,,,,0.4778449833393097,0.6951772570610046,0.16384340822696686,0.2861666679382324,0.5211528539657593,0.65512615442276,0.3592713177204132,0.5046030879020691,0.6260342001914978,0.48923006653785706,7.672680377960205,6.868199348449707,4.604844093322754,6.387728214263916,8.911487579345703,11.071331024169922,8.619095802307129,8.230597496032715,5.127732753753662,9.23310375213623,,,,,,,,,,,9.31879711151123,9.23017692565918,5.832115650177002,7.436428546905518,10.329568862915039,13.11711597442627,9.808036804199219,8.377870559692383,9.082852363586426,10.655007362365723,,,,,,,,,,,,,,,,,,,,,,,,,,,,,,,,,,,,,,,,
31,6529,,,,,,,,,,,,,,,,,,,,,,,,,,,,,,,,,,,,,,,,,0.420473575592041,0.12433838844299316,0.2689773738384247,0.15375182032585144,0.42309483885765076,0.34027114510536194,0.34382596611976624,1.0001147985458374,0.7730052471160889,0.3568824827671051,6.805429935455322,3.1786487102508545,6.888181686401367,4.872211456298828,7.450318336486816,7.014357566833496,7.5107221603393555,8.51585578918457,8.25727653503418,7.561293601989746,,,,,,,,,,,8.463375091552734,3.9035961627960205,7.472562789916992,5.450859546661377,9.307188987731934,9.453407287597656,9.594892501831055,11.794610977172852,10.092865943908691,9.100385665893555,,,,,,,,,,,,,,,,,,,,,,,,,,,,,,,,,,,,,,,,
31,6534,,,,,,,,,,,,,,,,,,,,,,,,,,,,,,,,,,,,,,,,,0.362070232629776,0.8211889863014221,0.2873903512954712,0.20104080438613892,0.3969443738460541,0.5317718386650085,0.2466668039560318,0.25340884923934937,0.18967263400554657,0.33054760098457336,6.184051513671875,6.755481719970703,5.715198993682861,5.10644006729126,7.338337421417236,9.848268508911133,5.610068321228027,4.40427303314209,3.748701333999634,7.129692554473877,,,,,,,,,,,8.071496963500977,10.031914710998535,7.724097728729248,6.232997894287109,9.014974594116211,11.817851066589355,8.126923561096191,5.937034606933594,4.999488830566406,8.758186340332031,,,,,,,,,,,,,,,,,,,,,,,,,,,,,,,,,,,,,,,,
31,6539,,,,,,,,,,,,,,,,,,,,,,,,,,,,,,,,,,,,,,,,,0.2960323393344879,0.28830280900001526,0.6044784784317017,0.05993781238794327,0.26766878366470337,0.18641753494739532,0.2699768543243408,0.16048233211040497,0.6883127689361572,0.13871356844902039,5.842427730560303,4.143704414367676,8.373937606811523,3.2930641174316406,6.581788539886475,5.6302876472473145,7.209729194641113,4.244196891784668,8.515182495117188,4.589954853057861,,,,,,,,,,,7.0415568351745605,5.944108486175537,11.202167510986328,3.4033398628234863,7.402841567993164,6.99711799621582,8.502254486083984,4.724678993225098,9.523930549621582,5.6735734939575195,,,,,,,,,,,,,,,,,,,,,,,,,,,,,,,,,,,,,,,,
31,6544,,,,,,,,,,,,,,,,,,,,,,,,,,,,,,,,,,,,,,,,,0.28362777829170227,0.3846167325973511,0.1653488576412201,0.20500153303146362,0.2565133571624756,0.3009258210659027,0.4015084207057953,0.08923079073429108,0.3060022294521332,0.4435020685195923,5.628354072570801,4.802718639373779,4.546422481536865,4.692914962768555,5.53096342086792,6.734184265136719,7.735293388366699,3.193376302719116,4.91379976272583,8.505513191223145,,,,,,,,,,,7.2824578285217285,6.865566253662109,5.8588480949401855,6.294097423553467,7.246939659118652,8.8900785446167,10.368552207946777,3.5230278968811035,6.350172996520996,10.144835472106934,,,,,,,,,,,,,,,,,,,,,,,,,,,,,,,,,,,,,,,,
31,6549,,,,,,,,,,,,,,,,,,,,,,,,,,,,,,,,,,,,,,,,,0.5245888829231262,0.5388761162757874,0.6669066548347473,0.1690921038389206,0.305473268032074,0.9706833362579346,0.37498408555984497,0.7487062811851501,0.48842382431030273,0.4581547677516937,7.850919246673584,6.361915588378906,10.232504844665527,4.38286018371582,6.834319114685059,12.173381805419922,8.421548843383789,7.545716285705566,6.822529315948486,7.88349723815918,,,,,,,,,,,9.782596588134766,8.12656021118164,11.766416549682617,5.716320514678955,7.908356666564941,15.966681480407715,10.020218849182129,10.205034255981445,8.022721290588379,10.311059951782227,,,,,,,,,,,,,,,,,,,,,,,,,,,,,,,,,,,,,,,,
31,6554,,,,,,,,,,,,,,,,,,,,,,,,,,,,,,,,,,,,,,,,,0.527272641658783,0.19441792368888855,0.6084479689598083,1.295927882194519,0.3485841155052185,0.5826388001441956,0.5300873517990112,0.40373021364212036,0.5568475723266602,0.22477206587791443,8.140499114990234,4.337157249450684,9.845102310180664,14.153505325317383,7.368316650390625,10.223389625549316,8.226815223693848,5.9662275314331055,6.772097587585449,6.371878147125244,,,,,,,,,,,9.7732515335083,4.881242752075195,11.23888874053955,15.825057983398438,8.447991371154785,12.370166778564453,11.913640022277832,7.493838310241699,8.566264152526855,7.22218132019043,,,,,,,,,,,,,,,,,,,,,,,,,,,,,,,,,,,,,,,,
31,6559,,,,,,,,,,,,,,,,,,,,,,,,,,,,,,,,,,,,,,,,,0.08548444509506226,0.007808355148881674,0.15511947870254517,0.005761933512985706,0.0585307702422142,0.0692363902926445,0.10880985856056213,0.10056786239147186,0.00042027950985357165,0.2631050646305084,3.3594741821289062,0.8910737633705139,5.509926795959473,1.0477818250656128,3.1266775131225586,4.168568134307861,4.731886386871338,3.740144729614258,0.2353382110595703,6.783872127532959,,,,,,,,,,,3.6245625019073486,0.9782323241233826,5.67472505569458,1.0552103519439697,3.4617185592651367,4.264253616333008,5.397652626037598,3.740144729614258,0.2353382110595703,7.813791275024414,,,,,,,,,,,,,,,,,,,,,,,,,,,,,,,,,,,,,,,,
31,6559,,,,,,,,,,,,,,,,,,,,,,,,,,,,,,,,,,,,,,,,,,,,,,,,,,,6.501806735992432,5.316314220428467,6.354601860046387,6.251842975616455,6.790929794311523,8.290881156921387,7.348114013671875,5.532685279846191,5.516132831573486,7.1147589683532715,0.5932371020317078,0.587988018989563,0.6322957277297974,0.6248340606689453,0.6334900856018066,0.5332728028297424,0.6050738096237183,0.5964885950088501,0.5635731220245361,0.5621176958084106,8.72156047821045,7.215535640716553,8.46876335144043,8.428319931030273,9.12770938873291,11.097071647644043,9.813666343688965,7.348973274230957,7.585517883300781,9.408479690551758,0.6015543937683105,0.8911121487617493,0.41875243186950684,0.537103533744812,0.6661072969436646,0.5791175365447998,0.5517104268074036,0.4861997365951538,0.6502518653869629,0.644230842590332,8.04265308380127,7.795014381408691,7.299509048461914,7.797097206115723,8.546693801879883,9.544336318969727,8.751394271850586,6.287646770477295,7.0615644454956055,9.300629615783691,0.1975984126329422,0.21174436807632446,0.19311553239822388,0.16937041282653809,0.14644461870193481,0.14763140678405762,0.0014014840126037598,0.4063931703567505,0.20870423316955566,0.29358041286468506,10.525155067443848,10.45107364654541,9.503212928771973,10.136670112609863,11.369309425354004,12.166089057922363,11.825986862182617,8.423985481262207,8.678877830505371,12.171189308166504
32,6564,,,,,,,,,,,,,,,,,,,,,,,,,,,,,,,,,,,,,,,,,0.3788183927536011,0.5277235507965088,0.12672343850135803,0.08808611333370209,0.8741421699523926,0.34402331709861755,0.3969816267490387,0.36943137645721436,0.39623966813087463,0.28601422905921936,5.730542182922363,4.43529748916626,4.686367988586426,3.1649668216705322,8.134804725646973,6.705909729003906,6.9040374755859375,5.992671012878418,4.8674798011779785,6.683342456817627,,,,,,,,,,,8.114625930786133,8.042027473449707,5.129087448120117,4.125804424285889,13.377984046936035,9.505387306213379,10.3099365234375,7.168455123901367,7.226071834564209,8.14687442779541,,,,,,,,,,,,,,,,,,,,,,,,,,,,,,,,,,,,,,,,
32,6569,,,,,,,,,,,,,,,,,,,,,,,,,,,,,,,,,,,,,,,,,0.21375998854637146,0.2564205229282379,0.11270421743392944,0.3790501058101654,0.16714660823345184,0.3389427363872528,0.16621091961860657,0.179233580827713,0.09754928946495056,0.22658193111419678,4.780606746673584,4.112411975860596,4.06260871887207,6.506300449371338,4.018526554107666,6.360483646392822,5.173762321472168,4.009846210479736,2.928530216217041,5.852991580963135,,,,,,,,,,,6.309680938720703,5.605813503265381,4.837062358856201,8.558609008789062,5.849899768829346,9.4349365234375,6.67114782333374,4.99307918548584,3.585381269454956,7.251199245452881,,,,,,,,,,,,,,,,,,,,,,,,,,,,,,,,,,,,,,,,
32,6574,,,,,,,,,,,,,,,,,,,,,,,,,,,,,,,,,,,,,,,,,0.6053668856620789,0.802916944026947,0.9018121957778931,0.2541840374469757,0.278353214263916,0.5208107233047485,0.32190775871276855,0.5914127230644226,1.3297863006591797,0.4471179246902466,8.424598693847656,7.92657995223999,11.02723503112793,5.245205879211426,5.9517412185668945,9.10631275177002,7.8290276527404785,8.471808433532715,12.118087768554688,8.145391464233398,,,,,,,,,,,10.181473731994629,9.919678688049316,13.682634353637695,7.008563041687012,7.549144744873047,11.695420265197754,9.284029960632324,9.06993293762207,13.237751007080078,10.186107635498047,,,,,,,,,,,,,,,,,,,,,,,,,,,,,,,,,,,,,,,,
32,6579,,,,,,,,,,,,,,,,,,,,,,,,,,,,,,,,,,,,,,,,,0.3085344135761261,0.33086276054382324,0.11387671530246735,0.29351821541786194,0.3484576344490051,0.431391179561615,0.15294404327869415,0.13532035052776337,0.41259023547172546,0.5578485727310181,5.94352388381958,4.673813819885254,3.9304988384246826,6.7596435546875,6.763580322265625,8.335115432739258,4.781439781188965,4.00055456161499,6.002748012542725,8.244322776794434,,,,,,,,,,,7.48234748840332,6.367753028869629,4.86215877532959,7.531342506408691,8.44645881652832,10.64416217803955,6.3993682861328125,4.338506698608398,7.373654365539551,11.377723693847656,,,,,,,,,,,,,,,,,,,,,,,,,,,,,,,,,,,,,,,,
32,6584,,,,,,,,,,,,,,,,,,,,,,,,,,,,,,,,,,,,,,,,,0.2650546729564667,0.22022293508052826,0.16699492931365967,0.14227184653282166,0.3464283347129822,0.27339375019073486,0.17332112789154053,0.3723575174808502,0.14502035081386566,0.5454814434051514,5.689604759216309,4.685143947601318,5.172825813293457,4.32637882232666,7.49539852142334,7.179802894592285,5.514990329742432,4.353041172027588,4.0864577293396,8.392400741577148,,,,,,,,,,,6.983725547790527,5.195095539093018,5.887938976287842,5.243416786193848,8.421828269958496,8.47364330291748,6.812344074249268,7.196789264678955,4.371573448181152,11.250897407531738,,,,,,,,,,,,,,,,,,,,,,,,,,,,,,,,,,,,,,,,
32,6589,,,,,,,,,,,,,,,,,,,,,,,,,,,,,,,,,,,,,,,,,0.40900591015815735,0.5713695287704468,0.279298335313797,0.0930447205901146,1.0283972024917603,0.644470751285553,0.342597097158432,0.2554778456687927,0.1179465651512146,0.34845104813575745,6.861926078796387,6.991321563720703,6.258097171783447,4.018496513366699,10.88628101348877,9.59952449798584,8.008894920349121,5.619362831115723,3.261279344558716,7.114078044891357,,,,,,,,,,,8.46855354309082,8.3679838180542,7.614577770233154,4.240340709686279,14.51042366027832,13.010004997253418,9.577731132507324,5.9612226486206055,3.9424474239349365,8.992244720458984,,,,,,,,,,,,,,,,,,,,,,,,,,,,,,,,,,,,,,,,
32,6594,,,,,,,,,,,,,,,,,,,,,,,,,,,,,,,,,,,,,,,,,0.29489627480506897,0.2082502245903015,0.13420268893241882,0.3943310081958771,0.3846019208431244,0.4841145873069763,0.23071511089801788,0.2212074100971222,0.29966986179351807,0.29697343707084656,6.212350845336914,4.119947910308838,4.173712730407715,7.1796393394470215,7.891331672668457,9.150306701660156,7.0938215255737305,4.582278251647949,4.779321193695068,6.940797805786133,,,,,,,,,,,7.46683931350708,5.051903247833252,5.278277397155762,8.729419708251953,8.873712539672852,11.275867462158203,7.8597517013549805,5.5470051765441895,6.284124851226807,8.301488876342773,,,,,,,,,,,,,,,,,,,,,,,,,,,,,,,,,,,,,,,,
32,6599,,,,,,,,,,,,,,,,,,,,,,,,,,,,,,,,,,,,,,,,,0.3017684817314148,0.26123031973838806,0.2703127861022949,0.25736308097839355,0.12069536745548248,0.5252252817153931,0.6080235242843628,0.4247761070728302,0.1297125220298767,0.11857739835977554,5.858336448669434,4.644975662231445,5.917916774749756,5.0522589683532715,3.757845163345337,8.827032089233398,9.339868545532227,7.3799028396606445,3.5062479972839355,4.298983097076416,,,,,,,,,,,7.415948867797852,5.658144950866699,7.4910888671875,7.052255153656006,4.971014022827148,11.744881629943848,12.759421348571777,7.686679363250732,4.134416580200195,5.245635986328125,,,,,,,,,,,,,,,,,,,,,,,,,,,,,,,,,,,,,,,,
32,6604,,,,,,,,,,,,,,,,,,,,,,,,,,,,,,,,,,,,,,,,,0.415609210729599,0.38021889328956604,0.5564436316490173,0.544213593006134,0.2905800938606262,0.9671763777732849,0.20073316991329193,0.3912490904331207,0.1174258440732956,0.2924421727657318,6.764434337615967,5.766689777374268,8.30297565460205,7.6604228019714355,6.293401718139648,12.11443042755127,5.829314231872559,4.823261260986328,3.306725025177002,6.782689094543457,,,,,,,,,,,8.706685066223145,6.826201438903809,10.7478666305542,10.25509262084961,7.713164806365967,15.937811851501465,7.331289291381836,7.3770952224731445,3.9337353706359863,8.237913131713867,,,,,,,,,,,,,,,,,,,,,,,,,,,,,,,,,,,,,,,,
32,6609,,,,,,,,,,,,,,,,,,,,,,,,,,,,,,,,,,,,,,,,,0.44623321294784546,0.4771918058395386,0.2706078290939331,0.31290385127067566,0.14259110391139984,0.32035163044929504,0.40062272548675537,0.836327850818634,0.814172625541687,0.4413294196128845,6.971405029296875,6.1418280601501465,6.094823837280273,7.634923458099365,4.121133804321289,7.3745317459106445,6.835392951965332,9.301091194152832,7.966765403747559,7.272153854370117,,,,,,,,,,,8.790566444396973,7.647311210632324,7.495176315307617,7.776073455810547,5.403135776519775,9.172534942626953,10.357110023498535,10.785667419433594,10.358134269714355,10.119956016540527,,,,,,,,,,,,,,,,,,,,,,,,,,,,,,,,,,,,,,,,
32,6614,,,,,,,,,,,,,,,,,,,,,,,,,,,,,,,,,,,,,,,,,0.5371519923210144,0.4753369092941284,0.9197904467582703,0.3557434678077698,0.6877260208129883,0.4561973810195923,0.3922065794467926,0.5442378520965576,0.5752843618392944,0.427844762802124,8.007719993591309,6.546244144439697,10.603872299194336,6.560675144195557,10.061664581298828,8.885671615600586,8.738207817077637,6.380373001098633,6.235027313232422,8.057745933532715,,,,,,,,,,,10.019287109375,7.63243293762207,13.818346977233887,8.291313171386719,11.866082191467285,10.945919036865234,10.247743606567383,8.700677871704102,8.70691967010498,9.964151382446289,,,,,,,,,,,,,,,,,,,,,,,,,,,,,,,,,,,,,,,,
32,6619,,,,,,,,,,,,,,,,,,,,,,,,,,,,,,,,,,,,,,,,,0.47433605790138245,0.4720885753631592,0.41094768047332764,0.6305793523788452,0.7126385569572449,0.5255345106124878,0.36468806862831116,0.22967085242271423,0.31787434220314026,0.6050026416778564,7.742180824279785,6.622833251953125,7.136263847351074,9.916460990905762,10.760467529296875,9.437535285949707,7.262767791748047,4.526413917541504,4.993359565734863,9.023518562316895,,,,,,,,,,,9.507100105285645,7.60630989074707,9.236446380615234,11.038872718811035,12.079092979431152,11.74833869934082,9.881697654724121,5.652123928070068,6.47218656539917,11.84883975982666,,,,,,,,,,,,,,,,,,,,,,,,,,,,,,,,,,,,,,,,
32,6624,,,,,,,,,,,,,,,,,,,,,,,,,,,,,,,,,,,,,,,,,0.32443365454673767,0.33303695917129517,0.09604747593402863,0.13746944069862366,0.22688773274421692,0.1858590692281723,0.20039181411266327,0.318612664937973,0.9321467280387878,0.4894508123397827,5.733688831329346,4.96010160446167,3.8605852127075195,3.8907642364501953,5.727531433105469,5.036384105682373,5.6871161460876465,5.685397148132324,8.943681716918945,7.811638355255127,,,,,,,,,,,7.281471252441406,6.388641357421875,4.465341091156006,5.154160976409912,6.815616130828857,6.986629962921143,7.3250532150268555,6.657179355621338,11.083207130432129,10.657411575317383,,,,,,,,,,,,,,,,,,,,,,,,,,,,,,,,,,,,,,,,
32,6629,,,,,,,,,,,,,,,,,,,,,,,,,,,,,,,,,,,,,,,,,0.3801960051059723,0.2450137585401535,0.22267672419548035,0.2580631375312805,0.23534294962882996,0.2883903980255127,0.49260175228118896,0.3562997579574585,1.0145000219345093,0.30887529253959656,6.447707176208496,4.2136030197143555,5.373693943023682,5.471081256866455,5.813678741455078,7.694205284118652,8.661775588989258,6.3503828048706055,8.035135269165039,6.4158101081848145,,,,,,,,,,,8.170913696289062,5.479709148406982,6.799062728881836,7.061840057373047,6.941450595855713,8.702945709228516,11.484676361083984,7.039900779724121,11.562435150146484,8.466204643249512,,,,,,,,,,,,,,,,,,,,,,,,,,,,,,,,,,,,,,,,
32,6634,,,,,,,,,,,,,,,,,,,,,,,,,,,,,,,,,,,,,,,,,0.3331090211868286,0.3525383770465851,0.19221347570419312,0.14731205999851227,0.44628337025642395,0.33452993631362915,0.4071345031261444,0.24950222671031952,0.5295385122299194,0.33892861008644104,6.2199835777282715,5.833176136016846,4.907135486602783,4.258556365966797,7.241827487945557,7.35774564743042,8.44379997253418,4.451095104217529,6.869559288024902,6.616957664489746,,,,,,,,,,,7.8568549156188965,6.573028087615967,6.316894054412842,5.335486888885498,9.558835983276367,9.37331771850586,10.440943717956543,5.891093730926514,8.353569030761719,8.868523597717285,,,,,,,,,,,,,,,,,,,,,,,,,,,,,,,,,,,,,,,,
32,6639,,,,,,,,,,,,,,,,,,,,,,,,,,,,,,,,,,,,,,,,,0.26710236072540283,0.2997734248638153,0.25041133165359497,0.267538845539093,0.2562141418457031,0.42365285754203796,0.32856088876724243,0.18853779137134552,0.22288644313812256,0.16634559631347656,5.24575138092041,4.706210136413574,5.359187126159668,5.406972885131836,5.39154052734375,8.045954704284668,7.082752704620361,3.129429817199707,4.061919212341309,4.027792453765869,,,,,,,,,,,7.153963088989258,6.0612030029296875,7.210055828094482,7.19032096862793,7.242711544036865,10.548262596130371,9.37947940826416,5.121037006378174,5.419573783874512,6.213021278381348,,,,,,,,,,,,,,,,,,,,,,,,,,,,,,,,,,,,,,,,
32,6644,,,,,,,,,,,,,,,,,,,,,,,,,,,,,,,,,,,,,,,,,0.4407714307308197,0.2868800759315491,0.32791703939437866,0.32069718837738037,0.7982460856437683,0.8675638437271118,0.2947484254837036,0.2978617548942566,0.4351767897605896,0.33785152435302734,7.115119934082031,4.31008768081665,7.162785053253174,6.688765525817871,9.95842456817627,12.058210372924805,7.224605083465576,5.088481426239014,5.092214107513428,6.452504634857178,,,,,,,,,,,9.075446128845215,5.929423809051514,8.250753402709961,7.872315406799316,12.784037590026855,15.094773292541504,8.88375473022461,6.436741352081299,7.5727949142456055,8.85442066192627,,,,,,,,,,,,,,,,,,,,,,,,,,,,,,,,,,,,,,,,
32,6649,,,,,,,,,,,,,,,,,,,,,,,,,,,,,,,,,,,,,,,,,0.22650466859340668,0.32001712918281555,0.10096665471792221,0.12689460813999176,0.2819940149784088,0.28714025020599365,0.2764248251914978,0.29215285181999207,0.13682062923908234,0.2161310613155365,4.992795467376709,5.239135265350342,3.620509386062622,3.7758195400238037,5.538808345794678,6.917457580566406,6.674485683441162,4.732819080352783,3.412425994873047,5.023697376251221,,,,,,,,,,,6.486808776855469,6.262516498565674,4.578261852264404,4.9519524574279785,7.598355770111084,8.684061050415039,8.60318660736084,6.374758720397949,4.24618673324585,7.081998825073242,,,,,,,,,,,,,,,,,,,,,,,,,,,,,,,,,,,,,,,,
32,6654,,,,,,,,,,,,,,,,,,,,,,,,,,,,,,,,,,,,,,,,,0.38038119673728943,0.2072782665491104,0.202220156788826,0.46973130106925964,0.6995847225189209,0.23930063843727112,0.3504942059516907,0.6272674798965454,0.433561772108078,0.19399210810661316,6.625940322875977,4.339828968048096,5.580787658691406,8.551198959350586,9.419210433959961,5.784912109375,6.827499866485596,6.443243980407715,7.034910678863525,5.6518683433532715,,,,,,,,,,,8.248783111572266,5.04010009765625,6.479237079620361,9.527514457702637,11.967950820922852,7.927711009979248,9.68748950958252,9.340821266174316,7.55872917175293,6.7094855308532715,,,,,,,,,,,,,,,,,,,,,,,,,,,,,,,,,,,,,,,,
32,6659,,,,,,,,,,,,,,,,,,,,,,,,,,,,,,,,,,,,,,,,,0.3366617262363434,0.3099372088909149,0.12918226420879364,0.19749215245246887,0.18569795787334442,0.19685646891593933,0.33456501364707947,0.65293949842453,0.7257992029190063,0.2974858283996582,5.867883682250977,4.502617359161377,4.501016616821289,5.653494834899902,4.093397617340088,5.2251410484313965,6.339118957519531,7.390458583831787,8.116473197937012,6.989229202270508,,,,,,,,,,,7.551014423370361,6.1630988121032715,5.178608417510986,6.177742004394531,6.1659955978393555,7.190361022949219,9.464792251586914,9.530050277709961,9.77983570098877,8.308648109436035,,,,,,,,,,,,,,,,,,,,,,,,,,,,,,,,,,,,,,,,
32,6664,,,,,,,,,,,,,,,,,,,,,,,,,,,,,,,,,,,,,,,,,0.5985313057899475,0.23679755628108978,0.32294541597366333,0.7537908554077148,0.7235076427459717,0.4987383186817169,0.7553846836090088,0.5691080093383789,0.8599571585655212,0.6665524244308472,8.217884063720703,4.244551658630371,6.519509792327881,8.481972694396973,9.404467582702637,8.985292434692383,10.177681922912598,7.783253192901611,8.463726043701172,9.900501251220703,,,,,,,,,,,10.606828689575195,5.387048244476318,8.187970161437988,12.06925106048584,12.170858383178711,11.444906234741211,14.221811294555664,8.897255897521973,10.645393371582031,12.43696403503418,,,,,,,,,,,,,,,,,,,,,,,,,,,,,,,,,,,,,,,,
32,6669,,,,,,,,,,,,,,,,,,,,,,,,,,,,,,,,,,,,,,,,,0.3321308493614197,0.7961331605911255,0.07940483093261719,0.2250799685716629,0.6681064367294312,0.29947322607040405,0.1601899415254593,0.34698086977005005,0.15410852432250977,0.25970083475112915,5.501298904418945,7.212010860443115,3.2657766342163086,5.301310062408447,7.869335174560547,6.672989845275879,4.444825172424316,5.345312118530273,3.8401894569396973,5.559939861297607,,,,,,,,,,,7.429229736328125,9.877683639526367,4.060085296630859,6.595129489898682,11.695598602294922,8.868596076965332,6.5492024421691895,6.947226524353027,4.506471633911133,7.7630767822265625,,,,,,,,,,,,,,,,,,,,,,,,,,,,,,,,,,,,,,,,
32,6674,,,,,,,,,,,,,,,,,,,,,,,,,,,,,,,,,,,,,,,,,0.3712722361087799,0.4168716371059418,0.30249661207199097,0.6918508410453796,0.24085581302642822,0.42797982692718506,0.8236550092697144,0.09686324745416641,0.15118996798992157,0.18968740105628967,6.759951114654541,6.284415245056152,5.826135158538818,10.564955711364746,5.073394298553467,8.07800006866455,12.57966423034668,3.656498432159424,3.4385383129119873,5.337959289550781,,,,,,,,,,,8.208732604980469,7.147652626037598,7.924500465393066,11.562748908996582,7.022281169891357,10.601993560791016,14.850581169128418,3.670609951019287,4.463594913482666,6.6346259117126465,,,,,,,,,,,,,,,,,,,,,,,,,,,,,,,,,,,,,,,,
32,6679,,,,,,,,,,,,,,,,,,,,,,,,,,,,,,,,,,,,,,,,,0.5062786936759949,0.45362767577171326,0.543328046798706,0.93598872423172,0.37740111351013184,0.4281945824623108,0.7677586674690247,0.41734984517097473,0.28337153792381287,0.349488228559494,7.9968109130859375,5.82612419128418,8.886240005493164,11.907721519470215,6.934057235717773,9.345428466796875,12.025588989257812,6.142380237579346,4.040361404418945,6.863395690917969,,,,,,,,,,,9.777104377746582,7.456105709075928,10.620445251464844,13.449007034301758,8.790249824523926,10.604653358459473,14.337821006774902,7.6191911697387695,6.110846996307373,9.005617141723633,,,,,,,,,,,,,,,,,,,,,,,,,,,,,,,,,,,,,,,,
32,6684,,,,,,,,,,,,,,,,,,,,,,,,,,,,,,,,,,,,,,,,,0.46097952127456665,0.3463801145553589,0.357807457447052,0.23936693370342255,0.4382054805755615,0.8635094165802002,0.46222782135009766,0.15619105100631714,0.6119564771652222,0.6731708645820618,7.388468265533447,4.726417064666748,7.013710021972656,6.1915740966796875,7.580048084259033,10.802711486816406,9.184159278869629,4.162214756011963,7.4812397956848145,9.354146003723145,,,,,,,,,,,9.30348014831543,6.515364646911621,8.618592262268066,6.801222324371338,9.471931457519531,15.059459686279297,11.124969482421875,4.6610822677612305,8.980149269104004,12.498556137084961,,,,,,,,,,,,,,,,,,,,,,,,,,,,,,,,,,,,,,,,
32,6689,,,,,,,,,,,,,,,,,,,,,,,,,,,,,,,,,,,,,,,,,0.4055713713169098,0.4630168676376343,0.2937149107456207,0.2946763336658478,0.3749733567237854,0.5783804655075073,0.2693295180797577,0.42492660880088806,0.36335262656211853,0.5877715945243835,6.913931846618652,6.1184563636779785,6.126043796539307,4.210026741027832,7.085329532623291,9.88164234161377,6.71828556060791,6.370800495147705,6.128804683685303,9.585997581481934,,,,,,,,,,,8.750354766845703,7.532873630523682,7.808626174926758,7.546186447143555,8.761930465698242,12.32487964630127,8.49205493927002,7.688040733337402,6.919702529907227,11.678887367248535,,,,,,,,,,,,,,,,,,,,,,,,,,,,,,,,,,,,,,,,
32,6694,,,,,,,,,,,,,,,,,,,,,,,,,,,,,,,,,,,,,,,,,0.4490880072116852,0.9131932258605957,0.1496586799621582,0.24928714334964752,0.4391738772392273,0.551071047782898,0.3764987289905548,0.7606523036956787,0.22653596103191376,0.375720739364624,7.138587951660156,7.182978630065918,4.902486324310303,6.0221123695373535,6.533709526062012,9.45835018157959,8.23415470123291,9.348488807678223,4.587308406829834,7.977697849273682,,,,,,,,,,,8.859358787536621,10.578975677490234,5.573944091796875,6.940724849700928,9.482392311096191,12.030388832092285,10.040434837341309,10.286125183105469,5.463763236999512,9.337482452392578,,,,,,,,,,,,,,,,,,,,,,,,,,,,,,,,,,,,,,,,
32,6699,,,,,,,,,,,,,,,,,,,,,,,,,,,,,,,,,,,,,,,,,0.4106965661048889,0.5983759760856628,0.09990555047988892,0.16245588660240173,0.6721166968345642,0.7458693981170654,0.39764758944511414,0.1375410407781601,0.26665258407592773,0.6157044172286987,6.272682189941406,5.9556660652160645,3.871633529663086,4.153907775878906,7.9271087646484375,8.73342227935791,7.607483863830566,3.6663870811462402,5.92637825012207,8.612154006958008,,,,,,,,,,,8.557882308959961,8.563461303710938,4.554141044616699,5.603025436401367,11.730647087097168,13.996108055114746,10.318580627441406,4.373960971832275,5.927835941314697,11.953176498413086,,,,,,,,,,,,,,,,,,,,,,,,,,,,,,,,,,,,,,,,
32,6704,,,,,,,,,,,,,,,,,,,,,,,,,,,,,,,,,,,,,,,,,0.39000776410102844,0.21512550115585327,0.4703774154186249,0.05403996258974075,0.3708828091621399,0.44152554869651794,0.43777087330818176,0.5852527618408203,0.4280293583869934,0.5070656538009644,6.142392635345459,3.7603955268859863,6.773744106292725,2.5163381099700928,6.231973171234131,8.144740104675293,8.19900131225586,6.269824028015137,5.300103187561035,8.085410118103027,,,,,,,,,,,8.437498092651367,5.134619235992432,9.881772994995117,3.2315611839294434,8.714008331298828,10.768464088439941,10.826652526855469,9.022573471069336,7.510347843170166,10.847490310668945,,,,,,,,,,,,,,,,,,,,,,,,,,,,,,,,,,,,,,,,
32,6709,,,,,,,,,,,,,,,,,,,,,,,,,,,,,,,,,,,,,,,,,0.578869640827179,0.6325105428695679,0.2850568890571594,0.28083619475364685,0.3331150710582733,1.2736095190048218,0.5050482749938965,0.5710337162017822,0.9689761400222778,0.35964012145996094,8.037373542785645,5.738670825958252,7.202867031097412,5.516438961029053,7.467115879058838,14.650612831115723,9.470657348632812,5.820882320404053,9.689346313476562,6.7797651290893555,,,,,,,,,,,10.154233932495117,8.804327011108398,7.692675590515137,7.366842746734619,8.258416175842285,18.289169311523438,11.628862380981445,8.9122953414917,11.300036430358887,9.135478019714355,,,,,,,,,,,,,,,,,,,,,,,,,,,,,,,,,,,,,,,,
32,6714,,,,,,,,,,,,,,,,,,,,,,,,,,,,,,,,,,,,,,,,,0.4842061996459961,0.3562484383583069,0.7309039235115051,0.1462937593460083,1.0328407287597656,0.289859801530838,0.38937729597091675,0.9309778213500977,0.09519780427217484,0.386156290769577,6.935203552246094,5.576308250427246,7.998530864715576,4.330530643463135,10.078843116760254,7.244469165802002,7.0770769119262695,9.103666305541992,3.182150363922119,7.825253009796143,,,,,,,,,,,9.123103141784668,6.6075239181518555,12.318045616149902,5.317013740539551,14.541736602783203,8.725088119506836,10.210714340209961,11.379636764526367,3.541903257369995,9.466267585754395,,,,,,,,,,,,,,,,,,,,,,,,,,,,,,,,,,,,,,,,
32,6719,,,,,,,,,,,,,,,,,,,,,,,,,,,,,,,,,,,,,,,,,0.277609258890152,0.21175920963287354,0.1757735013961792,0.2455209493637085,0.1989084780216217,0.3340810537338257,0.43999630212783813,0.1537347286939621,0.22008320689201355,0.5186259150505066,5.656648635864258,4.547750949859619,3.9739460945129395,6.327727794647217,5.165397644042969,7.21058464050293,8.531702995300293,4.216960906982422,4.406761646270752,6.5290021896362305,,,,,,,,,,,7.289547443389893,5.094286918640137,6.040714740753174,6.888094902038574,6.381551742553711,9.36702823638916,10.854137420654297,4.62428617477417,5.385385036468506,10.970446586608887,,,,,,,,,,,,,,,,,,,,,,,,,,,,,,,,,,,,,,,,
32,6724,,,,,,,,,,,,,,,,,,,,,,,,,,,,,,,,,,,,,,,,,0.8287603855133057,0.6514737606048584,0.7433505058288574,1.080800175666809,0.6235730648040771,0.5501939654350281,0.7277382016181946,0.7497369050979614,1.5572526454925537,0.7747238874435425,9.22675895690918,5.210484027862549,8.941574096679688,10.617477416992188,8.577065467834473,9.910176277160645,10.987401962280273,8.16291618347168,10.7385892868042,9.895148277282715,,,,,,,,,,,12.337151527404785,8.935333251953125,12.422484397888184,14.451988220214844,11.29908561706543,12.020811080932617,13.95913028717041,10.212056159973145,14.325271606445312,13.40820598602295,,,,,,,,,,,,,,,,,,,,,,,,,,,,,,,,,,,,,,,,
32,6729,,,,,,,,,,,,,,,,,,,,,,,,,,,,,,,,,,,,,,,,,0.6303822994232178,0.47072094678878784,0.9665186405181885,0.31778520345687866,0.4490297734737396,0.6447104811668396,0.7925707101821899,0.9116613864898682,0.6461820602416992,0.47426146268844604,8.332802772521973,6.2791876792907715,10.416851043701172,6.001630783081055,7.869807720184326,10.456904411315918,9.54030990600586,9.240290641784668,7.252311706542969,7.937925338745117,,,,,,,,,,,10.860514640808105,7.595284461975098,14.165006637573242,7.836492538452148,9.588202476501465,13.01242446899414,14.567659378051758,11.260961532592773,9.22785472869873,10.490739822387695,,,,,,,,,,,,,,,,,,,,,,,,,,,,,,,,,,,,,,,,
32,6734,,,,,,,,,,,,,,,,,,,,,,,,,,,,,,,,,,,,,,,,,0.4937376379966736,0.6539058089256287,0.7694185376167297,0.5443639755249023,0.31005439162254333,0.47957074642181396,0.19731253385543823,0.5013197660446167,0.4739626944065094,0.513730525970459,7.431704044342041,6.54619026184082,9.60615348815918,7.070581912994385,7.012028217315674,8.29068374633789,5.1738409996032715,7.926576614379883,6.798286437988281,8.46099853515625,,,,,,,,,,,9.49754810333252,8.951995849609375,12.638425827026367,10.256508827209473,7.967436790466309,11.22282600402832,7.268556118011475,8.350569725036621,7.903061389923096,10.918547630310059,,,,,,,,,,,,,,,,,,,,,,,,,,,,,,,,,,,,,,,,
32,6739,,,,,,,,,,,,,,,,,,,,,,,,,,,,,,,,,,,,,,,,,0.46603330969810486,0.2870445251464844,0.6331675052642822,0.3881329596042633,0.3547581434249878,0.4509754180908203,0.37623560428619385,0.14868029952049255,0.3581221103668213,1.1971828937530518,7.310369968414307,5.041147232055664,9.405529975891113,6.831181526184082,7.441770076751709,7.714518070220947,8.621530532836914,3.437980890274048,4.3267436027526855,12.972926139831543,,,,,,,,,,,9.28713321685791,5.931122779846191,11.46491813659668,8.660543441772461,8.522477149963379,10.883092880249023,10.036927223205566,4.547633171081543,6.869717121124268,16.667768478393555,,,,,,,,,,,,,,,,,,,,,,,,,,,,,,,,,,,,,,,,
32,6744,,,,,,,,,,,,,,,,,,,,,,,,,,,,,,,,,,,,,,,,,0.2796408236026764,0.2624676823616028,0.14641514420509338,0.2926192283630371,0.4664551317691803,0.2872423827648163,0.3941233456134796,0.20605981349945068,0.1802295446395874,0.2811553180217743,5.966451168060303,4.556074619293213,4.316185474395752,6.802090644836426,7.90472936630249,7.374996662139893,7.937375545501709,4.642420291900635,3.8233561515808105,6.340831279754639,,,,,,,,,,,7.304434776306152,5.671529293060303,5.513211250305176,7.519801139831543,9.772475242614746,8.685606002807617,10.272753715515137,5.3537163734436035,4.873447418212891,8.077377319335938,,,,,,,,,,,,,,,,,,,,,,,,,,,,,,,,,,,,,,,,
32,6749,,,,,,,,,,,,,,,,,,,,,,,,,,,,,,,,,,,,,,,,,0.23527410626411438,0.193995863199234,0.1291837990283966,0.11517831683158875,0.35920023918151855,0.2040749192237854,0.2974681258201599,0.25621721148490906,0.4125766456127167,0.14957180619239807,5.282797813415527,3.930595636367798,4.394299030303955,3.8565495014190674,6.031333923339844,6.506031513214111,6.5691680908203125,5.679659366607666,5.961367607116699,4.616176128387451,,,,,,,,,,,6.536503314971924,4.875941753387451,5.1786394119262695,4.717807769775391,8.575668334960938,7.321004867553711,8.924646377563477,5.969842433929443,7.373532772064209,5.891448497772217,,,,,,,,,,,,,,,,,,,,,,,,,,,,,,,,,,,,,,,,
32,6754,,,,,,,,,,,,,,,,,,,,,,,,,,,,,,,,,,,,,,,,,0.2105625569820404,0.27953559160232544,0.22452116012573242,0.17714758217334747,0.33823803067207336,0.39582040905952454,0.12668144702911377,0.11600981652736664,0.07521006464958191,0.16189894080162048,5.090978145599365,5.101163387298584,5.933162212371826,5.253072261810303,6.114004611968994,8.144796371459961,4.809638023376465,3.334747791290283,2.4038102626800537,4.724408149719238,,,,,,,,,,,6.240820407867432,5.853031158447266,6.827164173126221,5.850897789001465,8.321677207946777,10.19588565826416,5.8240790367126465,4.0170392990112305,3.1481924057006836,6.129417419433594,,,,,,,,,,,,,,,,,,,,,,,,,,,,,,,,,,,,,,,,
32,6759,,,,,,,,,,,,,,,,,,,,,,,,,,,,,,,,,,,,,,,,,0.4082273542881012,0.741272509098053,0.4921335279941559,0.2521337568759918,0.4040968120098114,0.7095624208450317,0.33172154426574707,0.02708025649189949,0.39291343092918396,0.3231317698955536,5.959041118621826,6.861686706542969,6.388924598693848,5.324897766113281,6.312865257263184,10.909733772277832,5.413715839385986,1.6280059814453125,4.399285793304443,6.392256736755371,,,,,,,,,,,8.509627342224121,9.531279563903809,10.10771656036377,6.980240345001221,9.095829963684082,13.65121078491211,9.42448616027832,1.940819501876831,7.195678234100342,8.659384727478027,,,,,,,,,,,,,,,,,,,,,,,,,,,,,,,,,,,,,,,,
32,6764,,,,,,,,,,,,,,,,,,,,,,,,,,,,,,,,,,,,,,,,,0.21725402772426605,0.967316746711731,0.03337391838431358,0.2603508234024048,0.02025444433093071,0.027451438829302788,0.13934080302715302,0.0012307288125157356,0.06108561530709267,0.4448816776275635,4.273650646209717,7.056457996368408,2.6321778297424316,7.093072414398193,2.028963565826416,2.685087203979492,4.63904333114624,0.41375160217285156,2.8372182846069336,9.0770845413208,,,,,,,,,,,4.983823299407959,10.887962341308594,2.6321778297424316,7.093072414398193,2.0363848209381104,2.685087203979492,6.108153343200684,0.41375160217285156,2.8372182846069336,10.160601615905762,,,,,,,,,,,,,,,,,,,,,,,,,,,,,,,,,,,,,,,,
32,6764,,,,,,,,,,,,,,,,,,,,,,,,,,,,,,,,,,,,,,,,,,,,,,,,,,,6.48232889175415,5.305477619171143,6.276001930236816,6.201128005981445,6.859465599060059,8.334395408630371,7.273796558380127,5.480886936187744,5.603778839111328,7.006022930145264,0.5947360992431641,0.5905966758728027,0.6313544511795044,0.6383858919143677,0.6254833936691284,0.5276632308959961,0.6090561151504517,0.6006820201873779,0.5602408647537231,0.5691620111465454,8.706561088562012,7.192657947540283,8.479594230651855,8.274694442749023,9.226871490478516,11.163558959960938,9.764063835144043,7.31068754196167,7.614421367645264,9.332496643066406,0.5513575077056885,0.8408249020576477,0.38229337334632874,0.49981701374053955,0.5382243394851685,0.5317050218582153,0.46878260374069214,0.47071000933647156,0.6642252802848816,0.5692068934440613,7.698317527770996,7.53674840927124,7.095950126647949,7.6032233238220215,7.593910217285156,9.192334175109863,8.03779411315918,6.256977558135986,7.094313144683838,8.873604774475098,0.2575693726539612,0.2592581510543823,0.22807496786117554,0.21021956205368042,0.3044605255126953,0.2161186933517456,0.1375637650489807,0.4175138473510742,0.1789771318435669,0.36593765020370483,10.105228424072266,10.131197929382324,9.295063018798828,9.88427448272705,10.263113975524902,11.667086601257324,10.990196228027344,8.344704627990723,8.840396881103516,11.531017303466797
33,6769,,,,,,,,,,,,,,,,,,,,,,,,,,,,,,,,,,,,,,,,,0.3323754370212555,0.6512647867202759,0.17079594731330872,0.4122213125228882,0.28570228815078735,0.38155514001846313,0.21318796277046204,0.36428722739219666,0.16474488377571106,0.3476194441318512,6.297321796417236,6.147998809814453,4.351101398468018,8.204755783081055,6.357709884643555,7.748234272003174,6.330897808074951,5.823356628417969,4.30708646774292,7.404755115509033,,,,,,,,,,,7.754101276397705,8.933899879455566,5.954570293426514,8.925243377685547,7.648151397705078,10.010470390319824,7.555306911468506,7.118371486663818,4.659392356872559,8.981507301330566,,,,,,,,,,,,,,,,,,,,,,,,,,,,,,,,,,,,,,,,
33,6774,,,,,,,,,,,,,,,,,,,,,,,,,,,,,,,,,,,,,,,,,0.26890936493873596,0.24904970824718475,0.09307125955820084,0.07542559504508972,0.42340490221977234,0.6919108629226685,0.2148311585187912,0.052487388253211975,0.267518013715744,0.3524852693080902,5.415791988372803,4.14462947845459,3.6234207153320312,3.1449923515319824,6.814166069030762,10.836942672729492,6.059578895568848,1.991512656211853,5.3171796798706055,6.809702396392822,,,,,,,,,,,6.866332054138184,5.524656772613525,4.395613193511963,3.817809581756592,9.31059741973877,13.480342864990234,7.5843682289123535,2.702005624771118,5.937447547912598,9.044148445129395,,,,,,,,,,,,,,,,,,,,,,,,,,,,,,,,,,,,,,,,
33,6779,,,,,,,,,,,,,,,,,,,,,,,,,,,,,,,,,,,,,,,,,0.35490527749061584,0.515857994556427,0.37596774101257324,0.46570882201194763,0.3451519310474396,0.6176451444625854,0.16667471826076508,0.18967948853969574,0.34107646346092224,0.17638526856899261,6.555039405822754,6.614831924438477,7.2024736404418945,7.5961174964904785,6.454707622528076,10.08983325958252,4.995719909667969,4.507867336273193,5.677169322967529,5.856637477874756,,,,,,,,,,,8.037107467651367,7.9511027336120605,8.834601402282715,9.48663330078125,8.40629768371582,12.73636245727539,6.680449485778809,5.136518955230713,6.7042341232299805,6.397765636444092,,,,,,,,,,,,,,,,,,,,,,,,,,,,,,,,,,,,,,,,
33,6784,,,,,,,,,,,,,,,,,,,,,,,,,,,,,,,,,,,,,,,,,0.20386192202568054,0.14532436430454254,0.12405058741569519,0.2185690850019455,0.18126749992370605,0.3752981424331665,0.13749781250953674,0.12431145459413528,0.34638434648513794,0.18205396831035614,5.134049415588379,3.809291362762451,4.601027011871338,5.288589000701904,4.926540851593018,7.877831935882568,5.134746074676514,3.6328608989715576,5.534714698791504,5.400843620300293,,,,,,,,,,,6.143983364105225,4.220184803009033,5.074707984924316,6.4990410804748535,6.091996669769287,9.92805290222168,6.067623615264893,4.158285140991211,6.756198883056641,6.499759197235107,,,,,,,,,,,,,,,,,,,,,,,,,,,,,,,,,,,,,,,,
33,6789,,,,,,,,,,,,,,,,,,,,,,,,,,,,,,,,,,,,,,,,,0.52997887134552,0.5070905685424805,0.8716868162155151,1.0306819677352905,0.46064305305480957,0.5401073694229126,0.34077727794647217,0.4467001259326935,0.17415304481983185,0.39796924591064453,7.858448505401611,5.448786735534668,10.429643630981445,12.057804107666016,7.395205974578857,8.853778839111328,7.411970615386963,6.71630859375,4.786571025848389,7.625967979431152,,,,,,,,,,,9.87835693359375,7.88324499130249,13.452156066894531,14.112930297851562,9.711400985717773,11.910112380981445,9.552258491516113,7.882550239562988,4.790587902069092,9.609969139099121,,,,,,,,,,,,,,,,,,,,,,,,,,,,,,,,,,,,,,,,
33,6794,,,,,,,,,,,,,,,,,,,,,,,,,,,,,,,,,,,,,,,,,0.4969063401222229,0.46103334426879883,0.3484804332256317,0.2636004388332367,0.3238292932510376,0.6944892406463623,0.5276163220405579,1.409183382987976,0.23898479342460632,0.20493999123573303,7.316747188568115,5.887410640716553,7.473898887634277,6.1169047355651855,6.781853199005127,9.85204029083252,9.531774520874023,10.664247512817383,3.9505116939544678,5.592080116271973,,,,,,,,,,,9.24464225769043,7.516720771789551,8.50551986694336,7.137201309204102,8.142498970031738,13.505435943603516,11.88584041595459,14.000466346740723,5.611880779266357,6.896211624145508,,,,,,,,,,,,,,,,,,,,,,,,,,,,,,,,,,,,,,,,
33,6799,,,,,,,,,,,,,,,,,,,,,,,,,,,,,,,,,,,,,,,,,0.4225456416606903,0.4111420512199402,0.3404501676559448,0.5442297458648682,0.4972396492958069,0.5294389724731445,0.34918010234832764,0.23074881732463837,0.49376389384269714,0.406717449426651,6.882112979888916,5.260151386260986,6.69452428817749,7.55598783493042,7.422850608825684,8.627142906188965,7.5359344482421875,5.236647129058838,6.06138277053833,7.544394016265869,,,,,,,,,,,8.973156929016113,7.098363399505615,8.406949043273926,10.255244255065918,10.089798927307129,11.791899681091309,9.669310569763184,5.665371894836426,8.066459655761719,9.715018272399902,,,,,,,,,,,,,,,,,,,,,,,,,,,,,,,,,,,,,,,,
33,6804,,,,,,,,,,,,,,,,,,,,,,,,,,,,,,,,,,,,,,,,,0.6127399802207947,0.6363049745559692,0.6233429312705994,0.2141558825969696,0.3141208291053772,0.28900423645973206,0.2599949836730957,0.9222268462181091,1.5151921510696411,0.7403174638748169,7.711580276489258,7.062126159667969,9.363773345947266,4.958305358886719,5.262938976287842,5.870632648468018,7.410590648651123,7.990567207336426,11.771139144897461,9.714147567749023,,,,,,,,,,,10.030925750732422,8.830696105957031,11.375622749328613,6.433094024658203,8.019513130187988,8.712202072143555,8.343595504760742,11.326027870178223,14.130487442016602,13.107088088989258,,,,,,,,,,,,,,,,,,,,,,,,,,,,,,,,,,,,,,,,
33,6809,,,,,,,,,,,,,,,,,,,,,,,,,,,,,,,,,,,,,,,,,0.3298773169517517,0.3024711012840271,0.34157636761665344,0.17123709619045258,0.1444009244441986,0.31686607003211975,0.2144569307565689,1.1194223165512085,0.140823632478714,0.21764156222343445,5.825577735900879,4.861288547515869,5.939702033996582,5.444194793701172,4.7223381996154785,7.286088943481445,6.250591278076172,8.216352462768555,3.9229729175567627,5.78666877746582,,,,,,,,,,,7.365795612335205,6.088414669036865,8.420842170715332,5.752462863922119,5.43731689453125,9.12249755859375,7.577760219573975,12.478306770324707,4.307854175567627,7.106701374053955,,,,,,,,,,,,,,,,,,,,,,,,,,,,,,,,,,,,,,,,
33,6814,,,,,,,,,,,,,,,,,,,,,,,,,,,,,,,,,,,,,,,,,0.4091726243495941,0.38066378235816956,0.37577024102211,0.26918089389801025,0.3162042498588562,0.38105839490890503,0.28910619020462036,0.6802414655685425,0.6361889243125916,0.3541393578052521,6.877893924713135,4.406081676483154,7.427189826965332,6.001380920410156,5.5591511726379395,7.857089519500732,7.535866737365723,7.426906108856201,7.970208644866943,7.717172622680664,,,,,,,,,,,8.630220413208008,6.830193519592285,8.832280158996582,7.212353706359863,8.046064376831055,10.003952980041504,8.798315048217773,9.727253913879395,9.156222343444824,9.065342903137207,,,,,,,,,,,,,,,,,,,,,,,,,,,,,,,,,,,,,,,,
33,6819,,,,,,,,,,,,,,,,,,,,,,,,,,,,,,,,,,,,,,,,,0.2854349613189697,0.7392756938934326,0.07857646048069,0.4811883270740509,0.26345738768577576,0.3176705837249756,0.32792603969573975,0.08113007247447968,0.13189321756362915,0.1477968990802765,5.581549167633057,5.610090732574463,3.0443060398101807,8.60269832611084,5.616600036621094,7.541337966918945,8.41699504852295,2.929555892944336,3.6677799224853516,4.804579734802246,,,,,,,,,,,6.93709659576416,9.5184326171875,4.038851261138916,9.643006324768066,7.344374656677246,9.13407039642334,9.370412826538086,3.359306812286377,4.169025421142578,5.856388092041016,,,,,,,,,,,,,,,,,,,,,,,,,,,,,,,,,,,,,,,,
33,6824,,,,,,,,,,,,,,,,,,,,,,,,,,,,,,,,,,,,,,,,,0.6288904547691345,0.48840802907943726,0.15316803753376007,0.5643474459648132,0.32910656929016113,0.32981550693511963,0.2069985568523407,0.06360362470149994,2.673896551132202,0.8506696224212646,6.8755927085876465,5.231686115264893,4.121137619018555,7.601416110992432,6.170379161834717,6.771666049957275,6.056416988372803,2.9744019508361816,11.6387939453125,11.314433097839355,,,,,,,,,,,9.397210121154785,7.736662864685059,5.638917446136475,10.443070411682129,8.208578109741211,9.307035446166992,7.444823741912842,2.9744019508361816,18.77135467529297,14.050044059753418,,,,,,,,,,,,,,,,,,,,,,,,,,,,,,,,,,,,,,,,
33,6829,,,,,,,,,,,,,,,,,,,,,,,,,,,,,,,,,,,,,,,,,0.31672707200050354,0.09209026396274567,0.19856391847133636,0.2216954529285431,0.6351699829101562,0.3251807391643524,0.2219284027814865,0.16939935088157654,0.6517232656478882,0.33479198813438416,5.713429927825928,2.795999765396118,5.6390838623046875,4.953160285949707,6.8736371994018555,6.609039306640625,5.37492561340332,3.6683058738708496,8.23758602142334,7.269129276275635,,,,,,,,,,,7.512739658355713,3.35945725440979,6.420395851135254,6.545355796813965,11.403669357299805,9.241410255432129,7.70863151550293,4.854165554046631,9.267335891723633,8.814237594604492,,,,,,,,,,,,,,,,,,,,,,,,,,,,,,,,,,,,,,,,
33,6834,,,,,,,,,,,,,,,,,,,,,,,,,,,,,,,,,,,,,,,,,0.5827701687812805,0.43646910786628723,0.2135593295097351,0.6902816891670227,0.6453055143356323,1.1935155391693115,0.8417110443115234,0.41439324617385864,0.2934688925743103,0.5162273645401001,7.858656406402588,6.274913787841797,5.882627964019775,8.685497283935547,7.925967693328857,13.887811660766602,9.379622459411621,5.98908805847168,4.800750255584717,7.901627063751221,,,,,,,,,,,10.498807907104492,7.313731670379639,6.658416271209717,11.549630165100098,11.494294166564941,17.704753875732422,15.012476921081543,7.592154502868652,6.2187676429748535,10.945048332214355,,,,,,,,,,,,,,,,,,,,,,,,,,,,,,,,,,,,,,,,
33,6839,,,,,,,,,,,,,,,,,,,,,,,,,,,,,,,,,,,,,,,,,0.4757850468158722,0.5102709531784058,0.33212682604789734,0.19615446031093597,0.5590665936470032,0.9924513697624207,0.36834320425987244,0.3958476185798645,0.6379579305648804,0.28984612226486206,7.471608638763428,6.9790191650390625,6.472843170166016,5.3941545486450195,7.327107906341553,12.404006958007812,7.478250503540039,6.159376621246338,7.998719692230225,7.0309953689575195,,,,,,,,,,,9.325923919677734,7.907927513122559,8.303545951843262,6.156784534454346,10.698709487915039,16.144718170166016,9.9310941696167,7.420321464538574,9.168943405151367,8.201266288757324,,,,,,,,,,,,,,,,,,,,,,,,,,,,,,,,,,,,,,,,
33,6844,,,,,,,,,,,,,,,,,,,,,,,,,,,,,,,,,,,,,,,,,0.29143643379211426,0.14682143926620483,0.35182297229766846,0.34997794032096863,0.17881843447685242,0.23657235503196716,0.45997241139411926,0.30095940828323364,0.32669684290885925,0.27128612995147705,5.726291179656982,3.6480112075805664,6.184006690979004,6.6747941970825195,4.660806179046631,5.857276916503906,9.269283294677734,4.492242813110352,5.563622951507568,5.1865763664245605,,,,,,,,,,,7.445407390594482,4.241866588592529,8.546213150024414,8.223851203918457,6.050702095031738,7.882388591766357,11.097794532775879,6.470125198364258,6.561388969421387,7.934342861175537,,,,,,,,,,,,,,,,,,,,,,,,,,,,,,,,,,,,,,,,
33,6849,,,,,,,,,,,,,,,,,,,,,,,,,,,,,,,,,,,,,,,,,0.4436306059360504,0.3241182267665863,0.4210008382797241,0.41187039017677307,0.5700833201408386,0.38843852281570435,0.6436049938201904,0.45191633701324463,0.4512300491333008,0.33041274547576904,6.930765628814697,4.468132972717285,8.077933311462402,6.626134872436523,8.543842315673828,7.12059211730957,9.633378982543945,6.165945053100586,5.1928935050964355,6.548034191131592,,,,,,,,,,,9.222241401672363,6.302516460418701,9.348740577697754,8.9214448928833,10.803606986999512,10.100363731384277,13.127453804016113,7.928439617156982,7.71120548248291,8.756401062011719,,,,,,,,,,,,,,,,,,,,,,,,,,,,,,,,,,,,,,,,
33,6854,,,,,,,,,,,,,,,,,,,,,,,,,,,,,,,,,,,,,,,,,0.2722770869731903,0.20593920350074768,0.17956845462322235,0.28523632884025574,0.35104116797447205,0.21091291308403015,0.2806483507156372,0.2810842990875244,0.3126533627510071,0.34340962767601013,5.867257595062256,3.7579104900360107,4.494001388549805,6.301028728485107,7.70042085647583,6.526243686676025,7.485391616821289,4.353723526000977,4.659229278564453,7.527368545532227,,,,,,,,,,,7.1934814453125,5.023793697357178,6.105576038360596,7.424330234527588,8.477712631225586,7.442647457122803,8.668661117553711,6.252835750579834,6.4188151359558105,8.926957130432129,,,,,,,,,,,,,,,,,,,,,,,,,,,,,,,,,,,,,,,,
33,6859,,,,,,,,,,,,,,,,,,,,,,,,,,,,,,,,,,,,,,,,,0.3315277099609375,0.33404287695884705,0.10115540772676468,0.25725215673446655,0.17091234028339386,0.5421935319900513,0.19364482164382935,0.20748591423034668,0.817419707775116,0.3596425950527191,6.1051926612854,4.523656368255615,4.047178745269775,6.266106128692627,4.601205348968506,9.099037170410156,6.186775207519531,4.831742286682129,8.047680854797363,7.343351364135742,,,,,,,,,,,7.55191707611084,6.398281574249268,4.582539081573486,7.0507354736328125,5.915430545806885,11.93309211730957,7.20068359375,5.372210502624512,10.378767967224121,9.135509490966797,,,,,,,,,,,,,,,,,,,,,,,,,,,,,,,,,,,,,,,,
33,6864,,,,,,,,,,,,,,,,,,,,,,,,,,,,,,,,,,,,,,,,,0.24440224468708038,0.2913212478160858,0.17988024652004242,0.11243882030248642,0.28358107805252075,0.2405802458524704,0.3361862599849701,0.1310960352420807,0.3613539934158325,0.26318249106407166,5.533721446990967,4.83021879196167,4.89273738861084,3.1830151081085205,6.270745754241943,7.337238311767578,6.85223388671875,3.6921498775482178,6.182796955108643,6.5623579025268555,,,,,,,,,,,6.75438928604126,5.975143909454346,6.110874176025391,4.6613640785217285,7.619707107543945,7.948877811431885,9.487696647644043,4.270252227783203,6.900645732879639,7.814940929412842,,,,,,,,,,,,,,,,,,,,,,,,,,,,,,,,,,,,,,,,
33,6869,,,,,,,,,,,,,,,,,,,,,,,,,,,,,,,,,,,,,,,,,0.26244646310806274,0.31966516375541687,0.16391021013259888,0.10993701219558716,0.12065472453832626,0.2015417069196701,0.17907129228115082,0.5054396986961365,0.21055124700069427,0.5512471199035645,5.32179069519043,5.016247272491455,4.4688029289245605,3.515573024749756,3.8398776054382324,5.266427516937256,5.707489013671875,6.996216773986816,4.276331901550293,8.809147834777832,,,,,,,,,,,6.759345054626465,6.259072303771973,5.8333048820495605,4.609213829040527,4.970176696777344,7.275424003601074,6.924426555633545,8.38481330871582,5.267471790313721,11.310201644897461,,,,,,,,,,,,,,,,,,,,,,,,,,,,,,,,,,,,,,,,
33,6874,,,,,,,,,,,,,,,,,,,,,,,,,,,,,,,,,,,,,,,,,0.142753466963768,0.2372143715620041,0.0967932716012001,0.15479245781898499,0.1374851018190384,0.23343674838542938,0.061892926692962646,0.04650973528623581,0.07492439448833466,0.2417321652173996,4.089005470275879,4.073602199554443,3.6725387573242188,4.755547523498535,3.8962931632995605,5.783637046813965,3.3505494594573975,2.19460129737854,2.654125928878784,6.42015266418457,,,,,,,,,,,5.0806121826171875,5.391787528991699,4.482644081115723,5.46927547454834,5.305514335632324,7.829976558685303,4.070908069610596,2.5434939861297607,3.1422080993652344,7.489699840545654,,,,,,,,,,,,,,,,,,,,,,,,,,,,,,,,,,,,,,,,
33,6879,,,,,,,,,,,,,,,,,,,,,,,,,,,,,,,,,,,,,,,,,0.4571057856082916,0.7367687225341797,0.19449327886104584,0.4297884404659271,0.7378074526786804,0.6402625441551208,0.31941503286361694,0.6399529576301575,0.2496195137500763,0.16584429144859314,7.445130348205566,6.825410842895508,5.955214977264404,7.612429141998291,9.20754337310791,10.888415336608887,7.512207984924316,8.893743515014648,5.08896541595459,5.022243022918701,,,,,,,,,,,8.98331356048584,9.502280235290527,6.354244709014893,9.11343765258789,12.290545463562012,12.967460632324219,9.248014450073242,9.434800148010254,5.735384941101074,6.203652381896973,,,,,,,,,,,,,,,,,,,,,,,,,,,,,,,,,,,,,,,,
33,6884,,,,,,,,,,,,,,,,,,,,,,,,,,,,,,,,,,,,,,,,,0.6616420149803162,0.3997783064842224,0.3510321378707886,0.2712322771549225,0.37941452860832214,0.8912753462791443,0.42343831062316895,1.109227180480957,1.3373677730560303,0.7920118570327759,7.426878452301025,5.240250587463379,6.050532341003418,5.8681464195251465,6.658676624298096,10.320115089416504,7.053722858428955,8.230003356933594,8.97016716003418,8.450292587280273,,,,,,,,,,,10.754557609558105,6.999578952789307,8.536602973937988,7.239784240722656,8.813666343688965,15.299660682678223,10.64794635772705,12.421355247497559,13.275433540344238,13.556983947753906,,,,,,,,,,,,,,,,,,,,,,,,,,,,,,,,,,,,,,,,
33,6889,,,,,,,,,,,,,,,,,,,,,,,,,,,,,,,,,,,,,,,,,0.4311268925666809,0.6315622925758362,0.234927698969841,0.2791692912578583,0.3536195158958435,0.3730096220970154,0.2856639325618744,0.4005652666091919,0.8346188068389893,0.48700544238090515,6.905239582061768,6.311760902404785,5.333218574523926,6.816751956939697,6.50949764251709,7.1969194412231445,7.74819803237915,6.583493232727051,7.541774749755859,8.10554027557373,,,,,,,,,,,8.762346267700195,8.797724723815918,6.983591079711914,7.344947814941406,8.5087890625,9.897736549377441,8.74577808380127,7.464407920837402,10.487388610839844,10.630755424499512,,,,,,,,,,,,,,,,,,,,,,,,,,,,,,,,,,,,,,,,
33,6894,,,,,,,,,,,,,,,,,,,,,,,,,,,,,,,,,,,,,,,,,0.2461852729320526,0.39188262820243835,0.06487657874822617,0.06925229728221893,0.40297195315361023,0.4288669228553772,0.2127065360546112,0.2466917335987091,0.11816766858100891,0.280251145362854,5.175938129425049,5.235835075378418,2.7534592151641846,2.861027717590332,6.775021553039551,8.17346477508545,5.659260272979736,4.926692008972168,3.6328353881835938,6.565845966339111,,,,,,,,,,,6.596612930297852,6.930112838745117,3.6699116230010986,3.658238172531128,9.083162307739258,10.612975120544434,7.546772003173828,5.857819557189941,3.946141481399536,8.064377784729004,,,,,,,,,,,,,,,,,,,,,,,,,,,,,,,,,,,,,,,,
33,6899,,,,,,,,,,,,,,,,,,,,,,,,,,,,,,,,,,,,,,,,,0.5399920344352722,0.13286450505256653,0.34057894349098206,1.7969183921813965,0.37040483951568604,0.3634789288043976,0.20430931448936462,0.6395748257637024,0.7979828119277954,0.21381565928459167,7.02184534072876,3.3171942234039307,7.011363506317139,10.89173412322998,7.226142883300781,7.167638301849365,6.073861598968506,8.56926155090332,7.576722621917725,5.3626909255981445,,,,,,,,,,,9.29823112487793,4.035215854644775,8.408538818359375,18.63455581665039,8.708391189575195,9.770469665527344,7.396305561065674,9.432013511657715,10.254631996154785,7.043961524963379,,,,,,,,,,,,,,,,,,,,,,,,,,,,,,,,,,,,,,,,
33,6904,,,,,,,,,,,,,,,,,,,,,,,,,,,,,,,,,,,,,,,,,0.47130510210990906,0.20673157274723053,0.3885161280632019,0.5281590819358826,0.3837887644767761,0.42287200689315796,0.6067816019058228,0.5046842098236084,0.47969934344291687,0.7205129265785217,7.522002220153809,4.265778541564941,7.832479953765869,7.957592964172363,7.751247882843018,8.648382186889648,9.830078125,6.875124454498291,6.183530807495117,8.353806495666504,,,,,,,,,,,9.502899169921875,5.033449172973633,8.980823516845703,10.10269546508789,8.864327430725098,10.538537979125977,12.746383666992188,8.378544807434082,7.950745582580566,12.930583000183105,,,,,,,,,,,,,,,,,,,,,,,,,,,,,,,,,,,,,,,,
33,6909,,,,,,,,,,,,,,,,,,,,,,,,,,,,,,,,,,,,,,,,,0.3447970449924469,0.351406991481781,0.3649645745754242,0.2110578566789627,0.6735658645629883,0.31418633460998535,0.4947718679904938,0.19685956835746765,0.1511213481426239,0.3452392518520355,6.141250133514404,4.850013732910156,5.354892253875732,4.896807670593262,8.750921249389648,6.855159282684326,9.494097709655762,3.6146042346954346,4.11711311340332,7.337642192840576,,,,,,,,,,,8.070713996887207,6.562471866607666,8.704363822937012,6.3863935470581055,11.743287086486816,9.083840370178223,11.509946823120117,5.232834339141846,4.462581634521484,8.950705528259277,,,,,,,,,,,,,,,,,,,,,,,,,,,,,,,,,,,,,,,,
33,6914,,,,,,,,,,,,,,,,,,,,,,,,,,,,,,,,,,,,,,,,,0.4040801227092743,0.6747821569442749,0.388030469417572,0.15776284039020538,0.5820655822753906,0.5632023215293884,0.2666837275028229,0.20074334740638733,0.19485560059547424,0.6085951328277588,6.324352741241455,6.54007625579834,6.75977897644043,4.856563568115234,8.444304466247559,8.681753158569336,5.362455368041992,4.156994342803955,4.197244167327881,7.920001983642578,,,,,,,,,,,8.594985008239746,9.093771934509277,8.97520923614502,5.5215020179748535,10.916555404663086,12.16208553314209,8.450240135192871,5.284200668334961,5.067336082458496,11.883966445922852,,,,,,,,,,,,,,,,,,,,,,,,,,,,,,,,,,,,,,,,
33,6919,,,,,,,,,,,,,,,,,,,,,,,,,,,,,,,,,,,,,,,,,0.2969224750995636,0.4380332827568054,0.6075135469436646,0.21565353870391846,0.11277070641517639,0.39301884174346924,0.14247509837150574,0.33403080701828003,0.11611819267272949,0.31268811225891113,6.27455472946167,6.119722843170166,9.86992073059082,5.392077922821045,3.9989712238311768,9.152088165283203,4.584810256958008,6.519111633300781,3.8171229362487793,7.017167091369629,,,,,,,,,,,7.266700744628906,7.326825141906738,11.230255126953125,6.455549240112305,4.805048942565918,10.159738540649414,6.176468849182129,6.81635046005249,3.911771297454834,8.518299102783203,,,,,,,,,,,,,,,,,,,,,,,,,,,,,,,,,,,,,,,,
33,6924,,,,,,,,,,,,,,,,,,,,,,,,,,,,,,,,,,,,,,,,,0.42496100068092346,0.26219332218170166,0.2669411599636078,0.5451845526695251,0.29855769872665405,0.49507492780685425,0.4245099425315857,0.3938845098018646,0.7690668702125549,0.3692358732223511,6.836311340332031,4.459290504455566,5.651810646057129,8.158989906311035,6.437612533569336,8.150609016418457,7.788527011871338,6.55042028427124,6.664116382598877,7.6654276847839355,,,,,,,,,,,8.887236595153809,5.668564796447754,7.444223403930664,10.264236450195312,7.818326473236084,11.402795791625977,10.661412239074707,7.4018988609313965,10.067122459411621,9.256549835205078,,,,,,,,,,,,,,,,,,,,,,,,,,,,,,,,,,,,,,,,
33,6929,,,,,,,,,,,,,,,,,,,,,,,,,,,,,,,,,,,,,,,,,0.33415487408638,0.46231892704963684,0.19001729786396027,0.5349005460739136,0.24447640776634216,0.41399261355400085,0.3136293590068817,0.16665679216384888,0.30344629287719727,0.37795552611351013,6.539888858795166,5.8584489822387695,5.365963935852051,7.565435886383057,6.202816963195801,8.887932777404785,7.483164310455322,4.244542598724365,5.99257755279541,7.258119106292725,,,,,,,,,,,7.90493631362915,7.527194023132324,6.280702590942383,10.166967391967773,7.074864387512207,10.427306175231934,9.163874626159668,4.81471061706543,6.323597431182861,9.36521053314209,,,,,,,,,,,,,,,,,,,,,,,,,,,,,,,,,,,,,,,,
33,6934,,,,,,,,,,,,,,,,,,,,,,,,,,,,,,,,,,,,,,,,,0.5376644134521484,0.8713865280151367,0.2180681824684143,0.27903515100479126,0.44403141736984253,1.0021893978118896,0.42373189330101013,0.43639087677001953,0.4734104871749878,0.6907356381416321,7.160637855529785,7.54133939743042,5.189960479736328,6.292185306549072,5.797617435455322,11.037878036499023,7.482242584228516,5.9131646156311035,5.4397430419921875,9.751608848571777,,,,,,,,,,,9.907294273376465,10.333982467651367,6.728338241577148,7.3431830406188965,9.534687995910645,16.223731994628906,10.651637077331543,7.791059494018555,7.898456573486328,12.660566329956055,,,,,,,,,,,,,,,,,,,,,,,,,,,,,,,,,,,,,,,,
33,6939,,,,,,,,,,,,,,,,,,,,,,,,,,,,,,,,,,,,,,,,,0.3406027853488922,0.33517536520957947,0.3586426377296448,0.6177334189414978,0.4061551094055176,0.27741122245788574,0.2448994517326355,0.2250661998987198,0.27019479870796204,0.33014702796936035,6.3984246253967285,5.676243305206299,6.053771495819092,7.750154495239258,7.521650791168213,7.055841445922852,7.117846488952637,4.279148101806641,4.981192588806152,7.1499714851379395,,,,,,,,,,,8.003461837768555,6.40911865234375,8.628644943237305,10.92585563659668,9.118966102600098,8.535675048828125,8.097756385803223,5.59517765045166,5.967079162597656,8.75287914276123,,,,,,,,,,,,,,,,,,,,,,,,,,,,,,,,,,,,,,,,
33,6944,,,,,,,,,,,,,,,,,,,,,,,,,,,,,,,,,,,,,,,,,0.4246501624584198,0.24112825095653534,0.1714095026254654,0.6161372661590576,0.39256665110588074,0.33712875843048096,0.3671371042728424,0.5509968996047974,0.22388936579227448,0.9214577674865723,6.461700916290283,4.5676164627075195,4.304879665374756,9.722417831420898,6.878164291381836,7.0326247215271,7.426668167114258,5.742884159088135,3.9266273975372314,8.553424835205078,,,,,,,,,,,8.823545455932617,5.436086177825928,5.965256214141846,10.911730766296387,8.96512508392334,9.409656524658203,9.914822578430176,8.754538536071777,5.431753158569336,14.622946739196777,,,,,,,,,,,,,,,,,,,,,,,,,,,,,,,,,,,,,,,,
33,6949,,,,,,,,,,,,,,,,,,,,,,,,,,,,,,,,,,,,,,,,,0.2300734519958496,0.19901983439922333,0.3105812966823578,0.1419120728969574,0.17613916099071503,0.16422945261001587,0.09514772146940231,0.20800647139549255,0.41827601194381714,0.3573489785194397,5.1678948402404785,3.996950626373291,6.365592956542969,4.15376615524292,4.380214214324951,5.627038478851318,4.306162357330322,4.397222995758057,5.679823875427246,7.604284286499023,,,,,,,,,,,6.414985656738281,4.9386749267578125,8.02970027923584,5.236783027648926,6.00520133972168,6.567519664764404,5.047426223754883,5.378945827484131,7.42428731918335,9.106332778930664,,,,,,,,,,,,,,,,,,,,,,,,,,,,,,,,,,,,,,,,
33,6954,,,,,,,,,,,,,,,,,,,,,,,,,,,,,,,,,,,,,,,,,0.34813910722732544,0.253842294216156,0.16372349858283997,0.22800424695014954,0.23338709771633148,0.5124548673629761,0.23180685937404633,0.47840744256973267,0.551020085811615,0.4806053638458252,6.478226661682129,4.942717552185059,4.917642116546631,5.581354141235352,5.969534873962402,8.357192993164062,6.005547046661377,6.305037021636963,7.5461506843566895,8.678863525390625,,,,,,,,,,,7.964107990264893,5.577559947967529,5.829981327056885,6.637833595275879,6.912545680999756,11.60122013092041,7.878325939178467,8.157511711120605,8.521322250366211,10.560669898986816,,,,,,,,,,,,,,,,,,,,,,,,,,,,,,,,,,,,,,,,
33,6959,,,,,,,,,,,,,,,,,,,,,,,,,,,,,,,,,,,,,,,,,0.4343012273311615,0.33640676736831665,0.15298961102962494,0.35062095522880554,0.14626909792423248,0.34349575638771057,0.31498000025749207,1.5570164918899536,0.45243769884109497,0.25449448823928833,6.646078109741211,5.257638454437256,4.558963298797607,6.941206932067871,5.026989936828613,7.598727703094482,6.979493141174316,11.15356731414795,6.428946018218994,5.869168758392334,,,,,,,,,,,8.28498649597168,6.4208807945251465,5.635632514953613,8.231401443481445,5.472376346588135,9.498096466064453,9.183586120605469,14.716526985168457,7.721518039703369,7.6848673820495605,,,,,,,,,,,,,,,,,,,,,,,,,,,,,,,,,,,,,,,,
33,6964,,,,,,,,,,,,,,,,,,,,,,,,,,,,,,,,,,,,,,,,,0.35250750184059143,0.3761434853076935,0.30541902780532837,0.6664903163909912,0.4335685968399048,0.62366783618927,0.2617228627204895,0.040454428642988205,0.32427507638931274,0.14082559943199158,6.179686069488525,5.507772922515869,5.698266983032227,8.944972038269043,7.67161750793457,9.923813819885254,6.303698539733887,2.042224407196045,5.111347675323486,4.4134602546691895,,,,,,,,,,,7.924233436584473,6.789519786834717,7.962688446044922,11.348848342895508,9.421685218811035,12.798307418823242,8.371274948120117,2.372147798538208,6.537024021148682,5.716602802276611,,,,,,,,,,,,,,,,,,,,,,,,,,,,,,,,,,,,,,,,
33,6969,,,,,,,,,,,,,,,,,,,,,,,,,,,,,,,,,,,,,,,,,0.07932516187429428,0.08836238086223602,0.019171517342329025,0.06310567259788513,0.07139679044485092,0.0952991396188736,0.06269089877605438,0.22662265598773956,0.022562867030501366,0.06471453607082367,3.5081818103790283,3.1538803577423096,1.9949861764907837,3.492119312286377,3.823305130004883,4.352840423583984,3.6734702587127686,5.614490509033203,1.724330186843872,3.744211196899414,,,,,,,,,,,3.6572418212890625,3.2907581329345703,1.9949861764907837,3.492119312286377,3.823305130004883,5.002882480621338,4.097067356109619,5.614490509033203,1.724330186843872,3.8752355575561523,,,,,,,,,,,,,,,,,,,,,,,,,,,,,,,,,,,,,,,,
33,6969,,,,,,,,,,,,,,,,,,,,,,,,,,,,,,,,,,,,,,,,,,,,,,,,,,,6.434156894683838,5.270381927490234,6.262762546539307,6.168005466461182,6.715598106384277,8.180119514465332,7.190452575683594,5.4736433029174805,5.51542329788208,7.131019592285156,0.5993397235870361,0.5952619314193726,0.633441150188446,0.6367254257202148,0.6391063928604126,0.5432571768760681,0.6187410354614258,0.5972181558609009,0.5697067975997925,0.5605990886688232,8.653059005737305,7.151559352874756,8.455562591552734,8.293671607971191,9.057503700256348,10.97773551940918,9.642363548278809,7.342329502105713,7.532025337219238,9.424782752990723,0.5579065084457397,0.8068931698799133,0.4015789031982422,0.48900938034057617,0.6129903197288513,0.5810002088546753,0.5562831163406372,0.40564364194869995,0.5901021361351013,0.5861674547195435,7.794007301330566,7.380530834197998,7.187599182128906,7.591263294219971,8.134864807128906,9.759381294250488,8.862616539001465,5.963401794433594,6.299263954162598,8.967144012451172,0.24511592090129852,0.29145967960357666,0.2008216381072998,0.20745694637298584,0.23283493518829346,0.14197200536727905,-0.012056231498718262,0.49260425567626953,0.3028028607368469,0.3481471538543701,10.1983003616333,9.908539772033691,9.457723617553711,9.9015474319458,10.778607368469238,12.206412315368652,11.905406951904297,7.788280963897705,8.146516799926758,11.691666603088379
34,6974,,,,,,,,,,,,,,,,,,,,,,,,,,,,,,,,,,,,,,,,,0.5803038477897644,0.25079864263534546,0.7347278594970703,0.834142804145813,0.7239930033683777,0.42821305990219116,0.6064817905426025,0.29963645339012146,1.0352189540863037,0.30952203273773193,7.727608680725098,4.1817708015441895,8.981545448303223,8.818373680114746,8.271565437316895,8.106650352478027,9.123856544494629,4.5432000160217285,10.59464168548584,6.926877021789551,,,,,,,,,,,10.30271053314209,5.544020652770996,12.350227355957031,12.69623851776123,12.17494010925293,10.604881286621094,12.743233680725098,6.455888748168945,11.679905891418457,8.475064277648926,,,,,,,,,,,,,,,,,,,,,,,,,,,,,,,,,,,,,,,,
34,6979,,,,,,,,,,,,,,,,,,,,,,,,,,,,,,,,,,,,,,,,,0.4134628474712372,0.2994949519634247,0.21895921230316162,0.37013256549835205,0.3209531307220459,0.5558596849441528,0.32226768136024475,0.6302322149276733,0.7915056943893433,0.21176037192344666,6.551902770996094,5.151523113250732,4.767391681671143,6.371103286743164,6.928859233856201,8.55969524383545,6.470848560333252,7.341105937957764,7.539958477020264,5.836641788482666,,,,,,,,,,,8.591293334960938,6.05838680267334,6.742069721221924,8.457335472106934,8.106258392333984,12.082544326782227,9.28921890258789,9.362871170043945,10.212928771972656,7.010024547576904,,,,,,,,,,,,,,,,,,,,,,,,,,,,,,,,,,,,,,,,
34,6984,,,,,,,,,,,,,,,,,,,,,,,,,,,,,,,,,,,,,,,,,0.37248820066452026,0.4077519476413727,0.4439716041088104,0.4856174886226654,0.16568300127983093,0.20592091977596283,0.26284581422805786,0.47085484862327576,0.5756414532661438,0.3341069221496582,6.132989883422852,5.543393611907959,8.06566047668457,5.996255874633789,4.484764575958252,5.769260406494141,6.5107269287109375,5.583796977996826,7.191678524017334,6.051368713378906,,,,,,,,,,,8.170211791992188,7.069036960601807,9.600398063659668,9.687284469604492,5.824231147766113,7.354042053222656,8.389214515686035,8.092864990234375,8.709622383117676,8.805213928222656,,,,,,,,,,,,,,,,,,,,,,,,,,,,,,,,,,,,,,,,
34,6989,,,,,,,,,,,,,,,,,,,,,,,,,,,,,,,,,,,,,,,,,0.2955344021320343,0.5367182493209839,0.13337667286396027,0.21861739456653595,0.4636627435684204,0.2567698061466217,0.17208151519298553,0.24320784211158752,0.1965998113155365,0.43877553939819336,5.59468936920166,5.4210968017578125,4.124283790588379,4.231655597686768,6.594213008880615,7.2707366943359375,6.020052909851074,5.35791540145874,3.6562395095825195,7.676011562347412,,,,,,,,,,,7.29022741317749,8.110273361206055,5.262009143829346,6.499758720397949,9.743180274963379,8.211978912353516,6.787938594818115,5.816308975219727,5.089965343475342,10.090632438659668,,,,,,,,,,,,,,,,,,,,,,,,,,,,,,,,,,,,,,,,
34,6994,,,,,,,,,,,,,,,,,,,,,,,,,,,,,,,,,,,,,,,,,0.25202932953834534,0.19727995991706848,0.21446244418621063,0.10107288509607315,0.4905494451522827,0.26023784279823303,0.30305755138397217,0.1643448919057846,0.3170059621334076,0.22025278210639954,5.743856906890869,4.271081447601318,5.974788665771484,4.050624847412109,8.787848472595215,6.5942888259887695,6.016396522521973,3.7742302417755127,5.7248854637146,6.500565052032471,,,,,,,,,,,6.855533123016357,4.91703987121582,6.67248010635376,4.419490814208984,10.02169132232666,8.267250061035156,9.008103370666504,4.781198501586914,6.463339805603027,7.149207592010498,,,,,,,,,,,,,,,,,,,,,,,,,,,,,,,,,,,,,,,,
34,6999,,,,,,,,,,,,,,,,,,,,,,,,,,,,,,,,,,,,,,,,,0.46090084314346313,0.44215524196624756,0.606810450553894,0.4913199841976166,0.43447792530059814,0.8269989490509033,0.3004555404186249,0.3231191337108612,0.39605599641799927,0.3267144560813904,7.2460784912109375,4.2228312492370605,8.99343204498291,7.624960422515869,6.038891315460205,12.03936767578125,7.205008029937744,5.530093193054199,6.084052562713623,7.4760661125183105,,,,,,,,,,,9.344808578491211,7.3612165451049805,11.223755836486816,9.743996620178223,9.431559562683105,14.737653732299805,8.969348907470703,6.7040934562683105,7.224396705627441,8.707257270812988,,,,,,,,,,,,,,,,,,,,,,,,,,,,,,,,,,,,,,,,
34,7004,,,,,,,,,,,,,,,,,,,,,,,,,,,,,,,,,,,,,,,,,0.3680638372898102,0.3789382576942444,0.19271452724933624,0.4192819595336914,0.29602235555648804,0.40284496545791626,0.4142007827758789,0.24487094581127167,0.7108110785484314,0.2528897821903229,6.364068031311035,5.572161674499512,4.923059463500977,6.781446933746338,6.099430084228516,8.104839324951172,7.627074241638184,4.83788537979126,7.040643692016602,6.290071964263916,,,,,,,,,,,8.213160514831543,6.814696311950684,6.325121879577637,9.001357078552246,7.785059928894043,10.28596019744873,10.531160354614258,5.836162090301514,9.678330421447754,7.660600185394287,,,,,,,,,,,,,,,,,,,,,,,,,,,,,,,,,,,,,,,,
34,7009,,,,,,,,,,,,,,,,,,,,,,,,,,,,,,,,,,,,,,,,,0.44415733218193054,0.7277810573577881,0.6700746417045593,0.2484671175479889,0.8767625689506531,0.23229260742664337,0.4674355983734131,0.23162823915481567,0.36548686027526855,0.177487313747406,6.784329891204834,6.381275653839111,8.441126823425293,6.01371955871582,10.455509185791016,6.191807746887207,8.677122116088867,5.499385356903076,4.45040225982666,4.948619842529297,,,,,,,,,,,8.84421157836914,9.444146156311035,11.794328689575195,6.929299831390381,13.398021697998047,7.810764789581299,11.18746566772461,5.676157474517822,6.939995765686035,6.417721271514893,,,,,,,,,,,,,,,,,,,,,,,,,,,,,,,,,,,,,,,,
34,7014,,,,,,,,,,,,,,,,,,,,,,,,,,,,,,,,,,,,,,,,,0.27257394790649414,0.3233315646648407,0.1805914342403412,0.21216708421707153,0.16301143169403076,0.41182583570480347,0.15834850072860718,0.3907371461391449,0.2867593765258789,0.3263930380344391,5.3786468505859375,5.213939189910889,4.732649803161621,3.846102714538574,4.125001907348633,8.024532318115234,5.655186653137207,5.097853183746338,4.44908332824707,7.263472557067871,,,,,,,,,,,7.081331729888916,6.294863700866699,6.12294340133667,6.403153896331787,5.7770843505859375,10.399983406066895,6.511451244354248,7.37226676940918,6.1472673416137695,8.702973365783691,,,,,,,,,,,,,,,,,,,,,,,,,,,,,,,,,,,,,,,,
34,7019,,,,,,,,,,,,,,,,,,,,,,,,,,,,,,,,,,,,,,,,,0.33043625950813293,0.2563933730125427,0.34568503499031067,0.22187870740890503,0.14880283176898956,0.5757986903190613,0.2787126898765564,0.12479381263256073,0.366950660943985,0.6549104452133179,6.104931354522705,4.614252090454102,6.868675231933594,5.341244220733643,5.040186405181885,9.946517944335938,6.726099014282227,3.2272419929504395,4.125172138214111,9.054996490478516,,,,,,,,,,,7.8365159034729,5.6055169105529785,8.47133731842041,6.548061370849609,5.519570350646973,12.297341346740723,8.638715744018555,4.166345119476318,6.953878402709961,12.327873229980469,,,,,,,,,,,,,,,,,,,,,,,,,,,,,,,,,,,,,,,,
34,7024,,,,,,,,,,,,,,,,,,,,,,,,,,,,,,,,,,,,,,,,,0.4907115399837494,0.37500104308128357,0.31800007820129395,0.44286593794822693,1.4428790807724,0.4205693304538727,0.41969698667526245,0.3728911578655243,0.22993001341819763,0.3945704996585846,7.60333776473999,5.420286178588867,7.543264389038086,7.8549652099609375,12.150500297546387,8.901910781860352,8.332223892211914,6.270793914794922,3.683159112930298,8.272933959960938,,,,,,,,,,,9.414311408996582,6.779200553894043,8.125035285949707,9.251049995422363,17.187576293945312,10.509805679321289,10.600802421569824,7.201944351196289,5.504541397094727,9.56884479522705,,,,,,,,,,,,,,,,,,,,,,,,,,,,,,,,,,,,,,,,
34,7029,,,,,,,,,,,,,,,,,,,,,,,,,,,,,,,,,,,,,,,,,0.3326220214366913,0.4623076319694519,0.2866896986961365,0.4899354577064514,0.12223468720912933,0.13287471234798431,0.2573154866695404,0.6740733981132507,0.17828673124313354,0.3898804485797882,5.803750038146973,5.4163713455200195,4.8188252449035645,7.901829719543457,4.002909183502197,5.084908962249756,6.532036781311035,6.494747161865234,4.435296535491943,7.54682731628418,,,,,,,,,,,7.580501079559326,7.527101993560791,7.714676380157471,9.730257034301758,5.002612590789795,5.907408714294434,8.30048942565918,9.683053016662598,4.847109317779541,9.511804580688477,,,,,,,,,,,,,,,,,,,,,,,,,,,,,,,,,,,,,,,,
34,7034,,,,,,,,,,,,,,,,,,,,,,,,,,,,,,,,,,,,,,,,,0.25592532753944397,0.21090272068977356,0.027502108365297318,0.16464853286743164,0.17750628292560577,0.5285597443580627,0.2945791482925415,0.3377019762992859,0.456143856048584,0.10578354448080063,5.270632266998291,4.088469982147217,2.072230577468872,5.019936561584473,4.74648380279541,8.960066795349121,6.765955924987793,5.274785041809082,6.460724353790283,4.0470428466796875,,,,,,,,,,,6.596360683441162,5.083974361419678,2.3894317150115967,5.640710353851318,6.028461456298828,11.782105445861816,8.881202697753906,6.8537068367004395,7.753079414367676,4.954573154449463,,,,,,,,,,,,,,,,,,,,,,,,,,,,,,,,,,,,,,,,
34,7039,,,,,,,,,,,,,,,,,,,,,,,,,,,,,,,,,,,,,,,,,0.4834490418434143,0.40404438972473145,1.6983931064605713,0.29501771926879883,0.20213571190834045,0.2688477337360382,0.6540060043334961,0.39409339427948,0.08693501353263855,0.3475683033466339,6.407591342926025,5.59240198135376,9.80477523803711,5.908854007720947,4.484259128570557,6.878448009490967,9.85946273803711,5.40647554397583,2.8217790126800537,6.911862850189209,,,,,,,,,,,9.022566795349121,7.036826133728027,18.777196884155273,7.550555229187012,6.433113098144531,8.402897834777832,13.233102798461914,7.403861999511719,3.3847033977508545,8.980846405029297,,,,,,,,,,,,,,,,,,,,,,,,,,,,,,,,,,,,,,,,
34,7044,,,,,,,,,,,,,,,,,,,,,,,,,,,,,,,,,,,,,,,,,0.37988463044166565,0.1565064787864685,0.45722880959510803,0.9066271781921387,0.46027660369873047,0.4391944706439972,0.29499661922454834,0.13851825892925262,0.33398088812828064,0.23163241147994995,6.6900482177734375,3.3985230922698975,7.666077613830566,10.96214771270752,7.632783889770508,8.513347625732422,7.149833679199219,3.841233968734741,5.090899467468262,5.9555864334106445,,,,,,,,,,,8.338756561279297,4.379539489746094,9.742679595947266,13.236380577087402,9.707537651062012,10.739999771118164,8.887494087219238,4.389471054077148,6.63413143157959,7.331568241119385,,,,,,,,,,,,,,,,,,,,,,,,,,,,,,,,,,,,,,,,
34,7049,,,,,,,,,,,,,,,,,,,,,,,,,,,,,,,,,,,,,,,,,0.2483200579881668,0.3531498908996582,0.23667490482330322,0.4421079456806183,0.2051633894443512,0.24018345773220062,0.2697868347167969,0.05001460015773773,0.1926785707473755,0.24512076377868652,5.168831825256348,5.346147537231445,4.75133752822876,7.3233137130737305,5.386118412017822,5.748163223266602,6.430351257324219,2.3291964530944824,3.20208740234375,6.002769470214844,,,,,,,,,,,6.7747344970703125,6.578725814819336,7.0095109939575195,9.24312973022461,6.481112957000732,7.942319869995117,8.499260902404785,2.6375892162323,5.038949012756348,7.542012691497803,,,,,,,,,,,,,,,,,,,,,,,,,,,,,,,,,,,,,,,,
34,7054,,,,,,,,,,,,,,,,,,,,,,,,,,,,,,,,,,,,,,,,,0.2961430251598358,0.35084453225135803,0.41781705617904663,0.26407739520072937,0.22277413308620453,0.2414092719554901,0.13180552423000336,0.07520443201065063,0.544856607913971,0.4164983034133911,6.052510738372803,4.644501209259033,7.304232597351074,6.2780961990356445,6.077609539031982,6.846812725067139,4.858052730560303,2.972517967224121,6.9295334815979,8.561234474182129,,,,,,,,,,,7.245553016662598,6.557218074798584,9.313323974609375,7.143655776977539,6.753548622131348,7.962562561035156,5.940699577331543,3.2343010902404785,8.473530769348145,9.831138610839844,,,,,,,,,,,,,,,,,,,,,,,,,,,,,,,,,,,,,,,,
34,7059,,,,,,,,,,,,,,,,,,,,,,,,,,,,,,,,,,,,,,,,,0.5555340051651001,0.39812764525413513,0.3747522830963135,0.798674464225769,1.4225938320159912,0.32925981283187866,0.47098371386528015,0.1548554003238678,0.6066498160362244,0.44390925765037537,8.51142692565918,6.243617057800293,7.011213302612305,11.99022102355957,14.400932312011719,7.7678046226501465,9.583597183227539,4.0192341804504395,7.987737655639648,7.5984883308410645,,,,,,,,,,,9.950655937194824,6.985113143920898,8.820308685302734,12.423380851745605,17.066328048706055,9.299192428588867,11.229844093322754,4.641109943389893,8.941128730773926,10.149492263793945,,,,,,,,,,,,,,,,,,,,,,,,,,,,,,,,,,,,,,,,
34,7064,,,,,,,,,,,,,,,,,,,,,,,,,,,,,,,,,,,,,,,,,0.2966681718826294,0.5615876913070679,0.1586255580186844,0.10329236835241318,0.27366146445274353,0.5511200428009033,0.14394573867321014,0.23600319027900696,0.07007665187120438,0.5717006325721741,5.516608238220215,6.333189964294434,5.326148509979248,2.7842631340026855,6.135586261749268,8.12451457977295,5.386624813079834,4.716368675231934,2.5786802768707275,8.264100074768066,,,,,,,,,,,7.168135643005371,8.29604434967041,5.738498210906982,4.467751502990723,7.48525333404541,12.030923843383789,6.208263874053955,5.7295122146606445,3.0388553142547607,11.518118858337402,,,,,,,,,,,,,,,,,,,,,,,,,,,,,,,,,,,,,,,,
34,7069,,,,,,,,,,,,,,,,,,,,,,,,,,,,,,,,,,,,,,,,,0.2686445415019989,0.486064076423645,0.26619893312454224,0.02509419433772564,0.09093572944402695,0.3534950613975525,0.18975327908992767,0.2859155535697937,0.10209430754184723,0.618249773979187,4.984560012817383,5.969305038452148,5.780736446380615,1.6872552633285522,3.5624473094940186,7.026603698730469,5.3015522956848145,4.460108757019043,3.064387798309326,8.008644104003906,,,,,,,,,,,6.709377765655518,7.718075752258301,7.433868408203125,2.202122688293457,4.314862251281738,9.635351181030273,7.127962589263916,6.3063435554504395,3.667955160140991,11.977858543395996,,,,,,,,,,,,,,,,,,,,,,,,,,,,,,,,,,,,,,,,
34,7074,,,,,,,,,,,,,,,,,,,,,,,,,,,,,,,,,,,,,,,,,0.2381027489900589,0.13623327016830444,0.21814410388469696,0.424620121717453,0.19966186583042145,0.2283744215965271,0.16606107354164124,0.2069646567106247,0.40175992250442505,0.16110536456108093,5.403409481048584,3.2877626419067383,5.449042320251465,7.208333492279053,5.414683818817139,6.636669635772705,5.17166805267334,4.414468765258789,5.844676971435547,5.203380107879639,,,,,,,,,,,6.604053497314453,4.086051940917969,6.729509353637695,9.058476448059082,6.393625736236572,7.744609832763672,6.668139934539795,5.3654584884643555,7.2762322425842285,6.114377498626709,,,,,,,,,,,,,,,,,,,,,,,,,,,,,,,,,,,,,,,,
34,7079,,,,,,,,,,,,,,,,,,,,,,,,,,,,,,,,,,,,,,,,,0.21933229267597198,0.1959652155637741,0.2608106732368469,0.2631860673427582,0.32582807540893555,0.13508954644203186,0.17983058094978333,0.257425457239151,0.283161461353302,0.0726935863494873,4.794846534729004,3.421565532684326,5.855558395385742,5.1889967918396,5.797031879425049,4.89454984664917,5.3026533126831055,4.017734527587891,5.212763786315918,3.4627630710601807,,,,,,,,,,,6.294806957244873,4.900628566741943,7.358245849609375,7.131589889526367,8.167590141296387,5.956439018249512,6.939090728759766,5.983901500701904,6.10858154296875,4.107194423675537,,,,,,,,,,,,,,,,,,,,,,,,,,,,,,,,,,,,,,,,
34,7084,,,,,,,,,,,,,,,,,,,,,,,,,,,,,,,,,,,,,,,,,0.40127554535865784,1.0130103826522827,0.14035767316818237,0.16637557744979858,0.3589091897010803,0.3124900758266449,0.38558852672576904,0.6049855351448059,0.33423107862472534,0.2955318093299866,6.488670349121094,7.38568639755249,5.06557035446167,5.389562606811523,6.659383296966553,6.7277679443359375,7.260848045349121,7.128415107727051,6.03352689743042,6.7472734451293945,,,,,,,,,,,8.232675552368164,11.142155647277832,5.397961139678955,5.6702165603637695,8.572192192077637,9.059286117553711,10.16091537475586,9.173419952392578,6.636616230010986,8.281314849853516,,,,,,,,,,,,,,,,,,,,,,,,,,,,,,,,,,,,,,,,
34,7089,,,,,,,,,,,,,,,,,,,,,,,,,,,,,,,,,,,,,,,,,0.40723171830177307,0.28513064980506897,0.9017098546028137,0.2827388346195221,0.40913209319114685,0.37346675992012024,0.27837181091308594,0.8196064829826355,0.06526728719472885,0.24966193735599518,6.529230117797852,5.034696102142334,10.037699699401855,4.975569248199463,7.169582843780518,7.049939155578613,6.94080114364624,9.291545867919922,2.446655035018921,5.81657600402832,,,,,,,,,,,8.432896614074707,5.911316394805908,13.68185806274414,7.3917555809021,9.152325630187988,9.903799057006836,8.633431434631348,10.677299499511719,2.9327232837677,7.611555099487305,,,,,,,,,,,,,,,,,,,,,,,,,,,,,,,,,,,,,,,,
34,7094,,,,,,,,,,,,,,,,,,,,,,,,,,,,,,,,,,,,,,,,,0.2960747182369232,0.4757121801376343,0.12423275411128998,0.2243606001138687,0.5680317282676697,0.29453498125076294,0.36154356598854065,0.08339665830135345,0.243660569190979,0.2891992926597595,5.928546905517578,6.516393184661865,4.266095161437988,5.494065284729004,8.070327758789062,6.956973075866699,7.7554473876953125,3.090895414352417,4.333739280700684,6.872986793518066,,,,,,,,,,,7.331258296966553,7.635446071624756,5.078433036804199,6.5845818519592285,10.784151077270508,8.795170783996582,9.839003562927246,3.4059088230133057,5.666512966156006,8.192111015319824,,,,,,,,,,,,,,,,,,,,,,,,,,,,,,,,,,,,,,,,
34,7099,,,,,,,,,,,,,,,,,,,,,,,,,,,,,,,,,,,,,,,,,0.34302210807800293,0.495971143245697,0.25876563787460327,0.27056029438972473,0.4160621166229248,0.6463972330093384,0.20121031999588013,0.35924410820007324,0.2145598828792572,0.2244282364845276,6.535658359527588,5.465354919433594,5.460444450378418,6.7849860191345215,8.02302360534668,9.621319770812988,6.218189239501953,6.625021934509277,4.7823567390441895,5.840224266052246,,,,,,,,,,,7.95093297958374,7.796335697174072,7.329341411590576,7.230809211730957,9.229511260986328,13.029435157775879,7.339998245239258,7.068927764892578,5.317378044128418,7.216655731201172,,,,,,,,,,,,,,,,,,,,,,,,,,,,,,,,,,,,,,,,
34,7104,,,,,,,,,,,,,,,,,,,,,,,,,,,,,,,,,,,,,,,,,0.2990705966949463,0.16813479363918304,0.4161859452724457,0.27377286553382874,0.4658297002315521,0.6840522289276123,0.1782061755657196,0.30810829997062683,0.05578429624438286,0.14156104624271393,5.464742183685303,3.4896726608276367,7.543660640716553,6.358355522155762,6.889903545379639,8.724340438842773,5.368706703186035,4.050595760345459,2.2069616317749023,4.550482749938965,,,,,,,,,,,7.352730751037598,4.539323329925537,9.295127868652344,7.273611068725586,9.765921592712402,13.403570175170898,6.907679557800293,6.546518325805664,2.711310386657715,5.731510639190674,,,,,,,,,,,,,,,,,,,,,,,,,,,,,,,,,,,,,,,,
34,7109,,,,,,,,,,,,,,,,,,,,,,,,,,,,,,,,,,,,,,,,,0.51368647813797,0.43788012862205505,0.5254702568054199,0.1395958662033081,0.2389121800661087,0.4729959964752197,0.40745288133621216,0.5822125673294067,0.6039804816246033,1.2146782875061035,7.625344276428223,5.7000908851623535,9.136658668518066,4.535205364227295,5.550989151000977,7.6317620277404785,8.35406494140625,7.814396858215332,7.824292182922363,12.08063793182373,,,,,,,,,,,9.584230422973633,7.325544357299805,10.444453239440918,5.193871021270752,6.993890285491943,11.1456298828125,10.445025444030762,8.999109268188477,8.921436309814453,16.78911781311035,,,,,,,,,,,,,,,,,,,,,,,,,,,,,,,,,,,,,,,,
34,7114,,,,,,,,,,,,,,,,,,,,,,,,,,,,,,,,,,,,,,,,,0.3032403588294983,0.29019472002983093,0.5138399004936218,0.3674461245536804,0.46815818548202515,0.24612219631671906,0.27756446599960327,0.2496892809867859,0.16951541602611542,0.14663302898406982,6.115728855133057,4.790451526641846,8.576354026794434,7.68190860748291,7.86729097366333,6.369460105895996,7.16885232925415,4.839550495147705,3.6525776386260986,4.095108985900879,,,,,,,,,,,7.513606548309326,5.9635796546936035,10.328222274780273,8.426587104797363,9.790299415588379,8.039911270141602,8.620902061462402,5.893301963806152,4.726372241973877,5.8332839012146,,,,,,,,,,,,,,,,,,,,,,,,,,,,,,,,,,,,,,,,
34,7119,,,,,,,,,,,,,,,,,,,,,,,,,,,,,,,,,,,,,,,,,0.42710286378860474,0.43551185727119446,0.2209164947271347,0.2765924334526062,0.6598029136657715,0.49793773889541626,0.35153937339782715,0.2960900664329529,0.5908370018005371,0.5146978497505188,7.027176856994629,5.440744876861572,5.077529430389404,6.204428195953369,9.16938304901123,9.703025817871094,7.215394020080566,4.688709735870361,6.720770835876465,9.024608612060547,,,,,,,,,,,8.9243745803833,7.305706977844238,6.77213716506958,7.310969829559326,11.62269401550293,11.43571662902832,9.701922416687012,6.417570114135742,8.823829650878906,10.92882251739502,,,,,,,,,,,,,,,,,,,,,,,,,,,,,,,,,,,,,,,,
34,7124,,,,,,,,,,,,,,,,,,,,,,,,,,,,,,,,,,,,,,,,,0.38350096344947815,0.4503021836280823,0.20316118001937866,0.09253033995628357,0.4881182610988617,0.5961209535598755,0.17051677405834198,0.6321951746940613,0.5077144503593445,0.3108491599559784,6.674994468688965,5.9342451095581055,4.815176010131836,3.766204595565796,8.119539260864258,9.956616401672363,5.089914798736572,7.103751182556152,7.815915584564209,7.473586559295654,,,,,,,,,,,8.16313362121582,7.428725719451904,6.494295597076416,4.228603839874268,9.996826171875,12.512470245361328,6.757006645202637,9.377440452575684,8.179617881774902,8.493213653564453,,,,,,,,,,,,,,,,,,,,,,,,,,,,,,,,,,,,,,,,
34,7129,,,,,,,,,,,,,,,,,,,,,,,,,,,,,,,,,,,,,,,,,0.4156447947025299,0.38700589537620544,0.37576350569725037,0.22724191844463348,0.6506126523017883,0.5461900234222412,0.5911588072776794,0.5397021174430847,0.10022791475057602,0.32290011644363403,6.998104572296143,5.304690361022949,7.170046806335449,4.717520236968994,8.707512855529785,10.045415878295898,10.106152534484863,6.86391544342041,2.947298526763916,7.120387554168701,,,,,,,,,,,8.82226276397705,6.886857032775879,8.832201957702637,6.626727104187012,11.541463851928711,11.976991653442383,12.581223487854004,8.664344787597656,3.6342735290527344,8.656279563903809,,,,,,,,,,,,,,,,,,,,,,,,,,,,,,,,,,,,,,,,
34,7134,,,,,,,,,,,,,,,,,,,,,,,,,,,,,,,,,,,,,,,,,0.3356187343597412,0.19926036894321442,0.3173980414867401,0.3548561632633209,0.6143192648887634,0.2558109164237976,0.2833958864212036,0.41139593720436096,0.32745757699012756,0.25667446851730347,6.026333332061768,3.9935696125030518,5.625823020935059,6.081171035766602,8.426572799682617,6.662283420562744,6.756679534912109,6.0080790519714355,4.189547061920166,6.493278503417969,,,,,,,,,,,7.92376708984375,4.9416584968566895,8.117341041564941,8.280966758728027,11.214934349060059,8.19663143157959,8.710990905761719,7.564647674560547,6.5690226554870605,7.717710494995117,,,,,,,,,,,,,,,,,,,,,,,,,,,,,,,,,,,,,,,,
34,7139,,,,,,,,,,,,,,,,,,,,,,,,,,,,,,,,,,,,,,,,,0.7029206156730652,0.9076919555664062,0.4426821768283844,0.881610631942749,0.4242852032184601,0.7855692505836487,0.48749840259552,0.545350968837738,1.5788377523422241,0.27275902032852173,8.877851486206055,8.165218353271484,8.428715705871582,10.604716300964355,8.021529197692871,11.728375434875488,9.227816581726074,8.55370044708252,8.23871898651123,6.931872367858887,,,,,,,,,,,11.042744636535645,10.547062873840332,9.586446762084961,13.05248737335205,9.320272445678711,14.36375904083252,11.425031661987305,8.70957088470459,14.424209594726562,7.955853462219238,,,,,,,,,,,,,,,,,,,,,,,,,,,,,,,,,,,,,,,,
34,7144,,,,,,,,,,,,,,,,,,,,,,,,,,,,,,,,,,,,,,,,,0.36444976925849915,0.1771494746208191,0.24486202001571655,0.2548683285713196,0.2908814549446106,0.34290724992752075,0.4002910256385803,0.785765528678894,0.2986967861652374,0.48462599515914917,6.272200107574463,3.634657621383667,4.925518035888672,4.629585266113281,5.978577136993408,6.848310947418213,7.140758037567139,9.05179214477539,5.132465362548828,9.108135223388672,,,,,,,,,,,8.188920974731445,4.659423351287842,7.12971830368042,7.01799201965332,7.717162609100342,9.48995590209961,10.352821350097656,10.454546928405762,6.273913860321045,10.604753494262695,,,,,,,,,,,,,,,,,,,,,,,,,,,,,,,,,,,,,,,,
34,7149,,,,,,,,,,,,,,,,,,,,,,,,,,,,,,,,,,,,,,,,,0.5935781598091125,0.38109928369522095,0.290039598941803,0.15820056200027466,0.3765629827976227,0.3956264853477478,0.3745806813240051,1.3133223056793213,1.1881777048110962,0.8645939826965332,7.264076232910156,5.502379417419434,7.016981601715088,3.7302894592285156,5.784614086151123,7.221376895904541,7.463817596435547,9.88128662109375,8.535197257995605,10.240745544433594,,,,,,,,,,,9.9227876663208,6.834099769592285,7.759617328643799,5.529156684875488,8.78048324584961,10.193387985229492,10.014827728271484,13.51588249206543,12.51307201385498,14.164567947387695,,,,,,,,,,,,,,,,,,,,,,,,,,,,,,,,,,,,,,,,
34,7154,,,,,,,,,,,,,,,,,,,,,,,,,,,,,,,,,,,,,,,,,0.30145514011383057,0.5022827982902527,0.29112452268600464,0.24733978509902954,0.21333973109722137,0.4373845160007477,0.43594133853912354,0.211234450340271,0.24995094537734985,0.12449807673692703,5.894453048706055,5.679290771484375,6.4261155128479,5.645347595214844,4.829807758331299,8.423752784729004,8.22693920135498,4.967494010925293,4.460608005523682,4.390718936920166,,,,,,,,,,,7.466559410095215,7.845786094665527,7.774116516113281,6.913562297821045,6.608996868133545,10.717846870422363,10.804006576538086,5.4205217361450195,5.739191055297852,5.375000476837158,,,,,,,,,,,,,,,,,,,,,,,,,,,,,,,,,,,,,,,,
34,7159,,,,,,,,,,,,,,,,,,,,,,,,,,,,,,,,,,,,,,,,,0.28375768661499023,0.1939963698387146,0.2652490735054016,0.15428602695465088,0.24335673451423645,0.7143058776855469,0.3832571804523468,0.11981203407049179,0.3570548892021179,0.12250114232301712,5.706846714019775,3.5093209743499756,6.09742546081543,4.659363269805908,6.593732833862305,9.575827598571777,7.615636825561523,3.645871877670288,5.717759132385254,3.9466845989227295,,,,,,,,,,,7.212883949279785,4.87594747543335,7.420592308044434,5.460320949554443,7.058644771575928,13.69676399230957,10.130151748657227,4.082337379455566,6.85947322845459,5.331718921661377,,,,,,,,,,,,,,,,,,,,,,,,,,,,,,,,,,,,,,,,
34,7164,,,,,,,,,,,,,,,,,,,,,,,,,,,,,,,,,,,,,,,,,0.7312447428703308,0.6762009263038635,0.2662535309791565,1.1002006530761719,0.45418381690979004,0.4520665109157562,0.41999948024749756,0.6864749789237976,1.5547932386398315,0.9710292220115662,8.034947395324707,6.392306327819824,5.588866233825684,9.88969898223877,7.456574440002441,8.16926097869873,8.22722053527832,7.249693393707275,8.562261581420898,10.778647422790527,,,,,,,,,,,11.262202262878418,9.103326797485352,7.434629440307617,14.5811185836792,9.643073081970215,10.896248817443848,10.604620933532715,9.771720886230469,14.313953399658203,15.011129379272461,,,,,,,,,,,,,,,,,,,,,,,,,,,,,,,,,,,,,,,,
34,7169,,,,,,,,,,,,,,,,,,,,,,,,,,,,,,,,,,,,,,,,,0.3043935000896454,0.6152216792106628,0.06600804626941681,0.1822633445262909,0.3366546332836151,0.223170205950737,0.2438240647315979,0.37579941749572754,0.4536032974720001,0.24299688637256622,5.78655481338501,5.868500232696533,3.4541049003601074,5.193397045135498,6.845907211303711,6.332114219665527,6.2313337326049805,5.536974906921387,6.15907096862793,6.457589149475098,,,,,,,,,,,7.203157424926758,8.68316650390625,3.701775312423706,5.934779167175293,8.302176475524902,7.655858993530273,8.079957962036133,7.229974269866943,7.731457233428955,7.5092668533325195,,,,,,,,,,,,,,,,,,,,,,,,,,,,,,,,,,,,,,,,
34,7174,,,,,,,,,,,,,,,,,,,,,,,,,,,,,,,,,,,,,,,,,0.39592471718788147,0.7418579459190369,0.0026347562670707703,0.2700859010219574,0.6670513153076172,0.3761043846607208,0.01587788760662079,0.5411675572395325,0.33112287521362305,0.8431484699249268,5.502549171447754,7.504219055175781,0.7199029922485352,5.892632484436035,7.918421268463135,7.1423187255859375,1.443419098854065,7.293583393096924,5.667094707489014,10.702884674072266,,,,,,,,,,,7.252603054046631,9.535041809082031,0.7395748496055603,7.224467754364014,11.686360359191895,9.938711166381836,2.0618977546691895,8.676101684570312,6.605685234069824,13.987793922424316,,,,,,,,,,,,,,,,,,,,,,,,,,,,,,,,,,,,,,,,
34,7174,,,,,,,,,,,,,,,,,,,,,,,,,,,,,,,,,,,,,,,,,,,,,,,,,,,6.453033924102783,5.296154975891113,6.26658821105957,6.1828484535217285,6.743350028991699,8.244379997253418,7.260929584503174,5.502114295959473,5.491915225982666,7.089023590087891,0.5977043509483337,0.5897705554962158,0.6388809680938721,0.6366032361984253,0.6334661841392517,0.5372021198272705,0.613254964351654,0.5980629920959473,0.5668879151344299,0.5652103424072266,8.67153263092041,7.199910640716553,8.392586708068848,8.295064926147461,9.128006935119629,11.050261497497559,9.71148681640625,7.334624290466309,7.556656837463379,9.375197410583496,0.5790387392044067,0.8472073674201965,0.4204736351966858,0.5206931829452515,0.6057937145233154,0.5894354581832886,0.5090909600257874,0.5169491171836853,0.6180902123451233,0.5925204157829285,7.929726600646973,7.537582874298096,7.313279151916504,7.689959526062012,7.962982654571533,9.839765548706055,8.47613525390625,6.751656532287598,6.828420162200928,8.967759132385254,0.21854744851589203,0.253317654132843,0.16866439580917358,0.16237425804138184,0.22985023260116577,0.12768322229385376,0.06698960065841675,0.36375075578689575,0.24667984247207642,0.34761708974838257,10.380126953125,10.171741485595703,9.646126747131348,10.17927074432373,10.799554824829102,12.307629585266113,11.431025505065918,8.721312522888184,8.468059539794922,11.696419715881348
35,7175,0.6013370156288147,0.6095478534698486,0.7068209052085876,0.5551254153251648,0.5813210606575012,0.7063209414482117,0.32918205857276917,0.7447207570075989,0.6050510406494141,0.5923267006874084,8.096454620361328,6.366522312164307,9.700643539428711,7.618362903594971,7.735708713531494,9.986130714416504,7.165031909942627,8.051716804504395,7.262077808380127,8.981889724731445,0.3001653850078583,0.21396178007125854,0.5071084499359131,0.642786979675293,0.012955009937286377,0.3080325126647949,0.4549254775047302,0.12508606910705566,0.12664908170700073,0.30998313426971436,10.73763370513916,8.541824340820312,12.152335166931152,9.94970703125,10.876108169555664,13.56726360321045,9.453588485717773,10.747136116027832,9.443166732788086,11.907576560974121,,,,,,,,,,,,,,,,,,,,,,,,,,,,,,,,,,,,,,,,,,,,,,,,,,,,,,,,,,,,,,,,,,,,,,,,,,,,,,,,
