epoch,step,test/loss,test/loss_BEE:LU,test/loss_CRO:LU,test/loss_EWB:LU,test/loss_HCH:LU,test/loss_HZL:LU,test/loss_LAR:NE,test/loss_LLL:LU,test/loss_SLL:LU,test/loss_SPR:NE,test/mae,test/mae_BEE:LU,test/mae_CRO:LU,test/mae_EWB:LU,test/mae_HCH:LU,test/mae_HZL:LU,test/mae_LAR:NE,test/mae_LLL:LU,test/mae_SLL:LU,test/mae_SPR:NE,test/r2,test/r2_BEE:LU,test/r2_CRO:LU,test/r2_EWB:LU,test/r2_HCH:LU,test/r2_HZL:LU,test/r2_LAR:NE,test/r2_LLL:LU,test/r2_SLL:LU,test/r2_SPR:NE,test/rmse,test/rmse_BEE:LU,test/rmse_CRO:LU,test/rmse_EWB:LU,test/rmse_HCH:LU,test/rmse_HZL:LU,test/rmse_LAR:NE,test/rmse_LLL:LU,test/rmse_SLL:LU,test/rmse_SPR:NE,train/loss,train/loss_BEE:LU,train/loss_CRO:LU,train/loss_EWB:LU,train/loss_HCH:LU,train/loss_HZL:LU,train/loss_LAR:NE,train/loss_LLL:LU,train/loss_SLL:LU,train/loss_SPR:NE,train/mae,train/mae_BEE:LU,train/mae_CRO:LU,train/mae_EWB:LU,train/mae_HCH:LU,train/mae_HZL:LU,train/mae_LAR:NE,train/mae_LLL:LU,train/mae_SLL:LU,train/mae_SPR:NE,train/r2,train/r2_BEE:LU,train/r2_CRO:LU,train/r2_EWB:LU,train/r2_HCH:LU,train/r2_HZL:LU,train/r2_LAR:NE,train/r2_LLL:LU,train/r2_SLL:LU,train/r2_SPR:NE,train/rmse,train/rmse_BEE:LU,train/rmse_CRO:LU,train/rmse_EWB:LU,train/rmse_HCH:LU,train/rmse_HZL:LU,train/rmse_LAR:NE,train/rmse_LLL:LU,train/rmse_SLL:LU,train/rmse_SPR:NE,val/loss,val/loss_BEE:LU,val/loss_CRO:LU,val/loss_EWB:LU,val/loss_HCH:LU,val/loss_HZL:LU,val/loss_LAR:NE,val/loss_LLL:LU,val/loss_SLL:LU,val/loss_SPR:NE,val/mae,val/mae_BEE:LU,val/mae_CRO:LU,val/mae_EWB:LU,val/mae_HCH:LU,val/mae_HZL:LU,val/mae_LAR:NE,val/mae_LLL:LU,val/mae_SLL:LU,val/mae_SPR:NE,val/r2,val/r2_BEE:LU,val/r2_CRO:LU,val/r2_EWB:LU,val/r2_HCH:LU,val/r2_HZL:LU,val/r2_LAR:NE,val/r2_LLL:LU,val/r2_SLL:LU,val/r2_SPR:NE,val/rmse,val/rmse_BEE:LU,val/rmse_CRO:LU,val/rmse_EWB:LU,val/rmse_HCH:LU,val/rmse_HZL:LU,val/rmse_LAR:NE,val/rmse_LLL:LU,val/rmse_SLL:LU,val/rmse_SPR:NE
0,4,,,,,,,,,,,,,,,,,,,,,,,,,,,,,,,,,,,,,,,,,0.5776070356369019,1.3249107599258423,0.40608587861061096,0.573097825050354,0.38812729716300964,0.6124855279922485,0.31692439317703247,0.2566399872303009,0.7594117522239685,0.5607796907424927,7.959911823272705,11.088648796081543,6.896344184875488,8.197413444519043,6.267064571380615,10.470102310180664,7.0185418128967285,5.100766181945801,7.984731197357178,8.615591049194336,,,,,,,,,,,10.071465492248535,12.742528915405273,9.181647300720215,10.523719787597656,8.914289474487305,12.683052062988281,9.21188735961914,5.974765777587891,10.003728866577148,11.407575607299805,,,,,,,,,,,,,,,,,,,,,,,,,,,,,,,,,,,,,,,,
0,9,,,,,,,,,,,,,,,,,,,,,,,,,,,,,,,,,,,,,,,,,0.7700493335723877,0.4636220335960388,0.557603120803833,0.8564255237579346,0.7723367214202881,0.4410765469074249,0.6260902285575867,1.486933708190918,1.4451230764389038,0.2812328338623047,9.584111213684082,6.460160255432129,10.071252822875977,9.350011825561523,9.394414901733398,8.928523063659668,9.652129173278809,13.508199691772461,12.435317993164062,6.456990718841553,,,,,,,,,,,11.522988319396973,7.537795066833496,10.759058952331543,12.864700317382812,12.574854850769043,10.76298713684082,12.947599411010742,14.381511688232422,13.79989242553711,8.078490257263184,,,,,,,,,,,,,,,,,,,,,,,,,,,,,,,,,,,,,,,,
0,14,,,,,,,,,,,,,,,,,,,,,,,,,,,,,,,,,,,,,,,,,0.7595691680908203,0.9565311074256897,0.42566630244255066,0.631912887096405,0.4086836576461792,0.4687284529209137,0.6318264603614807,1.6162060499191284,1.2825582027435303,0.41400954127311707,9.396321296691895,9.647521018981934,8.039578437805176,9.298550605773926,7.911806583404541,9.411417961120605,10.122175216674805,13.052485466003418,9.565682411193848,7.5176777839660645,,,,,,,,,,,11.36925220489502,10.827091217041016,9.400399208068848,11.050539016723633,9.147307395935059,11.095234870910645,13.0067777633667,14.993639945983887,13.000553131103516,9.801721572875977,,,,,,,,,,,,,,,,,,,,,,,,,,,,,,,,,,,,,,,,
0,19,,,,,,,,,,,,,,,,,,,,,,,,,,,,,,,,,,,,,,,,,0.6766723394393921,1.1312187910079956,0.31169939041137695,0.32373160123825073,0.35375022888183594,0.8554893136024475,0.5958847403526306,1.0449007749557495,0.958716869354248,0.5146595239639282,9.227280616760254,9.428425788879395,7.047656059265137,6.0755791664123535,7.184253692626953,13.412981033325195,10.473881721496582,10.82856273651123,9.441465377807617,9.152718544006348,,,,,,,,,,,10.898149490356445,11.774313926696777,8.044139862060547,7.909471035003662,8.510361671447754,14.989362716674805,12.631413459777832,12.055806159973145,11.240055084228516,10.928415298461914,,,,,,,,,,,,,,,,,,,,,,,,,,,,,,,,,,,,,,,,
0,24,,,,,,,,,,,,,,,,,,,,,,,,,,,,,,,,,,,,,,,,,0.5007364749908447,0.6611321568489075,0.5013077259063721,0.17539793252944946,0.6668618321418762,0.30115917325019836,0.44954928755760193,1.1544307470321655,0.12693515419960022,0.46985429525375366,7.306642532348633,7.3904924392700195,5.034542560577393,4.736166954040527,10.83493423461914,7.419427871704102,9.064515113830566,10.335188865661621,3.447842597961426,7.496673107147217,,,,,,,,,,,9.308671951293945,9.001324653625488,10.201497077941895,5.821932315826416,11.684700965881348,8.893524169921875,10.971334457397461,12.671926498413086,4.089914321899414,10.441883087158203,,,,,,,,,,,,,,,,,,,,,,,,,,,,,,,,,,,,,,,,
0,29,,,,,,,,,,,,,,,,,,,,,,,,,,,,,,,,,,,,,,,,,0.47991684079170227,0.3131318986415863,0.7950488328933716,0.4816804528236389,0.43626299500465393,0.8150615096092224,0.5877423286437988,0.19604381918907166,0.24397850036621094,0.45030122995376587,7.179006099700928,4.614856243133545,9.556073188781738,6.3409624099731445,5.7236738204956055,11.128843307495117,9.019559860229492,4.462153911590576,4.688681602478027,9.076249122619629,,,,,,,,,,,9.603448867797852,6.194780349731445,12.847201347351074,9.64793586730957,9.45091438293457,14.630900382995605,12.544816970825195,5.221980571746826,5.670208930969238,10.222302436828613,,,,,,,,,,,,,,,,,,,,,,,,,,,,,,,,,,,,,,,,
0,34,,,,,,,,,,,,,,,,,,,,,,,,,,,,,,,,,,,,,,,,,0.5583529472351074,0.5582388639450073,0.33477163314819336,0.7707424163818359,0.5671020150184631,0.5919445753097534,0.3966413140296936,0.3994918465614319,1.0258344411849976,0.3804095983505249,8.055859565734863,6.644944190979004,7.494010925292969,9.245889663696289,9.352253913879395,9.33111572265625,7.593994140625,6.40297794342041,8.345382690429688,8.092164039611816,,,,,,,,,,,10.09313678741455,8.271271705627441,8.336543083190918,12.204206466674805,10.775321006774902,12.468563079833984,10.305516242980957,7.454400062561035,11.626847267150879,9.395565032958984,,,,,,,,,,,,,,,,,,,,,,,,,,,,,,,,,,,,,,,,
0,39,,,,,,,,,,,,,,,,,,,,,,,,,,,,,,,,,,,,,,,,,1.433874249458313,1.1214170455932617,2.0915513038635254,1.3254666328430176,1.352279782295227,1.3644359111785889,0.7083500027656555,2.012273073196411,2.033935546875,0.8951590061187744,14.314456939697266,9.49359130859375,18.907596588134766,13.967812538146973,14.990666389465332,16.839839935302734,11.995604515075684,15.874004364013672,14.792338371276855,11.96866226196289,,,,,,,,,,,16.15788459777832,11.723190307617188,20.837514877319336,16.00439453125,16.639217376708984,18.930078506469727,13.771927833557129,16.730239868164062,16.371627807617188,14.412763595581055,,,,,,,,,,,,,,,,,,,,,,,,,,,,,,,,,,,,,,,,
0,44,,,,,,,,,,,,,,,,,,,,,,,,,,,,,,,,,,,,,,,,,0.4539814591407776,0.2984991669654846,0.25285470485687256,0.4173317551612854,0.5714240074157715,0.34263983368873596,0.23383906483650208,0.9656298160552979,0.5223777890205383,0.4812370538711548,7.039279460906982,5.211601734161377,6.222270965576172,7.406503677368164,7.442108154296875,7.3819193840026855,6.798557758331299,8.463786125183105,6.35744047164917,8.06932544708252,,,,,,,,,,,8.993687629699707,6.048306941986084,7.245146751403809,8.980398178100586,10.816304206848145,9.486254692077637,7.912784576416016,11.589482307434082,8.296895980834961,10.567608833312988,,,,,,,,,,,,,,,,,,,,,,,,,,,,,,,,,,,,,,,,
0,49,,,,,,,,,,,,,,,,,,,,,,,,,,,,,,,,,,,,,,,,,0.4456949234008789,0.7129848599433899,0.23893053829669952,0.4853225648403168,0.43511760234832764,0.44979068636894226,0.17576774954795837,0.6895350813865662,0.5663517713546753,0.2574536204338074,7.203835487365723,7.6824493408203125,5.604522705078125,7.767000675201416,8.83409595489502,7.349326133728027,5.546533107757568,8.24416732788086,7.835075378417969,5.971347332000732,,,,,,,,,,,8.822701454162598,9.347649574279785,7.0428338050842285,9.684341430664062,9.438499450683594,10.868786811828613,6.860257148742676,9.793476104736328,8.639058113098145,7.729416370391846,,,,,,,,,,,,,,,,,,,,,,,,,,,,,,,,,,,,,,,,
0,54,,,,,,,,,,,,,,,,,,,,,,,,,,,,,,,,,,,,,,,,,0.4915064871311188,0.8789499402046204,0.22009575366973877,0.28859254717826843,0.8047910928726196,0.6970012784004211,0.5361685752868652,0.19035185873508453,0.4587252736091614,0.3488819897174835,7.620413780212402,7.582947731018066,5.546436309814453,6.630918502807617,11.126940727233887,10.976454734802246,9.62143325805664,3.920816421508789,5.787802696228027,7.389973163604736,,,,,,,,,,,9.430280685424805,10.378732681274414,6.75954532623291,7.46788215637207,12.83634090423584,13.529840469360352,11.98178482055664,5.1456146240234375,7.774986743927002,8.997802734375,,,,,,,,,,,,,,,,,,,,,,,,,,,,,,,,,,,,,,,,
0,59,,,,,,,,,,,,,,,,,,,,,,,,,,,,,,,,,,,,,,,,,0.5078741312026978,0.5917026400566101,0.4100254476070404,0.5200643539428711,0.7950447797775269,0.4432176649570465,0.41629526019096375,0.3594568371772766,0.4828961491584778,0.5521640181541443,7.227067947387695,7.191439628601074,6.044421672821045,7.069230079650879,9.377570152282715,8.491389274597168,8.942891120910645,4.7046990394592285,5.506940841674805,7.715031623840332,,,,,,,,,,,9.804407119750977,8.515575408935547,9.226076126098633,10.024978637695312,12.758378028869629,10.789079666137695,10.557754516601562,7.071019649505615,7.977193832397461,11.319605827331543,,,,,,,,,,,,,,,,,,,,,,,,,,,,,,,,,,,,,,,,
0,64,,,,,,,,,,,,,,,,,,,,,,,,,,,,,,,,,,,,,,,,,0.7389243245124817,0.8279658555984497,0.9591833353042603,0.926736056804657,0.6203280687332153,0.4179016053676605,0.6640748977661133,0.7594475746154785,0.9810682535171509,0.49361294507980347,9.670867919921875,8.698714256286621,11.209538459777832,10.21184253692627,10.252334594726562,8.623254776000977,10.350022315979004,9.24538803100586,9.960604667663574,8.486116409301758,,,,,,,,,,,11.66648006439209,10.073224067687988,14.111152648925781,13.382366180419922,11.269649505615234,10.476419448852539,13.334579467773438,10.277976989746094,11.370325088500977,10.702629089355469,,,,,,,,,,,,,,,,,,,,,,,,,,,,,,,,,,,,,,,,
0,69,,,,,,,,,,,,,,,,,,,,,,,,,,,,,,,,,,,,,,,,,0.8236683011054993,0.6389566659927368,0.5639468431472778,0.729167640209198,0.9556926488876343,1.3003242015838623,0.9769200682640076,0.6228030920028687,1.0583752393722534,0.5668284296989441,10.647068977355957,7.444953918457031,9.322190284729004,10.219770431518555,11.367984771728516,15.61032485961914,13.95315170288086,7.776947021484375,10.503318786621094,9.624978065490723,,,,,,,,,,,12.529708862304688,8.849077224731445,10.820086479187012,11.870488166809082,13.9881010055542,18.47998809814453,16.17336082458496,9.30752182006836,11.809816360473633,11.468932151794434,,,,,,,,,,,,,,,,,,,,,,,,,,,,,,,,,,,,,,,,
0,74,,,,,,,,,,,,,,,,,,,,,,,,,,,,,,,,,,,,,,,,,0.5076920390129089,0.28766730427742004,0.31881606578826904,0.4753432869911194,0.4987046420574188,0.6064833402633667,0.9675313830375671,0.5420418381690979,0.17211443185806274,0.7005259394645691,7.8943772315979,5.1482696533203125,6.24724006652832,8.48109245300293,8.428808212280273,9.986783027648926,10.242067337036133,7.574918270111084,4.002978801727295,10.937231063842773,,,,,,,,,,,9.852630615234375,5.937552452087402,8.135454177856445,9.584259986877441,10.10465145111084,12.62075424194336,16.095457077026367,8.683106422424316,4.7624664306640625,12.749974250793457,,,,,,,,,,,,,,,,,,,,,,,,,,,,,,,,,,,,,,,,
0,79,,,,,,,,,,,,,,,,,,,,,,,,,,,,,,,,,,,,,,,,,0.3660622835159302,0.368305504322052,0.08139584958553314,0.12276796996593475,0.8678416013717651,0.3374510705471039,0.5383646488189697,0.38056933879852295,0.10352101176977158,0.49434345960617065,6.777967929840088,5.742577075958252,3.4910190105438232,4.4073405265808105,10.143280029296875,8.226300239562988,9.585649490356445,6.629916667938232,3.1094303131103516,9.666197776794434,,,,,,,,,,,8.01441478729248,6.71840763092041,4.110671520233154,4.870767593383789,13.329684257507324,9.414152145385742,12.006296157836914,7.275713920593262,3.693495273590088,10.710546493530273,,,,,,,,,,,,,,,,,,,,,,,,,,,,,,,,,,,,,,,,
0,84,,,,,,,,,,,,,,,,,,,,,,,,,,,,,,,,,,,,,,,,,0.4462813436985016,0.7217763662338257,0.15726666152477264,0.3935253620147705,0.5779980421066284,0.35032543540000916,0.7992433309555054,0.32312333583831787,0.22943215072155,0.463841050863266,7.4894700050354,7.551036834716797,5.0117316246032715,7.922060966491699,8.157747268676758,7.5211076736450195,12.234966278076172,5.800496578216553,4.307827472686768,8.898250579833984,,,,,,,,,,,9.057365417480469,9.405104637145996,5.713864803314209,8.720497131347656,10.878345489501953,9.592056274414062,14.628854751586914,6.704136848449707,5.498578071594238,10.374849319458008,,,,,,,,,,,,,,,,,,,,,,,,,,,,,,,,,,,,,,,,
0,89,,,,,,,,,,,,,,,,,,,,,,,,,,,,,,,,,,,,,,,,,0.6257508993148804,0.7341905236244202,0.6156937479972839,0.6824413537979126,0.6003323793411255,1.0443477630615234,0.37978389859199524,0.5617393255233765,0.22977636754512787,0.7834530472755432,8.577177047729492,7.1759796142578125,8.781929016113281,10.692153930664062,8.158700942993164,13.011879920959473,8.013340950012207,7.25518798828125,3.3436567783355713,10.761763572692871,,,,,,,,,,,10.870326042175293,9.485640525817871,11.305609703063965,11.483850479125977,11.086526870727539,16.561452865600586,10.084144592285156,8.839468002319336,5.502701759338379,13.483532905578613,,,,,,,,,,,,,,,,,,,,,,,,,,,,,,,,,,,,,,,,
0,94,,,,,,,,,,,,,,,,,,,,,,,,,,,,,,,,,,,,,,,,,0.4637957811355591,0.8113871216773987,0.420699805021286,0.4586341381072998,0.27819952368736267,0.26911377906799316,0.4047495126724243,0.660529613494873,0.14034029841423035,0.7305080890655518,7.370741367340088,8.523608207702637,8.325226783752441,8.343180656433105,6.437438488006592,6.667271614074707,8.214024543762207,7.344979763031006,3.162982702255249,9.317956924438477,,,,,,,,,,,9.111299514770508,9.97186279296875,9.34539794921875,9.414300918579102,7.547060966491699,8.40705394744873,10.410317420959473,9.585281372070312,4.3004560470581055,13.0199613571167,,,,,,,,,,,,,,,,,,,,,,,,,,,,,,,,,,,,,,,,
0,99,,,,,,,,,,,,,,,,,,,,,,,,,,,,,,,,,,,,,,,,,0.48204633593559265,1.1321074962615967,0.15714842081069946,0.459003746509552,0.27002161741256714,0.7348493933677673,0.39574339985847473,0.39703136682510376,0.5325924754142761,0.2599189281463623,7.212828636169434,8.451120376586914,4.443718910217285,7.959432125091553,5.602550506591797,10.074941635131836,8.547052383422852,5.938281536102295,7.2231011390686035,6.675262451171875,,,,,,,,,,,9.122843742370605,11.778936386108398,5.711716651916504,9.41809368133545,7.435306549072266,13.892328262329102,10.293846130371094,7.431408405303955,8.377622604370117,7.7663350105285645,,,,,,,,,,,,,,,,,,,,,,,,,,,,,,,,,,,,,,,,
0,104,,,,,,,,,,,,,,,,,,,,,,,,,,,,,,,,,,,,,,,,,0.3673948347568512,0.6602706909179688,0.17968325316905975,0.40533336997032166,0.43252095580101013,0.5124116539955139,0.367439866065979,0.12779581546783447,0.2301180362701416,0.3909798562526703,6.690216541290283,7.227135181427002,4.721961498260498,8.350666046142578,6.474386692047119,9.49567985534668,7.674018383026123,3.7229323387145996,4.192153453826904,8.353017807006836,,,,,,,,,,,8.23682689666748,8.995457649230957,6.107528209686279,8.850362777709961,9.410294532775879,11.600730895996094,9.918909072875977,4.216159820556641,5.506791114807129,9.525206565856934,,,,,,,,,,,,,,,,,,,,,,,,,,,,,,,,,,,,,,,,
0,109,,,,,,,,,,,,,,,,,,,,,,,,,,,,,,,,,,,,,,,,,0.7115949988365173,0.3740957975387573,0.40197446942329407,1.063227653503418,0.5421831607818604,0.6884011030197144,0.6034530997276306,1.5549832582473755,0.9589554071426392,0.21708108484745026,9.209843635559082,6.145389080047607,8.381937026977539,11.06865406036377,9.262784004211426,10.789289474487305,11.038687705993652,12.183581352233887,8.649978637695312,5.368288993835449,,,,,,,,,,,11.1088228225708,6.771013259887695,9.135049819946289,14.33402156829834,10.535924911499023,13.4461088180542,12.71137523651123,14.706914901733398,11.241454124450684,7.097545623779297,,,,,,,,,,,,,,,,,,,,,,,,,,,,,,,,,,,,,,,,
0,114,,,,,,,,,,,,,,,,,,,,,,,,,,,,,,,,,,,,,,,,,1.3245364427566528,1.5994229316711426,1.3477654457092285,1.8568248748779297,1.073194980621338,1.0015157461166382,1.2826961278915405,1.7611134052276611,1.0224134922027588,0.9758814573287964,13.14783763885498,10.820903778076172,14.822060585021973,15.453831672668457,11.511801719665527,13.551913261413574,15.653837203979492,14.160178184509277,10.412575721740723,11.943431854248047,,,,,,,,,,,15.727932929992676,14.00051212310791,16.72702980041504,18.9426326751709,14.823097229003906,16.218276977539062,18.53244400024414,15.651371002197266,11.607443809509277,15.04858684539795,,,,,,,,,,,,,,,,,,,,,,,,,,,,,,,,,,,,,,,,
0,119,,,,,,,,,,,,,,,,,,,,,,,,,,,,,,,,,,,,,,,,,0.40204986929893494,0.5369679927825928,0.3364000618457794,0.28328606486320496,0.5073376893997192,0.2240951657295227,0.4215945899486542,0.3371695578098297,0.46397143602371216,0.5076262354850769,6.842718601226807,6.661595821380615,6.709813117980957,5.4157538414001465,6.75838041305542,6.61271858215332,8.088159561157227,5.52882194519043,6.40857458114624,9.40064811706543,,,,,,,,,,,8.653016090393066,8.11215877532959,8.356792449951172,7.3989057540893555,10.191737174987793,7.671708583831787,10.624739646911621,6.848301887512207,7.8193182945251465,10.853485107421875,,,,,,,,,,,,,,,,,,,,,,,,,,,,,,,,,,,,,,,,
0,124,,,,,,,,,,,,,,,,,,,,,,,,,,,,,,,,,,,,,,,,,0.4386952221393585,0.38763660192489624,0.2829503118991852,0.5395495295524597,0.6561569571495056,0.711001455783844,0.634135365486145,0.19476963579654694,0.05805059149861336,0.48400628566741943,6.715151309967041,5.598544597625732,5.976616859436035,7.161174774169922,8.007390022277832,8.572407722473145,10.103446960449219,4.672111511230469,2.46030592918396,7.884366035461426,,,,,,,,,,,9.06917953491211,6.8924665451049805,7.664198398590088,10.211052894592285,11.590536117553711,13.665046691894531,13.030521392822266,5.204983234405518,2.7658371925354004,10.597970008850098,,,,,,,,,,,,,,,,,,,,,,,,,,,,,,,,,,,,,,,,
0,129,,,,,,,,,,,,,,,,,,,,,,,,,,,,,,,,,,,,,,,,,1.0297726392745972,0.8684341311454773,0.9012877345085144,0.9625829458236694,1.0063422918319702,1.2277584075927734,0.6268965005874634,1.1187752485275269,1.5716373920440674,0.9842389822006226,11.31783676147461,8.606815338134766,11.729658126831055,11.140295028686523,11.360639572143555,14.714157104492188,9.580446243286133,9.923781394958496,12.3997802734375,12.404953956604004,,,,,,,,,,,13.875508308410645,10.316460609436035,13.678654670715332,13.638731002807617,14.353985786437988,17.956939697265625,12.955933570861816,12.474700927734375,14.391281127929688,15.112887382507324,,,,,,,,,,,,,,,,,,,,,,,,,,,,,,,,,,,,,,,,
0,134,,,,,,,,,,,,,,,,,,,,,,,,,,,,,,,,,,,,,,,,,0.6216639280319214,0.4876413643360138,1.624208688735962,0.47161465883255005,1.0802510976791382,0.5810309648513794,0.5309174060821533,0.3642776608467102,0.2612343728542328,0.19379930198192596,8.093201637268066,6.604245185852051,14.723544120788574,6.78351354598999,10.260537147521973,10.367380142211914,9.014681816101074,5.081006050109863,4.190680027008057,5.813225269317627,,,,,,,,,,,10.49769401550293,7.730587959289551,18.362531661987305,9.546595573425293,14.871746063232422,12.353087425231934,11.922965049743652,7.118278980255127,5.8673014640808105,6.706150531768799,,,,,,,,,,,,,,,,,,,,,,,,,,,,,,,,,,,,,,,,
0,139,,,,,,,,,,,,,,,,,,,,,,,,,,,,,,,,,,,,,,,,,0.42760851979255676,0.557853639125824,0.2724711000919342,0.29152098298072815,0.7046154141426086,0.312613844871521,0.25101667642593384,0.42534956336021423,0.5905548334121704,0.4424807131290436,7.163850784301758,7.253429889678955,5.703505992889404,5.56500244140625,10.912850379943848,7.104883670806885,7.037449836730957,5.898158550262451,6.859709739685059,8.139664649963379,,,,,,,,,,,8.801335334777832,8.268418312072754,7.520936489105225,7.505675792694092,12.010904312133789,9.061079978942871,8.198267936706543,7.691866397857666,8.821722030639648,10.133148193359375,,,,,,,,,,,,,,,,,,,,,,,,,,,,,,,,,,,,,,,,
0,144,,,,,,,,,,,,,,,,,,,,,,,,,,,,,,,,,,,,,,,,,0.3355070650577545,0.22622790932655334,0.20624814927577972,0.11754771322011948,0.4499659240245819,0.5449379086494446,0.3632209897041321,0.4924752116203308,0.24682389199733734,0.3721156418323517,6.578577518463135,4.544153690338135,5.0834832191467285,4.223313331604004,7.376613616943359,10.38400936126709,7.990808486938477,7.582691669464111,5.05510139465332,6.967025279998779,,,,,,,,,,,7.918951988220215,5.265448093414307,6.543448448181152,4.766086578369141,9.598193168640137,11.963254928588867,9.861801147460938,8.276579856872559,5.703177452087402,9.292576789855957,,,,,,,,,,,,,,,,,,,,,,,,,,,,,,,,,,,,,,,,
0,149,,,,,,,,,,,,,,,,,,,,,,,,,,,,,,,,,,,,,,,,,0.6787202954292297,0.2570163309574127,0.6674929261207581,0.34845972061157227,0.603352963924408,0.7652822732925415,0.5323071479797363,0.6123504042625427,1.853015661239624,0.46920472383499146,8.826902389526367,4.694096565246582,10.684330940246582,5.7766499519348145,9.15354061126709,12.939055442810059,8.461910247802734,7.36266565322876,12.148921012878418,8.220952033996582,,,,,,,,,,,10.901135444641113,5.612322807312012,11.771586418151855,8.205994606018066,11.114384651184082,14.17707633972168,11.938559532165527,9.229086875915527,15.626540184020996,10.434662818908691,,,,,,,,,,,,,,,,,,,,,,,,,,,,,,,,,,,,,,,,
0,154,,,,,,,,,,,,,,,,,,,,,,,,,,,,,,,,,,,,,,,,,0.30397340655326843,0.2754013240337372,0.23679368197917938,0.23552528023719788,0.3168192207813263,0.4025300443172455,0.27094531059265137,0.4272790551185608,0.2606356739997864,0.30983108282089233,6.260366916656494,5.00694465637207,5.807631969451904,5.205488204956055,6.5878496170043945,9.039000511169434,6.951682090759277,5.920962333679199,4.9953813552856445,6.828360557556152,,,,,,,,,,,7.60775089263916,5.809587001800537,7.011270523071289,6.746424198150635,8.053884506225586,10.281938552856445,8.517489433288574,7.709292411804199,5.860574722290039,8.479293823242188,,,,,,,,,,,,,,,,,,,,,,,,,,,,,,,,,,,,,,,,
0,159,,,,,,,,,,,,,,,,,,,,,,,,,,,,,,,,,,,,,,,,,0.5168944597244263,0.809137225151062,0.5009322762489319,0.2452038675546646,0.5277935862541199,0.8121755123138428,0.4410630464553833,0.4826512932777405,0.4511969983577728,0.381896436214447,7.638786315917969,7.099375247955322,7.62786865234375,5.608107566833496,8.247584342956543,11.998581886291504,8.450026512145996,5.687497615814209,5.861166477203369,8.168868064880371,,,,,,,,,,,9.802803039550781,9.958028793334961,10.197675704956055,6.883646488189697,10.395173072814941,14.604973793029785,10.867286682128906,8.193613052368164,7.710923194885254,9.413908958435059,,,,,,,,,,,,,,,,,,,,,,,,,,,,,,,,,,,,,,,,
0,164,,,,,,,,,,,,,,,,,,,,,,,,,,,,,,,,,,,,,,,,,0.7123252153396606,0.7185169458389282,0.4565160274505615,0.6208738088607788,0.34958064556121826,1.4579886198043823,0.32573750615119934,0.7521671652793884,0.8702995181083679,0.8592461347579956,8.767231941223145,7.284604072570801,6.948360919952393,7.696437358856201,7.507139205932617,14.570819854736328,6.849720478057861,8.594944953918457,9.101533889770508,10.351531982421875,,,,,,,,,,,11.388717651367188,9.383843421936035,9.73508358001709,10.953592300415039,8.460058212280273,19.56829261779785,9.339092254638672,10.228593826293945,10.709216117858887,14.120692253112793,,,,,,,,,,,,,,,,,,,,,,,,,,,,,,,,,,,,,,,,
0,169,,,,,,,,,,,,,,,,,,,,,,,,,,,,,,,,,,,,,,,,,0.4042670428752899,0.4386584162712097,0.10264714807271957,0.24317510426044464,0.31200167536735535,0.92388916015625,0.38064712285995483,0.41188231110572815,0.3061589300632477,0.5193436145782471,6.906685829162598,5.863729000091553,3.7825100421905518,5.424867630004883,5.651710510253906,10.781980514526367,8.18570327758789,7.2688398361206055,6.081127166748047,9.119702339172363,,,,,,,,,,,8.596378326416016,7.332051753997803,4.616205215454102,6.855109691619873,7.9924163818359375,15.577071189880371,10.095598220825195,7.569118499755859,6.351799488067627,10.978034973144531,,,,,,,,,,,,,,,,,,,,,,,,,,,,,,,,,,,,,,,,
0,174,,,,,,,,,,,,,,,,,,,,,,,,,,,,,,,,,,,,,,,,,0.6506233215332031,0.7448300719261169,0.675792396068573,0.3273710012435913,0.19993771612644196,0.9309878349304199,0.410981684923172,0.8062030673027039,1.0407694578170776,0.7187365293502808,9.24760913848877,8.455398559570312,10.828056335449219,7.721438884735107,5.374594211578369,11.25367546081543,9.377193450927734,10.039823532104492,10.032140731811523,10.14615249633789,,,,,,,,,,,10.788102149963379,9.554123878479004,11.84454345703125,7.953806400299072,6.398041248321533,15.636798858642578,10.490158081054688,10.58963394165039,11.711177825927734,12.914632797241211,,,,,,,,,,,,,,,,,,,,,,,,,,,,,,,,,,,,,,,,
0,179,,,,,,,,,,,,,,,,,,,,,,,,,,,,,,,,,,,,,,,,,0.4993670880794525,0.31747138500213623,0.5232338905334473,0.5079249739646912,0.5705834031105042,0.4618358314037323,0.5797739028930664,0.5186161994934082,0.207755446434021,0.8071089386940002,8.317017555236816,5.049136161804199,8.738531112670898,9.4033842086792,8.197591781616211,9.311878204345703,9.950180053710938,7.603432655334473,5.130030632019043,11.46899127960205,,,,,,,,,,,9.806622505187988,6.237557411193848,10.42220401763916,9.9072847366333,10.808344841003418,11.013355255126953,12.45948600769043,8.493404388427734,5.232382774353027,13.685582160949707,,,,,,,,,,,,,,,,,,,,,,,,,,,,,,,,,,,,,,,,
0,184,,,,,,,,,,,,,,,,,,,,,,,,,,,,,,,,,,,,,,,,,0.563043475151062,0.929423451423645,0.31294265389442444,0.33653345704078674,1.0829298496246338,0.5044141411781311,0.25044044852256775,0.3586091995239258,0.6678352355957031,0.6242630481719971,8.088092803955078,7.7879109382629395,6.373895168304443,7.336684226989746,12.42534351348877,9.279032707214355,7.036518096923828,5.978900909423828,7.305348873138428,9.269195556640625,,,,,,,,,,,9.985088348388672,10.672572135925293,8.060166358947754,8.064343452453613,14.890174865722656,11.509844779968262,8.188851356506348,7.062678337097168,9.381190299987793,12.035967826843262,,,,,,,,,,,,,,,,,,,,,,,,,,,,,,,,,,,,,,,,
0,189,,,,,,,,,,,,,,,,,,,,,,,,,,,,,,,,,,,,,,,,,0.758246898651123,0.7870531678199768,1.002269983291626,1.0474766492843628,0.38294389843940735,0.9614763259887695,0.35425227880477905,0.34982696175575256,1.1946015357971191,0.7443211078643799,9.963730812072754,7.876927375793457,11.452784538269043,12.641180992126465,7.256367206573486,13.109064102172852,8.268735885620117,5.985114574432373,12.383424758911133,10.69997787475586,,,,,,,,,,,11.735875129699707,9.821194648742676,14.424607276916504,14.22745132446289,8.854564666748047,15.890778541564941,9.739286422729492,6.97566032409668,12.546853065490723,13.142480850219727,,,,,,,,,,,,,,,,,,,,,,,,,,,,,,,,,,,,,,,,
0,193,,,,,,,,,,,,,,,,,,,,,,,,,,,,,,,,,,,,,,,,,,,,,,,,,,,8.426656723022461,6.909397125244141,8.432149887084961,8.43413257598877,8.604727745056152,9.978271484375,9.349130630493164,7.711652755737305,7.66185188293457,8.758598327636719,0.3406693637371063,0.31930631399154663,0.41048455238342285,0.3924746513366699,0.38021528720855713,0.30415403842926025,0.3352425694465637,0.29452264308929443,0.26003044843673706,0.3695937395095825,10.800886154174805,8.898858070373535,10.893868446350098,10.792078971862793,11.04626750946045,12.730385780334473,12.022496223449707,9.786627769470215,9.753726959228516,11.28366470336914,0.5833311676979065,0.6439769268035889,0.6146436929702759,0.4960234761238098,0.6750385165214539,0.6630955338478088,0.5673497915267944,0.5205721855163574,0.5329797863960266,0.5363004803657532,8.026267051696777,6.193540573120117,8.024446487426758,7.919737815856934,9.393471717834473,10.08558464050293,9.517086029052734,6.168632507324219,6.495338439941406,8.438569068908691,0.3668248653411865,0.3215610384941101,0.5119563341140747,0.4817240238189697,0.19868987798690796,0.39708054065704346,0.4160122275352478,0.22725361585617065,0.27680397033691406,0.47034209966659546,10.663103103637695,9.11422348022461,10.710619926452637,10.695082664489746,12.111432075500488,13.350114822387695,12.216777801513672,8.1953706741333,8.64776611328125,10.926539421081543
1,194,,,,,,,,,,,,,,,,,,,,,,,,,,,,,,,,,,,,,,,,,0.39397087693214417,0.44492533802986145,0.221100851893425,0.7556666731834412,0.4537472426891327,0.8270438313484192,0.5526172518730164,0.052562303841114044,0.13524705171585083,0.10282713919878006,6.8282246589660645,5.2655134201049805,6.242143154144287,10.228804588317871,7.792740345001221,12.906014442443848,9.93707275390625,1.9972578287124634,2.8373587131500244,4.247119426727295,,,,,,,,,,,8.288290977478027,7.384240627288818,6.774961948394775,12.084259033203125,9.63843822479248,14.738054275512695,12.1641845703125,2.703933000564575,4.221698760986328,4.884848117828369,,,,,,,,,,,,,,,,,,,,,,,,,,,,,,,,,,,,,,,,
1,199,,,,,,,,,,,,,,,,,,,,,,,,,,,,,,,,,,,,,,,,,0.5989980697631836,0.8447016477584839,0.22064030170440674,0.5096237659454346,0.6866008639335632,0.3703576326370239,1.0168051719665527,0.6414206027984619,0.2567870318889618,0.8440459966659546,7.942610740661621,8.914776802062988,6.513124465942383,7.9742889404296875,8.62134075164795,7.132868766784668,10.76097583770752,8.336098670959473,4.7679948806762695,8.462029457092285,,,,,,,,,,,10.482593536376953,10.174520492553711,6.767902374267578,9.92383861541748,11.856371879577637,9.862488746643066,16.50021743774414,9.445613861083984,5.817144870758057,13.99523639678955,,,,,,,,,,,,,,,,,,,,,,,,,,,,,,,,,,,,,,,,
1,204,,,,,,,,,,,,,,,,,,,,,,,,,,,,,,,,,,,,,,,,,0.6538786292076111,0.7696702480316162,0.8554418087005615,0.9293617010116577,0.5793027281761169,0.47925034165382385,0.3606579303741455,0.5245179533958435,0.4964718222618103,0.8902331590652466,8.97452163696289,7.68513822555542,11.46270751953125,11.64379596710205,7.739438533782959,8.972077369689941,6.730812072753906,7.6005072593688965,7.485966205596924,11.450244903564453,,,,,,,,,,,11.042165756225586,9.712132453918457,13.326217651367188,13.401310920715332,10.890615463256836,11.219075202941895,9.826945304870605,8.541593551635742,8.088547706604004,14.373055458068848,,,,,,,,,,,,,,,,,,,,,,,,,,,,,,,,,,,,,,,,
1,209,,,,,,,,,,,,,,,,,,,,,,,,,,,,,,,,,,,,,,,,,0.41222912073135376,0.2771734297275543,0.30396586656570435,0.2011585831642151,0.8266958594322205,0.5614134669303894,0.3142731785774231,0.38756418228149414,0.4708549380302429,0.36696261167526245,6.2424750328063965,3.74542498588562,5.9417405128479,4.344390869140625,9.186652183532715,9.27935791015625,6.986701488494873,4.7461042404174805,4.950078010559082,7.0018229484558105,,,,,,,,,,,8.753341674804688,5.828248500823975,7.943722248077393,6.234823703765869,13.009857177734375,12.142756462097168,9.1732759475708,7.342273712158203,7.877109050750732,9.228011131286621,,,,,,,,,,,,,,,,,,,,,,,,,,,,,,,,,,,,,,,,
1,214,,,,,,,,,,,,,,,,,,,,,,,,,,,,,,,,,,,,,,,,,0.5181218385696411,0.4190050959587097,0.45914340019226074,0.8088845014572144,0.40759482979774475,0.3541789650917053,0.42276155948638916,0.5007860064506531,0.8157100677490234,0.4750320613384247,7.947989463806152,5.957123279571533,7.810058116912842,9.99468994140625,7.663136959075928,7.850406169891357,8.48122501373291,6.4065656661987305,8.743661880493164,8.62503433227539,,,,,,,,,,,9.784891128540039,7.165919780731201,9.763056755065918,12.50253677368164,9.135113716125488,9.64466667175293,10.639433860778809,8.346123695373535,10.36790943145752,10.499259948730469,,,,,,,,,,,,,,,,,,,,,,,,,,,,,,,,,,,,,,,,
1,219,,,,,,,,,,,,,,,,,,,,,,,,,,,,,,,,,,,,,,,,,0.590509831905365,0.6258630156517029,0.5892724990844727,0.6234937906265259,0.33994588255882263,0.5837804675102234,0.591210663318634,0.6146638989448547,0.4778192937374115,0.868539035320282,8.054866790771484,7.723036766052246,8.020173072814941,8.028074264526367,6.747265338897705,8.466513633728027,8.779803276062012,7.445088863372803,7.141622066497803,10.142220497131348,,,,,,,,,,,10.608912467956543,8.757939338684082,11.060372352600098,10.976678848266602,8.342659950256348,12.382280349731445,12.581774711608887,9.246503829956055,7.935149669647217,14.196845054626465,,,,,,,,,,,,,,,,,,,,,,,,,,,,,,,,,,,,,,,,
1,224,,,,,,,,,,,,,,,,,,,,,,,,,,,,,,,,,,,,,,,,,0.4258740246295929,0.3426840901374817,0.4383585453033447,0.3796233534812927,0.507081151008606,0.5162892937660217,0.1557871699333191,0.5961977243423462,0.09541422128677368,0.8014305830001831,7.016795635223389,5.374355316162109,8.763143539428711,6.383481502532959,7.088830471038818,9.789565086364746,4.3912739753723145,7.661278247833252,3.231126308441162,10.468106269836426,,,,,,,,,,,8.796357154846191,6.480510711669922,9.539517402648926,8.565078735351562,10.189159393310547,11.644542694091797,6.458573818206787,9.106550216674805,3.5459275245666504,13.637354850769043,,,,,,,,,,,,,,,,,,,,,,,,,,,,,,,,,,,,,,,,
1,229,,,,,,,,,,,,,,,,,,,,,,,,,,,,,,,,,,,,,,,,,0.6201578974723816,0.2976221442222595,0.586920976638794,0.5533063411712646,0.5364324450492859,0.6208274960517883,0.9361163377761841,0.39290034770965576,0.8864182829856873,0.7708767652511597,8.77280330657959,5.387110233306885,8.377443313598633,8.229902267456055,8.379671096801758,10.694294929504395,11.131765365600586,6.865297794342041,8.225554466247559,11.664189338684082,,,,,,,,,,,10.897175788879395,6.03941535949707,11.03828239440918,10.340408325195312,10.479901313781738,12.76913070678711,15.83199691772461,7.392646312713623,10.80793285369873,13.374874114990234,,,,,,,,,,,,,,,,,,,,,,,,,,,,,,,,,,,,,,,,
1,234,,,,,,,,,,,,,,,,,,,,,,,,,,,,,,,,,,,,,,,,,0.4110862612724304,0.5177179574966431,0.27511969208717346,0.1391829252243042,0.11968152970075607,0.6017109751701355,0.5015127658843994,0.3497021496295929,0.8892945647239685,0.30585387349128723,6.447810649871826,6.1897735595703125,6.05419397354126,4.294424057006836,4.038392066955566,9.062261581420898,8.216371536254883,6.0907793045043945,7.022323131561279,7.061773300170898,,,,,,,,,,,8.44919490814209,7.965423107147217,7.557400703430176,5.186183452606201,4.950091361999512,12.571000099182129,11.588088035583496,6.974416255950928,10.825454711914062,8.424694061279297,,,,,,,,,,,,,,,,,,,,,,,,,,,,,,,,,,,,,,,,
1,239,,,,,,,,,,,,,,,,,,,,,,,,,,,,,,,,,,,,,,,,,0.546869695186615,0.6286117434501648,0.7276937961578369,0.7556544542312622,0.6260918378829956,0.6868163347244263,0.622334361076355,0.4252379834651947,0.005681382492184639,0.44370555877685547,8.402054786682129,7.125122547149658,11.864362716674805,10.709599494934082,9.399872779846191,11.119019508361816,10.13162612915039,7.441307544708252,0.8652673363685608,6.962318420410156,,,,,,,,,,,9.946308135986328,8.77715015411377,12.290964126586914,12.084159851074219,11.321882247924805,13.430622100830078,12.90870475769043,7.69085693359375,0.8652673363685608,10.147163391113281,,,,,,,,,,,,,,,,,,,,,,,,,,,,,,,,,,,,,,,,
1,244,,,,,,,,,,,,,,,,,,,,,,,,,,,,,,,,,,,,,,,,,0.44407919049263,0.5358641743659973,0.07894939184188843,0.6328756809234619,0.35985881090164185,0.42150184512138367,0.18787649273872375,0.7533755898475647,0.49541693925857544,0.5309938192367554,7.281557083129883,7.530682563781738,3.3218228816986084,8.455620765686035,6.48309850692749,8.522016525268555,6.173816680908203,8.107616424560547,7.629464626312256,9.309874534606934,,,,,,,,,,,8.75844955444336,8.103816986083984,4.04842472076416,11.058955192565918,8.583525657653809,10.52145004272461,7.092625141143799,10.23680591583252,8.079950332641602,11.100484848022461,,,,,,,,,,,,,,,,,,,,,,,,,,,,,,,,,,,,,,,,
1,249,,,,,,,,,,,,,,,,,,,,,,,,,,,,,,,,,,,,,,,,,0.4994712471961975,0.721041202545166,0.31171560287475586,0.26759159564971924,0.5019967555999756,0.5465046167373657,0.5560812950134277,0.5603898763656616,0.7112550735473633,0.31866535544395447,7.778578281402588,7.440092086791992,5.911900997161865,5.326152801513672,8.247218132019043,9.894623756408691,9.883209228515625,7.237436294555664,9.02811336517334,7.038454532623291,,,,,,,,,,,9.562872886657715,9.400313377380371,8.044349670410156,7.191030502319336,10.137948036193848,11.980440139770508,12.202250480651855,8.82884407043457,9.681351661682129,8.59933090209961,,,,,,,,,,,,,,,,,,,,,,,,,,,,,,,,,,,,,,,,
1,254,,,,,,,,,,,,,,,,,,,,,,,,,,,,,,,,,,,,,,,,,0.3534480035305023,0.6010443568229675,0.263132244348526,0.4705873131752014,0.462660014629364,0.5667511224746704,0.21629635989665985,0.1866045743227005,0.027383530512452126,0.3865724503993988,6.760307312011719,7.486693382263184,6.7244553565979,8.645452499389648,8.218921661376953,11.047167778015137,6.053450584411621,3.944258213043213,1.5269418954849243,7.1954240798950195,,,,,,,,,,,7.946502685546875,8.582534790039062,7.390923500061035,9.536191940307617,9.732638359069824,12.20034408569336,7.6101884841918945,5.094714641571045,1.899625539779663,9.471366882324219,,,,,,,,,,,,,,,,,,,,,,,,,,,,,,,,,,,,,,,,
1,259,,,,,,,,,,,,,,,,,,,,,,,,,,,,,,,,,,,,,,,,,0.3492291569709778,0.405573308467865,0.2191612720489502,0.47602689266204834,0.334060937166214,0.342311292886734,0.6112558245658875,0.23672790825366974,0.23520854115486145,0.28273627161979675,6.524038791656494,5.8497467041015625,4.673855781555176,7.4646124839782715,7.250621318817139,7.985666275024414,10.429994583129883,4.433379173278809,4.722207069396973,5.9062628746032715,,,,,,,,,,,8.148590087890625,7.050127029418945,6.745180606842041,9.59114933013916,8.270133018493652,9.481705665588379,12.793291091918945,5.738303184509277,5.567366600036621,8.100054740905762,,,,,,,,,,,,,,,,,,,,,,,,,,,,,,,,,,,,,,,,
1,264,,,,,,,,,,,,,,,,,,,,,,,,,,,,,,,,,,,,,,,,,0.4129375219345093,0.29687145352363586,0.24255891144275665,0.44337862730026245,0.622947633266449,0.310564249753952,0.32760724425315857,0.44611185789108276,0.5713196992874146,0.4550779163837433,6.842012882232666,5.112843990325928,5.810192584991455,6.108203887939453,7.255421161651611,6.947420597076416,8.017714500427246,5.944648742675781,7.5023956298828125,8.8792724609375,,,,,,,,,,,8.767279624938965,6.031793594360352,7.096108913421631,9.256403923034668,11.293418884277344,9.031327247619629,9.365857124328613,7.877357482910156,8.676865577697754,10.27637767791748,,,,,,,,,,,,,,,,,,,,,,,,,,,,,,,,,,,,,,,,
1,269,,,,,,,,,,,,,,,,,,,,,,,,,,,,,,,,,,,,,,,,,0.4748639166355133,0.7036482095718384,0.47569698095321655,0.2882322072982788,0.2993360757827759,0.41200390458106995,0.34725049138069153,0.6099923253059387,0.9450325965881348,0.19258201122283936,7.545207500457764,7.18284797668457,9.500968933105469,5.358884811401367,6.020330905914307,8.58348274230957,7.927268981933594,8.393245697021484,9.359282493591309,5.580556869506836,,,,,,,,,,,9.068462371826172,9.286243438720703,9.937492370605469,7.463218688964844,7.828510284423828,10.40223217010498,9.642557144165039,9.211299896240234,11.159549713134766,6.685055732727051,,,,,,,,,,,,,,,,,,,,,,,,,,,,,,,,,,,,,,,,
1,274,,,,,,,,,,,,,,,,,,,,,,,,,,,,,,,,,,,,,,,,,0.5114033818244934,0.49367111921310425,0.26876556873321533,0.13899973034858704,0.4640924632549286,0.6335927844047546,0.24133624136447906,0.8420054912567139,1.0110805034637451,0.5090862512588501,7.521365642547607,6.585728645324707,6.146876335144043,4.236670017242432,7.546497821807861,11.277835845947266,6.100611209869385,7.291520118713379,10.013153076171875,8.493398666381836,,,,,,,,,,,9.37232494354248,7.778235912322998,7.469619274139404,5.182769298553467,9.74769401550293,12.899741172790527,8.038629531860352,10.822216033935547,11.542932510375977,10.8690824508667,,,,,,,,,,,,,,,,,,,,,,,,,,,,,,,,,,,,,,,,
1,279,,,,,,,,,,,,,,,,,,,,,,,,,,,,,,,,,,,,,,,,,0.6358163952827454,0.9708759188652039,0.7120718955993652,0.8818092942237854,0.7861982583999634,0.6115640997886658,0.25999757647514343,0.4737439751625061,0.5073828101158142,0.5187036991119385,8.332221031188965,9.096318244934082,9.988019943237305,8.578933715820312,9.34848690032959,10.00253677368164,6.5505828857421875,6.433907508850098,6.48755407333374,8.50364875793457,,,,,,,,,,,10.787830352783203,10.907975196838379,12.158319473266602,13.053958892822266,12.687195777893066,12.673506736755371,8.34363842010498,8.117654800415039,8.176946640014648,10.971269607543945,,,,,,,,,,,,,,,,,,,,,,,,,,,,,,,,,,,,,,,,
1,284,,,,,,,,,,,,,,,,,,,,,,,,,,,,,,,,,,,,,,,,,0.4388767182826996,0.2976810038089752,0.3081931471824646,0.6421188116073608,0.29605862498283386,0.2592909038066864,0.8496274948120117,0.5452882051467896,0.4728885591030121,0.2787436246871948,7.375086307525635,4.799005508422852,7.468931198120117,9.914420127868652,7.174653053283691,6.227014064788818,11.528196334838867,7.057125568389893,6.276556968688965,5.929876327514648,,,,,,,,,,,8.993852615356445,6.040012836456299,7.998769283294678,11.139420509338379,7.78553581237793,8.252195358276367,15.082906723022461,8.70906925201416,7.894101142883301,8.042659759521484,,,,,,,,,,,,,,,,,,,,,,,,,,,,,,,,,,,,,,,,
1,289,,,,,,,,,,,,,,,,,,,,,,,,,,,,,,,,,,,,,,,,,0.4437749683856964,1.0903373956680298,0.3525412082672119,0.2752513587474823,0.4165132939815521,0.6304317712783813,0.6041505336761475,0.03258124738931656,0.24201393127441406,0.35015392303466797,6.8439412117004395,8.623199462890625,7.163306713104248,5.637146472930908,6.8890180587768555,10.097702980041504,9.962827682495117,1.598243236541748,4.299713134765625,7.324310779571533,,,,,,,,,,,8.779874801635742,11.55959701538086,8.554932594299316,7.2932257652282715,9.234515190124512,12.867521286010742,12.718718528747559,2.128837823867798,5.647334098815918,9.014189720153809,,,,,,,,,,,,,,,,,,,,,,,,,,,,,,,,,,,,,,,,
1,294,,,,,,,,,,,,,,,,,,,,,,,,,,,,,,,,,,,,,,,,,0.38801395893096924,0.46313241124153137,0.07954417169094086,0.3914231061935425,0.38697686791419983,0.5244277715682983,0.21291421353816986,0.9438962340354919,0.1676441729068756,0.32216668128967285,7.035014629364014,5.785797119140625,3.444014310836792,7.146137714385986,7.592950820922852,10.203214645385742,6.058990478515625,11.25466251373291,4.386821746826172,7.442544460296631,,,,,,,,,,,8.143010139465332,7.5338134765625,4.063645839691162,8.697173118591309,8.901067733764648,11.735962867736816,7.550455570220947,11.458317756652832,4.700212478637695,8.646443367004395,,,,,,,,,,,,,,,,,,,,,,,,,,,,,,,,,,,,,,,,
1,299,,,,,,,,,,,,,,,,,,,,,,,,,,,,,,,,,,,,,,,,,0.40942272543907166,0.4339102506637573,0.14544354379177094,0.16784000396728516,0.25947773456573486,0.27946072816848755,0.4672473669052124,0.9850835204124451,0.5986334681510925,0.3477080464363098,6.581239700317383,6.194039344787598,4.099682807922363,5.0821051597595215,5.686208724975586,6.582152366638184,8.58032512664795,8.671215057373047,6.464238166809082,7.871189117431641,,,,,,,,,,,8.343719482421875,7.292261123657227,5.494887828826904,5.695116996765137,7.288693904876709,8.567147254943848,11.185213088989258,11.70564079284668,8.881856918334961,8.98265266418457,,,,,,,,,,,,,,,,,,,,,,,,,,,,,,,,,,,,,,,,
1,304,,,,,,,,,,,,,,,,,,,,,,,,,,,,,,,,,,,,,,,,,0.42569106817245483,0.3105701506137848,0.8138408660888672,0.5699185132980347,0.21254189312458038,0.48036953806877136,0.18464529514312744,0.2659342885017395,0.5475202798843384,0.4458789825439453,7.334497451782227,4.703705787658691,12.410648345947266,9.39470386505127,5.683752536773682,9.587349891662598,5.921785354614258,4.118358135223389,6.683387756347656,7.506786823272705,,,,,,,,,,,8.807820320129395,6.169388771057129,12.998146057128906,10.494487762451172,6.596626281738281,11.232168197631836,7.031369686126709,6.0819926261901855,8.494217872619629,10.17198371887207,,,,,,,,,,,,,,,,,,,,,,,,,,,,,,,,,,,,,,,,
1,309,,,,,,,,,,,,,,,,,,,,,,,,,,,,,,,,,,,,,,,,,0.3347421884536743,0.3359273076057434,0.2230999916791916,0.5588268637657166,0.21220199763774872,0.5513450503349304,0.34124913811683655,0.18456265330314636,0.253629207611084,0.3518373668193817,6.721824645996094,5.591771602630615,4.262856483459473,10.055047988891602,5.30797815322876,10.402993202209473,7.0011115074157715,4.569115161895752,5.233102798461914,8.072444915771484,,,,,,,,,,,7.964572429656982,6.4163031578063965,6.805521488189697,10.391866683959961,6.591350555419922,12.033379554748535,9.558871269226074,5.066763877868652,5.781266212463379,9.035832405090332,,,,,,,,,,,,,,,,,,,,,,,,,,,,,,,,,,,,,,,,
1,314,,,,,,,,,,,,,,,,,,,,,,,,,,,,,,,,,,,,,,,,,0.6774356365203857,1.1198325157165527,0.8759765625,0.4254487454891205,0.35167309641838074,0.9672885537147522,0.5388599634170532,0.4306323230266571,1.0760172605514526,0.31119129061698914,8.588412284851074,8.383278846740723,11.359440803527832,6.846102237701416,6.856978893280029,13.259284019470215,8.65977954864502,6.499001979827881,8.286870002746582,7.144970417022705,,,,,,,,,,,10.983170509338379,11.714906692504883,13.485215187072754,9.06731128692627,8.485339164733887,15.938736915588379,12.011817932128906,7.739483833312988,11.907837867736816,8.497885704040527,,,,,,,,,,,,,,,,,,,,,,,,,,,,,,,,,,,,,,,,
1,319,,,,,,,,,,,,,,,,,,,,,,,,,,,,,,,,,,,,,,,,,0.5668280124664307,0.25674623250961304,0.5444499850273132,0.43513867259025574,0.49576491117477417,0.30543792247772217,0.9769071340560913,0.26086947321891785,1.4456599950790405,0.38047757744789124,7.462582111358643,4.488102436065674,8.179940223693848,8.083662986755371,6.975094795227051,7.444981098175049,8.941301345825195,5.267735481262207,9.649999618530273,8.132421493530273,,,,,,,,,,,9.981998443603516,5.609372615814209,10.631404876708984,9.169986724853516,10.074825286865234,8.9564790725708,16.173255920410156,6.023797035217285,13.80245590209961,9.396405220031738,,,,,,,,,,,,,,,,,,,,,,,,,,,,,,,,,,,,,,,,
1,324,,,,,,,,,,,,,,,,,,,,,,,,,,,,,,,,,,,,,,,,,0.31941232085227966,0.3094630837440491,0.21956272423267365,0.3813540041446686,0.3169458508491516,0.3254990577697754,0.3458110988140106,0.14566956460475922,0.27137118577957153,0.5590342283248901,6.5526580810546875,5.0231099128723145,5.9248504638671875,7.668943881988525,6.603689193725586,7.713080406188965,8.224907875061035,3.7696735858917236,5.716598033905029,8.329070091247559,,,,,,,,,,,7.809945106506348,6.158382892608643,6.751354694366455,8.584579467773438,8.05549430847168,9.245932579040527,9.622551918029785,4.501353740692139,5.9800543785095215,11.389806747436523,,,,,,,,,,,,,,,,,,,,,,,,,,,,,,,,,,,,,,,,
1,329,,,,,,,,,,,,,,,,,,,,,,,,,,,,,,,,,,,,,,,,,0.26002034544944763,0.3320220708847046,0.2404399812221527,0.20687100291252136,0.4099349081516266,0.2925752103328705,0.295470654964447,0.22053545713424683,0.09779743105173111,0.24453628063201904,5.744604587554932,5.085943222045898,4.886717796325684,4.929605960845947,7.4152445793151855,7.401022434234619,7.559565544128418,5.383837699890137,3.0767791271209717,5.962725639343262,,,,,,,,,,,7.027777194976807,6.378899574279785,7.0650458335876465,6.322731018066406,9.161299705505371,8.765861511230469,8.894632339477539,5.538573741912842,3.589938163757324,7.533015727996826,,,,,,,,,,,,,,,,,,,,,,,,,,,,,,,,,,,,,,,,
1,334,,,,,,,,,,,,,,,,,,,,,,,,,,,,,,,,,,,,,,,,,0.5269376039505005,0.447690486907959,0.3986733853816986,0.694540798664093,0.4481685757637024,0.5359335541725159,0.43005362153053284,1.123849868774414,0.30499303340911865,0.3585353195667267,8.219339370727539,5.828372478485107,7.75258731842041,10.044624328613281,7.7722649574279785,9.83151912689209,8.69333553314209,11.753458976745605,5.585968494415283,6.7119245529174805,,,,,,,,,,,9.803080558776855,7.407151222229004,9.09746265411377,11.585206031799316,9.579004287719727,11.864005088806152,10.730799674987793,12.502960205078125,6.339693546295166,9.121435165405273,,,,,,,,,,,,,,,,,,,,,,,,,,,,,,,,,,,,,,,,
1,339,,,,,,,,,,,,,,,,,,,,,,,,,,,,,,,,,,,,,,,,,0.4448222517967224,0.45314788818359375,0.35894444584846497,0.3679448664188385,0.20951628684997559,0.6272019743919373,0.24452294409275055,0.38628122210502625,1.0293993949890137,0.3264411389827728,6.714329242706299,5.319916248321533,7.505073070526123,5.609299659729004,5.3405351638793945,9.047423362731934,6.0650129318237305,5.838538646697998,9.046768188476562,6.6563944816589355,,,,,,,,,,,8.852560997009277,7.4521613121032715,8.632274627685547,8.432305335998535,6.549505710601807,12.834518432617188,8.091529846191406,7.3301100730896,11.647031784057617,8.703615188598633,,,,,,,,,,,,,,,,,,,,,,,,,,,,,,,,,,,,,,,,
1,344,,,,,,,,,,,,,,,,,,,,,,,,,,,,,,,,,,,,,,,,,0.5519038438796997,0.5524086952209473,0.8867510557174683,0.42609092593193054,0.5982488393783569,0.5988963842391968,0.5757797360420227,0.611465334892273,0.38924580812454224,0.3282475471496582,8.583917617797852,6.715439796447754,11.790030479431152,7.928738117218018,8.23122501373291,12.017578125,9.754908561706543,7.545419692993164,5.91831636428833,7.353601455688477,,,,,,,,,,,10.22304916381836,8.227967262268066,13.56789493560791,9.074151039123535,11.06727123260498,12.541563987731934,12.416494369506836,9.22241497039795,7.162015914916992,8.727663040161133,,,,,,,,,,,,,,,,,,,,,,,,,,,,,,,,,,,,,,,,
1,349,,,,,,,,,,,,,,,,,,,,,,,,,,,,,,,,,,,,,,,,,0.46530047059059143,0.43739208579063416,0.49629268050193787,0.2696394920349121,0.7559942603111267,0.47330546379089355,0.3376308083534241,0.3471578359603882,0.7097226977348328,0.36056846380233765,7.686244487762451,5.531307220458984,8.987953186035156,6.466619968414307,8.789229393005371,9.145058631896973,7.977369785308838,6.001520156860352,8.378453254699707,7.898688316345215,,,,,,,,,,,9.283989906311035,7.321460723876953,10.150339126586914,7.218494892120361,12.441102981567383,11.149274826049805,9.508057594299316,6.948997974395752,9.670916557312012,9.147260665893555,,,,,,,,,,,,,,,,,,,,,,,,,,,,,,,,,,,,,,,,
1,354,,,,,,,,,,,,,,,,,,,,,,,,,,,,,,,,,,,,,,,,,0.61802738904953,0.5641212463378906,0.4808422029018402,0.6956313252449036,0.3815704584121704,0.46490636467933655,0.4412463307380676,0.5795443654060364,1.1669620275497437,0.7874219417572021,8.809456825256348,7.089433670043945,8.256083488464355,10.194222450256348,6.699402332305908,8.85767650604248,9.156129837036133,6.993255138397217,11.053300857543945,10.985608100891113,,,,,,,,,,,10.6172456741333,8.314736366271973,9.99109172821045,11.594298362731934,8.838671684265137,11.049905776977539,10.869544982910156,8.97846508026123,12.40085506439209,13.517642974853516,,,,,,,,,,,,,,,,,,,,,,,,,,,,,,,,,,,,,,,,
1,359,,,,,,,,,,,,,,,,,,,,,,,,,,,,,,,,,,,,,,,,,0.4536671042442322,0.43859049677848816,0.5349554419517517,0.550209641456604,0.31794196367263794,0.3927895724773407,0.4528503119945526,0.42645612359046936,0.7248401045799255,0.24437062442302704,7.095282077789307,4.470609664916992,8.274835586547852,8.719648361206055,6.457264423370361,7.350217342376709,7.895081520080566,6.363236427307129,8.548726081848145,5.777921199798584,,,,,,,,,,,9.15815258026123,7.331483840942383,10.538298606872559,10.311431884765625,8.068142890930176,10.15677547454834,11.011541366577148,7.7018656730651855,9.773370742797852,7.530463218688965,,,,,,,,,,,,,,,,,,,,,,,,,,,,,,,,,,,,,,,,
1,364,,,,,,,,,,,,,,,,,,,,,,,,,,,,,,,,,,,,,,,,,0.422824889421463,0.5339340567588806,0.2727835476398468,0.4283565878868103,0.22522489726543427,0.8554945588111877,0.4311213493347168,0.5272755026817322,0.33019930124282837,0.20103411376476288,6.991936683654785,5.476103782653809,5.839484691619873,8.287626266479492,5.9877777099609375,11.603991508483887,8.010149955749512,7.265251159667969,4.909152030944824,5.54788875579834,,,,,,,,,,,8.80305290222168,8.089208602905273,7.525247097015381,9.098245620727539,6.790595054626465,14.989408493041992,10.744112968444824,8.564017295837402,6.596466064453125,6.830179214477539,,,,,,,,,,,,,,,,,,,,,,,,,,,,,,,,,,,,,,,,
1,369,,,,,,,,,,,,,,,,,,,,,,,,,,,,,,,,,,,,,,,,,0.6433262228965759,0.46090108156204224,0.7921683192253113,0.6515185832977295,0.6838846206665039,0.7421915531158447,0.4059656858444214,0.7525624632835388,0.7546940445899963,0.5460497140884399,8.996024131774902,5.95961856842041,9.799094200134277,9.05877685546875,10.328864097595215,12.072084426879883,8.167521476745605,7.448965549468994,8.842117309570312,9.287178993225098,,,,,,,,,,,11.026806831359863,7.515643119812012,12.823907852172852,11.220657348632812,11.83289623260498,13.961557388305664,10.425945281982422,10.231280326843262,9.972607612609863,11.256757736206055,,,,,,,,,,,,,,,,,,,,,,,,,,,,,,,,,,,,,,,,
1,374,,,,,,,,,,,,,,,,,,,,,,,,,,,,,,,,,,,,,,,,,0.4018254578113556,0.3241729140281677,0.27952611446380615,0.5136070251464844,0.9049370288848877,0.32948869466781616,0.31989091634750366,0.3248543441295624,0.3531374931335449,0.2668144106864929,6.91558313369751,5.430121421813965,6.663961410522461,8.036324501037598,10.407769203186035,7.70230770111084,6.790247917175293,5.368248462677002,5.729849338531494,6.11142110824585,,,,,,,,,,,8.607186317443848,6.303048610687256,7.617681503295898,9.962546348571777,13.611589431762695,9.302423477172852,9.254900932312012,6.722070693969727,6.821740627288818,7.868679523468018,,,,,,,,,,,,,,,,,,,,,,,,,,,,,,,,,,,,,,,,
1,379,,,,,,,,,,,,,,,,,,,,,,,,,,,,,,,,,,,,,,,,,0.546017050743103,0.2729421555995941,0.476566880941391,0.29936090111732483,0.797417938709259,0.44742536544799805,0.566623330116272,0.6748798489570618,0.5932674407958984,0.7856695652008057,7.966851234436035,4.3563385009765625,8.743997573852539,6.573087215423584,8.50806713104248,7.240725040435791,9.890266418457031,8.167821884155273,7.844297409057617,10.377060890197754,,,,,,,,,,,10.144938468933105,5.783590793609619,9.946575164794922,7.605931758880615,12.777403831481934,10.840171813964844,12.317370414733887,9.688844680786133,8.841959953308105,13.502593040466309,,,,,,,,,,,,,,,,,,,,,,,,,,,,,,,,,,,,,,,,
1,384,,,,,,,,,,,,,,,,,,,,,,,,,,,,,,,,,,,,,,,,,0.515588104724884,0.544526994228363,0.15708109736442566,0.2764197885990143,0.436499685049057,0.9041703939437866,0.6676842570304871,0.4606506824493408,0.20583578944206238,0.9874247908592224,7.621950149536133,7.165752410888672,4.20659065246582,4.856251239776611,8.181450843811035,11.974559783935547,10.208189010620117,7.013270378112793,4.2203755378723145,10.77110767364502,,,,,,,,,,,9.752511024475098,8.169057846069336,5.710493087768555,7.308688163757324,9.45347785949707,15.409941673278809,13.370769500732422,8.004692077636719,5.208152770996094,15.137328147888184,,,,,,,,,,,,,,,,,,,,,,,,,,,,,,,,,,,,,,,,
1,387,,,,,,,,,,,,,,,,,,,,,,,,,,,,,,,,,,,,,,,,,,,,,,,,,,,7.588924884796143,6.237395763397217,7.539018154144287,7.405213832855225,7.783397674560547,9.239201545715332,8.198906898498535,6.962190628051758,6.818263053894043,8.116732597351074,0.4602943956851959,0.45293116569519043,0.5263694524765015,0.5199388861656189,0.4821179509162903,0.3906189799308777,0.46855127811431885,0.42892223596572876,0.4101114869117737,0.4630882143974304,9.780351638793945,7.977731704711914,9.76459789276123,9.593367576599121,10.097424507141113,11.913230895996094,10.74963665008545,8.805197715759277,8.708605766296387,10.413372039794922,0.5746216177940369,0.6279667019844055,0.5858422517776489,0.35083895921707153,0.7094967365264893,0.6718409061431885,0.5897470712661743,0.5025547742843628,0.5844873189926147,0.548819899559021,7.821004390716553,6.208267688751221,7.801621913909912,6.166102886199951,9.65487003326416,9.87814712524414,9.383952140808105,5.809277534484863,6.748198986053467,8.738598823547363,0.37108084559440613,0.339824378490448,0.5417144894599915,0.6154993772506714,0.14140748977661133,0.38663244247436523,0.3956524729728699,0.2515234351158142,0.2093375325202942,0.45813602209091187,10.574577331542969,8.990710258483887,10.378948211669922,9.21196174621582,12.536858558654785,13.465291023254395,12.427910804748535,8.06564712524414,9.042145729064941,11.051724433898926
2,389,,,,,,,,,,,,,,,,,,,,,,,,,,,,,,,,,,,,,,,,,0.6009466648101807,0.7480331063270569,0.4070081114768982,0.67646324634552,0.418129563331604,0.7958463430404663,0.22635039687156677,0.7493415474891663,0.6969298124313354,0.6904171109199524,8.337807655334473,7.0445332527160645,7.276726245880127,10.554758071899414,6.831439018249512,10.375581741333008,6.424362659454346,7.971430778503418,8.557351112365723,10.004084587097168,,,,,,,,,,,10.460599899291992,9.574644088745117,9.19206714630127,11.433442115783691,9.252413749694824,14.457408905029297,7.785050392150879,10.209362983703613,9.583359718322754,12.657647132873535,,,,,,,,,,,,,,,,,,,,,,,,,,,,,,,,,,,,,,,,
2,394,,,,,,,,,,,,,,,,,,,,,,,,,,,,,,,,,,,,,,,,,0.4305182695388794,0.33710530400276184,0.13590499758720398,0.36805862188339233,0.16893233358860016,0.9218100309371948,0.30850446224212646,1.0112824440002441,0.2784787714481354,0.3445873260498047,6.768927097320557,5.409140586853027,5.028989315032959,7.24611234664917,4.793799877166748,10.52946949005127,6.193775653839111,9.766057014465332,4.494401931762695,7.458597183227539,,,,,,,,,,,8.618054389953613,6.427544116973877,5.311648845672607,8.433608055114746,5.88106632232666,15.559534072875977,9.08869457244873,11.86028003692627,6.057861328125,8.942251205444336,,,,,,,,,,,,,,,,,,,,,,,,,,,,,,,,,,,,,,,,
2,399,,,,,,,,,,,,,,,,,,,,,,,,,,,,,,,,,,,,,,,,,0.4096295237541199,0.3636655807495117,0.3411579728126526,0.3621710240840912,0.12671354413032532,0.3388859033584595,0.4680503010749817,0.2900281548500061,0.6246230006217957,0.7713703513145447,7.29482364654541,5.49804162979126,7.336972713470459,7.406327724456787,4.1154913902282715,8.142491340637207,8.960893630981445,5.255934238433838,7.258217811584473,11.679040908813477,,,,,,,,,,,8.664802551269531,6.675954341888428,8.415684700012207,8.36588191986084,5.093439102172852,9.434146881103516,11.194818496704102,6.351536273956299,9.072610855102539,13.379154205322266,,,,,,,,,,,,,,,,,,,,,,,,,,,,,,,,,,,,,,,,
2,404,,,,,,,,,,,,,,,,,,,,,,,,,,,,,,,,,,,,,,,,,0.545671284198761,0.8181120753288269,0.49488988518714905,0.6974612474441528,0.22433799505233765,0.5224649310112,0.3501914441585541,0.5636029243469238,0.5593563318252563,0.6806247234344482,8.145611763000488,6.976865768432617,8.532358169555664,8.499582290649414,5.3452863693237305,9.818827629089355,8.337716102600098,7.362592697143555,7.568294525146484,10.868985176086426,,,,,,,,,,,9.99337100982666,10.013103485107422,10.135984420776367,11.609537124633789,6.777212142944336,11.71397876739502,9.683303833007812,8.854119300842285,8.585539817810059,12.567562103271484,,,,,,,,,,,,,,,,,,,,,,,,,,,,,,,,,,,,,,,,
2,409,,,,,,,,,,,,,,,,,,,,,,,,,,,,,,,,,,,,,,,,,0.39379724860191345,0.6910194754600525,0.31349822878837585,0.3222951889038086,0.44211912155151367,0.767289400100708,0.27348339557647705,0.19208161532878876,0.21619534492492676,0.32619309425354004,6.588697910308838,6.848893642425537,6.425333023071289,6.453200340270996,8.572983741760254,11.081661224365234,5.94394063949585,3.9932777881622314,3.707321882247925,6.271664619445801,,,,,,,,,,,8.515077590942383,9.202533721923828,8.0673189163208,7.891903877258301,9.514134407043457,14.195656776428223,8.557291030883789,5.168941497802734,5.3376054763793945,8.70030689239502,,,,,,,,,,,,,,,,,,,,,,,,,,,,,,,,,,,,,,,,
2,414,,,,,,,,,,,,,,,,,,,,,,,,,,,,,,,,,,,,,,,,,0.58540940284729,0.45665425062179565,0.4605770707130432,0.5733981132507324,0.9375685453414917,0.7338216304779053,0.6320347189903259,0.44362878799438477,0.6733687520027161,0.35763272643089294,8.508976936340332,5.335883140563965,8.689229965209961,8.419022560119629,11.2040433883667,10.366589546203613,10.665446281433105,6.690699100494385,7.739979267120361,7.469893455505371,,,,,,,,,,,10.54637622833252,7.4809370040893555,9.778287887573242,10.526476860046387,13.854829788208008,13.882609367370605,13.008920669555664,7.855404853820801,9.419974327087402,9.109947204589844,,,,,,,,,,,,,,,,,,,,,,,,,,,,,,,,,,,,,,,,
2,419,,,,,,,,,,,,,,,,,,,,,,,,,,,,,,,,,,,,,,,,,0.42212098836898804,0.7836080193519592,0.34267300367355347,0.41321641206741333,0.37656453251838684,0.5520082712173462,0.1554459035396576,0.6940373182296753,0.08155938982963562,0.39997613430023193,7.320822238922119,8.150351524353027,7.429397106170654,8.746492385864258,7.549431800842285,9.441330909729004,5.329549312591553,9.361213684082031,2.275693416595459,7.603935241699219,,,,,,,,,,,8.57562255859375,9.799675941467285,8.43435001373291,8.936010360717773,8.780502319335938,12.04061508178711,6.451496124267578,9.825397491455078,3.2783873081207275,9.63416862487793,,,,,,,,,,,,,,,,,,,,,,,,,,,,,,,,,,,,,,,,
2,424,,,,,,,,,,,,,,,,,,,,,,,,,,,,,,,,,,,,,,,,,0.3969148099422455,0.8033602833747864,0.2334052324295044,0.20259994268417358,0.3651256263256073,0.5485013723373413,0.600434422492981,0.3559136390686035,0.2986561954021454,0.16423645615577698,6.786047458648682,7.714763164520264,5.7830634117126465,4.894062042236328,7.83685302734375,10.564833641052246,9.179482460021973,5.497596740722656,5.023035526275635,4.58073091506958,,,,,,,,,,,8.439056396484375,9.922416687011719,6.960925102233887,6.257121562957764,8.646110534667969,12.002307891845703,12.679542541503906,7.0360846519470215,6.273487567901611,6.173507213592529,,,,,,,,,,,,,,,,,,,,,,,,,,,,,,,,,,,,,,,,
2,429,,,,,,,,,,,,,,,,,,,,,,,,,,,,,,,,,,,,,,,,,0.3687906563282013,0.23455752432346344,0.20407229661941528,0.2988922894001007,0.3892158567905426,0.4687035083770752,0.30007240176200867,0.3008837103843689,0.7779716849327087,0.3447463810443878,6.624518394470215,4.578489303588867,5.535392761230469,6.667313575744629,6.825201988220215,8.091355323791504,6.465739727020264,5.377639293670654,9.355764389038086,6.72376823425293,,,,,,,,,,,8.2216157913208,5.361508369445801,6.508841037750244,7.599977016448975,8.92678165435791,11.094940185546875,8.963626861572266,6.469311237335205,10.125236511230469,8.944314002990723,,,,,,,,,,,,,,,,,,,,,,,,,,,,,,,,,,,,,,,,
2,434,,,,,,,,,,,,,,,,,,,,,,,,,,,,,,,,,,,,,,,,,0.434857040643692,0.8892062306404114,0.46943795680999756,0.4084293842315674,0.5476697683334351,0.513588547706604,0.20457161962985992,0.24913598597049713,0.24964328110218048,0.3820309340953827,7.358541011810303,8.367620468139648,8.219679832458496,7.42498779296875,9.065892219543457,9.247945785522461,6.124026775360107,4.83386754989624,5.44714879989624,7.495699405670166,,,,,,,,,,,8.870810508728027,10.439111709594727,9.871899604797363,8.884098052978516,10.589099884033203,11.614044189453125,7.401052951812744,5.886768341064453,5.735658168792725,9.415567398071289,,,,,,,,,,,,,,,,,,,,,,,,,,,,,,,,,,,,,,,,
2,439,,,,,,,,,,,,,,,,,,,,,,,,,,,,,,,,,,,,,,,,,0.5054261088371277,0.739944338798523,0.4929538667201996,0.4869588315486908,0.4184073507785797,0.349232017993927,0.560700535774231,0.4416045546531677,0.486622154712677,0.5724107623100281,7.93230676651001,7.666079521179199,9.464661598205566,7.50391149520874,8.167970657348633,8.720952987670898,8.62324047088623,6.4559645652771,5.849782943725586,8.938202857971191,,,,,,,,,,,9.7550630569458,9.522737503051758,10.11613941192627,9.700654029846191,9.255487442016602,9.577075958251953,12.252827644348145,7.837462425231934,8.00791072845459,11.525269508361816,,,,,,,,,,,,,,,,,,,,,,,,,,,,,,,,,,,,,,,,
2,444,,,,,,,,,,,,,,,,,,,,,,,,,,,,,,,,,,,,,,,,,0.44503456354141235,0.3019409775733948,0.3882361352443695,1.348731517791748,0.27826911211013794,0.3480660915374756,0.3467714488506317,0.24321605265140533,0.46019068360328674,0.2898890972137451,6.925143718719482,5.305907249450684,5.12313175201416,10.52940559387207,5.801911354064941,8.176679611206055,7.266628742218018,5.46004056930542,7.410626411437988,7.2519612312316895,,,,,,,,,,,8.861729621887207,6.083076477050781,8.97758674621582,16.144241333007812,7.548004150390625,9.561075210571289,9.635903358459473,5.816407203674316,7.7873945236206055,8.201874732971191,,,,,,,,,,,,,,,,,,,,,,,,,,,,,,,,,,,,,,,,
2,449,,,,,,,,,,,,,,,,,,,,,,,,,,,,,,,,,,,,,,,,,0.29735067486763,0.25845929980278015,0.1978708654642105,0.3961540162563324,0.2190360128879547,0.2755008935928345,0.5257793664932251,0.2744431793689728,0.12780165672302246,0.4011107087135315,5.964184761047363,4.529726982116699,5.256300926208496,6.480995178222656,5.348557472229004,7.0422682762146,9.375160217285156,5.132143974304199,2.800865650177002,7.711642742156982,,,,,,,,,,,7.531668663024902,5.628055095672607,6.409181594848633,8.749573707580566,6.696646690368652,8.506235122680664,11.865131378173828,6.178526878356934,4.103850841522217,9.647823333740234,,,,,,,,,,,,,,,,,,,,,,,,,,,,,,,,,,,,,,,,
2,454,,,,,,,,,,,,,,,,,,,,,,,,,,,,,,,,,,,,,,,,,0.22061780095100403,0.25502610206604004,0.2072077989578247,0.2111230045557022,0.23409292101860046,0.13396871089935303,0.17805390059947968,0.15277905762195587,0.1701989471912384,0.44310975074768066,5.148582458496094,4.705295562744141,5.411705493927002,4.5094194412231445,5.716750144958496,4.911334991455078,5.553102493286133,3.274892568588257,3.8580760955810547,8.3966646194458,,,,,,,,,,,6.420234203338623,5.590549945831299,6.558653831481934,6.387378692626953,6.9229912757873535,5.931678295135498,6.904727458953857,4.609890460968018,4.735891342163086,10.140348434448242,,,,,,,,,,,,,,,,,,,,,,,,,,,,,,,,,,,,,,,,
2,459,,,,,,,,,,,,,,,,,,,,,,,,,,,,,,,,,,,,,,,,,0.7513291239738464,0.40467122197151184,0.9799630641937256,0.47141170501708984,0.8744266629219055,0.5932261347770691,1.021085500717163,0.6633208394050598,0.8949573040008545,0.8588993549346924,9.42480182647705,5.329648017883301,11.195599555969238,8.459556579589844,10.637155532836914,9.883037567138672,12.207281112670898,7.932989597320557,7.704412460327148,11.473526954650879,,,,,,,,,,,11.98115062713623,7.042282581329346,14.26318359375,9.544541358947754,13.380160331726074,12.48205280303955,16.534910202026367,9.605512619018555,10.859865188598633,14.117842674255371,,,,,,,,,,,,,,,,,,,,,,,,,,,,,,,,,,,,,,,,
2,464,,,,,,,,,,,,,,,,,,,,,,,,,,,,,,,,,,,,,,,,,0.5826016664505005,0.9906032085418701,0.929742693901062,0.4656107723712921,0.66185462474823,0.37687674164772034,0.44550901651382446,0.39526665210723877,0.39667078852653503,0.5812806487083435,7.963449478149414,8.923057556152344,8.705801963806152,7.6209797859191895,9.459542274475098,8.008373260498047,7.538496017456055,5.886629581451416,5.93452787399292,9.593634605407715,,,,,,,,,,,10.351940155029297,11.018238067626953,13.892905235290527,9.485634803771973,11.640750885009766,9.9489107131958,10.921921730041504,7.414875030517578,7.230001926422119,11.614221572875977,,,,,,,,,,,,,,,,,,,,,,,,,,,,,,,,,,,,,,,,
2,469,,,,,,,,,,,,,,,,,,,,,,,,,,,,,,,,,,,,,,,,,0.23620979487895966,0.1518731713294983,0.3466649055480957,0.03256581723690033,0.08749127388000488,0.5589607357978821,0.4247705936431885,0.08545331656932831,0.09676700830459595,0.34134116768836975,5.22641134262085,3.893098831176758,7.587451934814453,2.2503373622894287,3.3212671279907227,8.038837432861328,7.507094383239746,3.2095086574554443,3.4233078956604004,7.806795597076416,,,,,,,,,,,6.470898151397705,4.314225196838379,8.4833345413208,2.5086259841918945,4.232354640960693,12.116201400756836,10.664684295654297,3.4476499557495117,3.5709760189056396,8.900031089782715,,,,,,,,,,,,,,,,,,,,,,,,,,,,,,,,,,,,,,,,
2,474,,,,,,,,,,,,,,,,,,,,,,,,,,,,,,,,,,,,,,,,,0.6412399411201477,0.9871984720230103,0.5188847780227661,0.8370283842086792,0.9797132015228271,0.6498197317123413,0.5713376998901367,0.4380752742290497,0.4257454574108124,0.3633560240268707,8.619017601013184,8.477693557739258,8.672232627868652,9.797823905944824,10.290411949157715,9.944917678833008,10.039871215820312,6.038038730621338,6.764277458190918,7.545888900756836,,,,,,,,,,,10.907818794250488,10.999287605285645,10.378798484802246,12.718181610107422,14.162800788879395,13.063883781433105,12.368504524230957,7.8060808181762695,7.490284442901611,9.182552337646484,,,,,,,,,,,,,,,,,,,,,,,,,,,,,,,,,,,,,,,,
2,479,,,,,,,,,,,,,,,,,,,,,,,,,,,,,,,,,,,,,,,,,0.44859662652015686,0.188409224152565,0.5836514234542847,0.23701384663581848,0.3143923878669739,0.8126324415206909,0.7850509285926819,0.4232456684112549,0.47892171144485474,0.2140519917011261,6.778938293457031,3.6925997734069824,9.022398948669434,4.50120735168457,6.789802074432373,9.81962776184082,9.138057708740234,6.210188388824463,6.84646463394165,4.990096569061279,,,,,,,,,,,9.152871131896973,4.805220603942871,11.00749397277832,6.767709732055664,8.022978782653809,14.60908317565918,14.498388290405273,7.672820568084717,7.944298267364502,7.047852993011475,,,,,,,,,,,,,,,,,,,,,,,,,,,,,,,,,,,,,,,,
2,484,,,,,,,,,,,,,,,,,,,,,,,,,,,,,,,,,,,,,,,,,0.6606040596961975,0.6082159876823425,0.5173050761222839,0.4329247772693634,0.6765885949134827,1.4521411657333374,0.47699201107025146,0.6306014657020569,0.7495560050010681,0.401111364364624,9.170193672180176,6.68548583984375,7.40025520324707,8.275308609008789,10.419880867004395,15.167106628417969,9.283196449279785,8.506044387817383,8.374608993530273,8.419851303100586,,,,,,,,,,,11.077235221862793,8.633584976196289,10.362988471984863,9.146629333496094,11.769607543945312,19.52901268005371,11.301246643066406,9.36561393737793,9.938603401184082,9.647830963134766,,,,,,,,,,,,,,,,,,,,,,,,,,,,,,,,,,,,,,,,
2,489,,,,,,,,,,,,,,,,,,,,,,,,,,,,,,,,,,,,,,,,,0.40358370542526245,0.6348350644111633,0.5456729531288147,0.8980517387390137,0.1050245463848114,0.381793349981308,0.1837223619222641,0.26872074604034424,0.21818917989730835,0.39624351263046265,6.887740135192871,7.212273120880127,7.741591930389404,10.194375038146973,3.9128832817077637,8.506607055664062,5.938116550445557,5.611398696899414,4.595473289489746,8.27694034576416,,,,,,,,,,,8.374106407165527,8.820490837097168,10.643338203430176,13.173633575439453,4.6370849609375,10.013595581054688,7.013774871826172,6.113773345947266,5.362161636352539,9.589109420776367,,,,,,,,,,,,,,,,,,,,,,,,,,,,,,,,,,,,,,,,
2,494,,,,,,,,,,,,,,,,,,,,,,,,,,,,,,,,,,,,,,,,,0.822067141532898,0.7397717833518982,0.7520806789398193,1.0706048011779785,0.6830712556838989,0.8373522162437439,0.4850594401359558,1.2706043720245361,0.789773166179657,0.7702867388725281,9.289737701416016,7.022529125213623,10.104822158813477,10.570405960083008,7.42175817489624,10.894916534423828,8.76108169555664,11.878207206726074,8.324411392211914,8.629507064819336,,,,,,,,,,,12.368682861328125,9.521626472473145,12.495219230651855,14.383661270141602,11.825857162475586,14.829617500305176,11.396415710449219,13.29425048828125,10.201745986938477,13.36975383758545,,,,,,,,,,,,,,,,,,,,,,,,,,,,,,,,,,,,,,,,
2,499,,,,,,,,,,,,,,,,,,,,,,,,,,,,,,,,,,,,,,,,,0.3394755423069,0.28939640522003174,0.5500531196594238,0.45330411195755005,0.21241909265518188,0.15690748393535614,0.18601273000240326,0.31553712487220764,0.31978100538253784,0.5718685388565063,6.2184977531433105,4.433605670928955,8.814478874206543,7.900132656097412,5.441633701324463,4.729079723358154,4.88719367980957,5.8985185623168945,4.491649150848389,9.37018871307373,,,,,,,,,,,7.856516361236572,5.955371379852295,10.6859712600708,9.359436988830566,6.594720840454102,6.419447898864746,7.057357311248779,6.624970436096191,6.491568088531494,11.51980972290039,,,,,,,,,,,,,,,,,,,,,,,,,,,,,,,,,,,,,,,,
2,504,,,,,,,,,,,,,,,,,,,,,,,,,,,,,,,,,,,,,,,,,0.3821732997894287,0.5713630318641663,0.20927226543426514,0.4918121099472046,0.39160558581352234,0.33213070034980774,0.24629254639148712,0.1039494127035141,0.6859830617904663,0.40715089440345764,6.473979473114014,6.194523811340332,5.249553203582764,7.66707181930542,7.274743556976318,7.7413740158081055,6.559223651885986,2.974270820617676,6.901581764221191,7.70347261428833,,,,,,,,,,,8.239232063293457,8.367935180664062,6.591245651245117,9.748873710632324,8.954143524169922,9.339644432067871,8.120755195617676,3.802504539489746,9.507798194885254,9.720191955566406,,,,,,,,,,,,,,,,,,,,,,,,,,,,,,,,,,,,,,,,
2,509,,,,,,,,,,,,,,,,,,,,,,,,,,,,,,,,,,,,,,,,,0.6389191150665283,0.981880784034729,0.25553831458091736,0.4051438271999359,0.7468588352203369,1.0204317569732666,0.7344991564750671,1.2948274612426758,0.01416776329278946,0.29692378640174866,7.82222318649292,8.333856582641602,5.9483323097229,7.708454132080078,7.868123531341553,10.698352813720703,10.303135871887207,11.891544342041016,1.1444995403289795,6.503712177276611,,,,,,,,,,,10.327691078186035,10.969621658325195,7.283492565155029,8.848292350769043,12.365705490112305,16.3707218170166,14.023823738098145,13.420376777648926,1.3663874864578247,8.30079460144043,,,,,,,,,,,,,,,,,,,,,,,,,,,,,,,,,,,,,,,,
2,514,,,,,,,,,,,,,,,,,,,,,,,,,,,,,,,,,,,,,,,,,0.3644349277019501,0.5314780473709106,0.3464452922344208,0.3682863116264343,0.306895911693573,0.2519795298576355,0.32039275765419006,0.23390662670135498,0.45820438861846924,0.4623255729675293,6.579973220825195,6.497949123382568,5.976694583892822,7.637040138244629,6.232446670532227,6.048574924468994,8.271893501281738,4.882058143615723,6.162580966949463,7.510519027709961,,,,,,,,,,,8.238204002380371,8.07058334350586,8.480647087097168,8.436216354370117,7.926750659942627,8.135017395019531,9.262157440185547,5.704006671905518,7.770571231842041,10.35788631439209,,,,,,,,,,,,,,,,,,,,,,,,,,,,,,,,,,,,,,,,
2,519,,,,,,,,,,,,,,,,,,,,,,,,,,,,,,,,,,,,,,,,,0.578754723072052,1.13044011592865,0.2737082839012146,0.5030588507652283,0.8421149253845215,0.5757269859313965,0.5403783917427063,0.33088159561157227,0.6399948596954346,0.3724888265132904,7.861391067504883,8.828083038330078,6.103314399719238,7.879880428314209,8.629899024963379,9.684261322021484,7.953299522399902,5.836394309997559,8.504504203796387,7.332879543304443,,,,,,,,,,,10.209871292114258,11.770258903503418,7.537991523742676,9.859713554382324,13.130622863769531,12.296574592590332,12.028729438781738,6.784143447875977,9.18356990814209,9.297235488891602,,,,,,,,,,,,,,,,,,,,,,,,,,,,,,,,,,,,,,,,
2,524,,,,,,,,,,,,,,,,,,,,,,,,,,,,,,,,,,,,,,,,,0.2256195843219757,0.24862299859523773,0.14852289855480194,0.08832168579101562,0.08816386014223099,0.35668861865997314,0.1314108818769455,0.22914141416549683,0.3576291501522064,0.3820746839046478,4.887767314910889,4.133984088897705,4.786433219909668,3.2900166511535645,3.623816967010498,6.186695575714111,4.774299144744873,4.177467346191406,6.110019207000732,6.9071760177612305,,,,,,,,,,,6.3322062492370605,5.519921779632568,5.55275297164917,4.131317615509033,4.24859094619751,9.678776741027832,5.931798934936523,5.645604610443115,6.864987373352051,9.416106224060059,,,,,,,,,,,,,,,,,,,,,,,,,,,,,,,,,,,,,,,,
2,529,,,,,,,,,,,,,,,,,,,,,,,,,,,,,,,,,,,,,,,,,0.36634886264801025,0.3597763478755951,0.3005598485469818,0.5207469463348389,0.2533263862133026,0.6808297038078308,0.2943061590194702,0.1509678214788437,0.24952790141105652,0.4870985150337219,6.697701930999756,5.294457912445068,5.870154857635498,8.45462417602539,5.160848617553711,10.24968147277832,7.233940601348877,3.5090527534484863,4.734096527099609,9.772459030151367,,,,,,,,,,,8.330024719238281,6.640161037445068,7.8990912437438965,10.031556129455566,7.201780319213867,13.371960639953613,8.877086639404297,4.582483768463135,5.73433256149292,10.631771087646484,,,,,,,,,,,,,,,,,,,,,,,,,,,,,,,,,,,,,,,,
2,534,,,,,,,,,,,,,,,,,,,,,,,,,,,,,,,,,,,,,,,,,0.6809720993041992,0.7131503820419312,0.3522977828979492,1.17306649684906,0.2067437618970871,0.6069104075431824,0.7172716856002808,1.403532862663269,0.5976889729499817,0.35808679461479187,8.609965324401855,7.0146403312683105,6.700828552246094,12.396575927734375,5.659318923950195,8.695860862731934,11.088123321533203,12.285553932189941,7.06408166885376,6.584705352783203,,,,,,,,,,,10.878833770751953,9.348734855651855,8.551979064941406,15.056228637695312,6.506026744842529,12.625195503234863,13.858386039733887,13.972367286682129,8.874847412109375,9.115728378295898,,,,,,,,,,,,,,,,,,,,,,,,,,,,,,,,,,,,,,,,
2,539,,,,,,,,,,,,,,,,,,,,,,,,,,,,,,,,,,,,,,,,,0.6854928135871887,0.58240807056427,0.6325063109397888,0.5677244663238525,0.7861960530281067,0.6031476855278015,0.8507694602012634,0.41732800006866455,1.0274027585983276,0.7019529342651367,9.127678871154785,7.074166774749756,9.903590202331543,8.7645845413208,9.626909255981445,9.608871459960938,11.616385459899902,5.819108486175537,10.64176082611084,9.093731880187988,,,,,,,,,,,11.418392181396484,8.4484281539917,11.458930969238281,10.474268913269043,12.687178611755371,12.585999488830566,15.09304141998291,7.618991374969482,11.635729789733887,12.762954711914062,,,,,,,,,,,,,,,,,,,,,,,,,,,,,,,,,,,,,,,,
2,544,,,,,,,,,,,,,,,,,,,,,,,,,,,,,,,,,,,,,,,,,0.4836985766887665,0.49037447571754456,0.45708751678466797,0.3324854373931885,0.5898738503456116,0.5385124683380127,0.30969545245170593,0.7640925645828247,0.4539042115211487,0.4172612130641937,7.540953159332275,6.434523582458496,6.407189846038818,7.036794185638428,8.165173530578613,10.514460563659668,7.782796382904053,7.830101013183594,5.067985534667969,8.629551887512207,,,,,,,,,,,9.486764907836914,7.752221584320068,9.741174697875977,8.015694618225098,10.989532470703125,11.892516136169434,9.106221199035645,10.30936050415039,7.734021186828613,9.84013843536377,,,,,,,,,,,,,,,,,,,,,,,,,,,,,,,,,,,,,,,,
2,549,,,,,,,,,,,,,,,,,,,,,,,,,,,,,,,,,,,,,,,,,0.43413105607032776,0.2694816589355469,0.12924553453922272,0.33971521258354187,0.548542320728302,0.3531292676925659,0.4712983965873718,0.7593759894371033,0.2564140260219574,0.7799772620201111,7.238197326660156,4.480501651763916,4.031270503997803,6.630938529968262,7.5283203125,8.2421293258667,8.8562650680542,9.989407539367676,5.515676975250244,9.869266510009766,,,,,,,,,,,8.892728805541992,5.7468109130859375,5.179876804351807,8.102376937866211,10.597532272338867,9.630364418029785,11.23359489440918,10.277491569519043,5.812918186187744,13.45358943939209,,,,,,,,,,,,,,,,,,,,,,,,,,,,,,,,,,,,,,,,
2,554,,,,,,,,,,,,,,,,,,,,,,,,,,,,,,,,,,,,,,,,,0.5065197348594666,0.308318555355072,0.8052560091018677,0.5591952800750732,0.6551539897918701,0.4949601888656616,0.5373484492301941,0.47751715779304504,0.3116496205329895,0.4092788100242615,8.63310718536377,5.3259053230285645,11.13503646850586,9.392487525939941,9.938404083251953,10.340920448303223,10.552923202514648,6.850941181182861,5.391417980194092,8.769929885864258,,,,,,,,,,,9.861531257629395,6.146985054016113,12.929408073425293,10.395291328430176,11.581674575805664,11.401473999023438,11.994959831237793,8.149917602539062,6.408502101898193,9.745560646057129,,,,,,,,,,,,,,,,,,,,,,,,,,,,,,,,,,,,,,,,
2,559,,,,,,,,,,,,,,,,,,,,,,,,,,,,,,,,,,,,,,,,,0.29550760984420776,0.5541952848434448,0.43648648262023926,0.08740729093551636,0.2257222831249237,0.5063140392303467,0.4553786516189575,0.0006409179768525064,0.056454502046108246,0.3369690775871277,5.745232105255127,7.101644992828369,7.963928699493408,3.6654562950134277,5.8372931480407715,8.665192604064941,8.134598731994629,0.29857921600341797,2.130617141723633,7.90977668762207,,,,,,,,,,,7.012341022491455,8.24126148223877,9.519124984741211,4.1098761558532715,6.798089027404785,11.531500816345215,11.04223918914795,0.29857921600341797,2.7275490760803223,8.842848777770996,,,,,,,,,,,,,,,,,,,,,,,,,,,,,,,,,,,,,,,,
2,564,,,,,,,,,,,,,,,,,,,,,,,,,,,,,,,,,,,,,,,,,0.30793991684913635,0.3998519480228424,0.2734582722187042,0.4040851294994354,0.24532026052474976,0.2344784438610077,0.1667424738407135,0.3523117005825043,0.4975888133049011,0.19762231409549713,6.047593116760254,5.73761510848999,5.796056747436523,7.745711326599121,5.549257755279541,6.835887908935547,5.656872272491455,5.2900896072387695,7.281455039978027,4.535392761230469,,,,,,,,,,,7.428644180297852,7.000222206115723,7.534547328948975,8.836724281311035,7.087063312530518,7.847427845001221,6.681806564331055,7.00039005279541,8.097641944885254,6.771972179412842,,,,,,,,,,,,,,,,,,,,,,,,,,,,,,,,,,,,,,,,
2,569,,,,,,,,,,,,,,,,,,,,,,,,,,,,,,,,,,,,,,,,,0.40245532989501953,0.38328540325164795,0.16936877369880676,0.08175172656774521,0.33219534158706665,0.3049594461917877,0.34502100944519043,1.4581031799316406,0.3769531548023224,0.17046017944812775,6.441307067871094,5.5219011306762695,4.500432014465332,3.0305683612823486,7.2684502601623535,8.490941047668457,7.045616626739502,11.147266387939453,5.900716781616211,5.065871238708496,,,,,,,,,,,7.904982566833496,6.853673458099365,5.929640293121338,3.9746906757354736,8.247008323669434,8.949461936950684,9.611554145812988,14.24140453338623,7.048017501831055,6.289392471313477,,,,,,,,,,,,,,,,,,,,,,,,,,,,,,,,,,,,,,,,
2,574,,,,,,,,,,,,,,,,,,,,,,,,,,,,,,,,,,,,,,,,,0.7850676774978638,0.4045403301715851,0.9562894105911255,1.5341548919677734,0.59181809425354,0.4171278178691864,0.13011434674263,1.8058757781982422,0.5841799974441528,0.6415088772773743,8.882267951965332,5.281593322753906,12.311637878417969,12.749439239501953,7.576045989990234,6.349690914154053,4.68390417098999,15.110607147216797,6.570786952972412,9.306705474853516,,,,,,,,,,,11.394462585449219,7.041143417358398,14.089848518371582,17.21826934814453,11.007627487182617,10.466714859008789,5.902464389801025,15.849028587341309,8.773979187011719,12.201087951660156,,,,,,,,,,,,,,,,,,,,,,,,,,,,,,,,,,,,,,,,
2,579,,,,,,,,,,,,,,,,,,,,,,,,,,,,,,,,,,,,,,,,,0.3254031240940094,0.30485835671424866,0.5358598828315735,0.18426771461963654,0.33933064341545105,0.20252735912799835,0.1533498466014862,0.42938318848609924,0.1953752636909485,0.5836758017539978,6.2527594566345215,4.1832404136657715,9.189457893371582,5.0522332191467285,6.649489402770996,6.610072135925293,5.375904560089111,5.951605796813965,4.465360641479492,8.797469139099121,,,,,,,,,,,7.678171157836914,6.112393379211426,10.547202110290527,5.967322826385498,8.33510684967041,7.293193340301514,6.4078521728515625,7.7282514572143555,5.074089050292969,11.6381254196167,,,,,,,,,,,,,,,,,,,,,,,,,,,,,,,,,,,,,,,,
2,581,,,,,,,,,,,,,,,,,,,,,,,,,,,,,,,,,,,,,,,,,,,,,,,,,,,7.24670934677124,6.103488922119141,7.103641986846924,6.8545756340026855,7.342805862426758,8.861124038696289,7.904510021209717,6.614907264709473,6.570819854736328,7.864502906799316,0.5011324286460876,0.466636061668396,0.583591103553772,0.5857131481170654,0.5283645391464233,0.4245792627334595,0.4971476197242737,0.4744783639907837,0.46080487966537476,0.48887717723846436,9.394086837768555,7.877169609069824,9.155760765075684,8.911964416503906,9.63603401184082,11.576515197753906,10.456427574157715,8.446696281433105,8.326003074645996,10.16020679473877,0.5462407469749451,0.6094240546226501,0.5988617539405823,0.4068865478038788,0.5851438641548157,0.5830664038658142,0.4920955002307892,0.5540135502815247,0.5323062539100647,0.5543681979179382,7.56254243850708,6.220735549926758,7.836306095123291,6.2932329177856445,8.49333381652832,9.263508796691895,8.575077056884766,6.24018669128418,6.650069236755371,8.49042797088623,0.41415226459503174,0.3748095631599426,0.5284498929977417,0.5815503597259521,0.29829466342926025,0.470863401889801,0.49672645330429077,0.23281848430633545,0.286063015460968,0.4577944874763489,10.209118843078613,8.749241828918457,10.528079986572266,9.610039710998535,11.333722114562988,12.506599426269531,11.341142654418945,8.16580867767334,8.592229843139648,11.055207252502441
3,584,,,,,,,,,,,,,,,,,,,,,,,,,,,,,,,,,,,,,,,,,0.4667445421218872,0.3692139983177185,0.16961486637592316,0.4822872579097748,0.4392496645450592,0.5777420401573181,0.29293450713157654,1.207350492477417,0.2816329896450043,0.38067489862442017,7.084814548492432,5.2434282302856445,4.50119161605835,6.646487712860107,8.2351713180542,9.366994857788086,7.226630210876465,11.20673942565918,4.538106441497803,6.79857873916626,,,,,,,,,,,9.046926498413086,6.726688861846924,5.93394660949707,9.654009819030762,9.483209609985352,12.318075180053711,8.856376647949219,12.95911693572998,6.092072486877441,9.39884090423584,,,,,,,,,,,,,,,,,,,,,,,,,,,,,,,,,,,,,,,,
3,589,,,,,,,,,,,,,,,,,,,,,,,,,,,,,,,,,,,,,,,,,0.4417192041873932,0.24111482501029968,0.44241610169410706,0.4004419445991516,0.31401360034942627,0.2959137260913849,0.437582790851593,0.8033397197723389,0.5420406460762024,0.4986095726490021,7.095585346221924,4.821198463439941,7.96035099029541,6.263390064239502,5.595952987670898,7.063655376434326,7.789768695831299,8.164291381835938,7.068218231201172,9.133440017700195,,,,,,,,,,,9.028176307678223,5.435934543609619,9.583566665649414,8.796798706054688,8.018143653869629,8.8157320022583,10.82432746887207,10.570812225341797,8.451605796813965,10.756661415100098,,,,,,,,,,,,,,,,,,,,,,,,,,,,,,,,,,,,,,,,
3,594,,,,,,,,,,,,,,,,,,,,,,,,,,,,,,,,,,,,,,,,,0.6812035441398621,0.3973676264286041,0.5512868165969849,0.5523139834403992,0.6678035855293274,0.3989568054676056,0.9066190719604492,1.088533639907837,0.9679805636405945,0.5999695062637329,8.54534912109375,5.7159247398376465,7.933452606201172,7.315098285675049,9.55870532989502,7.928702354431152,10.299442291259766,10.516701698303223,8.23340892791748,9.406705856323242,,,,,,,,,,,11.212873458862305,6.978443145751953,10.69794750213623,10.331131935119629,11.692948341369629,10.236200332641602,15.58056640625,12.304944038391113,11.294228553771973,11.799450874328613,,,,,,,,,,,,,,,,,,,,,,,,,,,,,,,,,,,,,,,,
3,599,,,,,,,,,,,,,,,,,,,,,,,,,,,,,,,,,,,,,,,,,0.41820913553237915,0.2988334596157074,0.4719366729259491,0.6677787899971008,0.6089450716972351,0.45319220423698425,0.3454511761665344,0.3412232995033264,0.144950270652771,0.43157118558883667,7.261270999908447,4.331694602966309,8.321968078613281,9.011646270751953,8.840624809265137,8.966096878051758,7.598530292510986,5.6404008865356445,3.5136375427246094,9.126846313476562,,,,,,,,,,,8.91889762878418,6.051692962646484,9.898138999938965,11.359813690185547,11.165770530700684,10.909807205200195,9.617542266845703,6.889347076416016,4.370516777038574,10.00744915008545,,,,,,,,,,,,,,,,,,,,,,,,,,,,,,,,,,,,,,,,
3,604,,,,,,,,,,,,,,,,,,,,,,,,,,,,,,,,,,,,,,,,,0.37693753838539124,0.6267101168632507,0.39807671308517456,0.17612040042877197,0.4205920398235321,0.36854371428489685,0.21428059041500092,0.18051183223724365,0.6014091372489929,0.4061933755874634,6.740871906280518,7.134779930114746,7.189235210418701,4.57291316986084,8.101434707641602,8.197132110595703,6.292383670806885,4.379495143890381,7.004603385925293,7.795870780944824,,,,,,,,,,,8.222558975219727,8.763863563537598,9.090652465820312,5.83390998840332,9.279620170593262,9.838306427001953,7.574643611907959,5.010851860046387,8.902423858642578,9.708755493164062,,,,,,,,,,,,,,,,,,,,,,,,,,,,,,,,,,,,,,,,
3,609,,,,,,,,,,,,,,,,,,,,,,,,,,,,,,,,,,,,,,,,,0.4152959883213043,0.6023240685462952,0.5422189235687256,0.4310266971588135,0.3226306736469269,0.3672769367694855,0.4766085147857666,0.48017948865890503,0.1503954827785492,0.3650030791759491,6.972658634185791,6.624271869659424,9.621749877929688,6.716562747955322,6.7727813720703125,8.607990264892578,8.886836051940918,5.609422206878662,3.237974166870117,6.676336288452148,,,,,,,,,,,8.822346687316895,8.591666221618652,10.609600067138672,9.126557350158691,8.127415657043457,9.82138442993164,11.29670238494873,8.172605514526367,4.451851844787598,9.203340530395508,,,,,,,,,,,,,,,,,,,,,,,,,,,,,,,,,,,,,,,,
3,614,,,,,,,,,,,,,,,,,,,,,,,,,,,,,,,,,,,,,,,,,0.44725555181503296,0.2860601544380188,0.4968832731246948,0.6664616465568542,1.202744722366333,0.16200505197048187,0.29779428243637085,0.3104689121246338,0.44024884700775146,0.16263309121131897,6.759274005889893,4.860714435577393,8.248043060302734,6.8774189949035645,9.983574867248535,5.564521789550781,7.2765212059021,6.03975248336792,6.745505332946777,5.23741340637207,,,,,,,,,,,8.766921997070312,5.9209442138671875,10.156377792358398,11.348605155944824,15.692292213439941,6.522891521453857,8.929537773132324,6.571549415588379,7.61679744720459,6.143298625946045,,,,,,,,,,,,,,,,,,,,,,,,,,,,,,,,,,,,,,,,
3,619,,,,,,,,,,,,,,,,,,,,,,,,,,,,,,,,,,,,,,,,,0.7076941132545471,0.7124791145324707,1.20259428024292,0.9621007442474365,0.17427034676074982,0.9698575735092163,0.5029876232147217,0.6251432299613953,0.8153850436210632,0.404428631067276,9.248169898986816,7.493276596069336,13.86726188659668,12.06916332244873,4.408828258514404,11.025473594665527,8.371792793273926,8.019247055053711,9.825000762939453,8.153483390808105,,,,,,,,,,,11.299656867980957,9.344334602355957,15.800514221191406,13.635313987731934,5.973259449005127,15.959888458251953,11.60511589050293,9.324992179870605,10.365843772888184,9.687643051147461,,,,,,,,,,,,,,,,,,,,,,,,,,,,,,,,,,,,,,,,
3,624,,,,,,,,,,,,,,,,,,,,,,,,,,,,,,,,,,,,,,,,,0.29095548391342163,0.38700351119041443,0.2055768072605133,0.15153342485427856,0.2723272442817688,0.3140297532081604,0.31251710653305054,0.2018272578716278,0.4514806568622589,0.3223035931587219,5.8573317527771,4.998601913452148,3.979145050048828,3.8132100105285645,5.949187278747559,7.4607954025268555,7.235670566558838,4.708474159240723,7.011209487915039,7.559689521789551,,,,,,,,,,,7.354140281677246,6.88683557510376,6.532790184020996,5.411393642425537,7.466983318328857,9.081576347351074,9.147611618041992,5.298447608947754,7.713346481323242,8.648280143737793,,,,,,,,,,,,,,,,,,,,,,,,,,,,,,,,,,,,,,,,
3,629,,,,,,,,,,,,,,,,,,,,,,,,,,,,,,,,,,,,,,,,,0.36752843856811523,0.2759923040866852,0.09039007872343063,0.10307588428258896,0.7208263874053955,0.3897997736930847,0.3717319965362549,0.34619930386543274,0.7093138694763184,0.3004263937473297,6.364278793334961,4.4440016746521,3.4793975353240967,3.7754132747650146,8.606827735900879,7.799687385559082,7.182462692260742,6.15894889831543,9.167011260986328,6.66475772857666,,,,,,,,,,,7.97898530960083,5.815817356109619,4.331836223602295,4.463067054748535,12.148283958435059,10.118046760559082,9.97667407989502,6.93939733505249,9.668130874633789,8.349611282348633,,,,,,,,,,,,,,,,,,,,,,,,,,,,,,,,,,,,,,,,
3,634,,,,,,,,,,,,,,,,,,,,,,,,,,,,,,,,,,,,,,,,,0.4704505205154419,0.7143248915672302,0.22198647260665894,0.36134037375450134,0.38543209433555603,0.6259220242500305,0.28966042399406433,0.2919802963733673,0.7119148969650269,0.6314928531646729,7.400069236755371,6.353297233581543,5.772180080413818,7.180931091308594,6.752353668212891,10.41004467010498,7.307119846343994,5.462550640106201,7.302913665771484,10.059234619140625,,,,,,,,,,,9.24187183380127,9.356430053710938,6.788516521453857,8.356283187866211,8.883284568786621,12.821415901184082,8.806744575500488,6.372876167297363,9.685840606689453,12.105462074279785,,,,,,,,,,,,,,,,,,,,,,,,,,,,,,,,,,,,,,,,
3,639,,,,,,,,,,,,,,,,,,,,,,,,,,,,,,,,,,,,,,,,,0.5588942766189575,0.27683883905410767,0.9059641361236572,0.40098774433135986,0.31794896721839905,0.3230983316898346,0.3917332887649536,0.7987133860588074,1.0402847528457642,0.5744786262512207,7.774568557739258,4.41867733001709,9.585007667541504,6.402587413787842,7.3815155029296875,7.392505168914795,7.296299457550049,8.546096801757812,10.967697143554688,7.98073148727417,,,,,,,,,,,9.962002754211426,5.8247294425964355,13.714095115661621,8.8027925491333,8.068231582641602,9.211773872375488,10.241558074951172,10.540329933166504,11.70844841003418,11.54606819152832,,,,,,,,,,,,,,,,,,,,,,,,,,,,,,,,,,,,,,,,
3,644,,,,,,,,,,,,,,,,,,,,,,,,,,,,,,,,,,,,,,,,,0.6283408403396606,0.8251619935035706,0.6151059865951538,1.0921671390533447,0.24388109147548676,0.37782829999923706,0.7606407403945923,0.7257050275802612,0.4199245274066925,0.5946524739265442,8.816986083984375,8.690756797790527,9.420256614685059,11.769631385803223,5.686047077178955,7.668339252471924,11.119708061218262,8.814616203308105,6.643690586090088,9.539827346801758,,,,,,,,,,,10.712896347045898,10.056153297424316,11.300212860107422,14.527786254882812,7.066245079040527,9.961462020874023,14.271203994750977,10.047054290771484,7.438903331756592,11.747050285339355,,,,,,,,,,,,,,,,,,,,,,,,,,,,,,,,,,,,,,,,
3,649,,,,,,,,,,,,,,,,,,,,,,,,,,,,,,,,,,,,,,,,,0.2023165225982666,0.3466234505176544,0.1374131441116333,0.17572692036628723,0.17490717768669128,0.15930920839309692,0.26142269372940063,0.09197543561458588,0.07127881050109863,0.4021919369697571,4.8636040687561035,5.392045021057129,4.499576568603516,4.289196014404297,4.295228004455566,5.692023754119873,6.385983467102051,3.059917688369751,2.704177141189575,7.454290866851807,,,,,,,,,,,6.089726448059082,6.517652988433838,5.341039657592773,5.827388763427734,5.984164237976074,6.4683918952941895,8.366474151611328,3.5767998695373535,3.064809560775757,9.66081714630127,,,,,,,,,,,,,,,,,,,,,,,,,,,,,,,,,,,,,,,,
3,654,,,,,,,,,,,,,,,,,,,,,,,,,,,,,,,,,,,,,,,,,0.3198540210723877,0.4232521951198578,0.25088703632354736,0.27728864550590515,0.13681918382644653,0.3560746908187866,0.24284374713897705,0.4550929665565491,0.4150909185409546,0.3213368058204651,6.165704727172852,5.428715229034424,6.2189040184021,6.062422275543213,3.779733657836914,7.4152140617370605,6.846651554107666,6.700723648071289,6.202050685882568,6.836928367614746,,,,,,,,,,,7.639280796051025,7.202145576477051,7.2169013023376465,7.32016658782959,5.292649745941162,9.67044448852539,8.063698768615723,7.95625638961792,7.395966053009033,8.635299682617188,,,,,,,,,,,,,,,,,,,,,,,,,,,,,,,,,,,,,,,,
3,659,,,,,,,,,,,,,,,,,,,,,,,,,,,,,,,,,,,,,,,,,0.43796423077583313,0.8221927881240845,0.713883101940155,0.17251136898994446,0.3219783902168274,0.5137758851051331,0.31707918643951416,0.4921403229236603,0.21730756759643555,0.3708094358444214,6.750545978546143,7.984925746917725,8.172530174255371,4.764189720153809,6.069710731506348,8.869418144226074,7.544173717498779,6.251399517059326,4.26915979385376,6.829406261444092,,,,,,,,,,,8.870718955993652,10.038043975830078,12.173773765563965,5.7738261222839355,8.119195938110352,11.61616325378418,9.214137077331543,8.273765563964844,5.351317882537842,9.276253700256348,,,,,,,,,,,,,,,,,,,,,,,,,,,,,,,,,,,,,,,,
3,664,,,,,,,,,,,,,,,,,,,,,,,,,,,,,,,,,,,,,,,,,1.0229297876358032,1.150896668434143,1.2281804084777832,1.1057770252227783,0.5601964592933655,0.559269905090332,0.6986029744148254,1.6283645629882812,1.308384656906128,0.9666948318481445,10.424323081970215,8.377154350280762,12.268187522888184,11.432649612426758,8.115131378173828,8.759675979614258,10.117527961730957,11.33581256866455,11.307884216308594,12.104884147644043,,,,,,,,,,,13.56958293914795,11.876280784606934,15.967714309692383,14.618023872375488,10.709515571594238,12.119552612304688,13.676847457885742,15.049932479858398,13.130794525146484,14.977588653564453,,,,,,,,,,,,,,,,,,,,,,,,,,,,,,,,,,,,,,,,
3,669,,,,,,,,,,,,,,,,,,,,,,,,,,,,,,,,,,,,,,,,,0.41477081179618835,0.4238993525505066,0.8188425898551941,0.7507728338241577,0.22185857594013214,0.24969470500946045,0.30255764722824097,0.2937648892402649,0.3942066729068756,0.2773401439189911,6.38550329208374,5.260209083557129,8.529601097106934,8.725481033325195,5.3285064697265625,6.651272773742676,6.447675704956055,5.162737846374512,5.575736999511719,5.78830623626709,,,,,,,,,,,8.639037132263184,7.207650184631348,13.038025856018066,12.045063972473145,6.739656925201416,8.098051071166992,9.000670433044434,6.392322540283203,7.207510471343994,8.02238655090332,,,,,,,,,,,,,,,,,,,,,,,,,,,,,,,,,,,,,,,,
3,674,,,,,,,,,,,,,,,,,,,,,,,,,,,,,,,,,,,,,,,,,0.3044315576553345,0.7611209750175476,0.24829909205436707,0.27134969830513,0.17969100177288055,0.29857927560806274,0.23133282363414764,0.1392136514186859,0.30296817421913147,0.3073292076587677,5.926682472229004,7.489423751831055,5.403664588928223,5.500516414642334,5.498692512512207,7.127969741821289,7.017780780792236,3.718719482421875,4.289426803588867,7.293949604034424,,,,,,,,,,,7.337124347686768,9.658042907714844,7.179583549499512,7.2413506507873535,6.065446853637695,8.855348587036133,7.870265960693359,4.400475978851318,6.318613529205322,8.444989204406738,,,,,,,,,,,,,,,,,,,,,,,,,,,,,,,,,,,,,,,,
3,679,,,,,,,,,,,,,,,,,,,,,,,,,,,,,,,,,,,,,,,,,0.36415895819664,0.7167630791664124,0.40203458070755005,0.09148654341697693,0.3902278244495392,0.3460375666618347,0.5993795990943909,0.13015533983707428,0.20143166184425354,0.3999145030975342,6.507495403289795,8.300860404968262,7.759346961975098,2.8803369998931885,7.13466739654541,7.540605545043945,8.18220329284668,4.059342861175537,4.540061950683594,8.170032501220703,,,,,,,,,,,8.099246978759766,9.372384071350098,9.135732650756836,4.204685688018799,8.93837833404541,9.533173561096191,12.668399810791016,4.254903316497803,5.152134418487549,9.633426666259766,,,,,,,,,,,,,,,,,,,,,,,,,,,,,,,,,,,,,,,,
3,684,,,,,,,,,,,,,,,,,,,,,,,,,,,,,,,,,,,,,,,,,0.37913087010383606,0.7318772673606873,0.2212364375591278,0.1365664303302765,0.7509679794311523,0.3241855204105377,0.2419387549161911,0.29953762888908386,0.3116830587387085,0.39418479800224304,6.250121116638184,6.705869197845459,5.584412574768066,4.010071277618408,8.168539047241211,8.233352661132812,6.408669471740723,4.1865458488464355,5.440798282623291,7.5128302574157715,,,,,,,,,,,8.165372848510742,9.470685005187988,6.77703857421875,5.137205123901367,12.399677276611328,9.227258682250977,8.04865837097168,6.454823970794678,6.408846855163574,9.564167022705078,,,,,,,,,,,,,,,,,,,,,,,,,,,,,,,,,,,,,,,,
3,689,,,,,,,,,,,,,,,,,,,,,,,,,,,,,,,,,,,,,,,,,0.37395867705345154,0.4561276435852051,0.2724953293800354,0.28129756450653076,0.20494291186332703,0.553663969039917,0.29161781072616577,0.5920701026916504,0.23666414618492126,0.47674858570098877,6.623140335083008,5.97988224029541,5.973222255706787,5.945702075958252,5.264461040496826,9.19281005859375,7.351572513580322,7.708224773406982,4.400274276733398,7.792111396789551,,,,,,,,,,,8.324585914611816,7.476622581481934,7.521270275115967,7.372891426086426,6.4776291847229,12.058658599853516,8.83644962310791,9.074972152709961,5.584567070007324,10.518211364746094,,,,,,,,,,,,,,,,,,,,,,,,,,,,,,,,,,,,,,,,
3,694,,,,,,,,,,,,,,,,,,,,,,,,,,,,,,,,,,,,,,,,,0.5043738484382629,0.9151483178138733,0.4172244668006897,0.5456218123435974,0.39967119693756104,0.5218996405601501,0.5753186345100403,0.27386364340782166,0.48276448249816895,0.40785205364227295,7.871979713439941,8.547396659851074,6.800761699676514,7.7984514236450195,7.514554500579834,9.814783096313477,10.506779670715332,5.510479927062988,7.269504547119141,7.085104942321777,,,,,,,,,,,9.689675331115723,10.590293884277344,9.306717872619629,10.268351554870605,9.04588508605957,11.707639694213867,12.411521911621094,6.171999931335449,7.976106643676758,9.728559494018555,,,,,,,,,,,,,,,,,,,,,,,,,,,,,,,,,,,,,,,,
3,699,,,,,,,,,,,,,,,,,,,,,,,,,,,,,,,,,,,,,,,,,0.6350605487823486,0.43419766426086426,0.42612552642822266,0.21467967331409454,0.48714596033096313,1.1994445323944092,0.365479439496994,0.8331340551376343,0.7904502749443054,0.9648874402046204,8.290740013122559,5.6607794761657715,7.339288234710693,5.439579963684082,7.6157073974609375,12.552042961120605,7.878264427185059,8.20258617401123,8.476317405700684,11.452096939086914,,,,,,,,,,,10.744867324829102,7.294676303863525,9.405468940734863,6.4409565925598145,9.986865043640137,17.748674392700195,9.892414093017578,10.765052795410156,10.206117630004883,14.963579177856445,,,,,,,,,,,,,,,,,,,,,,,,,,,,,,,,,,,,,,,,
3,704,,,,,,,,,,,,,,,,,,,,,,,,,,,,,,,,,,,,,,,,,0.38028499484062195,0.41411685943603516,0.23846203088760376,0.30585557222366333,0.3012303411960602,0.47474750876426697,0.4380718171596527,0.11087195575237274,0.6600243449211121,0.4791845679283142,6.727897644042969,6.551822662353516,5.9407639503479,6.924800872802734,7.333864688873291,8.94570255279541,6.646296977996826,3.037013053894043,7.382762908935547,7.788050174713135,,,,,,,,,,,8.388453483581543,7.123997211456299,7.03592586517334,7.687995433807373,7.853241920471191,11.16624641418457,10.830373764038086,3.9270782470703125,9.326168060302734,10.545048713684082,,,,,,,,,,,,,,,,,,,,,,,,,,,,,,,,,,,,,,,,
3,709,,,,,,,,,,,,,,,,,,,,,,,,,,,,,,,,,,,,,,,,,0.5754499435424805,0.31245777010917664,0.5072553753852844,0.6608296632766724,0.49769118428230286,0.5387779474258423,0.4447329044342041,0.7494112849235535,0.7950692176818848,0.6728237867355347,8.574551582336426,5.304677963256836,9.077479362487793,9.199193000793457,8.494416236877441,10.410618782043457,9.086666107177734,8.15884780883789,8.525175094604492,8.913891792297363,,,,,,,,,,,10.399310111999512,6.188108444213867,10.261833190917969,11.300552368164062,10.094378471374512,11.89544677734375,10.91240406036377,10.209837913513184,10.235894203186035,12.49533462524414,,,,,,,,,,,,,,,,,,,,,,,,,,,,,,,,,,,,,,,,
3,714,,,,,,,,,,,,,,,,,,,,,,,,,,,,,,,,,,,,,,,,,0.2882099151611328,0.29426419734954834,0.21608498692512512,0.018926402553915977,0.08967995643615723,0.29683536291122437,0.22372087836265564,0.5240532159805298,0.6490393877029419,0.281284898519516,5.458536148071289,4.984097480773926,4.891483306884766,1.902017593383789,3.5129661560058594,6.268688201904297,6.120242595672607,6.4601311683654785,8.711230278015137,6.275966644287109,,,,,,,,,,,6.814973831176758,6.0052490234375,6.6976728439331055,1.912444829940796,4.284965515136719,8.829450607299805,7.739698886871338,8.537808418273926,9.248233795166016,8.079238891601562,,,,,,,,,,,,,,,,,,,,,,,,,,,,,,,,,,,,,,,,
3,719,,,,,,,,,,,,,,,,,,,,,,,,,,,,,,,,,,,,,,,,,0.5880950689315796,0.4196011424064636,0.4389728605747223,0.6594634056091309,0.6359879970550537,0.592273473739624,0.4065577983856201,0.5426737070083618,1.1263599395751953,0.4709653854370117,8.514904022216797,6.091279029846191,7.517312526702881,9.636354446411133,9.31735897064209,10.207246780395508,7.622118949890137,7.023316383361816,11.466720581054688,7.75242280960083,,,,,,,,,,,10.405362129211426,7.171014785766602,9.546198844909668,11.288864135742188,11.411009788513184,12.472025871276855,10.43354606628418,8.688165664672852,12.183215141296387,10.454221725463867,,,,,,,,,,,,,,,,,,,,,,,,,,,,,,,,,,,,,,,,
3,724,,,,,,,,,,,,,,,,,,,,,,,,,,,,,,,,,,,,,,,,,0.4926978647708893,0.44503700733184814,0.4961773455142975,0.46837443113327026,0.24119341373443604,0.6282047629356384,0.48187899589538574,0.4704365134239197,0.7257119417190552,0.4772665202617645,7.478273391723633,5.867773532867432,7.98007869720459,7.823342800140381,6.448363304138184,9.663423538208008,8.250455856323242,5.943437099456787,7.216245651245117,8.11134147644043,,,,,,,,,,,9.63016414642334,7.385167121887207,10.149160385131836,9.513744354248047,7.027201175689697,12.844775199890137,11.358992576599121,8.08926773071289,9.779247283935547,10.523923873901367,,,,,,,,,,,,,,,,,,,,,,,,,,,,,,,,,,,,,,,,
3,729,,,,,,,,,,,,,,,,,,,,,,,,,,,,,,,,,,,,,,,,,0.5603726506233215,0.35720863938331604,0.3244526982307434,0.6340253353118896,0.28807011246681213,0.5437160730361938,0.1750771403312683,0.8865041732788086,1.3562331199645996,0.4780668020248413,7.904673099517822,4.930093288421631,6.54509973526001,8.235430717468262,6.597528457641602,9.07294750213623,5.76350212097168,10.175527572631836,10.995416641235352,8.826521873474121,,,,,,,,,,,9.7083158493042,6.6164231300354,8.20705509185791,11.068994522094727,7.679779052734375,11.949834823608398,6.846766471862793,11.10450267791748,13.36874008178711,10.532743453979492,,,,,,,,,,,,,,,,,,,,,,,,,,,,,,,,,,,,,,,,
3,734,,,,,,,,,,,,,,,,,,,,,,,,,,,,,,,,,,,,,,,,,0.5313957333564758,0.22484497725963593,0.6443073749542236,0.4822654128074646,0.5110358595848083,0.7628681063652039,0.3315409719944,0.5841434001922607,0.852759063243866,0.38879674673080444,8.072843551635742,3.996737241744995,9.679941177368164,8.094808578491211,8.800236701965332,11.233054161071777,7.077267646789551,8.438755989074707,8.086588859558105,7.248208045959473,,,,,,,,,,,9.931915283203125,5.249330043792725,11.565335273742676,9.653791427612305,10.228815078735352,14.15469741821289,9.421920776367188,9.014019012451172,10.600747108459473,9.498576164245605,,,,,,,,,,,,,,,,,,,,,,,,,,,,,,,,,,,,,,,,
3,739,,,,,,,,,,,,,,,,,,,,,,,,,,,,,,,,,,,,,,,,,0.3841823637485504,0.44893065094947815,0.08227307349443436,0.22149431705474854,0.7227791547775269,0.5756458044052124,0.15219876170158386,0.4497189521789551,0.5141183137893677,0.29048219323158264,6.235906600952148,5.960216999053955,3.4167466163635254,5.394413948059082,8.3209810256958,9.988215446472168,4.683081150054932,6.084756374359131,5.585978984832764,6.688765525817871,,,,,,,,,,,8.143020629882812,7.417403697967529,4.132762908935547,6.542386531829834,12.164728164672852,12.295707702636719,6.3837571144104,7.909141540527344,8.23104190826416,8.210260391235352,,,,,,,,,,,,,,,,,,,,,,,,,,,,,,,,,,,,,,,,
3,744,,,,,,,,,,,,,,,,,,,,,,,,,,,,,,,,,,,,,,,,,0.5348198413848877,1.5186948776245117,0.9981392621994019,0.3125711977481842,0.3433636724948883,0.38990122079849243,0.19440177083015442,0.24414730072021484,0.011898230761289597,0.8002611398696899,7.259254455566406,10.85158920288086,11.034805297851562,6.3431267738342285,6.549338340759277,7.420692443847656,5.847786903381348,5.221227645874023,1.1132076978683472,10.951512336730957,,,,,,,,,,,9.137234687805176,13.64261245727539,14.394852638244629,7.771938323974609,8.384492874145508,10.119362831115723,7.214743614196777,5.827531814575195,1.2521735429763794,13.627402305603027,,,,,,,,,,,,,,,,,,,,,,,,,,,,,,,,,,,,,,,,
3,749,,,,,,,,,,,,,,,,,,,,,,,,,,,,,,,,,,,,,,,,,0.534448504447937,0.8059264421463013,0.4151507019996643,0.23277944326400757,0.5898376107215881,0.3764514625072479,0.6418291926383972,0.60465008020401,0.22150146961212158,0.9219105839729309,8.063286781311035,8.06184196472168,7.715240001678467,5.926285743713379,8.309502601623535,8.818963050842285,9.782193183898926,8.729361534118652,4.3689775466918945,10.857213020324707,,,,,,,,,,,9.907859802246094,9.938251495361328,9.283560752868652,6.7069830894470215,10.989194869995117,9.943296432495117,13.109331130981445,9.170875549316406,5.402709007263184,14.62653923034668,,,,,,,,,,,,,,,,,,,,,,,,,,,,,,,,,,,,,,,,
3,754,,,,,,,,,,,,,,,,,,,,,,,,,,,,,,,,,,,,,,,,,0.42696237564086914,0.6674880981445312,0.445589154958725,0.4358540177345276,0.18851801753044128,0.8588455319404602,0.4254353940486908,0.29824599623680115,0.3591463565826416,0.16353891789913177,7.212068557739258,7.9049553871154785,8.138347625732422,7.081068515777588,5.147940635681152,12.021538734436035,8.181628227233887,6.228306770324707,5.447668075561523,4.757160186767578,,,,,,,,,,,8.802788734436035,9.044488906860352,9.617871284484863,9.177521705627441,6.212638854980469,15.018736839294434,10.673027038574219,6.440891742706299,6.8795342445373535,6.160383701324463,,,,,,,,,,,,,,,,,,,,,,,,,,,,,,,,,,,,,,,,
3,759,,,,,,,,,,,,,,,,,,,,,,,,,,,,,,,,,,,,,,,,,0.48011770844459534,0.38774487376213074,0.8801531195640564,0.47940516471862793,0.49862784147262573,0.38126033544540405,0.4874473214149475,0.45154067873954773,0.24354133009910583,0.5113388299942017,7.703303813934326,5.4600372314453125,10.9602632522583,8.229249954223633,7.987939357757568,8.187703132629395,9.576410293579102,6.845001220703125,4.5706634521484375,7.512468338012695,,,,,,,,,,,9.561573028564453,6.893428802490234,13.517324447631836,9.6251220703125,10.103874206542969,10.006604194641113,11.424431800842285,7.925143718719482,5.665126323699951,10.893102645874023,,,,,,,,,,,,,,,,,,,,,,,,,,,,,,,,,,,,,,,,
3,764,,,,,,,,,,,,,,,,,,,,,,,,,,,,,,,,,,,,,,,,,0.22285635769367218,0.2067699283361435,0.22137954831123352,0.1500639021396637,0.16520655155181885,0.2457013577222824,0.23348155617713928,0.1573932021856308,0.33286792039871216,0.2928432524204254,5.33380126953125,4.158174514770508,4.978523254394531,4.483145236968994,4.719707012176514,5.702269554138184,6.756662368774414,4.471590995788574,5.526358604431152,7.207779884338379,,,,,,,,,,,6.499941349029541,5.033915996551514,6.77923059463501,5.385091304779053,5.815851211547852,8.033034324645996,7.906733512878418,4.678985595703125,6.6230692863464355,8.243560791015625,,,,,,,,,,,,,,,,,,,,,,,,,,,,,,,,,,,,,,,,
3,769,,,,,,,,,,,,,,,,,,,,,,,,,,,,,,,,,,,,,,,,,0.4223504662513733,0.39791014790534973,0.4272025525569916,0.14248597621917725,0.2400239109992981,0.9037379026412964,0.5860410928726196,0.6065094470977783,0.2707994878292084,0.22644364833831787,7.404595375061035,5.981296062469482,8.637810707092285,4.905519485473633,5.658449172973633,12.520459175109863,9.935796737670898,7.806467533111572,5.587469577789307,5.608088493347168,,,,,,,,,,,8.777628898620605,6.9832048416137695,9.417346954345703,5.247360706329346,7.010142803192139,15.406256675720215,12.526647567749023,9.184964179992676,5.973752021789551,7.24898624420166,,,,,,,,,,,,,,,,,,,,,,,,,,,,,,,,,,,,,,,,
3,774,,,,,,,,,,,,,,,,,,,,,,,,,,,,,,,,,,,,,,,,,0.5236750841140747,0.8330008387565613,0.5209224224090576,0.3200201690196991,0.200361967086792,1.3297845125198364,0.30064791440963745,0.4395599067211151,0.4969126284122467,0.2718651592731476,7.3135986328125,6.120850563049316,8.163947105407715,6.372400283813477,5.526340007781982,12.751468658447266,6.854639053344727,7.090888977050781,6.755102634429932,6.186753273010254,,,,,,,,,,,9.58737850189209,10.103805541992188,10.399157524108887,7.8640007972717285,6.404825210571289,18.68815803527832,8.972219467163086,7.819297790527344,8.09213924407959,7.942806243896484,,,,,,,,,,,,,,,,,,,,,,,,,,,,,,,,,,,,,,,,
3,775,,,,,,,,,,,,,,,,,,,,,,,,,,,,,,,,,,,,,,,,,,,,,,,,,,,7.056339263916016,5.978464603424072,7.017122745513916,6.6594085693359375,7.12735652923584,8.656628608703613,7.593045234680176,6.3537516593933105,6.329016208648682,7.792262554168701,0.5200831294059753,0.4875582456588745,0.5794905424118042,0.6028306484222412,0.5439251661300659,0.4436138868331909,0.5291222333908081,0.5097472667694092,0.4912893772125244,0.49317067861557007,9.220939636230469,7.72112512588501,9.20073413848877,8.725911140441895,9.475740432739258,11.383430480957031,10.118524551391602,8.158334732055664,8.0872163772583,10.117443084716797,0.5417343378067017,0.5740095973014832,0.7094165682792664,0.40994691848754883,0.5243364572525024,0.6424154043197632,0.47672247886657715,0.5188800096511841,0.5275415182113647,0.49233996868133545,7.532310485839844,5.779594421386719,8.678312301635742,6.6576738357543945,7.967142581939697,9.690845489501953,8.3563232421875,6.052283763885498,6.444118022918701,8.164501190185547,0.41957923769950867,0.41366082429885864,0.44618767499923706,0.5816858410835266,0.377616822719574,0.4147498607635498,0.5118668079376221,0.24077069759368896,0.27915245294570923,0.5105221271514893,10.19424819946289,8.473029136657715,11.409499168395996,9.608484268188477,10.673924446105957,13.15303897857666,11.1692476272583,8.123376846313477,8.633713722229004,10.503921508789062
4,779,,,,,,,,,,,,,,,,,,,,,,,,,,,,,,,,,,,,,,,,,0.5550129413604736,0.4099953770637512,0.3185902535915375,0.620374321937561,0.5091336369514465,0.6851223111152649,0.5797877311706543,0.4406651556491852,0.32819926738739014,1.103247880935669,8.127567291259766,4.884627342224121,7.402484893798828,9.297078132629395,8.2379150390625,10.040278434753418,8.378891944885254,6.191196441650391,6.2880754470825195,12.427556991577148,,,,,,,,,,,10.295527458190918,7.088458061218262,8.13257122039795,10.949185371398926,10.209760665893555,13.414050102233887,12.459633827209473,7.829122543334961,6.576458930969238,16.000507354736328,,,,,,,,,,,,,,,,,,,,,,,,,,,,,,,,,,,,,,,,
4,784,,,,,,,,,,,,,,,,,,,,,,,,,,,,,,,,,,,,,,,,,0.4386964440345764,0.35008519887924194,0.2852267026901245,0.7137208580970764,0.39952149987220764,0.5516132116317749,0.7249348163604736,0.3772895336151123,0.2511369287967682,0.29473939538002014,7.180426120758057,5.494372844696045,6.619894027709961,9.26722526550293,7.084202289581299,9.969575881958008,9.748889923095703,5.335824012756348,4.894395351409912,6.2094526290893555,,,,,,,,,,,9.141018867492676,6.550118446350098,7.694966793060303,11.7440824508667,9.044190406799316,12.03630542755127,13.932219505310059,7.244294166564941,5.752790451049805,8.270206451416016,,,,,,,,,,,,,,,,,,,,,,,,,,,,,,,,,,,,,,,,
4,789,,,,,,,,,,,,,,,,,,,,,,,,,,,,,,,,,,,,,,,,,0.5718671083450317,0.46149957180023193,0.41703543066978455,0.5023050904273987,0.4829244613647461,0.4217240512371063,0.35310399532318115,0.9302090406417847,1.2747985124588013,0.30320408940315247,7.838826656341553,5.66699743270874,7.390872955322266,6.7382659912109375,8.936897277832031,8.602054595947266,8.119202613830566,8.642083168029785,9.298867225646973,7.154201030731201,,,,,,,,,,,9.954765319824219,7.520521640777588,9.304608345031738,9.852323532104492,9.943499565124512,10.524223327636719,9.723488807678223,11.374938011169434,12.961165428161621,8.388121604919434,,,,,,,,,,,,,,,,,,,,,,,,,,,,,,,,,,,,,,,,
4,794,,,,,,,,,,,,,,,,,,,,,,,,,,,,,,,,,,,,,,,,,0.3960665464401245,0.8212593197822571,0.209345743060112,0.25650930404663086,0.27126795053482056,0.9038726687431335,0.3772357106208801,0.3129066526889801,0.21244072914123535,0.19976072013378143,6.607860088348389,7.293325424194336,6.348829746246338,5.873480796813965,5.660866737365723,11.619672775268555,5.994924545288086,5.688487529754639,5.244333744049072,5.74682092666626,,,,,,,,,,,8.363585472106934,10.032344818115234,6.59240198135376,7.040547847747803,7.452446937561035,15.407404899597168,10.050257682800293,6.597297668457031,5.291053295135498,6.8085126876831055,,,,,,,,,,,,,,,,,,,,,,,,,,,,,,,,,,,,,,,,
4,799,,,,,,,,,,,,,,,,,,,,,,,,,,,,,,,,,,,,,,,,,0.6034892201423645,0.22998088598251343,1.3537415266036987,0.3099564015865326,0.2819159924983978,0.48289674520492554,0.8129440546035767,1.2222293615341187,0.41047245264053345,0.32726600766181946,7.987844944000244,3.6264007091522217,12.043326377868652,6.190846920013428,6.554591178894043,9.850406646728516,9.722786903381348,11.328605651855469,5.5663652420043945,7.007273197174072,,,,,,,,,,,10.281455039978027,5.308944225311279,16.76407241821289,7.7393622398376465,7.597303867340088,11.261674880981445,14.753706932067871,13.038723945617676,7.354705333709717,8.714603424072266,,,,,,,,,,,,,,,,,,,,,,,,,,,,,,,,,,,,,,,,
4,804,,,,,,,,,,,,,,,,,,,,,,,,,,,,,,,,,,,,,,,,,0.4366554319858551,0.5956581234931946,0.3683069348335266,0.30478227138519287,0.21883514523506165,0.4172002077102661,0.17370156943798065,0.7030587792396545,0.9257339239120483,0.22262199223041534,6.664085388183594,6.39594030380249,7.96049165725708,5.522434711456299,5.3855767250061035,8.401357650756836,4.906748294830322,7.261361598968506,9.027548789978027,5.115307331085205,,,,,,,,,,,8.562806129455566,8.543992042541504,8.74413013458252,7.674493789672852,6.693575382232666,10.467623710632324,6.819815635681152,9.88904857635498,11.04501724243164,7.187555313110352,,,,,,,,,,,,,,,,,,,,,,,,,,,,,,,,,,,,,,,,
4,809,,,,,,,,,,,,,,,,,,,,,,,,,,,,,,,,,,,,,,,,,0.6419224143028259,0.8168474435806274,0.5534116625785828,0.6828407049179077,0.5234205722808838,0.628081738948822,0.7907403111457825,0.7831323742866516,0.4481842517852783,0.5506426095962524,8.734663009643555,8.463512420654297,8.569974899291992,8.806865692138672,8.349037170410156,10.036589622497559,10.256474494934082,8.815542221069336,6.732779502868652,8.581192016601562,,,,,,,,,,,11.04262638092041,10.00536060333252,10.718544960021973,11.487211227416992,10.352019309997559,12.84351634979248,14.550827980041504,10.437015533447266,7.685136318206787,11.303998947143555,,,,,,,,,,,,,,,,,,,,,,,,,,,,,,,,,,,,,,,,
4,814,,,,,,,,,,,,,,,,,,,,,,,,,,,,,,,,,,,,,,,,,0.37575283646583557,0.6013982892036438,0.15375103056430817,0.3930794596672058,0.3946038782596588,0.27481815218925476,0.7895463705062866,0.047757212072610855,0.010628952644765377,0.7161923050880432,5.8181047439575195,6.73089599609375,4.7657904624938965,6.469141960144043,5.34377908706665,7.1886186599731445,9.100797653198242,2.4509525299072266,0.995108425617218,9.317854881286621,,,,,,,,,,,7.958529949188232,8.585060119628906,5.649639129638672,8.715556144714355,8.988357543945312,8.495688438415527,14.539839744567871,2.577378511428833,1.1835006475448608,12.891754150390625,,,,,,,,,,,,,,,,,,,,,,,,,,,,,,,,,,,,,,,,
4,819,,,,,,,,,,,,,,,,,,,,,,,,,,,,,,,,,,,,,,,,,0.5670686364173889,1.0781652927398682,0.2515069544315338,0.7350066304206848,0.14392554759979248,0.26369965076446533,0.28526169061660767,0.7182842493057251,1.1077985763549805,0.5199694037437439,7.273504734039307,9.185188293457031,5.828001976013184,8.521726608276367,4.794716835021973,6.874118328094482,6.155248641967773,6.586761474609375,8.299480438232422,9.216297149658203,,,,,,,,,,,9.57680892944336,11.494892120361328,7.225811958312988,11.917922019958496,5.428359031677246,8.322056770324707,8.739619255065918,9.995553970336914,12.082413673400879,10.984646797180176,,,,,,,,,,,,,,,,,,,,,,,,,,,,,,,,,,,,,,,,
4,824,,,,,,,,,,,,,,,,,,,,,,,,,,,,,,,,,,,,,,,,,0.2483382523059845,0.3241673409938812,0.11317186057567596,0.3121713399887085,0.10459622740745544,0.37783071398735046,0.27386754751205444,0.24412962794303894,0.17899596691131592,0.306113600730896,5.452383041381836,5.33768367767334,3.823796033859253,6.746208667755127,3.6293323040008545,7.783691883087158,7.236823081970215,4.7843852043151855,4.341813564300537,5.38770866394043,,,,,,,,,,,6.797976493835449,6.302994251251221,4.847087860107422,7.766965866088867,4.62761926651001,9.961494445800781,8.563298225402832,5.8273210525512695,4.856740951538086,8.428271293640137,,,,,,,,,,,,,,,,,,,,,,,,,,,,,,,,,,,,,,,,
4,829,,,,,,,,,,,,,,,,,,,,,,,,,,,,,,,,,,,,,,,,,0.6619219779968262,0.5849511623382568,0.41702184081077576,0.43401405215263367,0.43719083070755005,0.902294397354126,0.3305012285709381,0.6663827896118164,1.997570276260376,0.18737097084522247,8.377339363098145,6.6850433349609375,8.6339693069458,8.563397407531738,7.965779781341553,11.50963020324707,7.247239589691162,7.049786567687988,13.036190032958984,4.705017566680908,,,,,,,,,,,10.404193878173828,8.466854095458984,9.304457664489746,9.158129692077637,9.460959434509277,15.393946647644043,9.407134056091309,9.627656936645508,16.224611282348633,6.593990802764893,,,,,,,,,,,,,,,,,,,,,,,,,,,,,,,,,,,,,,,,
4,834,,,,,,,,,,,,,,,,,,,,,,,,,,,,,,,,,,,,,,,,,0.41780200600624084,0.27685821056365967,0.2913529574871063,0.2219671607017517,0.6297943592071533,0.35449814796447754,0.4284628629684448,0.9267036318778992,0.26799795031547546,0.36258256435394287,7.223929405212402,5.1135454177856445,6.426766872406006,5.860960483551025,8.279004096984863,7.750519275665283,8.981539726257324,10.124796867370605,5.365226745605469,7.113002300262451,,,,,,,,,,,8.703972816467285,5.8249335289001465,7.777166366577148,6.549366474151611,11.355310440063477,9.649011611938477,10.710935592651367,11.353484153747559,5.9427714347839355,9.172773361206055,,,,,,,,,,,,,,,,,,,,,,,,,,,,,,,,,,,,,,,,
4,839,,,,,,,,,,,,,,,,,,,,,,,,,,,,,,,,,,,,,,,,,0.23005740344524384,0.3854389190673828,0.404968798160553,0.0700661912560463,0.17221149802207947,0.22541525959968567,0.1221829503774643,0.3440803587436676,0.13241110742092133,0.21374160051345825,5.233371734619141,5.987348556518555,7.342131614685059,3.05743145942688,4.796055316925049,6.404089450836182,4.754976749420166,5.931862831115723,3.0762412548065186,5.750207901000977,,,,,,,,,,,6.356836795806885,6.872900485992432,9.169010162353516,3.6796722412109375,5.937870502471924,7.694271564483643,5.719737529754639,6.918128967285156,4.177202224731445,7.042741298675537,,,,,,,,,,,,,,,,,,,,,,,,,,,,,,,,,,,,,,,,
4,844,,,,,,,,,,,,,,,,,,,,,,,,,,,,,,,,,,,,,,,,,0.5581095814704895,0.9181903004646301,0.05076945200562477,0.07730439305305481,1.1347049474716187,0.772832453250885,0.5818466544151306,0.49710485339164734,0.25013136863708496,0.7401019930839539,7.440206050872803,8.441926956176758,2.978358268737793,3.2645537853240967,13.081419944763184,9.275630950927734,8.731450080871582,7.881762981414795,3.690460443496704,9.616287231445312,,,,,,,,,,,9.650200843811035,10.607880592346191,3.24648118019104,3.8650667667388916,15.241971015930176,14.246841430664062,12.481738090515137,8.315391540527344,5.741261959075928,13.105179786682129,,,,,,,,,,,,,,,,,,,,,,,,,,,,,,,,,,,,,,,,
4,849,,,,,,,,,,,,,,,,,,,,,,,,,,,,,,,,,,,,,,,,,0.27535390853881836,0.3511209487915039,0.10359212011098862,0.4622410833835602,0.355636864900589,0.18094852566719055,0.22747009992599487,0.21745744347572327,0.2965599000453949,0.28315815329551697,5.882788181304932,4.8189191818237305,3.4617857933044434,8.47697639465332,6.864138603210449,5.816314697265625,5.999805927276611,4.742981910705566,6.123854160308838,6.640318870544434,,,,,,,,,,,7.0818657875061035,6.559800624847412,4.637404918670654,9.451248168945312,8.533025741577148,6.893715858459473,7.804282188415527,5.499786853790283,6.251431941986084,8.106096267700195,,,,,,,,,,,,,,,,,,,,,,,,,,,,,,,,,,,,,,,,
4,854,,,,,,,,,,,,,,,,,,,,,,,,,,,,,,,,,,,,,,,,,0.3629564344882965,0.255505234003067,0.45768386125564575,0.7933917045593262,0.17619766294956207,0.36454322934150696,0.09245063364505768,0.2466866821050644,0.3486008048057556,0.5315481424331665,6.845358371734619,4.697129249572754,6.998006343841553,11.47799301147461,4.8450822830200195,8.82115650177002,4.0946502685546875,4.625392436981201,6.053752899169922,9.995065689086914,,,,,,,,,,,8.025967597961426,5.595799922943115,9.747527122497559,12.38222599029541,6.006198406219482,9.784764289855957,4.975374221801758,5.857760429382324,6.777780055999756,11.106277465820312,,,,,,,,,,,,,,,,,,,,,,,,,,,,,,,,,,,,,,,,
4,859,,,,,,,,,,,,,,,,,,,,,,,,,,,,,,,,,,,,,,,,,0.45298120379447937,0.2022986263036728,0.40077295899391174,0.4926731586456299,0.35268691182136536,0.3832342028617859,0.5914509892463684,0.6415426731109619,0.5734223127365112,0.4387494921684265,7.528237342834473,4.201637268066406,7.778481960296631,8.15667724609375,6.755653381347656,7.812589645385742,10.047027587890625,8.465252876281738,6.786170482635498,7.750647068023682,,,,,,,,,,,9.244668006896973,4.979190826416016,9.121386528015137,9.757404327392578,8.497560501098633,10.032472610473633,12.584332466125488,9.446513175964355,8.692817687988281,10.090332984924316,,,,,,,,,,,,,,,,,,,,,,,,,,,,,,,,,,,,,,,,
4,864,,,,,,,,,,,,,,,,,,,,,,,,,,,,,,,,,,,,,,,,,0.37837114930152893,0.3343275189399719,0.38493895530700684,0.5597838163375854,0.30245354771614075,0.19135278463363647,0.4096350073814392,0.41411516070365906,0.5305272936820984,0.2782059907913208,6.600773334503174,5.180638790130615,7.202689170837402,7.73056697845459,5.46995210647583,5.89735746383667,8.13331127166748,5.86331844329834,7.23646879196167,6.692661762237549,,,,,,,,,,,8.350920677185059,6.401007652282715,8.939383506774902,10.40075969696045,7.869171619415283,7.08913516998291,10.472957611083984,7.589607238769531,8.36136531829834,8.034899711608887,,,,,,,,,,,,,,,,,,,,,,,,,,,,,,,,,,,,,,,,
4,869,,,,,,,,,,,,,,,,,,,,,,,,,,,,,,,,,,,,,,,,,0.44489941000938416,0.6792075037956238,0.43144363164901733,0.15014533698558807,0.278076708316803,0.6270092129707336,0.2542642056941986,0.4583185613155365,0.6840649247169495,0.4415646493434906,6.998612880706787,7.301947116851807,8.537309646606445,4.1051836013793945,5.391845703125,9.0503511428833,6.849196434020996,6.290970325469971,7.349263668060303,8.11144733428955,,,,,,,,,,,8.911633491516113,9.123542785644531,9.463976860046387,5.386551856994629,7.545394420623779,12.832545280456543,8.251129150390625,7.984403133392334,9.49449634552002,10.122653007507324,,,,,,,,,,,,,,,,,,,,,,,,,,,,,,,,,,,,,,,,
4,874,,,,,,,,,,,,,,,,,,,,,,,,,,,,,,,,,,,,,,,,,0.6292258501052856,0.5786020755767822,0.19019539654254913,1.30775785446167,0.2931406497955322,0.5450499653816223,0.24284765124320984,0.6303742527961731,1.3078831434249878,0.5671812891960144,8.179550170898438,7.041370868682861,4.942568302154541,12.572402954101562,6.362466812133789,10.914193153381348,6.788366794586182,6.723994255065918,8.813899993896484,9.456682205200195,,,,,,,,,,,10.260174751281738,8.420778274536133,6.2836456298828125,15.897123336791992,7.747072696685791,11.964485168457031,8.063762664794922,9.36392593383789,13.128278732299805,11.472501754760742,,,,,,,,,,,,,,,,,,,,,,,,,,,,,,,,,,,,,,,,
4,879,,,,,,,,,,,,,,,,,,,,,,,,,,,,,,,,,,,,,,,,,0.5415740609169006,0.344934344291687,0.38332298398017883,0.5185726881027222,0.4877149164676666,0.6260172724723816,0.38004928827285767,0.37620097398757935,0.8926668167114258,0.8646870851516724,8.237266540527344,4.998627185821533,7.747679233551025,7.628225803375244,8.59363079071045,11.791117668151855,8.443976402282715,5.491849899291992,9.323683738708496,10.116608619689941,,,,,,,,,,,10.064536094665527,6.501753807067871,8.920600891113281,10.010590553283691,9.992695808410645,12.822391510009766,10.087667465209961,7.2338361740112305,10.845959663391113,14.165328979492188,,,,,,,,,,,,,,,,,,,,,,,,,,,,,,,,,,,,,,,,
4,884,,,,,,,,,,,,,,,,,,,,,,,,,,,,,,,,,,,,,,,,,0.5395874977111816,0.8366725444793701,0.38804125785827637,0.43045225739479065,0.2769325375556946,0.48622140288352966,0.33802732825279236,0.7572953104972839,0.878276526927948,0.4643683135509491,8.230866432189941,7.661499500274658,7.990866184234619,7.600799560546875,6.687360763549805,9.461806297302246,7.51864767074585,8.33027458190918,9.883909225463867,8.942632675170898,,,,,,,,,,,9.7742280960083,10.126049041748047,8.975334167480469,9.12047290802002,7.529855728149414,11.300376892089844,9.513640403747559,10.263401985168457,10.758183479309082,10.380744934082031,,,,,,,,,,,,,,,,,,,,,,,,,,,,,,,,,,,,,,,,
4,889,,,,,,,,,,,,,,,,,,,,,,,,,,,,,,,,,,,,,,,,,0.3356150984764099,0.3506077229976654,0.038473669439554214,0.12958502769470215,0.3141235411167145,0.3033573627471924,0.26421868801116943,0.5301133394241333,0.8583611249923706,0.23169544339179993,6.059990882873535,5.409697532653809,2.1780433654785156,4.01513671875,6.371457576751709,7.057182788848877,6.9324951171875,5.859551906585693,10.609890937805176,6.106459617614746,,,,,,,,,,,7.366332054138184,6.555004596710205,2.826138734817505,5.0041728019714355,8.019548416137695,8.925923347473145,8.41109561920166,8.587032318115234,10.635509490966797,7.3325653076171875,,,,,,,,,,,,,,,,,,,,,,,,,,,,,,,,,,,,,,,,
4,894,,,,,,,,,,,,,,,,,,,,,,,,,,,,,,,,,,,,,,,,,0.3324294090270996,0.20422902703285217,0.22974011301994324,0.512719988822937,0.32042497396469116,0.4031933546066284,0.21833759546279907,0.24090132117271423,0.5899858474731445,0.27233245968818665,6.28508996963501,4.207390308380127,5.7953667640686035,7.62633752822876,7.054713726043701,8.628559112548828,6.254709243774414,4.409311771392822,6.71362829208374,5.875795364379883,,,,,,,,,,,7.8282952308654785,5.002890586853027,6.906055450439453,9.953939437866211,8.099586486816406,10.290407180786133,7.6460137367248535,5.788663387298584,8.817472457885742,7.949629783630371,,,,,,,,,,,,,,,,,,,,,,,,,,,,,,,,,,,,,,,,
4,899,,,,,,,,,,,,,,,,,,,,,,,,,,,,,,,,,,,,,,,,,0.46154680848121643,0.3312685191631317,0.30008846521377563,0.2832689881324768,0.3950338065624237,0.9890955686569214,0.2735782563686371,0.3357802927494049,0.8776972889900208,0.36810997128486633,7.860378742218018,5.562893867492676,5.963834285736084,6.831136226654053,7.641435146331787,13.368124008178711,6.624892234802246,6.651077747344971,10.68862533569336,7.4113850593566895,,,,,,,,,,,9.129322052001953,6.37165641784668,7.892894744873047,7.398683071136475,8.99325180053711,16.117401123046875,8.5587739944458,6.834178447723389,10.754634857177734,9.242425918579102,,,,,,,,,,,,,,,,,,,,,,,,,,,,,,,,,,,,,,,,
4,904,,,,,,,,,,,,,,,,,,,,,,,,,,,,,,,,,,,,,,,,,0.3807399272918701,0.2741037607192993,0.13992725312709808,0.4226187467575073,0.15096412599086761,0.24897880852222443,0.19382049143314362,0.8275706171989441,0.6043990254402161,0.5642765164375305,6.258200168609619,5.1875996589660645,4.849048614501953,7.15327262878418,4.495797157287598,6.728738307952881,5.821420192718506,7.653401851654053,6.113717079162598,8.32080364227295,,,,,,,,,,,8.018803596496582,5.79588508605957,5.389678001403809,9.037103652954102,5.559510231018066,8.086434364318848,7.203949451446533,10.729048728942871,8.924527168273926,11.443086624145508,,,,,,,,,,,,,,,,,,,,,,,,,,,,,,,,,,,,,,,,
4,909,,,,,,,,,,,,,,,,,,,,,,,,,,,,,,,,,,,,,,,,,0.6114428639411926,0.33718815445899963,0.41014644503593445,0.6892902255058289,0.5276069641113281,0.6895830035209656,0.47905319929122925,0.9818133115768433,0.8205081224441528,0.5677963495254517,8.231789588928223,5.449961185455322,7.152917861938477,8.949585914611816,8.061394691467285,11.059328079223633,7.635598182678223,9.369227409362793,8.684106826782227,7.723984718322754,,,,,,,,,,,10.659666061401367,6.4283342361450195,9.227438926696777,11.541332244873047,10.39333438873291,13.457647323608398,11.325637817382812,11.686196327209473,10.398357391357422,11.478719711303711,,,,,,,,,,,,,,,,,,,,,,,,,,,,,,,,,,,,,,,,
4,914,,,,,,,,,,,,,,,,,,,,,,,,,,,,,,,,,,,,,,,,,0.6115436553955078,0.1595250517129898,0.41305607557296753,0.47651052474975586,0.5738313794136047,1.1139203310012817,0.44487106800079346,1.0948636531829834,0.9349920749664307,0.2923223078250885,8.033634185791016,3.5139098167419434,7.603372097015381,8.605347633361816,8.777032852172852,12.930023193359375,9.512215614318848,7.6630072593688965,7.016778469085693,6.68101692199707,,,,,,,,,,,10.423563957214355,4.421572208404541,9.260110855102539,9.59601879119873,10.83906364440918,17.104206085205078,10.914098739624023,12.340669631958008,11.100110054016113,8.236224174499512,,,,,,,,,,,,,,,,,,,,,,,,,,,,,,,,,,,,,,,,
4,919,,,,,,,,,,,,,,,,,,,,,,,,,,,,,,,,,,,,,,,,,0.4903837740421295,0.33397164940834045,0.6173813939094543,0.3868477940559387,0.38319849967956543,0.5617327094078064,0.7427676320075989,0.34588396549224854,0.6341513991355896,0.4075188934803009,7.1555609703063965,5.367772579193115,8.462312698364258,6.899899482727051,6.847650527954102,9.467484474182129,8.497928619384766,5.7327752113342285,6.2620530128479,6.862175464630127,,,,,,,,,,,9.697056770324707,6.397600173950195,11.321094512939453,8.646193504333496,8.857507705688477,12.146207809448242,14.1025390625,6.936237335205078,9.141548156738281,9.724584579467773,,,,,,,,,,,,,,,,,,,,,,,,,,,,,,,,,,,,,,,,
4,924,,,,,,,,,,,,,,,,,,,,,,,,,,,,,,,,,,,,,,,,,0.46829715371131897,0.6325851678848267,0.35427138209342957,0.26484864950180054,0.9265937209129333,0.19750037789344788,0.26483696699142456,0.5433467030525208,0.5833556056022644,0.4473360478878021,7.67872953414917,7.373475074768066,8.160459518432617,6.818490982055664,10.434741973876953,5.569406032562256,6.828585624694824,7.402921199798584,8.50261116027832,8.017877578735352,,,,,,,,,,,9.06458854675293,8.804845809936523,8.575900077819824,7.154078960418701,13.773500442504883,7.202111721038818,8.420930862426758,8.693551063537598,8.767786979675293,10.188591003417969,,,,,,,,,,,,,,,,,,,,,,,,,,,,,,,,,,,,,,,,
4,929,,,,,,,,,,,,,,,,,,,,,,,,,,,,,,,,,,,,,,,,,0.30666062235832214,0.5915977358818054,0.41789886355400085,0.13748203217983246,0.45485758781433105,0.21800504624843597,0.254313588142395,0.3473767638206482,0.11245709657669067,0.22595693171024323,5.235738754272461,5.358887672424316,6.098730087280273,3.21240496635437,6.772769451141357,5.8719000816345215,6.051231384277344,5.147468566894531,2.5216856002807617,6.086567401885986,,,,,,,,,,,7.388260841369629,8.51482105255127,9.314236640930176,5.154397010803223,9.650223731994629,7.566745758056641,8.251930236816406,6.9511895179748535,3.849609613418579,7.241191864013672,,,,,,,,,,,,,,,,,,,,,,,,,,,,,,,,,,,,,,,,
4,934,,,,,,,,,,,,,,,,,,,,,,,,,,,,,,,,,,,,,,,,,0.34529581665992737,0.21665287017822266,0.1956545114517212,0.4524534046649933,0.455000102519989,0.5280642509460449,0.39457938075065613,0.18376924097537994,0.3427240550518036,0.33876460790634155,6.131462097167969,3.9594340324401855,5.2339019775390625,6.93453311920166,6.629386901855469,8.653887748718262,8.413413047790527,4.480789661407471,5.073683738708496,5.804128170013428,,,,,,,,,,,8.136256217956543,5.1528143882751465,6.3731865882873535,9.3506498336792,9.651735305786133,11.776580810546875,10.278695106506348,5.055861473083496,6.720407009124756,8.866377830505371,,,,,,,,,,,,,,,,,,,,,,,,,,,,,,,,,,,,,,,,
4,939,,,,,,,,,,,,,,,,,,,,,,,,,,,,,,,,,,,,,,,,,0.3185603618621826,0.4614187180995941,0.1867920160293579,0.1925770491361618,0.19019269943237305,0.8350077867507935,0.3262178897857666,0.19561825692653656,0.2075805366039276,0.27163830399513245,6.057901382446289,4.70916748046875,5.660816192626953,5.530019760131836,4.531937599182129,11.585188865661621,7.454637050628662,4.5427775382995605,3.772089719772339,6.734474182128906,,,,,,,,,,,7.625376224517822,7.519862651824951,6.227170944213867,6.100383758544922,6.240172386169434,14.808843612670898,9.345975875854492,5.216310024261475,5.230179309844971,7.9394917488098145,,,,,,,,,,,,,,,,,,,,,,,,,,,,,,,,,,,,,,,,
4,944,,,,,,,,,,,,,,,,,,,,,,,,,,,,,,,,,,,,,,,,,0.4814211130142212,0.9189616441726685,0.3915519714355469,0.942245364189148,0.41880500316619873,0.5205174088478088,0.26342087984085083,0.2342630922794342,0.32998764514923096,0.31303688883781433,6.787561416625977,7.03748893737793,7.100584030151367,7.966030597686768,6.899951457977295,8.802055358886719,6.772740364074707,4.677665710449219,4.571502685546875,7.260031223297119,,,,,,,,,,,9.255356788635254,10.612335205078125,9.015843391418457,13.493880271911621,9.259883880615234,11.69212532043457,8.398387908935547,5.70835018157959,6.594351768493652,8.523048400878906,,,,,,,,,,,,,,,,,,,,,,,,,,,,,,,,,,,,,,,,
4,949,,,,,,,,,,,,,,,,,,,,,,,,,,,,,,,,,,,,,,,,,0.35561731457710266,0.6664913892745972,0.3733135163784027,0.2725426256656647,0.20368462800979614,0.25898972153663635,0.23296847939491272,0.2887358069419861,0.3325616121292114,0.5712680816650391,6.5374860763549805,7.928699970245361,6.0661211013793945,6.081379413604736,4.803199768066406,6.23595666885376,6.148003578186035,5.698464393615723,5.6554341316223145,10.220118522644043,,,,,,,,,,,8.019184112548828,9.03773307800293,8.803359985351562,7.257250785827637,6.4577131271362305,8.24740219116211,7.898040771484375,6.337369918823242,6.620020389556885,11.51375961303711,,,,,,,,,,,,,,,,,,,,,,,,,,,,,,,,,,,,,,,,
4,954,,,,,,,,,,,,,,,,,,,,,,,,,,,,,,,,,,,,,,,,,0.3785034716129303,0.340653657913208,0.22673757374286652,0.3972261846065521,0.20530804991722107,0.4129883348941803,0.3008694648742676,0.14173780381679535,0.8776102066040039,0.5033997893333435,6.62188720703125,5.688141822814941,5.186731338500977,7.183180332183838,5.391353607177734,9.23686408996582,6.373570919036865,3.2080178260803223,8.38565731048584,8.943467140197754,,,,,,,,,,,8.217727661132812,6.4612836837768555,6.860779285430908,8.761406898498535,6.483397006988525,10.414651870727539,8.97552490234375,4.440190315246582,10.754100799560547,10.808209419250488,,,,,,,,,,,,,,,,,,,,,,,,,,,,,,,,,,,,,,,,
4,959,,,,,,,,,,,,,,,,,,,,,,,,,,,,,,,,,,,,,,,,,0.5458543300628662,0.5114091634750366,0.969215989112854,0.1780668944120407,0.5002157688140869,0.8623888492584229,0.3395415246486664,0.05592918395996094,0.8207356333732605,0.6751857995986938,8.041706085205078,6.271166801452637,12.725202560424805,5.595226287841797,7.878809928894043,11.789350509643555,8.005581855773926,2.408205986022949,8.969950675964355,8.731856346130371,,,,,,,,,,,9.819817543029785,7.916742324829102,14.184759140014648,5.86605978012085,10.119949340820312,15.049686431884766,9.534924507141113,2.789189338684082,10.399798393249512,12.517248153686523,,,,,,,,,,,,,,,,,,,,,,,,,,,,,,,,,,,,,,,,
4,964,,,,,,,,,,,,,,,,,,,,,,,,,,,,,,,,,,,,,,,,,0.32301315665245056,0.3484267592430115,0.28574275970458984,0.29051297903060913,0.3568502962589264,0.24506674706935883,0.23038245737552643,0.16765107214450836,0.7610106468200684,0.2214747816324234,6.12112283706665,5.547343730926514,6.510531902313232,6.559897422790527,7.145930767059326,6.424964904785156,6.430744171142578,4.549994468688965,6.539710998535156,5.3809895515441895,,,,,,,,,,,7.573981285095215,6.534584999084473,7.701924800872803,7.492688179016113,8.54757022857666,8.022653579711914,7.854083061218262,4.829051971435547,10.014254570007324,7.169013023376465,,,,,,,,,,,,,,,,,,,,,,,,,,,,,,,,,,,,,,,,
4,969,,,,,,,,,,,,,,,,,,,,,,,,,,,,,,,,,,,,,,,,,0.29832130670547485,0.22241999208927155,0.488148033618927,0.10852213203907013,0.18222010135650635,0.25517910718917847,0.37507694959640503,0.2535451054573059,0.3904578387737274,0.40932247042655945,6.045840740203857,3.910655975341797,7.644954681396484,4.208828449249268,5.237670421600342,6.048465728759766,7.435580253601074,5.744968414306641,5.816727161407471,8.364714622497559,,,,,,,,,,,7.448991775512695,5.220945835113525,10.066706657409668,4.579457759857178,6.107982635498047,8.186502456665039,10.02146053314209,5.938630104064941,7.173157215118408,9.74608039855957,,,,,,,,,,,,,,,,,,,,,,,,,,,,,,,,,,,,,,,,
4,969,,,,,,,,,,,,,,,,,,,,,,,,,,,,,,,,,,,,,,,,,,,,,,,,,,,6.9561614990234375,5.745211124420166,6.964219093322754,6.593394756317139,7.0118231773376465,8.535297393798828,7.565258979797363,6.216096878051758,6.316951751708984,7.657199859619141,0.5330663323402405,0.516542911529541,0.5952149033546448,0.6115422248840332,0.5520172119140625,0.4551003575325012,0.5344420075416565,0.5295302271842957,0.4925711154937744,0.5106358528137207,9.098312377929688,7.499588489532471,9.027070045471191,8.629681587219238,9.391302108764648,11.265315055847168,10.061202049255371,7.992035865783691,8.077019691467285,9.9415922164917,0.571508526802063,0.7465240359306335,0.5317778587341309,0.3868166506290436,0.6532405614852905,0.6673543453216553,0.4861264228820801,0.5069668889045715,0.569120466709137,0.5956493616104126,7.753087520599365,7.195043087005615,7.404529571533203,6.1652421951293945,9.080080032348633,9.855308532714844,8.374375343322754,6.0191426277160645,6.811986923217773,8.872077941894531,0.3818880021572113,0.21383357048034668,0.5949070453643799,0.6080818176269531,0.21210312843322754,0.3896580934524536,0.5028903484344482,0.25929391384124756,0.23609888553619385,0.4201251268386841,10.4363374710083,9.811186790466309,9.758040428161621,9.300394058227539,12.009636878967285,13.432039260864258,11.271477699279785,8.023670196533203,8.887804985046387,11.432785987854004
5,974,,,,,,,,,,,,,,,,,,,,,,,,,,,,,,,,,,,,,,,,,0.41257619857788086,0.9877500534057617,0.3257841467857361,0.2013568878173828,0.3666893541812897,0.34553277492523193,0.36956825852394104,0.22256086766719818,0.4503255784511566,0.4436179995536804,6.828260898590088,8.848416328430176,6.691617488861084,5.903924465179443,6.825009822845459,8.230908393859863,7.115472316741943,4.746692657470703,5.474627494812012,7.617676258087158,,,,,,,,,,,8.557347297668457,11.002358436584473,8.223877906799316,6.237895488739014,8.664605140686035,9.526217460632324,9.947596549987793,5.563949108123779,7.7034735679626465,10.146162033081055,,,,,,,,,,,,,,,,,,,,,,,,,,,,,,,,,,,,,,,,
5,979,,,,,,,,,,,,,,,,,,,,,,,,,,,,,,,,,,,,,,,,,0.43932247161865234,0.2802584171295166,0.620898425579071,0.4142075181007385,0.4880950450897217,0.5480961799621582,0.2490098625421524,0.3667594790458679,0.5043725967407227,0.4822046756744385,7.13962984085083,5.055787086486816,9.048112869262695,6.787810802459717,8.714669227600098,7.890064716339111,6.167165756225586,5.658851623535156,6.314682483673096,8.619526863098145,,,,,,,,,,,9.132652282714844,5.860593318939209,11.35329532623291,8.946720123291016,9.996589660644531,11.997872352600098,8.165430068969727,7.14248514175415,8.152652740478516,10.578227043151855,,,,,,,,,,,,,,,,,,,,,,,,,,,,,,,,,,,,,,,,
5,984,,,,,,,,,,,,,,,,,,,,,,,,,,,,,,,,,,,,,,,,,0.5369601845741272,0.4165533781051636,0.2841021418571472,0.14645877480506897,0.9415820837020874,0.5047140121459961,0.4022308588027954,1.1017520427703857,0.8179410696029663,0.21730747818946838,7.346597671508789,6.077180862426758,5.617701053619385,4.2654266357421875,9.967568397521973,8.824697494506836,7.3172078132629395,8.6574068069458,8.957005500793457,6.435184001922607,,,,,,,,,,,9.531452178955078,7.144923210144043,7.679781436920166,5.320011615753174,13.884452819824219,11.513266563415527,10.377876281738281,12.379429817199707,10.38207721710205,7.101245880126953,,,,,,,,,,,,,,,,,,,,,,,,,,,,,,,,,,,,,,,,
5,989,,,,,,,,,,,,,,,,,,,,,,,,,,,,,,,,,,,,,,,,,0.33595147728919983,0.7810794115066528,0.38733312487602234,0.33846110105514526,0.12129228562116623,0.6466452479362488,0.26568853855133057,0.08478818833827972,0.19714847207069397,0.20112697780132294,5.7302398681640625,6.4720001220703125,6.350110054016113,6.992824554443359,3.824424982070923,9.990354537963867,6.607695579528809,2.7737081050872803,3.692945718765259,4.868096351623535,,,,,,,,,,,7.627901077270508,9.783852577209473,8.967140197753906,8.087406158447266,4.983291149139404,13.03193473815918,8.43445873260498,3.434206485748291,5.097063064575195,6.831756591796875,,,,,,,,,,,,,,,,,,,,,,,,,,,,,,,,,,,,,,,,
5,994,,,,,,,,,,,,,,,,,,,,,,,,,,,,,,,,,,,,,,,,,0.5017707943916321,0.43318137526512146,0.6310125589370728,0.6503400802612305,0.7578222155570984,0.6686679124832153,0.2623116075992584,0.21925972402095795,0.30386754870414734,0.5894739031791687,7.569770812988281,5.289714336395264,7.981050968170166,9.195574760437012,8.666168212890625,10.205065727233887,6.7828264236450195,4.739553451538086,5.850492000579834,9.417489051818848,,,,,,,,,,,9.730793952941895,7.286134243011475,11.445390701293945,11.210504531860352,12.456135749816895,13.25199031829834,8.380685806274414,5.522530555725098,6.3279852867126465,11.695788383483887,,,,,,,,,,,,,,,,,,,,,,,,,,,,,,,,,,,,,,,,
5,999,,,,,,,,,,,,,,,,,,,,,,,,,,,,,,,,,,,,,,,,,1.0252000093460083,0.53559410572052,0.6444579362869263,1.770733118057251,0.29182079434394836,0.8905391097068787,0.969049334526062,1.7061796188354492,1.9309160709381104,0.48750990629196167,10.945751190185547,6.875325679779053,9.243782043457031,17.15121841430664,6.2272539138793945,11.553831100463867,12.079549789428711,13.19703197479248,13.062933921813965,9.120827674865723,,,,,,,,,,,13.254554748535156,8.101775169372559,11.566685676574707,18.49828338623047,7.729613304138184,15.293339729309082,16.108078002929688,15.405333518981934,15.95162582397461,10.636259078979492,,,,,,,,,,,,,,,,,,,,,,,,,,,,,,,,,,,,,,,,
5,1004,,,,,,,,,,,,,,,,,,,,,,,,,,,,,,,,,,,,,,,,,0.42341065406799316,0.1628657728433609,0.5921012759208679,0.8070233464241028,0.507161557674408,0.4102267026901245,0.4040015637874603,0.437225878238678,0.3275081515312195,0.16258156299591064,6.855936050415039,3.4748125076293945,7.407975673675537,8.968886375427246,8.672757148742676,8.208984375,7.9677276611328125,5.855900287628174,5.6266188621521,5.519759654998779,,,,,,,,,,,8.835941314697266,4.467629909515381,11.08688735961914,12.48814582824707,10.18996810913086,10.379772186279297,10.4006929397583,7.7985100746154785,6.569530487060547,6.1423258781433105,,,,,,,,,,,,,,,,,,,,,,,,,,,,,,,,,,,,,,,,
5,1009,,,,,,,,,,,,,,,,,,,,,,,,,,,,,,,,,,,,,,,,,0.6347101926803589,0.38756781816482544,0.5296967625617981,0.9979113936424255,0.5794360041618347,0.7365939617156982,0.518833577632904,0.6367465853691101,0.9764917492866516,0.34911423921585083,9.328622817993164,5.813301086425781,8.773526191711426,12.509082794189453,9.985509872436523,11.71702766418457,9.518281936645508,8.756708145141602,9.185572624206543,7.698591232299805,,,,,,,,,,,10.845318794250488,6.891854763031006,10.486372947692871,13.886757850646973,10.891867637634277,13.908809661865234,11.7864990234375,9.41113567352295,11.343774795532227,9.000797271728516,,,,,,,,,,,,,,,,,,,,,,,,,,,,,,,,,,,,,,,,
5,1014,,,,,,,,,,,,,,,,,,,,,,,,,,,,,,,,,,,,,,,,,0.5852684378623962,0.46932440996170044,1.050339698791504,0.47741517424583435,0.3514511287212372,0.7251686453819275,0.4403317868709564,0.5117258429527283,0.8662273287773132,0.37543216347694397,8.55794906616211,5.329902172088623,11.412353515625,9.37122631072998,6.751321315765381,11.86954116821289,8.381688117980957,6.17549467086792,9.934837341308594,7.795173168182373,,,,,,,,,,,10.394652366638184,7.584008693695068,14.766465187072754,9.605124473571777,8.482661247253418,13.800517082214355,10.858274459838867,8.436792373657227,10.684130668640137,9.33389663696289,,,,,,,,,,,,,,,,,,,,,,,,,,,,,,,,,,,,,,,,
5,1019,,,,,,,,,,,,,,,,,,,,,,,,,,,,,,,,,,,,,,,,,0.43931737542152405,0.3084622621536255,0.6460002660751343,0.4599314332008362,0.4136163294315338,0.5052796602249146,0.3138381242752075,0.5164076089859009,0.41504061222076416,0.3752802610397339,6.592840671539307,5.2908806800842285,6.028909683227539,6.247505187988281,6.928029537200928,9.57778549194336,6.8554277420043945,5.376091003417969,6.105110168457031,6.9258270263671875,,,,,,,,,,,9.13870620727539,6.148416996002197,11.58051872253418,9.427605628967285,9.202343940734863,11.519715309143066,9.166924476623535,8.475298881530762,7.395517826080322,9.33200740814209,,,,,,,,,,,,,,,,,,,,,,,,,,,,,,,,,,,,,,,,
5,1024,,,,,,,,,,,,,,,,,,,,,,,,,,,,,,,,,,,,,,,,,0.34455716609954834,0.6105319857597351,0.2721000909805298,0.16960498690605164,0.7455005645751953,0.5472251772880554,0.18076172471046448,0.20312295854091644,0.12530973553657532,0.2468571811914444,5.928437232971191,6.917228698730469,5.310142993927002,4.3833231925964355,7.760322570800781,8.788143157958984,5.611263751983643,4.338850975036621,3.9025511741638184,6.3441081047058105,,,,,,,,,,,7.793153762817383,8.650007247924805,7.51581335067749,5.724983215332031,12.354456901550293,11.988335609436035,6.957032680511475,5.315427303314209,4.063643932342529,7.568679332733154,,,,,,,,,,,,,,,,,,,,,,,,,,,,,,,,,,,,,,,,
5,1029,,,,,,,,,,,,,,,,,,,,,,,,,,,,,,,,,,,,,,,,,0.3563916087150574,0.33860060572624207,0.4864770472049713,0.2509779930114746,0.34389516711235046,0.47272056341171265,0.38496243953704834,0.28909897804260254,0.2331244945526123,0.40766724944114685,6.850639343261719,4.427528381347656,9.348228454589844,6.247721195220947,7.0089240074157715,8.974116325378418,8.579792976379395,5.7172698974609375,3.918820381164551,7.43335485458374,,,,,,,,,,,8.305761337280273,6.441783905029297,10.04946231842041,6.964223384857178,8.39098072052002,11.142383575439453,10.152663230895996,6.3413543701171875,5.542647361755371,9.726354598999023,,,,,,,,,,,,,,,,,,,,,,,,,,,,,,,,,,,,,,,,
5,1034,,,,,,,,,,,,,,,,,,,,,,,,,,,,,,,,,,,,,,,,,0.39161962270736694,0.5239476561546326,0.2398223578929901,0.24124059081077576,0.32459303736686707,0.18440376222133636,0.30908751487731934,0.33972474932670593,0.7177597880363464,0.643997311592102,6.8805012702941895,6.853499889373779,5.862500190734863,6.127444267272949,5.758553504943848,5.315403938293457,7.463367462158203,5.333145618438721,9.27822208404541,9.932372093200684,,,,,,,,,,,8.325556755065918,8.013204574584961,7.055965900421143,6.827788829803467,8.152095794677734,6.959222793579102,9.097278594970703,6.874202251434326,9.725521087646484,12.22472858428955,,,,,,,,,,,,,,,,,,,,,,,,,,,,,,,,,,,,,,,,
5,1039,,,,,,,,,,,,,,,,,,,,,,,,,,,,,,,,,,,,,,,,,0.3286294639110565,0.47410210967063904,0.2584625482559204,0.13092230260372162,0.29603099822998047,0.28636306524276733,0.3585337698459625,0.20916748046875,0.3747503459453583,0.5693325400352478,6.270030498504639,5.930588722229004,6.495129108428955,3.962911367416382,5.7826247215271,6.82143497467041,7.639895915985107,4.251644611358643,5.838470458984375,9.707572937011719,,,,,,,,,,,7.794276714324951,7.622513771057129,7.325047969818115,5.0299272537231445,7.785172462463379,8.672301292419434,9.79796314239502,5.393935680389404,7.0273942947387695,11.494239807128906,,,,,,,,,,,,,,,,,,,,,,,,,,,,,,,,,,,,,,,,
5,1044,,,,,,,,,,,,,,,,,,,,,,,,,,,,,,,,,,,,,,,,,0.34935009479522705,0.20848463475704193,0.27119556069374084,0.46427538990974426,0.5159452557563782,0.3644154369831085,0.446647047996521,0.2503434121608734,0.2970008850097656,0.3258431553840637,6.568101406097412,4.10353422164917,6.197670936584473,6.745174884796143,8.198205947875977,8.399031639099121,8.588945388793945,4.988824844360352,4.72147274017334,7.170050621032715,,,,,,,,,,,8.208839416503906,5.054745197296143,7.5033111572265625,9.472023010253906,10.277830123901367,9.783049583435059,10.93586254119873,5.9010162353515625,6.256077766418457,8.695638656616211,,,,,,,,,,,,,,,,,,,,,,,,,,,,,,,,,,,,,,,,
5,1049,,,,,,,,,,,,,,,,,,,,,,,,,,,,,,,,,,,,,,,,,0.3281182646751404,0.6122351288795471,0.07967613637447357,0.17737717926502228,0.4165523052215576,0.25777217745780945,0.2179693728685379,0.5744174718856812,0.3115675151348114,0.3054971396923065,6.382711410522461,6.916057109832764,3.466306447982788,5.1558518409729,7.689167499542236,6.749053001403809,6.220274925231934,8.421370506286621,5.5225419998168945,7.30377721786499,,,,,,,,,,,7.4947075843811035,8.662064552307129,4.067015171051025,5.854687690734863,9.234947204589844,8.227992057800293,7.63956356048584,8.938661575317383,6.40765905380249,8.419780731201172,,,,,,,,,,,,,,,,,,,,,,,,,,,,,,,,,,,,,,,,
5,1054,,,,,,,,,,,,,,,,,,,,,,,,,,,,,,,,,,,,,,,,,0.2637268602848053,0.5992274284362793,0.08365237712860107,0.23136389255523682,0.2137952446937561,0.35718220472335815,0.3044402599334717,0.2774750292301178,0.11231960356235504,0.1940859854221344,4.957018852233887,4.609308242797852,3.120204448699951,5.06559419631958,5.515926837921143,7.409608364105225,6.883905410766602,4.0533857345581055,2.8581905364990234,5.097047805786133,,,,,,,,,,,6.836050033569336,8.569551467895508,4.167262077331543,6.686559200286865,6.616048336029053,9.685471534729004,9.028629302978516,6.212561130523682,3.8472559452056885,6.711109638214111,,,,,,,,,,,,,,,,,,,,,,,,,,,,,,,,,,,,,,,,
5,1059,,,,,,,,,,,,,,,,,,,,,,,,,,,,,,,,,,,,,,,,,0.24610784649848938,0.2846159040927887,0.2774684727191925,0.17482724785804749,0.2953023910522461,0.277778297662735,0.4225098788738251,0.08172600716352463,0.14792120456695557,0.2528209984302521,5.46105432510376,5.0253119468688965,6.823320388793945,4.969188213348389,6.127710342407227,6.5260467529296875,7.894082546234131,3.007861852645874,2.8635685443878174,5.912397384643555,,,,,,,,,,,6.85638427734375,5.905978202819824,7.589592456817627,5.812452793121338,7.7755866050720215,8.54132080078125,10.636266708374023,3.371622323989868,4.415079593658447,7.6595587730407715,,,,,,,,,,,,,,,,,,,,,,,,,,,,,,,,,,,,,,,,
5,1064,,,,,,,,,,,,,,,,,,,,,,,,,,,,,,,,,,,,,,,,,0.49103355407714844,0.30546051263809204,0.3361489772796631,0.5709989070892334,0.38389718532562256,0.9298267364501953,0.7050939202308655,0.5423756241798401,0.3634487986564636,0.28205180168151855,8.06218433380127,5.269585132598877,7.844114780426025,9.1715726852417,6.91475248336792,11.951800346374512,12.642600059509277,7.04762077331543,5.661275863647461,6.056342124938965,,,,,,,,,,,9.65622615814209,6.118427276611328,8.353673934936523,10.504430770874023,8.865579605102539,15.627046585083008,13.740240097045898,8.685779571533203,6.920618534088135,8.090245246887207,,,,,,,,,,,,,,,,,,,,,,,,,,,,,,,,,,,,,,,,
5,1069,,,,,,,,,,,,,,,,,,,,,,,,,,,,,,,,,,,,,,,,,0.975928008556366,0.46353214979171753,1.6145027875900269,1.7691371440887451,0.7262041568756104,1.2689411640167236,0.12390772998332977,1.2212165594100952,0.8552547693252563,0.7406545877456665,10.56058120727539,5.805113792419434,15.636940956115723,15.362602233886719,8.168169975280762,13.908228874206543,5.296626567840576,10.189424514770508,8.624935150146484,12.053186416625977,,,,,,,,,,,13.033703804016113,7.537064075469971,18.307584762573242,18.489946365356445,12.193517684936523,18.255619049072266,5.759966850280762,13.033318519592285,10.616247177124023,13.110072135925293,,,,,,,,,,,,,,,,,,,,,,,,,,,,,,,,,,,,,,,,
5,1074,,,,,,,,,,,,,,,,,,,,,,,,,,,,,,,,,,,,,,,,,0.35004210472106934,0.2549358904361725,0.21693499386310577,0.7866417169570923,0.42334792017936707,0.41664645075798035,0.43419426679611206,0.09361973404884338,0.29181453585624695,0.23224343359470367,6.501739501953125,4.87595796585083,5.365272521972656,8.869222640991211,7.937083721160889,7.737550735473633,8.953259468078613,3.312398910522461,5.122314929962158,6.342591285705566,,,,,,,,,,,8.03709888458252,5.589561939239502,6.710833549499512,12.329440116882324,9.309971809387207,10.460674285888672,10.78233528137207,3.608630895614624,6.20121431350708,7.341231346130371,,,,,,,,,,,,,,,,,,,,,,,,,,,,,,,,,,,,,,,,
5,1079,,,,,,,,,,,,,,,,,,,,,,,,,,,,,,,,,,,,,,,,,0.2609580159187317,0.24408003687858582,0.3583497703075409,0.19273486733436584,0.10549905151128769,0.20879322290420532,0.18525363504886627,0.07203210890293121,0.7221657037734985,0.25971364974975586,5.52975606918335,4.714363098144531,7.877922058105469,5.151644706726074,3.9567830562591553,5.777942180633545,6.0123186111450195,1.983605146408081,8.063218116760254,6.230005741119385,,,,,,,,,,,6.6640944480896,5.4692583084106445,8.625121116638184,6.102882385253906,4.647548198699951,7.405153274536133,7.042942047119141,3.1653501987457275,9.75532341003418,7.76326847076416,,,,,,,,,,,,,,,,,,,,,,,,,,,,,,,,,,,,,,,,
5,1084,,,,,,,,,,,,,,,,,,,,,,,,,,,,,,,,,,,,,,,,,0.3696974813938141,0.44521564245224,0.24236033856868744,0.43559151887893677,0.3172577917575836,0.35789626836776733,0.5585266351699829,0.23916497826576233,0.2049918919801712,0.526272177696228,6.67248010635376,6.047765731811523,5.815712928771973,6.60064697265625,6.5000762939453125,8.16695499420166,9.633723258972168,5.155009746551514,4.3932271003723145,7.739201545715332,,,,,,,,,,,8.406057357788086,7.386649131774902,7.093204021453857,9.174757957458496,8.059456825256348,9.695148468017578,12.229049682617188,5.767764091491699,5.197465419769287,11.051021575927734,,,,,,,,,,,,,,,,,,,,,,,,,,,,,,,,,,,,,,,,
5,1089,,,,,,,,,,,,,,,,,,,,,,,,,,,,,,,,,,,,,,,,,0.3681275546550751,0.6747511625289917,0.15385153889656067,0.46432822942733765,0.45781728625297546,0.588445246219635,0.28483980894088745,0.27209895849227905,0.06256245821714401,0.35445332527160645,6.202034950256348,6.2905497550964355,4.691901206970215,8.162834167480469,6.63640832901001,8.438803672790527,7.671770095825195,5.745109558105469,2.1362950801849365,6.044642925262451,,,,,,,,,,,8.128527641296387,9.0935640335083,5.651484489440918,9.472561836242676,9.68156909942627,12.43165397644043,8.733154296875,6.152082920074463,2.8713107109069824,9.069361686706543,,,,,,,,,,,,,,,,,,,,,,,,,,,,,,,,,,,,,,,,
5,1094,,,,,,,,,,,,,,,,,,,,,,,,,,,,,,,,,,,,,,,,,0.3594759404659271,0.22900940477848053,0.6130688190460205,0.23364487290382385,0.226997509598732,0.3395208418369293,0.4039594233036041,0.29120391607284546,0.588636577129364,0.3092418909072876,6.589457035064697,4.282379150390625,9.687901496887207,5.6258368492126465,5.841464042663574,7.162407398223877,7.99485969543457,4.558297634124756,7.100759029388428,7.05120849609375,,,,,,,,,,,8.178006172180176,5.2977190017700195,11.281484603881836,6.7194390296936035,6.817265510559082,9.44297981262207,10.400151252746582,6.3643975257873535,8.80738353729248,8.471227645874023,,,,,,,,,,,,,,,,,,,,,,,,,,,,,,,,,,,,,,,,
5,1099,,,,,,,,,,,,,,,,,,,,,,,,,,,,,,,,,,,,,,,,,0.3515205979347229,0.7793548703193665,0.15701135993003845,0.16240693628787994,0.2565120756626129,0.4236716628074646,0.48204487562179565,0.24430492520332336,0.22669489681720734,0.4316836893558502,6.60167121887207,8.29867172241211,5.437450408935547,5.3730950355529785,5.8945512771606445,8.515782356262207,8.974909782409668,4.720672607421875,3.708148241043091,8.4917573928833,,,,,,,,,,,7.94940710067749,9.773045539855957,5.709225654602051,5.602181434631348,7.246920585632324,10.548498153686523,11.360946655273438,5.829413414001465,5.46567964553833,10.008753776550293,,,,,,,,,,,,,,,,,,,,,,,,,,,,,,,,,,,,,,,,
5,1104,,,,,,,,,,,,,,,,,,,,,,,,,,,,,,,,,,,,,,,,,0.25449979305267334,0.33089926838874817,0.1624738872051239,0.17611263692378998,0.7836514711380005,0.20824366807937622,0.28938308358192444,0.028742153197526932,0.06646914780139923,0.24452278017997742,5.307687759399414,4.861424922943115,4.81117582321167,5.601175308227539,8.480123519897461,6.2286376953125,6.9755988121032715,1.994863748550415,2.544299840927124,6.271886348724365,,,,,,,,,,,6.596226215362549,6.368103981018066,5.807690143585205,5.833781719207764,12.666631698608398,7.395401954650879,8.80252742767334,1.9994858503341675,2.959601879119873,7.53280782699585,,,,,,,,,,,,,,,,,,,,,,,,,,,,,,,,,,,,,,,,
5,1109,,,,,,,,,,,,,,,,,,,,,,,,,,,,,,,,,,,,,,,,,0.34698930382728577,0.34848999977111816,0.12071683257818222,0.16248324513435364,0.3535526990890503,0.30036112666130066,0.11366526037454605,0.4675839841365814,0.7186912894248962,0.5373594760894775,6.282737731933594,5.1106791496276855,4.6623969078063965,4.436295032501221,6.822006702423096,7.334230422973633,4.1140875816345215,6.065676212310791,9.310311317443848,8.688955307006836,,,,,,,,,,,7.668285846710205,6.535178184509277,5.006054878234863,5.603497505187988,8.50798511505127,8.881732940673828,5.5167670249938965,8.064704895019531,9.731829643249512,11.166823387145996,,,,,,,,,,,,,,,,,,,,,,,,,,,,,,,,,,,,,,,,
5,1114,,,,,,,,,,,,,,,,,,,,,,,,,,,,,,,,,,,,,,,,,0.2757766544818878,0.19409313797950745,0.4855916500091553,0.08405124396085739,0.18297021090984344,0.14151176810264587,0.13530735671520233,0.18290649354457855,0.637014627456665,0.438543438911438,5.634207248687744,3.8805367946624756,7.978166580200195,3.4348394870758057,5.021378993988037,4.079890727996826,4.760824680328369,4.578145980834961,7.7993950843811035,9.174683570861816,,,,,,,,,,,6.830867290496826,4.877164363861084,10.040313720703125,4.030203342437744,6.120541095733643,6.096381664276123,6.019099235534668,5.043978691101074,9.162162780761719,10.087963104248047,,,,,,,,,,,,,,,,,,,,,,,,,,,,,,,,,,,,,,,,
5,1119,,,,,,,,,,,,,,,,,,,,,,,,,,,,,,,,,,,,,,,,,0.378943532705307,0.2940622568130493,0.3790434002876282,0.33590084314346313,0.8731311559677124,0.38914403319358826,0.5225648880004883,0.12099471688270569,0.16144618391990662,0.33420422673225403,6.6498236656188965,5.011236667633057,6.577653408050537,6.8415656089782715,11.145349502563477,9.342422485351562,9.01705551147461,2.3200793266296387,2.9839179515838623,6.609133243560791,,,,,,,,,,,8.417848587036133,6.00318717956543,8.870664596557617,8.05675983428955,13.370245933532715,10.109532356262207,11.828805923461914,4.102437496185303,4.612508773803711,8.806496620178223,,,,,,,,,,,,,,,,,,,,,,,,,,,,,,,,,,,,,,,,
5,1124,,,,,,,,,,,,,,,,,,,,,,,,,,,,,,,,,,,,,,,,,0.41467195749282837,0.3856993615627289,0.3103812336921692,0.40796852111816406,0.4295046329498291,0.4405982196331024,0.7140978574752808,0.46915769577026367,0.34548476338386536,0.22915516793727875,7.3043036460876465,5.776715278625488,5.558788299560547,7.890379428863525,7.053517818450928,9.066925048828125,10.386919975280762,7.855275630950928,5.9371843338012695,6.21302604675293,,,,,,,,,,,8.873515129089355,6.8752217292785645,8.02711296081543,8.879085540771484,9.377425193786621,10.757150650024414,13.827691078186035,8.078266143798828,6.747419834136963,7.292257308959961,,,,,,,,,,,,,,,,,,,,,,,,,,,,,,,,,,,,,,,,
5,1129,,,,,,,,,,,,,,,,,,,,,,,,,,,,,,,,,,,,,,,,,0.29840588569641113,0.1831994354724884,0.5215816497802734,0.557224690914154,0.26935043931007385,0.23051446676254272,0.11199486255645752,0.2733469009399414,0.27100998163223267,0.2674305737018585,6.121310710906982,3.9568636417388916,9.60631275177002,9.119885444641113,5.439662933349609,5.6519389152526855,4.4498443603515625,4.840574264526367,5.646706581115723,6.380007743835449,,,,,,,,,,,7.358219623565674,4.738319396972656,10.405735969543457,10.376958847045898,7.426060199737549,7.780812740325928,5.476080894470215,6.16617488861084,5.976073741912842,7.87775993347168,,,,,,,,,,,,,,,,,,,,,,,,,,,,,,,,,,,,,,,,
5,1134,,,,,,,,,,,,,,,,,,,,,,,,,,,,,,,,,,,,,,,,,0.4533729553222656,0.3910384774208069,0.44169193506240845,0.4327962398529053,0.49048638343811035,0.35074660181999207,0.5928439497947693,0.8502748608589172,0.23633277416229248,0.29414573311805725,6.75205135345459,5.628726005554199,6.049319744110107,6.647336006164551,7.69666051864624,8.208620071411133,7.567460060119629,7.933253765106201,4.637748718261719,6.399336338043213,,,,,,,,,,,9.17548942565918,6.922643661499023,9.575718879699707,9.145272254943848,10.021047592163086,9.597820281982422,12.599143028259277,10.875229835510254,5.580656051635742,8.261872291564941,,,,,,,,,,,,,,,,,,,,,,,,,,,,,,,,,,,,,,,,
5,1139,,,,,,,,,,,,,,,,,,,,,,,,,,,,,,,,,,,,,,,,,0.46648910641670227,0.24169331789016724,0.5821751952171326,0.5689656734466553,0.2790822386741638,0.5291733145713806,0.6059738993644714,0.35236918926239014,0.4927203357219696,0.5462486743927002,7.250001907348633,4.325697422027588,8.346299171447754,8.44172477722168,5.619932174682617,8.326173782348633,7.88170051574707,5.041477680206299,7.450074195861816,9.816939353942871,,,,,,,,,,,9.48058795928955,5.4424519538879395,10.99356460571289,10.485712051391602,7.559023857116699,11.788942337036133,12.737897872924805,7.0009613037109375,8.057930946350098,11.258807182312012,,,,,,,,,,,,,,,,,,,,,,,,,,,,,,,,,,,,,,,,
5,1144,,,,,,,,,,,,,,,,,,,,,,,,,,,,,,,,,,,,,,,,,0.25824466347694397,0.28082284331321716,0.06156204268336296,0.3357101380825043,0.14471504092216492,0.33274415135383606,0.23776987195014954,0.28960826992988586,0.31137436628341675,0.3298952281475067,5.651808261871338,5.151360511779785,3.4488751888275146,6.173520088195801,4.941624641418457,6.454679012298584,6.39523983001709,5.133325099945068,6.183704853057861,6.983941078186035,,,,,,,,,,,6.86317253112793,5.86649227142334,3.5749351978302,8.054471969604492,5.443227291107178,9.348265647888184,7.979013442993164,6.3469367027282715,6.405672073364258,8.749539375305176,,,,,,,,,,,,,,,,,,,,,,,,,,,,,,,,,,,,,,,,
5,1149,,,,,,,,,,,,,,,,,,,,,,,,,,,,,,,,,,,,,,,,,0.3998563885688782,0.4506244957447052,0.299434095621109,0.1565760225057602,0.604019045829773,0.3150005340576172,0.16610848903656006,0.5476546287536621,0.6900020241737366,0.36928829550743103,6.757846832275391,5.469557762145996,6.4351348876953125,4.5378923416137695,8.464808464050293,7.600492477416992,5.431586265563965,8.310306549072266,7.795656681060791,6.775186061859131,,,,,,,,,,,8.358036994934082,7.43138313293457,7.884284496307373,5.500694751739502,11.120516777038574,9.095602989196777,6.669092178344727,8.727946281433105,9.53561019897461,9.257206916809082,,,,,,,,,,,,,,,,,,,,,,,,,,,,,,,,,,,,,,,,
5,1154,,,,,,,,,,,,,,,,,,,,,,,,,,,,,,,,,,,,,,,,,0.433908611536026,0.3331180810928345,0.4179565906524658,0.3473803699016571,0.3094802498817444,0.3971063792705536,0.25888198614120483,0.7933406233787537,0.5742301344871521,0.47368311882019043,7.309602737426758,5.152193069458008,7.550840377807617,7.107401371002197,6.61113977432251,8.559091567993164,6.59705114364624,8.559728622436523,6.879596710205078,8.76938533782959,,,,,,,,,,,8.898209571838379,6.3894195556640625,9.31488037109375,8.193273544311523,7.960055351257324,10.212434768676758,8.325718879699707,10.5048189163208,8.698939323425293,10.484341621398926,,,,,,,,,,,,,,,,,,,,,,,,,,,,,,,,,,,,,,,,
5,1159,,,,,,,,,,,,,,,,,,,,,,,,,,,,,,,,,,,,,,,,,0.5904489159584045,0.5364320278167725,1.2195402383804321,0.8603839874267578,0.3588348925113678,0.6504456400871277,0.29036909341812134,0.40955933928489685,0.639206051826477,0.3492690920829773,8.55955696105957,6.4626617431640625,13.477843284606934,9.840614318847656,7.4919657707214355,11.370772361755371,7.642304420471191,6.100656986236572,6.548333644866943,8.100858688354492,,,,,,,,,,,10.344599723815918,8.108110427856445,15.91144847869873,12.89439868927002,8.571306228637695,13.070174217224121,8.817510604858398,7.547743320465088,9.177908897399902,9.002793312072754,,,,,,,,,,,,,,,,,,,,,,,,,,,,,,,,,,,,,,,,
5,1163,,,,,,,,,,,,,,,,,,,,,,,,,,,,,,,,,,,,,,,,,,,,,,,,,,,6.8573174476623535,5.775777816772461,6.750400543212891,6.417924404144287,7.069727420806885,8.522294998168945,7.469006538391113,6.003054141998291,6.083231449127197,7.624442100524902,0.5427148938179016,0.5166119933128357,0.6068646311759949,0.6239484548568726,0.5529763698577881,0.4637318253517151,0.5422985553741455,0.5552732944488525,0.5084269046783447,0.5143017768859863,9.004819869995117,7.49905252456665,8.896222114562988,8.49075984954834,9.381242752075195,11.175737380981445,9.975948333740234,7.770305156707764,7.949827671051025,9.90428638458252,0.6139042973518372,0.7164866924285889,0.7051028609275818,0.46939316391944885,0.6421678066253662,0.6216182708740234,0.5366498827934265,0.5142741799354553,0.7459129691123962,0.5735331773757935,8.123373031616211,6.962530612945557,8.669111251831055,6.961367130279541,9.124260902404785,9.428482055664062,8.888629913330078,6.254792213439941,8.075387954711914,8.74579906463623,0.3303714394569397,0.24089425802230835,0.416156530380249,0.5345481038093567,0.22099250555038452,0.43262535333633423,0.4533267617225647,0.22757971286773682,0.0035544633865356445,0.4436652660369873,10.860686302185059,9.640851974487305,11.714762687683105,10.13540267944336,11.941695213317871,12.950613021850586,11.820032119750977,8.193641662597656,10.150856971740723,11.198323249816895
6,1164,,,,,,,,,,,,,,,,,,,,,,,,,,,,,,,,,,,,,,,,,0.3760639429092407,0.5073568820953369,0.2074393630027771,0.17356184124946594,0.2436075210571289,0.3801652491092682,0.32657262682914734,0.2046901434659958,1.068704605102539,0.27247726917266846,6.46470308303833,6.0818634033203125,5.4613847732543945,4.098048686981201,6.3320136070251465,7.7895121574401855,7.810307502746582,4.157836437225342,10.067014694213867,6.384348392486572,,,,,,,,,,,7.977724075317383,7.88531494140625,6.562317371368408,5.791378974914551,7.062281131744385,9.99222183227539,9.351056098937988,5.3358941078186035,11.86730670928955,7.951743125915527,,,,,,,,,,,,,,,,,,,,,,,,,,,,,,,,,,,,,,,,
6,1169,,,,,,,,,,,,,,,,,,,,,,,,,,,,,,,,,,,,,,,,,0.7432840466499329,0.5872964859008789,0.5104054808616638,1.0375107526779175,0.8586731553077698,0.5975375175476074,0.977181613445282,0.7685715556144714,0.769768238067627,0.5826120376586914,9.335142135620117,6.606452465057373,7.5093674659729,11.133371353149414,9.811110496520996,10.063055038452148,11.506767272949219,7.981158256530762,9.443052291870117,9.961945533752441,,,,,,,,,,,11.881973266601562,8.483810424804688,10.293647766113281,14.15960693359375,13.259087562561035,12.527327537536621,16.175527572631836,10.339532852172852,10.071711540222168,11.627514839172363,,,,,,,,,,,,,,,,,,,,,,,,,,,,,,,,,,,,,,,,
6,1174,,,,,,,,,,,,,,,,,,,,,,,,,,,,,,,,,,,,,,,,,0.3121267855167389,0.5093261003494263,0.09866506606340408,0.32694435119628906,0.2123449295759201,0.2907571792602539,0.43494945764541626,0.4654785692691803,0.18048827350139618,0.29018718004226685,5.722328186035156,4.957446098327637,3.5828680992126465,5.803188323974609,5.856326580047607,6.456407070159912,8.335118293762207,6.516433238983154,3.27880597114563,6.714363098144531,,,,,,,,,,,7.514270305633545,7.900602340698242,4.5257792472839355,7.9486212730407715,6.593570232391357,8.738584518432617,10.791707992553711,8.046528816223145,4.876944065093994,8.206090927124023,,,,,,,,,,,,,,,,,,,,,,,,,,,,,,,,,,,,,,,,
6,1179,,,,,,,,,,,,,,,,,,,,,,,,,,,,,,,,,,,,,,,,,0.3609027862548828,0.288542777299881,0.3362886607646942,0.3369177579879761,0.391506552696228,0.661360502243042,0.5553311705589294,0.021610330790281296,0.2958507537841797,0.3607165515422821,6.707417964935303,4.923925876617432,7.300008296966553,5.429898262023926,7.446033954620361,10.889911651611328,10.197620391845703,1.4953831434249878,5.1451568603515625,7.538819789886475,,,,,,,,,,,8.202689170837402,5.94658088684082,8.3554105758667,8.068946838378906,8.953011512756348,13.179381370544434,12.19401741027832,1.7337615489959717,6.243952751159668,9.149138450622559,,,,,,,,,,,,,,,,,,,,,,,,,,,,,,,,,,,,,,,,
6,1184,,,,,,,,,,,,,,,,,,,,,,,,,,,,,,,,,,,,,,,,,0.2966092824935913,0.2886306941509247,0.15325205028057098,0.32030728459358215,0.15894880890846252,0.28272032737731934,0.23897716403007507,0.4600878655910492,0.3841358423233032,0.38242340087890625,5.747569561004639,4.566564559936523,4.932233810424805,7.2746686935424805,3.833571195602417,5.858506202697754,5.731739044189453,6.236286163330078,5.164532661437988,8.130023002624512,,,,,,,,,,,7.367931842803955,5.947487831115723,5.640463352203369,7.867527961730957,5.704640865325928,8.616966247558594,7.9992451667785645,7.9997992515563965,7.114849090576172,9.420402526855469,,,,,,,,,,,,,,,,,,,,,,,,,,,,,,,,,,,,,,,,
6,1189,,,,,,,,,,,,,,,,,,,,,,,,,,,,,,,,,,,,,,,,,0.2896215319633484,0.35388317704200745,0.33668822050094604,0.2173013687133789,0.3529069125652313,0.33647483587265015,0.11844618618488312,0.1272478848695755,0.6332117915153503,0.13043347001075745,5.835211753845215,5.412117004394531,6.840132713317871,5.718256950378418,7.444249153137207,7.224746227264404,4.0652947425842285,4.07677698135376,7.2504801750183105,4.484851360321045,,,,,,,,,,,7.089104652404785,6.58555269241333,8.360372543334961,6.480165958404541,8.500210762023926,9.40052604675293,5.631594181060791,4.207111358642578,9.134774208068848,5.501634120941162,,,,,,,,,,,,,,,,,,,,,,,,,,,,,,,,,,,,,,,,
6,1194,,,,,,,,,,,,,,,,,,,,,,,,,,,,,,,,,,,,,,,,,0.5102099180221558,0.30578523874282837,0.3718009889125824,1.1804990768432617,0.4442630112171173,0.7534189820289612,0.3185718059539795,0.7074760794639587,0.3494158983230591,0.16065865755081177,7.300055503845215,4.399773597717285,6.550533771514893,10.46989631652832,7.914606094360352,10.680341720581055,6.25663948059082,8.569125175476074,5.520508766174316,5.33906888961792,,,,,,,,,,,9.518048286437988,6.121678829193115,8.78550910949707,15.103851318359375,9.537174224853516,14.06676197052002,9.235798835754395,9.920066833496094,6.785699367523193,6.105894088745117,,,,,,,,,,,,,,,,,,,,,,,,,,,,,,,,,,,,,,,,
6,1199,,,,,,,,,,,,,,,,,,,,,,,,,,,,,,,,,,,,,,,,,0.5527316331863403,0.4498436450958252,0.537634551525116,0.30980491638183594,0.512035071849823,0.6581512689590454,0.9489031434059143,0.8743970394134521,0.25794482231140137,0.42586982250213623,8.483967781066895,6.097693920135498,8.661166191101074,6.025511264801025,8.857847213745117,11.44974422454834,12.502606391906738,9.284513473510742,5.106515407562256,8.370108604431152,,,,,,,,,,,10.205864906311035,7.4249420166015625,10.564652442932129,7.737471103668213,10.238810539245605,13.147364616394043,15.93975830078125,11.028413772583008,5.8302435874938965,9.941126823425293,,,,,,,,,,,,,,,,,,,,,,,,,,,,,,,,,,,,,,,,
6,1204,,,,,,,,,,,,,,,,,,,,,,,,,,,,,,,,,,,,,,,,,0.377316951751709,0.24259623885154724,1.136007308959961,0.04708937555551529,0.19202618300914764,0.2857019603252411,0.3130205273628235,0.7676176428794861,0.16132459044456482,0.250468909740448,6.318612098693848,4.673028469085693,11.275333404541016,2.552161455154419,5.676980495452881,6.557018756866455,7.110081195831299,8.204032897949219,4.0785346031188965,6.740334987640381,,,,,,,,,,,7.831247329711914,5.452608108520508,15.356852531433105,3.0165905952453613,6.270177841186523,8.662284851074219,9.154975891113281,10.333113670349121,4.610771179199219,7.623846054077148,,,,,,,,,,,,,,,,,,,,,,,,,,,,,,,,,,,,,,,,
6,1209,,,,,,,,,,,,,,,,,,,,,,,,,,,,,,,,,,,,,,,,,0.4625028669834137,0.33051979541778564,0.20590928196907043,0.5016748905181885,0.32073312997817993,0.4197612702846527,0.18136918544769287,1.1046674251556396,0.6809704303741455,0.4169204831123352,7.054951190948486,5.130648612976074,4.352200508117676,8.916903495788574,6.8173651695251465,8.342724800109863,5.562117099761963,8.156707763671875,7.749118328094482,8.466774940490723,,,,,,,,,,,8.891719818115234,6.364451885223389,6.538071155548096,9.846141815185547,8.103479385375977,10.499703407287598,6.968712329864502,12.395796775817871,9.472996711730957,9.836119651794434,,,,,,,,,,,,,,,,,,,,,,,,,,,,,,,,,,,,,,,,
6,1214,,,,,,,,,,,,,,,,,,,,,,,,,,,,,,,,,,,,,,,,,0.4736252427101135,0.9315988421440125,0.18939542770385742,0.15642505884170532,0.7373736500740051,0.5712199807167053,0.29061180353164673,0.2769102156162262,0.38764628767967224,0.721445620059967,7.347922325134277,8.718467712402344,5.2441229820251465,4.620646953582764,8.989274024963379,9.316367149353027,7.258543014526367,5.786673069000244,5.972341537475586,10.22486400604248,,,,,,,,,,,9.122495651245117,10.685054779052734,6.270416259765625,5.49804162979126,12.286932945251465,12.248350143432617,8.821194648742676,6.206234931945801,7.147284507751465,12.938949584960938,,,,,,,,,,,,,,,,,,,,,,,,,,,,,,,,,,,,,,,,
6,1219,,,,,,,,,,,,,,,,,,,,,,,,,,,,,,,,,,,,,,,,,0.49687322974205017,1.0464684963226318,0.3478054702281952,0.40514853596687317,0.16595453023910522,0.43718594312667847,0.14328575134277344,0.5532830357551575,1.174576997756958,0.1981503963470459,6.84736442565918,8.159078598022461,5.888250350952148,6.552927017211914,4.476519584655762,8.773947715759277,4.7587056159973145,8.07446575164795,9.193013191223145,5.7493696212768555,,,,,,,,,,,8.822629928588867,11.324665069580078,8.497279167175293,8.848344802856445,5.8290019035339355,10.715413093566895,6.1940155029296875,8.772682189941406,12.441251754760742,6.781014442443848,,,,,,,,,,,,,,,,,,,,,,,,,,,,,,,,,,,,,,,,
6,1224,,,,,,,,,,,,,,,,,,,,,,,,,,,,,,,,,,,,,,,,,0.29147040843963623,0.23517686128616333,0.3587716817855835,0.1996983140707016,0.21874463558197021,0.44162681698799133,0.16497011482715607,0.2259158492088318,0.19564956426620483,0.5826796889305115,5.85009765625,3.8109846115112305,7.301425933837891,4.94406270980835,5.598177433013916,7.933807373046875,4.666264057159424,4.7733283042907715,4.722792625427246,8.900033950805664,,,,,,,,,,,7.4033989906311035,5.368581771850586,8.630197525024414,6.212152481079102,6.6921916007995605,10.769699096679688,6.646200656890869,5.605728626251221,5.07765007019043,11.628190040588379,,,,,,,,,,,,,,,,,,,,,,,,,,,,,,,,,,,,,,,,
6,1229,,,,,,,,,,,,,,,,,,,,,,,,,,,,,,,,,,,,,,,,,0.3374671936035156,0.469880610704422,0.4123462438583374,0.21155470609664917,0.3810676336288452,0.27354520559310913,0.34862020611763,0.41169318556785583,0.27279984951019287,0.2556969225406647,6.576407432556152,6.299467086791992,8.746426582336426,5.511754512786865,7.773932933807373,6.640537738800049,7.094660758972168,5.723283290863037,4.808286666870117,6.589317798614502,,,,,,,,,,,7.941234111785889,7.5885009765625,9.252150535583496,6.3939056396484375,8.832846641540527,8.475990295410156,9.661556243896484,7.567380428314209,5.99577522277832,7.703000545501709,,,,,,,,,,,,,,,,,,,,,,,,,,,,,,,,,,,,,,,,
6,1234,,,,,,,,,,,,,,,,,,,,,,,,,,,,,,,,,,,,,,,,,0.5818286538124084,0.1965334713459015,0.6535496115684509,0.7213671207427979,0.36183810234069824,1.0609546899795532,0.7567384839057922,0.5576228499412537,0.45643049478530884,0.4714229702949524,8.113518714904785,3.8747284412384033,8.925602912902832,9.336455345153809,6.588797092437744,11.124747276306152,9.924497604370117,7.4334282875061035,6.684136867523193,9.12927532196045,,,,,,,,,,,10.546515464782715,4.907728672027588,11.647989273071289,11.80682373046875,8.607098579406738,16.692611694335938,14.234549522399902,8.80702018737793,7.755514144897461,10.459299087524414,,,,,,,,,,,,,,,,,,,,,,,,,,,,,,,,,,,,,,,,
6,1239,,,,,,,,,,,,,,,,,,,,,,,,,,,,,,,,,,,,,,,,,0.5232027173042297,0.5852519869804382,0.5136904716491699,0.484554648399353,0.37057918310165405,0.5307244062423706,0.2366064339876175,0.7113416790962219,0.9721841812133789,0.30389100313186646,7.24655818939209,6.517809867858887,5.6488037109375,7.82845401763916,6.021595478057861,9.345589637756348,6.81151819229126,7.353161334991455,8.713211059570312,6.978877067565918,,,,,,,,,,,9.623558044433594,8.46903133392334,10.326720237731934,9.676677703857422,8.710440635681152,11.806206703186035,7.959468841552734,9.94713020324707,11.318726539611816,8.397619247436523,,,,,,,,,,,,,,,,,,,,,,,,,,,,,,,,,,,,,,,,
6,1244,,,,,,,,,,,,,,,,,,,,,,,,,,,,,,,,,,,,,,,,,0.5661601424217224,0.5888887643814087,0.256350576877594,0.12462972849607468,0.27570807933807373,0.516638457775116,0.27769148349761963,1.2302383184432983,1.2397513389587402,0.5855444669723511,7.654776096343994,5.734091758728027,6.022878170013428,4.143845558166504,6.5534162521362305,9.355399131774902,6.352173805236816,9.014820098876953,11.20721435546875,10.50914478302002,,,,,,,,,,,9.555815696716309,8.4953031539917,7.295058727264404,4.907561302185059,7.513190746307373,11.648479461669922,8.62287425994873,13.08137321472168,12.781758308410645,11.65674114227295,,,,,,,,,,,,,,,,,,,,,,,,,,,,,,,,,,,,,,,,
6,1249,,,,,,,,,,,,,,,,,,,,,,,,,,,,,,,,,,,,,,,,,0.354609876871109,0.41046422719955444,0.337363600730896,0.7077863216400146,0.31432071328163147,0.3550432324409485,0.25300854444503784,0.2269423007965088,0.3041486144065857,0.2824111580848694,6.256068706512451,5.988167762756348,5.636193752288818,9.21324348449707,5.735206604003906,7.418750286102295,6.162437915802002,4.465156078338623,5.360265254974365,6.325195789337158,,,,,,,,,,,8.123377799987793,7.092509746551514,8.368752479553223,11.695154190063477,8.022065162658691,9.656427383422852,8.230730056762695,5.6184492111206055,6.330910682678223,8.095396995544434,,,,,,,,,,,,,,,,,,,,,,,,,,,,,,,,,,,,,,,,
6,1254,,,,,,,,,,,,,,,,,,,,,,,,,,,,,,,,,,,,,,,,,0.25164830684661865,0.295929491519928,0.23675769567489624,0.12369374930858612,0.48545825481414795,0.23460443317890167,0.17136816680431366,0.17905570566654205,0.34762370586395264,0.19034333527088165,5.511402606964111,4.697985649108887,6.563449382781982,3.9687609672546387,7.342669486999512,6.146831035614014,5.2562255859375,4.018637180328369,5.469086647033691,6.138976573944092,,,,,,,,,,,6.768884181976318,6.022217273712158,7.010737419128418,4.889098167419434,9.969551086425781,7.849535942077637,6.773854732513428,4.990600109100342,6.768274307250977,6.646087646484375,,,,,,,,,,,,,,,,,,,,,,,,,,,,,,,,,,,,,,,,
6,1259,,,,,,,,,,,,,,,,,,,,,,,,,,,,,,,,,,,,,,,,,0.3235486149787903,0.23782524466514587,0.12333454191684723,0.1310688555240631,0.19394181668758392,0.5317073464393616,0.42288801074028015,0.2750418186187744,0.7760614156723022,0.22006849944591522,5.862510681152344,4.341182231903076,3.788862943649292,4.105895042419434,5.081526279449463,9.664701461791992,8.176229476928711,4.6504364013671875,7.0085296630859375,5.9452362060546875,,,,,,,,,,,7.521702289581299,5.398725509643555,5.060041427612305,5.032741546630859,6.301375389099121,11.81713581085205,10.64102554321289,6.1852617263793945,10.112797737121582,7.146215915679932,,,,,,,,,,,,,,,,,,,,,,,,,,,,,,,,,,,,,,,,
6,1264,,,,,,,,,,,,,,,,,,,,,,,,,,,,,,,,,,,,,,,,,0.31151461601257324,0.35833215713500977,0.18581528961658478,0.2184053510427475,0.3058028519153595,0.4003877639770508,0.38523346185684204,0.42225074768066406,0.2937003970146179,0.2337033748626709,6.280689239501953,5.730057716369629,5.575770378112793,5.683093070983887,4.623002529144287,9.078902244567871,8.37646484375,6.907094478607178,4.538301944732666,6.013514518737793,,,,,,,,,,,7.656331539154053,6.626819610595703,6.210869312286377,6.496605396270752,7.912621974945068,10.254541397094727,10.15623664855957,7.663796424865723,6.221220016479492,7.364270210266113,,,,,,,,,,,,,,,,,,,,,,,,,,,,,,,,,,,,,,,,
6,1269,,,,,,,,,,,,,,,,,,,,,,,,,,,,,,,,,,,,,,,,,0.36668661236763,0.6987096667289734,0.14841410517692566,0.47460174560546875,0.3252885341644287,0.5804588198661804,0.2611519694328308,0.476942241191864,0.15518604218959808,0.1794264316558838,6.525876522064209,7.271270751953125,4.925241470336914,8.214543342590332,6.547945022583008,9.799177169799805,6.531960487365723,6.688875675201416,3.6689186096191406,5.084953308105469,,,,,,,,,,,8.041217803955078,9.253599166870117,5.550718784332275,9.576781272888184,8.160823822021484,12.347003936767578,8.362139701843262,8.14500904083252,4.522198677062988,6.45268440246582,,,,,,,,,,,,,,,,,,,,,,,,,,,,,,,,,,,,,,,,
6,1274,,,,,,,,,,,,,,,,,,,,,,,,,,,,,,,,,,,,,,,,,0.19235368072986603,0.20579233765602112,0.1669921875,0.24238057434558868,0.21150138974189758,0.20700539648532867,0.16620902717113495,0.14882776141166687,0.1344062089920044,0.2480681836605072,4.737631320953369,4.01738977432251,4.348356246948242,4.756904602050781,5.130138874053955,6.050162315368652,5.85178804397583,3.447547197341919,3.10690975189209,5.9294867515563965,,,,,,,,,,,6.0804901123046875,5.02200174331665,5.887890338897705,6.843902587890625,6.580460071563721,7.3733811378479,6.671109676361084,4.549887657165527,4.208554744720459,7.587220668792725,,,,,,,,,,,,,,,,,,,,,,,,,,,,,,,,,,,,,,,,
6,1279,,,,,,,,,,,,,,,,,,,,,,,,,,,,,,,,,,,,,,,,,0.417740136384964,0.46017172932624817,0.6641936898231506,0.519631028175354,0.4608617424964905,0.6719905734062195,0.2892865538597107,0.3731534481048584,0.17166021466255188,0.148712158203125,6.9857707023620605,5.890379428863525,9.642219543457031,7.435657978057861,8.03153133392334,9.986733436584473,6.330950736999512,6.620359420776367,4.154959678649902,4.779144287109375,,,,,,,,,,,8.76752758026123,7.509693622589111,11.74245834350586,10.020800590515137,9.713706016540527,13.28487491607666,8.801058769226074,7.204476833343506,4.75617790222168,5.8744940757751465,,,,,,,,,,,,,,,,,,,,,,,,,,,,,,,,,,,,,,,,
6,1284,,,,,,,,,,,,,,,,,,,,,,,,,,,,,,,,,,,,,,,,,0.41502559185028076,0.24273781478405,0.7058007121086121,0.259085476398468,0.5236338973045349,0.4723384380340576,0.5816303491592407,0.23592159152030945,0.32481443881988525,0.38926762342453003,7.31209659576416,4.533786296844482,8.692885398864746,5.797585964202881,8.778157234191895,9.154352188110352,9.734363555908203,5.325595378875732,5.622450351715088,8.169687271118164,,,,,,,,,,,8.931267738342285,5.454198837280273,12.104662895202637,7.075814247131348,10.354127883911133,11.13787841796875,12.479416847229004,5.728521823883057,6.5424580574035645,9.504326820373535,,,,,,,,,,,,,,,,,,,,,,,,,,,,,,,,,,,,,,,,
6,1289,,,,,,,,,,,,,,,,,,,,,,,,,,,,,,,,,,,,,,,,,0.4161161780357361,0.5664774775505066,0.21823687851428986,0.3103944957256317,0.7156813144683838,0.42066341638565063,0.39722174406051636,0.2716337740421295,0.44706523418426514,0.39767152070999146,7.208921909332275,6.4132490158081055,4.897281646728516,7.1135101318359375,9.6328125,9.27675724029541,8.855903625488281,6.028401851654053,6.574649333953857,6.087729454040527,,,,,,,,,,,8.796162605285645,8.332082748413086,6.730940341949463,7.7448296546936035,12.104851722717285,10.510980606079102,10.313054084777832,6.14682149887085,7.675536632537842,9.60637378692627,,,,,,,,,,,,,,,,,,,,,,,,,,,,,,,,,,,,,,,,
6,1294,,,,,,,,,,,,,,,,,,,,,,,,,,,,,,,,,,,,,,,,,0.41104188561439514,0.3998490571975708,0.2866212725639343,0.1287166029214859,0.26654672622680664,0.42186492681503296,0.5742617249488831,0.2821125388145447,0.654999852180481,0.684404194355011,7.092902183532715,5.527746677398682,6.326872825622559,4.243473052978516,6.519161701202393,8.63618278503418,9.774123191833496,4.772254943847656,6.98117208480835,11.05513858795166,,,,,,,,,,,8.685779571533203,7.000197887420654,7.7137556076049805,4.987376689910889,7.387310028076172,10.525979995727539,12.400115013122559,6.264262676239014,9.290602684020996,12.602408409118652,,,,,,,,,,,,,,,,,,,,,,,,,,,,,,,,,,,,,,,,
6,1299,,,,,,,,,,,,,,,,,,,,,,,,,,,,,,,,,,,,,,,,,0.5994783639907837,0.24756552278995514,1.0895098447799683,0.7753844261169434,0.6464782357215881,0.34939342737197876,0.6949912905693054,0.529843270778656,0.7523922324180603,0.30974704027175903,8.293081283569336,4.289659023284912,11.656450271606445,9.258121490478516,9.326973915100098,7.790273189544678,9.65708065032959,7.056983947753906,9.146069526672363,6.456120491027832,,,,,,,,,,,10.503801345825195,5.508170127868652,15.039287567138672,12.240901947021484,11.504734992980957,9.5792875289917,13.641448020935059,8.584845542907715,9.957387924194336,8.478143692016602,,,,,,,,,,,,,,,,,,,,,,,,,,,,,,,,,,,,,,,,
6,1304,,,,,,,,,,,,,,,,,,,,,,,,,,,,,,,,,,,,,,,,,0.6845525503158569,0.7664870023727417,0.8941969275474548,0.49725425243377686,0.2557326853275299,0.587262749671936,0.403558611869812,0.7434043884277344,1.3670905828475952,0.6459856033325195,8.889933586120605,7.740534782409668,11.61147689819336,7.554638385772705,6.079756259918213,10.255620956420898,7.9323930740356445,8.642229080200195,10.892095565795898,9.300657272338867,,,,,,,,,,,11.00045108795166,9.692028999328613,13.624741554260254,9.802664756774902,7.235903263092041,12.419156074523926,10.394990921020508,10.168837547302246,13.422144889831543,12.243585586547852,,,,,,,,,,,,,,,,,,,,,,,,,,,,,,,,,,,,,,,,
6,1309,,,,,,,,,,,,,,,,,,,,,,,,,,,,,,,,,,,,,,,,,0.36386728286743164,0.35278555750846863,0.9195254445075989,0.4378240704536438,0.32439306378364563,0.39328572154045105,0.22132253646850586,0.1174875795841217,0.1092333197593689,0.3989482522010803,6.491146564483643,5.001490592956543,11.338181495666504,7.308272361755371,6.610825538635254,7.541248798370361,5.697447776794434,3.951586961746216,3.525132179260254,7.446130275726318,,,,,,,,,,,8.117684364318848,6.575331687927246,13.816356658935547,9.19823932647705,8.14958381652832,10.163187980651855,7.698101043701172,4.042543888092041,3.794029951095581,9.621781349182129,,,,,,,,,,,,,,,,,,,,,,,,,,,,,,,,,,,,,,,,
6,1314,,,,,,,,,,,,,,,,,,,,,,,,,,,,,,,,,,,,,,,,,0.29678013920783997,0.3128471374511719,0.35186517238616943,0.18013225495815277,0.4209378659725189,0.34498852491378784,0.17682285606861115,0.18474002182483673,0.15052494406700134,0.5481624603271484,5.91592264175415,4.929896354675293,7.084475517272949,4.050136566162109,6.926033020019531,7.848694801330566,4.847209453582764,4.3302154541015625,3.842780590057373,9.383864402770996,,,,,,,,,,,7.458123207092285,6.191963195800781,8.54672622680664,5.899981498718262,9.28343391418457,9.518712043762207,6.880816459655762,5.069197177886963,4.4537672996521,11.278512954711914,,,,,,,,,,,,,,,,,,,,,,,,,,,,,,,,,,,,,,,,
6,1319,,,,,,,,,,,,,,,,,,,,,,,,,,,,,,,,,,,,,,,,,0.2573557198047638,0.1742473691701889,0.23675322532653809,0.10700567066669464,0.4685763418674469,0.3606702387332916,0.36972007155418396,0.14493340253829956,0.019429748877882957,0.43486541509628296,5.5088677406311035,3.6351799964904785,5.653256416320801,4.14743185043335,8.043357849121094,6.919810771942139,7.857151508331299,3.8789353370666504,1.371140956878662,8.073541641235352,,,,,,,,,,,6.865749835968018,4.621099948883057,7.010672092437744,4.547348976135254,9.794670104980469,9.732647895812988,9.949638366699219,4.489965438842773,1.6001359224319458,10.045570373535156,,,,,,,,,,,,,,,,,,,,,,,,,,,,,,,,,,,,,,,,
6,1324,,,,,,,,,,,,,,,,,,,,,,,,,,,,,,,,,,,,,,,,,0.3529772162437439,0.5842113494873047,0.1669815182685852,0.35276854038238525,0.2585102915763855,0.6918411254882812,0.6257351040840149,0.1192912608385086,0.12552206218242645,0.2519337832927704,5.956381320953369,6.219206809997559,4.5702738761901855,5.208561420440674,5.151648998260498,10.034005165100098,9.19198989868164,2.648958444595337,3.7895684242248535,6.793218612670898,,,,,,,,,,,8.010123252868652,8.46149730682373,5.887702465057373,8.256572723388672,7.2750935554504395,13.479662895202637,12.943926811218262,4.073456287384033,4.0670857429504395,7.646108150482178,,,,,,,,,,,,,,,,,,,,,,,,,,,,,,,,,,,,,,,,
6,1329,,,,,,,,,,,,,,,,,,,,,,,,,,,,,,,,,,,,,,,,,0.32969313859939575,0.36915919184684753,0.16625399887561798,0.25831836462020874,0.172891303896904,0.32760128378868103,0.22734959423542023,0.25508934259414673,0.5829883813858032,0.6075868606567383,6.2153730392456055,5.924701690673828,5.097932815551758,6.594610691070557,4.412075042724609,6.631075382232666,6.378652095794678,3.8740389347076416,8.137805938720703,8.887465476989746,,,,,,,,,,,7.698861122131348,6.726190090179443,5.8748626708984375,7.065330982208252,5.949578762054443,9.275742530822754,7.802214622497559,5.956688404083252,8.765026092529297,11.87411880493164,,,,,,,,,,,,,,,,,,,,,,,,,,,,,,,,,,,,,,,,
6,1334,,,,,,,,,,,,,,,,,,,,,,,,,,,,,,,,,,,,,,,,,0.4143817126750946,0.16922269761562347,0.45371773838996887,0.6318909525871277,0.24360857903957367,0.6931807994842529,0.24821124970912933,0.44228386878967285,0.48962727189064026,0.35769206285476685,7.2002739906311035,3.552119016647339,7.876354694366455,9.73020076751709,5.347787857055664,10.738892555236816,6.970022201538086,6.596496105194092,6.821292877197266,7.169301509857178,,,,,,,,,,,8.778183937072754,4.553984642028809,9.705201148986816,11.050348281860352,7.0622968673706055,13.492709159851074,8.152325630187988,7.843489170074463,8.032599449157715,9.110701560974121,,,,,,,,,,,,,,,,,,,,,,,,,,,,,,,,,,,,,,,,
6,1339,,,,,,,,,,,,,,,,,,,,,,,,,,,,,,,,,,,,,,,,,0.2892330586910248,0.531432032585144,0.11012013256549835,0.1495012640953064,0.2417171746492386,0.2740175426006317,0.3489226698875427,0.09324182569980621,0.41111740469932556,0.4430273771286011,5.899321556091309,6.250068664550781,4.307803153991699,4.2808732986450195,5.822516918182373,7.025156497955322,7.775585651397705,3.4996559619903564,5.387678146362305,8.744555473327637,,,,,,,,,,,7.167956829071045,8.070234298706055,4.781289100646973,5.374985694885254,7.034826755523682,8.483304023742676,9.665746688842773,3.6013400554656982,7.360481262207031,10.139405250549316,,,,,,,,,,,,,,,,,,,,,,,,,,,,,,,,,,,,,,,,
6,1344,,,,,,,,,,,,,,,,,,,,,,,,,,,,,,,,,,,,,,,,,0.392801433801651,0.744949460029602,0.14658081531524658,0.20026400685310364,0.157548725605011,0.24900037050247192,0.2460576295852661,0.878932774066925,0.5099083185195923,0.40197092294692993,6.4088311195373535,7.698153972625732,4.806710720062256,4.694243907928467,4.798853397369385,7.411679744720459,6.337817192077637,9.173895835876465,5.562213897705078,7.195915222167969,,,,,,,,,,,8.009745597839355,9.554889678955078,5.516329288482666,6.220944881439209,5.679460525512695,8.086784362792969,8.11688232421875,11.056981086730957,8.197271347045898,9.658163070678711,,,,,,,,,,,,,,,,,,,,,,,,,,,,,,,,,,,,,,,,
6,1349,,,,,,,,,,,,,,,,,,,,,,,,,,,,,,,,,,,,,,,,,0.6785703301429749,0.8704308271408081,0.8310534954071045,0.25737857818603516,0.9106554388999939,0.9172640442848206,0.7731437683105469,0.2843916714191437,0.11369440704584122,1.1491203308105469,7.950350284576416,6.919130802154541,9.855158805847168,5.580836772918701,10.63683032989502,10.998950004577637,9.09243106842041,4.961913108825684,3.5441062450408936,9.963800430297852,,,,,,,,,,,11.174370765686035,10.328313827514648,13.134881019592285,7.052467346191406,13.65452766418457,15.5211181640625,14.388015747070312,6.289515495300293,3.870729446411133,16.32976531982422,,,,,,,,,,,,,,,,,,,,,,,,,,,,,,,,,,,,,,,,
6,1354,,,,,,,,,,,,,,,,,,,,,,,,,,,,,,,,,,,,,,,,,0.30886149406433105,0.3608028292655945,0.4462566673755646,0.16821548342704773,0.2035222202539444,0.47822120785713196,0.3433949053287506,0.46640515327453613,0.1544930636882782,0.15844202041625977,6.161192893981934,5.330383777618408,7.802191734313965,4.7026519775390625,4.958946704864502,9.110269546508789,7.963734149932861,6.413431644439697,3.7979235649108887,5.371207237243652,,,,,,,,,,,7.539719581604004,6.6496262550354,9.625072479248047,5.701483726501465,6.455138683319092,11.207022666931152,9.588876724243164,8.054533958435059,4.51209020614624,6.063625812530518,,,,,,,,,,,,,,,,,,,,,,,,,,,,,,,,,,,,,,,,
6,1357,,,,,,,,,,,,,,,,,,,,,,,,,,,,,,,,,,,,,,,,,,,,,,,,,,,6.821583271026611,5.600428581237793,6.803091049194336,6.490749835968018,7.008581161499023,8.520580291748047,7.336156845092773,5.977483749389648,6.027675628662109,7.629501819610596,0.5465791821479797,0.5346572399139404,0.60915207862854,0.6230947375297546,0.5525033473968506,0.4570172429084778,0.5529077649116516,0.55484938621521,0.5256651639938354,0.5093657970428467,8.973052978515625,7.357748031616211,8.8703031539917,8.50039291381836,9.386202812194824,11.245482444763184,9.859652519226074,7.7740092277526855,7.8091936111450195,9.954486846923828,0.5207937955856323,0.5668562054634094,0.6719552278518677,0.393550843000412,0.5741662383079529,0.5751793384552002,0.45049262046813965,0.507946789264679,0.4770253300666809,0.469971239566803,7.393953323364258,5.801544189453125,8.554736137390137,6.444935321807861,8.267144203186035,9.180405616760254,8.200042724609375,6.106684684753418,6.267279624938965,7.722804069519043,0.4324359893798828,0.4138241410255432,0.4422786235809326,0.5865297317504883,0.3130662441253662,0.48057544231414795,0.5429748296737671,0.2186635136604309,0.35382741689682007,0.5401840209960938,10.053620338439941,8.47184944152832,11.449695587158203,9.552691459655762,11.213794708251953,12.391291618347168,10.807489395141602,8.240796089172363,8.17429256439209,10.180683135986328
7,1359,,,,,,,,,,,,,,,,,,,,,,,,,,,,,,,,,,,,,,,,,0.2195434272289276,0.35799455642700195,0.13922187685966492,0.1590895652770996,0.19923017919063568,0.1765487641096115,0.19609101116657257,0.10015995800495148,0.29024550318717957,0.357309490442276,5.170510292053223,5.661344528198242,4.116747856140137,5.3528666496276855,4.90509033203125,5.7247314453125,5.754588603973389,3.0029191970825195,5.083133220672607,6.933167457580566,,,,,,,,,,,6.334384918212891,6.623697280883789,5.376075267791748,5.544670581817627,6.386710166931152,6.809389591217041,7.246021270751953,3.732551097869873,6.184520721435547,9.105829238891602,,,,,,,,,,,,,,,,,,,,,,,,,,,,,,,,,,,,,,,,
7,1364,,,,,,,,,,,,,,,,,,,,,,,,,,,,,,,,,,,,,,,,,0.30624088644981384,0.3484449088573456,0.13227227330207825,0.29545098543167114,0.5032075047492981,0.49748966097831726,0.3260493278503418,0.18118540942668915,0.059245288372039795,0.41282254457473755,5.71527099609375,4.743455410003662,4.155392646789551,5.865164756774902,6.936140060424805,8.041171073913574,7.249067306518555,4.096181392669678,2.4814467430114746,7.869420528411865,,,,,,,,,,,7.539703369140625,6.534754753112793,5.240178108215332,7.556098461151123,10.150166511535645,11.430570602416992,9.343561172485352,5.0201921463012695,2.7941529750823975,9.787660598754883,,,,,,,,,,,,,,,,,,,,,,,,,,,,,,,,,,,,,,,,
7,1369,,,,,,,,,,,,,,,,,,,,,,,,,,,,,,,,,,,,,,,,,0.504906952381134,0.3896603286266327,0.5771077871322632,0.6435533761978149,0.5838343501091003,0.7588962912559509,0.6977319717407227,0.30090975761413574,0.33242660760879517,0.26004186272621155,8.005879402160645,6.2738566398620605,10.289848327636719,8.157934188842773,8.7760648727417,10.475732803344727,11.271138191223145,4.476986408233643,6.2121100425720215,6.119236946105957,,,,,,,,,,,9.842621803283691,6.910435199737549,10.945613861083984,11.151856422424316,10.93312931060791,14.117801666259766,13.668319702148438,6.4695916175842285,6.618677139282227,7.768172264099121,,,,,,,,,,,,,,,,,,,,,,,,,,,,,,,,,,,,,,,,
7,1374,,,,,,,,,,,,,,,,,,,,,,,,,,,,,,,,,,,,,,,,,0.5439916253089905,0.40153172612190247,0.36945658922195435,0.2753574550151825,1.0374847650527954,0.906269907951355,0.2927264869213104,0.2386634349822998,0.6757573485374451,0.6986770629882812,7.804548740386963,5.067624092102051,7.571761131286621,6.146065711975098,10.56712532043457,11.957040786743164,6.487133979797363,5.02944278717041,7.1092987060546875,10.305439949035645,,,,,,,,,,,9.983808517456055,7.014911651611328,8.757766723632812,7.294631004333496,14.574393272399902,15.427823066711426,8.853230476379395,5.761713981628418,9.436668395996094,12.733137130737305,,,,,,,,,,,,,,,,,,,,,,,,,,,,,,,,,,,,,,,,
7,1379,,,,,,,,,,,,,,,,,,,,,,,,,,,,,,,,,,,,,,,,,0.4609399437904358,0.34544384479522705,0.1128702163696289,0.5332766771316528,0.2044762670993805,0.6820686459541321,0.09160669893026352,0.4491685926914215,1.2481859922409058,0.48136281967163086,6.653829097747803,5.551725387573242,3.7118937969207764,8.00178050994873,5.2801337242126465,8.420439720153809,4.273155689239502,6.5258989334106445,10.160300254821777,7.959131717681885,,,,,,,,,,,8.622682571411133,6.506553649902344,4.84062385559082,10.151521682739258,6.470250129699707,13.384122848510742,4.952613353729248,7.904300689697266,12.825163841247559,10.568989753723145,,,,,,,,,,,,,,,,,,,,,,,,,,,,,,,,,,,,,,,,
7,1384,,,,,,,,,,,,,,,,,,,,,,,,,,,,,,,,,,,,,,,,,0.46088293194770813,0.6172127723693848,0.3424748182296753,0.18479155004024506,0.5621340870857239,0.7037444114685059,0.44004544615745544,0.7630069851875305,0.2994827628135681,0.23505334556102753,7.326560974121094,5.854727745056152,7.560118675231934,5.222903251647949,9.655706405639648,10.369372367858887,7.660837650299072,8.879471778869629,4.708549499511719,6.027362823486328,,,,,,,,,,,9.139168739318848,8.697205543518066,8.431910514831543,5.9757981300354,10.728020668029785,13.59512996673584,10.854743003845215,10.302033424377441,6.282163143157959,7.385509014129639,,,,,,,,,,,,,,,,,,,,,,,,,,,,,,,,,,,,,,,,
7,1389,,,,,,,,,,,,,,,,,,,,,,,,,,,,,,,,,,,,,,,,,0.7518284320831299,0.6592580080032349,0.2568892240524292,0.28801873326301575,0.5969995856285095,0.49719247221946716,1.0042740106582642,0.7250186800956726,1.6728955507278442,1.0659093856811523,8.299551010131836,7.194878101348877,6.070956707000732,6.005160808563232,6.528961181640625,9.178472518920898,11.012978553771973,6.6415114402771,10.74807357788086,11.314967155456543,,,,,,,,,,,11.472244262695312,8.988556861877441,7.302719593048096,7.460453987121582,11.055709838867188,11.427156448364258,16.39822769165039,10.042302131652832,14.847650527954102,15.727415084838867,,,,,,,,,,,,,,,,,,,,,,,,,,,,,,,,,,,,,,,,
7,1394,,,,,,,,,,,,,,,,,,,,,,,,,,,,,,,,,,,,,,,,,0.4171321988105774,0.2978838086128235,0.4302574098110199,0.5540182590484619,0.3229091465473175,0.4973508417606354,0.22521309554576874,0.7724236249923706,0.17635919153690338,0.47777438163757324,7.382565975189209,4.8934855461120605,8.186583518981934,8.408642768859863,7.427239418029785,9.309481620788574,6.908551216125488,8.778934478759766,4.030105113983154,8.500066757202148,,,,,,,,,,,8.764579772949219,6.042068958282471,9.450958251953125,10.347058296203613,8.130922317504883,11.428976058959961,7.765467643737793,10.365410804748535,4.820835590362549,10.529520988464355,,,,,,,,,,,,,,,,,,,,,,,,,,,,,,,,,,,,,,,,
7,1399,,,,,,,,,,,,,,,,,,,,,,,,,,,,,,,,,,,,,,,,,0.4437704086303711,0.8814198970794678,0.20238181948661804,0.47766393423080444,0.3333943784236908,0.39414650201797485,0.35695594549179077,0.32005953788757324,0.5755518674850464,0.45235973596572876,7.150993347167969,7.557527542114258,6.13548469543457,7.251163959503174,7.0407891273498535,7.65118408203125,7.773983478546143,6.014838218688965,7.7154436111450195,7.2185282707214355,,,,,,,,,,,8.924687385559082,10.393304824829102,6.481826305389404,9.607625961303711,8.26187801361084,10.174304962158203,9.77638053894043,6.672277927398682,8.708944320678711,10.245640754699707,,,,,,,,,,,,,,,,,,,,,,,,,,,,,,,,,,,,,,,,
7,1404,,,,,,,,,,,,,,,,,,,,,,,,,,,,,,,,,,,,,,,,,0.2595721483230591,0.37207919359207153,0.27088290452957153,0.1287689208984375,0.35957640409469604,0.25231292843818665,0.2928869426250458,0.09903978556394577,0.15026536583900452,0.41033679246902466,5.359311103820801,5.187117576599121,5.8206915855407715,4.57297420501709,5.898287773132324,6.0837907791137695,6.495558738708496,3.238703489303589,3.7001121044158936,7.236562728881836,,,,,,,,,,,6.970668315887451,6.752738952636719,7.498983860015869,4.98838996887207,8.580157279968262,8.140398025512695,8.855657577514648,3.711620330810547,4.449924945831299,9.758149147033691,,,,,,,,,,,,,,,,,,,,,,,,,,,,,,,,,,,,,,,,
7,1409,,,,,,,,,,,,,,,,,,,,,,,,,,,,,,,,,,,,,,,,,0.40837064385414124,0.3913608491420746,0.2807181477546692,0.07286933064460754,0.41203007102012634,0.17459475994110107,0.8672797083854675,0.33895567059516907,0.37229397892951965,0.7652334570884705,6.488855838775635,5.089396953582764,6.113199234008789,3.2204928398132324,6.137362003326416,4.663003444671631,10.949719429016113,6.149240016937256,6.005593299865723,10.071691513061523,,,,,,,,,,,8.522622108459473,6.925497055053711,7.633907318115234,3.752556800842285,9.184680938720703,6.771602630615234,15.238786697387695,6.866417407989502,7.004324913024902,13.325826644897461,,,,,,,,,,,,,,,,,,,,,,,,,,,,,,,,,,,,,,,,
7,1414,,,,,,,,,,,,,,,,,,,,,,,,,,,,,,,,,,,,,,,,,0.39013805985450745,0.4177297353744507,0.2621849775314331,0.21703943610191345,0.24125373363494873,0.42699334025382996,0.4333854913711548,0.8586480617523193,0.45078474283218384,0.20322290062904358,6.390695571899414,5.6934709548950195,5.644619941711426,5.582343101501465,5.858827590942383,7.677402973175049,8.591384887695312,7.845747947692871,5.588545799255371,5.0339155197143555,,,,,,,,,,,8.322479248046875,7.155005931854248,7.377607345581055,6.476259231567383,7.028079032897949,10.589766502380371,10.77228832244873,10.928644180297852,7.707399845123291,6.867260932922363,,,,,,,,,,,,,,,,,,,,,,,,,,,,,,,,,,,,,,,,
7,1419,,,,,,,,,,,,,,,,,,,,,,,,,,,,,,,,,,,,,,,,,0.3499201238155365,0.8213666677474976,0.056848518550395966,0.14337831735610962,1.037879228591919,0.21466825902462006,0.23881423473358154,0.17381241917610168,0.2140122354030609,0.24850134551525116,5.673107624053955,7.444483280181885,3.1008553504943848,4.909299373626709,9.292986869812012,6.786023139953613,6.189361095428467,3.4438412189483643,4.537130355834961,5.3539862632751465,,,,,,,,,,,7.403980731964111,10.032999992370605,3.435351848602295,5.263765335083008,14.577162742614746,7.5086140632629395,7.996517658233643,4.916987895965576,5.310587406158447,7.593842029571533,,,,,,,,,,,,,,,,,,,,,,,,,,,,,,,,,,,,,,,,
7,1424,,,,,,,,,,,,,,,,,,,,,,,,,,,,,,,,,,,,,,,,,0.3224732279777527,0.34514033794403076,0.4484262466430664,0.47133421897888184,0.45571017265319824,0.17417387664318085,0.35489434003829956,0.08401499688625336,0.28603339195251465,0.2825314998626709,6.274383544921875,5.061286926269531,7.860755920410156,8.492881774902344,7.697318077087402,4.6533098220825195,7.838594436645508,2.9583206176757812,5.221729278564453,6.685255527496338,,,,,,,,,,,7.72464656829834,6.503695011138916,9.648442268371582,9.543756484985352,9.659263610839844,6.763436317443848,9.748108863830566,3.4185121059417725,6.139481067657471,8.097121238708496,,,,,,,,,,,,,,,,,,,,,,,,,,,,,,,,,,,,,,,,
7,1429,,,,,,,,,,,,,,,,,,,,,,,,,,,,,,,,,,,,,,,,,0.27722448110580444,0.48686957359313965,0.20266322791576385,0.11659818887710571,0.3744415044784546,0.2218264937400818,0.1356516182422638,0.12334807217121124,0.45722052454948425,0.37640103697776794,5.376705169677734,5.007469177246094,5.305607318878174,4.0594048500061035,6.830023288726807,6.4378790855407715,4.9587883949279785,3.152573823928833,5.457927703857422,7.180673599243164,,,,,,,,,,,6.958126068115234,7.724468231201172,6.486331462860107,4.746798515319824,8.755715370178223,7.632777214050293,6.0267510414123535,4.142141342163086,7.762224197387695,9.345931053161621,,,,,,,,,,,,,,,,,,,,,,,,,,,,,,,,,,,,,,,,
7,1434,,,,,,,,,,,,,,,,,,,,,,,,,,,,,,,,,,,,,,,,,0.3803256154060364,0.5247142910957336,0.2942084074020386,0.6527414917945862,0.27964913845062256,0.25295257568359375,0.4215877652168274,0.25614529848098755,0.19737862050533295,0.543552815914154,6.5865159034729,5.8109893798828125,6.340376853942871,9.847960472106934,5.946662902832031,6.4949188232421875,7.694061279296875,4.13821268081665,4.475224494934082,8.530234336853027,,,,,,,,,,,8.411947250366211,8.019064903259277,7.815183162689209,11.231182098388672,7.566697597503662,8.15070915222168,10.624653816223145,5.9690046310424805,5.100037097930908,11.23099136352539,,,,,,,,,,,,,,,,,,,,,,,,,,,,,,,,,,,,,,,,
7,1439,,,,,,,,,,,,,,,,,,,,,,,,,,,,,,,,,,,,,,,,,0.4711766242980957,0.7074997425079346,0.487085223197937,0.38165801763534546,0.5699180960655212,0.3679215908050537,0.422919899225235,0.5029122233390808,0.3942236304283142,0.40645113587379456,7.444803714752197,7.685116291046143,8.207048416137695,6.734488010406494,7.718733787536621,8.282150268554688,8.637430191040039,6.769051551818848,6.209582805633545,6.759629249572754,,,,,,,,,,,9.390240669250488,9.311623573303223,10.055742263793945,8.588001251220703,10.802041053771973,9.829999923706055,10.641427040100098,8.363822937011719,7.207664966583252,9.711835861206055,,,,,,,,,,,,,,,,,,,,,,,,,,,,,,,,,,,,,,,,
7,1444,,,,,,,,,,,,,,,,,,,,,,,,,,,,,,,,,,,,,,,,,0.6529635787010193,0.4727981388568878,0.2822364568710327,0.7399664521217346,0.5571355223655701,0.5648122429847717,0.44906988739967346,0.8982245922088623,1.7577611207962036,0.15466758608818054,8.808971405029297,6.406937599182129,6.61102294921875,10.88672924041748,8.588334083557129,9.464214324951172,8.074437141418457,9.023643493652344,15.078722953796387,5.146699905395508,,,,,,,,,,,10.382000923156738,7.612024307250977,7.654524803161621,11.958065032958984,10.680216789245605,12.17945671081543,10.965482711791992,11.177667617797852,15.219598770141602,5.990966320037842,,,,,,,,,,,,,,,,,,,,,,,,,,,,,,,,,,,,,,,,
7,1449,,,,,,,,,,,,,,,,,,,,,,,,,,,,,,,,,,,,,,,,,0.48169177770614624,0.7592912912368774,0.18432065844535828,0.07817467302083969,0.7471053600311279,0.5379751324653625,0.24612495303153992,0.43113645911216736,1.0331693887710571,0.3179280161857605,7.41923189163208,7.937777519226074,5.259073734283447,2.875284194946289,10.639867782592773,9.174178123474121,6.431700706481934,7.221543788909912,10.164767265319824,7.068889141082764,,,,,,,,,,,8.89923095703125,9.646427154541016,6.18583869934082,3.8867621421813965,12.36774730682373,11.886582374572754,8.11799144744873,7.744012355804443,11.668339729309082,8.589376449584961,,,,,,,,,,,,,,,,,,,,,,,,,,,,,,,,,,,,,,,,
7,1454,,,,,,,,,,,,,,,,,,,,,,,,,,,,,,,,,,,,,,,,,0.6200343370437622,1.1864824295043945,0.5469145774841309,0.7990180253982544,0.5796774625778198,0.35926496982574463,0.7210322618484497,0.5614967942237854,0.6116321682929993,0.21479018032550812,7.854990005493164,8.903593063354492,9.626179695129395,9.311901092529297,8.071738243103027,7.938673973083496,9.592698097229004,5.162778377532959,6.526503562927246,5.560841083526611,,,,,,,,,,,10.501976013183594,12.058491706848145,10.655439376831055,12.42605209350586,10.894137382507324,9.713668823242188,13.89466667175293,8.837560653686523,8.97776985168457,7.059995174407959,,,,,,,,,,,,,,,,,,,,,,,,,,,,,,,,,,,,,,,,
7,1459,,,,,,,,,,,,,,,,,,,,,,,,,,,,,,,,,,,,,,,,,0.5220717191696167,0.9219430685043335,0.5868174433708191,0.4640619158744812,0.7403469681739807,0.6804915070533752,0.5278773903846741,0.10856229066848755,0.11099038273096085,0.5575548410415649,7.125943660736084,7.6422119140625,8.943775177001953,6.456640243530273,9.345417976379395,8.153056144714355,9.20018196105957,3.3065598011016846,3.404301404953003,7.681345462799072,,,,,,,,,,,9.754544258117676,10.629536628723145,11.037308692932129,9.469844818115234,12.311677932739258,13.368639945983887,11.88878059387207,3.8859589099884033,3.82442307472229,11.374727249145508,,,,,,,,,,,,,,,,,,,,,,,,,,,,,,,,,,,,,,,,
7,1464,,,,,,,,,,,,,,,,,,,,,,,,,,,,,,,,,,,,,,,,,0.5912766456604004,0.37167495489120483,0.7142741680145264,0.8899307250976562,1.081912875175476,0.798346996307373,0.6244101524353027,0.21866881847381592,0.14157290756702423,0.4806980490684509,8.201092720031738,5.774931907653809,9.280069351196289,11.319929122924805,10.278141975402832,12.149591445922852,9.325007438659668,4.067307949066162,3.226055860519409,8.388798713684082,,,,,,,,,,,10.525520324707031,6.749069690704346,12.177107810974121,13.113933563232422,14.883180618286133,14.480104446411133,12.930215835571289,5.515084266662598,4.319300174713135,10.561689376831055,,,,,,,,,,,,,,,,,,,,,,,,,,,,,,,,,,,,,,,,
7,1469,,,,,,,,,,,,,,,,,,,,,,,,,,,,,,,,,,,,,,,,,0.47889795899391174,0.32064908742904663,0.6659767031669617,0.2313501089811325,0.3765030801296234,0.37935781478881836,0.5518018007278442,1.1694748401641846,0.2657340466976166,0.34923404455184937,7.5398850440979,5.421175479888916,10.683053016662598,5.868505954742432,7.025142192840576,7.890470504760742,9.08018684387207,9.471389770507812,4.932177543640137,7.486861705780029,,,,,,,,,,,9.25600528717041,6.2686967849731445,11.758209228515625,6.6863603591918945,8.779786109924316,9.98160457611084,12.155206680297852,12.754227638244629,5.917617321014404,9.002341270446777,,,,,,,,,,,,,,,,,,,,,,,,,,,,,,,,,,,,,,,,
7,1474,,,,,,,,,,,,,,,,,,,,,,,,,,,,,,,,,,,,,,,,,0.268251895904541,0.29237449169158936,0.47182145714759827,0.060230910778045654,0.2762594521045685,0.16519272327423096,0.31162938475608826,0.3106127381324768,0.19199411571025848,0.3341518044471741,5.648691177368164,5.0034918785095215,7.739243507385254,3.356785535812378,5.390029430389404,5.498462200164795,7.680879592895508,5.875650882720947,3.7632575035095215,6.530416488647461,,,,,,,,,,,6.99393892288208,5.985935688018799,9.896929740905762,3.4116508960723877,7.520699501037598,6.586751937866211,9.13460922241211,6.573071002960205,5.029991149902344,8.805806159973145,,,,,,,,,,,,,,,,,,,,,,,,,,,,,,,,,,,,,,,,
7,1479,,,,,,,,,,,,,,,,,,,,,,,,,,,,,,,,,,,,,,,,,0.21097801625728607,0.3019806146621704,0.15895257890224457,0.14224037528038025,0.36391007900238037,0.22246792912483215,0.10807216912508011,0.2790132462978363,0.07344192266464233,0.24872331321239471,4.92912483215332,4.801407337188721,4.826918601989746,4.158891201019287,6.698401927947998,6.091024875640869,4.350225925445557,5.1880974769592285,2.606558084487915,5.6405930519104,,,,,,,,,,,6.184834957122803,6.0834760665893555,5.744410037994385,5.242836952209473,8.631707191467285,7.643804550170898,5.379323959350586,6.229756832122803,3.110966205596924,7.597232818603516,,,,,,,,,,,,,,,,,,,,,,,,,,,,,,,,,,,,,,,,
7,1484,,,,,,,,,,,,,,,,,,,,,,,,,,,,,,,,,,,,,,,,,0.4657955765724182,0.44600817561149597,0.08539494127035141,0.11686376482248306,0.6723823547363281,0.43390098214149475,0.7581310272216797,0.42204928398132324,0.5194029808044434,0.7380266785621643,7.273746013641357,6.124734401702881,3.29779052734375,3.806614398956299,8.529939651489258,7.829265594482422,10.916397094726562,7.0415120124816895,7.339027404785156,10.5784330368042,,,,,,,,,,,9.114839553833008,7.393220901489258,4.210442543029785,4.752201080322266,11.732966423034668,10.675081253051758,14.247640609741211,7.661967754364014,8.273237228393555,13.0867919921875,,,,,,,,,,,,,,,,,,,,,,,,,,,,,,,,,,,,,,,,
7,1489,,,,,,,,,,,,,,,,,,,,,,,,,,,,,,,,,,,,,,,,,0.7024129629135132,0.5127967596054077,0.5310706496238708,0.4375598132610321,0.7486894130706787,1.4940861463546753,0.7136437296867371,0.656037449836731,0.9699035882949829,0.2579294741153717,8.271041870117188,6.076735496520996,7.716490745544434,6.634437561035156,7.773191928863525,14.498046875,9.157548904418945,7.991092205047607,9.428049087524414,5.16378116607666,,,,,,,,,,,11.358970642089844,7.9274749755859375,10.499964714050293,9.195463180541992,12.380849838256836,19.809051513671875,13.823293685913086,9.552631378173828,11.30544376373291,7.7365570068359375,,,,,,,,,,,,,,,,,,,,,,,,,,,,,,,,,,,,,,,,
7,1494,,,,,,,,,,,,,,,,,,,,,,,,,,,,,,,,,,,,,,,,,0.4740409255027771,0.5316001772880554,0.40413469076156616,0.33333295583724976,0.3674560487270355,0.9882819652557373,0.3463935852050781,0.27408701181411743,0.6798862218856812,0.341195672750473,7.7456512451171875,6.472424030303955,8.003863334655762,6.916160583496094,7.110054016113281,12.482043266296387,8.114641189575195,4.994815349578857,8.31588077545166,7.300983905792236,,,,,,,,,,,9.356684684753418,8.071510314941406,9.159562110900879,8.025904655456543,8.67365837097168,16.110769271850586,9.63065242767334,6.174516677856445,9.465453147888184,8.898134231567383,,,,,,,,,,,,,,,,,,,,,,,,,,,,,,,,,,,,,,,,
7,1499,,,,,,,,,,,,,,,,,,,,,,,,,,,,,,,,,,,,,,,,,0.2160520851612091,0.13267599046230316,0.10615518689155579,0.22896094620227814,0.17436450719833374,0.2667037546634674,0.159200519323349,0.44855719804763794,0.24997973442077637,0.17787088453769684,5.034656047821045,3.335723876953125,3.987395763397217,4.530246257781982,5.006412029266357,6.2176079750061035,5.269068717956543,6.5751953125,5.063063144683838,5.32719087600708,,,,,,,,,,,6.257194995880127,4.032352447509766,4.694423675537109,6.651745319366455,5.9748735427856445,8.36932373046875,6.5289459228515625,7.8989176750183105,5.739521503448486,6.424652099609375,,,,,,,,,,,,,,,,,,,,,,,,,,,,,,,,,,,,,,,,
7,1504,,,,,,,,,,,,,,,,,,,,,,,,,,,,,,,,,,,,,,,,,0.5690142512321472,0.2131858766078949,0.31376147270202637,0.5992329716682434,0.6313555240631104,0.4006301164627075,0.825293779373169,0.2909790873527527,0.42809993028640747,1.418589472770691,7.612143516540527,3.769603967666626,5.0598835945129395,7.868129253387451,8.802846908569336,7.734377861022949,10.59791374206543,4.566738128662109,5.949536323547363,14.16026782989502,,,,,,,,,,,10.272455215454102,5.111419200897217,8.070704460144043,10.761002540588379,11.369377136230469,10.257644653320312,14.865347862243652,6.361940860748291,7.51096773147583,18.143688201904297,,,,,,,,,,,,,,,,,,,,,,,,,,,,,,,,,,,,,,,,
7,1509,,,,,,,,,,,,,,,,,,,,,,,,,,,,,,,,,,,,,,,,,0.4533267617225647,0.4368782639503479,0.4467884302139282,0.19740191102027893,0.4518703818321228,0.6606740951538086,0.23876632750034332,0.28486698865890503,0.765781819820404,0.5969125032424927,6.8946123123168945,5.96101188659668,7.1126813888549805,4.244230270385742,6.464539051055908,10.170106887817383,6.0199174880981445,5.06455659866333,6.7405595779418945,10.273904800415039,,,,,,,,,,,9.11341667175293,7.317159175872803,9.630805015563965,6.176331043243408,9.618483543395996,13.172538757324219,7.995715141296387,6.294768810272217,10.045598030090332,11.769352912902832,,,,,,,,,,,,,,,,,,,,,,,,,,,,,,,,,,,,,,,,
7,1514,,,,,,,,,,,,,,,,,,,,,,,,,,,,,,,,,,,,,,,,,0.5153723359107971,0.34017011523246765,0.29300612211227417,0.6305168867111206,0.7081660032272339,0.6885353922843933,0.5332497954368591,0.32143449783325195,0.5518602132797241,0.5714119076728821,8.508794784545898,4.680637836456299,6.816898345947266,10.217509269714355,10.27021312713623,11.53064250946045,10.101192474365234,5.658513069152832,8.005444526672363,9.298104286193848,,,,,,,,,,,9.940168380737305,6.456696033477783,7.799198627471924,11.038328170776367,12.041128158569336,13.447421073913574,11.949125289916992,6.686594009399414,8.527815818786621,11.515210151672363,,,,,,,,,,,,,,,,,,,,,,,,,,,,,,,,,,,,,,,,
7,1519,,,,,,,,,,,,,,,,,,,,,,,,,,,,,,,,,,,,,,,,,0.273113876581192,0.253200888633728,0.19763347506523132,0.18258899450302124,0.23162424564361572,0.2987581491470337,0.2607593238353729,0.3554886281490326,0.4406217932701111,0.2373492419719696,5.766077518463135,3.899219512939453,5.227545738220215,5.364306449890137,5.231842517852783,7.958890914916992,5.972264289855957,5.4463934898376465,6.876821994781494,5.917414665222168,,,,,,,,,,,7.121062278747559,5.570509433746338,6.405336380004883,5.9400787353515625,6.886390686035156,8.858001708984375,8.355852127075195,7.031881809234619,7.620022773742676,7.42149019241333,,,,,,,,,,,,,,,,,,,,,,,,,,,,,,,,,,,,,,,,
7,1524,,,,,,,,,,,,,,,,,,,,,,,,,,,,,,,,,,,,,,,,,0.3470635414123535,0.413835734128952,0.17544856667518616,0.13357116281986237,0.23835663497447968,0.3684908449649811,0.2864488661289215,0.35688766837120056,0.7219330072402954,0.4285995364189148,6.401556491851807,5.779424667358398,4.175936222076416,3.8136186599731445,5.8542070388793945,7.948890209197998,7.144894123077393,6.448097229003906,8.191835403442383,8.257102966308594,,,,,,,,,,,7.843422889709473,7.121578216552734,6.035129547119141,5.080556392669678,6.985754013061523,9.837601661682129,8.757786750793457,7.045705795288086,9.753752708435059,9.972936630249023,,,,,,,,,,,,,,,,,,,,,,,,,,,,,,,,,,,,,,,,
7,1529,,,,,,,,,,,,,,,,,,,,,,,,,,,,,,,,,,,,,,,,,0.42051878571510315,0.49491986632347107,0.33936432003974915,0.5175037384033203,0.35059088468551636,0.7882293462753296,0.41379106044769287,0.3210615813732147,0.09379713982343674,0.4654107987880707,6.858311176300049,5.2611002922058105,6.2411651611328125,7.52073335647583,6.239220142364502,10.437338829040527,7.7000813484191895,6.188535690307617,2.989588975906372,9.147038459777832,,,,,,,,,,,8.90655517578125,7.788067817687988,8.393531799316406,10.00026798248291,8.472272872924805,14.388056755065918,10.52595043182373,6.682713985443115,3.5157511234283447,10.392390251159668,,,,,,,,,,,,,,,,,,,,,,,,,,,,,,,,,,,,,,,,
7,1534,,,,,,,,,,,,,,,,,,,,,,,,,,,,,,,,,,,,,,,,,0.45499855279922485,0.597644567489624,0.12744024395942688,0.17043524980545044,0.7782785296440125,0.7274662256240845,0.12013784795999527,0.4348536431789398,0.757755696773529,0.3809749484062195,6.483133316040039,6.448791980743408,4.65887975692749,4.364450454711914,8.243562698364258,10.129977226257324,4.544512748718262,6.450752258300781,6.080559253692627,7.4267120361328125,,,,,,,,,,,8.747846603393555,8.558225631713867,5.14357328414917,5.738978385925293,12.623132705688477,13.822361946105957,5.671667098999023,7.777325630187988,9.992815017700195,9.402544975280762,,,,,,,,,,,,,,,,,,,,,,,,,,,,,,,,,,,,,,,,
7,1539,,,,,,,,,,,,,,,,,,,,,,,,,,,,,,,,,,,,,,,,,0.4758007228374481,0.41173431277275085,0.356995165348053,0.5020309090614319,0.4979112446308136,0.6624453663825989,0.42687052488327026,0.5184983611106873,0.508935809135437,0.396785169839859,7.502233028411865,4.9949564933776855,6.863686561584473,7.348031044006348,8.498889923095703,10.809402465820312,7.649899005889893,7.845206260681152,6.095398426055908,7.414622783660889,,,,,,,,,,,9.535252571105957,7.103474140167236,8.608803749084473,9.849634170532227,10.096610069274902,13.190185546875,10.69101333618164,8.492438316345215,8.189451217651367,9.595661163330078,,,,,,,,,,,,,,,,,,,,,,,,,,,,,,,,,,,,,,,,
7,1544,,,,,,,,,,,,,,,,,,,,,,,,,,,,,,,,,,,,,,,,,0.6541975140571594,0.32652121782302856,0.824558675289154,0.6752440929412842,1.0960874557495117,0.8996644020080566,0.4774043560028076,0.4639737904071808,0.7638329267501831,0.36049094796180725,8.51785945892334,4.499295234680176,10.155378341674805,7.6723151206970215,11.292495727539062,13.482611656188965,9.043861389160156,5.276912212371826,7.323700904846191,7.91416597366333,,,,,,,,,,,11.078112602233887,6.325837135314941,13.083455085754395,11.423134803771973,14.98036003112793,15.371496200561523,11.306130409240723,8.033512115478516,10.032807350158691,9.146276473999023,,,,,,,,,,,,,,,,,,,,,,,,,,,,,,,,,,,,,,,,
7,1549,,,,,,,,,,,,,,,,,,,,,,,,,,,,,,,,,,,,,,,,,0.4862302243709564,0.15993602573871613,0.46103715896606445,0.6988977193832397,0.5325547456741333,0.5422033071517944,0.4682273268699646,0.5001567602157593,0.6865600347518921,0.32649850845336914,7.85636568069458,3.4786202907562256,8.561446189880371,8.388035774230957,8.770064353942871,10.798287391662598,8.427107810974121,7.76056432723999,8.137158393859863,6.386005878448486,,,,,,,,,,,9.551228523254395,4.4272637367248535,9.783170700073242,11.62148666381836,10.4419527053833,11.93320083618164,11.196935653686523,8.3408784866333,9.511795997619629,8.704379081726074,,,,,,,,,,,,,,,,,,,,,,,,,,,,,,,,,,,,,,,,
7,1551,,,,,,,,,,,,,,,,,,,,,,,,,,,,,,,,,,,,,,,,,,,,,,,,,,,6.841762065887451,5.643239974975586,6.730791091918945,6.592290878295898,7.043997764587402,8.506867408752441,7.432549953460693,6.067545413970947,6.049051761627197,7.509526252746582,0.5434543490409851,0.5304135084152222,0.612048864364624,0.610223650932312,0.5562788248062134,0.4550667405128479,0.5441567897796631,0.5440114736557007,0.5206913948059082,0.518197774887085,9.002595901489258,7.391222953796387,8.837368965148926,8.644315719604492,9.346525192260742,11.26566219329834,9.95567798614502,7.868074417114258,7.850029945373535,9.864482879638672,0.6003162860870361,0.712496280670166,0.732677698135376,0.4355660080909729,0.6447902917861938,0.6554358601570129,0.5136266946792603,0.5606108903884888,0.5607439279556274,0.5868986248970032,8.021543502807617,6.946009159088135,9.213407516479492,6.757760524749756,8.960145950317383,9.605405807495117,8.743487358093262,6.306795120239258,6.722201347351074,8.938687324523926,0.3555404245853424,0.2552189230918884,0.3934817910194397,0.5310710668563843,0.22424077987670898,0.4026561975479126,0.47397929430007935,0.235795259475708,0.2543376088142395,0.42908287048339844,10.748611450195312,9.549454689025879,11.940078735351562,10.173189163208008,11.916772842407227,13.28824234008789,11.594611167907715,8.149950981140137,8.781062126159668,11.344136238098145
8,1554,,,,,,,,,,,,,,,,,,,,,,,,,,,,,,,,,,,,,,,,,0.5857821106910706,0.7162632346153259,0.3534778654575348,0.38685342669487,0.4837477207183838,0.42940595746040344,0.3731181025505066,1.0136799812316895,0.6171706914901733,0.8983219861984253,8.127285957336426,7.736731052398682,7.321356773376465,6.192475318908691,8.499922752380371,8.168781280517578,7.757410049438477,9.222452163696289,7.215505599975586,11.030943870544434,,,,,,,,,,,10.275487899780273,9.369114875793457,8.566289901733398,8.646257400512695,9.951971054077148,10.61964225769043,9.995257377624512,11.8743314743042,9.018325805664062,14.438204765319824,,,,,,,,,,,,,,,,,,,,,,,,,,,,,,,,,,,,,,,,
8,1559,,,,,,,,,,,,,,,,,,,,,,,,,,,,,,,,,,,,,,,,,0.4942598342895508,0.23411211371421814,0.26773640513420105,0.4642062783241272,0.24918906390666962,0.6967853307723999,0.19093215465545654,1.2388063669204712,0.84328693151474,0.26328393816947937,7.45889949798584,3.794858455657959,5.853179454803467,8.416915893554688,5.976024150848389,11.060188293457031,5.78621244430542,10.61973762512207,9.218404769897461,6.404575824737549,,,,,,,,,,,9.065397262573242,5.356414794921875,7.455305099487305,9.471317291259766,7.142728328704834,13.527743339538574,7.150070667266846,13.126846313476562,10.541707992553711,7.816446781158447,,,,,,,,,,,,,,,,,,,,,,,,,,,,,,,,,,,,,,,,
8,1564,,,,,,,,,,,,,,,,,,,,,,,,,,,,,,,,,,,,,,,,,0.4100295603275299,0.3833872973918915,0.12473698705434799,0.4031536281108856,0.15623757243156433,0.3027894198894501,0.4672788977622986,0.06238187849521637,1.5398458242416382,0.25045445561408997,6.116572856903076,4.866714000701904,4.562193393707275,6.9938063621521,4.408632755279541,7.188784599304199,7.698817253112793,2.470160484313965,11.252345085144043,5.607700824737549,,,,,,,,,,,7.927008628845215,6.854584217071533,5.088728427886963,8.826533317565918,5.655778884887695,8.917564392089844,11.185588836669922,2.9456963539123535,14.244982719421387,7.623625755310059,,,,,,,,,,,,,,,,,,,,,,,,,,,,,,,,,,,,,,,,
8,1569,,,,,,,,,,,,,,,,,,,,,,,,,,,,,,,,,,,,,,,,,0.3068034052848816,0.5286720991134644,0.31094133853912354,0.2665409743785858,0.3581506311893463,0.17403313517570496,0.20846641063690186,0.11176632344722748,0.29402220249176025,0.508637547492981,6.067765235900879,6.481285572052002,7.646286964416504,5.504540920257568,6.038050174713135,5.290886402130127,5.424355983734131,3.8047308921813965,5.419715404510498,9.000033378601074,,,,,,,,,,,7.454145908355713,8.049250602722168,8.034353256225586,7.176898956298828,8.563130378723145,6.760702133178711,7.4711737632751465,3.942885637283325,6.22462797164917,10.86429214477539,,,,,,,,,,,,,,,,,,,,,,,,,,,,,,,,,,,,,,,,
8,1574,,,,,,,,,,,,,,,,,,,,,,,,,,,,,,,,,,,,,,,,,0.4000372886657715,0.9141092300415039,0.054712943732738495,0.448513388633728,0.5355929732322693,0.6608284115791321,0.4804426431655884,0.012784342281520367,0.023953162133693695,0.4693982005119324,6.212208271026611,8.535115242004395,2.8271877765655518,7.407230377197266,8.459871292114258,10.005675315856934,8.533174514770508,1.3335151672363281,1.510704517364502,7.2974019050598145,,,,,,,,,,,7.977683067321777,10.58427906036377,3.3702080249786377,9.30984878540039,10.471697807312012,13.174077987670898,11.342050552368164,1.3335151672363281,1.7766615152359009,10.436812400817871,,,,,,,,,,,,,,,,,,,,,,,,,,,,,,,,,,,,,,,,
8,1579,,,,,,,,,,,,,,,,,,,,,,,,,,,,,,,,,,,,,,,,,0.28588783740997314,0.15900641679763794,0.19048361480236053,0.22479240596294403,0.5388293862342834,0.348388671875,0.2854077219963074,0.23406687378883362,0.2624721825122833,0.3295431137084961,5.7187042236328125,3.1682684421539307,5.034119129180908,5.63995885848999,6.920252323150635,7.148342132568359,7.2185959815979,4.781614780426025,5.171535491943359,6.385652542114258,,,,,,,,,,,7.38181734085083,4.414378643035889,6.28840446472168,6.590915203094482,10.503287315368652,9.565505027770996,8.74185562133789,5.705959796905518,5.881185531616211,8.744869232177734,,,,,,,,,,,,,,,,,,,,,,,,,,,,,,,,,,,,,,,,
8,1584,,,,,,,,,,,,,,,,,,,,,,,,,,,,,,,,,,,,,,,,,0.28275445103645325,0.19033542275428772,0.20012417435646057,0.4162229299545288,0.37711101770401,0.19019043445587158,0.3093350827693939,0.3892521858215332,0.12554503977298737,0.3466736972332001,5.885612487792969,4.353123188018799,5.257790565490723,7.537086486816406,7.496232986450195,5.5512824058532715,6.946952819824219,5.369495391845703,3.2406837940216064,7.217864036560059,,,,,,,,,,,7.288233280181885,4.829721450805664,6.445571422576904,8.968460083007812,8.786870956420898,7.06757116317749,9.100922584533691,7.358245372772217,4.067457675933838,8.969281196594238,,,,,,,,,,,,,,,,,,,,,,,,,,,,,,,,,,,,,,,,
8,1589,,,,,,,,,,,,,,,,,,,,,,,,,,,,,,,,,,,,,,,,,0.5134533643722534,0.40704280138015747,0.35199758410453796,0.9206239581108093,0.37579894065856934,0.5369699597358704,0.37847310304641724,0.4920497536659241,0.5385758876800537,0.6195484399795532,8.152899742126465,5.872466564178467,7.181375026702881,11.866677284240723,6.190272331237793,9.707413673400879,6.674548625946045,7.640042781829834,7.878932952880859,10.364368438720703,,,,,,,,,,,9.816794395446777,7.062887668609619,8.548334121704102,13.338164329528809,8.77157211303711,11.875471115112305,10.066727638244629,8.273004531860352,8.424551010131836,11.990431785583496,,,,,,,,,,,,,,,,,,,,,,,,,,,,,,,,,,,,,,,,
8,1594,,,,,,,,,,,,,,,,,,,,,,,,,,,,,,,,,,,,,,,,,0.43049314618110657,1.259255051612854,0.18710659444332123,0.16449880599975586,0.28026825189590454,0.4498687982559204,0.4591079354286194,0.13572156429290771,0.6460177302360535,0.2925935685634613,6.756844520568848,8.850284576416016,3.95276141166687,4.607797145843506,6.691128253936768,8.78325080871582,9.409917831420898,3.434908390045166,8.11849594116211,6.9630560874938965,,,,,,,,,,,8.404130935668945,12.422789573669434,6.232412338256836,5.638145923614502,7.575068950653076,10.869730949401855,11.087360382080078,4.34493350982666,9.22668170928955,8.240045547485352,,,,,,,,,,,,,,,,,,,,,,,,,,,,,,,,,,,,,,,,
8,1599,,,,,,,,,,,,,,,,,,,,,,,,,,,,,,,,,,,,,,,,,0.3301928639411926,0.3297026753425598,0.35018390417099,0.37015587091445923,0.2958143949508667,0.5460292100906372,0.2911794185638428,0.3866230845451355,0.07620912045240402,0.3258380889892578,6.529135704040527,5.075502872467041,6.5991363525390625,7.442915439605713,6.310571193695068,10.02959156036377,6.499640941619873,6.201079845428467,3.053407669067383,7.550378322601318,,,,,,,,,,,7.902864456176758,6.356579780578613,8.526283264160156,8.457600593566895,7.782324314117432,11.975227355957031,8.829805374145508,7.333353519439697,3.1690328121185303,8.695570945739746,,,,,,,,,,,,,,,,,,,,,,,,,,,,,,,,,,,,,,,,
8,1604,,,,,,,,,,,,,,,,,,,,,,,,,,,,,,,,,,,,,,,,,0.4617760479450226,0.598193883895874,0.19245736300945282,0.18530599772930145,0.3009985089302063,0.45561927556991577,0.5641125440597534,0.6004545092582703,0.5506693720817566,0.7081727385520935,7.003763675689697,4.682507514953613,5.2410430908203125,5.167572021484375,5.948454856872559,7.84747838973999,9.859139442443848,7.051765441894531,6.678572177886963,10.557340621948242,,,,,,,,,,,9.158156394958496,8.562158584594727,6.3209004402160645,5.9841108322143555,7.8502197265625,10.938982963562012,12.290050506591797,9.139001846313477,8.518610954284668,12.81937313079834,,,,,,,,,,,,,,,,,,,,,,,,,,,,,,,,,,,,,,,,
8,1609,,,,,,,,,,,,,,,,,,,,,,,,,,,,,,,,,,,,,,,,,0.27014970779418945,0.5259289145469666,0.33808234333992004,0.33504700660705566,0.16598960757255554,0.38833844661712646,0.14449229836463928,0.14281770586967468,0.06366520375013351,0.3269856870174408,5.317842960357666,6.4559526443481445,6.415582180023193,5.277245044708252,3.9565975666046143,7.651572227478027,4.532695293426514,3.5022964477539062,2.600069046020508,7.468574047088623,,,,,,,,,,,6.962854385375977,8.028340339660645,8.377662658691406,8.046513557434082,5.829617500305176,10.0990629196167,6.220039367675781,4.457073211669922,2.896505832672119,8.710870742797852,,,,,,,,,,,,,,,,,,,,,,,,,,,,,,,,,,,,,,,,
8,1614,,,,,,,,,,,,,,,,,,,,,,,,,,,,,,,,,,,,,,,,,0.6027130484580994,0.4432770311832428,0.414048433303833,0.08511029928922653,0.26718148589134216,0.43705376982688904,0.38772520422935486,2.143869638442993,0.47879528999328613,0.7673565149307251,7.6763916015625,5.539557456970215,7.035893440246582,3.048394203186035,6.217347621917725,9.496868133544922,8.051531791687012,12.61911678314209,6.929295539855957,10.149515151977539,,,,,,,,,,,9.728044509887695,7.37054967880249,9.271227836608887,4.055514335632324,7.396100997924805,10.713793754577637,10.189030647277832,17.268632888793945,7.9432501792907715,13.344300270080566,,,,,,,,,,,,,,,,,,,,,,,,,,,,,,,,,,,,,,,,
8,1619,,,,,,,,,,,,,,,,,,,,,,,,,,,,,,,,,,,,,,,,,0.5114736557006836,0.6636109352111816,0.36854320764541626,0.5298749208450317,0.7432330846786499,0.40294891595840454,0.33838769793510437,0.39839598536491394,0.8217712640762329,0.3364967405796051,7.943554401397705,7.734651565551758,7.114310264587402,8.256314277648926,9.962862014770508,8.51848030090332,8.136569023132324,5.988951206207275,8.387872695922852,7.3919758796691895,,,,,,,,,,,9.634782791137695,9.018182754516602,8.74693489074707,10.119091987609863,12.335653305053711,10.287286758422852,9.518709182739258,7.444169044494629,10.406357765197754,8.836648941040039,,,,,,,,,,,,,,,,,,,,,,,,,,,,,,,,,,,,,,,,
8,1624,,,,,,,,,,,,,,,,,,,,,,,,,,,,,,,,,,,,,,,,,0.5359984636306763,0.6163401007652283,0.19381015002727509,0.18307144939899445,0.9493886828422546,0.5684331655502319,0.28805723786354065,0.4941372871398926,0.6737300157546997,0.8570178151130676,7.753469944000244,5.229332447052002,5.026119232177734,5.253291130065918,11.395368576049805,8.366076469421387,6.87700891494751,7.329419136047363,9.091099739074707,11.213513374328613,,,,,,,,,,,9.748902320861816,8.691054344177246,6.343076229095459,5.947920799255371,13.941889762878418,12.21843433380127,8.782339096069336,8.290534973144531,9.422501564025879,14.102371215820312,,,,,,,,,,,,,,,,,,,,,,,,,,,,,,,,,,,,,,,,
8,1629,,,,,,,,,,,,,,,,,,,,,,,,,,,,,,,,,,,,,,,,,0.6189063191413879,0.3926714360713959,0.6155205965042114,0.8301693201065063,0.5429511070251465,0.29226410388946533,0.2526524066925049,1.06746244430542,1.3236753940582275,0.2527894973754883,8.401885986328125,6.257146835327148,8.63490104675293,9.860757827758789,8.917404174804688,6.449182033538818,7.211267948150635,9.334720611572266,12.394920349121094,6.556673526763916,,,,,,,,,,,10.165359497070312,6.937083721160889,11.304019927978516,12.665963172912598,10.543383598327637,8.761199951171875,8.224936485290527,12.185266494750977,13.207300186157227,7.659081935882568,,,,,,,,,,,,,,,,,,,,,,,,,,,,,,,,,,,,,,,,
8,1634,,,,,,,,,,,,,,,,,,,,,,,,,,,,,,,,,,,,,,,,,0.40326714515686035,0.2887279689311981,0.387439101934433,0.5531368255615234,0.25882330536842346,0.4063488245010376,0.22646033763885498,0.5165075063705444,0.511856198310852,0.48010414838790894,6.983659744262695,4.922459125518799,5.876245975494385,8.985699653625488,6.642508029937744,8.45528507232666,6.086398124694824,7.825990200042725,7.131526947021484,6.926821231842041,,,,,,,,,,,8.65521240234375,5.948489189147949,8.968367576599121,10.338824272155762,7.279496192932129,10.330595970153809,7.786940574645996,8.476118087768555,8.212913513183594,10.555163383483887,,,,,,,,,,,,,,,,,,,,,,,,,,,,,,,,,,,,,,,,
8,1639,,,,,,,,,,,,,,,,,,,,,,,,,,,,,,,,,,,,,,,,,0.42465177178382874,0.3754640817642212,0.2828369736671448,0.5568827986717224,0.546524167060852,0.4284592866897583,0.5311393141746521,0.42990678548812866,0.47301146388053894,0.19764116406440735,7.156569004058838,4.512403964996338,6.696976661682129,7.702793598175049,9.030019760131836,8.18744945526123,9.599907875061035,6.949697017669678,6.006471633911133,5.723395824432373,,,,,,,,,,,8.925734519958496,6.783384799957275,7.662663459777832,10.373773574829102,10.578019142150879,10.607930183410645,11.925457000732422,7.732961654663086,7.895127296447754,6.7722954750061035,,,,,,,,,,,,,,,,,,,,,,,,,,,,,,,,,,,,,,,,
8,1644,,,,,,,,,,,,,,,,,,,,,,,,,,,,,,,,,,,,,,,,,0.3364693224430084,0.5656399726867676,0.1016407459974289,0.45794469118118286,0.36415839195251465,0.3757282495498657,0.3249790668487549,0.17018507421016693,0.044421710073947906,0.6235259175300598,6.46962833404541,6.569713115692139,3.340228319168091,8.97272777557373,6.936685085296631,8.507986068725586,7.751760005950928,4.077126502990723,2.0495553016662598,10.020869255065918,,,,,,,,,,,7.726334571838379,8.325921058654785,4.593519687652588,9.407222747802734,8.634652137756348,9.93373966217041,9.328213691711426,4.865409851074219,2.419473648071289,12.028861045837402,,,,,,,,,,,,,,,,,,,,,,,,,,,,,,,,,,,,,,,,
8,1649,,,,,,,,,,,,,,,,,,,,,,,,,,,,,,,,,,,,,,,,,0.6026027798652649,0.3646821081638336,1.25373375415802,0.4216838777065277,0.3024611473083496,0.5877508521080017,0.8061696887016296,0.6574958562850952,0.44379040598869324,0.5856574773788452,8.803327560424805,6.0666680335998535,13.162190437316895,8.34823226928711,6.1811203956604,10.756410598754883,10.334808349609375,8.54764175415039,6.838110446929932,8.994767189025879,,,,,,,,,,,10.633280754089355,6.68527889251709,16.132970809936523,9.02710247039795,7.869270324707031,12.42431640625,14.69210433959961,9.563244819641113,7.647372245788574,11.657865524291992,,,,,,,,,,,,,,,,,,,,,,,,,,,,,,,,,,,,,,,,
8,1654,,,,,,,,,,,,,,,,,,,,,,,,,,,,,,,,,,,,,,,,,0.3969740867614746,0.3150666058063507,0.4829876124858856,0.7016341686248779,0.21363380551338196,0.37132203578948975,0.39581456780433655,0.20628571510314941,0.3881514072418213,0.4978708028793335,6.700621128082275,4.669902324676514,7.543943881988525,8.763006210327148,5.059643745422363,6.810163497924805,8.89581298828125,4.130349636077881,5.6601481437683105,8.77262020111084,,,,,,,,,,,8.65693187713623,6.213888168334961,10.013355255126953,11.644216537475586,6.613550186157227,9.875321388244629,10.294771194458008,5.356650352478027,7.151939868927002,10.748690605163574,,,,,,,,,,,,,,,,,,,,,,,,,,,,,,,,,,,,,,,,
8,1659,,,,,,,,,,,,,,,,,,,,,,,,,,,,,,,,,,,,,,,,,0.27833250164985657,0.5978581309318542,0.19623436033725739,0.07663001865148544,0.19829706847667694,0.1536160558462143,0.26072263717651367,0.39530834555625916,0.3253854811191559,0.3009403347969055,5.241328716278076,5.55719518661499,4.88447380065918,3.5797557830810547,5.032387733459473,4.1671061515808105,5.917525291442871,6.063714981079102,5.641381740570068,6.328421592712402,,,,,,,,,,,6.909948348999023,8.559755325317383,6.382623195648193,3.848170757293701,6.371736526489258,6.351761817932129,8.355263710021973,7.4152655601501465,6.548206329345703,8.356749534606934,,,,,,,,,,,,,,,,,,,,,,,,,,,,,,,,,,,,,,,,
8,1664,,,,,,,,,,,,,,,,,,,,,,,,,,,,,,,,,,,,,,,,,0.32751843333244324,0.40821000933647156,0.2117469757795334,0.23214678466320038,0.5588929653167725,0.1864113211631775,0.2261987030506134,0.08851246535778046,0.6784712076187134,0.35707545280456543,5.8468499183654785,5.694736957550049,5.476769924163818,5.616250991821289,7.612070560455322,6.156087398529053,5.377737045288086,3.0097506046295166,6.575266361236572,7.1029815673828125,,,,,,,,,,,7.54941463470459,7.073007583618164,6.630102634429932,6.69786262512207,10.69704818725586,6.997002124786377,7.782442092895508,3.5088188648223877,9.455598831176758,9.102846145629883,,,,,,,,,,,,,,,,,,,,,,,,,,,,,,,,,,,,,,,,
8,1669,,,,,,,,,,,,,,,,,,,,,,,,,,,,,,,,,,,,,,,,,0.6672402620315552,0.4593077003955841,0.3561869263648987,0.6405449509620667,0.7213842868804932,0.6039159297943115,0.3668610453605652,0.7156877517700195,1.711076259613037,0.4301975965499878,8.715222358703613,6.3939924240112305,7.278406620025635,9.259532928466797,9.162841796875,9.521435737609863,7.845400333404541,8.245096206665039,12.841079711914062,7.8892059326171875,,,,,,,,,,,10.763407707214355,7.502640724182129,8.599053382873535,11.12575912475586,12.152986526489258,12.594012260437012,9.911093711853027,9.977472305297852,15.016129493713379,9.991511344909668,,,,,,,,,,,,,,,,,,,,,,,,,,,,,,,,,,,,,,,,
8,1674,,,,,,,,,,,,,,,,,,,,,,,,,,,,,,,,,,,,,,,,,0.5306128263473511,0.3443440794944763,0.8589380979537964,0.8406599760055542,0.3355141580104828,0.5143340826034546,0.47739437222480774,0.44967326521873474,0.2474423348903656,0.7072151303291321,7.990456581115723,5.528109550476074,11.174680709838867,9.150553703308105,6.698173999786377,8.692415237426758,9.106161117553711,7.1992316246032715,4.140580654144287,10.224203109741211,,,,,,,,,,,10.02685546875,6.496188163757324,13.353422164916992,12.74574089050293,8.288102149963379,11.622472763061523,11.306012153625488,7.90873908996582,5.710317611694336,12.810704231262207,,,,,,,,,,,,,,,,,,,,,,,,,,,,,,,,,,,,,,,,
8,1679,,,,,,,,,,,,,,,,,,,,,,,,,,,,,,,,,,,,,,,,,0.2308426946401596,0.24607720971107483,0.28283053636550903,0.08050954341888428,0.34736213088035583,0.23113125562667847,0.14140377938747406,0.04164866358041763,0.19019347429275513,0.5164275765419006,5.1078104972839355,4.312244415283203,6.234125137329102,3.412402629852295,6.753064155578613,6.774252891540527,4.8831071853637695,1.712403416633606,3.9689369201660156,7.91975736618042,,,,,,,,,,,6.4262847900390625,5.491588115692139,7.662576198577881,3.94437837600708,8.433171272277832,7.791214942932129,6.15320348739624,2.406906843185425,5.006348609924316,10.947172164916992,,,,,,,,,,,,,,,,,,,,,,,,,,,,,,,,,,,,,,,,
8,1684,,,,,,,,,,,,,,,,,,,,,,,,,,,,,,,,,,,,,,,,,0.5275388360023499,0.3515656888484955,0.3189212381839752,0.9281424880027771,0.5214318037033081,0.608730137348175,0.33248335123062134,0.5163469314575195,0.6228014826774597,0.5474267601966858,8.079337120056152,5.439486980438232,7.1255035400390625,12.100924491882324,8.384160041809082,9.53745174407959,7.660826206207275,6.747322082519531,6.621370315551758,9.096994400024414,,,,,,,,,,,9.923346519470215,6.563953399658203,8.136795043945312,13.39251708984375,10.332332611083984,12.644109725952148,9.435300827026367,8.474801063537598,9.059371948242188,11.270940780639648,,,,,,,,,,,,,,,,,,,,,,,,,,,,,,,,,,,,,,,,
8,1689,,,,,,,,,,,,,,,,,,,,,,,,,,,,,,,,,,,,,,,,,0.4549446702003479,0.3899960517883301,0.6392251253128052,0.821139931678772,0.3054167330265045,0.2938874363899231,0.1581498086452484,0.8503953218460083,0.33441561460494995,0.30187591910362244,7.033210754394531,4.846222877502441,9.737839698791504,9.6351318359375,5.806914806365967,6.984809875488281,4.617593765258789,9.004950523376465,5.659799098968506,7.005633354187012,,,,,,,,,,,8.90162181854248,6.913410663604736,11.519630432128906,12.596893310546875,7.9076247215271,8.785496711730957,6.507364273071289,10.875997543334961,6.6384477615356445,8.369729995727539,,,,,,,,,,,,,,,,,,,,,,,,,,,,,,,,,,,,,,,,
8,1694,,,,,,,,,,,,,,,,,,,,,,,,,,,,,,,,,,,,,,,,,0.29409652948379517,0.5136658549308777,0.4186524748802185,0.4397118091583252,0.3050166070461273,0.16957250237464905,0.17905905842781067,0.10953354835510254,0.34688860177993774,0.16476841270923615,5.836090087890625,6.1560139656066895,7.799190998077393,7.854353904724121,6.326743125915527,5.851661205291748,4.7262797355651855,3.2129106521606445,5.201576232910156,5.3960795402526855,,,,,,,,,,,7.202547073364258,7.93419075012207,9.3226318359375,9.218048095703125,7.9024434089660645,6.673498630523682,6.924189567565918,3.903303384780884,6.761114597320557,6.183497428894043,,,,,,,,,,,,,,,,,,,,,,,,,,,,,,,,,,,,,,,,
8,1699,,,,,,,,,,,,,,,,,,,,,,,,,,,,,,,,,,,,,,,,,0.33086082339286804,0.6257283687591553,0.27955907583236694,0.16835308074951172,0.3563101291656494,0.6342043280601501,0.4574979841709137,0.20416370034217834,0.06767149269580841,0.1842593401670456,6.287448406219482,6.969924449920654,5.686703205108643,5.090926647186279,6.822550296783447,10.56524658203125,9.022635459899902,4.652714729309082,2.8906643390655518,4.885667324066162,,,,,,,,,,,7.716466426849365,8.756996154785156,7.618131160736084,5.70381498336792,8.541098594665527,12.905963897705078,11.067903518676758,5.3290276527404785,2.9862499237060547,6.539008617401123,,,,,,,,,,,,,,,,,,,,,,,,,,,,,,,,,,,,,,,,
8,1704,,,,,,,,,,,,,,,,,,,,,,,,,,,,,,,,,,,,,,,,,0.33078834414482117,0.4482639729976654,0.11738179624080658,0.3577994704246521,0.552664041519165,0.5595324635505676,0.28628769516944885,0.3293043375015259,0.03494113311171532,0.2909201383590698,6.346029758453369,5.337264060974121,4.1816182136535645,6.720632076263428,8.53162956237793,10.51016902923584,6.821585655212402,5.869081020355225,2.0756969451904297,7.066590785980225,,,,,,,,,,,7.700972557067871,7.411893844604492,4.9364190101623535,8.315238952636719,10.6372709274292,12.122396469116211,8.755321502685547,6.767954349517822,2.1458122730255127,8.216447830200195,,,,,,,,,,,,,,,,,,,,,,,,,,,,,,,,,,,,,,,,
8,1709,,,,,,,,,,,,,,,,,,,,,,,,,,,,,,,,,,,,,,,,,0.2371038943529129,0.3188794255256653,0.8242945075035095,0.06359566748142242,0.12080509960651398,0.09813876450061798,0.3722701370716095,0.08619861304759979,0.0006662039668299258,0.24908661842346191,4.9195332527160645,4.799196243286133,10.784886360168457,3.4740540981292725,4.158385276794434,4.466555118560791,6.74965763092041,3.4626522064208984,0.2962965965270996,6.084113597869873,,,,,,,,,,,6.026016712188721,6.2513747215271,13.081358909606934,3.5056509971618652,4.973272800445557,5.076871871948242,9.983892440795898,3.4626522064208984,0.2962965965270996,7.602779388427734,,,,,,,,,,,,,,,,,,,,,,,,,,,,,,,,,,,,,,,,
8,1714,,,,,,,,,,,,,,,,,,,,,,,,,,,,,,,,,,,,,,,,,0.5819433331489563,0.3596784472465515,0.7556253671646118,0.427592009305954,0.7677057385444641,1.2398476600646973,0.663070023059845,0.031689345836639404,0.5684332251548767,0.4238486588001251,7.525232791900635,5.644008636474609,9.273443222045898,6.949920654296875,9.493206024169922,11.366559982299805,9.546754837036133,1.7667312622070312,6.465030193328857,7.221438884735107,,,,,,,,,,,10.314740180969238,6.639256954193115,12.524630546569824,9.090120315551758,12.53709888458252,18.045129776000977,13.324487686157227,2.0994973182678223,8.654918670654297,9.917509078979492,,,,,,,,,,,,,,,,,,,,,,,,,,,,,,,,,,,,,,,,
8,1719,,,,,,,,,,,,,,,,,,,,,,,,,,,,,,,,,,,,,,,,,0.4260746240615845,0.6579232215881348,0.6435813307762146,0.12137698382139206,0.544179379940033,0.36002904176712036,0.2636331021785736,0.43063804507255554,0.45513248443603516,0.35817816853523254,7.132839679718018,7.854933738708496,8.914556503295898,4.215656757354736,7.7167816162109375,7.583732604980469,6.557643890380859,7.591091156005859,7.135205268859863,6.625951290130615,,,,,,,,,,,8.740370750427246,8.979453086853027,11.558816909790039,4.8430962562561035,10.555302619934082,9.723993301391602,8.401769638061523,7.739536285400391,7.744478702545166,9.116889953613281,,,,,,,,,,,,,,,,,,,,,,,,,,,,,,,,,,,,,,,,
8,1724,,,,,,,,,,,,,,,,,,,,,,,,,,,,,,,,,,,,,,,,,0.24441035091876984,0.07775953412055969,0.2398727536201477,0.15930643677711487,0.17776329815387726,0.3020135164260864,0.4778478741645813,0.07423360645771027,0.36051011085510254,0.33038631081581116,5.513488292694092,2.4685826301574707,6.145721435546875,4.652477264404297,5.1489787101745605,7.403459072113037,8.312108039855957,2.9655075073242188,6.100948333740234,6.423612117767334,,,,,,,,,,,6.7560553550720215,3.087017297744751,7.056707382202148,5.548447608947754,6.032824516296387,8.906129837036133,11.311380386352539,3.2133572101593018,6.892582893371582,8.756050109863281,,,,,,,,,,,,,,,,,,,,,,,,,,,,,,,,,,,,,,,,
8,1729,,,,,,,,,,,,,,,,,,,,,,,,,,,,,,,,,,,,,,,,,0.5129457116127014,0.5111227631568909,0.6357131600379944,0.4081743359565735,0.655820906162262,0.5365447402000427,0.6716094613075256,0.3087950348854065,0.29159975051879883,0.5971312522888184,8.065948486328125,5.384415626525879,9.421353340148926,7.2060136795043945,8.610199928283691,10.350852966308594,9.873197555541992,5.994673728942871,5.765150547027588,9.987682342529297,,,,,,,,,,,9.964043617248535,7.914525032043457,11.487942695617676,8.88132381439209,11.587566375732422,11.870767593383789,13.410013198852539,6.5538105964660645,6.19893217086792,11.771509170532227,,,,,,,,,,,,,,,,,,,,,,,,,,,,,,,,,,,,,,,,
8,1734,,,,,,,,,,,,,,,,,,,,,,,,,,,,,,,,,,,,,,,,,0.40030232071876526,0.3414411246776581,0.07937990874052048,0.10667832940816879,0.6521760821342468,0.6755304932594299,0.43800675868988037,0.15147612988948822,0.8301679491996765,0.3278643786907196,5.929792881011963,4.889331817626953,3.2039265632629395,3.5828986167907715,6.643808364868164,7.9975128173828125,8.2131986618042,3.7875661849975586,7.582014560699463,7.4678730964660645,,,,,,,,,,,8.28282642364502,6.468747138977051,4.059447765350342,4.540388107299805,11.555323600769043,13.319819450378418,10.829569816589355,4.59019136428833,10.459388732910156,8.722567558288574,,,,,,,,,,,,,,,,,,,,,,,,,,,,,,,,,,,,,,,,
8,1739,,,,,,,,,,,,,,,,,,,,,,,,,,,,,,,,,,,,,,,,,0.3323174715042114,0.3269113302230835,0.2231031358242035,0.28562721610069275,0.24698038399219513,0.2994711399078369,0.32304173707962036,0.20401623845100403,0.6377654075622559,0.44394034147262573,6.590397834777832,5.1464056968688965,5.993425369262695,5.74625301361084,5.981700897216797,7.432131767272949,7.264630317687988,4.809098720550537,7.88082218170166,9.059111595153809,,,,,,,,,,,7.832117080688477,6.329614162445068,6.805570125579834,7.429416179656982,7.111003398895264,8.86856460571289,9.30036735534668,5.3271026611328125,9.167560577392578,10.149847984313965,,,,,,,,,,,,,,,,,,,,,,,,,,,,,,,,,,,,,,,,
8,1744,,,,,,,,,,,,,,,,,,,,,,,,,,,,,,,,,,,,,,,,,0.3113594353199005,0.09778298437595367,0.3121786415576935,0.09894687682390213,0.9407193064689636,0.43721336126327515,0.3078960180282593,0.15235449373722076,0.2970781922340393,0.15806511044502258,5.777329444885254,2.9013683795928955,6.173224449157715,3.878107786178589,10.104449272155762,8.209012985229492,7.313858985900879,3.394537925720215,5.000819683074951,5.020583629608154,,,,,,,,,,,7.386130332946777,3.461735486984253,8.050322532653809,4.372762680053711,13.87808895111084,10.715749740600586,9.079727172851562,4.603481292724609,6.256892204284668,6.0564093589782715,,,,,,,,,,,,,,,,,,,,,,,,,,,,,,,,,,,,,,,,
8,1745,,,,,,,,,,,,,,,,,,,,,,,,,,,,,,,,,,,,,,,,,,,,,,,,,,,6.78070592880249,5.497501850128174,6.707225799560547,6.429234504699707,6.953779220581055,8.48674488067627,7.410004615783691,6.017421245574951,6.091339588165283,7.433098316192627,0.5511245727539062,0.5524176359176636,0.6106389760971069,0.6255145072937012,0.5618114471435547,0.46353036165237427,0.5505937337875366,0.5502707958221436,0.5116703510284424,0.5336732864379883,8.926190376281738,7.215973377227783,8.853413581848145,8.473061561584473,9.288073539733887,11.177833557128906,9.885135650634766,7.813887596130371,7.923558712005615,9.704764366149902,0.5247849822044373,0.5599001049995422,0.6033499836921692,0.4373302459716797,0.5991021394729614,0.5929883718490601,0.4602619409561157,0.42852041125297546,0.5487125515937805,0.492899090051651,7.532506465911865,5.841861248016357,8.096839904785156,7.031769275665283,8.610213279724121,9.516395568847656,8.569914817810059,5.483250141143799,6.693974494934082,7.948333740234375,0.44180288910865784,0.43070846796035767,0.5337549448013306,0.49945104122161865,0.31198322772979736,0.4688490629196167,0.5405281782150269,0.3913119435310364,0.2774290442466736,0.5222101211547852,10.023663520812988,8.348945617675781,10.468690872192383,10.510584831237793,11.222631454467773,12.53038215637207,10.836380004882812,7.273568153381348,8.644027709960938,10.377754211425781
9,1749,,,,,,,,,,,,,,,,,,,,,,,,,,,,,,,,,,,,,,,,,0.4356081783771515,0.3887175917625427,0.38431981205940247,0.7794011235237122,0.5014280080795288,0.8176413178443909,0.39555513858795166,0.04650048911571503,0.24937188625335693,0.35753825306892395,7.437971591949463,5.648508071899414,6.263846397399902,10.519624710083008,9.050074577331543,12.190438270568848,8.384284019470215,1.6483545303344727,5.533173084259033,7.703438758850098,,,,,,,,,,,8.952109336853027,6.902070999145508,8.932190895080566,12.272566795349121,10.132204055786133,14.654035568237305,10.291396141052246,2.543241024017334,5.732539176940918,9.108743667602539,,,,,,,,,,,,,,,,,,,,,,,,,,,,,,,,,,,,,,,,
9,1754,,,,,,,,,,,,,,,,,,,,,,,,,,,,,,,,,,,,,,,,,0.39616331458091736,0.3163655400276184,0.5783455967903137,0.4406487047672272,0.4919091761112213,0.2626008987426758,0.4774879217147827,0.5365527868270874,0.2669583559036255,0.19460058212280273,6.954132080078125,4.907166004180908,9.36865520477295,7.611264228820801,8.070808410644531,7.155281066894531,7.718474864959717,7.114924430847168,5.325762748718262,5.314850330352783,,,,,,,,,,,8.59439468383789,6.226684093475342,10.957345962524414,9.227863311767578,10.035572052001953,8.304699897766113,11.307119369506836,8.639029502868652,5.931233882904053,6.720000267028809,,,,,,,,,,,,,,,,,,,,,,,,,,,,,,,,,,,,,,,,
9,1759,,,,,,,,,,,,,,,,,,,,,,,,,,,,,,,,,,,,,,,,,0.30661487579345703,0.48826077580451965,0.23483362793922424,0.23561502993106842,0.15121373534202576,0.2759302854537964,0.28334736824035645,0.4434278905391693,0.3734751343727112,0.2734299600124359,5.7893548011779785,6.312339782714844,5.927011013031006,5.456343650817871,4.30562686920166,6.2792487144470215,5.458284378051758,6.068114757537842,5.771716594696045,6.525502681732178,,,,,,,,,,,7.45414400100708,7.735496520996094,6.9821929931640625,6.74770975112915,5.5641045570373535,8.512861251831055,8.710245132446289,7.853626251220703,7.015427589416504,7.96563196182251,,,,,,,,,,,,,,,,,,,,,,,,,,,,,,,,,,,,,,,,
9,1764,,,,,,,,,,,,,,,,,,,,,,,,,,,,,,,,,,,,,,,,,0.4949580729007721,1.0164783000946045,0.5922148823738098,0.2711506485939026,0.09468488395214081,0.6151323318481445,0.1588531732559204,0.14207249879837036,0.9467977285385132,0.6172381043434143,7.033793926239014,7.666618824005127,8.04781436920166,6.6276726722717285,3.666722536087036,9.026402473449707,4.942870140075684,3.3349039554595947,9.02784252166748,10.963295936584473,,,,,,,,,,,8.967384338378906,11.161210060119629,11.087950706481934,7.238693714141846,4.402911186218262,12.710427284240723,6.521819591522217,4.445429801940918,11.169966697692871,11.96805477142334,,,,,,,,,,,,,,,,,,,,,,,,,,,,,,,,,,,,,,,,
9,1769,,,,,,,,,,,,,,,,,,,,,,,,,,,,,,,,,,,,,,,,,0.3515980839729309,0.2706679403781891,0.6108278036117554,0.3077736794948578,0.24029728770256042,0.21532872319221497,0.22290389239788055,0.18304546177387238,0.6771907210350037,0.43634721636772156,6.436046600341797,4.306262016296387,8.11844539642334,6.088369846343994,5.847740650177002,6.30335807800293,6.972289085388184,3.939152240753174,8.195409774780273,8.153390884399414,,,,,,,,,,,7.949715614318848,5.7594451904296875,11.260847091674805,7.712063789367676,7.014134883880615,7.520156383514404,7.7255539894104,5.045895099639893,9.446670532226562,10.062671661376953,,,,,,,,,,,,,,,,,,,,,,,,,,,,,,,,,,,,,,,,
9,1774,,,,,,,,,,,,,,,,,,,,,,,,,,,,,,,,,,,,,,,,,0.29285377264022827,0.381611704826355,0.10685180127620697,0.1811852902173996,0.4881301820278168,0.43449124693870544,0.3932013213634491,0.07770396769046783,0.14468441903591156,0.42782410979270935,5.345095157623291,5.575917720794678,4.101147651672363,4.553752422332764,6.468071460723877,6.3241167068481445,7.036955833435059,2.771672487258911,3.653805732727051,7.620418071746826,,,,,,,,,,,7.335971355438232,6.838692665100098,4.709801197052002,5.917201519012451,9.996949195861816,10.682339668273926,10.260730743408203,3.2876100540161133,4.366507053375244,9.963911056518555,,,,,,,,,,,,,,,,,,,,,,,,,,,,,,,,,,,,,,,,
9,1779,,,,,,,,,,,,,,,,,,,,,,,,,,,,,,,,,,,,,,,,,0.33143553137779236,0.24460823833942413,0.4504074454307556,0.28831052780151367,0.3233022093772888,0.38798534870147705,0.3971976041793823,0.24253518879413605,0.21194609999656677,0.4366271495819092,6.44527530670166,4.183740139007568,8.027274131774902,5.87738037109375,6.139873027801514,8.483017921447754,8.20486831665039,5.271240234375,4.083051681518555,7.737034797668457,,,,,,,,,,,8.034585952758789,5.475172519683838,9.669732093811035,7.464232444763184,8.135869979858398,10.094470024108887,10.31274127960205,5.808260917663574,5.284890651702881,10.065898895263672,,,,,,,,,,,,,,,,,,,,,,,,,,,,,,,,,,,,,,,,
9,1784,,,,,,,,,,,,,,,,,,,,,,,,,,,,,,,,,,,,,,,,,0.39116543531417847,0.23415137827396393,0.13627003133296967,0.34022796154022217,0.2507886588573456,0.8516222238540649,0.4145972728729248,0.19216732680797577,0.5821347832679749,0.5185292959213257,6.879951477050781,4.142982006072998,4.8190178871154785,7.123563289642334,5.5194010734558105,11.608856201171875,8.330048561096191,4.340832233428955,6.8666582107543945,9.168206214904785,,,,,,,,,,,8.482169151306152,5.356863975524902,5.318777561187744,8.108487129211426,7.165616512298584,14.955446243286133,10.536199569702148,5.1700944900512695,8.758607864379883,10.969423294067383,,,,,,,,,,,,,,,,,,,,,,,,,,,,,,,,,,,,,,,,
9,1789,,,,,,,,,,,,,,,,,,,,,,,,,,,,,,,,,,,,,,,,,0.5969070792198181,1.112601637840271,0.22117242217063904,0.37976181507110596,0.7363853454589844,0.36683863401412964,0.1903083771467209,0.4559144973754883,1.5682158470153809,0.3409654200077057,7.638444900512695,8.381433486938477,4.92043924331665,6.519013404846191,7.9069414138793945,7.978598594665527,4.966063976287842,6.618171691894531,14.262935638427734,7.192406177520752,,,,,,,,,,,9.720722198486328,11.677022933959961,6.776058197021484,8.566640853881836,12.278696060180664,9.815522193908691,7.138381481170654,7.96343469619751,14.37560749053955,8.895132064819336,,,,,,,,,,,,,,,,,,,,,,,,,,,,,,,,,,,,,,,,
9,1794,,,,,,,,,,,,,,,,,,,,,,,,,,,,,,,,,,,,,,,,,0.2154982089996338,0.599799633026123,0.11096054315567017,0.130859375,0.1899571269750595,0.15911978483200073,0.22937117516994476,0.10494212806224823,0.04958031699061394,0.3648937940597534,4.840270519256592,5.917712211608887,3.993917942047119,3.635681629180908,4.811087608337402,5.3822479248046875,6.605029582977295,2.929957389831543,2.4670279026031494,7.819772720336914,,,,,,,,,,,6.05757999420166,8.573641777038574,4.799499988555908,5.028717994689941,6.236306190490723,6.464544773101807,7.836826324462891,3.8206186294555664,2.556100368499756,9.201961517333984,,,,,,,,,,,,,,,,,,,,,,,,,,,,,,,,,,,,,,,,
9,1799,,,,,,,,,,,,,,,,,,,,,,,,,,,,,,,,,,,,,,,,,0.9623082280158997,0.5807300806045532,1.1753017902374268,1.5228444337844849,0.6334823966026306,0.633188009262085,0.7890416979789734,1.1821612119674683,1.2668229341506958,0.8772013187408447,10.97532844543457,7.021119117736816,13.424487113952637,14.095426559448242,8.79344654083252,9.362892150878906,11.128605842590332,11.658415794372559,11.214784622192383,12.078776359558105,,,,,,,,,,,13.33796501159668,8.436249732971191,15.620192527770996,17.154680252075195,11.388509750366211,12.895618438720703,14.535191535949707,12.82321834564209,12.920557022094727,14.26746654510498,,,,,,,,,,,,,,,,,,,,,,,,,,,,,,,,,,,,,,,,
9,1804,,,,,,,,,,,,,,,,,,,,,,,,,,,,,,,,,,,,,,,,,0.561327338218689,0.4057384431362152,0.1856580227613449,0.21021437644958496,1.2453304529190063,0.9207661151885986,0.24578465521335602,0.332507461309433,1.2083717584609985,0.29757457971572876,7.765613079071045,6.275447845458984,5.8397417068481445,6.01889181137085,10.216938018798828,11.391898155212402,6.726751327514648,5.3443098068237305,11.553311347961426,6.523229122161865,,,,,,,,,,,9.665982246398926,7.051562309265137,6.208240509033203,6.3736186027526855,15.967683792114258,15.55072021484375,8.112377166748047,6.800791263580322,12.618961334228516,8.309886932373047,,,,,,,,,,,,,,,,,,,,,,,,,,,,,,,,,,,,,,,,
9,1809,,,,,,,,,,,,,,,,,,,,,,,,,,,,,,,,,,,,,,,,,0.4159042239189148,0.5519593954086304,0.6245702505111694,0.01233532652258873,0.172969788312912,0.5452362298965454,0.19203995168209076,0.2432994693517685,1.0226999521255493,0.37802767753601074,6.512362957000732,6.273887634277344,8.992722511291504,1.3744665384292603,4.859235763549805,7.834288597106934,5.150500297546387,5.788890361785889,11.51563835144043,6.8216376304626465,,,,,,,,,,,8.115132331848145,8.22461986541748,11.386816024780273,1.543939232826233,5.950929164886475,11.96652889251709,7.170783519744873,5.817405700683594,11.60906982421875,9.366104125976562,,,,,,,,,,,,,,,,,,,,,,,,,,,,,,,,,,,,,,,,
9,1814,,,,,,,,,,,,,,,,,,,,,,,,,,,,,,,,,,,,,,,,,0.3762928545475006,0.512298583984375,0.3023383617401123,0.22008228302001953,0.3104076683521271,0.881293535232544,0.2748064398765564,0.19604364037513733,0.388142853975296,0.3012222647666931,6.377328395843506,6.232470989227295,6.102632999420166,5.2333292961120605,6.731566429138184,10.305033683776855,5.683684349060059,4.769745826721191,5.747842788696289,6.589648246765137,,,,,,,,,,,8.318415641784668,7.923623561859131,7.922427177429199,6.5214996337890625,7.971973419189453,15.213746070861816,8.577963829040527,5.221978664398193,7.151861190795898,8.360664367675781,,,,,,,,,,,,,,,,,,,,,,,,,,,,,,,,,,,,,,,,
9,1819,,,,,,,,,,,,,,,,,,,,,,,,,,,,,,,,,,,,,,,,,0.3806985318660736,0.32941657304763794,0.9300874471664429,0.25158634781837463,0.43934980034828186,0.5587299466133118,0.4666958451271057,0.0323466919362545,0.158894345164299,0.25917986035346985,6.543635845184326,5.396332740783691,11.259718894958496,6.262504577636719,7.284867763519287,8.651741981506348,7.804203510284424,2.1155614852905273,3.842695713043213,6.275097370147705,,,,,,,,,,,8.272324562072754,6.353821277618408,13.895480155944824,6.972658634185791,9.48429012298584,12.113699913024902,11.178608894348145,2.1211609840393066,4.575911045074463,7.75528621673584,,,,,,,,,,,,,,,,,,,,,,,,,,,,,,,,,,,,,,,,
9,1824,,,,,,,,,,,,,,,,,,,,,,,,,,,,,,,,,,,,,,,,,0.3977678418159485,0.4687713384628296,0.19318564236164093,0.2741609215736389,0.8895438313484192,0.37579479813575745,0.3451842665672302,0.400022029876709,0.4075198769569397,0.22572794556617737,6.6743645668029785,5.544053077697754,5.524972438812256,6.615537166595459,9.23912239074707,7.591043472290039,7.5770721435546875,6.79093074798584,5.791541576385498,5.3950114250183105,,,,,,,,,,,8.473332405090332,7.579538822174072,6.332848072052002,7.278764247894287,13.49532413482666,9.934618949890137,9.6138277053833,7.459344863891602,7.328206539154053,7.237521648406982,,,,,,,,,,,,,,,,,,,,,,,,,,,,,,,,,,,,,,,,
9,1829,,,,,,,,,,,,,,,,,,,,,,,,,,,,,,,,,,,,,,,,,0.3202977478504181,0.2458493411540985,0.12973017990589142,0.10530243813991547,0.1798284500837326,0.24835094809532166,0.38897401094436646,0.9146506190299988,0.4417455792427063,0.22824802994728088,6.198863506317139,3.876406192779541,4.758194923400879,4.131804466247559,5.419039249420166,6.154257774353027,8.22091293334961,9.431289672851562,7.406991481781006,6.3908772468566895,,,,,,,,,,,7.302890300750732,5.489045143127441,5.189579010009766,4.511013507843018,6.067766189575195,8.076231956481934,10.205425262451172,11.27940845489502,7.629734039306641,7.277810573577881,,,,,,,,,,,,,,,,,,,,,,,,,,,,,,,,,,,,,,,,
9,1834,,,,,,,,,,,,,,,,,,,,,,,,,,,,,,,,,,,,,,,,,0.48753806948661804,0.43373510241508484,0.45199060440063477,0.4117966592311859,0.5011270642280579,0.5206685066223145,0.47729459404945374,0.34081530570983887,0.33554238080978394,0.9148723483085632,7.849268436431885,6.215546607971191,7.338265895843506,7.74966287612915,7.945423603057861,10.347455978393555,8.68235969543457,6.0085601806640625,4.6772332191467285,11.678905487060547,,,,,,,,,,,9.681268692016602,7.29079008102417,9.686712265014648,8.920645713806152,10.12916374206543,11.693822860717773,11.304830551147461,6.885227203369141,6.649622440338135,14.570601463317871,,,,,,,,,,,,,,,,,,,,,,,,,,,,,,,,,,,,,,,,
9,1839,,,,,,,,,,,,,,,,,,,,,,,,,,,,,,,,,,,,,,,,,0.43446144461631775,0.26994335651397705,0.2478175163269043,0.41479557752609253,0.35341352224349976,0.6708248257637024,0.319820761680603,0.8070260882377625,0.6428787708282471,0.1836325228214264,6.890852928161621,4.6985087394714355,5.582255840301514,7.17722749710083,6.121315956115723,9.243400573730469,7.6860833168029785,9.014365196228027,6.550448417663574,5.9440741539001465,,,,,,,,,,,8.804234504699707,5.751730918884277,7.172616958618164,8.953068733215332,8.50631046295166,13.273346900939941,9.253885269165039,10.595037460327148,9.204237937927246,6.5278778076171875,,,,,,,,,,,,,,,,,,,,,,,,,,,,,,,,,,,,,,,,
9,1844,,,,,,,,,,,,,,,,,,,,,,,,,,,,,,,,,,,,,,,,,0.38580575585365295,0.19846631586551666,0.2631078362464905,0.2997029721736908,0.7422540187835693,0.48132389783859253,0.4327450394630432,0.3360455632209778,0.2835049033164978,0.43510159850120544,7.026847839355469,4.188460826873779,5.892592430114746,5.70648717880249,10.378704071044922,9.1978178024292,8.525938987731934,6.155731201171875,5.128696918487549,8.06719970703125,,,,,,,,,,,8.58503246307373,4.931802272796631,7.390580177307129,7.610275745391846,12.327526092529297,11.243319511413574,10.764326095581055,6.836877346038818,6.112285137176514,10.048298835754395,,,,,,,,,,,,,,,,,,,,,,,,,,,,,,,,,,,,,,,,
9,1849,,,,,,,,,,,,,,,,,,,,,,,,,,,,,,,,,,,,,,,,,0.27298933267593384,0.5670540928840637,0.17129932343959808,0.220367431640625,0.2934979498386383,0.2231665700674057,0.27814409136772156,0.31002354621887207,0.2525068521499634,0.1408442258834839,6.006313323974609,6.928436756134033,5.126945495605469,5.832106590270996,6.488805294036865,6.364157199859619,7.203162670135498,5.896951675415039,5.586162567138672,4.630091190338135,,,,,,,,,,,6.990572452545166,8.336322784423828,5.963338375091553,6.525722503662109,7.751793384552002,7.655797481536865,8.629899978637695,6.566834449768066,5.768460273742676,5.716980934143066,,,,,,,,,,,,,,,,,,,,,,,,,,,,,,,,,,,,,,,,
9,1854,,,,,,,,,,,,,,,,,,,,,,,,,,,,,,,,,,,,,,,,,0.3230782151222229,0.30910438299179077,0.06673845648765564,0.060671158134937286,0.4191646873950958,0.7550827264785767,0.24685831367969513,0.26937931776046753,0.5271164178848267,0.2535885274410248,5.836069107055664,4.950928688049316,2.686129570007324,2.4795594215393066,7.1581034660339355,10.266027450561523,6.846004009246826,4.930715560913086,6.996320724487305,6.2108306884765625,,,,,,,,,,,7.433801651000977,6.154812812805176,3.722200870513916,3.4240965843200684,9.263859748840332,14.082283973693848,8.130077362060547,6.121260643005371,8.334443092346191,7.671177387237549,,,,,,,,,,,,,,,,,,,,,,,,,,,,,,,,,,,,,,,,
9,1859,,,,,,,,,,,,,,,,,,,,,,,,,,,,,,,,,,,,,,,,,0.34406033158302307,1.0389236211776733,0.2702034115791321,0.048284582793712616,0.6459757089614868,0.2661917805671692,0.1710553765296936,0.20996858179569244,0.21176187694072723,0.23417821526527405,5.926657676696777,8.429352760314941,6.472721576690674,2.5679945945739746,8.607399940490723,7.073430061340332,5.731502532958984,4.318593502044678,3.7063868045806885,6.432539463043213,,,,,,,,,,,7.39064359664917,11.28376579284668,7.4895734786987305,3.054633617401123,11.500262260437012,8.361288070678711,6.767670154571533,5.404255390167236,5.282593250274658,7.3717474937438965,,,,,,,,,,,,,,,,,,,,,,,,,,,,,,,,,,,,,,,,
9,1864,,,,,,,,,,,,,,,,,,,,,,,,,,,,,,,,,,,,,,,,,0.3573603630065918,0.3382795453071594,0.21934549510478973,0.07800997048616409,0.15081699192523956,1.436787724494934,0.265026330947876,0.146030455827713,0.18691258132457733,0.3950343132019043,6.070866584777832,5.294912815093994,5.456821918487549,2.8859012126922607,4.891615867614746,12.614032745361328,6.986451148986816,3.7036402225494385,4.444729804992676,8.359696388244629,,,,,,,,,,,7.724446773529053,6.4387288093566895,6.748014450073242,3.882664918899536,5.556800365447998,19.425498962402344,8.423940658569336,4.506926536560059,4.962980270385742,9.574466705322266,,,,,,,,,,,,,,,,,,,,,,,,,,,,,,,,,,,,,,,,
9,1869,,,,,,,,,,,,,,,,,,,,,,,,,,,,,,,,,,,,,,,,,0.5652914047241211,0.4863874614238739,0.40632858872413635,0.5774224996566772,0.32181689143180847,0.9212023019790649,0.7323699593544006,0.3212685286998749,0.2985653281211853,1.0222606658935547,7.524755954742432,5.451334476470947,5.0427117347717285,8.329876899719238,5.524048328399658,11.534942626953125,10.392226219177246,5.97396183013916,5.7480010986328125,9.725696563720703,,,,,,,,,,,10.38920783996582,7.720642566680908,9.184391975402832,10.56335163116455,8.117159843444824,15.554403305053711,14.003483772277832,6.684868335723877,6.272533416748047,15.402031898498535,,,,,,,,,,,,,,,,,,,,,,,,,,,,,,,,,,,,,,,,
9,1874,,,,,,,,,,,,,,,,,,,,,,,,,,,,,,,,,,,,,,,,,0.4072990417480469,0.35148555040359497,0.37277668714523315,0.7217782735824585,0.41180166602134705,0.3184341788291931,0.3621480166912079,0.3992786705493927,0.5978960394859314,0.13009221851825714,6.829038143157959,5.51019811630249,7.465359210968018,10.314640045166016,7.469621181488037,7.015865802764893,7.598588466644287,5.61905574798584,6.4506940841674805,4.017315864562988,,,,,,,,,,,8.574228286743164,6.563205242156982,8.797029495239258,11.810187339782715,9.182135581970215,9.145042419433594,9.847225189208984,7.45241117477417,8.876384735107422,5.4944329261779785,,,,,,,,,,,,,,,,,,,,,,,,,,,,,,,,,,,,,,,,
9,1879,,,,,,,,,,,,,,,,,,,,,,,,,,,,,,,,,,,,,,,,,0.38291335105895996,0.24397730827331543,0.31651198863983154,0.2552773356437683,0.332704097032547,0.40888723731040955,0.620124340057373,0.17579704523086548,0.7751733660697937,0.31776750087738037,6.660516262054443,4.125296592712402,6.9004807472229,5.116688251495361,5.655285358428955,8.155678749084473,9.975706100463867,4.041146278381348,8.999797821044922,6.974563121795654,,,,,,,,,,,8.415425300598145,5.468106746673584,8.106002807617188,7.02362060546875,8.253320693969727,10.362812995910645,12.885764122009277,4.944980144500732,10.107009887695312,8.587206840515137,,,,,,,,,,,,,,,,,,,,,,,,,,,,,,,,,,,,,,,,
9,1884,,,,,,,,,,,,,,,,,,,,,,,,,,,,,,,,,,,,,,,,,0.4622481167316437,0.2551513910293579,0.36621689796447754,0.5401939153671265,0.8906233310699463,0.5988011360168457,0.2487720400094986,0.5926036238670349,0.406869500875473,0.2610010504722595,7.332601070404053,4.1898512840271,7.602834701538086,7.7614641189575195,10.639269828796387,9.441818237304688,6.215944766998291,8.159363746643066,6.122927665710449,5.859933376312256,,,,,,,,,,,9.213095664978027,5.591923713684082,8.719285011291504,10.217148780822754,13.503510475158691,12.540566444396973,8.161529541015625,9.079059600830078,7.322356224060059,7.782486438751221,,,,,,,,,,,,,,,,,,,,,,,,,,,,,,,,,,,,,,,,
9,1889,,,,,,,,,,,,,,,,,,,,,,,,,,,,,,,,,,,,,,,,,0.2150561809539795,0.30175793170928955,0.22229184210300446,0.2644233703613281,0.24112550914287567,0.22688663005828857,0.14470508694648743,0.01955702155828476,0.015393352136015892,0.4993648827075958,5.229994773864746,4.665766716003418,6.699844837188721,6.237478256225586,6.152975082397461,6.686662673950195,5.562586784362793,1.2318092584609985,0.9942803382873535,8.838547706604004,,,,,,,,,,,6.09237003326416,6.08123254776001,6.793184757232666,7.148333549499512,7.026211738586426,7.7193427085876465,6.224618434906006,1.6493396759033203,1.4242621660232544,10.764805793762207,,,,,,,,,,,,,,,,,,,,,,,,,,,,,,,,,,,,,,,,
9,1894,,,,,,,,,,,,,,,,,,,,,,,,,,,,,,,,,,,,,,,,,0.2889648973941803,0.12809954583644867,0.4994727373123169,0.3184644281864166,0.4163700044155121,0.2984071373939514,0.1189827173948288,0.01486940123140812,0.441098690032959,0.3649192750453949,5.5712103843688965,2.2741339206695557,7.5217437744140625,7.0820183753967285,5.818137168884277,7.0462646484375,4.25264835357666,1.2037924528121948,6.791802406311035,8.150347709655762,,,,,,,,,,,7.1093902587890625,3.9621973037719727,10.182807922363281,7.844862461090088,9.232926368713379,8.85279655456543,5.644334316253662,1.4381541013717651,7.624145984649658,9.20228385925293,,,,,,,,,,,,,,,,,,,,,,,,,,,,,,,,,,,,,,,,
9,1899,,,,,,,,,,,,,,,,,,,,,,,,,,,,,,,,,,,,,,,,,0.46582263708114624,0.18677681684494019,0.2858947515487671,0.4086954593658447,0.6256858110427856,0.6797255277633667,0.4858229160308838,0.16874781250953674,1.0276459455490112,0.32340875267982483,7.417885780334473,3.9120192527770996,5.982052803039551,6.967136383056641,8.731861114501953,10.768622398376465,8.83379077911377,4.675467014312744,10.215360641479492,6.6746625900268555,,,,,,,,,,,9.178339958190918,4.784358978271484,7.703972339630127,8.886992454528809,11.31821060180664,13.361113548278809,11.40538215637207,4.844821453094482,11.637107849121094,8.663095474243164,,,,,,,,,,,,,,,,,,,,,,,,,,,,,,,,,,,,,,,,
9,1904,,,,,,,,,,,,,,,,,,,,,,,,,,,,,,,,,,,,,,,,,0.41932541131973267,0.410685658454895,0.23455685377120972,0.35095474123954773,0.25014859437942505,0.4305601119995117,0.26051053404808044,0.6396476626396179,0.40799614787101746,0.7888684868812561,7.148612022399902,6.023630142211914,6.1957855224609375,7.151773929595947,5.5174880027771,8.595105171203613,6.115865707397461,7.920989513397217,6.219733715057373,10.597131729125977,,,,,,,,,,,8.74946117401123,7.094422340393066,6.978076934814453,8.235319137573242,7.156467437744141,10.633904457092285,8.351863861083984,9.432550430297852,7.3324875831604,13.53005313873291,,,,,,,,,,,,,,,,,,,,,,,,,,,,,,,,,,,,,,,,
9,1909,,,,,,,,,,,,,,,,,,,,,,,,,,,,,,,,,,,,,,,,,0.2175803929567337,0.24433507025241852,0.18028253316879272,0.11253039538860321,0.24035581946372986,0.40313321352005005,0.16222596168518066,0.13602063059806824,0.26616665720939636,0.21317322552204132,4.79094934463501,4.424624443054199,4.334001541137695,3.996953248977661,5.498432159423828,6.660548686981201,4.7582621574401855,3.8547887802124023,4.301872253417969,5.2890625,,,,,,,,,,,6.383769512176514,5.4721150398254395,6.117703914642334,4.663261890411377,7.014988422393799,10.289639472961426,6.590691089630127,4.3497185707092285,5.922432899475098,7.033371448516846,,,,,,,,,,,,,,,,,,,,,,,,,,,,,,,,,,,,,,,,
9,1914,,,,,,,,,,,,,,,,,,,,,,,,,,,,,,,,,,,,,,,,,0.4127335548400879,0.5714700222015381,0.9110855460166931,0.37117964029312134,0.49813544750213623,0.34935855865478516,0.28206953406333923,0.14940963685512543,0.31577417254447937,0.26611942052841187,7.029655933380127,6.501882076263428,11.171960830688477,7.511786460876465,8.301698684692383,7.204169750213623,7.265079021453857,3.930739641189575,5.420955657958984,5.958632469177246,,,,,,,,,,,8.64745044708252,8.368720054626465,13.752803802490234,8.46928882598877,10.098883628845215,9.578810691833496,8.690583229064941,4.558773517608643,6.450770854949951,7.858424186706543,,,,,,,,,,,,,,,,,,,,,,,,,,,,,,,,,,,,,,,,
9,1919,,,,,,,,,,,,,,,,,,,,,,,,,,,,,,,,,,,,,,,,,0.3921636939048767,0.5632901191711426,0.2136831283569336,0.1645517796278,0.42115628719329834,0.3342880606651306,0.2000371217727661,0.810194194316864,0.6063972115516663,0.21587534248828888,7.0779709815979,7.174141883850098,6.5394606590271,5.258404731750488,8.249614715576172,7.2167887687683105,6.179257392883301,9.465081214904785,8.39096450805664,5.228022575378418,,,,,,,,,,,8.135025978088379,8.308609008789062,6.660346031188965,5.639052867889404,9.285841941833496,9.369929313659668,7.318567276000977,10.615812301635742,8.939266204833984,7.077807426452637,,,,,,,,,,,,,,,,,,,,,,,,,,,,,,,,,,,,,,,,
9,1924,,,,,,,,,,,,,,,,,,,,,,,,,,,,,,,,,,,,,,,,,0.4796190857887268,0.3338131010532379,0.3495175838470459,0.5094124674797058,0.36290186643600464,0.770133376121521,0.5002061724662781,0.27314648032188416,0.6801503300666809,0.5372905731201172,7.034835338592529,5.436122417449951,6.592785835266113,7.629434108734131,5.798928737640381,9.06993579864502,8.045487403869629,4.130441188812256,8.216084480285645,8.394299507141113,,,,,,,,,,,9.56088924407959,6.396081447601318,8.518167495727539,9.921782493591309,8.619741439819336,14.221938133239746,11.572983741760254,6.163913726806641,9.467291831970215,11.166108131408691,,,,,,,,,,,,,,,,,,,,,,,,,,,,,,,,,,,,,,,,
9,1929,,,,,,,,,,,,,,,,,,,,,,,,,,,,,,,,,,,,,,,,,0.3278960585594177,0.3428235948085785,0.38040590286254883,0.3816071152687073,0.17649276554584503,0.7184315323829651,0.2528094947338104,0.12675157189369202,0.2553987205028534,0.31634408235549927,6.211788654327393,4.620442867279053,8.20407772064209,7.553189754486084,4.452498435974121,9.434395790100098,6.058757781982422,3.5859534740448,5.080760955810547,6.916019439697266,,,,,,,,,,,7.833231449127197,6.481829643249512,8.886592864990234,8.587428092956543,6.011227130889893,13.736262321472168,8.227492332458496,4.198898792266846,5.801397800445557,8.567953109741211,,,,,,,,,,,,,,,,,,,,,,,,,,,,,,,,,,,,,,,,
9,1934,,,,,,,,,,,,,,,,,,,,,,,,,,,,,,,,,,,,,,,,,0.37000614404678345,0.34595388174057007,0.15462706983089447,0.26312774419784546,0.5255656838417053,0.2795279324054718,0.22174251079559326,0.8560687303543091,0.4987850785255432,0.18465641140937805,6.530174255371094,5.467626571655273,4.576507568359375,6.23259973526001,8.332625389099121,6.015519618988037,6.35128116607666,8.783347129821777,7.455868244171143,5.556190490722656,,,,,,,,,,,7.946699619293213,6.511355400085449,5.665711402893066,7.130799293518066,10.373208999633789,8.568178176879883,7.70540189743042,10.91221809387207,8.107370376586914,6.546051025390625,,,,,,,,,,,,,,,,,,,,,,,,,,,,,,,,,,,,,,,,
9,1939,,,,,,,,,,,,,,,,,,,,,,,,,,,,,,,,,,,,,,,,,0.398550420999527,0.35860925912857056,0.4574008882045746,0.42998185753822327,0.35928821563720703,0.48046228289604187,0.4445784389972687,0.2554444670677185,0.40445438027381897,0.396733820438385,6.589560508728027,4.307795524597168,7.553756237030029,7.3005523681640625,6.873157978057861,7.455317497253418,7.898789405822754,4.903302192687988,6.471701622009277,6.541671276092529,,,,,,,,,,,8.785147666931152,6.6293816566467285,9.744512557983398,9.115488052368164,8.5767183303833,11.233251571655273,10.91050910949707,5.960833549499512,7.300591468811035,9.595040321350098,,,,,,,,,,,,,,,,,,,,,,,,,,,,,,,,,,,,,,,,
9,1939,,,,,,,,,,,,,,,,,,,,,,,,,,,,,,,,,,,,,,,,,,,,,,,,,,,6.666452884674072,5.347980499267578,6.67680025100708,6.32025146484375,6.826083183288574,8.366687774658203,7.2215399742126465,5.8549652099609375,6.036175727844238,7.347596645355225,0.5669158697128296,0.5704885721206665,0.623241662979126,0.6445037126541138,0.5705405473709106,0.4786034822463989,0.5713245868682861,0.5752629041671753,0.5260744094848633,0.5422030687332153,8.7686128616333,7.068800449371338,8.708952903747559,8.255443572998047,9.195093154907227,11.019685745239258,9.65444564819336,7.593669414520264,7.805821895599365,9.615601539611816,0.499440997838974,0.6143807768821716,0.5493547320365906,0.3694150745868683,0.5652437806129456,0.584744930267334,0.39346224069595337,0.4275829792022705,0.467214971780777,0.5235691666603088,7.198334693908691,5.937742233276367,7.625748634338379,6.407608509063721,8.301536560058594,9.111626625061035,7.710476398468018,5.477613925933838,5.991271018981934,8.221385955810547,0.46127763390541077,0.3535920977592468,0.571998119354248,0.5904083251953125,0.32096540927886963,0.46975141763687134,0.5986714959144592,0.38273221254348755,0.3662613034248352,0.49711817502975464,9.810836791992188,8.896468162536621,10.030165672302246,9.507781028747559,11.149133682250977,12.519734382629395,10.127558708190918,7.324650764465332,8.095264434814453,10.646770477294922
10,1944,,,,,,,,,,,,,,,,,,,,,,,,,,,,,,,,,,,,,,,,,0.40229877829551697,0.4321543872356415,0.17341719567775726,0.16147278249263763,0.9080248475074768,0.43045610189437866,0.25628963112831116,0.34017717838287354,0.24248257279396057,0.6762142181396484,6.60198450088501,4.968593120574951,4.99824857711792,4.104398250579834,10.565577507019043,8.185998916625977,6.511343955993652,6.7202653884887695,4.396067142486572,8.967369079589844,,,,,,,,,,,8.49703598022461,7.277491569519043,6.000089645385742,5.58604621887207,13.634791374206543,10.632619857788086,8.283927917480469,6.878778457641602,5.652798652648926,12.526776313781738,,,,,,,,,,,,,,,,,,,,,,,,,,,,,,,,,,,,,,,,
10,1949,,,,,,,,,,,,,,,,,,,,,,,,,,,,,,,,,,,,,,,,,0.2634280025959015,0.3413095772266388,0.16471844911575317,0.10818636417388916,0.27043241262435913,0.22286081314086914,0.2734087109565735,0.4267426133155823,0.353433221578598,0.20975978672504425,5.553683757781982,4.965426445007324,4.361547470092773,4.229186058044434,6.099130153656006,6.360302925109863,6.45942497253418,5.188562393188477,6.3467698097229,5.972804546356201,,,,,,,,,,,6.8934502601623535,6.467501163482666,5.8476691246032715,4.5723676681518555,7.44096040725708,7.650550365447998,8.556121826171875,7.704451084136963,6.824596405029297,6.976832866668701,,,,,,,,,,,,,,,,,,,,,,,,,,,,,,,,,,,,,,,,
10,1954,,,,,,,,,,,,,,,,,,,,,,,,,,,,,,,,,,,,,,,,,0.33187612891197205,0.29158318042755127,0.4657941460609436,0.7441158294677734,0.14150576293468475,0.3767910897731781,0.1599065214395523,0.23930229246616364,0.11239687353372574,0.45548948645591736,6.429166793823242,4.548926830291748,8.702390670776367,9.516111373901367,4.514427185058594,8.803116798400879,5.369439601898193,4.292557716369629,3.3854122161865234,8.730116844177246,,,,,,,,,,,7.730625629425049,5.9778289794921875,9.833512306213379,11.991546630859375,5.382533073425293,9.947779655456543,6.5434064865112305,5.7694196701049805,3.848578691482544,10.281023979187012,,,,,,,,,,,,,,,,,,,,,,,,,,,,,,,,,,,,,,,,
10,1959,,,,,,,,,,,,,,,,,,,,,,,,,,,,,,,,,,,,,,,,,0.2796741724014282,0.1034487634897232,0.09066065400838852,0.2525278329849243,0.1791267693042755,0.5988853573799133,0.3014782667160034,0.28594595193862915,0.24901024997234344,0.45598360896110535,6.0026702880859375,3.093686103820801,4.10194206237793,6.258628845214844,5.2774763107299805,10.405730247497559,7.8161940574646,5.049831390380859,4.6251983642578125,7.39534854888916,,,,,,,,,,,7.198694229125977,3.5606138706207275,4.338314533233643,6.985692977905273,6.055916786193848,12.541449546813965,8.984601974487305,6.306678295135498,5.7283806800842285,10.286600112915039,,,,,,,,,,,,,,,,,,,,,,,,,,,,,,,,,,,,,,,,
10,1964,,,,,,,,,,,,,,,,,,,,,,,,,,,,,,,,,,,,,,,,,0.532524585723877,0.4062139689922333,0.32818183302879333,0.6544163227081299,0.7307891249656677,0.36368271708488464,0.7143030762672424,1.1101893186569214,0.21553511917591095,0.2694096565246582,7.89285945892334,5.448151588439941,6.794226169586182,9.519967079162598,9.257922172546387,8.452459335327148,10.339099884033203,10.053240776062012,4.611742973327637,6.558925151824951,,,,,,,,,,,9.783693313598633,7.055692672729492,8.254084587097168,11.245582580566406,12.231949806213379,9.773208618164062,13.82967758178711,12.426740646362305,5.32944917678833,7.906854629516602,,,,,,,,,,,,,,,,,,,,,,,,,,,,,,,,,,,,,,,,
10,1969,,,,,,,,,,,,,,,,,,,,,,,,,,,,,,,,,,,,,,,,,0.40714946389198303,0.27615785598754883,0.6114316582679749,0.04980389028787613,0.37844839692115784,1.0752971172332764,0.8271896839141846,0.09131737798452377,0.10644128173589706,0.24825799465179443,5.916126251220703,4.739798069000244,6.570178508758545,2.275160551071167,6.0530219078063965,12.26490592956543,9.570815086364746,2.8509528636932373,3.3676047325134277,5.552700042724609,,,,,,,,,,,8.397281646728516,5.817561149597168,11.266410827636719,3.1023197174072266,8.802437782287598,16.80506134033203,14.88241195678711,3.563981294631958,3.7452285289764404,7.590123653411865,,,,,,,,,,,,,,,,,,,,,,,,,,,,,,,,,,,,,,,,
10,1974,,,,,,,,,,,,,,,,,,,,,,,,,,,,,,,,,,,,,,,,,0.3674367666244507,0.29936161637306213,0.574876070022583,0.5355426073074341,0.3594954013824463,0.3535481095314026,0.2814696133136749,0.09241974353790283,0.4672015607357025,0.34301602840423584,6.831068515777588,5.444376468658447,8.8867826461792,6.4063825607299805,7.433812618255615,8.027727127075195,6.462216854095459,3.5854291915893555,7.846490859985352,7.386393070220947,,,,,,,,,,,8.267210006713867,6.0570387840271,10.924428939819336,10.173067092895508,8.579191207885742,9.636073112487793,8.68133544921875,3.5854291915893555,7.846490859985352,8.921839714050293,,,,,,,,,,,,,,,,,,,,,,,,,,,,,,,,,,,,,,,,
10,1979,,,,,,,,,,,,,,,,,,,,,,,,,,,,,,,,,,,,,,,,,0.36904552578926086,0.6257403492927551,0.30127662420272827,0.2927625775337219,0.3642582893371582,0.24223291873931885,0.30400195717811584,0.3464944362640381,0.2468225210905075,0.5978201627731323,6.7010369300842285,7.175200462341309,6.227066516876221,6.298454284667969,6.8623199462890625,6.624154567718506,7.234343528747559,6.6600165367126465,4.589169979095459,8.638605117797852,,,,,,,,,,,8.249460220336914,8.757080078125,7.908504486083984,7.521642684936523,8.635835647583008,7.976133823394775,9.022128105163574,6.942355632781982,5.703161239624023,11.77829647064209,,,,,,,,,,,,,,,,,,,,,,,,,,,,,,,,,,,,,,,,
10,1984,,,,,,,,,,,,,,,,,,,,,,,,,,,,,,,,,,,,,,,,,0.3589410185813904,0.36822056770324707,0.1839459389448166,0.25201839208602905,0.4177653193473816,0.8323341012001038,0.13097155094146729,0.2875359058380127,0.5981140732765198,0.15956346690654755,6.078996658325195,5.0705718994140625,5.247946262359619,6.518215656280518,7.142574787139893,9.063678741455078,5.349465370178223,4.624869346618652,6.417444229125977,5.2762017250061035,,,,,,,,,,,7.902048587799072,6.7176337242126465,6.179548740386963,6.978643417358398,9.248383522033691,14.785114288330078,5.921875476837158,6.324187755584717,8.878003120422363,6.085047245025635,,,,,,,,,,,,,,,,,,,,,,,,,,,,,,,,,,,,,,,,
10,1989,,,,,,,,,,,,,,,,,,,,,,,,,,,,,,,,,,,,,,,,,0.20501883327960968,0.14948874711990356,0.034263450652360916,0.10599706321954727,0.34292683005332947,0.26754266023635864,0.22600267827510834,0.2868627607822418,0.150260329246521,0.2818249464035034,4.857255935668945,3.5377278327941895,2.2195074558258057,3.7600295543670654,7.244081974029541,6.269718647003174,5.45802116394043,4.412741661071777,4.236948013305664,6.576527118682861,,,,,,,,,,,6.0963826179504395,4.280223846435547,2.6670258045196533,4.525867462158203,8.379158020019531,8.382476806640625,7.7790679931640625,6.316781044006348,4.449851036071777,8.086990356445312,,,,,,,,,,,,,,,,,,,,,,,,,,,,,,,,,,,,,,,,
10,1994,,,,,,,,,,,,,,,,,,,,,,,,,,,,,,,,,,,,,,,,,0.46774306893348694,0.4434688091278076,0.1918879598379135,0.5052158236503601,0.31373634934425354,0.49309810996055603,0.49267181754112244,1.033644199371338,0.07118000835180283,0.6647845506668091,7.225579261779785,6.176647663116455,5.4832892417907715,7.867588043212891,5.913769245147705,9.401925086975098,9.256669044494629,9.596699714660645,2.5802643299102783,8.753358840942383,,,,,,,,,,,9.10205078125,7.3721442222595215,6.311542510986328,9.880828857421875,8.014604568481445,11.380006790161133,11.485493659973145,11.990692138671875,3.0626847743988037,12.420459747314453,,,,,,,,,,,,,,,,,,,,,,,,,,,,,,,,,,,,,,,,
10,1999,,,,,,,,,,,,,,,,,,,,,,,,,,,,,,,,,,,,,,,,,0.3152244985103607,0.3148939311504364,0.21142585575580597,0.0899261087179184,0.18366944789886475,0.11355507373809814,0.24211974442005157,0.434825599193573,1.0319163799285889,0.214688241481781,5.392689228057861,5.05858039855957,5.465296745300293,3.9354770183563232,4.61323356628418,4.52793025970459,6.185555458068848,4.816553115844727,7.909702301025391,6.021873950958252,,,,,,,,,,,7.016396999359131,6.212185859680176,6.625073432922363,4.168672561645508,6.132225036621094,5.461087226867676,8.051669120788574,7.777075290679932,11.661260604858398,7.058320045471191,,,,,,,,,,,,,,,,,,,,,,,,,,,,,,,,,,,,,,,,
10,2004,,,,,,,,,,,,,,,,,,,,,,,,,,,,,,,,,,,,,,,,,0.3478269577026367,0.5025601387023926,0.031821902841329575,0.4160172641277313,0.47544994950294495,0.43798911571502686,0.2957112491130829,0.1982153356075287,0.32898756861686707,0.4436902403831482,6.372424125671387,6.510475158691406,2.028834819793701,7.159586429595947,7.671895503997803,8.455662727355957,6.873169898986816,4.227357387542725,6.355190277099609,8.069647789001465,,,,,,,,,,,7.872928142547607,7.847951412200928,2.5702459812164307,8.9662446975708,9.86624813079834,10.725253105163574,8.8982515335083,5.2508225440979,6.584351539611816,10.146987915039062,,,,,,,,,,,,,,,,,,,,,,,,,,,,,,,,,,,,,,,,
10,2009,,,,,,,,,,,,,,,,,,,,,,,,,,,,,,,,,,,,,,,,,0.33328500390052795,0.28136134147644043,0.3720763027667999,0.45584985613822937,0.11486326158046722,0.2790358364582062,0.3359377980232239,0.45688140392303467,0.29709669947624207,0.40646255016326904,6.3728928565979,4.660885334014893,6.949039936065674,8.749375343322754,4.20297908782959,7.411200046539307,6.937321186065674,7.722171783447266,5.747416973114014,4.975649356842041,,,,,,,,,,,7.875749588012695,5.872114181518555,8.788761138916016,9.38568115234375,4.849424362182617,8.560632705688477,9.484189987182617,7.971874237060547,6.257087230682373,9.711973190307617,,,,,,,,,,,,,,,,,,,,,,,,,,,,,,,,,,,,,,,,
10,2014,,,,,,,,,,,,,,,,,,,,,,,,,,,,,,,,,,,,,,,,,0.3638555705547333,0.5505480170249939,0.28464099764823914,0.4207594394683838,0.2731037735939026,0.43152332305908203,0.4820851981639862,0.13213400542736053,0.21681493520736694,0.48309046030044556,6.638247966766357,7.017780303955078,6.158275604248047,7.4180498123168945,6.123545169830322,8.28610897064209,8.356696128845215,3.3042354583740234,4.432976245880127,8.646562576293945,,,,,,,,,,,8.29150104522705,8.21409797668457,7.687061786651611,9.017202377319336,7.477621555328369,10.645792961120605,11.361421585083008,4.287123680114746,5.345248222351074,10.587939262390137,,,,,,,,,,,,,,,,,,,,,,,,,,,,,,,,,,,,,,,,
10,2019,,,,,,,,,,,,,,,,,,,,,,,,,,,,,,,,,,,,,,,,,0.8720086812973022,0.5724340677261353,0.8234146237373352,0.8599008917808533,1.0478105545043945,0.8741289973258972,0.5930232405662537,0.7258304953575134,1.2350744009017944,1.1164612770080566,10.283903121948242,6.964579105377197,10.742115020751953,9.959620475769043,12.636309623718262,12.390725135803223,9.199756622314453,7.8757734298706055,8.888481140136719,13.897767066955566,,,,,,,,,,,12.84912109375,8.375775337219238,13.074374198913574,12.890777587890625,14.64674186706543,15.151778221130371,12.60104751586914,10.047924041748047,12.757625579833984,16.096040725708008,,,,,,,,,,,,,,,,,,,,,,,,,,,,,,,,,,,,,,,,
10,2024,,,,,,,,,,,,,,,,,,,,,,,,,,,,,,,,,,,,,,,,,0.36639586091041565,0.4480299651622772,0.6069791913032532,0.42915210127830505,0.20852363109588623,0.41173821687698364,0.4161235988140106,0.03054755926132202,0.10147019475698471,0.6449983716011047,6.611288547515869,5.722723007202148,10.384472846984863,7.891488552093506,5.06783390045166,8.804862022399902,7.056623458862305,1.9001350402832031,3.251786231994629,9.421671867370605,,,,,,,,,,,8.131406784057617,7.409959316253662,11.22531509399414,9.106689453125,6.533972263336182,10.398877143859863,10.55557632446289,2.0613272190093994,3.656726837158203,12.23422622680664,,,,,,,,,,,,,,,,,,,,,,,,,,,,,,,,,,,,,,,,
10,2029,,,,,,,,,,,,,,,,,,,,,,,,,,,,,,,,,,,,,,,,,0.3917336165904999,0.30922168493270874,0.2554181218147278,0.1824973076581955,0.5737444758415222,0.7822862267494202,0.42994898557662964,0.25224366784095764,0.3622809648513794,0.3779611587524414,7.199953079223633,4.960792064666748,6.594326019287109,4.84447717666626,9.438333511352539,11.617975234985352,8.341925621032715,4.598588466644287,5.980929851531982,8.422231674194336,,,,,,,,,,,8.608437538146973,6.155980587005615,7.281778812408447,5.938586711883545,10.83824348449707,14.333712577819824,10.729494094848633,5.923370361328125,6.909490585327148,9.365280151367188,,,,,,,,,,,,,,,,,,,,,,,,,,,,,,,,,,,,,,,,
10,2034,,,,,,,,,,,,,,,,,,,,,,,,,,,,,,,,,,,,,,,,,0.3261690139770508,0.21811342239379883,0.27126461267471313,0.05476011335849762,0.35806944966316223,0.7000099420547485,0.23445333540439606,0.2800295054912567,0.4820155203342438,0.33680516481399536,5.921308517456055,4.135770797729492,5.311121940612793,2.777087450027466,6.856404781341553,10.221226692199707,5.519061088562012,4.935423851013184,6.373480319976807,7.162198066711426,,,,,,,,,,,7.669276714324951,5.170153617858887,7.504265785217285,3.2530226707458496,8.562158584594727,13.559009552001953,7.92317008972168,6.241092205047607,7.969916343688965,8.8406982421875,,,,,,,,,,,,,,,,,,,,,,,,,,,,,,,,,,,,,,,,
10,2039,,,,,,,,,,,,,,,,,,,,,,,,,,,,,,,,,,,,,,,,,0.30301550030708313,0.25364434719085693,0.19961078464984894,0.1844598799943924,0.499259352684021,0.2820974886417389,0.23762428760528564,0.5165983438491821,0.3970945179462433,0.15675047039985657,5.733686923980713,4.463053226470947,5.106696605682373,5.190747261047363,6.891388416290283,6.186497211456299,6.552648544311523,6.585240364074707,5.550237655639648,5.076670169830322,,,,,,,,,,,7.37992525100708,5.575385093688965,6.4372992515563965,5.970433235168457,10.110270500183105,8.607468605041504,7.976571083068848,8.476863861083984,7.233862400054932,6.03117036819458,,,,,,,,,,,,,,,,,,,,,,,,,,,,,,,,,,,,,,,,
10,2044,,,,,,,,,,,,,,,,,,,,,,,,,,,,,,,,,,,,,,,,,0.2969502806663513,0.20947930216789246,0.260264128446579,0.13807351887226105,0.2586185932159424,0.2965869903564453,0.29880252480506897,0.24189229309558868,0.3694062829017639,0.5994287729263306,5.686338901519775,4.253051280975342,5.856124401092529,3.8858814239501953,5.483926773071289,7.469246864318848,5.97253942489624,4.34653377532959,6.118993282318115,7.7907538414001465,,,,,,,,,,,7.4668450355529785,5.066788673400879,7.3505330085754395,5.165472984313965,7.276617050170898,8.82575511932373,8.94464111328125,5.8005571365356445,6.977107048034668,11.794133186340332,,,,,,,,,,,,,,,,,,,,,,,,,,,,,,,,,,,,,,,,
10,2049,,,,,,,,,,,,,,,,,,,,,,,,,,,,,,,,,,,,,,,,,0.4893631935119629,0.39000725746154785,0.7133375406265259,0.44168567657470703,0.25429847836494446,0.37010300159454346,0.6171455383300781,0.27831214666366577,0.5028892755508423,0.8364900946617126,7.673673152923584,5.925904750823975,10.32778549194336,7.290544033050537,6.461929798126221,8.047574996948242,10.157265663146973,5.168467044830322,6.180685520172119,9.502898216247559,,,,,,,,,,,9.616205215454102,6.913510322570801,12.169120788574219,9.238715171813965,7.215584754943848,9.859098434448242,12.854778289794922,6.221925258636475,8.140657424926758,13.932453155517578,,,,,,,,,,,,,,,,,,,,,,,,,,,,,,,,,,,,,,,,
10,2054,,,,,,,,,,,,,,,,,,,,,,,,,,,,,,,,,,,,,,,,,0.4558360278606415,0.4625329375267029,0.46205469965934753,0.5217409729957581,0.9217103123664856,0.39947977662086487,0.15976779162883759,0.505849301815033,0.2614966034889221,0.40789201855659485,6.971958160400391,6.397475242614746,7.294126987457275,7.1436004638671875,8.804915428161621,7.932560920715332,5.782685279846191,7.015218257904053,5.041756629943848,7.335285663604736,,,,,,,,,,,9.096905708312988,7.52893590927124,9.793959617614746,10.04112434387207,13.737156867980957,10.242907524108887,6.540567874908447,8.388209342956543,5.870246410369873,9.729035377502441,,,,,,,,,,,,,,,,,,,,,,,,,,,,,,,,,,,,,,,,
10,2059,,,,,,,,,,,,,,,,,,,,,,,,,,,,,,,,,,,,,,,,,0.26770704984664917,0.2719520330429077,0.17108646035194397,0.2979632616043091,0.27403396368026733,0.14877112209796906,0.2829212248325348,0.2844473421573639,0.3337031304836273,0.34448498487472534,5.57708215713501,4.180960178375244,4.888988018035889,5.932408809661865,5.56207275390625,5.010132789611816,6.733465194702148,5.353456497192383,5.268404960632324,7.263847827911377,,,,,,,,,,,7.069793224334717,5.773091793060303,5.9596333503723145,7.588155746459961,7.490345001220703,6.250793933868408,8.703693389892578,6.290131092071533,6.631372451782227,8.940923690795898,,,,,,,,,,,,,,,,,,,,,,,,,,,,,,,,,,,,,,,,
10,2064,,,,,,,,,,,,,,,,,,,,,,,,,,,,,,,,,,,,,,,,,0.40189698338508606,0.8663318157196045,0.3625287711620331,0.5790904760360718,0.29218193888664246,0.3922158181667328,0.09988866746425629,0.3120594620704651,0.3562162518501282,0.356559693813324,7.017345905303955,8.636852264404297,6.055009841918945,9.934182167053223,6.9307451248168945,8.32509708404541,4.288731575012207,5.664731979370117,5.399228096008301,7.92153787612915,,,,,,,,,,,8.349919319152832,10.30396556854248,8.67526912689209,10.578597068786621,7.734394550323486,10.149354934692383,5.171647548675537,6.588360786437988,6.851412773132324,9.096269607543945,,,,,,,,,,,,,,,,,,,,,,,,,,,,,,,,,,,,,,,,
10,2069,,,,,,,,,,,,,,,,,,,,,,,,,,,,,,,,,,,,,,,,,0.2504834234714508,0.627710223197937,0.1631443202495575,0.08667335659265518,0.17204080522060394,0.4075455069541931,0.09948524832725525,0.18832115828990936,0.21448197960853577,0.2949480712413788,4.71279239654541,5.495648384094238,4.999168395996094,3.369818925857544,4.403072834014893,6.532247066497803,3.7498199939727783,4.2063140869140625,3.6827423572540283,5.976297855377197,,,,,,,,,,,6.536962032318115,8.770853996276855,5.819660186767578,4.09258508682251,5.934927463531494,10.345795631408691,5.161193370819092,5.118093967437744,5.316412925720215,8.27313232421875,,,,,,,,,,,,,,,,,,,,,,,,,,,,,,,,,,,,,,,,
10,2074,,,,,,,,,,,,,,,,,,,,,,,,,,,,,,,,,,,,,,,,,0.43932145833969116,0.5053449273109436,0.531223475933075,0.3239147365093231,0.3903602659702301,0.38415297865867615,0.4168146848678589,0.4363926649093628,0.6927438378334045,0.27294570207595825,6.655346393585205,6.983857154846191,6.929494380950928,5.271512031555176,6.5877532958984375,7.337535381317139,8.144299507141113,6.077970027923584,6.369336128234863,6.196361064910889,,,,,,,,,,,9.015084266662598,7.869664192199707,10.501474380493164,7.911707401275635,8.939895629882812,10.0444917678833,10.564337730407715,7.791076183319092,9.554536819458008,7.95857572555542,,,,,,,,,,,,,,,,,,,,,,,,,,,,,,,,,,,,,,,,
10,2079,,,,,,,,,,,,,,,,,,,,,,,,,,,,,,,,,,,,,,,,,0.5642762184143066,0.6890071034431458,0.3989587426185608,0.6464853286743164,0.553931713104248,0.4248223900794983,0.2779706120491028,0.8301964998245239,0.5167291164398193,0.7403846979141235,8.442587852478027,7.145421504974365,7.539539337158203,9.272420883178711,9.406950950622559,8.778033256530762,7.5588812828063965,9.081502914428711,6.7698564529418945,10.43068790435791,,,,,,,,,,,10.156911849975586,9.18912410736084,9.100717544555664,11.177230834960938,10.64946460723877,10.562811851501465,8.627206802368164,10.746058464050293,8.251914978027344,13.107682228088379,,,,,,,,,,,,,,,,,,,,,,,,,,,,,,,,,,,,,,,,
10,2084,,,,,,,,,,,,,,,,,,,,,,,,,,,,,,,,,,,,,,,,,0.22138752043247223,0.1304677277803421,0.29974281787872314,0.33659857511520386,0.17541959881782532,0.28000888228416443,0.30961495637893677,0.06480072438716888,0.0955483540892601,0.30028608441352844,5.136682510375977,3.192286491394043,6.8488898277282715,6.596556186676025,4.754168510437012,6.003385543823242,6.835416316986084,2.6358225345611572,3.3296313285827637,6.0339813232421875,,,,,,,,,,,6.502664089202881,3.9986538887023926,7.888347625732422,8.06512451171875,5.992922782897949,8.575545310974121,9.1050386428833,3.0022623538970947,3.5484187602996826,8.347661018371582,,,,,,,,,,,,,,,,,,,,,,,,,,,,,,,,,,,,,,,,
10,2089,,,,,,,,,,,,,,,,,,,,,,,,,,,,,,,,,,,,,,,,,0.33264288306236267,0.3746867775917053,0.4354109764099121,0.2843063771724701,0.17343580722808838,0.259044885635376,0.15203191339969635,0.4507041573524475,0.1479608565568924,0.7162043452262878,6.270636081695557,5.361717700958252,7.244397163391113,6.253616809844971,5.512392520904541,7.169025421142578,5.0646796226501465,6.186124324798584,3.6831212043762207,9.960653305053711,,,,,,,,,,,7.723197937011719,6.776360034942627,9.507390975952148,7.41221809387207,5.958940029144287,8.248279571533203,6.380256652832031,7.91779899597168,4.415670871734619,12.891862869262695,,,,,,,,,,,,,,,,,,,,,,,,,,,,,,,,,,,,,,,,
10,2094,,,,,,,,,,,,,,,,,,,,,,,,,,,,,,,,,,,,,,,,,0.7251490950584412,0.8229870200157166,0.08070410043001175,0.5865732431411743,0.35812991857528687,0.5335090160369873,0.37918639183044434,0.13018947839736938,2.948370933532715,0.6866919994354248,7.82534122467041,7.127711772918701,4.093167304992676,7.3045125007629395,6.639851093292236,9.250136375427246,7.520988464355469,4.255461692810059,15.3978853225708,8.838356018066406,,,,,,,,,,,10.205464363098145,10.042891502380371,4.093167304992676,10.646723747253418,8.562881469726562,11.837139129638672,10.07620906829834,4.255461692810059,19.711257934570312,12.623453140258789,,,,,,,,,,,,,,,,,,,,,,,,,,,,,,,,,,,,,,,,
10,2099,,,,,,,,,,,,,,,,,,,,,,,,,,,,,,,,,,,,,,,,,0.4500477612018585,0.5104597210884094,0.1837945580482483,0.22413775324821472,0.11627048254013062,0.22328296303749084,0.365896612405777,0.6886512637138367,1.1861265897750854,0.5518099069595337,6.671570777893066,6.4758477210998535,5.4521284103393555,4.762832164764404,3.650559902191162,5.93131160736084,8.586506843566895,7.202147483825684,8.162674903869629,9.820128440856934,,,,,,,,,,,8.523115158081055,7.909389972686768,6.177005290985107,6.581310749053955,4.879039764404297,7.6577935218811035,9.89805793762207,9.787198066711426,12.502266883850098,11.315974235534668,,,,,,,,,,,,,,,,,,,,,,,,,,,,,,,,,,,,,,,,
10,2104,,,,,,,,,,,,,,,,,,,,,,,,,,,,,,,,,,,,,,,,,0.6071246862411499,1.2874387502670288,0.24215322732925415,0.1919812560081482,1.2536683082580566,0.973035991191864,0.43596330285072327,0.267916738986969,0.22354643046855927,0.5884182453155518,8.080609321594238,10.764260292053223,5.7796831130981445,5.721184730529785,11.537125587463379,12.263321876525879,8.250581741333008,5.323495864868164,3.9142398834228516,9.171588897705078,,,,,,,,,,,10.196779251098633,12.56103801727295,7.090172290802002,6.090939521789551,16.02104949951172,15.986017227172852,10.804278373718262,6.104619979858398,5.427591800689697,11.685310363769531,,,,,,,,,,,,,,,,,,,,,,,,,,,,,,,,,,,,,,,,
10,2109,,,,,,,,,,,,,,,,,,,,,,,,,,,,,,,,,,,,,,,,,0.18387991189956665,0.1931162178516388,0.08683474361896515,0.14313410222530365,0.2889260947704315,0.269116073846817,0.10330811887979507,0.195410817861557,0.09672512859106064,0.278347909450531,4.768779754638672,3.8717174530029297,3.907838821411133,4.498137950897217,6.170907497406006,5.979051113128662,4.5330634117126465,4.48581600189209,3.3589518070220947,6.113535404205322,,,,,,,,,,,5.838703632354736,4.864874839782715,4.24578857421875,5.259281635284424,7.69118070602417,8.407089233398438,5.2594218254089355,5.213543891906738,3.5702035427093506,8.036948204040527,,,,,,,,,,,,,,,,,,,,,,,,,,,,,,,,,,,,,,,,
10,2114,,,,,,,,,,,,,,,,,,,,,,,,,,,,,,,,,,,,,,,,,0.3071947693824768,0.19859910011291504,0.325965940952301,0.30943959951400757,0.24604956805706024,0.5051383376121521,0.2731841504573822,0.23866267502307892,0.30164700746536255,0.36606642603874207,5.772710800170898,4.136637210845947,6.524402141571045,5.814845561981201,5.52094841003418,8.794524192810059,5.0409159660339355,5.005303859710693,5.039192199707031,6.0776262283325195,,,,,,,,,,,7.70490026473999,4.933452129364014,8.226171493530273,7.732908248901367,7.097590446472168,11.518104553222656,8.552607536315918,5.761704444885254,6.304821491241455,9.21673583984375,,,,,,,,,,,,,,,,,,,,,,,,,,,,,,,,,,,,,,,,
10,2119,,,,,,,,,,,,,,,,,,,,,,,,,,,,,,,,,,,,,,,,,0.30368080735206604,0.5696232318878174,0.2551630437374115,0.20473265647888184,0.6023300290107727,0.16243240237236023,0.23319321870803833,0.24664606153964996,0.1203198954463005,0.3386865556240082,6.127692222595215,5.97465181350708,6.663620471954346,5.897093772888184,9.313644409179688,5.375028133392334,6.9576416015625,5.060670375823975,2.987109422683716,6.9197678565979,,,,,,,,,,,7.35179328918457,8.355185508728027,7.278141975402832,6.289968013763428,11.104957580566406,6.53148889541626,7.901849746704102,5.8572773933410645,3.98191499710083,8.8653564453125,,,,,,,,,,,,,,,,,,,,,,,,,,,,,,,,,,,,,,,,
10,2124,,,,,,,,,,,,,,,,,,,,,,,,,,,,,,,,,,,,,,,,,0.6248378753662109,0.6982848644256592,1.0531890392303467,0.9338886141777039,0.324649840593338,0.48953044414520264,0.2812264859676361,0.7870804071426392,0.33709144592285156,0.7186000943183899,8.93023681640625,6.954313278198242,13.807259559631348,11.707267761230469,6.243462085723877,9.086709022521973,7.008203983306885,9.557437896728516,5.27963399887085,10.727845191955566,,,,,,,,,,,10.631332397460938,9.250784873962402,14.786481857299805,13.433910369873047,8.15280818939209,11.338764190673828,8.67758560180664,10.46329116821289,6.66495418548584,12.913406372070312,,,,,,,,,,,,,,,,,,,,,,,,,,,,,,,,,,,,,,,,
10,2129,,,,,,,,,,,,,,,,,,,,,,,,,,,,,,,,,,,,,,,,,0.3646409213542938,0.6537582874298096,0.11046119779348373,0.18975591659545898,0.6568751931190491,0.6486690044403076,0.46951407194137573,0.21611230075359344,0.13732129335403442,0.199301078915596,6.137007236480713,6.6929497718811035,3.919994831085205,5.201841831207275,8.500608444213867,8.763715744018555,7.567399501800537,4.927556037902832,3.385465621948242,6.273531436920166,,,,,,,,,,,8.021564483642578,8.9509859085083,4.788687705993652,6.055535316467285,11.596878051757812,13.052311897277832,11.212309837341309,5.482750415802002,4.253948211669922,6.800675392150879,,,,,,,,,,,,,,,,,,,,,,,,,,,,,,,,,,,,,,,,
10,2133,,,,,,,,,,,,,,,,,,,,,,,,,,,,,,,,,,,,,,,,,,,,,,,,,,,6.639791488647461,5.46618127822876,6.627147197723389,6.390335559844971,6.860568046569824,8.290253639221191,7.193728923797607,5.804708003997803,5.741847515106201,7.3833513259887695,0.5699672102928162,0.5566226243972778,0.6300981640815735,0.6394801139831543,0.5736042857170105,0.48333048820495605,0.5696992874145508,0.5783305168151855,0.5599521994590759,0.5385871529579163,8.741206169128418,7.1819963455200195,8.629342079162598,8.313570022583008,9.162238121032715,10.969615936279297,9.6727294921875,7.566197395324707,7.521658420562744,9.653497695922852,0.5296604633331299,0.5884600877761841,0.69697505235672,0.39685070514678955,0.5604401230812073,0.579298198223114,0.4195104241371155,0.468019962310791,0.5819384455680847,0.4754512906074524,7.472537517547607,5.915124416351318,8.874881744384766,6.636959075927734,8.25289249420166,9.242170333862305,7.8740763664245605,5.775823593139648,6.9634175300598145,7.717496395111084,0.4336017668247223,0.41072022914886475,0.42826980352401733,0.5747329592704773,0.3353055715560913,0.4769759178161621,0.5739024877548218,0.34450942277908325,0.22054004669189453,0.5374594330787659,10.045764923095703,8.494250297546387,11.592599868774414,9.688007354736328,11.030778884887695,12.434151649475098,10.435403823852539,7.548025131225586,8.977859497070312,10.210801124572754
11,2134,,,,,,,,,,,,,,,,,,,,,,,,,,,,,,,,,,,,,,,,,0.42347049713134766,0.6031655073165894,0.12881283462047577,0.33333390951156616,0.5795950889587402,0.8681801557540894,0.395924836397171,0.44928985834121704,0.2251390665769577,0.2277931571006775,6.975557804107666,6.130965232849121,4.398486614227295,7.4363789558410645,8.72298526763916,10.969647407531738,7.819334030151367,6.9392876625061035,4.572203636169434,5.79073429107666,,,,,,,,,,,8.745255470275879,8.597664833068848,5.17119836807251,8.02591609954834,10.893362998962402,15.100132942199707,10.296204566955566,7.905367851257324,5.4468913078308105,7.270554542541504,,,,,,,,,,,,,,,,,,,,,,,,,,,,,,,,,,,,,,,,
11,2139,,,,,,,,,,,,,,,,,,,,,,,,,,,,,,,,,,,,,,,,,0.4449787139892578,0.5241156816482544,0.667610228061676,0.6418558359146118,0.3242613971233368,0.6065613031387329,0.17270910739898682,0.3444702625274658,0.4490785002708435,0.2741459310054779,7.29984712600708,6.070603370666504,9.42937183380127,8.494468688964844,6.418798923492432,9.351069450378418,5.835914134979248,6.666712760925293,6.629501819610596,6.802177429199219,,,,,,,,,,,9.009439468383789,8.01448917388916,11.772619247436523,11.137139320373535,8.147930145263672,12.621565818786621,6.800304889678955,6.9220476150512695,7.692799091339111,7.9760541915893555,,,,,,,,,,,,,,,,,,,,,,,,,,,,,,,,,,,,,,,,
11,2144,,,,,,,,,,,,,,,,,,,,,,,,,,,,,,,,,,,,,,,,,0.40393051505088806,0.45380282402038574,0.4486810266971588,0.3052058815956116,0.5756051540374756,0.20855678617954254,0.4924289286136627,0.3722333014011383,0.3741810619831085,0.40467962622642517,6.899836540222168,5.579746723175049,8.374619483947754,6.193471908569336,7.677796840667725,5.674777030944824,9.134759902954102,6.079494953155518,6.165446758270264,7.218415260314941,,,,,,,,,,,8.715140342712402,7.457544803619385,9.651182174682617,7.6798248291015625,10.855803489685059,7.400959014892578,11.482661247253418,7.195588111877441,7.022054672241211,9.69064998626709,,,,,,,,,,,,,,,,,,,,,,,,,,,,,,,,,,,,,,,,
11,2149,,,,,,,,,,,,,,,,,,,,,,,,,,,,,,,,,,,,,,,,,0.3591495156288147,0.319212406873703,0.15457803010940552,0.34383630752563477,0.25242888927459717,0.29536670446395874,0.23992672562599182,0.5322911739349365,0.8572123646736145,0.23749276995658875,6.283132553100586,3.943500518798828,4.571097373962402,6.961835861206055,5.473001003265381,6.469182968139648,6.75980806350708,7.793141841888428,8.625865936279297,5.950760841369629,,,,,,,,,,,7.85992431640625,6.254637718200684,5.664813041687012,8.151371955871582,7.189011573791504,8.807580947875977,8.015121459960938,8.604653358459473,10.62839126586914,7.423734188079834,,,,,,,,,,,,,,,,,,,,,,,,,,,,,,,,,,,,,,,,
11,2154,,,,,,,,,,,,,,,,,,,,,,,,,,,,,,,,,,,,,,,,,0.6634815335273743,0.7521957159042358,0.5378412008285522,0.5455626845359802,0.9371814131736755,0.3131990432739258,1.2356255054473877,0.2628266215324402,0.4080738127231598,0.9788273572921753,8.678497314453125,8.280738830566406,9.638603210449219,8.231520652770996,9.62591552734375,7.184016227722168,13.45732307434082,4.6755828857421875,6.526171684265137,10.486607551574707,,,,,,,,,,,11.110811233520508,9.601248741149902,10.566683769226074,10.267794609069824,13.851968765258789,9.069557189941406,18.189226150512695,6.046352386474609,7.333185195922852,15.071285247802734,,,,,,,,,,,,,,,,,,,,,,,,,,,,,,,,,,,,,,,,
11,2159,,,,,,,,,,,,,,,,,,,,,,,,,,,,,,,,,,,,,,,,,0.5209603309631348,0.5091841816902161,0.09226879477500916,0.4250265061855316,0.5097696185112,0.7023079991340637,0.18472275137901306,0.6550852656364441,1.2212789058685303,0.3889990746974945,7.480737686157227,6.718902587890625,3.2059848308563232,7.646066188812256,8.17508602142334,11.116521835327148,5.01350212097168,9.252111434936523,8.585258483886719,7.6132049560546875,,,,,,,,,,,9.322453498840332,7.899502277374268,4.376622200012207,9.062810897827148,10.216134071350098,13.581247329711914,7.032844066619873,9.545697212219238,12.686174392700195,9.501047134399414,,,,,,,,,,,,,,,,,,,,,,,,,,,,,,,,,,,,,,,,
11,2164,,,,,,,,,,,,,,,,,,,,,,,,,,,,,,,,,,,,,,,,,0.21812818944454193,0.31759294867515564,0.028335541486740112,0.2194318175315857,0.5392093062400818,0.12538550794124603,0.06076933816075325,0.15594279766082764,0.2649102509021759,0.25157630443573,4.526637554168701,5.245190143585205,1.9500279426574707,5.105269432067871,7.824649810791016,4.234752178192139,3.123494863510132,3.1380455493927,3.635634183883667,6.482675075531006,,,,,,,,,,,5.962418556213379,6.2387518882751465,2.4253668785095215,6.51185417175293,10.506990432739258,5.738515377044678,4.033787727355957,4.657376766204834,5.908437728881836,7.640681266784668,,,,,,,,,,,,,,,,,,,,,,,,,,,,,,,,,,,,,,,,
11,2169,,,,,,,,,,,,,,,,,,,,,,,,,,,,,,,,,,,,,,,,,0.42851948738098145,0.3993079364299774,0.1345362663269043,0.6011121869087219,0.42256617546081543,0.5716900825500488,0.2679319381713867,0.40926840901374817,0.3229517936706543,0.7273107171058655,6.701844215393066,5.2968597412109375,4.10252571105957,7.913338661193848,6.678486347198486,9.20225715637207,6.086954116821289,7.008335590362549,4.451842308044434,9.576001167297363,,,,,,,,,,,8.904787063598633,6.995459079742432,5.284833908081055,10.777862548828125,9.301370620727539,12.253388404846191,8.469992637634277,7.545062065124512,6.523672103881836,12.991437911987305,,,,,,,,,,,,,,,,,,,,,,,,,,,,,,,,,,,,,,,,
11,2174,,,,,,,,,,,,,,,,,,,,,,,,,,,,,,,,,,,,,,,,,0.41055330634117126,0.44017452001571655,0.4906257092952728,0.07975860685110092,0.32311689853668213,0.6027898192405701,0.7145787477493286,0.37065553665161133,0.39411669969558716,0.2791631817817688,6.3242034912109375,5.454100608825684,6.040944576263428,2.5672733783721924,6.62267541885376,9.126409530639648,9.570599555969238,5.92994499206543,5.007839679718018,6.5980401039123535,,,,,,,,,,,8.705193519592285,7.344710826873779,10.092222213745117,3.9259397983551025,8.133538246154785,12.58226490020752,13.832345962524414,7.180323123931885,7.206686973571777,8.048709869384766,,,,,,,,,,,,,,,,,,,,,,,,,,,,,,,,,,,,,,,,
11,2179,,,,,,,,,,,,,,,,,,,,,,,,,,,,,,,,,,,,,,,,,0.25279200077056885,0.16130539774894714,0.400545209646225,0.12850551307201385,0.3313421607017517,0.47628849744796753,0.32270118594169617,0.1352563053369522,0.08825327455997467,0.23093056678771973,5.2171759605407715,3.4992525577545166,6.461367130279541,4.2561516761779785,6.143613338470459,8.315633773803711,5.403721332550049,3.4836151599884033,3.0272629261016846,6.3639678955078125,,,,,,,,,,,6.925854206085205,4.446177005767822,9.118794441223145,4.983285427093506,8.236411094665527,11.184354782104492,9.295463562011719,4.337480068206787,3.4102697372436523,7.320451736450195,,,,,,,,,,,,,,,,,,,,,,,,,,,,,,,,,,,,,,,,
11,2184,,,,,,,,,,,,,,,,,,,,,,,,,,,,,,,,,,,,,,,,,0.5232576727867126,1.0339887142181396,0.274547815322876,0.7462928295135498,0.3508797287940979,0.7772205471992493,0.5926973819732666,0.39982935786247253,0.14615444839000702,0.38770854473114014,8.09992790222168,9.107047080993652,6.117561340332031,10.331314086914062,6.998788833618164,13.0606689453125,10.300390243530273,5.833530902862549,3.892672061920166,7.257380962371826,,,,,,,,,,,9.723065376281738,11.256935119628906,7.549543380737305,12.009073257446289,8.475761413574219,14.28722858428955,12.59758472442627,7.457548141479492,4.3886332511901855,9.485274314880371,,,,,,,,,,,,,,,,,,,,,,,,,,,,,,,,,,,,,,,,
11,2189,,,,,,,,,,,,,,,,,,,,,,,,,,,,,,,,,,,,,,,,,0.4712788164615631,0.27576637268066406,0.21910221874713898,0.6300013661384583,0.3660331964492798,0.32017430663108826,0.3086012601852417,0.6439434885978699,0.5997967720031738,0.8780906200408936,7.446561336517334,4.99987268447876,5.089300155639648,8.61853313446045,6.6886162757873535,7.705531120300293,7.47213888168335,7.47113037109375,7.444864749908447,11.529061317443848,,,,,,,,,,,9.23753833770752,5.813436985015869,6.744271755218506,11.0338134765625,8.65684986114502,9.169995307922363,9.090120315551758,9.464171409606934,8.890482902526855,14.27469539642334,,,,,,,,,,,,,,,,,,,,,,,,,,,,,,,,,,,,,,,,
11,2194,,,,,,,,,,,,,,,,,,,,,,,,,,,,,,,,,,,,,,,,,0.3400568664073944,0.2186678647994995,0.13961592316627502,0.3277873992919922,0.48427867889404297,0.22273170948028564,0.29485297203063965,0.23149167001247406,0.3231731057167053,0.8179125189781189,6.344577789306641,3.853055238723755,4.9018120765686035,7.184153079986572,7.659585475921631,6.732865810394287,6.519934177398682,4.842064380645752,4.2333574295043945,11.174372673034668,,,,,,,,,,,7.887514114379883,5.176720142364502,5.383678436279297,7.958863258361816,9.957430839538574,7.648334503173828,8.885329246520996,5.6744842529296875,6.525907039642334,13.776872634887695,,,,,,,,,,,,,,,,,,,,,,,,,,,,,,,,,,,,,,,,
11,2199,,,,,,,,,,,,,,,,,,,,,,,,,,,,,,,,,,,,,,,,,0.3820623755455017,0.31441035866737366,0.586498498916626,0.6120314002037048,0.55231112241745,0.3576310873031616,0.2239912748336792,0.20473307371139526,0.3308742046356201,0.25608038902282715,6.600966453552246,4.374903202056885,7.976766109466553,8.58554744720459,8.28800106048584,7.791516304016113,5.987970352172852,4.483250617980957,6.18510627746582,5.735640525817871,,,,,,,,,,,8.426140785217285,6.207414150238037,11.034308433532715,10.875311851501465,10.63387393951416,9.691555976867676,7.7443742752075195,5.336453437805176,6.603204727172852,7.708775043487549,,,,,,,,,,,,,,,,,,,,,,,,,,,,,,,,,,,,,,,,
11,2204,,,,,,,,,,,,,,,,,,,,,,,,,,,,,,,,,,,,,,,,,0.4705035388469696,0.7143886089324951,0.3395386338233948,0.1522311121225357,0.11166489124298096,0.861585259437561,0.3604298233985901,0.7661422491073608,0.5386608839035034,0.3898903429508209,7.239881992340088,8.308084487915039,7.44236946105957,4.691003799438477,4.318281173706055,10.196389198303223,7.135404586791992,7.954641342163086,6.635498046875,8.477262496948242,,,,,,,,,,,9.009404182434082,9.356846809387207,8.3956880569458,5.423836708068848,4.781431674957275,15.042672157287598,9.823837280273438,10.3231782913208,8.425215721130371,9.51192569732666,,,,,,,,,,,,,,,,,,,,,,,,,,,,,,,,,,,,,,,,
11,2209,,,,,,,,,,,,,,,,,,,,,,,,,,,,,,,,,,,,,,,,,0.3825305998325348,0.33957424759864807,0.2411893904209137,0.22558481991291046,0.3460368514060974,0.4815739393234253,0.3216991722583771,0.2738456130027771,0.7135006189346313,0.4997708797454834,7.010496616363525,5.283202171325684,6.140969753265381,5.607696056365967,7.279238224029541,9.546998977661133,6.800112247467041,5.699001789093018,7.966517448425293,8.770733833312988,,,,,,,,,,,8.412392616271973,6.451038360595703,7.076047420501709,6.6025214195251465,8.417067527770996,11.24623966217041,9.281021118164062,6.1717963218688965,9.696621894836426,10.769181251525879,,,,,,,,,,,,,,,,,,,,,,,,,,,,,,,,,,,,,,,,
11,2214,,,,,,,,,,,,,,,,,,,,,,,,,,,,,,,,,,,,,,,,,0.3371630311012268,0.4093133509159088,0.25477081537246704,0.2724702060222626,0.38526082038879395,0.30668628215789795,0.18460674583911896,0.25762924551963806,0.3996945321559906,0.5640350580215454,5.958849906921387,4.684601783752441,6.58781623840332,6.192931175231934,6.662287712097168,6.47607421875,5.537615776062012,4.744269371032715,4.328357219696045,8.415698051452637,,,,,,,,,,,7.909167766571045,7.082558631896973,7.272546291351318,7.256286144256592,8.881311416625977,8.974763870239258,7.030634880065918,5.986269950866699,7.257505893707275,11.440637588500977,,,,,,,,,,,,,,,,,,,,,,,,,,,,,,,,,,,,,,,,
11,2219,,,,,,,,,,,,,,,,,,,,,,,,,,,,,,,,,,,,,,,,,0.5222889184951782,0.14689582586288452,0.7319075465202332,0.5523282885551453,0.4710986614227295,0.5809886455535889,0.44204598665237427,0.7940943241119385,0.5370284914970398,0.44421249628067017,8.194353103637695,3.059654474258423,9.841215133666992,8.162568092346191,8.41182804107666,10.221760749816895,8.721125602722168,8.805318832397461,7.6782355308532715,8.8474702835083,,,,,,,,,,,9.89210319519043,4.242940902709961,12.326499938964844,10.331266403198242,9.820996284484863,12.352636337280273,10.879389762878418,10.509807586669922,8.41243839263916,10.152957916259766,,,,,,,,,,,,,,,,,,,,,,,,,,,,,,,,,,,,,,,,
11,2224,,,,,,,,,,,,,,,,,,,,,,,,,,,,,,,,,,,,,,,,,0.20649322867393494,0.2679489552974701,0.16125750541687012,0.14571774005889893,0.22505025565624237,0.33796849846839905,0.12425951659679413,0.22148077189922333,0.1437739133834839,0.2309819459915161,4.881777286529541,4.563274383544922,5.6507568359375,4.878428936004639,4.895906925201416,6.573060512542725,4.492312431335449,3.7695257663726807,3.0441110134124756,6.068622589111328,,,,,,,,,,,6.224977970123291,5.730443954467773,5.785909175872803,5.3065361976623535,6.787961959838867,9.421368598937988,5.7681379318237305,5.550431251525879,4.35274600982666,7.321266174316406,,,,,,,,,,,,,,,,,,,,,,,,,,,,,,,,,,,,,,,,
11,2229,,,,,,,,,,,,,,,,,,,,,,,,,,,,,,,,,,,,,,,,,0.3040694296360016,0.300620436668396,0.24294191598892212,0.20264671742916107,0.3444657027721405,0.2943863272666931,0.31993353366851807,0.1894567608833313,0.6249530911445618,0.21722014248371124,5.701834678649902,4.379326343536377,6.307082653045654,4.856454849243164,7.000164985656738,7.387482166290283,6.773783206939697,4.121474266052246,5.251848220825195,5.238895893096924,,,,,,,,,,,7.464894771575928,6.069760322570801,7.101709842681885,6.257843494415283,8.397937774658203,8.792951583862305,9.25551700592041,5.13350248336792,9.075006484985352,7.099818706512451,,,,,,,,,,,,,,,,,,,,,,,,,,,,,,,,,,,,,,,,
11,2234,,,,,,,,,,,,,,,,,,,,,,,,,,,,,,,,,,,,,,,,,0.2798963785171509,0.2938157916069031,0.21072323620319366,0.16593796014785767,0.17696623504161835,0.25467443466186523,0.2950652241706848,0.33494481444358826,0.6249719262123108,0.16196765005588531,5.670070648193359,4.550560474395752,5.415531635284424,4.598045349121094,4.979640483856201,5.7659759521484375,7.056174278259277,6.688900470733643,6.942610263824463,5.033196449279785,,,,,,,,,,,7.043914794921875,6.000670909881592,6.61405611038208,5.662754058837891,6.019284248352051,8.178403854370117,8.888527870178223,6.8256707191467285,9.07514476776123,6.130718231201172,,,,,,,,,,,,,,,,,,,,,,,,,,,,,,,,,,,,,,,,
11,2239,,,,,,,,,,,,,,,,,,,,,,,,,,,,,,,,,,,,,,,,,0.39902958273887634,0.1489875167608261,0.5400595664978027,0.42726001143455505,0.5593852996826172,0.32314997911453247,0.38031700253486633,0.28819072246551514,0.4077746868133545,0.516141414642334,6.871448040008545,3.2524235248565674,9.143776893615723,8.645416259765625,8.239047050476074,6.733537673950195,7.047997951507568,3.5752174854278564,6.244260311126709,8.961355209350586,,,,,,,,,,,8.72884464263916,4.273042678833008,10.588452339172363,9.086591720581055,10.701759338378906,9.212509155273438,10.091219902038574,6.331385612487793,7.3304972648620605,10.944137573242188,,,,,,,,,,,,,,,,,,,,,,,,,,,,,,,,,,,,,,,,
11,2244,,,,,,,,,,,,,,,,,,,,,,,,,,,,,,,,,,,,,,,,,0.43505117297172546,0.39506736397743225,0.4179370105266571,0.5015096068382263,0.396880179643631,0.3981264531612396,0.2801867127418518,0.42704206705093384,0.9309473037719727,0.16776393353939056,7.170205116271973,5.238481044769287,7.990139484405518,8.341848373413086,7.6200690269470215,8.694064140319824,7.245180130004883,6.068918704986572,8.256410598754883,5.076737403869629,,,,,,,,,,,8.782377243041992,6.95821475982666,9.314661026000977,9.84451961517334,9.01424503326416,10.225543022155762,8.661528587341309,7.707154273986816,11.07607364654541,6.239452838897705,,,,,,,,,,,,,,,,,,,,,,,,,,,,,,,,,,,,,,,,
11,2249,,,,,,,,,,,,,,,,,,,,,,,,,,,,,,,,,,,,,,,,,0.43053141236305237,0.2891324758529663,0.8649956583976746,0.2758931815624237,0.3218477964401245,0.3273880183696747,0.6979979276657104,0.5525412559509277,0.1609615832567215,0.38402479887008667,7.408400058746338,5.163764953613281,10.80844497680664,6.428581714630127,6.930538654327393,7.892467975616455,10.167365074157715,7.059532165527344,4.455641746520996,7.769266605377197,,,,,,,,,,,8.947608947753906,5.952654838562012,13.400425910949707,7.301722526550293,8.117548942565918,9.272721290588379,13.670924186706543,8.766798973083496,4.605580806732178,9.440106391906738,,,,,,,,,,,,,,,,,,,,,,,,,,,,,,,,,,,,,,,,
11,2254,,,,,,,,,,,,,,,,,,,,,,,,,,,,,,,,,,,,,,,,,0.5258896946907043,0.6838885545730591,0.91230309009552,1.0614150762557983,0.2278119921684265,0.3959851861000061,0.33540812134742737,0.5870488882064819,0.3680892586708069,0.1610572636127472,7.2763495445251465,5.630037307739258,10.516435623168945,11.025096893310547,5.08745813369751,7.845778465270996,7.819100379943848,6.9512619972229,5.412166118621826,5.1998066902160645,,,,,,,,,,,9.539716720581055,9.154928207397461,13.76198959350586,14.321796417236328,6.829484462738037,10.198007583618164,9.476709365844727,9.036408424377441,6.964659214019775,6.11346435546875,,,,,,,,,,,,,,,,,,,,,,,,,,,,,,,,,,,,,,,,
11,2259,,,,,,,,,,,,,,,,,,,,,,,,,,,,,,,,,,,,,,,,,0.3073040544986725,0.4971092939376831,0.27624988555908203,0.143337681889534,0.23162753880023956,0.4110161364078522,0.22913022339344025,0.3079570531845093,0.21123957633972168,0.45806923508644104,5.97542142868042,5.738712787628174,6.073744773864746,3.6892147064208984,5.295276165008545,7.995651721954346,6.0229034423828125,5.736730098724365,5.0184502601623535,8.208109855651855,,,,,,,,,,,7.542354106903076,7.805274486541748,7.572908878326416,5.2630205154418945,6.886439800262451,10.389755249023438,7.832708358764648,6.544911861419678,5.276074409484863,10.310096740722656,,,,,,,,,,,,,,,,,,,,,,,,,,,,,,,,,,,,,,,,
11,2264,,,,,,,,,,,,,,,,,,,,,,,,,,,,,,,,,,,,,,,,,0.46947288513183594,0.407489538192749,0.9108015894889832,0.8630164265632629,0.23357324302196503,0.20860305428504944,0.5081394910812378,0.2702179551124573,0.44598668813705444,0.3774280548095703,7.5932488441467285,4.216648101806641,12.33509635925293,11.509613037109375,5.051245212554932,6.183866024017334,9.596890449523926,4.785922527313232,7.4090681076049805,7.250890254974365,,,,,,,,,,,9.207637786865234,7.066762447357178,13.750659942626953,12.914108276367188,6.915302753448486,7.401780128479004,11.664396286010742,6.130781650543213,7.666271686553955,9.358673095703125,,,,,,,,,,,,,,,,,,,,,,,,,,,,,,,,,,,,,,,,
11,2269,,,,,,,,,,,,,,,,,,,,,,,,,,,,,,,,,,,,,,,,,0.2690083086490631,0.2908879518508911,0.08493077754974365,0.31243911385536194,0.5427523851394653,0.1692778468132019,0.42729198932647705,0.055120281875133514,0.11808951944112778,0.4202849864959717,5.630350589752197,4.6314473152160645,3.6912217140197754,6.78497314453125,8.68376350402832,5.564240455627441,8.275228500366211,2.4914791584014893,3.4895622730255127,7.06123685836792,,,,,,,,,,,6.937214374542236,5.970698833465576,4.198983669281006,7.7702956199646,10.54145336151123,6.667697429656982,10.696290016174316,2.7689452171325684,3.944835901260376,9.875728607177734,,,,,,,,,,,,,,,,,,,,,,,,,,,,,,,,,,,,,,,,
11,2274,,,,,,,,,,,,,,,,,,,,,,,,,,,,,,,,,,,,,,,,,0.3875673711299896,0.2832034230232239,0.2511027753353119,0.16755545139312744,0.9784492254257202,0.9804275035858154,0.3089393973350525,0.1123291477560997,0.06678085774183273,0.3393184542655945,6.769580364227295,4.930239677429199,5.206697463989258,4.678008079528809,11.590181350708008,13.882634162902832,7.2755608558654785,3.367260694503784,2.404755115509033,7.590888977050781,,,,,,,,,,,8.209992408752441,5.891305446624756,7.220003604888916,5.690287113189697,14.153661727905273,16.046621322631836,9.095099449157715,3.952800750732422,2.966533660888672,8.873621940612793,,,,,,,,,,,,,,,,,,,,,,,,,,,,,,,,,,,,,,,,
11,2279,,,,,,,,,,,,,,,,,,,,,,,,,,,,,,,,,,,,,,,,,0.36270037293434143,0.3950859308242798,0.5392897725105286,0.6135959625244141,0.24897737801074982,0.4256928563117981,0.26738396286964417,0.282510370016098,0.11181189119815826,0.3799549639225006,6.878371238708496,5.14104700088501,9.16154956817627,9.41630744934082,5.603519916534424,8.599251747131348,6.913191318511963,5.110678672790527,3.705003023147583,8.254796028137207,,,,,,,,,,,8.233367919921875,6.958378791809082,10.580904006958008,10.889204025268555,7.139693737030029,10.573628425598145,8.461326599121094,6.268677711486816,3.838550567626953,9.389949798583984,,,,,,,,,,,,,,,,,,,,,,,,,,,,,,,,,,,,,,,,
11,2284,,,,,,,,,,,,,,,,,,,,,,,,,,,,,,,,,,,,,,,,,0.6804347634315491,0.9588189125061035,0.9037177562713623,0.5478746891021729,0.8764064908027649,0.6495821475982666,0.3455389738082886,0.8744925856590271,0.6444303393363953,0.3230507969856262,7.968394756317139,8.698074340820312,9.899669647216797,7.221280574798584,9.606205940246582,9.923229217529297,7.392460346221924,6.323204040527344,6.501016139984131,6.1504106521606445,,,,,,,,,,,11.089428901672363,10.840031623840332,13.69708251953125,10.289528846740723,13.395299911499023,13.061494827270508,9.618764877319336,11.029017448425293,9.215338706970215,8.658299446105957,,,,,,,,,,,,,,,,,,,,,,,,,,,,,,,,,,,,,,,,
11,2289,,,,,,,,,,,,,,,,,,,,,,,,,,,,,,,,,,,,,,,,,0.27651575207710266,0.3014324903488159,0.10900406539440155,0.31192436814308167,0.2282857596874237,0.45731955766677856,0.43802690505981445,0.06701692938804626,0.2665192484855652,0.30911245942115784,5.896190643310547,5.118767261505127,4.171295642852783,6.6683807373046875,5.442840576171875,8.332100868225098,7.90884256362915,2.639826536178589,5.295615196228027,7.4880475997924805,,,,,,,,,,,7.18595552444458,6.077952861785889,4.7569990158081055,7.76389217376709,6.836582183837891,10.95937442779541,10.829819679260254,3.0531697273254395,5.926353931427002,8.469454765319824,,,,,,,,,,,,,,,,,,,,,,,,,,,,,,,,,,,,,,,,
11,2294,,,,,,,,,,,,,,,,,,,,,,,,,,,,,,,,,,,,,,,,,0.36661258339881897,0.3817218840122223,0.4176550507545471,0.2597789466381073,0.41111499071121216,0.38552701473236084,0.39442187547683716,0.2588123679161072,0.1907302886247635,0.599750816822052,6.493477821350098,4.6735639572143555,7.287748336791992,6.161135196685791,7.6115803718566895,8.174077033996582,9.214529037475586,4.7611236572265625,3.2109827995300293,7.346560001373291,,,,,,,,,,,8.395638465881348,6.839680194854736,9.31152057647705,7.085277557373047,9.174476623535156,10.06243896484375,10.276642799377441,5.999999523162842,5.01340913772583,11.797300338745117,,,,,,,,,,,,,,,,,,,,,,,,,,,,,,,,,,,,,,,,
11,2299,,,,,,,,,,,,,,,,,,,,,,,,,,,,,,,,,,,,,,,,,0.32497942447662354,0.269857257604599,0.10111924260854721,0.5010706782341003,0.1539674997329712,0.34499961137771606,0.28684794902801514,0.1693602204322815,0.9434351921081543,0.1541569083929062,6.306849002838135,4.737624645233154,3.7788572311401367,8.415342330932617,4.922411918640137,7.790674209594727,6.679983139038086,4.850048065185547,10.666732788085938,4.919963359832764,,,,,,,,,,,7.339424133300781,5.750813961029053,4.581720352172852,9.8402099609375,5.614540100097656,9.518864631652832,8.763884544372559,4.853604793548584,11.150114059448242,5.981067657470703,,,,,,,,,,,,,,,,,,,,,,,,,,,,,,,,,,,,,,,,
11,2304,,,,,,,,,,,,,,,,,,,,,,,,,,,,,,,,,,,,,,,,,0.3815167546272278,0.3572164475917816,0.4451584219932556,0.2693273425102234,0.4606148898601532,0.6097754836082458,0.520544171333313,0.486920565366745,0.10272262245416641,0.18137097358703613,6.842509746551514,5.459776878356934,8.114194869995117,5.66537618637085,8.149110794067383,10.315783500671387,9.793770790100098,5.710399627685547,3.148530960083008,5.225646018981934,,,,,,,,,,,8.445840835571289,6.616495609283447,9.613221168518066,7.214315891265869,9.711104393005371,12.654961585998535,11.805913925170898,8.229772567749023,3.679224729537964,6.487555503845215,,,,,,,,,,,,,,,,,,,,,,,,,,,,,,,,,,,,,,,,
11,2309,,,,,,,,,,,,,,,,,,,,,,,,,,,,,,,,,,,,,,,,,0.42046457529067993,0.6096442937850952,0.3784889280796051,0.2301795780658722,0.25002098083496094,0.23330296576023102,0.14325685799121857,0.7172841429710388,0.7935507297515869,0.42845264077186584,6.763372898101807,7.01043701171875,7.173396587371826,5.5811004638671875,5.76179838180542,6.512184143066406,4.593262195587158,8.526548385620117,7.671050071716309,8.040575981140137,,,,,,,,,,,8.393223762512207,8.643716812133789,8.864173889160156,6.669422626495361,7.154641151428223,7.827732563018799,6.193390846252441,9.988594055175781,10.226114273071289,9.971227645874023,,,,,,,,,,,,,,,,,,,,,,,,,,,,,,,,,,,,,,,,
11,2314,,,,,,,,,,,,,,,,,,,,,,,,,,,,,,,,,,,,,,,,,0.27206891775131226,0.22084948420524597,0.10332436859607697,0.039958223700523376,0.19285669922828674,0.905613124370575,0.2813303470611572,0.17530371248722076,0.1619018018245697,0.36748260259628296,4.976277828216553,4.273499488830566,4.292783260345459,2.5863020420074463,3.8532421588897705,8.382944107055664,6.166719436645508,4.359137535095215,4.1069536209106445,6.764918327331543,,,,,,,,,,,6.865492820739746,5.202480792999268,4.631408214569092,2.7788045406341553,6.283722877502441,15.422233581542969,8.679187774658203,4.9380364418029785,4.619012832641602,9.234546661376953,,,,,,,,,,,,,,,,,,,,,,,,,,,,,,,,,,,,,,,,
11,2319,,,,,,,,,,,,,,,,,,,,,,,,,,,,,,,,,,,,,,,,,0.23449574410915375,0.1848938912153244,0.26239484548568726,0.24864059686660767,0.4976939558982849,0.313678115606308,0.2813621163368225,0.12824565172195435,0.06064596027135849,0.13290654122829437,5.223517417907715,3.9514594078063965,6.0791401863098145,5.977616786956787,7.732223987579346,7.223158359527588,6.957999229431152,3.6875855922698975,1.9019684791564941,3.5005085468292236,,,,,,,,,,,6.614127159118652,4.760181903839111,7.380559921264648,6.931718349456787,10.09440803527832,9.07649040222168,8.679678916931152,4.223573684692383,2.8269894123077393,5.553545951843262,,,,,,,,,,,,,,,,,,,,,,,,,,,,,,,,,,,,,,,,
11,2324,,,,,,,,,,,,,,,,,,,,,,,,,,,,,,,,,,,,,,,,,0.8266093134880066,0.8366132974624634,0.5189130902290344,0.9101046323776245,0.7039569616317749,0.5729371905326843,0.5137875080108643,0.7331254482269287,2.337867259979248,0.3121780455112457,9.4625244140625,6.991035461425781,9.673222541809082,12.86203384399414,8.531563758850098,10.24573802947998,8.199336051940918,8.004036903381348,14.494349479675293,6.161406993865967,,,,,,,,,,,11.76994514465332,10.125690460205078,10.379082679748535,13.261741638183594,12.005290985107422,12.266745567321777,11.729042053222656,10.09829044342041,17.552265167236328,8.511347770690918,,,,,,,,,,,,,,,,,,,,,,,,,,,,,,,,,,,,,,,,
11,2327,,,,,,,,,,,,,,,,,,,,,,,,,,,,,,,,,,,,,,,,,,,,,,,,,,,6.674947261810303,5.367544174194336,6.657939434051514,6.581315040588379,6.871862888336182,8.224676132202148,7.290467739105225,5.830630302429199,5.824056625366211,7.426031589508057,0.5642715096473694,0.5689558982849121,0.622195839881897,0.6120772361755371,0.5706082582473755,0.4902518391609192,0.5605268478393555,0.5779675841331482,0.5406288504600525,0.5352316498756409,8.803860664367676,7.081403732299805,8.72103214263916,8.623736381530762,9.19437026977539,10.895895004272461,9.775279998779297,7.569451332092285,7.685029983520508,9.688535690307617,0.4965100586414337,0.5352175831794739,0.556766927242279,0.37063565850257874,0.5172498822212219,0.6001095771789551,0.42067012190818787,0.4663541913032532,0.48487588763237,0.5167108178138733,7.341681480407715,5.496927261352539,7.775217533111572,6.494518280029297,7.845178604125977,9.695070266723633,8.206839561462402,6.077431678771973,6.191861629486084,8.29209041595459,0.46320873498916626,0.45010340213775635,0.5727088451385498,0.5855926275253296,0.38711899518966675,0.46136587858200073,0.5703413486480713,0.318867027759552,0.32430946826934814,0.4984707236289978,9.79620361328125,8.20549488067627,10.021834373474121,9.56351089477539,10.59212875366211,12.618341445922852,10.478920936584473,7.694246292114258,8.35891342163086,10.63244342803955
12,2329,,,,,,,,,,,,,,,,,,,,,,,,,,,,,,,,,,,,,,,,,0.33538684248924255,0.13044473528862,0.18323315680027008,0.2704746723175049,0.49812787771224976,0.5079361200332642,0.34357088804244995,0.25595104694366455,0.5657426714897156,0.2630004584789276,6.142033100128174,3.1261982917785645,4.63466739654541,5.873274803161621,8.029644012451172,8.75020980834961,6.219065189361572,4.7063398361206055,7.6363396644592285,6.302560806274414,,,,,,,,,,,7.894336223602295,3.9983015060424805,6.167564392089844,7.229665279388428,10.098806381225586,11.549958229064941,9.591333389282227,5.966740608215332,8.63441276550293,7.812237739562988,,,,,,,,,,,,,,,,,,,,,,,,,,,,,,,,,,,,,,,,
12,2334,,,,,,,,,,,,,,,,,,,,,,,,,,,,,,,,,,,,,,,,,0.21894724667072296,0.18230949342250824,0.47640496492385864,0.2500245273113251,0.07882039248943329,0.40057146549224854,0.228643000125885,0.07906132936477661,0.09089582413434982,0.18379426002502441,4.8635101318359375,3.188094139099121,7.339450836181641,4.332606315612793,2.9127261638641357,8.760217666625977,6.313531398773193,3.032078981399536,2.8286705017089844,5.064211845397949,,,,,,,,,,,6.336555480957031,4.726797103881836,9.94488525390625,6.950982570648193,4.017158031463623,10.2568941116333,7.824377059936523,3.3162007331848145,3.460949420928955,6.530751705169678,,,,,,,,,,,,,,,,,,,,,,,,,,,,,,,,,,,,,,,,
12,2339,,,,,,,,,,,,,,,,,,,,,,,,,,,,,,,,,,,,,,,,,0.20872312784194946,0.33900612592697144,0.07308836281299591,0.0343010388314724,0.06295119225978851,0.3520730435848236,0.17757165431976318,0.3783681392669678,0.2411670684814453,0.219981387257576,4.7048773765563965,4.955724239349365,3.407567262649536,2.1004374027252197,3.1030547618865967,6.685922622680664,5.947710990905762,5.853203773498535,4.599132537841797,5.6911396980285645,,,,,,,,,,,5.894861698150635,6.4456400871276855,3.8952536582946777,2.5745928287506104,3.590059518814087,9.615950584411621,6.8953704833984375,7.254642486572266,5.637444496154785,7.144802093505859,,,,,,,,,,,,,,,,,,,,,,,,,,,,,,,,,,,,,,,,
12,2344,,,,,,,,,,,,,,,,,,,,,,,,,,,,,,,,,,,,,,,,,0.4546796977519989,0.3124631345272064,0.3115483522415161,0.33253002166748047,0.27680960297584534,0.5384863018989563,0.2584582567214966,0.71812903881073,0.5135993361473083,0.8300933241844177,7.0723724365234375,4.218875408172607,5.733675479888916,6.370917320251465,5.685624599456787,9.161616325378418,7.057526111602783,8.38269329071045,6.474101543426514,10.566317558288574,,,,,,,,,,,9.12070369720459,6.188161373138428,8.042191505432129,8.016233444213867,7.528183460235596,11.892227172851562,8.318902015686035,9.994475364685059,8.226885795593262,13.879079818725586,,,,,,,,,,,,,,,,,,,,,,,,,,,,,,,,,,,,,,,,
12,2349,,,,,,,,,,,,,,,,,,,,,,,,,,,,,,,,,,,,,,,,,0.36854198575019836,0.46182531118392944,0.2664078176021576,0.3919212520122528,0.4428505301475525,0.35022956132888794,0.3236125111579895,0.2637978196144104,0.5183513164520264,0.2978815734386444,7.076680660247803,6.456694602966309,5.794378757476807,7.981995582580566,7.916087627410889,7.569141864776611,6.779736042022705,5.961938381195068,7.8339080810546875,7.396245956420898,,,,,,,,,,,8.302281379699707,7.52317476272583,7.436783313751221,8.702705383300781,9.522001266479492,9.590743064880371,9.30858039855957,6.0575127601623535,8.264856338500977,8.31417179107666,,,,,,,,,,,,,,,,,,,,,,,,,,,,,,,,,,,,,,,,
12,2354,,,,,,,,,,,,,,,,,,,,,,,,,,,,,,,,,,,,,,,,,0.18984998762607574,0.12343747913837433,0.12600171566009521,0.3300865590572357,0.21542201936244965,0.22496315836906433,0.27668872475624084,0.10576752573251724,0.046556878834962845,0.2597257196903229,5.138789176940918,3.407989978790283,4.644732475280762,7.0206146240234375,5.194195747375488,6.709565162658691,7.239027976989746,3.190251588821411,2.2637782096862793,6.578948497772217,,,,,,,,,,,6.000181198120117,3.8894286155700684,5.1144609451293945,7.986725807189941,6.641171455383301,7.686551570892334,8.607291221618652,3.8356142044067383,2.476938247680664,7.763448715209961,,,,,,,,,,,,,,,,,,,,,,,,,,,,,,,,,,,,,,,,
12,2359,,,,,,,,,,,,,,,,,,,,,,,,,,,,,,,,,,,,,,,,,0.27615681290626526,0.20946727693080902,0.14757071435451508,0.1325514018535614,0.28079575300216675,0.5262091755867004,0.4069320261478424,0.27054107189178467,0.1407768577337265,0.37056708335876465,5.713910102844238,4.011850833892822,4.499651908874512,4.797912120819092,5.3915557861328125,8.102011680603027,7.9210357666015625,5.167752742767334,3.4503281116485596,8.083090782165527,,,,,,,,,,,7.23932409286499,5.066643714904785,5.5349249839782715,5.061124801635742,7.582194805145264,11.755878448486328,10.438346862792969,6.1344451904296875,4.3071393966674805,9.273221969604492,,,,,,,,,,,,,,,,,,,,,,,,,,,,,,,,,,,,,,,,
12,2364,,,,,,,,,,,,,,,,,,,,,,,,,,,,,,,,,,,,,,,,,0.3622519075870514,0.2394413948059082,0.30025234818458557,0.2843368649482727,0.34572941064834595,0.38603419065475464,0.22929292917251587,0.6424209475517273,0.25197187066078186,0.5807873010635376,6.571204662322998,4.597096920013428,6.415309429168701,5.262820243835449,6.5725250244140625,7.581665992736816,6.206992149353027,8.497770309448242,4.664312839508057,9.3423490524292,,,,,,,,,,,8.207465171813965,5.417037487030029,7.895049571990967,7.4126152992248535,8.413326263427734,10.069055557250977,7.835489749908447,9.45297622680664,5.762346267700195,11.609291076660156,,,,,,,,,,,,,,,,,,,,,,,,,,,,,,,,,,,,,,,,
12,2369,,,,,,,,,,,,,,,,,,,,,,,,,,,,,,,,,,,,,,,,,0.6277891993522644,0.2003369778394699,0.8201714754104614,0.8124967813491821,0.9057445526123047,0.7462942004203796,0.5920113921165466,0.6200019121170044,0.38597166538238525,0.5670737028121948,8.64061164855957,4.329140663146973,10.187142372131348,9.802329063415527,11.002802848815918,11.009868621826172,9.238460540771484,7.3362274169921875,5.716554164886475,9.142975807189941,,,,,,,,,,,10.95909595489502,4.954990863800049,13.048600196838379,12.53042221069336,13.617660522460938,14.000090599060059,12.590291976928711,9.286567687988281,7.131830215454102,11.471413612365723,,,,,,,,,,,,,,,,,,,,,,,,,,,,,,,,,,,,,,,,
12,2374,,,,,,,,,,,,,,,,,,,,,,,,,,,,,,,,,,,,,,,,,0.25211435556411743,0.3031160533428192,0.023086754605174065,0.032658543437719345,0.4219941794872284,0.5392428636550903,0.4535812437534332,0.02940312586724758,0.13632060587406158,0.3296257257461548,4.835443496704102,4.773924827575684,1.715874195098877,1.9945653676986694,7.2374114990234375,9.85366153717041,7.347012996673584,1.758376955986023,2.4642460346221924,6.373917102813721,,,,,,,,,,,6.4465718269348145,6.094902515411377,2.189239025115967,2.5121946334838867,9.295073509216309,11.900578498840332,11.020423889160156,2.022345781326294,4.2384209632873535,8.745965003967285,,,,,,,,,,,,,,,,,,,,,,,,,,,,,,,,,,,,,,,,
12,2379,,,,,,,,,,,,,,,,,,,,,,,,,,,,,,,,,,,,,,,,,0.5806409120559692,1.136195182800293,0.3968695104122162,0.5706579685211182,0.5499973893165588,0.3960789144039154,0.29716283082962036,0.8530541658401489,0.6409749984741211,0.384777307510376,7.768412113189697,9.11507511138916,6.615128993988037,6.763310432434082,7.261815547943115,6.932939529418945,7.554423809051514,10.616657257080078,7.352854251861572,7.703509330749512,,,,,,,,,,,10.071348190307617,11.80018424987793,9.076857566833496,10.501294136047363,10.611577987670898,10.199214935302734,8.920065879821777,10.892988204956055,9.190598487854004,9.449349403381348,,,,,,,,,,,,,,,,,,,,,,,,,,,,,,,,,,,,,,,,
12,2384,,,,,,,,,,,,,,,,,,,,,,,,,,,,,,,,,,,,,,,,,0.2622635066509247,0.2632361650466919,0.27140581607818604,0.1994340717792511,0.2540711462497711,0.2686660587787628,0.22702565789222717,0.6445474028587341,0.13236135244369507,0.09962393343448639,5.570414066314697,4.612282752990723,6.309420108795166,5.709312438964844,5.8325724601745605,6.41522216796875,6.856237411499023,7.759077548980713,2.78584623336792,3.853750467300415,,,,,,,,,,,6.806260585784912,5.679825782775879,7.506218910217285,6.208040714263916,7.212358474731445,8.400057792663574,7.796654224395752,9.468607902526855,4.176416873931885,4.808161735534668,,,,,,,,,,,,,,,,,,,,,,,,,,,,,,,,,,,,,,,,
12,2389,,,,,,,,,,,,,,,,,,,,,,,,,,,,,,,,,,,,,,,,,0.5143430829048157,0.17909982800483704,0.3812653124332428,0.30598995089530945,0.4285229444503784,0.5938499569892883,0.3836577832698822,1.3358951807022095,0.389657586812973,0.6311492919921875,7.4239630699157715,3.806069850921631,7.3229780197143555,5.416604042053223,6.951584815979004,10.133646965026855,8.24837875366211,10.8980073928833,5.665591716766357,8.37280559539795,,,,,,,,,,,9.573509216308594,4.68500280380249,8.896625518798828,7.689683437347412,9.366701126098633,12.48861312866211,10.135443687438965,13.631539344787598,7.1658034324646,12.10216999053955,,,,,,,,,,,,,,,,,,,,,,,,,,,,,,,,,,,,,,,,
12,2394,,,,,,,,,,,,,,,,,,,,,,,,,,,,,,,,,,,,,,,,,0.2506939470767975,0.27953004837036133,0.1372430920600891,0.2770811915397644,0.2597106099128723,0.3720410466194153,0.19183415174484253,0.14469745755195618,0.14918513596057892,0.444922536611557,5.573276996612549,4.190608501434326,4.887625694274902,5.7398552894592285,5.610438823699951,7.894732475280762,5.856190204620361,3.303640365600586,3.8550121784210205,8.821388244628906,,,,,,,,,,,6.881466388702393,5.852972984313965,5.337733745574951,7.317427635192871,7.291963577270508,9.884878158569336,7.166939735412598,4.486308574676514,4.433901786804199,10.1610689163208,,,,,,,,,,,,,,,,,,,,,,,,,,,,,,,,,,,,,,,,
12,2399,,,,,,,,,,,,,,,,,,,,,,,,,,,,,,,,,,,,,,,,,0.6237085461616516,0.3760637640953064,0.6247825622558594,0.5599726438522339,0.535327672958374,0.8050597310066223,0.6568099856376648,0.5087801218032837,1.026801586151123,0.5197785496711731,7.929569721221924,5.270949840545654,8.319737434387207,7.382126808166504,7.647768974304199,10.744614601135254,9.881266593933105,6.589967727661133,7.891948699951172,7.637744426727295,,,,,,,,,,,10.875432014465332,6.788800239562988,11.388751029968262,10.402514457702637,10.469103813171387,14.540854454040527,13.261439323425293,8.412474632263184,11.632326126098633,10.982629776000977,,,,,,,,,,,,,,,,,,,,,,,,,,,,,,,,,,,,,,,,
12,2404,,,,,,,,,,,,,,,,,,,,,,,,,,,,,,,,,,,,,,,,,0.47986704111099243,0.307393342256546,0.6745061278343201,0.5426268577575684,0.476398229598999,0.30628886818885803,0.3786463737487793,0.6118407249450684,0.515995979309082,0.5051065683364868,7.441015720367432,4.9882731437683105,8.949005126953125,7.690022945404053,7.598398685455322,6.766476631164551,7.986995697021484,7.862429141998291,6.75191068649292,8.375629425048828,,,,,,,,,,,9.491448402404785,6.137753963470459,11.833266258239746,10.240131378173828,9.876083374023438,8.96894645690918,10.069031715393066,9.225245475769043,8.24605941772461,10.826515197753906,,,,,,,,,,,,,,,,,,,,,,,,,,,,,,,,,,,,,,,,
12,2409,,,,,,,,,,,,,,,,,,,,,,,,,,,,,,,,,,,,,,,,,0.602820634841919,0.7153014540672302,0.6149717569351196,0.45372670888900757,0.5257589221000671,0.5940157771110535,0.7528923153877258,0.5669383406639099,0.6075582504272461,0.5942220687866211,7.898238182067871,6.317282199859619,7.870387554168701,7.548746585845947,8.063867568969727,9.434279441833496,10.63670539855957,6.39367151260376,5.479290008544922,9.339916229248047,,,,,,,,,,,10.740033149719238,9.362823486328125,11.298979759216309,9.363798141479492,10.375116348266602,12.490357398986816,14.19832992553711,8.880279541015625,8.947819709777832,11.7427978515625,,,,,,,,,,,,,,,,,,,,,,,,,,,,,,,,,,,,,,,,
12,2414,,,,,,,,,,,,,,,,,,,,,,,,,,,,,,,,,,,,,,,,,0.17197877168655396,0.21731583774089813,0.024109993129968643,0.09762044996023178,0.17662787437438965,0.14726944267749786,0.17324338853359222,0.16634231805801392,0.4369957447052002,0.10828378051519394,4.145113468170166,3.6416525840759277,1.7590610980987549,3.476724863052368,4.5808892250061035,5.212189197540283,4.775817394256592,4.084174633026123,5.726686954498291,4.048827648162842,,,,,,,,,,,5.3551483154296875,5.1606926918029785,2.23722767829895,4.34335470199585,6.013526916503906,6.219166278839111,6.810815334320068,4.810166358947754,7.588603973388672,5.012783527374268,,,,,,,,,,,,,,,,,,,,,,,,,,,,,,,,,,,,,,,,
12,2419,,,,,,,,,,,,,,,,,,,,,,,,,,,,,,,,,,,,,,,,,0.3221113383769989,0.23784784972667694,0.2906928062438965,0.3745792806148529,0.463978111743927,0.10813943296670914,0.24282068014144897,0.5187762975692749,0.3116320073604584,0.35053551197052,6.102951526641846,4.688871383666992,4.7401123046875,6.906821250915527,8.019110679626465,4.272728443145752,6.029690742492676,7.495898723602295,5.5591816902160645,7.214146137237549,,,,,,,,,,,7.637393474578857,5.398982048034668,7.768350124359131,8.507986068725586,9.746493339538574,5.329272747039795,8.063315391540527,8.49471378326416,6.408321857452393,9.019100189208984,,,,,,,,,,,,,,,,,,,,,,,,,,,,,,,,,,,,,,,,
12,2424,,,,,,,,,,,,,,,,,,,,,,,,,,,,,,,,,,,,,,,,,0.3754611313343048,0.2547507584095001,0.07098622620105743,0.6205628514289856,0.2732575833797455,0.17869693040847778,0.3702281713485718,0.7471070289611816,0.3251519203186035,0.538408637046814,6.56999397277832,4.492889881134033,3.3069992065429688,9.766213417053223,5.999946117401123,5.5042290687561035,8.204493522644043,8.394377708435059,5.5519537925720215,7.908841133117676,,,,,,,,,,,8.064644813537598,5.587532043457031,3.8388280868530273,10.950847625732422,7.479726791381836,6.850691318511963,9.956473350524902,10.19412899017334,6.54585599899292,11.177719116210938,,,,,,,,,,,,,,,,,,,,,,,,,,,,,,,,,,,,,,,,
12,2429,,,,,,,,,,,,,,,,,,,,,,,,,,,,,,,,,,,,,,,,,0.2911165952682495,0.2572895586490631,0.41064125299453735,0.22435732185840607,0.3270445764064789,0.4715633690357208,0.1509588062763214,0.24704653024673462,0.127791628241539,0.4033561646938324,6.045528888702393,4.336427688598633,8.584418296813965,5.983910083770752,6.760870456695557,9.34605884552002,4.8290791511535645,4.224907875061035,3.546928644180298,6.7971601486206055,,,,,,,,,,,7.415846347808838,5.615305423736572,9.233001708984375,6.58453369140625,8.182823181152344,11.128737449645996,6.357699871063232,5.862030982971191,4.103689670562744,9.674790382385254,,,,,,,,,,,,,,,,,,,,,,,,,,,,,,,,,,,,,,,,
12,2434,,,,,,,,,,,,,,,,,,,,,,,,,,,,,,,,,,,,,,,,,0.40508952736854553,0.4694906771183014,0.11167118698358536,0.22340786457061768,0.577858567237854,0.9573192000389099,0.4207215905189514,0.18565711379051208,0.36983588337898254,0.32984352111816406,6.448516845703125,6.182486534118652,3.8693721294403076,5.049707889556885,7.864444255828857,11.036120414733887,7.521123886108398,4.333860397338867,5.679166316986084,6.500367164611816,,,,,,,,,,,8.569968223571777,7.585351943969727,4.814843654632568,6.570586681365967,10.877032279968262,15.856388092041016,10.613733291625977,5.081764221191406,6.981163501739502,8.74885368347168,,,,,,,,,,,,,,,,,,,,,,,,,,,,,,,,,,,,,,,,
12,2439,,,,,,,,,,,,,,,,,,,,,,,,,,,,,,,,,,,,,,,,,0.2917160391807556,0.34753209352493286,0.15079377591609955,0.20358669757843018,0.5619423985481262,0.5530984401702881,0.1707155555486679,0.19024166464805603,0.08600549399852753,0.36152827739715576,5.824121475219727,5.489598751068115,4.138004302978516,5.0770158767700195,8.516501426696777,9.306351661682129,5.806219100952148,4.8012566566467285,2.915466785430908,6.3666791915893555,,,,,,,,,,,7.289257526397705,6.526190280914307,5.595042705535889,6.272339820861816,10.726191520690918,12.052497863769531,6.76094388961792,5.144125461578369,3.366560459136963,9.159427642822266,,,,,,,,,,,,,,,,,,,,,,,,,,,,,,,,,,,,,,,,
12,2444,,,,,,,,,,,,,,,,,,,,,,,,,,,,,,,,,,,,,,,,,0.34699535369873047,0.36524248123168945,0.4239819049835205,0.3705112934112549,0.3384937644004822,0.24488915503025055,0.4147578179836273,0.12208965420722961,0.40643787384033203,0.43655428290367126,6.4799370765686035,5.601131916046143,8.153868675231934,6.8979315757751465,6.589599132537842,5.733003616333008,8.449908256530762,2.7461204528808594,6.2931318283081055,7.854735374450684,,,,,,,,,,,8.102350234985352,6.690412521362305,9.381781578063965,8.461661338806152,8.324822425842285,8.019746780395508,10.538239479064941,4.120957851409912,7.318471908569336,10.065058708190918,,,,,,,,,,,,,,,,,,,,,,,,,,,,,,,,,,,,,,,,
12,2449,,,,,,,,,,,,,,,,,,,,,,,,,,,,,,,,,,,,,,,,,0.2710881233215332,0.32840052247047424,0.3334614038467407,0.14188285171985626,0.2903002202510834,0.3249036967754364,0.3810526728630066,0.3195386230945587,0.1664021611213684,0.15385107696056366,6.013638496398926,4.9486541748046875,7.099947929382324,5.151721000671387,6.033628940582275,7.633855819702148,7.932247638702393,5.994255065917969,4.550443172454834,4.777991771697998,,,,,,,,,,,7.141457557678223,6.344014644622803,8.320213317871094,5.236243724822998,7.709448337554932,9.237473487854004,10.100974082946777,6.666845321655273,4.682769298553467,5.975131511688232,,,,,,,,,,,,,,,,,,,,,,,,,,,,,,,,,,,,,,,,
12,2454,,,,,,,,,,,,,,,,,,,,,,,,,,,,,,,,,,,,,,,,,0.4225083291530609,0.398569256067276,0.37147924304008484,0.2160673588514328,0.9155516028404236,0.1591632217168808,0.47960785031318665,0.3723101317882538,0.08494289964437485,0.8048832416534424,6.690260410308838,5.404267311096191,7.134068965911865,6.209412574768066,9.142073631286621,5.035614967346191,8.724687576293945,4.472032070159912,3.2206332683563232,10.869552612304688,,,,,,,,,,,8.658885955810547,6.988986015319824,8.781706809997559,6.4617390632629395,13.69118595123291,6.465427398681641,11.332192420959473,7.19633150100708,3.345698595046997,13.66670036315918,,,,,,,,,,,,,,,,,,,,,,,,,,,,,,,,,,,,,,,,
12,2459,,,,,,,,,,,,,,,,,,,,,,,,,,,,,,,,,,,,,,,,,0.24315352737903595,0.4557759761810303,0.1298079490661621,0.2127487063407898,0.1449420005083084,0.2293396294116974,0.20045655965805054,0.3986538052558899,0.07440465688705444,0.3422524631023407,5.505018711090088,5.262259006500244,4.694767475128174,5.3502516746521,4.644197940826416,6.5362935066223145,6.708263874053955,6.041055679321289,2.586545944213867,7.721531867980957,,,,,,,,,,,6.566806316375732,7.473740100860596,5.191134929656982,6.411923885345459,5.447494029998779,7.760959625244141,7.326236248016357,7.4465765953063965,3.1312904357910156,8.911903381347656,,,,,,,,,,,,,,,,,,,,,,,,,,,,,,,,,,,,,,,,
12,2464,,,,,,,,,,,,,,,,,,,,,,,,,,,,,,,,,,,,,,,,,0.3767823576927185,0.3203052282333374,0.24899493157863617,0.7823983430862427,0.2042977660894394,0.46422475576400757,0.438435435295105,0.347732812166214,0.3365808129310608,0.24807129800319672,6.501617431640625,5.032793998718262,5.849668979644775,8.242440223693848,5.459490776062012,8.459514617919922,9.228629112243652,5.11855411529541,4.55319881439209,6.570262908935547,,,,,,,,,,,8.366348266601562,6.265334606170654,7.18963623046875,12.296140670776367,6.46742582321167,11.041802406311035,10.834867477416992,6.9547505378723145,6.659903526306152,7.587268352508545,,,,,,,,,,,,,,,,,,,,,,,,,,,,,,,,,,,,,,,,
12,2469,,,,,,,,,,,,,,,,,,,,,,,,,,,,,,,,,,,,,,,,,0.505878746509552,0.4460935592651367,0.18808439373970032,0.31540605425834656,0.8188341856002808,0.7312229871749878,0.6277475953102112,0.6190252304077148,0.28705447912216187,0.5194403529167175,7.459996700286865,5.494384288787842,4.826001167297363,5.7817888259887695,9.003451347351074,11.358469009399414,9.958950996398926,7.057943820953369,4.9837870597839355,8.675192832946777,,,,,,,,,,,9.73655891418457,7.393928050994873,6.248676776885986,7.807102203369141,12.94784927368164,13.858006477355957,12.964725494384766,9.279251098632812,6.1504292488098145,10.979057312011719,,,,,,,,,,,,,,,,,,,,,,,,,,,,,,,,,,,,,,,,
12,2474,,,,,,,,,,,,,,,,,,,,,,,,,,,,,,,,,,,,,,,,,0.3774549067020416,0.21434584259986877,0.8119121789932251,0.5629989504814148,0.11494298279285431,0.6488515138626099,0.275236576795578,0.2607737183570862,0.21949099004268646,0.2885410785675049,6.293412208557129,4.189184665679932,9.54416275024414,6.532533168792725,4.244410991668701,9.607381820678711,6.963136672973633,5.216892242431641,4.149597644805908,6.193409442901611,,,,,,,,,,,8.290241241455078,5.125306129455566,12.982734680175781,10.430583953857422,4.851107120513916,13.054146766662598,8.584675788879395,6.02269172668457,5.378134727478027,8.182783126831055,,,,,,,,,,,,,,,,,,,,,,,,,,,,,,,,,,,,,,,,
12,2479,,,,,,,,,,,,,,,,,,,,,,,,,,,,,,,,,,,,,,,,,0.32563263177871704,0.4166233241558075,0.1807311773300171,0.208641916513443,0.3632618486881256,0.4980335533618927,0.47598356008529663,0.1772661656141281,0.29265016317367554,0.3175016939640045,6.163282871246338,5.70911169052124,4.480904579162598,4.378077507019043,6.727214336395264,8.739124298095703,8.869750022888184,3.7466745376586914,5.609482765197754,7.209203243255615,,,,,,,,,,,7.858889102935791,7.145523548126221,6.125311851501465,6.349736213684082,8.624015808105469,11.436817169189453,11.289294242858887,4.965599060058594,6.210087299346924,8.58361530303955,,,,,,,,,,,,,,,,,,,,,,,,,,,,,,,,,,,,,,,,
12,2484,,,,,,,,,,,,,,,,,,,,,,,,,,,,,,,,,,,,,,,,,0.277055561542511,0.2863142788410187,0.23818819224834442,0.07947435230016708,0.5451396107673645,0.19725312292575836,0.280894935131073,0.46806761622428894,0.18544095754623413,0.2127269059419632,5.650519371032715,4.224265098571777,5.121367454528809,3.308692216873169,7.72716760635376,5.1879448890686035,7.147454261779785,7.938093185424805,4.694282531738281,5.505408763885498,,,,,,,,,,,7.038595676422119,5.9235734939575195,7.031885147094727,3.918938159942627,10.564611434936523,7.197601318359375,8.672468185424805,8.068876266479492,4.943404197692871,7.026004314422607,,,,,,,,,,,,,,,,,,,,,,,,,,,,,,,,,,,,,,,,
12,2489,,,,,,,,,,,,,,,,,,,,,,,,,,,,,,,,,,,,,,,,,0.23485156893730164,0.371332049369812,0.10692604631185532,0.18711932003498077,0.3153637647628784,0.31326180696487427,0.12501557171344757,0.09185364097356796,0.47770190238952637,0.12509018182754517,5.125698566436768,5.6318159103393555,4.359577178955078,5.402611255645752,5.640639781951904,7.7399163246154785,4.9341535568237305,3.1788156032562256,5.130805015563965,4.112951755523682,,,,,,,,,,,6.362063884735107,6.745955467224121,4.711437702178955,6.01331901550293,8.035364151000977,9.070466041564941,5.785659313201904,3.5744307041168213,7.93417501449585,5.387767314910889,,,,,,,,,,,,,,,,,,,,,,,,,,,,,,,,,,,,,,,,
12,2494,,,,,,,,,,,,,,,,,,,,,,,,,,,,,,,,,,,,,,,,,0.35975292325019836,0.45767146348953247,0.5483937859535217,0.4035816490650177,0.22923028469085693,0.5316667556762695,0.1903914511203766,0.2777779698371887,0.3896837830543518,0.20937900245189667,6.587031841278076,6.089230537414551,8.353315353393555,6.774569511413574,5.912611961364746,10.129437446594238,5.37728214263916,5.921685218811035,5.392163276672363,5.332991600036621,,,,,,,,,,,8.12779426574707,7.489264488220215,10.669839859008789,8.831218719482422,6.850710391998291,11.816682815551758,7.139939785003662,6.215951442718506,7.166043758392334,6.970497131347656,,,,,,,,,,,,,,,,,,,,,,,,,,,,,,,,,,,,,,,,
12,2499,,,,,,,,,,,,,,,,,,,,,,,,,,,,,,,,,,,,,,,,,0.4305572211742401,0.511018693447113,0.4130972921848297,0.3951370120048523,0.5457041263580322,0.7259907126426697,0.406603068113327,0.16017451882362366,0.31516361236572266,0.4021259844303131,6.86146879196167,5.944698810577393,6.639943599700928,6.5611395835876465,9.028388977050781,11.325983047485352,7.279456615447998,3.8300132751464844,4.819393634796143,6.3242011070251465,,,,,,,,,,,9.061098098754883,7.913719654083252,9.26057243347168,8.738335609436035,10.57007884979248,13.808337211608887,10.434126853942871,4.720146179199219,6.444531440734863,9.660024642944336,,,,,,,,,,,,,,,,,,,,,,,,,,,,,,,,,,,,,,,,
12,2504,,,,,,,,,,,,,,,,,,,,,,,,,,,,,,,,,,,,,,,,,0.3061616122722626,0.34537479281425476,0.5656869411468506,0.4870603084564209,0.13560539484024048,0.1980988085269928,0.25660911202430725,0.07892042398452759,0.11459052562713623,0.5735083818435669,5.916093826293945,4.9626994132995605,8.114014625549316,8.150351524353027,3.7723939418792725,5.82112455368042,6.0615386962890625,2.7918169498443604,3.850740909576416,9.720158576965332,,,,,,,,,,,7.394563674926758,6.505903244018555,10.836767196655273,9.701663970947266,5.269120216369629,7.213013648986816,8.28908920288086,3.313244342803955,3.8859541416168213,11.536314964294434,,,,,,,,,,,,,,,,,,,,,,,,,,,,,,,,,,,,,,,,
12,2509,,,,,,,,,,,,,,,,,,,,,,,,,,,,,,,,,,,,,,,,,0.3451196253299713,0.30212777853012085,0.5335358381271362,0.20133638381958008,0.39981138706207275,0.3686695098876953,0.39654555916786194,0.19001808762550354,0.5026946067810059,0.21133755147457123,6.336399078369141,5.036603927612305,7.366640567779541,5.0693840980529785,7.776253700256348,7.087386131286621,8.393498420715332,3.9467551708221436,7.365789413452148,4.985281944274902,,,,,,,,,,,8.03575325012207,6.084958553314209,10.52430534362793,6.237578392028809,9.04747200012207,9.839985847473145,10.304272651672363,5.141101360321045,8.139081001281738,7.003023147583008,,,,,,,,,,,,,,,,,,,,,,,,,,,,,,,,,,,,,,,,
12,2514,,,,,,,,,,,,,,,,,,,,,,,,,,,,,,,,,,,,,,,,,0.37013500928878784,0.7032002806663513,0.3872484564781189,0.2577635943889618,0.22118282318115234,0.46982499957084656,0.34950482845306396,0.26089513301849365,0.4124401807785034,0.26915478706359863,6.741278648376465,7.375996112823486,7.865741729736328,5.963439464569092,5.461375713348389,9.03267765045166,7.307155132293701,4.5554046630859375,6.8030571937561035,6.3066606521606445,,,,,,,,,,,8.235344886779785,9.28328800201416,8.966160774230957,7.057740211486816,6.729383945465088,11.108205795288086,9.673806190490723,6.0240936279296875,7.372313499450684,7.903114318847656,,,,,,,,,,,,,,,,,,,,,,,,,,,,,,,,,,,,,,,,
12,2519,,,,,,,,,,,,,,,,,,,,,,,,,,,,,,,,,,,,,,,,,0.3881816267967224,0.5171200037002563,0.36820557713508606,0.47392022609710693,0.2476481944322586,0.3962553143501282,0.1943408101797104,0.4669530987739563,0.4245397746562958,0.4046517312526703,6.811820030212402,6.355655193328857,6.466161251068115,8.041099548339844,5.8652825355529785,8.095807075500488,5.839278697967529,6.852234840393066,6.646965980529785,7.143895626068115,,,,,,,,,,,8.448735237121582,7.960822582244873,8.742926597595215,9.569902420043945,7.12061071395874,10.201484680175781,7.2136125564575195,8.059263229370117,7.479670524597168,9.690315246582031,,,,,,,,,,,,,,,,,,,,,,,,,,,,,,,,,,,,,,,,
12,2521,,,,,,,,,,,,,,,,,,,,,,,,,,,,,,,,,,,,,,,,,,,,,,,,,,,6.576707363128662,5.423328399658203,6.4785566329956055,6.248083114624023,6.712187767028809,8.31192684173584,7.1905999183654785,5.744172096252441,5.754178047180176,7.32733154296875,0.5765764713287354,0.5660810470581055,0.6344262361526489,0.64518141746521,0.5888336896896362,0.48227888345718384,0.5735363960266113,0.586984395980835,0.5633553266525269,0.5485107898712158,8.674274444580078,7.104978084564209,8.578712463378906,8.24757194519043,8.997127532958984,10.980774879455566,9.62950611114502,7.488154888153076,7.492517948150635,9.549126625061035,0.5586869120597839,0.6032200455665588,0.661830723285675,0.3881935775279999,0.6153132915496826,0.6406639814376831,0.45633265376091003,0.45552027225494385,0.6503588557243347,0.5567485690116882,7.660261631011963,6.116131782531738,8.426624298095703,6.288196563720703,8.843131065368652,9.382752418518066,8.15871524810791,5.77988338470459,7.302420616149902,8.64449691772461,0.37994471192359924,0.36226505041122437,0.4430307149887085,0.5885034799575806,0.24575406312942505,0.4124329090118408,0.5358961820602417,0.2989703416824341,0.07340526580810547,0.45924413204193115,10.47372817993164,8.836584091186523,11.441972732543945,9.529864311218262,11.750372886657715,13.179048538208008,10.890864372253418,7.805816173553467,9.788605690002441,11.04041862487793
13,2524,,,,,,,,,,,,,,,,,,,,,,,,,,,,,,,,,,,,,,,,,0.5198961496353149,0.3732758164405823,0.35471123456954956,0.49703025817871094,0.641671359539032,0.5196713805198669,0.43068835139274597,0.48015210032463074,0.990084707736969,0.3917800188064575,7.599184036254883,4.889276027679443,6.632264614105225,7.348772048950195,8.981826782226562,9.381954193115234,7.581716060638428,7.314911842346191,8.2835693359375,7.978359699249268,,,,,,,,,,,9.79536247253418,6.763588905334473,8.581222534179688,9.800456047058105,11.461882591247559,11.68262004852295,10.738716125488281,8.172371864318848,11.422454833984375,9.534948348999023,,,,,,,,,,,,,,,,,,,,,,,,,,,,,,,,,,,,,,,,
13,2529,,,,,,,,,,,,,,,,,,,,,,,,,,,,,,,,,,,,,,,,,0.286251425743103,0.27461183071136475,0.37925052642822266,0.2713514566421509,0.27433687448501587,0.1970856636762619,0.22388507425785065,0.24374039471149445,0.2767427861690521,0.43525823950767517,5.955591678619385,4.493112087249756,7.233427047729492,6.53203010559082,6.210178375244141,6.088397979736328,5.757908344268799,4.2624006271362305,4.59801721572876,8.42485237121582,,,,,,,,,,,7.362112998962402,5.8012542724609375,8.873087882995605,7.241373538970947,7.4944844245910645,7.194545745849609,7.742537975311279,5.82267427444458,6.038950443267822,10.050107955932617,,,,,,,,,,,,,,,,,,,,,,,,,,,,,,,,,,,,,,,,
13,2534,,,,,,,,,,,,,,,,,,,,,,,,,,,,,,,,,,,,,,,,,0.2055319994688034,0.29025349020957947,0.14897975325584412,0.16323180496692657,0.15027928352355957,0.19276933372020721,0.13784606754779816,0.23604656755924225,0.24203720688819885,0.2883443236351013,4.874046325683594,5.0546441078186035,4.196649074554443,4.389812469482422,4.104839324951172,6.023354530334473,4.495394229888916,4.415318489074707,5.375708103179932,5.810699462890625,,,,,,,,,,,6.15966796875,5.9641828536987305,5.561286449432373,5.616390228271484,5.5468854904174805,7.115326404571533,6.075303077697754,5.730039119720459,5.6476054191589355,8.17999267578125,,,,,,,,,,,,,,,,,,,,,,,,,,,,,,,,,,,,,,,,
13,2539,,,,,,,,,,,,,,,,,,,,,,,,,,,,,,,,,,,,,,,,,0.3886343240737915,0.33509430289268494,0.21634717285633087,0.45367440581321716,0.4251647889614105,0.3513343930244446,0.20141586661338806,0.799249529838562,0.17343944311141968,0.5419890880584717,6.525533676147461,5.060917854309082,5.640002250671387,7.207972049713135,7.378255844116211,7.7866973876953125,5.570981025695801,7.515955924987793,3.7445552349090576,8.824461936950684,,,,,,,,,,,8.365814208984375,6.40834379196167,6.701735496520996,9.363259315490723,9.329928398132324,9.60585880279541,7.343745708465576,10.543867111206055,4.780763149261475,11.214824676513672,,,,,,,,,,,,,,,,,,,,,,,,,,,,,,,,,,,,,,,,
13,2544,,,,,,,,,,,,,,,,,,,,,,,,,,,,,,,,,,,,,,,,,0.3551025688648224,0.4684797525405884,0.2863149642944336,0.12680459022521973,0.21777194738388062,0.26369714736938477,0.11960233002901077,0.38004013895988464,0.49522343277931213,0.8379887342453003,6.070315837860107,6.313143730163574,6.37371301651001,3.897266149520874,5.8632493019104,6.4174933433532715,4.629624843597412,5.588779926300049,6.228174686431885,9.32139778137207,,,,,,,,,,,7.79880952835083,7.577181816101074,7.709632396697998,4.950195789337158,6.677296161651611,8.322016716003418,5.659012317657471,7.27065372467041,8.07837200164795,13.944929122924805,,,,,,,,,,,,,,,,,,,,,,,,,,,,,,,,,,,,,,,,
13,2549,,,,,,,,,,,,,,,,,,,,,,,,,,,,,,,,,,,,,,,,,0.4124670922756195,0.8545782566070557,0.3743451237678528,0.27904176712036133,0.37654727697372437,0.13074304163455963,0.17396050691604614,0.3043937683105469,0.8298664093017578,0.3887277841567993,6.446987628936768,8.351090431213379,6.668684482574463,5.752599239349365,6.88763952255249,4.382305145263672,5.520956039428711,5.832127571105957,7.299959182739258,7.3275251388549805,,,,,,,,,,,8.257756233215332,10.233829498291016,8.815516471862793,7.3432698249816895,8.780302047729492,5.859831809997559,6.824897289276123,6.506937503814697,10.457488059997559,9.497733116149902,,,,,,,,,,,,,,,,,,,,,,,,,,,,,,,,,,,,,,,,
13,2554,,,,,,,,,,,,,,,,,,,,,,,,,,,,,,,,,,,,,,,,,0.37653371691703796,1.0586824417114258,0.30783355236053467,0.2969968020915985,0.1481827348470688,0.252108097076416,0.25351759791374207,0.45118996500968933,0.19462049007415771,0.4256715476512909,6.103577613830566,8.556086540222168,5.5266337394714355,6.106732368469238,4.748154163360596,6.776758670806885,6.5349907875061035,6.8309125900268555,3.8090672492980957,6.042860984802246,,,,,,,,,,,7.974423885345459,11.3905611038208,7.994101047515869,7.575839996337891,5.508057117462158,8.137092590332031,8.239006996154785,7.922065734863281,5.064278602600098,9.938813209533691,,,,,,,,,,,,,,,,,,,,,,,,,,,,,,,,,,,,,,,,
13,2559,,,,,,,,,,,,,,,,,,,,,,,,,,,,,,,,,,,,,,,,,0.29876482486724854,0.5586987137794495,0.2774391174316406,0.11967872828245163,0.21783466637134552,0.20215237140655518,0.1912394016981125,0.3250938653945923,0.38228875398635864,0.4144577980041504,5.9695963859558105,6.296731948852539,5.9117751121521,4.432104587554932,5.809867858886719,5.582640647888184,6.126585960388184,5.836215972900391,6.0370659828186035,7.693379878997803,,,,,,,,,,,7.269197463989258,8.274678230285645,7.589191913604736,4.8090949058532715,6.678256988525391,7.286437511444092,7.155821323394775,6.72454833984375,7.097723007202148,9.807026863098145,,,,,,,,,,,,,,,,,,,,,,,,,,,,,,,,,,,,,,,,
13,2564,,,,,,,,,,,,,,,,,,,,,,,,,,,,,,,,,,,,,,,,,0.23296001553535461,0.2535508871078491,0.48145541548728943,0.227476105093956,0.2033192217350006,0.2134673297405243,0.2195587456226349,0.06865986436605453,0.13566407561302185,0.2934882342815399,5.112277984619141,4.256958961486816,6.50763463973999,5.910218238830566,5.025527000427246,5.968040466308594,5.8161396980285645,2.783876657485962,3.026948928833008,6.715157508850098,,,,,,,,,,,6.597781181335449,5.574357986450195,9.997461318969727,6.630141258239746,6.451918601989746,7.487581729888916,7.667365550994873,3.0903677940368652,4.228201866149902,8.252634048461914,,,,,,,,,,,,,,,,,,,,,,,,,,,,,,,,,,,,,,,,
13,2569,,,,,,,,,,,,,,,,,,,,,,,,,,,,,,,,,,,,,,,,,0.5684760808944702,0.2705676555633545,0.6446676850318909,0.9223282337188721,0.3367665708065033,1.057430624961853,0.06886551529169083,0.687058687210083,0.7832106947898865,0.34538912773132324,6.978214740753174,4.690525531768799,8.298493385314941,9.264891624450684,5.226849555969238,10.010857582092285,3.438225269317627,7.283315658569336,7.7973952293396,6.793376922607422,,,,,,,,,,,9.8697509765625,5.758378505706787,11.568567276000977,13.350503921508789,8.303556442260742,16.664865493774414,4.294095516204834,9.775875091552734,10.159272193908691,8.952649116516113,,,,,,,,,,,,,,,,,,,,,,,,,,,,,,,,,,,,,,,,
13,2574,,,,,,,,,,,,,,,,,,,,,,,,,,,,,,,,,,,,,,,,,0.3142260015010834,0.5324258804321289,0.13755114376544952,0.3133367896080017,0.13932089507579803,0.3093121647834778,0.19714941084384918,0.3028894364833832,0.3482843041419983,0.5477637648582458,5.96008825302124,5.345508098602295,4.383129119873047,6.71299409866333,3.817241907119751,6.601137161254883,6.347949028015137,5.8307366371154785,5.466639041900635,9.13546085357666,,,,,,,,,,,7.484708309173584,8.077777862548828,5.343719959259033,7.781451225280762,5.340817928314209,9.013103485107422,7.26555061340332,6.490838527679443,6.774703025817871,11.274410247802734,,,,,,,,,,,,,,,,,,,,,,,,,,,,,,,,,,,,,,,,
13,2579,,,,,,,,,,,,,,,,,,,,,,,,,,,,,,,,,,,,,,,,,0.7026289701461792,0.28205618262290955,0.2861347794532776,0.866431713104248,0.5989769697189331,0.7506278157234192,0.9247947931289673,0.5641056299209595,1.5177128314971924,0.5328195095062256,8.41120433807373,4.268493175506592,6.300506591796875,9.079708099365234,8.303691864013672,9.397950172424316,10.993429183959961,6.875769138336182,11.76775074005127,8.713540077209473,,,,,,,,,,,11.277412414550781,5.879360675811768,7.707205772399902,12.939637184143066,11.074004173278809,14.040680885314941,15.735968589782715,8.858065605163574,14.14223575592041,11.119550704956055,,,,,,,,,,,,,,,,,,,,,,,,,,,,,,,,,,,,,,,,
13,2584,,,,,,,,,,,,,,,,,,,,,,,,,,,,,,,,,,,,,,,,,0.23715417087078094,0.5445889830589294,0.19474738836288452,0.08551087975502014,0.1417708694934845,0.4504462480545044,0.14397120475769043,0.30971604585647583,0.18799692392349243,0.07563898712396622,4.9122443199157715,6.315683364868164,4.375602722167969,3.166783571243286,4.356499671936035,8.823283195495605,4.818774700164795,5.037994861602783,4.375027656555176,2.9405477046966553,,,,,,,,,,,6.310729026794434,8.169523239135742,6.358394622802734,4.065046787261963,5.387572765350342,10.876705169677734,6.208813667297363,6.5635762214660645,4.977355480194092,4.1895751953125,,,,,,,,,,,,,,,,,,,,,,,,,,,,,,,,,,,,,,,,
13,2589,,,,,,,,,,,,,,,,,,,,,,,,,,,,,,,,,,,,,,,,,0.517248809337616,0.3998306095600128,0.49254146218299866,0.71273273229599,0.5222511291503906,0.7000423669815063,0.5004405379295349,0.5250760912895203,0.4186707139015198,0.3836533725261688,7.729941368103027,5.676033973693848,8.20833683013916,9.648384094238281,7.475567817687988,10.117645263671875,7.783478736877441,7.1880059242248535,6.30888557434082,7.163139820098877,,,,,,,,,,,9.97031307220459,7.000035762786865,10.111907005310059,11.735949516296387,10.340447425842285,13.55932331085205,11.57569408416748,8.546136856079102,7.42779016494751,9.435539245605469,,,,,,,,,,,,,,,,,,,,,,,,,,,,,,,,,,,,,,,,
13,2594,,,,,,,,,,,,,,,,,,,,,,,,,,,,,,,,,,,,,,,,,0.40661266446113586,0.15217670798301697,0.2800824046134949,0.6299678087234497,0.4626689851284027,0.3682975471019745,0.5695855617523193,0.6927379369735718,0.28538191318511963,0.2186151146888733,6.9874444007873535,3.423760175704956,7.041813850402832,9.032930374145508,7.451901912689209,8.343680381774902,9.445792198181152,7.73653507232666,5.149224758148193,5.2613630294799805,,,,,,,,,,,8.662872314453125,4.3185343742370605,7.625258445739746,11.033519744873047,9.732733726501465,9.835021018981934,12.349525451660156,9.81619644165039,6.132485389709473,7.122579097747803,,,,,,,,,,,,,,,,,,,,,,,,,,,,,,,,,,,,,,,,
13,2599,,,,,,,,,,,,,,,,,,,,,,,,,,,,,,,,,,,,,,,,,0.3995002210140228,0.17424531280994415,0.7043598294258118,0.7700180411338806,0.36871764063835144,0.44532427191734314,0.2848522365093231,0.16437382996082306,0.22883838415145874,0.4547721743583679,6.905179500579834,3.6772162914276123,9.78437614440918,10.658174514770508,6.512533187866211,8.984979629516602,5.898526191711426,3.9803528785705566,4.725518226623535,7.924940586090088,,,,,,,,,,,8.632713317871094,4.621073246002197,12.092300415039062,12.198469161987305,8.688536643981934,10.814689636230469,8.733345031738281,4.781620502471924,5.491458892822266,10.27292537689209,,,,,,,,,,,,,,,,,,,,,,,,,,,,,,,,,,,,,,,,
13,2604,,,,,,,,,,,,,,,,,,,,,,,,,,,,,,,,,,,,,,,,,0.2478916347026825,0.2988829016685486,0.24535326659679413,0.23451676964759827,0.4700077474117279,0.1285455822944641,0.17816312611103058,0.3574568033218384,0.052662983536720276,0.2654355764389038,5.586403846740723,5.436747074127197,5.652251243591309,5.865935325622559,8.063080787658691,5.121565341949463,5.34175968170166,6.277376174926758,2.054260730743408,6.464655876159668,,,,,,,,,,,6.664653301239014,6.052193641662598,7.136867046356201,6.731965065002441,9.809619903564453,5.8103790283203125,6.9068450927734375,7.051321029663086,2.6343655586242676,7.848320960998535,,,,,,,,,,,,,,,,,,,,,,,,,,,,,,,,,,,,,,,,
13,2609,,,,,,,,,,,,,,,,,,,,,,,,,,,,,,,,,,,,,,,,,0.4468168616294861,0.42238470911979675,0.08343275636434555,0.5032750368118286,0.653270423412323,0.2930509150028229,0.21148468554019928,0.6018846035003662,0.5748671889305115,0.6777014136314392,6.748172283172607,5.479000091552734,3.1101412773132324,7.854344844818115,8.537964820861816,6.849300384521484,5.432060241699219,5.895378589630127,8.214930534362793,9.360428810119629,,,,,,,,,,,8.830625534057617,7.194760322570801,4.161787986755371,9.861831665039062,11.56501293182373,8.772985458374023,7.5250654220581055,9.14987850189209,8.70376205444336,12.540543556213379,,,,,,,,,,,,,,,,,,,,,,,,,,,,,,,,,,,,,,,,
13,2614,,,,,,,,,,,,,,,,,,,,,,,,,,,,,,,,,,,,,,,,,0.28048673272132874,0.17434696853160858,0.24368959665298462,0.31825488805770874,0.24593421816825867,0.48653727769851685,0.3867608308792114,0.3280218243598938,0.25191324949264526,0.08892160654067993,6.215934753417969,3.7872841358184814,6.090850830078125,7.299305438995361,5.468275547027588,10.480579376220703,8.197940826416016,6.03143835067749,4.4753618240356445,4.112376689910889,,,,,,,,,,,7.245850563049316,4.622420787811279,7.112628936767578,7.842281818389893,7.095926761627197,11.304045677185059,10.176349639892578,6.754762649536133,5.761675834655762,4.542562007904053,,,,,,,,,,,,,,,,,,,,,,,,,,,,,,,,,,,,,,,,
13,2619,,,,,,,,,,,,,,,,,,,,,,,,,,,,,,,,,,,,,,,,,0.3518030047416687,0.6135069727897644,0.5469107031822205,0.16519509255886078,0.24318131804466248,0.19531266391277313,0.20908911526203156,0.4008249044418335,0.15058571100234985,0.6416205763816833,5.698550701141357,6.137368202209473,8.832441329956055,4.533586502075195,5.724569320678711,5.730745315551758,5.157924652099609,4.726378440856934,3.5389935970306396,6.904950141906738,,,,,,,,,,,7.8667449951171875,8.671056747436523,10.655403137207031,5.6500654220581055,7.056099891662598,7.162111759185791,7.48232364654541,7.466826915740967,4.454665660858154,12.20215129852295,,,,,,,,,,,,,,,,,,,,,,,,,,,,,,,,,,,,,,,,
13,2624,,,,,,,,,,,,,,,,,,,,,,,,,,,,,,,,,,,,,,,,,0.36977311968803406,0.39853647351264954,0.1779727041721344,0.1857079714536667,0.2966984510421753,0.2581884562969208,0.2106945514678955,0.7027324438095093,0.6436131000518799,0.4538143277168274,6.217824459075928,4.306309223175049,4.931918621063232,4.897843837738037,6.413430213928223,6.184655666351318,5.393660068511963,8.328024864196777,8.281030654907227,7.223541259765625,,,,,,,,,,,7.995067119598389,6.988698959350586,6.0783867835998535,5.990597724914551,7.793943881988525,8.234633445739746,7.510993957519531,9.886754989624023,9.209493637084961,10.262102127075195,,,,,,,,,,,,,,,,,,,,,,,,,,,,,,,,,,,,,,,,
13,2629,,,,,,,,,,,,,,,,,,,,,,,,,,,,,,,,,,,,,,,,,0.6634657979011536,0.6101976633071899,0.37677788734436035,0.549248456954956,0.7270816564559937,0.586974561214447,0.5080768465995789,0.08679992705583572,1.8471812009811401,0.6788538694381714,8.781781196594238,6.638976097106934,8.173782348632812,8.957114219665527,9.4427490234375,11.253433227539062,9.891462326049805,2.6962382793426514,12.110349655151367,9.871918678283691,,,,,,,,,,,10.633630752563477,8.647638320922852,8.844114303588867,10.302421569824219,12.200882911682129,12.416109085083008,11.663676261901855,3.4747087955474854,15.601919174194336,12.551202774047852,,,,,,,,,,,,,,,,,,,,,,,,,,,,,,,,,,,,,,,,
13,2634,,,,,,,,,,,,,,,,,,,,,,,,,,,,,,,,,,,,,,,,,0.4946402609348297,0.947303056716919,0.05404859781265259,0.26587262749671936,0.5461783409118652,0.7620459794998169,0.6526281237602234,0.1910812258720398,0.30988097190856934,0.7227237820625305,6.8727288246154785,8.576155662536621,3.0957281589508057,4.836423397064209,7.9405012130737305,9.364376068115234,8.676847457885742,5.145035743713379,6.163968563079834,8.055521965026855,,,,,,,,,,,9.303263664245605,10.774738311767578,3.349684000015259,7.167896270751953,10.574671745300293,14.147068977355957,13.219154357910156,5.155463695526123,6.390292644500732,12.950406074523926,,,,,,,,,,,,,,,,,,,,,,,,,,,,,,,,,,,,,,,,
13,2639,,,,,,,,,,,,,,,,,,,,,,,,,,,,,,,,,,,,,,,,,0.35341042280197144,0.23959006369113922,0.4145061671733856,0.5284824371337891,0.2488061785697937,0.5259617567062378,0.2696680426597595,0.47058358788490295,0.022395189851522446,0.4607003927230835,6.3690619468688965,3.511233329772949,7.128818035125732,7.805483818054199,6.15130615234375,9.680949211120605,6.950021743774414,6.347908020019531,1.6497454643249512,8.09609317779541,,,,,,,,,,,8.0374116897583,5.418719291687012,9.276350975036621,10.105788230895996,7.1372389793396,11.753114700317383,8.497389793395996,8.090532302856445,1.7179110050201416,10.339665412902832,,,,,,,,,,,,,,,,,,,,,,,,,,,,,,,,,,,,,,,,
13,2644,,,,,,,,,,,,,,,,,,,,,,,,,,,,,,,,,,,,,,,,,0.36676108837127686,0.4881911277770996,0.30566638708114624,0.11182105541229248,0.41354113817214966,0.394838809967041,0.21824206411838531,0.11256571114063263,0.27660515904426575,0.9793784618377686,6.172304630279541,6.3870038986206055,6.549572944641113,4.256054878234863,6.699409008026123,8.667471885681152,5.617994785308838,3.6565515995025635,4.490409851074219,9.22627067565918,,,,,,,,,,,8.049824714660645,7.7349443435668945,7.965912342071533,4.64854097366333,9.201507568359375,10.183235168457031,7.644340991973877,3.956960678100586,6.037448406219482,15.075525283813477,,,,,,,,,,,,,,,,,,,,,,,,,,,,,,,,,,,,,,,,
13,2649,,,,,,,,,,,,,,,,,,,,,,,,,,,,,,,,,,,,,,,,,0.39232245087623596,0.40189746022224426,0.42812323570251465,0.14636582136154175,0.6824376583099365,0.562274158000946,0.3781503140926361,0.10108029842376709,0.3588544726371765,0.47171857953071594,6.601548194885254,5.967041015625,7.830985069274902,4.730318546295166,8.060442924499512,9.150423049926758,7.373427391052246,2.4093589782714844,5.830722808837891,8.061214447021484,,,,,,,,,,,8.543084144592285,7.018105506896973,9.427490234375,5.318322658538818,11.820371627807617,12.152061462402344,10.062433242797852,3.7496602535247803,6.87673807144165,10.462576866149902,,,,,,,,,,,,,,,,,,,,,,,,,,,,,,,,,,,,,,,,
13,2654,,,,,,,,,,,,,,,,,,,,,,,,,,,,,,,,,,,,,,,,,0.28029754757881165,0.30120381712913513,0.24268542230129242,0.21337038278579712,0.6784679889678955,0.23297157883644104,0.08899387717247009,0.3143981099128723,0.16174599528312683,0.2888409197330475,5.934993743896484,5.195931434631348,5.904745101928711,5.327762126922607,8.993443489074707,6.630153656005859,4.141185283660889,5.943975925445557,3.8931655883789062,7.384580135345459,,,,,,,,,,,7.055700778961182,6.075646877288818,7.097959518432617,6.421285152435303,11.785943031311035,7.822171688079834,4.881473064422607,6.613002300262451,4.616789817810059,8.187032699584961,,,,,,,,,,,,,,,,,,,,,,,,,,,,,,,,,,,,,,,,
13,2659,,,,,,,,,,,,,,,,,,,,,,,,,,,,,,,,,,,,,,,,,0.5543919801712036,0.3499216139316559,0.5100037455558777,0.6003890037536621,0.7727541327476501,0.60123610496521,0.3084670305252075,0.6690101623535156,0.8418682217597961,0.33587732911109924,8.138309478759766,5.262209415435791,9.542945861816406,8.435102462768555,9.110526084899902,10.746145248413086,7.035693168640137,8.339653968811035,7.939146041870117,6.833356857299805,,,,,,,,,,,10.094440460205078,6.548588275909424,10.289596557617188,10.771377563476562,12.578252792358398,12.566039085388184,9.088143348693848,9.646617889404297,10.532835960388184,8.828513145446777,,,,,,,,,,,,,,,,,,,,,,,,,,,,,,,,,,,,,,,,
13,2664,,,,,,,,,,,,,,,,,,,,,,,,,,,,,,,,,,,,,,,,,0.32692399621009827,0.4008845090866089,0.1319354772567749,0.3491177260875702,0.441199392080307,0.5241488218307495,0.2363802194595337,0.16945897042751312,0.4550982415676117,0.2340923696756363,6.056639194488525,5.201554775238037,3.702584981918335,6.700793743133545,7.460247993469238,9.221829414367676,6.5401716232299805,4.687228202819824,5.569339275360107,5.426002025604248,,,,,,,,,,,7.735426425933838,7.009255886077881,5.233503341674805,8.213738441467285,9.504233360290527,11.732841491699219,7.955662727355957,4.855019569396973,7.744187831878662,7.370397090911865,,,,,,,,,,,,,,,,,,,,,,,,,,,,,,,,,,,,,,,,
13,2669,,,,,,,,,,,,,,,,,,,,,,,,,,,,,,,,,,,,,,,,,0.3554821014404297,0.35902082920074463,0.18804459273815155,0.28621017932891846,0.1352805644273758,0.34491267800331116,0.2714577615261078,0.5152145624160767,0.3162658214569092,0.782931923866272,6.529768943786621,5.673478126525879,4.473339080810547,5.774095058441162,3.886887311935425,7.92894983291626,6.870322227478027,7.8394083976745605,4.971011161804199,11.350430488586426,,,,,,,,,,,8.002728462219238,6.633184909820557,6.2480149269104,7.436993598937988,5.262805461883545,9.517664909362793,8.52553939819336,8.465502738952637,6.455790042877197,13.479047775268555,,,,,,,,,,,,,,,,,,,,,,,,,,,,,,,,,,,,,,,,
13,2674,,,,,,,,,,,,,,,,,,,,,,,,,,,,,,,,,,,,,,,,,0.5731860399246216,0.24915951490402222,0.3308291733264923,0.38546544313430786,0.13469699025154114,0.6635982394218445,0.1662174016237259,1.6271262168884277,1.3819867372512817,0.21959500014781952,6.683416843414307,4.80269193649292,7.2428669929504395,6.542425632476807,3.5315582752227783,9.63024616241455,5.620630741119385,10.015116691589355,7.667547702789307,5.097668170928955,,,,,,,,,,,9.249566078186035,5.525874137878418,8.287309646606445,8.630731582641602,5.251441955566406,13.20165729522705,6.67127799987793,15.044208526611328,13.495072364807129,7.138524532318115,,,,,,,,,,,,,,,,,,,,,,,,,,,,,,,,,,,,,,,,
13,2679,,,,,,,,,,,,,,,,,,,,,,,,,,,,,,,,,,,,,,,,,0.40370750427246094,0.5373017191886902,0.33334094285964966,0.6794731616973877,0.45310425758361816,0.24801908433437347,0.35956549644470215,0.26850831508636475,0.28459474444389343,0.46945980191230774,7.008184909820557,6.631793022155762,7.111629962921143,8.60601806640625,8.267988204956055,6.075395107269287,7.823990821838379,5.360620021820068,5.152474880218506,8.043757438659668,,,,,,,,,,,8.675511360168457,8.114679336547852,8.318710327148438,11.458849906921387,9.631606101989746,8.070834159851074,9.812051773071289,6.111356735229492,6.124021530151367,10.43749713897705,,,,,,,,,,,,,,,,,,,,,,,,,,,,,,,,,,,,,,,,
13,2684,,,,,,,,,,,,,,,,,,,,,,,,,,,,,,,,,,,,,,,,,1.1502634286880493,0.6382800340652466,1.4676225185394287,2.119581937789917,1.118234634399414,0.5470691323280334,1.285603642463684,1.768066644668579,0.8803538680076599,0.5275573134422302,10.477810859680176,7.487694263458252,14.166380882263184,15.131535530090332,10.536661148071289,8.230669021606445,11.451445579528809,10.406248092651367,7.668267250061035,9.221393585205078,,,,,,,,,,,14.414064407348633,8.844389915466309,17.454959869384766,20.23857879638672,15.13094711303711,11.986627578735352,18.553434371948242,15.68223762512207,10.770898818969727,11.064505577087402,,,,,,,,,,,,,,,,,,,,,,,,,,,,,,,,,,,,,,,,
13,2689,,,,,,,,,,,,,,,,,,,,,,,,,,,,,,,,,,,,,,,,,0.5968601107597351,0.6038730144500732,0.6013055443763733,0.508758544921875,0.7504647970199585,0.6630758047103882,1.0644863843917847,0.5434741377830505,0.38406816124916077,0.2522345185279846,8.612945556640625,6.018882751464844,8.6907377243042,8.173201560974121,10.889545440673828,10.757118225097656,13.145631790161133,7.801937103271484,5.735230445861816,6.304229736328125,,,,,,,,,,,10.624995231628418,8.602705001831055,11.172728538513184,9.915412902832031,12.395523071289062,13.196459770202637,16.882658004760742,8.694571495056152,7.114223003387451,7.650670051574707,,,,,,,,,,,,,,,,,,,,,,,,,,,,,,,,,,,,,,,,
13,2694,,,,,,,,,,,,,,,,,,,,,,,,,,,,,,,,,,,,,,,,,0.3133934438228607,0.39503929018974304,0.33531513810157776,0.2381238490343094,0.23753325641155243,0.30760663747787476,0.2878143787384033,0.45376166701316833,0.21138370037078857,0.35396286845207214,6.2021918296813965,6.01364803314209,6.610074520111084,5.734001636505127,5.770810604095459,6.974566459655762,7.101110935211182,5.824516296386719,4.072451114654541,7.718541145324707,,,,,,,,,,,7.678990840911865,6.957967281341553,8.343306541442871,6.783539295196533,6.973677635192871,8.98822021484375,8.77863597869873,7.944610595703125,5.27787446975708,9.063085556030273,,,,,,,,,,,,,,,,,,,,,,,,,,,,,,,,,,,,,,,,
13,2699,,,,,,,,,,,,,,,,,,,,,,,,,,,,,,,,,,,,,,,,,0.2569529712200165,0.24711191654205322,0.18873398005962372,0.2926328778266907,0.21034464240074158,0.23893068730831146,0.14171703159809113,0.4546501636505127,0.22578385472297668,0.3126716911792755,5.5675177574157715,3.955550193786621,5.186187744140625,5.929421424865723,5.363484859466553,6.361690044403076,4.734188556671143,6.635713577270508,4.6158127784729,7.3256072998046875,,,,,,,,,,,6.872416019439697,5.503121852874756,6.259458065032959,7.519975662231445,6.562439918518066,7.921579837799072,6.16001558303833,7.952385425567627,5.454686164855957,8.518074989318848,,,,,,,,,,,,,,,,,,,,,,,,,,,,,,,,,,,,,,,,
13,2704,,,,,,,,,,,,,,,,,,,,,,,,,,,,,,,,,,,,,,,,,0.5029667615890503,0.8762295246124268,0.2974097728729248,0.5653842687606812,0.2568165063858032,0.5864408016204834,0.3284597396850586,0.12177131325006485,0.924240231513977,0.5699490904808044,7.26149845123291,6.936454772949219,7.0257110595703125,8.718951225280762,6.236666679382324,8.769253730773926,7.156977653503418,3.1392128467559814,8.755427360534668,8.614826202392578,,,,,,,,,,,9.373863220214844,10.362658500671387,7.857587814331055,10.452658653259277,7.251220703125,12.410462379455566,9.378036499023438,4.115581512451172,11.036102294921875,11.50046157836914,,,,,,,,,,,,,,,,,,,,,,,,,,,,,,,,,,,,,,,,
13,2709,,,,,,,,,,,,,,,,,,,,,,,,,,,,,,,,,,,,,,,,,0.36616408824920654,0.27340376377105713,0.4088450074195862,0.6324074864387512,0.39667463302612305,0.4365217387676239,0.3699381947517395,0.1417923867702484,0.23788796365261078,0.39800551533699036,6.519481182098389,4.37457799911499,7.219074726104736,8.605659484863281,6.330392837524414,8.894061088562012,7.324315547943115,3.493384599685669,4.828442573547363,7.60542106628418,,,,,,,,,,,8.375370025634766,5.788479804992676,9.212786674499512,11.054863929748535,9.011910438537598,10.707270622253418,9.9525728225708,4.44104528427124,5.598987579345703,9.610405921936035,,,,,,,,,,,,,,,,,,,,,,,,,,,,,,,,,,,,,,,,
13,2714,,,,,,,,,,,,,,,,,,,,,,,,,,,,,,,,,,,,,,,,,0.45335474610328674,0.38740667700767517,0.8178987503051758,0.2202281653881073,0.9146502614021301,0.6490373015403748,0.4210103154182434,0.2820143699645996,0.10234825313091278,0.2855984568595886,6.2279229164123535,4.804240703582764,8.107357025146484,4.814240455627441,7.265383243560791,10.427780151367188,7.61870813369751,4.3984904289245605,3.022644519805908,5.592465400695801,,,,,,,,,,,9.097674369812012,6.8904218673706055,13.030510902404785,6.523659706115723,13.684446334838867,13.05601692199707,10.617375373840332,6.263172149658203,3.6725142002105713,8.140950202941895,,,,,,,,,,,,,,,,,,,,,,,,,,,,,,,,,,,,,,,,
13,2715,,,,,,,,,,,,,,,,,,,,,,,,,,,,,,,,,,,,,,,,,,,,,,,,,,,6.559236526489258,5.358404159545898,6.566722869873047,6.258453845977783,6.714394569396973,8.195328712463379,7.12975549697876,5.781098365783691,5.740432262420654,7.288534164428711,0.5775784254074097,0.5714666843414307,0.6356415748596191,0.6452271938323975,0.5820926427841187,0.49377524852752686,0.5799221992492676,0.587935209274292,0.556601881980896,0.5455433130264282,8.663148880004883,7.060749053955078,8.564438819885254,8.247039794921875,9.070581436157227,10.858173370361328,9.557138442993164,7.479528903961182,7.550236225128174,9.580455780029297,0.5121157169342041,0.5793829560279846,0.5693355798721313,0.3603809177875519,0.5164613723754883,0.6053436398506165,0.4248504638671875,0.5139145255088806,0.4974096715450287,0.5419623851776123,7.355810642242432,5.877983093261719,7.716710567474365,6.287849426269531,7.9392008781433105,9.427270889282227,7.977550983428955,6.19914436340332,6.203023433685303,8.573555946350098,0.44561249017715454,0.4001789093017578,0.5604799389839172,0.6148698329925537,0.3827681541442871,0.45148104429244995,0.5703650116920471,0.23999589681625366,0.3166232705116272,0.47375059127807617,9.913409233093262,8.5698881149292,10.164233207702637,9.219499588012695,10.629659652709961,12.733598709106445,10.478631973266602,8.127520561218262,8.406322479248047,10.891324996948242
14,2719,,,,,,,,,,,,,,,,,,,,,,,,,,,,,,,,,,,,,,,,,0.5122381448745728,0.525174081325531,0.5205491781234741,0.5726010203361511,0.6099942326545715,0.7450722455978394,0.6914923191070557,0.3881213068962097,0.18301740288734436,0.3741215169429779,7.917653560638428,6.180848121643066,8.686121940612793,7.889109134674072,8.431950569152832,9.835548400878906,11.476558685302734,6.66309118270874,4.787615776062012,7.308032989501953,,,,,,,,,,,9.920486450195312,8.022578239440918,10.395431518554688,10.519157409667969,11.175385475158691,13.988627433776855,13.607064247131348,7.347548961639404,4.910994529724121,9.317588806152344,,,,,,,,,,,,,,,,,,,,,,,,,,,,,,,,,,,,,,,,
14,2724,,,,,,,,,,,,,,,,,,,,,,,,,,,,,,,,,,,,,,,,,0.285177618265152,0.16668836772441864,0.5023848414421082,0.25707265734672546,0.30238255858421326,0.40182703733444214,0.44710543751716614,0.04364517331123352,0.13122904300689697,0.314263254404068,5.876744270324707,3.54852032661438,9.073464393615723,5.614318370819092,6.257380485534668,8.329288482666016,8.914525985717773,1.7300394773483276,2.5744919776916504,6.848666191101074,,,,,,,,,,,7.336146831512451,4.5197553634643555,10.21245002746582,7.048274993896484,7.8682475090026855,10.272955894470215,10.941472053527832,2.4639217853546143,4.158515453338623,8.539727210998535,,,,,,,,,,,,,,,,,,,,,,,,,,,,,,,,,,,,,,,,
14,2729,,,,,,,,,,,,,,,,,,,,,,,,,,,,,,,,,,,,,,,,,0.17684441804885864,0.2101133167743683,0.07831396907567978,0.06471848487854004,0.2509256899356842,0.2488589882850647,0.2908177375793457,0.03667265549302101,0.05066993460059166,0.36050885915756226,4.519706726074219,3.857635974884033,3.4422860145568848,2.9512689113616943,6.060064792633057,7.089869499206543,6.900357246398926,1.4774291515350342,2.0545544624328613,6.843897342681885,,,,,,,,,,,5.634276390075684,5.074450969696045,4.032099723815918,3.5364625453948975,7.167574405670166,8.084487915039062,8.824319839477539,2.2585513591766357,2.5840353965759277,9.146505355834961,,,,,,,,,,,,,,,,,,,,,,,,,,,,,,,,,,,,,,,,
14,2734,,,,,,,,,,,,,,,,,,,,,,,,,,,,,,,,,,,,,,,,,0.27841469645500183,0.16719618439674377,0.3048709034919739,0.2924947142601013,0.33977407217025757,0.2574199438095093,0.21138843894004822,0.4661836624145508,0.1981213539838791,0.26828309893608093,5.896801471710205,3.1332902908325195,7.213666915893555,6.163593292236328,7.247391700744629,6.15170431137085,6.370702743530273,6.111496925354004,4.210145950317383,6.469218730926514,,,,,,,,,,,7.2376885414123535,4.526634693145752,7.955540180206299,7.518200397491455,8.340550422668457,8.222369194030762,7.52335262298584,8.052620887756348,5.109623908996582,7.890305519104004,,,,,,,,,,,,,,,,,,,,,,,,,,,,,,,,,,,,,,,,
14,2739,,,,,,,,,,,,,,,,,,,,,,,,,,,,,,,,,,,,,,,,,0.4421748220920563,0.33415529131889343,0.6292306184768677,0.3688738942146301,0.47988051176071167,0.7231486439704895,0.33594489097595215,0.6618315577507019,0.2402675896883011,0.2062406986951828,7.308391094207764,4.848394870758057,9.887011528015137,8.045341491699219,7.5792975425720215,9.677286148071289,7.416175842285156,8.529375076293945,5.149901390075684,4.642739295959473,,,,,,,,,,,9.065434455871582,6.399358749389648,11.429219245910645,8.44294261932373,9.91211223602295,13.781283378601074,9.48429012298584,9.59472370147705,5.626921653747559,6.918060779571533,,,,,,,,,,,,,,,,,,,,,,,,,,,,,,,,,,,,,,,,
14,2744,,,,,,,,,,,,,,,,,,,,,,,,,,,,,,,,,,,,,,,,,0.41093015670776367,0.28160449862480164,0.4854758381843567,0.4347270429134369,0.3086778521537781,0.30538812279701233,0.33943575620651245,0.6773701906204224,0.6331585645675659,0.23253346979618073,6.772045612335205,4.766062259674072,7.764060974121094,6.296772003173828,6.780648708343506,6.440478801727295,8.022392272949219,7.966480731964111,7.2446722984313965,5.666846752166748,,,,,,,,,,,8.633915901184082,5.874650955200195,10.039114952087402,9.1656494140625,7.949729919433594,8.955750465393066,9.533439636230469,9.706703186035156,9.134389877319336,7.345813751220703,,,,,,,,,,,,,,,,,,,,,,,,,,,,,,,,,,,,,,,,
14,2749,,,,,,,,,,,,,,,,,,,,,,,,,,,,,,,,,,,,,,,,,0.3734246790409088,0.36284154653549194,0.11234623193740845,0.1954183578491211,0.5953332781791687,0.6318655610084534,0.3882312774658203,0.3996749818325043,0.3373138904571533,0.33779722452163696,6.324360370635986,5.0479278564453125,4.2400312423706055,5.014153957366943,7.261313438415527,9.00428295135498,7.857391834259033,6.384974002838135,5.148929119110107,6.960238456726074,,,,,,,,,,,8.304227828979492,6.668386459350586,4.829375267028809,6.145221710205078,11.040270805358887,12.882145881652832,10.195676803588867,7.456108570098877,6.667152404785156,8.85370922088623,,,,,,,,,,,,,,,,,,,,,,,,,,,,,,,,,,,,,,,,
14,2754,,,,,,,,,,,,,,,,,,,,,,,,,,,,,,,,,,,,,,,,,0.3822571337223053,0.6390430927276611,0.28066158294677734,0.17879998683929443,0.20911291241645813,0.4148998260498047,0.26247748732566833,0.7876784205436707,0.1232154592871666,0.5444252490997314,6.692288398742676,6.041466236114502,6.481221675872803,5.677802562713623,5.15167760848999,8.998777389526367,7.185133457183838,8.58342456817627,3.4568824768066406,8.654211044311523,,,,,,,,,,,8.162556648254395,8.849675178527832,7.633138179779053,5.878122329711914,6.543198108673096,10.438725471496582,8.38333511352539,10.467264175415039,4.029543876647949,11.239999771118164,,,,,,,,,,,,,,,,,,,,,,,,,,,,,,,,,,,,,,,,
14,2759,,,,,,,,,,,,,,,,,,,,,,,,,,,,,,,,,,,,,,,,,0.3541152775287628,0.21424894034862518,0.6374157667160034,0.4027496874332428,0.30206772685050964,0.49767979979515076,0.137556254863739,0.4978331923484802,0.23035727441310883,0.2671290338039398,6.4720611572265625,4.177996635437012,9.675420761108398,7.001523494720459,6.329591274261475,8.411209106445312,4.7440505027771,6.700414657592773,4.749051570892334,6.459290027618408,,,,,,,,,,,8.057761192321777,5.124147415161133,11.503316879272461,8.822110176086426,7.864150524139404,11.432754516601562,6.06891393661499,8.321480751037598,5.509652614593506,7.873318195343018,,,,,,,,,,,,,,,,,,,,,,,,,,,,,,,,,,,,,,,,
14,2764,,,,,,,,,,,,,,,,,,,,,,,,,,,,,,,,,,,,,,,,,0.5403645634651184,0.5486570000648499,0.4008236527442932,0.6205461025238037,0.6324186325073242,0.6886521577835083,0.6753526329994202,0.5943275690078735,0.40538275241851807,0.2971210181713104,8.106828689575195,6.484118461608887,7.23237943649292,9.052434921264648,9.057894706726074,10.548165321350098,11.046550750732422,7.2109174728393555,5.179531574249268,7.149467945098877,,,,,,,,,,,10.139140129089355,8.199978828430176,9.121962547302246,10.950700759887695,11.378944396972656,13.448561668395996,13.447330474853516,9.092256546020508,7.308966159820557,8.30355167388916,,,,,,,,,,,,,,,,,,,,,,,,,,,,,,,,,,,,,,,,
14,2769,,,,,,,,,,,,,,,,,,,,,,,,,,,,,,,,,,,,,,,,,0.5320214629173279,0.2589828372001648,0.7027150988578796,0.6052975654602051,0.3450051248073578,0.4301987588405609,0.6851709485054016,0.8446998000144958,0.15674012899398804,0.7593831419944763,7.280742168426514,4.68112850189209,8.745826721191406,7.762135028839111,5.835045337677002,7.815208911895752,8.438547134399414,8.841699600219727,3.238816022872925,10.168272018432617,,,,,,,,,,,9.97389030456543,5.633752822875977,12.078174591064453,10.815319061279297,8.404510498046875,10.629441261291504,13.54472827911377,10.839516639709473,4.544785976409912,13.27479076385498,,,,,,,,,,,,,,,,,,,,,,,,,,,,,,,,,,,,,,,,
14,2774,,,,,,,,,,,,,,,,,,,,,,,,,,,,,,,,,,,,,,,,,0.4262141287326813,0.59615159034729,0.15521040558815002,0.32772794365882874,0.5055963397026062,0.34141072630882263,0.1830267757177353,0.42987191677093506,0.9401466250419617,0.3567847013473511,7.159689903259277,7.0838494300842285,4.333716869354248,6.56488561630249,7.878803253173828,7.6392059326171875,5.7327165603637695,7.589141845703125,9.845359802246094,7.76953125,,,,,,,,,,,8.532050132751465,8.547530174255371,5.676387786865234,7.958141326904297,10.17423152923584,9.46922492980957,7.000484466552734,7.7326483726501465,11.130664825439453,9.099139213562012,,,,,,,,,,,,,,,,,,,,,,,,,,,,,,,,,,,,,,,,
14,2779,,,,,,,,,,,,,,,,,,,,,,,,,,,,,,,,,,,,,,,,,0.2979050576686859,0.33137747645378113,0.11581704765558243,0.15452638268470764,0.13073383271694183,0.4463495910167694,0.43787190318107605,0.28959688544273376,0.27573922276496887,0.4991331398487091,5.6833014488220215,5.637688636779785,4.030678749084473,4.6590495109558105,3.7668559551239014,8.722912788391113,6.898244380950928,4.840878009796143,4.183071136474609,8.410330772399902,,,,,,,,,,,7.411826133728027,6.37270450592041,4.903406620025635,5.464572429656982,5.173609256744385,10.827132225036621,10.827902793884277,6.3468122482299805,6.027990818023682,10.762308120727539,,,,,,,,,,,,,,,,,,,,,,,,,,,,,,,,,,,,,,,,
14,2784,,,,,,,,,,,,,,,,,,,,,,,,,,,,,,,,,,,,,,,,,0.30571284890174866,0.3583195209503174,0.19620604813098907,0.25415095686912537,0.34600603580474854,0.17989397048950195,0.2852269411087036,0.3736807405948639,0.5496969223022461,0.2082344889640808,6.435129642486572,5.580167293548584,5.584948539733887,6.558141708374023,6.863542079925537,5.4107465744018555,7.84668493270874,6.3577680587768555,7.768261432647705,5.94590425491333,,,,,,,,,,,7.413157939910889,6.626702785491943,6.382162094116211,7.008107662200928,8.416692733764648,6.873598575592041,8.739087104797363,7.20956563949585,8.51108455657959,6.951420307159424,,,,,,,,,,,,,,,,,,,,,,,,,,,,,,,,,,,,,,,,
14,2789,,,,,,,,,,,,,,,,,,,,,,,,,,,,,,,,,,,,,,,,,0.2202332615852356,0.22516563534736633,0.14833173155784607,0.20231559872627258,0.28127187490463257,0.19165945053100586,0.15248727798461914,0.11268313974142075,0.19444136321544647,0.47374317049980164,4.88690185546875,4.1319966316223145,4.556447982788086,4.963348388671875,5.316431045532227,5.251712322235107,4.345425128936768,2.8648369312286377,4.106267929077148,8.445650100708008,,,,,,,,,,,6.403799533843994,5.2530717849731445,5.549178123474121,6.252728462219238,7.588619709014893,7.094813823699951,6.389804840087891,3.959024429321289,5.061947345733643,10.485006332397461,,,,,,,,,,,,,,,,,,,,,,,,,,,,,,,,,,,,,,,,
14,2794,,,,,,,,,,,,,,,,,,,,,,,,,,,,,,,,,,,,,,,,,0.29568934440612793,0.7041909098625183,0.18952786922454834,0.05456222593784332,0.44733941555023193,0.12228769809007645,0.25706925988197327,0.0021487923804670572,0.16241686046123505,0.5883885025978088,5.5830817222595215,7.466001987457275,5.114425182342529,3.1956398487091064,7.941267013549805,4.273773670196533,6.9573259353637695,0.5467085838317871,3.7766833305358887,9.16950798034668,,,,,,,,,,,6.821891784667969,9.289823532104492,6.272608757019043,3.2471389770507812,9.570138931274414,5.667182922363281,8.296517372131348,0.5467085838317871,4.626353740692139,11.685015678405762,,,,,,,,,,,,,,,,,,,,,,,,,,,,,,,,,,,,,,,,
14,2799,,,,,,,,,,,,,,,,,,,,,,,,,,,,,,,,,,,,,,,,,0.4700008034706116,0.5604239702224731,0.5497884750366211,0.8586653470993042,0.7873546481132507,0.6375882029533386,0.22154583036899567,0.0322452113032341,0.22406187653541565,0.35833361744880676,6.8925251960754395,6.052893161773682,7.424213886260986,9.762154579162598,9.364777565002441,10.560266494750977,6.627192974090576,1.4375884532928467,4.592352867126465,6.211282730102539,,,,,,,,,,,9.095751762390137,8.287444114685059,10.683399200439453,12.881511688232422,12.696524620056152,12.940350532531738,7.701983451843262,2.1178314685821533,5.433845520019531,9.11886978149414,,,,,,,,,,,,,,,,,,,,,,,,,,,,,,,,,,,,,,,,
14,2804,,,,,,,,,,,,,,,,,,,,,,,,,,,,,,,,,,,,,,,,,0.5820649266242981,0.5106966495513916,0.27438271045684814,0.5871099829673767,0.5727977156639099,0.5952882766723633,0.4202406108379364,0.9051344990730286,1.0035419464111328,0.369391530752182,8.848743438720703,6.265894412994385,7.050427436828613,10.05005931854248,8.930108070373535,10.121959686279297,9.16333293914795,9.433168411254883,10.525083541870117,8.098652839660645,,,,,,,,,,,10.225521087646484,7.911226272583008,7.547272682189941,10.651595115661621,10.829297065734863,12.503728866577148,10.607666015625,11.220579147338867,11.4998197555542,9.258501052856445,,,,,,,,,,,,,,,,,,,,,,,,,,,,,,,,,,,,,,,,
14,2809,,,,,,,,,,,,,,,,,,,,,,,,,,,,,,,,,,,,,,,,,0.8270654678344727,0.7691531181335449,1.1449270248413086,0.7423335909843445,0.3529553711414337,0.44472262263298035,0.4135079085826874,1.2153412103652954,2.001598834991455,0.3590492606163025,9.383453369140625,7.370098114013672,13.15007495880127,8.083694458007812,6.199337959289551,8.088139533996582,8.17703628540039,10.348861694335938,16.237764358520508,6.7960734367370605,,,,,,,,,,,11.700495719909668,9.708870887756348,15.417025566101074,11.977176666259766,8.500794410705566,10.807380676269531,10.52234935760498,13.00192928314209,16.240962982177734,9.127969741821289,,,,,,,,,,,,,,,,,,,,,,,,,,,,,,,,,,,,,,,,
14,2814,,,,,,,,,,,,,,,,,,,,,,,,,,,,,,,,,,,,,,,,,0.41564640402793884,0.32550883293151855,0.24062800407409668,0.7775653600692749,0.45421820878982544,0.46052882075309753,0.285876601934433,0.16556201875209808,0.5997412204742432,0.4311882555484772,6.215782165527344,4.710744857788086,5.193781852722168,7.6694254875183105,5.98288631439209,8.281442642211914,5.812745094299316,3.3316948413848877,6.27570104598999,8.683615684509277,,,,,,,,,,,8.747124671936035,6.316021919250488,7.067808151245117,12.258105278015137,9.643438339233398,10.997760772705078,8.749035835266113,4.79887056350708,8.890071868896484,10.003008842468262,,,,,,,,,,,,,,,,,,,,,,,,,,,,,,,,,,,,,,,,
14,2819,,,,,,,,,,,,,,,,,,,,,,,,,,,,,,,,,,,,,,,,,0.28375837206840515,0.20061805844306946,0.4439884424209595,0.24322831630706787,0.26699501276016235,0.2579546570777893,0.12128706276416779,0.29426896572113037,0.26580843329429626,0.4596763849258423,6.012114524841309,4.001261234283447,8.01966667175293,6.375840187072754,5.892164707183838,7.4254302978515625,4.3486833572387695,5.040799140930176,4.925042152404785,8.080144882202148,,,,,,,,,,,7.264719486236572,4.958465099334717,9.600581169128418,6.855859279632568,7.393518924713135,8.230903625488281,5.698729038238525,6.3978047370910645,5.918445110321045,10.328167915344238,,,,,,,,,,,,,,,,,,,,,,,,,,,,,,,,,,,,,,,,
14,2824,,,,,,,,,,,,,,,,,,,,,,,,,,,,,,,,,,,,,,,,,0.43351367115974426,0.44048011302948,0.3279353380203247,0.16596712172031403,1.0287575721740723,0.35432881116867065,0.6550898551940918,0.3410150110721588,0.07185978442430496,0.5161892771720886,6.151889801025391,5.333834171295166,6.434549808502197,4.358170509338379,8.594449043273926,7.125277042388916,8.884360313415527,5.716292381286621,2.1375162601470947,6.782557964324951,,,,,,,,,,,8.84160041809082,7.347260475158691,8.250985145568848,5.663252353668213,14.51296615600586,9.646707534790039,13.244063377380371,6.887243747711182,3.0772745609283447,10.9446439743042,,,,,,,,,,,,,,,,,,,,,,,,,,,,,,,,,,,,,,,,
14,2829,,,,,,,,,,,,,,,,,,,,,,,,,,,,,,,,,,,,,,,,,0.4162690043449402,0.3188653588294983,0.2502894401550293,0.39364832639694214,0.2586776316165924,0.30175575613975525,0.6717869639396667,0.5931523442268372,0.3050267696380615,0.6532185077667236,6.8492255210876465,4.704418659210205,5.9100518226623535,6.476187229156494,5.658568382263184,7.2958984375,9.302478790283203,7.993611812591553,4.951487064361572,9.350323677062988,,,,,,,,,,,8.834244728088379,6.251236915588379,7.208301544189453,8.721858978271484,7.277447700500488,8.902328491210938,13.411784172058105,9.08326244354248,6.340044021606445,12.311938285827637,,,,,,,,,,,,,,,,,,,,,,,,,,,,,,,,,,,,,,,,
14,2834,,,,,,,,,,,,,,,,,,,,,,,,,,,,,,,,,,,,,,,,,0.257148802280426,0.15405043959617615,0.24364185333251953,0.12112590670585632,0.4304478168487549,0.3130110502243042,0.3170759081840515,0.17997974157333374,0.1921839863061905,0.36282235383987427,5.415560245513916,3.467991828918457,5.860060691833496,4.157934188842773,6.521708011627197,6.986320495605469,5.875939846038818,4.259037971496582,4.6045637130737305,7.006484031677246,,,,,,,,,,,7.01949405670166,4.3450398445129395,7.111932277679443,4.838083744049072,9.387715339660645,9.066835403442383,9.214089393615723,5.0034613609313965,5.032477855682373,9.175806999206543,,,,,,,,,,,,,,,,,,,,,,,,,,,,,,,,,,,,,,,,
14,2839,,,,,,,,,,,,,,,,,,,,,,,,,,,,,,,,,,,,,,,,,0.5545572638511658,0.7741101384162903,0.8656620979309082,0.10840584337711334,0.42046427726745605,0.38895124197006226,0.3268511891365051,0.7897319793701172,0.7595126032829285,0.5573262572288513,7.800398349761963,7.437850475311279,9.123029708862305,3.862250328063965,7.792945861816406,8.333547592163086,7.9541015625,8.550819396972656,8.767095565795898,8.381942749023438,,,,,,,,,,,9.813406944274902,9.740104675292969,13.405587196350098,4.577003479003906,9.278209686279297,10.107028007507324,9.355043411254883,10.480900764465332,10.004393577575684,11.372395515441895,,,,,,,,,,,,,,,,,,,,,,,,,,,,,,,,,,,,,,,,
14,2844,,,,,,,,,,,,,,,,,,,,,,,,,,,,,,,,,,,,,,,,,0.4058912694454193,0.28670746088027954,0.6849180459976196,0.6038603186607361,0.5182636976242065,0.23543807864189148,0.2641877233982086,0.3544360101222992,0.2992706298828125,0.4059392511844635,6.4980645179748535,4.4075446128845215,8.343095779418945,7.459491729736328,7.251204490661621,5.389052391052246,6.7640299797058105,5.931495189666748,5.4304351806640625,7.50623083114624,,,,,,,,,,,8.692938804626465,5.927639007568359,11.924247741699219,10.802471160888672,10.300897598266602,7.86346960067749,8.410602569580078,7.021463394165039,6.279938220977783,9.705718994140625,,,,,,,,,,,,,,,,,,,,,,,,,,,,,,,,,,,,,,,,
14,2849,,,,,,,,,,,,,,,,,,,,,,,,,,,,,,,,,,,,,,,,,0.2600470185279846,0.381937175989151,0.24401071667671204,0.19863204658031464,0.31810325384140015,0.15156126022338867,0.2470792531967163,0.22080692648887634,0.0686459019780159,0.5096467137336731,5.585383892059326,6.061938762664795,4.5633225440979,5.406104564666748,6.152860164642334,4.9299116134643555,6.81152868270874,4.784631252288818,2.4932758808135986,9.06488037109375,,,,,,,,,,,6.899136543273926,6.841609001159668,7.117313861846924,6.195545673370361,8.070189476013184,6.309137344360352,8.13371467590332,5.541981220245361,3.0076732635498047,10.8750638961792,,,,,,,,,,,,,,,,,,,,,,,,,,,,,,,,,,,,,,,,
14,2854,,,,,,,,,,,,,,,,,,,,,,,,,,,,,,,,,,,,,,,,,0.5273153185844421,0.5291048884391785,0.33229824900627136,0.16948039829730988,0.15653042495250702,0.6036909222602844,0.6590646505355835,0.37880298495292664,1.5545170307159424,0.3623480796813965,7.646174907684326,6.391678810119629,5.67515230178833,4.830603122711182,4.90958833694458,10.229601860046387,10.597447395324707,6.112437725067139,12.215517044067383,7.853548049926758,,,,,,,,,,,9.373260498046875,8.052544593811035,8.305689811706543,5.7228803634643555,5.66107702255249,12.591666221618652,13.284181594848633,7.258810043334961,14.312682151794434,9.169807434082031,,,,,,,,,,,,,,,,,,,,,,,,,,,,,,,,,,,,,,,,
14,2859,,,,,,,,,,,,,,,,,,,,,,,,,,,,,,,,,,,,,,,,,0.5397680401802063,0.472777396440506,0.6100857257843018,0.4023256003856659,0.938344419002533,0.3646363914012909,0.7692045569419861,0.4082685112953186,0.416670024394989,0.4755997657775879,8.12217903137207,5.820497512817383,10.682271003723145,6.987789630889893,10.108213424682617,7.570329666137695,11.201918601989746,6.349211692810059,6.5584797859191895,7.820896625518799,,,,,,,,,,,10.125844955444336,7.611856937408447,11.25400447845459,8.817464828491211,13.860560417175293,9.786014556884766,14.35131549835205,7.535839557647705,7.410019874572754,10.50553035736084,,,,,,,,,,,,,,,,,,,,,,,,,,,,,,,,,,,,,,,,
14,2864,,,,,,,,,,,,,,,,,,,,,,,,,,,,,,,,,,,,,,,,,0.37395966053009033,0.3413916230201721,0.1342616081237793,0.3548438847064972,0.257362961769104,0.38009747862815857,0.25696346163749695,0.3021289110183716,0.3313794732093811,1.0072073936462402,6.1026716232299805,4.510184288024902,3.838608503341675,5.420796871185303,6.273179054260254,7.402935981750488,6.2240471839904785,5.267578601837158,5.674318313598633,10.312396049499512,,,,,,,,,,,8.216973304748535,6.468278408050537,5.2794365882873535,8.280824661254883,7.258930683135986,9.991331100463867,8.294811248779297,6.482684135437012,6.6082444190979,15.288211822509766,,,,,,,,,,,,,,,,,,,,,,,,,,,,,,,,,,,,,,,,
14,2869,,,,,,,,,,,,,,,,,,,,,,,,,,,,,,,,,,,,,,,,,0.32550299167633057,0.8026546835899353,0.2487880140542984,0.2620316445827484,0.246464341878891,0.13331137597560883,0.267229825258255,0.395330011844635,0.24443462491035461,0.32928237318992615,6.042133808135986,7.679377555847168,6.341052055358887,5.383803844451904,5.515153408050537,4.864340305328369,6.096749305725098,6.563277244567871,4.3399434089660645,7.5955071449279785,,,,,,,,,,,7.503621578216553,9.918057441711426,7.186647891998291,7.115931510925293,7.103570461273193,5.917107582092285,8.458887100219727,7.415469169616699,5.675507068634033,8.741409301757812,,,,,,,,,,,,,,,,,,,,,,,,,,,,,,,,,,,,,,,,
14,2874,,,,,,,,,,,,,,,,,,,,,,,,,,,,,,,,,,,,,,,,,0.34385162591934204,0.21413013339042664,0.19362807273864746,0.1868172585964203,0.3649306297302246,0.4937793016433716,0.690517246723175,0.38183605670928955,0.25856003165245056,0.3104657530784607,6.2256999015808105,4.091750621795654,5.369070053100586,5.408018112182617,6.81149435043335,8.051295280456543,9.319368362426758,6.430057525634766,4.244633674621582,6.305611610412598,,,,,,,,,,,8.079266548156738,5.1227264404296875,6.3400959968566895,6.008462905883789,8.643802642822266,11.38786506652832,13.597467422485352,7.287811756134033,5.837192535400391,8.487974166870117,,,,,,,,,,,,,,,,,,,,,,,,,,,,,,,,,,,,,,,,
14,2879,,,,,,,,,,,,,,,,,,,,,,,,,,,,,,,,,,,,,,,,,0.42934685945510864,0.1800592988729477,0.2426294982433319,0.2623600363731384,0.4234611690044403,0.628224790096283,0.3737011253833771,0.6653344631195068,0.5814455151557922,0.506905734539032,7.150234699249268,3.821225881576538,6.256357669830322,5.82312536239624,7.573421478271484,9.6444091796875,7.904951095581055,8.448028564453125,6.30367374420166,8.576924324035645,,,,,,,,,,,8.921512603759766,4.697535037994385,7.097141742706299,7.120388984680176,9.311216354370117,12.844979286193848,10.003063201904297,9.620080947875977,8.75342082977295,10.845780372619629,,,,,,,,,,,,,,,,,,,,,,,,,,,,,,,,,,,,,,,,
14,2884,,,,,,,,,,,,,,,,,,,,,,,,,,,,,,,,,,,,,,,,,0.5293663144111633,0.19907812774181366,1.0150192975997925,0.3333476483821869,0.9071781039237976,0.3501732349395752,0.6908348202705383,0.8876223564147949,0.0720386803150177,0.30900439620018005,7.0907883644104,3.884880542755127,9.919041633605957,6.680963039398193,9.670905113220215,7.392455101013184,9.641024589538574,8.317508697509766,2.1678626537323,6.142453193664551,,,,,,,,,,,9.662346839904785,4.939398288726807,14.51606273651123,8.026081085205078,13.628434181213379,9.589972496032715,13.600593566894531,11.111503601074219,3.0811026096343994,8.467974662780762,,,,,,,,,,,,,,,,,,,,,,,,,,,,,,,,,,,,,,,,
14,2889,,,,,,,,,,,,,,,,,,,,,,,,,,,,,,,,,,,,,,,,,0.3442801833152771,0.1382206678390503,0.08743146806955338,0.6925467848777771,0.5299594402313232,0.4678332209587097,0.2974744737148285,0.43003982305526733,0.21405655145645142,0.2409592866897583,5.956479549407959,3.53376841545105,3.3661715984344482,8.08884334564209,8.25919246673584,7.4809746742248535,6.723300457000732,5.957776069641113,4.107724189758301,6.090561866760254,,,,,,,,,,,7.877058982849121,4.115747928619385,4.260352611541748,11.568564414978027,10.41648006439209,11.084634780883789,8.9247407913208,7.734158039093018,5.311137676239014,7.477717399597168,,,,,,,,,,,,,,,,,,,,,,,,,,,,,,,,,,,,,,,,
14,2894,,,,,,,,,,,,,,,,,,,,,,,,,,,,,,,,,,,,,,,,,0.22219423949718475,0.22226271033287048,0.13857874274253845,0.10934823751449585,0.18073980510234833,0.22429177165031433,0.19114719331264496,0.43277740478515625,0.34880027174949646,0.15180182456970215,5.222021102905273,4.166961193084717,4.095794200897217,4.066214561462402,5.436930179595947,6.634281635284424,6.308986186981201,6.114606857299805,5.606243133544922,4.568169593811035,,,,,,,,,,,6.285061359405518,5.219099521636963,5.363644123077393,4.5968546867370605,6.083122253417969,7.675073623657227,7.154096603393555,7.758737564086914,6.77971887588501,5.935204982757568,,,,,,,,,,,,,,,,,,,,,,,,,,,,,,,,,,,,,,,,
14,2899,,,,,,,,,,,,,,,,,,,,,,,,,,,,,,,,,,,,,,,,,0.34463560581207275,0.291484534740448,0.148576557636261,0.31992027163505554,0.4334697127342224,0.5077950358390808,0.17263732850551605,1.0375986099243164,0.0982997789978981,0.0919385701417923,5.573635578155518,4.341583728790283,4.479750633239746,5.5242509841918945,7.158108234405518,8.881428718566895,5.25141716003418,7.971908092498779,2.789161443710327,3.7651114463806152,,,,,,,,,,,7.488104343414307,5.976818084716797,5.553755760192871,7.862773895263672,9.420608520507812,11.54835319519043,6.798892021179199,12.013607025146484,3.599146842956543,4.618980407714844,,,,,,,,,,,,,,,,,,,,,,,,,,,,,,,,,,,,,,,,
14,2904,,,,,,,,,,,,,,,,,,,,,,,,,,,,,,,,,,,,,,,,,0.37413638830184937,0.4398280680179596,0.28248587250709534,0.1358182728290558,0.6569043397903442,0.5265291333198547,0.2981690466403961,0.12954513728618622,0.5527793169021606,0.34516820311546326,6.591531276702881,5.940278053283691,5.6772637367248535,4.361545085906982,9.142988204956055,9.500229835510254,6.8308210372924805,3.4885847568511963,7.012714862823486,7.369354248046875,,,,,,,,,,,8.23824405670166,7.341819763183594,7.657905578613281,5.123113632202148,11.597135543823242,11.759451866149902,8.935154914855957,4.244917869567871,8.53491497039795,8.949785232543945,,,,,,,,,,,,,,,,,,,,,,,,,,,,,,,,,,,,,,,,
14,2909,,,,,,,,,,,,,,,,,,,,,,,,,,,,,,,,,,,,,,,,,0.40783214569091797,0.39472663402557373,0.45376482605934143,0.1989743560552597,0.7034937143325806,0.3110029399394989,0.5305967926979065,0.2415071725845337,0.6339581608772278,0.20246481895446777,7.061537265777588,5.090007305145264,8.506803512573242,4.7242817878723145,9.110301971435547,7.829638957977295,9.985054016113281,4.768184661865234,7.408613681793213,6.130949974060059,,,,,,,,,,,8.623416900634766,6.955214023590088,9.705704689025879,6.200881481170654,12.001341819763184,9.037703514099121,11.919363975524902,5.795937538146973,9.140155792236328,6.854439735412598,,,,,,,,,,,,,,,,,,,,,,,,,,,,,,,,,,,,,,,,
14,2909,,,,,,,,,,,,,,,,,,,,,,,,,,,,,,,,,,,,,,,,,,,,,,,,,,,6.511746883392334,5.248379230499268,6.44189453125,6.264263153076172,6.761966705322266,8.190610885620117,7.1534295082092285,5.656096458435059,5.671719551086426,7.217362403869629,0.5850181579589844,0.5827367305755615,0.6449788808822632,0.6496269702911377,0.5843262076377869,0.491767942905426,0.5772780179977417,0.6009814143180847,0.5733793377876282,0.5600879192352295,8.591362953186035,6.967283725738525,8.453987121582031,8.195741653442383,9.046310424804688,10.879679679870605,9.587169647216797,7.360174655914307,7.406015396118164,9.42590045928955,0.5041143298149109,0.5605897307395935,0.5439140200614929,0.36625754833221436,0.5362436175346375,0.6124889254570007,0.419118195772171,0.5019225478172302,0.5256602764129639,0.4708339273929596,7.265309810638428,5.626526832580566,7.478695869445801,6.407852649688721,8.116681098937988,9.555037498474121,7.919320583343506,6.0587568283081055,6.462655544281006,7.762260913848877,0.4588161110877991,0.4266355037689209,0.5972028970718384,0.6061137914657593,0.35787564516067505,0.44773656129837036,0.5742241144180298,0.28726160526275635,0.2899458408355713,0.5423488616943359,9.786602020263672,8.378758430480957,9.73034954071045,9.323714256286621,10.841883659362793,12.77698802947998,10.431465148925781,7.870733261108398,8.568832397460938,10.156689643859863
15,2914,,,,,,,,,,,,,,,,,,,,,,,,,,,,,,,,,,,,,,,,,0.29109102487564087,0.19377091526985168,0.27473515272140503,0.4964280426502228,0.32533490657806396,0.257973313331604,0.373719185590744,0.07545685023069382,0.12131145596504211,0.5010892152786255,6.286165714263916,3.43936824798584,6.1550188064575195,8.14155387878418,6.7185821533203125,7.304742336273193,9.187691688537598,2.8203516006469727,3.309885025024414,9.49830150604248,,,,,,,,,,,7.404117107391357,4.873114109039307,7.552118301391602,9.794516563415527,8.161405563354492,8.231201171875,10.003304481506348,3.2397243976593018,3.998289108276367,10.78337574005127,,,,,,,,,,,,,,,,,,,,,,,,,,,,,,,,,,,,,,,,
15,2919,,,,,,,,,,,,,,,,,,,,,,,,,,,,,,,,,,,,,,,,,0.3832453787326813,0.32626304030418396,0.42510759830474854,0.22073407471179962,0.394235223531723,0.38389360904693604,0.3417697846889496,0.4861985146999359,0.4196822941303253,0.4513242840766907,6.939964771270752,5.110376834869385,7.258351802825928,5.556174278259277,7.566880702972412,8.142313003540039,7.836722373962402,7.245868682861328,5.728877544403076,8.014115333557129,,,,,,,,,,,8.52605152130127,6.32333517074585,9.394227027893066,6.531148433685303,8.98415756225586,10.041099548339844,9.56615924835205,8.22366714477539,7.436757564544678,10.233908653259277,,,,,,,,,,,,,,,,,,,,,,,,,,,,,,,,,,,,,,,,
15,2924,,,,,,,,,,,,,,,,,,,,,,,,,,,,,,,,,,,,,,,,,0.21310681104660034,0.1949407160282135,0.15323972702026367,0.2140992432832718,0.2039755880832672,0.24467748403549194,0.44383126497268677,0.013799112290143967,0.09280329197645187,0.3565947711467743,4.850417137145996,4.075915813446045,4.553554058074951,4.684422969818115,5.1619439125061035,5.553020000457764,7.3266072273254395,1.38389253616333,2.8703291416168213,8.044069290161133,,,,,,,,,,,6.257715702056885,4.887801170349121,5.640237331390381,6.432243347167969,6.462324142456055,8.016279220581055,10.901335716247559,1.38542902469635,3.497075319290161,9.09671688079834,,,,,,,,,,,,,,,,,,,,,,,,,,,,,,,,,,,,,,,,
15,2929,,,,,,,,,,,,,,,,,,,,,,,,,,,,,,,,,,,,,,,,,0.38352274894714355,0.31450560688972473,0.4998302459716797,0.09246987104415894,0.36010226607322693,0.2884768843650818,0.3175431191921234,0.4352450370788574,0.06964273750782013,1.0738890171051025,6.380800724029541,5.199252605438232,7.7918548583984375,3.586195230484009,5.1160688400268555,7.2268195152282715,6.601566791534424,6.956643581390381,2.382675886154175,12.56612777709961,,,,,,,,,,,8.19222354888916,6.208353519439697,10.18645191192627,4.227221965789795,8.58642864227295,8.70425033569336,9.22087574005127,7.780825614929199,3.0294320583343506,15.786174774169922,,,,,,,,,,,,,,,,,,,,,,,,,,,,,,,,,,,,,,,,
15,2934,,,,,,,,,,,,,,,,,,,,,,,,,,,,,,,,,,,,,,,,,0.710117757320404,0.4835587441921234,0.6425340175628662,1.04537832736969,0.7924162149429321,0.6495973467826843,1.1168098449707031,0.590347170829773,0.5925557017326355,0.4778626263141632,9.38870906829834,6.063789367675781,9.289278984069824,12.329693794250488,9.935805320739746,10.485636711120605,12.549922943115234,7.424439430236816,8.154397010803223,8.265423774719238,,,,,,,,,,,11.664576530456543,7.698159694671631,11.549407005310059,14.2131929397583,12.737269401550293,13.061647415161133,17.292606353759766,9.061758041381836,8.836654663085938,10.53049373626709,,,,,,,,,,,,,,,,,,,,,,,,,,,,,,,,,,,,,,,,
15,2939,,,,,,,,,,,,,,,,,,,,,,,,,,,,,,,,,,,,,,,,,0.27258050441741943,0.3554750382900238,0.2106667160987854,0.23053202033042908,0.06408167630434036,0.304680734872818,0.32485002279281616,0.3990890383720398,0.27817392349243164,0.2856752872467041,5.494987487792969,5.09932279586792,5.482110023498535,5.298382759094238,2.9510626792907715,7.149374485015869,6.264046669006348,5.552256107330322,5.084099292755127,6.574232578277588,,,,,,,,,,,7.047684192657471,6.600347995758057,6.613168716430664,6.674527645111084,3.6221513748168945,8.945371627807617,9.326360702514648,7.4506402015686035,6.054544925689697,8.142045974731445,,,,,,,,,,,,,,,,,,,,,,,,,,,,,,,,,,,,,,,,
15,2944,,,,,,,,,,,,,,,,,,,,,,,,,,,,,,,,,,,,,,,,,0.25997984409332275,0.20846116542816162,0.2517995238304138,0.18201950192451477,0.34536561369895935,0.23102019727230072,0.31018123030662537,0.08487146347761154,0.34890374541282654,0.37719592452049255,5.401742935180664,4.060544490814209,5.759313106536865,4.25413179397583,6.842079162597656,6.165502071380615,6.6423444747924805,2.9432952404022217,5.382381916046143,6.566092491149902,,,,,,,,,,,7.011032581329346,5.0544610023498535,7.230013370513916,5.930807590484619,8.408900260925293,7.789342880249023,9.113360404968262,3.435892343521118,6.780725002288818,9.355793952941895,,,,,,,,,,,,,,,,,,,,,,,,,,,,,,,,,,,,,,,,
15,2949,,,,,,,,,,,,,,,,,,,,,,,,,,,,,,,,,,,,,,,,,0.40075385570526123,0.4190526604652405,0.5146022439002991,0.2061103731393814,0.272634357213974,0.4254080653190613,0.5969589352607727,0.44399166107177734,0.5159530639648438,0.2120731770992279,6.701770305633545,6.121334552764893,7.327834606170654,4.603331089019775,5.564976215362549,8.75008773803711,9.464091300964355,5.985398769378662,6.889185905456543,5.6096906661987305,,,,,,,,,,,8.624101638793945,7.16632604598999,10.335881233215332,6.31109619140625,7.471192359924316,10.570091247558594,12.642791748046875,7.858616352081299,8.245716094970703,7.015200138092041,,,,,,,,,,,,,,,,,,,,,,,,,,,,,,,,,,,,,,,,
15,2954,,,,,,,,,,,,,,,,,,,,,,,,,,,,,,,,,,,,,,,,,0.3500894606113434,0.35349592566490173,0.13765420019626617,0.07120448350906372,0.3451807498931885,0.6518504619598389,0.22861069440841675,0.33655402064323425,0.6508411765098572,0.3754134178161621,6.719563007354736,4.993783950805664,4.741702079772949,3.437265396118164,6.4458909034729,10.11197566986084,6.699639320373535,6.533975601196289,8.719038963317871,8.792794227600098,,,,,,,,,,,7.82096004486084,6.581948280334473,5.345722198486328,3.709441661834717,8.406648635864258,13.084280967712402,7.823823928833008,6.842047691345215,9.261062622070312,9.333662986755371,,,,,,,,,,,,,,,,,,,,,,,,,,,,,,,,,,,,,,,,
15,2959,,,,,,,,,,,,,,,,,,,,,,,,,,,,,,,,,,,,,,,,,0.4587048888206482,0.3918648958206177,0.27350395917892456,0.33236706256866455,0.28430935740470886,0.564193606376648,0.20095959305763245,1.218815565109253,0.3338444232940674,0.5284856557846069,7.458577632904053,5.842765808105469,7.4802165031433105,6.866565227508545,5.699314594268799,10.152155876159668,5.464967250823975,10.761860847473145,5.312826156616211,9.546528816223145,,,,,,,,,,,8.927178382873535,6.92995548248291,7.535177230834961,8.014267921447754,7.629485130310059,12.172784805297852,7.335423469543457,13.020501136779785,6.632777214050293,11.074235916137695,,,,,,,,,,,,,,,,,,,,,,,,,,,,,,,,,,,,,,,,
15,2964,,,,,,,,,,,,,,,,,,,,,,,,,,,,,,,,,,,,,,,,,0.23776181042194366,0.32394975423812866,0.15369239449501038,0.041259765625,0.3522823750972748,0.29684215784072876,0.20619142055511475,0.1371423602104187,0.21665264666080475,0.41184350848197937,5.079533576965332,5.388845443725586,3.6487672328948975,2.5314009189605713,5.753937244415283,6.910426616668701,5.443201065063477,3.888806104660034,4.228266716003418,7.922149658203125,,,,,,,,,,,6.556953430175781,6.300878524780273,5.648561477661133,2.823697805404663,8.49268627166748,8.829551696777344,7.430294990539551,4.367616653442383,5.343247413635254,9.776047706604004,,,,,,,,,,,,,,,,,,,,,,,,,,,,,,,,,,,,,,,,
15,2969,,,,,,,,,,,,,,,,,,,,,,,,,,,,,,,,,,,,,,,,,0.5812329053878784,0.4134886562824249,1.1119593381881714,0.6693150401115417,0.4811248183250427,0.3970869183540344,0.6821869015693665,0.7301211357116699,0.5407245755195618,0.20508910715579987,7.752307415008545,5.465071678161621,10.40756607055664,10.156338691711426,8.001801490783691,7.9880876541137695,10.237841606140137,5.777400970458984,6.611179351806641,5.125477313995361,,,,,,,,,,,10.306097984313965,7.11859130859375,15.193440437316895,11.372873306274414,9.92495346069336,10.21218490600586,13.5152006149292,10.077579498291016,8.441339492797852,6.898719310760498,,,,,,,,,,,,,,,,,,,,,,,,,,,,,,,,,,,,,,,,
15,2974,,,,,,,,,,,,,,,,,,,,,,,,,,,,,,,,,,,,,,,,,0.27894189953804016,0.21578022837638855,0.47031956911087036,0.13944147527217865,0.25838401913642883,0.1172698438167572,0.26888540387153625,0.5342792868614197,0.11449257284402847,0.3916247487068176,5.809836387634277,4.296751022338867,8.482784271240234,4.418699264526367,5.664371967315674,4.3952178955078125,6.9645819664001465,7.583531379699707,3.216480255126953,7.266110420227051,,,,,,,,,,,7.062300682067871,5.142426490783691,9.881165504455566,5.190998077392578,7.273316383361816,5.549693584442139,8.485050201416016,8.620706558227539,3.8842928409576416,9.533058166503906,,,,,,,,,,,,,,,,,,,,,,,,,,,,,,,,,,,,,,,,
15,2979,,,,,,,,,,,,,,,,,,,,,,,,,,,,,,,,,,,,,,,,,0.26063069701194763,0.5081287622451782,0.3339889645576477,0.08536374568939209,0.1837994009256363,0.39069417119026184,0.3088337779045105,0.031593210995197296,0.03604288399219513,0.46723130345344543,5.322109699249268,6.595114707946777,6.433465003967285,3.1581053733825684,5.09016752243042,8.153992652893066,7.352434158325195,1.7089179754257202,1.7163057327270508,7.6904826164245605,,,,,,,,,,,6.702847003936768,7.8913116455078125,8.326791763305664,4.061548233032227,6.13439416885376,10.129647254943848,9.093544006347656,2.096310615539551,2.179380416870117,10.412694931030273,,,,,,,,,,,,,,,,,,,,,,,,,,,,,,,,,,,,,,,,
15,2984,,,,,,,,,,,,,,,,,,,,,,,,,,,,,,,,,,,,,,,,,0.3801008462905884,0.4081084430217743,0.39987635612487793,0.13372445106506348,0.5863057374954224,0.35274040699005127,0.24739471077919006,0.3175826668739319,0.6336864233016968,0.341488242149353,6.88859224319458,5.833259582519531,6.474981784820557,4.5347466468811035,9.215814590454102,7.36660099029541,6.578747272491455,6.3753180503845215,8.21104907989502,7.406813144683838,,,,,,,,,,,8.297060012817383,7.072126865386963,9.111177444458008,5.083470344543457,10.956244468688965,9.62506103515625,8.13890552520752,6.64640998840332,9.13819694519043,8.901948928833008,,,,,,,,,,,,,,,,,,,,,,,,,,,,,,,,,,,,,,,,
15,2989,,,,,,,,,,,,,,,,,,,,,,,,,,,,,,,,,,,,,,,,,0.48356321454048157,0.18550829589366913,0.3635837137699127,0.9888057708740234,0.48071545362472534,0.3400198221206665,0.8063108325004578,0.581787109375,0.19049005210399628,0.41484758257865906,7.303986549377441,3.7518956661224365,7.297111511230469,10.322998046875,8.066429138183594,7.327366352081299,11.07147216796875,7.1778883934021,3.4105186462402344,7.3101983070373535,,,,,,,,,,,9.46233081817627,4.768084526062012,8.687881469726562,13.823256492614746,9.920730590820312,9.449915885925293,14.693391799926758,8.995820999145508,5.010250568389893,9.811636924743652,,,,,,,,,,,,,,,,,,,,,,,,,,,,,,,,,,,,,,,,
15,2994,,,,,,,,,,,,,,,,,,,,,,,,,,,,,,,,,,,,,,,,,0.3389210104942322,0.7637592554092407,0.3444207012653351,0.24023544788360596,0.08839293569326401,0.3362027108669281,0.176486536860466,0.16790632903575897,0.3680109679698944,0.5648740530014038,5.608791828155518,5.593169212341309,7.009790897369385,5.134436130523682,3.5874855518341064,6.68015718460083,5.004748344421387,3.9094793796539307,4.680370807647705,8.879487991333008,,,,,,,,,,,7.635004043579102,9.67476749420166,8.455830574035645,6.813549041748047,4.2541069984436035,9.396723747253418,6.874269485473633,4.832726955413818,6.963918685913086,11.44914436340332,,,,,,,,,,,,,,,,,,,,,,,,,,,,,,,,,,,,,,,,
15,2999,,,,,,,,,,,,,,,,,,,,,,,,,,,,,,,,,,,,,,,,,0.3373982906341553,0.2696598768234253,0.4782525897026062,0.3427017033100128,0.38210755586624146,0.6220148205757141,0.44591522216796875,0.07208899408578873,0.26762115955352783,0.15622279047966003,6.044539928436279,4.736441135406494,6.7713727951049805,7.178699016571045,6.396631240844727,9.678351402282715,7.888212203979492,2.7736172676086426,4.132804870605469,4.844730854034424,,,,,,,,,,,7.947788715362549,5.748710632324219,9.964151382446289,8.13791275024414,8.844890594482422,12.781335830688477,10.926898956298828,3.166599750518799,5.938592433929443,6.021010875701904,,,,,,,,,,,,,,,,,,,,,,,,,,,,,,,,,,,,,,,,
15,3004,,,,,,,,,,,,,,,,,,,,,,,,,,,,,,,,,,,,,,,,,0.35260477662086487,0.3199346959590912,0.2632281482219696,0.35927820205688477,0.19831939041614532,0.5929827094078064,0.39198943972587585,0.4841301143169403,0.2756917178630829,0.28788846731185913,6.51641321182251,4.551623821258545,6.329501628875732,6.159416675567627,5.297128677368164,10.013083457946777,7.984459400177002,6.747488498687744,4.641754627227783,6.9232587814331055,,,,,,,,,,,8.165558815002441,6.261709690093994,7.392270088195801,8.332404136657715,6.372094631195068,12.479490280151367,10.244906425476074,8.206155776977539,6.02747106552124,8.173523902893066,,,,,,,,,,,,,,,,,,,,,,,,,,,,,,,,,,,,,,,,
15,3009,,,,,,,,,,,,,,,,,,,,,,,,,,,,,,,,,,,,,,,,,0.3990563154220581,0.3836876153945923,0.5673993825912476,0.44680142402648926,0.3316945433616638,0.3457978367805481,0.43595948815345764,0.30621764063835144,0.4304494559764862,0.3434992730617523,6.879703998565674,5.106227874755859,8.876947402954102,7.537990570068359,7.000481605529785,7.847615718841553,8.382577896118164,4.735755443572998,5.741200923919678,6.688539505004883,,,,,,,,,,,8.729273796081543,6.857268810272217,10.853157043457031,9.29206371307373,8.240790367126465,9.529870986938477,10.804231643676758,6.526401996612549,7.531550407409668,8.928121566772461,,,,,,,,,,,,,,,,,,,,,,,,,,,,,,,,,,,,,,,,
15,3014,,,,,,,,,,,,,,,,,,,,,,,,,,,,,,,,,,,,,,,,,0.4392075538635254,0.8827834725379944,0.8368773460388184,0.35153889656066895,0.2949254810810089,0.3346759080886841,0.425169974565506,0.41657060384750366,0.061215437948703766,0.34911081194877625,7.128634929656982,8.240080833435059,12.56885051727295,6.090150833129883,6.577449321746826,6.60617733001709,8.576024055480957,5.2789306640625,2.6661159992218018,7.55393648147583,,,,,,,,,,,8.78812026977539,10.401341438293457,13.180824279785156,8.242171287536621,7.770622253417969,9.375362396240234,10.669696807861328,7.612075328826904,2.8402316570281982,9.000753402709961,,,,,,,,,,,,,,,,,,,,,,,,,,,,,,,,,,,,,,,,
15,3019,,,,,,,,,,,,,,,,,,,,,,,,,,,,,,,,,,,,,,,,,0.4742009937763214,0.4015321433544159,0.37073564529418945,0.750366747379303,0.5558938384056091,0.3026813864707947,0.4668973386287689,0.30601322650909424,0.9148129820823669,0.19887569546699524,7.305643558502197,6.148465156555176,6.429315567016602,9.746994018554688,7.288092136383057,7.138058185577393,8.464652061462402,5.780534267425537,9.1951322555542,5.559550762176514,,,,,,,,,,,9.210249900817871,7.014915466308594,8.772912979125977,12.041807174682617,10.668309211730957,8.915972709655762,11.181021690368652,6.524223327636719,10.979674339294434,6.7934136390686035,,,,,,,,,,,,,,,,,,,,,,,,,,,,,,,,,,,,,,,,
15,3024,,,,,,,,,,,,,,,,,,,,,,,,,,,,,,,,,,,,,,,,,0.3777974843978882,0.8249497413635254,0.20379269123077393,0.29193365573883057,0.39813804626464844,0.48730528354644775,0.2895105481147766,0.44989246129989624,0.22101545333862305,0.23363946378231049,6.793525695800781,6.683276176452637,5.646855354309082,7.055352210998535,7.741010665893555,9.433023452758789,8.172882080078125,6.436837673187256,4.6588664054870605,5.313626289367676,,,,,,,,,,,8.209653854370117,10.05486011505127,6.50438117980957,7.510986804962158,9.028517723083496,11.31296443939209,8.804466247558594,7.910666465759277,5.396778583526611,7.363262176513672,,,,,,,,,,,,,,,,,,,,,,,,,,,,,,,,,,,,,,,,
15,3029,,,,,,,,,,,,,,,,,,,,,,,,,,,,,,,,,,,,,,,,,0.44249725341796875,0.5814576148986816,0.29345351457595825,0.36010071635246277,0.5940537452697754,0.3518327474594116,0.3779052197933197,0.3744369447231293,0.6707193851470947,0.3785153329372406,7.243841648101807,7.516575336456299,6.583828926086426,6.750242710113525,8.138081550598145,7.813804626464844,8.418673515319824,5.910428524017334,6.283271312713623,7.779663562774658,,,,,,,,,,,9.03103256225586,8.441532135009766,7.805151462554932,8.341936111450195,11.028400421142578,9.612668991088867,10.059171676635742,7.216856956481934,9.401426315307617,9.372143745422363,,,,,,,,,,,,,,,,,,,,,,,,,,,,,,,,,,,,,,,,
15,3034,,,,,,,,,,,,,,,,,,,,,,,,,,,,,,,,,,,,,,,,,0.4736180901527405,0.4855180084705353,0.5413162112236023,0.10537996888160706,0.2712739109992981,0.16691520810127258,1.089362382888794,0.5287203192710876,0.5092266798019409,0.5648502707481384,7.489554405212402,6.831614017486572,9.434043884277344,3.7895073890686035,6.707583904266357,5.8059773445129395,12.474058151245117,6.499488830566406,7.412656307220459,8.451054573059082,,,,,,,,,,,9.132882118225098,7.713738918304443,10.600763320922852,4.512673854827881,7.452528953552246,6.6210036277771,17.078786849975586,8.575742721557617,8.191790580749512,11.448904037475586,,,,,,,,,,,,,,,,,,,,,,,,,,,,,,,,,,,,,,,,
15,3039,,,,,,,,,,,,,,,,,,,,,,,,,,,,,,,,,,,,,,,,,0.4052094519138336,0.394042044878006,0.3353188931941986,0.3287963271141052,0.31147444248199463,0.32798561453819275,0.3338363766670227,0.4681937098503113,0.7235816717147827,0.42365580797195435,7.497200965881348,5.784769535064697,7.459959506988525,7.373240947723389,6.93848180770874,7.200658321380615,7.5855584144592285,7.513304233551025,9.165258407592773,8.453574180603027,,,,,,,,,,,8.637228965759277,6.949179649353027,8.343354225158691,7.971101760864258,7.985660076141357,9.281181335449219,9.454480171203613,8.069962501525879,9.764883995056152,9.915252685546875,,,,,,,,,,,,,,,,,,,,,,,,,,,,,,,,,,,,,,,,
15,3044,,,,,,,,,,,,,,,,,,,,,,,,,,,,,,,,,,,,,,,,,0.21365080773830414,0.16153311729431152,0.16958297789096832,0.27156373858451843,0.2739851176738739,0.2737896740436554,0.23667019605636597,0.1564273238182068,0.1609068214893341,0.218398317694664,5.189939498901367,3.9391045570373535,4.280672073364258,6.027878761291504,5.87929105758667,7.0912041664123535,5.760225296020508,4.021167278289795,4.32225227355957,5.38765811920166,,,,,,,,,,,6.4383721351623535,4.449314117431641,5.9333882331848145,7.244205951690674,7.489677429199219,8.479776382446289,7.960540771484375,4.66460657119751,4.60479736328125,7.119047164916992,,,,,,,,,,,,,,,,,,,,,,,,,,,,,,,,,,,,,,,,
15,3049,,,,,,,,,,,,,,,,,,,,,,,,,,,,,,,,,,,,,,,,,0.2839513421058655,0.42719799280166626,0.13197001814842224,0.3330603241920471,0.2979850471019745,0.2516706883907318,0.15844638645648956,0.2197926938533783,0.3616121709346771,0.3738267719745636,5.7358622550964355,5.506649494171143,3.6681082248687744,7.454036712646484,5.816726207733154,6.714583396911621,5.424919128417969,5.141664505004883,5.504478454589844,6.391594409942627,,,,,,,,,,,7.188114643096924,7.235638618469238,5.234188079833984,8.022622108459473,7.810824394226074,8.130030632019043,6.513463497161865,5.529238700866699,6.903110980987549,9.31391716003418,,,,,,,,,,,,,,,,,,,,,,,,,,,,,,,,,,,,,,,,
15,3054,,,,,,,,,,,,,,,,,,,,,,,,,,,,,,,,,,,,,,,,,0.274305135011673,0.45378023386001587,0.14806294441223145,0.3404354453086853,0.3522164523601532,0.3681241273880005,0.21590781211853027,0.23556220531463623,0.09253945201635361,0.2621173858642578,5.8730149269104,6.221456050872803,5.047921180725098,6.927133560180664,7.801527500152588,6.615212440490723,5.866492748260498,4.8675384521484375,2.9450149536132812,6.5648393630981445,,,,,,,,,,,7.1173095703125,7.457359313964844,5.5441484451293945,8.110960960388184,8.49189281463623,9.832704544067383,7.603349208831787,5.724156856536865,3.492100477218628,7.799111366271973,,,,,,,,,,,,,,,,,,,,,,,,,,,,,,,,,,,,,,,,
15,3059,,,,,,,,,,,,,,,,,,,,,,,,,,,,,,,,,,,,,,,,,0.39742836356163025,0.4381123483181,0.5260103344917297,0.17930662631988525,0.2751268744468689,0.4466411769390106,0.6214695572853088,0.3907558023929596,0.3393859267234802,0.36004638671875,7.229972839355469,5.9119696617126465,8.940439224243164,4.7009053230285645,6.128922939300537,9.217848777770996,10.616823196411133,6.006198883056641,6.224307537078857,7.3223395347595215,,,,,,,,,,,8.677788734436035,7.327486038208008,10.44981861114502,5.886445045471191,7.50526762008667,10.830668449401855,12.89973258972168,7.372443675994873,6.68759822845459,9.140636444091797,,,,,,,,,,,,,,,,,,,,,,,,,,,,,,,,,,,,,,,,
15,3064,,,,,,,,,,,,,,,,,,,,,,,,,,,,,,,,,,,,,,,,,0.3200797140598297,0.5748753547668457,0.2666342556476593,0.06423244625329971,0.1979672759771347,0.5803303122520447,0.4632265567779541,0.19085793197155,0.23409348726272583,0.3084994852542877,5.84832763671875,5.959033489227295,5.869663715362549,2.4389421939849854,5.0038533210754395,9.660754203796387,8.441415786743164,4.194551944732666,3.692034959793091,7.374701023101807,,,,,,,,,,,7.597047805786133,8.39361572265625,7.439943790435791,3.5231571197509766,6.366435527801514,12.345637321472168,11.136981964111328,5.1524505615234375,5.554154872894287,8.461052894592285,,,,,,,,,,,,,,,,,,,,,,,,,,,,,,,,,,,,,,,,
15,3069,,,,,,,,,,,,,,,,,,,,,,,,,,,,,,,,,,,,,,,,,0.3239386975765228,0.22564059495925903,0.20858803391456604,0.3132862150669098,0.16379687190055847,0.6720442175865173,0.09535450488328934,0.4002695083618164,0.5877514481544495,0.24871687591075897,5.86838960647583,4.5098958015441895,5.405699729919434,5.02458381652832,4.9134840965271,9.847412109375,3.908726930618286,5.678872585296631,7.378135681152344,6.14869499206543,,,,,,,,,,,7.512081623077393,5.258609294891357,6.580461502075195,7.78082275390625,5.790985107421875,13.285404205322266,5.052908420562744,7.46165132522583,8.800759315490723,7.597135066986084,,,,,,,,,,,,,,,,,,,,,,,,,,,,,,,,,,,,,,,,
15,3074,,,,,,,,,,,,,,,,,,,,,,,,,,,,,,,,,,,,,,,,,0.3277658522129059,0.36092498898506165,0.33102309703826904,0.4653770625591278,0.25929489731788635,0.4209238886833191,0.31205594539642334,0.23555535078048706,0.35162484645843506,0.21311254799365997,6.5838165283203125,5.0240325927734375,6.973813533782959,7.748130798339844,5.722323894500732,9.491720199584961,7.4645466804504395,5.173460960388184,5.797726631164551,5.858595848083496,,,,,,,,,,,7.880947589874268,6.650752067565918,8.289738655090332,9.483254432678223,7.286125659942627,10.51423454284668,9.14085865020752,5.72407341003418,6.807115077972412,7.032370090484619,,,,,,,,,,,,,,,,,,,,,,,,,,,,,,,,,,,,,,,,
15,3079,,,,,,,,,,,,,,,,,,,,,,,,,,,,,,,,,,,,,,,,,0.6344712376594543,0.39897921681404114,0.6431353092193604,0.8878893852233887,0.6946147084236145,0.8735592365264893,0.43169623613357544,0.5705845952033997,0.7477414608001709,0.4620411992073059,8.84045696258545,5.8137311935424805,9.25381088256836,10.925890922546387,9.427529335021973,11.32674503326416,8.956727027893066,7.917661666870117,7.785881996154785,8.156129837036133,,,,,,,,,,,10.962201118469238,6.992579936981201,11.5548095703125,13.098885536193848,11.92536449432373,15.14684009552002,10.751274108886719,8.908790588378906,9.926565170288086,10.354701042175293,,,,,,,,,,,,,,,,,,,,,,,,,,,,,,,,,,,,,,,,
15,3084,,,,,,,,,,,,,,,,,,,,,,,,,,,,,,,,,,,,,,,,,0.4601670503616333,0.32824137806892395,0.2909235954284668,0.8823139667510986,0.3678233325481415,0.49925172328948975,0.13221749663352966,0.40728259086608887,0.7891103029251099,0.4443392753601074,7.191872596740723,4.96912145614624,6.524632930755615,10.140142440795898,6.3558173179626465,8.893173217773438,5.1358537673950195,6.252713680267334,9.220528602600098,7.234864711761475,,,,,,,,,,,9.014330863952637,6.342477321624756,7.771433353424072,13.057692527770996,8.677992820739746,11.450794219970703,5.949976444244385,7.526734828948975,10.197463989257812,10.154407501220703,,,,,,,,,,,,,,,,,,,,,,,,,,,,,,,,,,,,,,,,
15,3089,,,,,,,,,,,,,,,,,,,,,,,,,,,,,,,,,,,,,,,,,0.4382356107234955,1.1657519340515137,0.17230729758739471,0.3340238928794861,0.33781152963638306,0.40944355726242065,0.23971934616565704,0.464729905128479,0.15773949027061462,0.6625935435295105,7.0906243324279785,8.83714771270752,5.062721252441406,6.351001739501953,6.366767406463623,8.078800201416016,7.125441551208496,7.702454566955566,4.519230365753174,9.772051811218262,,,,,,,,,,,8.62944221496582,11.952681541442871,5.980857849121094,8.034218788146973,8.316428184509277,10.36985969543457,8.011656761169434,8.040055274963379,4.559251308441162,12.399974822998047,,,,,,,,,,,,,,,,,,,,,,,,,,,,,,,,,,,,,,,,
15,3094,,,,,,,,,,,,,,,,,,,,,,,,,,,,,,,,,,,,,,,,,0.23199892044067383,0.17335449159145355,0.6257699728012085,0.11211950331926346,0.13850334286689758,0.17240163683891296,0.22948339581489563,0.01999344304203987,0.13547438383102417,0.4808902144432068,4.855714797973633,3.2077183723449707,6.574601650238037,4.031641006469727,4.603532791137695,5.057138919830322,5.8899102210998535,1.33346426486969,3.7793846130371094,9.224037170410156,,,,,,,,,,,6.334580898284912,4.609245777130127,11.397747039794922,4.654740810394287,5.325124263763428,6.728938102722168,7.838743686676025,1.6676405668258667,4.225244998931885,10.563799858093262,,,,,,,,,,,,,,,,,,,,,,,,,,,,,,,,,,,,,,,,
15,3099,,,,,,,,,,,,,,,,,,,,,,,,,,,,,,,,,,,,,,,,,0.3222600519657135,0.1966221183538437,0.2556516230106354,0.313203901052475,0.37374192476272583,0.3014262616634369,0.19661250710487366,0.2947467267513275,0.8846050500869751,0.08373049646615982,5.559269428253174,3.9392001628875732,5.841779708862305,5.015770435333252,5.762953281402588,6.6692423820495605,5.980344295501709,5.178429126739502,8.243471145629883,3.4022345542907715,,,,,,,,,,,7.386915683746338,4.908834934234619,7.285107135772705,7.779800891876221,8.747532844543457,8.897467613220215,7.255650520324707,6.402995586395264,10.796873092651367,4.4079742431640625,,,,,,,,,,,,,,,,,,,,,,,,,,,,,,,,,,,,,,,,
15,3103,,,,,,,,,,,,,,,,,,,,,,,,,,,,,,,,,,,,,,,,,,,,,,,,,,,6.594066619873047,5.388040065765381,6.5491132736206055,6.310320854187012,6.782215595245361,8.290040016174316,7.23795223236084,5.651446342468262,5.737381935119629,7.400090217590332,0.5777677893638611,0.5694643259048462,0.634415864944458,0.642806351184845,0.5861244201660156,0.4903402328491211,0.5702180862426758,0.6025958061218262,0.5628544092178345,0.5410906076431274,8.665457725524902,7.077224254608154,8.57883358001709,8.275130271911621,9.026721000671387,10.894952774047852,9.666900634765625,7.345271110534668,7.496813774108887,9.627276420593262,0.5531817674636841,0.6876843571662903,0.6060612201690674,0.38404610753059387,0.5948848128318787,0.6502249836921692,0.45722630620002747,0.5033401250839233,0.5224650502204895,0.5727027654647827,7.702120304107666,6.679393768310547,8.149374008178711,6.419744491577148,8.553750991821289,9.658658027648926,8.264080047607422,6.390625,6.34950590133667,8.853957176208496,0.39525556564331055,0.2742840647697449,0.5354366898536682,0.5819385051727295,0.2751834988594055,0.4066249132156372,0.5291109085083008,0.21737390756607056,0.29499417543411255,0.44235360622406006,10.35692310333252,9.426438331604004,10.449793815612793,9.605582237243652,11.518852233886719,13.244025230407715,10.97018814086914,8.247593879699707,8.53831672668457,11.211516380310059
16,3104,,,,,,,,,,,,,,,,,,,,,,,,,,,,,,,,,,,,,,,,,0.24567146599292755,0.28394994139671326,0.15909497439861298,0.2167651355266571,0.15020796656608582,0.2411605417728424,0.1794981062412262,0.302936851978302,0.24392440915107727,0.43350520730018616,5.34731912612915,5.015493392944336,5.003942966461182,5.478721618652344,4.74839448928833,5.963176727294922,4.849295616149902,4.5454912185668945,4.79583215713501,7.72551965713501,,,,,,,,,,,6.749521255493164,5.899065017700195,5.746982097625732,6.472164630889893,5.54556941986084,7.95845890045166,6.932673454284668,6.49134635925293,5.669579982757568,10.0298490524292,,,,,,,,,,,,,,,,,,,,,,,,,,,,,,,,,,,,,,,,
16,3109,,,,,,,,,,,,,,,,,,,,,,,,,,,,,,,,,,,,,,,,,0.22642023861408234,0.24971261620521545,0.5262666940689087,0.07549147307872772,0.3593524396419525,0.34536266326904297,0.07447224110364914,0.07930280268192291,0.13725021481513977,0.19057109951972961,5.3660688400268555,4.102248668670654,9.502168655395508,3.0102033615112305,7.435135364532471,7.852173328399658,3.9381954669952393,2.5580103397369385,4.068467140197754,5.828018665313721,,,,,,,,,,,6.2883172035217285,5.532003879547119,10.45236587524414,3.8194761276245117,8.577485084533691,9.523872375488281,4.465478420257568,3.321261405944824,4.252847671508789,6.650062561035156,,,,,,,,,,,,,,,,,,,,,,,,,,,,,,,,,,,,,,,,
16,3114,,,,,,,,,,,,,,,,,,,,,,,,,,,,,,,,,,,,,,,,,0.2631140649318695,0.6722135543823242,0.15244744718074799,0.38195329904556274,0.1659785807132721,0.27620068192481995,0.2057044506072998,0.1392328441143036,0.09099079668521881,0.28330501914024353,4.9357781410217285,6.242295742034912,4.263889312744141,5.104757308959961,4.633411884307861,5.9866251945495605,6.434474468231201,3.402355194091797,2.0400612354278564,6.314128398895264,,,,,,,,,,,6.78145694732666,9.076448440551758,5.625637531280518,8.591322898864746,5.8294243812561035,8.5170316696167,7.421515941619873,4.4007792472839355,3.462757110595703,8.108197212219238,,,,,,,,,,,,,,,,,,,,,,,,,,,,,,,,,,,,,,,,
16,3119,,,,,,,,,,,,,,,,,,,,,,,,,,,,,,,,,,,,,,,,,0.6220816373825073,0.471763551235199,0.4619249105453491,0.8292664885520935,0.39109256863594055,1.2222638130187988,0.5238091349601746,0.7072254419326782,0.8136162757873535,0.17777301371097565,8.068533897399902,5.920938968658447,8.430401802062988,9.640416145324707,6.806239128112793,11.574285507202148,8.988508224487305,9.339265823364258,7.0781426429748535,4.8386054039001465,,,,,,,,,,,10.60655689239502,7.603691577911377,9.792585372924805,12.659073829650879,8.948277473449707,17.91671371459961,11.842879295349121,9.918309211730957,10.354595184326172,6.422883987426758,,,,,,,,,,,,,,,,,,,,,,,,,,,,,,,,,,,,,,,,
16,3124,,,,,,,,,,,,,,,,,,,,,,,,,,,,,,,,,,,,,,,,,0.3634139895439148,0.5014173984527588,0.2547386884689331,0.09754378348588943,0.5999709367752075,0.20747137069702148,0.4927922487258911,0.46966761350631714,0.2016347348690033,0.4454890489578247,6.104714393615723,4.159768581390381,5.865960597991943,3.836503267288208,8.100205421447754,4.770693778991699,8.378388404846191,6.5551438331604,4.623025417327881,8.652737617492676,,,,,,,,,,,8.089938163757324,7.839023113250732,7.272088050842285,4.341648578643799,11.083189010620117,7.381675720214844,11.486897468566895,8.08265495300293,5.154730319976807,10.167535781860352,,,,,,,,,,,,,,,,,,,,,,,,,,,,,,,,,,,,,,,,
16,3129,,,,,,,,,,,,,,,,,,,,,,,,,,,,,,,,,,,,,,,,,0.5198543667793274,0.24590101838111877,0.7223462462425232,0.600058376789093,0.6853327751159668,0.6466596126556396,0.4071907103061676,0.6012211441993713,0.39551791548728943,0.37446102499961853,7.88537073135376,4.636139869689941,10.598203659057617,8.492884635925293,8.3069429397583,10.499285697937012,7.769093990325928,7.417498588562012,6.221061706542969,7.027224540710449,,,,,,,,,,,9.945449829101562,5.489621639251709,12.245721817016602,10.768411636352539,11.845417976379395,13.032078742980957,10.441664695739746,9.144834518432617,7.219487190246582,9.321815490722656,,,,,,,,,,,,,,,,,,,,,,,,,,,,,,,,,,,,,,,,
16,3134,,,,,,,,,,,,,,,,,,,,,,,,,,,,,,,,,,,,,,,,,0.24987278878688812,0.2565227448940277,0.12144345045089722,0.2404298186302185,0.2661217153072357,0.26365870237350464,0.3116030693054199,0.1593686044216156,0.3485894203186035,0.28111758828163147,5.446231842041016,4.779114723205566,4.170725345611572,5.220740795135498,5.694285869598389,6.249674320220947,6.458736419677734,4.543206214904785,5.018162250518799,6.881441593170166,,,,,,,,,,,6.871572494506836,5.606930732727051,5.0210981369018555,6.816305160522461,7.381418228149414,8.321410179138184,9.134223937988281,4.708256244659424,6.777669429779053,8.076835632324219,,,,,,,,,,,,,,,,,,,,,,,,,,,,,,,,,,,,,,,,
16,3139,,,,,,,,,,,,,,,,,,,,,,,,,,,,,,,,,,,,,,,,,0.5188704133033752,0.2131265103816986,0.9740738272666931,0.6060221195220947,0.5585893988609314,0.4825654625892639,0.5908922553062439,0.45564004778862,0.5234476923942566,0.2654762268066406,7.325165748596191,3.824158191680908,10.869817733764648,7.4555983543396,7.979316711425781,8.77081298828125,7.070517539978027,6.702479362487793,7.52323055267334,5.730563640594482,,,,,,,,,,,9.866494178771973,5.110706806182861,14.220263481140137,10.82179069519043,10.694143295288086,11.257811546325684,12.578385353088379,7.961037635803223,8.305388450622559,7.848922252655029,,,,,,,,,,,,,,,,,,,,,,,,,,,,,,,,,,,,,,,,
16,3144,,,,,,,,,,,,,,,,,,,,,,,,,,,,,,,,,,,,,,,,,0.42482101917266846,0.5321221947669983,0.1978791505098343,0.49691447615623474,0.15713895857334137,0.3672798275947571,0.20845481753349304,0.3964259624481201,1.0478136539459229,0.4193599820137024,7.164015293121338,6.260690212249756,5.700586795806885,8.336536407470703,4.85311222076416,8.29710865020752,6.272654056549072,6.470422267913818,10.203783988952637,8.081236839294434,,,,,,,,,,,8.476655960083008,8.075472831726074,6.409315586090088,9.799314498901367,5.672069549560547,9.821422576904297,7.47096586227417,7.4257402420043945,11.75074291229248,9.864853858947754,,,,,,,,,,,,,,,,,,,,,,,,,,,,,,,,,,,,,,,,
16,3149,,,,,,,,,,,,,,,,,,,,,,,,,,,,,,,,,,,,,,,,,0.2914401590824127,0.22106043994426727,0.3831668198108673,0.2931825518608093,0.19773098826408386,0.3056260049343109,0.24217666685581207,0.36453530192375183,0.3945697546005249,0.220912903547287,6.139949321746826,3.5992236137390137,7.925137519836426,6.907557487487793,5.271629333496094,6.977437496185303,6.53374719619751,5.7444539070129395,6.053273677825928,6.2470831871032715,,,,,,,,,,,7.390756607055664,5.2049641609191895,8.918783187866211,7.527035713195801,6.362635135650635,8.959237098693848,8.052616119384766,7.120795726776123,7.21082878112793,7.159912586212158,,,,,,,,,,,,,,,,,,,,,,,,,,,,,,,,,,,,,,,,
16,3154,,,,,,,,,,,,,,,,,,,,,,,,,,,,,,,,,,,,,,,,,0.4888569414615631,0.354277104139328,0.3290897011756897,0.49612781405448914,0.4401293098926544,0.6659232378005981,0.37760627269744873,0.7769787311553955,0.44661885499954224,0.5129615664482117,7.59785795211792,5.231218338012695,6.331474304199219,7.290045738220215,8.062356948852539,10.25736141204834,8.646526336669922,7.7751336097717285,5.9058098793029785,8.880791664123535,,,,,,,,,,,9.599658966064453,6.589217185974121,8.265493392944336,9.79155445098877,9.492700576782227,13.224762916564941,10.055192947387695,10.395928382873535,7.671703338623047,10.91037368774414,,,,,,,,,,,,,,,,,,,,,,,,,,,,,,,,,,,,,,,,
16,3159,,,,,,,,,,,,,,,,,,,,,,,,,,,,,,,,,,,,,,,,,0.5397225618362427,0.41205036640167236,0.5145825743675232,0.5402867197990417,0.5179158449172974,1.000279188156128,0.5448992252349854,0.565344512462616,0.33965638279914856,0.4224880337715149,7.438490390777588,6.101338863372803,8.448190689086914,7.388850212097168,6.6417388916015625,11.512349128723145,8.162251472473145,5.986106872558594,5.383082866668701,7.322502136230469,,,,,,,,,,,10.189352989196777,7.106199741363525,10.335683822631836,10.218026161193848,10.297439575195312,16.208261489868164,12.07894229888916,8.867788314819336,6.690263271331787,9.901577949523926,,,,,,,,,,,,,,,,,,,,,,,,,,,,,,,,,,,,,,,,
16,3164,,,,,,,,,,,,,,,,,,,,,,,,,,,,,,,,,,,,,,,,,0.23833587765693665,0.20757754147052765,0.10305632650852203,0.21444745361804962,0.30496639013290405,0.322848916053772,0.2771386206150055,0.16442307829856873,0.2197149693965912,0.33084970712661743,5.568422794342041,3.9405672550201416,3.8081252574920654,4.760819435119629,5.657897472381592,7.421271324157715,7.509607315063477,4.463946342468262,5.143407821655273,7.410163402557373,,,,,,,,,,,6.7507004737854,5.043736934661865,4.625396728515625,6.437471866607666,7.901792526245117,9.208215713500977,8.614286422729492,4.782336711883545,5.380877494812012,8.762187957763672,,,,,,,,,,,,,,,,,,,,,,,,,,,,,,,,,,,,,,,,
16,3169,,,,,,,,,,,,,,,,,,,,,,,,,,,,,,,,,,,,,,,,,0.14613114297389984,0.2752428650856018,0.16921985149383545,0.1293095499277115,0.09775130450725555,0.28949862718582153,0.07075285911560059,0.08431392908096313,0.02245960757136345,0.17663171887397766,4.076742649078369,4.719137668609619,5.422651767730713,4.858313083648682,3.628002405166626,5.747278690338135,3.718895435333252,2.109422206878662,1.2751826047897339,5.21179723739624,,,,,,,,,,,5.0918707847595215,5.807916164398193,5.927032947540283,4.998851299285889,4.473639011383057,8.719651222229004,4.352540016174316,3.424588441848755,1.7203799486160278,6.4022345542907715,,,,,,,,,,,,,,,,,,,,,,,,,,,,,,,,,,,,,,,,
16,3174,,,,,,,,,,,,,,,,,,,,,,,,,,,,,,,,,,,,,,,,,0.4366244673728943,0.6041218638420105,0.33876463770866394,0.4653562903404236,0.40302425622940063,0.252824604511261,0.4579398036003113,0.30652153491973877,0.7085099816322327,0.3925575017929077,6.88918399810791,6.548102855682373,7.051046848297119,7.524555683135986,6.631133556365967,6.443220615386963,9.103946685791016,5.048299789428711,6.721493721008301,6.930856227874756,,,,,,,,,,,8.946219444274902,8.604477882385254,8.386112213134766,9.483041763305664,9.083751678466797,8.14864730834961,11.073246955871582,6.529639720916748,9.662650108337402,9.544405937194824,,,,,,,,,,,,,,,,,,,,,,,,,,,,,,,,,,,,,,,,
16,3179,,,,,,,,,,,,,,,,,,,,,,,,,,,,,,,,,,,,,,,,,0.38368168473243713,0.37539058923721313,0.4210711419582367,0.5006035566329956,0.3616708517074585,0.5112954378128052,0.3732002377510071,0.3517875075340271,0.18158510327339172,0.37653058767318726,7.224068641662598,5.529681205749512,8.154687881469727,9.499358177185059,6.489125728607178,10.387338638305664,7.9256486892700195,6.48590087890625,3.3892171382904053,7.155662536621094,,,,,,,,,,,8.59909725189209,6.782721042633057,9.34952163696289,9.835622787475586,8.605109214782715,11.588088989257812,9.996356010437012,6.995180606842041,4.891739845275879,9.347539901733398,,,,,,,,,,,,,,,,,,,,,,,,,,,,,,,,,,,,,,,,
16,3184,,,,,,,,,,,,,,,,,,,,,,,,,,,,,,,,,,,,,,,,,0.3657514154911041,0.6710976958274841,0.17694362998008728,0.5048593878746033,0.28610390424728394,0.32421043515205383,0.5724150538444519,0.3140426576137543,0.31153786182403564,0.13055172562599182,6.424272537231445,6.861617088317871,5.351730823516846,7.6494903564453125,6.248937606811523,7.841320514678955,9.758115768432617,5.371570587158203,4.662909507751465,4.072760581970215,,,,,,,,,,,8.087677001953125,9.068910598754883,6.060788154602051,9.877342224121094,7.653524875640869,9.22761344909668,12.380162239074707,6.609262943267822,6.40735387802124,5.504127502441406,,,,,,,,,,,,,,,,,,,,,,,,,,,,,,,,,,,,,,,,
16,3189,,,,,,,,,,,,,,,,,,,,,,,,,,,,,,,,,,,,,,,,,0.3723992109298706,0.10799939930438995,0.4781927168369293,0.21500059962272644,0.25071021914482117,0.89572674036026,0.36526235938072205,0.5063138008117676,0.28713181614875793,0.24525514245033264,6.28867769241333,2.7114639282226562,7.261614799499512,5.231552600860596,5.309434413909912,11.129816055297852,6.868317127227783,7.14166784286499,4.819092750549316,6.12514066696167,,,,,,,,,,,8.280730247497559,3.6380863189697266,9.96352767944336,6.4457688331604,7.164496898651123,15.33781909942627,9.889474868774414,8.392060279846191,6.15125846862793,7.544079780578613,,,,,,,,,,,,,,,,,,,,,,,,,,,,,,,,,,,,,,,,
16,3194,,,,,,,,,,,,,,,,,,,,,,,,,,,,,,,,,,,,,,,,,0.3204977214336395,0.5859020948410034,0.17142674326896667,0.4832671582698822,0.5102724432945251,0.2837879955768585,0.19061480462551117,0.2949396073818207,0.057788919657468796,0.3064797520637512,6.056874752044678,6.099164009094238,4.7940545082092285,7.807191371917725,8.281953811645508,7.025656223297119,5.902212142944336,5.114756107330322,2.3346686363220215,7.152214050292969,,,,,,,,,,,7.52217960357666,8.473733901977539,5.965556621551514,9.663812637329102,10.221171379089355,8.633221626281738,7.1441264152526855,6.40509033203125,2.759596347808838,8.433310508728027,,,,,,,,,,,,,,,,,,,,,,,,,,,,,,,,,,,,,,,,
16,3199,,,,,,,,,,,,,,,,,,,,,,,,,,,,,,,,,,,,,,,,,0.25416669249534607,0.3437340259552002,0.2818324565887451,0.14108774065971375,0.14389613270759583,0.3934342861175537,0.18608921766281128,0.6142290830612183,0.5082076191902161,0.28909292817115784,5.731346607208252,5.748341083526611,5.157394886016846,4.667930603027344,4.0531005859375,8.500052452087402,5.656102657318115,7.295762538909912,7.834262847900391,6.3365020751953125,,,,,,,,,,,7.171907901763916,6.490431308746338,7.649043560028076,5.22155237197876,5.427804470062256,10.165107727050781,7.058808326721191,9.243233680725098,8.183589935302734,8.190604209899902,,,,,,,,,,,,,,,,,,,,,,,,,,,,,,,,,,,,,,,,
16,3204,,,,,,,,,,,,,,,,,,,,,,,,,,,,,,,,,,,,,,,,,0.3966533839702606,0.6701298952102661,0.4149171710014343,0.39895838499069214,0.3366287648677826,0.1917344033718109,0.16070157289505005,0.06735272705554962,0.5974216461181641,0.7320361733436584,6.5177459716796875,6.974329471588135,7.71826696395874,6.5468316078186035,5.306027889251709,6.005893230438232,4.811994552612305,2.6105384826660156,8.605446815490723,10.080384254455566,,,,,,,,,,,8.227640151977539,9.062369346618652,9.2809476852417,8.780488967895508,8.301856994628906,7.096200466156006,6.559653282165527,3.06080961227417,8.872862815856934,13.033573150634766,,,,,,,,,,,,,,,,,,,,,,,,,,,,,,,,,,,,,,,,
16,3209,,,,,,,,,,,,,,,,,,,,,,,,,,,,,,,,,,,,,,,,,0.45709460973739624,0.48507794737815857,0.4411986768245697,0.27647846937179565,0.4579140841960907,0.2825271785259247,0.2061363309621811,0.4656158983707428,0.7849056720733643,0.7139975428581238,7.244302749633789,5.760889530181885,8.375394821166992,7.009349822998047,7.652523517608643,7.077373504638672,5.367551803588867,6.690629482269287,7.688668251037598,9.576340675354004,,,,,,,,,,,9.045106887817383,7.710242748260498,9.5703706741333,7.309464454650879,9.682592391967773,8.614022254943848,7.429302215576172,8.04771614074707,10.170259475708008,12.87198543548584,,,,,,,,,,,,,,,,,,,,,,,,,,,,,,,,,,,,,,,,
16,3214,,,,,,,,,,,,,,,,,,,,,,,,,,,,,,,,,,,,,,,,,0.36881086230278015,0.4784082770347595,0.18149328231811523,0.5715105533599854,0.9250410795211792,0.340167760848999,0.19015496969223022,0.20724402368068695,0.24815185368061066,0.17712590098381042,6.266881942749023,5.503811836242676,5.2721710205078125,8.198877334594727,11.040419578552246,7.2050089836120605,5.969195365905762,3.851123809814453,4.253016471862793,5.108314037322998,,,,,,,,,,,8.016955375671387,7.657052516937256,6.138213157653809,10.509135246276855,13.761955261230469,9.451972007751465,7.135503768920898,5.369078636169434,5.718499660491943,6.411183834075928,,,,,,,,,,,,,,,,,,,,,,,,,,,,,,,,,,,,,,,,
16,3219,,,,,,,,,,,,,,,,,,,,,,,,,,,,,,,,,,,,,,,,,0.36178135871887207,0.1822434514760971,0.16619344055652618,0.05382245406508446,0.6214742660522461,0.2982689440250397,0.5728064775466919,0.3109167814254761,0.8408534526824951,0.20945310592651367,6.00161600112915,4.079866886138916,4.661015033721924,2.390942335128784,7.964439868927002,6.614703178405762,7.782218933105469,5.8332343101501465,9.172209739685059,5.5159125328063965,,,,,,,,,,,7.823830604553223,4.725940704345703,5.873791694641113,3.225051164627075,11.280055046081543,8.850746154785156,12.384392738342285,6.576287746429443,10.52648639678955,6.971730709075928,,,,,,,,,,,,,,,,,,,,,,,,,,,,,,,,,,,,,,,,
16,3224,,,,,,,,,,,,,,,,,,,,,,,,,,,,,,,,,,,,,,,,,0.33946362137794495,0.39430028200149536,0.10940440744161606,0.3578747510910034,0.1913614720106125,0.3780815005302429,0.12655478715896606,0.7697689533233643,0.24909427762031555,0.4787321090698242,6.322407245635986,5.128500461578369,4.260682582855225,6.949082851409912,4.451221942901611,8.228869438171387,5.353357791900635,8.594861030578613,5.200489521026611,8.734597206115723,,,,,,,,,,,7.632842063903809,6.951456546783447,4.765726089477539,8.31611442565918,6.2593159675598145,9.964799880981445,5.8211669921875,10.347583770751953,5.729348182678223,10.540070533752441,,,,,,,,,,,,,,,,,,,,,,,,,,,,,,,,,,,,,,,,
16,3229,,,,,,,,,,,,,,,,,,,,,,,,,,,,,,,,,,,,,,,,,0.4570583403110504,0.764474093914032,0.492731511592865,0.2532592713832855,0.6636096835136414,0.6856962442398071,0.4227888584136963,0.30033379793167114,0.38211777806282043,0.1485138088464737,7.27012300491333,7.9976019859313965,8.015499114990234,5.297388553619385,9.301911354064941,10.249741554260254,8.50867748260498,5.296319484710693,6.107021808624268,4.656949996948242,,,,,,,,,,,9.103853225708008,9.679293632507324,10.11385726928711,6.995802402496338,11.656173706054688,13.41966724395752,10.639777183532715,6.463397026062012,7.09613561630249,5.870574474334717,,,,,,,,,,,,,,,,,,,,,,,,,,,,,,,,,,,,,,,,
16,3234,,,,,,,,,,,,,,,,,,,,,,,,,,,,,,,,,,,,,,,,,0.23574993014335632,0.37295863032341003,0.08796782791614532,0.14160382747650146,0.20207756757736206,0.2526805102825165,0.432678759098053,0.1966921091079712,0.14801354706287384,0.28707656264305115,5.362663269042969,5.31700325012207,3.782383441925049,4.278312683105469,5.445470333099365,6.358551979064941,8.86711311340332,5.102405071258545,3.405457019805908,5.707272052764893,,,,,,,,,,,6.601809024810791,6.760714530944824,4.273399829864502,5.23109245300293,6.432187557220459,8.14632511138916,10.763501167297363,5.2306084632873535,4.416457176208496,8.16199016571045,,,,,,,,,,,,,,,,,,,,,,,,,,,,,,,,,,,,,,,,
16,3239,,,,,,,,,,,,,,,,,,,,,,,,,,,,,,,,,,,,,,,,,0.38264432549476624,0.6318739652633667,0.1858881115913391,0.4450203776359558,0.23791301250457764,0.4808376133441925,0.2944655120372772,0.38178786635398865,0.5221588611602783,0.2638537287712097,6.6082868576049805,7.340389728546143,5.265996932983398,7.227660655975342,5.181236267089844,8.730668067932129,7.006864070892334,6.034905910491943,6.088209629058838,6.598651885986328,,,,,,,,,,,8.309922218322754,8.799895286560059,6.212086200714111,9.273524284362793,6.979249954223633,11.237639427185059,8.87948989868164,7.287353038787842,8.295157432556152,7.824900150299072,,,,,,,,,,,,,,,,,,,,,,,,,,,,,,,,,,,,,,,,
16,3244,,,,,,,,,,,,,,,,,,,,,,,,,,,,,,,,,,,,,,,,,0.48455217480659485,0.9370444416999817,0.07365170866250992,0.20575357973575592,0.6211022734642029,0.7908744215965271,0.4874252676963806,0.37600839138031006,0.14901964366436005,0.7200900316238403,6.966693878173828,7.523069858551025,2.8018200397491455,5.834420204162598,8.204255104064941,9.850549697875977,8.983086585998535,6.191753387451172,3.2542777061462402,10.057013511657715,,,,,,,,,,,9.181706428527832,10.716238975524902,3.9102370738983154,6.305631160736084,11.276678085327148,14.412178993225098,11.424174308776855,7.2319841384887695,4.431441783905029,12.926787376403809,,,,,,,,,,,,,,,,,,,,,,,,,,,,,,,,,,,,,,,,
16,3249,,,,,,,,,,,,,,,,,,,,,,,,,,,,,,,,,,,,,,,,,0.5372681021690369,0.6602515578269958,0.5218775272369385,0.2558593451976776,0.2849361002445221,0.6733582019805908,0.3231540322303772,0.11739465594291687,1.8089936971664429,0.1895877867937088,7.107100486755371,6.2849626541137695,9.266281127929688,4.947262763977051,5.760189533233643,9.26296329498291,7.04355525970459,2.707275390625,13.07708740234375,5.614331245422363,,,,,,,,,,,9.198614120483398,8.995327949523926,10.408686637878418,7.03162145614624,7.637889385223389,13.298386573791504,9.301983833312988,4.040944576263428,15.43980598449707,6.632883548736572,,,,,,,,,,,,,,,,,,,,,,,,,,,,,,,,,,,,,,,,
16,3254,,,,,,,,,,,,,,,,,,,,,,,,,,,,,,,,,,,,,,,,,0.30696356296539307,0.11322113126516342,0.06714673340320587,0.2701148986816406,0.37851449847221375,0.8511374592781067,0.14989927411079407,0.0765615701675415,0.36044204235076904,0.4956340491771698,5.64134407043457,2.944234609603882,2.9005162715911865,5.8603668212890625,6.586488723754883,11.472270011901855,4.33228874206543,2.7150096893310547,5.630446434020996,8.330469131469727,,,,,,,,,,,7.294774532318115,3.7249979972839355,3.7335684299468994,7.224855899810791,8.803207397460938,14.951189041137695,6.335349082946777,3.2633535861968994,6.891931533813477,10.724517822265625,,,,,,,,,,,,,,,,,,,,,,,,,,,,,,,,,,,,,,,,
16,3259,,,,,,,,,,,,,,,,,,,,,,,,,,,,,,,,,,,,,,,,,0.4252496361732483,0.2203970104455948,0.1759999394416809,0.4304032027721405,0.37825021147727966,0.22238139808177948,0.2999317944049835,0.41961240768432617,1.098120927810669,0.582149863243103,6.898327350616455,4.131478309631348,5.260539531707764,8.346391677856445,6.627946376800537,5.8614277839660645,7.035236835479736,5.559832572937012,10.78161907196045,8.48047161102295,,,,,,,,,,,8.561991691589355,5.19714879989624,6.044604778289795,9.119954109191895,8.800132751464844,7.642316818237305,8.961527824401855,7.639815807342529,12.029522895812988,11.622901916503906,,,,,,,,,,,,,,,,,,,,,,,,,,,,,,,,,,,,,,,,
16,3264,,,,,,,,,,,,,,,,,,,,,,,,,,,,,,,,,,,,,,,,,0.4671348035335541,0.6881884932518005,0.43862056732177734,0.7341878414154053,0.43399378657341003,0.4276942014694214,0.5535259246826172,0.5404974818229675,0.2909514009952545,0.0965537428855896,7.406863689422607,7.746028423309326,8.335522651672363,9.14281177520752,7.557261943817139,8.112988471984863,9.258801460266113,7.195153713226318,5.193451881408691,4.119754314422607,,,,,,,,,,,9.159168243408203,9.183664321899414,9.542367935180664,11.911280632019043,9.426302909851074,10.598453521728516,12.17418098449707,8.670727729797363,6.1920366287231445,4.733492851257324,,,,,,,,,,,,,,,,,,,,,,,,,,,,,,,,,,,,,,,,
16,3269,,,,,,,,,,,,,,,,,,,,,,,,,,,,,,,,,,,,,,,,,0.7643358111381531,0.35588082671165466,0.7313092947006226,0.7409284114837646,0.817352294921875,0.31472140550613403,0.8267425298690796,0.8862847685813904,0.949730634689331,1.2560718059539795,8.818181037902832,4.869631767272949,8.792730331420898,9.815911293029785,10.113211631774902,7.390287399291992,9.829442024230957,8.718037605285645,7.804861545562744,12.029511451721191,,,,,,,,,,,11.90674114227295,6.604114055633545,12.321460723876953,11.965834617614746,12.936127662658691,9.091572761535645,14.878389358520508,11.103127479553223,11.187253952026367,17.072790145874023,,,,,,,,,,,,,,,,,,,,,,,,,,,,,,,,,,,,,,,,
16,3274,,,,,,,,,,,,,,,,,,,,,,,,,,,,,,,,,,,,,,,,,0.3483956456184387,0.40557023882865906,0.16471590101718903,0.07333853840827942,0.6628066897392273,0.5537741184234619,0.4996607303619385,0.2809460163116455,0.20732295513153076,0.28742557764053345,6.3065361976623535,5.376219749450684,4.444934368133545,3.567315101623535,9.81881046295166,8.559452056884766,9.405557632446289,4.547942161560059,4.499719142913818,6.538873672485352,,,,,,,,,,,7.953686237335205,7.050100803375244,5.847623825073242,3.7646186351776123,11.64911937713623,12.059858322143555,11.566671371459961,6.251296520233154,5.22693395614624,8.166950225830078,,,,,,,,,,,,,,,,,,,,,,,,,,,,,,,,,,,,,,,,
16,3279,,,,,,,,,,,,,,,,,,,,,,,,,,,,,,,,,,,,,,,,,0.4534526467323303,0.3298804759979248,0.14505606889724731,0.12464890629053116,0.47864073514938354,0.29852256178855896,0.6211317181587219,0.777869462966919,0.9944354295730591,0.31088849902153015,7.007078647613525,5.410295486450195,4.156611442565918,4.476333141326904,7.154597759246826,6.73169469833374,9.325529098510742,9.429178237915039,9.525677680969238,6.853787899017334,,,,,,,,,,,8.749666213989258,6.358293533325195,5.4875640869140625,4.907938480377197,9.899299621582031,8.854508399963379,12.896225929260254,10.401885032653809,11.447525024414062,8.49375057220459,,,,,,,,,,,,,,,,,,,,,,,,,,,,,,,,,,,,,,,,
16,3284,,,,,,,,,,,,,,,,,,,,,,,,,,,,,,,,,,,,,,,,,0.3830186128616333,0.29425686597824097,0.14321105182170868,0.3140871524810791,0.2291538417339325,0.2817164659500122,0.15784449875354767,0.794963538646698,0.703874409198761,0.5280596017837524,6.725506782531738,4.067800521850586,4.848605155944824,7.285827159881592,6.091698169708252,7.592004299163818,4.946530342102051,8.22008228302002,8.13554859161377,9.341464042663574,,,,,,,,,,,8.046345710754395,6.005174160003662,5.4525532722473145,7.790761947631836,6.849568843841553,8.601655006408691,6.501080513000488,10.515557289123535,9.630988121032715,11.069771766662598,,,,,,,,,,,,,,,,,,,,,,,,,,,,,,,,,,,,,,,,
16,3289,,,,,,,,,,,,,,,,,,,,,,,,,,,,,,,,,,,,,,,,,0.3054024279117584,0.21288007497787476,0.3027082681655884,0.44474056363105774,0.3893857002258301,0.6399135589599609,0.20374782383441925,0.12381982058286667,0.10369452834129333,0.3277316689491272,6.216269493103027,3.7139787673950195,6.947423934936523,7.065191745758057,7.48408842086792,10.905397415161133,6.001058101654053,3.4063503742218018,3.444552183151245,6.978384494781494,,,,,,,,,,,7.57243013381958,5.107751846313477,7.927273273468018,9.270608901977539,8.928729057312012,12.9639253616333,7.386135578155518,4.150054454803467,3.696589231491089,8.72080135345459,,,,,,,,,,,,,,,,,,,,,,,,,,,,,,,,,,,,,,,,
16,3294,,,,,,,,,,,,,,,,,,,,,,,,,,,,,,,,,,,,,,,,,0.5180673599243164,0.4346787929534912,0.7461094856262207,0.4095103144645691,0.7459608316421509,0.9277335405349731,0.3932057321071625,0.4175476133823395,0.21629571914672852,0.3715639114379883,8.191219329833984,6.162535190582275,10.633271217346191,7.434296607971191,9.137948036193848,12.887803077697754,8.583033561706543,5.816570281982422,4.694910526275635,8.370601654052734,,,,,,,,,,,9.901567459106445,7.298716068267822,12.445517539978027,8.89584732055664,12.358268737792969,15.609445571899414,10.260787963867188,7.62099552154541,5.338844299316406,9.285685539245605,,,,,,,,,,,,,,,,,,,,,,,,,,,,,,,,,,,,,,,,
16,3297,,,,,,,,,,,,,,,,,,,,,,,,,,,,,,,,,,,,,,,,,,,,,,,,,,,6.495693206787109,5.216647624969482,6.523932456970215,6.2003865242004395,6.722815036773682,8.10228443145752,7.167963981628418,5.606422424316406,5.696235656738281,7.224551677703857,0.5868180394172668,0.5903632640838623,0.6376451849937439,0.6557765007019043,0.5878415703773499,0.5032435655593872,0.5739424824714661,0.6121128797531128,0.5653358101844788,0.5551007390022278,8.574244499206543,6.903318405151367,8.540858268737793,8.123498916625977,9.007975578308105,10.75615119934082,9.624919891357422,7.256784439086914,7.475505828857422,9.479179382324219,0.5583015084266663,0.608507513999939,0.6282243728637695,0.40936291217803955,0.6410431861877441,0.6218569874763489,0.49714627861976624,0.4581552743911743,0.5959898829460144,0.5644274950027466,7.659911155700684,6.204573154449463,8.069581985473633,6.334228038787842,9.09367561340332,9.35947322845459,8.532846450805664,5.686093330383301,6.9808502197265625,8.67788028717041,0.38731470704078674,0.3570835590362549,0.4939541816711426,0.5890189409255981,0.21672028303146362,0.4320090413093567,0.491860568523407,0.2759161591529846,0.17395013570785522,0.4553195834159851,10.431818962097168,8.872408866882324,10.90636920928955,9.523893356323242,11.974395751953125,12.95764446258545,11.395835876464844,7.93312931060791,9.242278099060059,11.080409049987793
17,3299,,,,,,,,,,,,,,,,,,,,,,,,,,,,,,,,,,,,,,,,,0.6774594187736511,0.14586250483989716,0.5860692262649536,1.3410444259643555,0.4105393886566162,0.6799601912498474,0.35825639963150024,1.0290496349334717,0.8427087664604187,0.7036439776420593,8.63554573059082,3.401711940765381,9.934831619262695,13.846463203430176,7.0004754066467285,9.877243041992188,7.670051574707031,9.181046485900879,8.112774848937988,8.695311546325684,,,,,,,,,,,10.995832443237305,4.227991580963135,11.030268669128418,16.098167419433594,9.168052673339844,13.363419532775879,9.794173240661621,11.96401309967041,10.538093566894531,12.778318405151367,,,,,,,,,,,,,,,,,,,,,,,,,,,,,,,,,,,,,,,,
17,3304,,,,,,,,,,,,,,,,,,,,,,,,,,,,,,,,,,,,,,,,,0.1845531016588211,0.1215122789144516,0.17089977860450745,0.12712456285953522,0.28112703561782837,0.09567978233098984,0.06296001374721527,0.16687263548374176,0.4616561532020569,0.17314568161964417,4.497089862823486,3.1354119777679443,5.508023738861084,3.766294002532959,5.4520721435546875,4.338410377502441,3.19820237159729,4.264370918273926,5.9864068031311035,4.824615001678467,,,,,,,,,,,5.603725433349609,3.858978271484375,5.956380367279053,4.956437110900879,7.586665630340576,5.012864589691162,4.105851173400879,4.817828178405762,7.799783706665039,6.338740825653076,,,,,,,,,,,,,,,,,,,,,,,,,,,,,,,,,,,,,,,,
17,3309,,,,,,,,,,,,,,,,,,,,,,,,,,,,,,,,,,,,,,,,,0.2537418007850647,0.24887607991695404,0.1779375821352005,0.23045043647289276,0.3644416332244873,0.33624523878097534,0.4546002149581909,0.26990121603012085,0.03776939585804939,0.16345438361167908,5.637750625610352,4.42704439163208,4.688181400299072,4.947575569152832,7.234817028045654,7.663075923919678,8.559769630432129,5.378774166107178,2.098543643951416,5.741974353790283,,,,,,,,,,,6.8732147216796875,5.522730350494385,6.077786922454834,6.673346042633057,8.638009071350098,9.397318840026855,11.032795906066895,6.127187252044678,2.2309677600860596,6.158792018890381,,,,,,,,,,,,,,,,,,,,,,,,,,,,,,,,,,,,,,,,
17,3314,,,,,,,,,,,,,,,,,,,,,,,,,,,,,,,,,,,,,,,,,0.41977086663246155,0.2181517332792282,0.2934688627719879,0.5133134126663208,0.5344579815864563,0.7806960344314575,0.25780805945396423,0.4638850688934326,0.2717583477497101,0.4443984031677246,6.375406265258789,4.0245208740234375,6.040126800537109,7.106054306030273,6.455836296081543,9.672755241394043,5.939419269561768,5.987990856170654,4.698148250579834,7.453804016113281,,,,,,,,,,,8.910663604736328,5.170608043670654,7.805355548858643,9.959698677062988,10.460596084594727,14.319134712219238,8.308431625366211,8.032743453979492,5.984319686889648,10.155081748962402,,,,,,,,,,,,,,,,,,,,,,,,,,,,,,,,,,,,,,,,
17,3319,,,,,,,,,,,,,,,,,,,,,,,,,,,,,,,,,,,,,,,,,0.44065597653388977,0.18329180777072906,0.4511796236038208,0.5104751586914062,0.8484957814216614,0.6426483392715454,0.2802734971046448,0.3196084499359131,0.2589763104915619,0.47095492482185364,7.674930095672607,3.7818548679351807,9.043922424316406,9.522826194763184,9.631895065307617,10.823700904846191,6.959128379821777,5.766625881195068,5.239833831787109,8.304585456848145,,,,,,,,,,,9.127552032470703,4.739513874053955,9.678017616271973,9.932125091552734,13.180275917053223,12.991596221923828,8.662869453430176,6.66757345199585,5.841889381408691,10.454105377197266,,,,,,,,,,,,,,,,,,,,,,,,,,,,,,,,,,,,,,,,
17,3324,,,,,,,,,,,,,,,,,,,,,,,,,,,,,,,,,,,,,,,,,0.2930420935153961,0.09835037589073181,0.01776723749935627,0.1295333206653595,0.16727954149246216,0.894284188747406,0.704272449016571,0.1271580308675766,0.28805530071258545,0.21067821979522705,5.271851539611816,2.458327293395996,1.4563982486724854,3.886073112487793,4.738264560699463,10.252197265625,9.812896728515625,3.789971351623535,5.12891149520874,5.923621654510498,,,,,,,,,,,6.9626946449279785,3.4717648029327393,1.920531988143921,5.003174781799316,5.852225303649902,15.32546329498291,13.732232093811035,4.205626010894775,6.161142349243164,6.992090225219727,,,,,,,,,,,,,,,,,,,,,,,,,,,,,,,,,,,,,,,,
17,3329,,,,,,,,,,,,,,,,,,,,,,,,,,,,,,,,,,,,,,,,,0.33070459961891174,0.19505387544631958,0.803632915019989,0.4635729193687439,0.3557392358779907,0.28201332688331604,0.22654858231544495,0.16321377456188202,0.14309535920619965,0.3434714674949646,6.328141689300537,4.003089904785156,9.977274894714355,7.2552032470703125,6.767642498016357,7.455944061279297,6.047854423522949,3.96817946434021,4.113158702850342,7.364926815032959,,,,,,,,,,,7.80380916595459,4.889220237731934,12.91637134552002,9.46485424041748,8.53425407409668,8.606185913085938,7.78845739364624,4.764717102050781,4.342461585998535,8.927760124206543,,,,,,,,,,,,,,,,,,,,,,,,,,,,,,,,,,,,,,,,
17,3334,,,,,,,,,,,,,,,,,,,,,,,,,,,,,,,,,,,,,,,,,0.25110694766044617,0.3778859078884125,0.1696016490459442,0.4043680727481842,0.24921612441539764,0.30498430132865906,0.2318778783082962,0.24777337908744812,0.04349818825721741,0.23075710237026215,5.292544364929199,5.067051410675049,4.371881484985352,7.557976722717285,5.8263468742370605,6.473842144012451,6.849390983581543,4.039725303649902,2.0762078762054443,5.37047815322876,,,,,,,,,,,6.792642116546631,6.805226802825928,5.933714866638184,8.839818000793457,7.143115997314453,8.949825286865234,7.879532814025879,5.87064790725708,2.3941915035247803,7.317702770233154,,,,,,,,,,,,,,,,,,,,,,,,,,,,,,,,,,,,,,,,
17,3339,,,,,,,,,,,,,,,,,,,,,,,,,,,,,,,,,,,,,,,,,0.31495651602745056,0.30081379413604736,0.1137189194560051,0.1289142370223999,0.6289456486701965,0.5029563903808594,0.33493998646736145,0.29048529267311096,0.08364960551261902,0.45018452405929565,6.0971808433532715,4.806385517120361,4.188937187194824,4.302825927734375,8.195647239685059,9.015558242797852,7.6098222732543945,5.775137901306152,3.0438623428344727,7.936448574066162,,,,,,,,,,,7.570034503936768,6.07171106338501,4.858788967132568,4.991204261779785,11.347657203674316,11.493202209472656,9.470093727111816,6.356540203094482,3.320131301879883,10.220978736877441,,,,,,,,,,,,,,,,,,,,,,,,,,,,,,,,,,,,,,,,
17,3344,,,,,,,,,,,,,,,,,,,,,,,,,,,,,,,,,,,,,,,,,0.38673314452171326,0.16488352417945862,0.3855302035808563,0.20850665867328644,0.4423989951610565,0.34133589267730713,0.33661192655563354,1.1124227046966553,0.22349394857883453,0.2654144763946533,6.748818397521973,3.5146708488464355,8.039350509643555,5.488576889038086,7.727710247039795,8.157246589660645,7.31293249130249,8.981451988220215,4.7088470458984375,6.8085808753967285,,,,,,,,,,,8.220264434814453,4.495219707489014,8.946247100830078,6.347677707672119,9.517144203186035,9.46818733215332,9.493700981140137,12.439233779907227,5.42695426940918,7.84800910949707,,,,,,,,,,,,,,,,,,,,,,,,,,,,,,,,,,,,,,,,
17,3349,,,,,,,,,,,,,,,,,,,,,,,,,,,,,,,,,,,,,,,,,0.35045555233955383,0.6075119972229004,0.1367625594139099,0.22049656510353088,0.2852167785167694,0.6520010232925415,0.3693505525588989,0.07588757574558258,0.15840500593185425,0.6484678983688354,6.240203857421875,7.218228816986084,4.483890056610107,6.149841785430908,5.596278190612793,8.905129432678223,7.435774803161621,3.1973702907562256,4.567927837371826,8.60739517211914,,,,,,,,,,,7.91573429107666,8.62858772277832,5.328381061553955,6.527634143829346,7.641650199890137,13.085792541503906,9.94466495513916,3.248957872390747,4.568858623504639,12.26708698272705,,,,,,,,,,,,,,,,,,,,,,,,,,,,,,,,,,,,,,,,
17,3354,,,,,,,,,,,,,,,,,,,,,,,,,,,,,,,,,,,,,,,,,0.3498052656650543,0.3269069790840149,0.7948569059371948,0.11258155107498169,0.3890868127346039,0.28829723596572876,0.35267511010169983,0.4408361613750458,0.31559643149375916,0.12740975618362427,6.096533298492432,5.4891180992126465,8.992274284362793,3.963585615158081,7.731628894805908,6.432887554168701,6.4456377029418945,5.402829170227051,5.776660919189453,4.63417387008667,,,,,,,,,,,7.877894878387451,6.3295722007751465,12.845651626586914,4.664321422576904,8.925301551818848,8.701539039611816,9.717581748962402,7.830641269683838,6.448955535888672,5.437491416931152,,,,,,,,,,,,,,,,,,,,,,,,,,,,,,,,,,,,,,,,
17,3359,,,,,,,,,,,,,,,,,,,,,,,,,,,,,,,,,,,,,,,,,0.4251228868961334,0.29267972707748413,0.1596030741930008,0.29910945892333984,0.4376416504383087,1.4319394826889038,0.37187516689300537,0.2062584012746811,0.349109947681427,0.277889221906662,6.48107385635376,4.449445724487305,4.7998247146606445,6.2113566398620605,6.194751262664795,12.240320205688477,8.400590896606445,4.923932075500488,5.416633129119873,5.692808628082275,,,,,,,,,,,8.706047058105469,5.989058971405029,5.756152153015137,7.602736473083496,9.465835571289062,19.392696380615234,9.978594779968262,5.356295585632324,6.78272819519043,8.03032398223877,,,,,,,,,,,,,,,,,,,,,,,,,,,,,,,,,,,,,,,,
17,3364,,,,,,,,,,,,,,,,,,,,,,,,,,,,,,,,,,,,,,,,,0.3083539605140686,0.30126237869262695,0.06263472884893417,0.13531222939491272,0.2576088309288025,0.4224463999271393,0.17688164114952087,0.31325215101242065,0.8797719478607178,0.2260153591632843,5.787189960479736,4.981048583984375,3.076552391052246,4.680055618286133,6.123168468475342,8.068906784057617,5.547518730163574,5.379300594329834,8.991500854492188,5.236659049987793,,,,,,,,,,,7.120415687561035,6.076237201690674,3.6059463024139404,5.113560676574707,7.262397289276123,10.533232688903809,6.881960868835449,6.600940227508545,10.767337799072266,7.242128372192383,,,,,,,,,,,,,,,,,,,,,,,,,,,,,,,,,,,,,,,,
17,3369,,,,,,,,,,,,,,,,,,,,,,,,,,,,,,,,,,,,,,,,,0.526593029499054,0.3847653567790985,0.49411603808403015,0.3398791253566742,0.5406455397605896,0.6388014554977417,0.8743451237678528,0.38827118277549744,0.6058468818664551,0.4726664125919342,7.244080543518066,4.669966697692871,8.120339393615723,6.134603023529053,7.369049072265625,8.148778915405273,11.011383056640625,5.849658489227295,6.106325626373291,7.786624431610107,,,,,,,,,,,10.070100784301758,6.8668928146362305,10.128056526184082,8.104330062866211,10.520974159240723,12.952655792236328,15.30073356628418,7.3489670753479,8.935209274291992,10.47308349609375,,,,,,,,,,,,,,,,,,,,,,,,,,,,,,,,,,,,,,,,
17,3374,,,,,,,,,,,,,,,,,,,,,,,,,,,,,,,,,,,,,,,,,0.20223526656627655,0.18709653615951538,0.2685713469982147,0.17785456776618958,0.10781114548444748,0.3085523843765259,0.19663457572460175,0.1095283031463623,0.021163318306207657,0.4429051876068115,4.805761814117432,3.7386138439178467,6.011159420013428,4.791282653808594,4.058134078979492,7.384367942810059,5.684792518615723,2.8185079097747803,1.2449541091918945,7.520047187805176,,,,,,,,,,,6.0872697830200195,4.7884521484375,7.466920852661133,5.862561225891113,4.69819974899292,9.002026557922363,7.2560577392578125,3.903210163116455,1.6699950695037842,10.138006210327148,,,,,,,,,,,,,,,,,,,,,,,,,,,,,,,,,,,,,,,,
17,3379,,,,,,,,,,,,,,,,,,,,,,,,,,,,,,,,,,,,,,,,,0.5262569785118103,0.18875674903392792,0.7017279863357544,1.1204558610916138,0.3779018223285675,0.4605603814125061,0.2576310932636261,0.5732086896896362,0.7922760844230652,0.263794481754303,7.816142559051514,3.68656063079834,8.844514846801758,12.125632286071777,6.714093208312988,8.079230308532715,6.459322452545166,8.245316505432129,9.311283111572266,6.87932825088501,,,,,,,,,,,9.629447937011719,4.809650421142578,12.069687843322754,14.714728355407715,8.796079635620117,10.998136520385742,8.30557918548584,8.929252624511719,10.21789836883545,7.82402229309082,,,,,,,,,,,,,,,,,,,,,,,,,,,,,,,,,,,,,,,,
17,3384,,,,,,,,,,,,,,,,,,,,,,,,,,,,,,,,,,,,,,,,,0.3353845179080963,0.26166296005249023,0.20877495408058167,0.14820347726345062,0.31462332606315613,0.4423563778400421,0.310791015625,0.517350971698761,0.34428083896636963,0.470416784286499,6.436562538146973,4.712642192840576,5.399019718170166,4.009236812591553,6.332869529724121,8.902908325195312,8.005895614624023,6.6238274574279785,5.21550989151001,8.727153778076172,,,,,,,,,,,7.910166263580322,5.6628289222717285,6.583409309387207,5.351605415344238,8.025924682617188,10.77859115600586,9.122314453125,8.483036041259766,6.735653400421143,10.44813060760498,,,,,,,,,,,,,,,,,,,,,,,,,,,,,,,,,,,,,,,,
17,3389,,,,,,,,,,,,,,,,,,,,,,,,,,,,,,,,,,,,,,,,,0.21502932906150818,0.2765168845653534,0.2728234827518463,0.20778502523899078,0.15749981999397278,0.19302818179130554,0.18836407363414764,0.13665512204170227,0.22299624979496002,0.2795950472354889,5.217495918273926,4.823925495147705,6.3515472412109375,5.118485450744629,4.247415065765381,5.87509822845459,6.0020365715026855,3.852140188217163,3.744382619857788,6.9424309730529785,,,,,,,,,,,6.380002498626709,5.821341514587402,7.5257978439331055,6.33668327331543,5.678578853607178,7.120102882385254,7.101822853088379,4.359851837158203,5.420907974243164,8.054932594299316,,,,,,,,,,,,,,,,,,,,,,,,,,,,,,,,,,,,,,,,
17,3394,,,,,,,,,,,,,,,,,,,,,,,,,,,,,,,,,,,,,,,,,0.21272240579128265,0.15454676747322083,0.24954354763031006,0.052300553768873215,0.0682244673371315,0.1621355414390564,0.07703840732574463,0.10201117396354675,0.6316131353378296,0.41708800196647644,4.639542579650879,3.3442718982696533,5.722969055175781,2.3326423168182373,2.9534666538238525,5.245567321777344,3.7201833724975586,3.170846462249756,8.563749313354492,6.702184677124023,,,,,,,,,,,5.806845664978027,4.3520331382751465,7.19755220413208,3.1791281700134277,3.737400770187378,6.52551794052124,4.541762828826904,3.7668869495391846,9.123235702514648,9.838096618652344,,,,,,,,,,,,,,,,,,,,,,,,,,,,,,,,,,,,,,,,
17,3399,,,,,,,,,,,,,,,,,,,,,,,,,,,,,,,,,,,,,,,,,0.39043179154396057,0.3551872968673706,0.2841857969760895,0.6204097867012024,0.45064422488212585,0.43229562044143677,0.2749471664428711,0.30186301469802856,0.5422242283821106,0.25212907791137695,6.916234970092773,5.683170795440674,6.149397850036621,8.200416564941406,7.913919448852539,8.991650581359863,7.257326126098633,4.867220401763916,6.695817470550537,6.487190246582031,,,,,,,,,,,8.516769409179688,6.5976762771606445,7.680912971496582,10.949498176574707,9.605424880981445,10.655314445495605,8.580160140991211,6.479830741882324,8.45303726196289,7.649070739746094,,,,,,,,,,,,,,,,,,,,,,,,,,,,,,,,,,,,,,,,
17,3404,,,,,,,,,,,,,,,,,,,,,,,,,,,,,,,,,,,,,,,,,0.5968222618103027,0.43189695477485657,0.4196556508541107,0.3089350759983063,0.6693004369735718,0.8136746883392334,0.6504931449890137,1.1871205568313599,0.49064335227012634,0.3996802866458893,8.118968963623047,5.3170294761657715,7.43407678604126,5.672028541564941,7.4478960037231445,10.310460090637207,10.74097728729248,10.941547393798828,7.138240814208984,8.068459510803223,,,,,,,,,,,10.486594200134277,7.275323867797852,9.333793640136719,7.726600646972656,11.70604419708252,14.618449211120605,13.197515487670898,12.850090026855469,8.040928840637207,9.63060474395752,,,,,,,,,,,,,,,,,,,,,,,,,,,,,,,,,,,,,,,,
17,3409,,,,,,,,,,,,,,,,,,,,,,,,,,,,,,,,,,,,,,,,,0.25192368030548096,0.12534789741039276,0.2058664858341217,0.27879977226257324,0.2947157621383667,0.3291107416152954,0.2328265756368637,0.3057779371738434,0.38202592730522156,0.11284185945987701,5.5294599533081055,3.052503824234009,5.604641437530518,6.270495891571045,6.67714262008667,7.827498435974121,6.205631732940674,4.446515083312988,5.596181869506836,4.084527969360352,,,,,,,,,,,6.832406997680664,3.9194107055664062,6.53739070892334,7.340085029602051,7.767858028411865,9.297086715698242,7.89563512802124,6.521714687347412,7.095283031463623,5.117199420928955,,,,,,,,,,,,,,,,,,,,,,,,,,,,,,,,,,,,,,,,
17,3414,,,,,,,,,,,,,,,,,,,,,,,,,,,,,,,,,,,,,,,,,0.2846967875957489,0.438876748085022,0.1342894732952118,0.21780280768871307,0.3982801139354706,0.3763517141342163,0.10518195480108261,0.08497016131877899,0.48309504985809326,0.32342299818992615,5.83878231048584,5.813923358917236,4.8087053298950195,5.714033126831055,6.540392875671387,8.56174373626709,4.55875301361084,2.6764421463012695,7.237024784088135,6.638021469116211,,,,,,,,,,,7.051169395446777,7.33387565612793,5.279984951019287,6.487637519836426,9.030128479003906,9.941978454589844,5.306906223297119,3.437889814376831,7.978837013244629,8.663286209106445,,,,,,,,,,,,,,,,,,,,,,,,,,,,,,,,,,,,,,,,
17,3419,,,,,,,,,,,,,,,,,,,,,,,,,,,,,,,,,,,,,,,,,0.5662195682525635,0.20742973685264587,0.34751036763191223,0.815794050693512,0.09349231421947479,0.40024083852767944,0.5008141994476318,0.772152304649353,1.3319194316864014,0.6266226172447205,7.6429266929626465,4.074130058288574,7.211544513702393,9.112201690673828,3.2777414321899414,8.541863441467285,7.921414375305176,8.560751914978027,11.554885864257812,8.531805992126465,,,,,,,,,,,9.77442741394043,5.041941165924072,8.493672370910645,12.555822372436523,4.375095844268799,10.252659797668457,11.5800142288208,10.3635892868042,13.248363494873047,12.05869197845459,,,,,,,,,,,,,,,,,,,,,,,,,,,,,,,,,,,,,,,,
17,3424,,,,,,,,,,,,,,,,,,,,,,,,,,,,,,,,,,,,,,,,,0.37588682770729065,0.5953311920166016,0.37705251574516296,0.5058633685112,0.3278052508831024,0.4787842631340027,0.4540911018848419,0.21691688895225525,0.12959574162960052,0.2975407838821411,6.741065502166748,5.76837682723999,8.029402732849121,7.6190104484558105,6.109081268310547,9.856001853942871,8.882442474365234,4.742679119110107,2.769806146621704,6.892788410186768,,,,,,,,,,,8.404848098754883,8.541646003723145,8.84733772277832,9.887158393859863,8.192333221435547,11.213618278503418,11.026618003845215,5.492946624755859,4.13255500793457,8.309414863586426,,,,,,,,,,,,,,,,,,,,,,,,,,,,,,,,,,,,,,,,
17,3429,,,,,,,,,,,,,,,,,,,,,,,,,,,,,,,,,,,,,,,,,0.5291739702224731,0.7693852186203003,0.6970430016517639,0.06071191653609276,0.889895498752594,0.6730097532272339,0.432869017124176,0.2089729607105255,0.1371515691280365,0.8935266733169556,7.7519989013671875,7.902022838592529,11.108177185058594,3.4232473373413086,10.920561790466309,10.292469024658203,7.5484442710876465,4.82221794128418,2.87691330909729,10.873939514160156,,,,,,,,,,,9.64067554473877,9.710334777832031,12.02933120727539,3.425246477127075,13.497990608215332,13.294944763183594,10.765868186950684,5.391427516937256,4.25131893157959,14.399618148803711,,,,,,,,,,,,,,,,,,,,,,,,,,,,,,,,,,,,,,,,
17,3434,,,,,,,,,,,,,,,,,,,,,,,,,,,,,,,,,,,,,,,,,0.4215344786643982,0.3010706305503845,0.18911199271678925,0.2578735947608948,0.5341518521308899,0.9668952226638794,0.2835034132003784,0.4867238998413086,0.44444653391838074,0.3300333619117737,6.460532188415527,4.880669116973877,5.220216751098633,5.922000885009766,7.782095909118652,10.799774169921875,5.934102535247803,5.3267011642456055,6.075371265411377,6.203856468200684,,,,,,,,,,,8.793057441711426,6.074302673339844,6.26572322845459,7.059247016906738,10.457599639892578,15.93549633026123,8.71264362335205,8.228109359741211,7.653022766113281,8.751372337341309,,,,,,,,,,,,,,,,,,,,,,,,,,,,,,,,,,,,,,,,
17,3439,,,,,,,,,,,,,,,,,,,,,,,,,,,,,,,,,,,,,,,,,0.31861382722854614,0.4042220413684845,0.3848310112953186,0.25988665223121643,0.43818768858909607,0.3435744047164917,0.25592729449272156,0.4327276051044464,0.12407490611076355,0.22409282624721527,6.217298984527588,5.276925563812256,8.026628494262695,5.962957382202148,7.670899868011475,8.434170722961426,6.188910484313965,5.626352310180664,3.493807554244995,5.2750349044799805,,,,,,,,,,,7.702818393707275,7.038372993469238,8.938130378723145,7.0867462158203125,9.471738815307617,9.499183654785156,8.278070449829102,7.758289813995361,4.043572902679443,7.2112603187561035,,,,,,,,,,,,,,,,,,,,,,,,,,,,,,,,,,,,,,,,
17,3444,,,,,,,,,,,,,,,,,,,,,,,,,,,,,,,,,,,,,,,,,0.30664798617362976,0.4548124670982361,0.0664810836315155,0.056898996233940125,0.589219331741333,0.4171746075153351,0.558809220790863,0.21658264100551605,0.13891728222370148,0.26093629002571106,5.709334373474121,5.9098076820373535,3.5010013580322266,3.045728921890259,7.449891090393066,7.674951076507568,8.71306037902832,5.114142894744873,3.3502349853515625,6.625191688537598,,,,,,,,,,,7.303168296813965,7.465836048126221,3.7150163650512695,3.315944194793701,10.983433723449707,10.467303276062012,12.23214340209961,5.488713264465332,4.278597831726074,7.781519889831543,,,,,,,,,,,,,,,,,,,,,,,,,,,,,,,,,,,,,,,,
17,3449,,,,,,,,,,,,,,,,,,,,,,,,,,,,,,,,,,,,,,,,,0.46367958188056946,0.3450238108634949,0.3671838045120239,0.30297353863716125,0.3745405375957489,1.0078494548797607,0.3162393271923065,1.0038093328475952,0.1672876924276352,0.28820863366127014,7.223527908325195,5.107426643371582,7.677770137786865,6.8958659172058105,7.1080322265625,11.990518569946289,7.943619728088379,7.9299468994140625,3.7225582599639893,6.6360087394714355,,,,,,,,,,,9.08922290802002,6.502596378326416,8.73078727722168,7.6516876220703125,8.75687313079834,16.269479751586914,9.201926231384277,11.816376686096191,4.6952128410339355,8.178067207336426,,,,,,,,,,,,,,,,,,,,,,,,,,,,,,,,,,,,,,,,
17,3454,,,,,,,,,,,,,,,,,,,,,,,,,,,,,,,,,,,,,,,,,0.281847208738327,0.18466095626354218,0.5257077217102051,0.4370309114456177,0.29343128204345703,0.20260344445705414,0.27841633558273315,0.12701454758644104,0.12201429158449173,0.36574533581733704,5.923154354095459,3.7290403842926025,7.601316452026367,7.741356372833252,6.091682434082031,6.231043815612793,7.130107879638672,3.822755813598633,3.152521848678589,7.808563232421875,,,,,,,,,,,7.277699947357178,4.7571821212768555,10.44681453704834,9.189903259277344,7.750913619995117,7.294563293457031,8.63412094116211,4.20325231552124,4.009854793548584,9.212693214416504,,,,,,,,,,,,,,,,,,,,,,,,,,,,,,,,,,,,,,,,
17,3459,,,,,,,,,,,,,,,,,,,,,,,,,,,,,,,,,,,,,,,,,0.32084059715270996,0.1898646056652069,0.1690492480993271,0.4973050653934479,0.47219735383987427,0.5390483736991882,0.20977997779846191,0.33697521686553955,0.20611731708049774,0.26722821593284607,6.0931077003479,3.588783025741577,5.179030418395996,6.693138122558594,8.366966247558594,9.751455307006836,5.892833232879639,5.427788734436035,4.434706687927246,5.503262519836426,,,,,,,,,,,7.745480060577393,4.823744297027588,5.924044132232666,9.8031644821167,9.832443237304688,11.898431777954102,7.494675159454346,6.846328258514404,5.2117133140563965,7.874779224395752,,,,,,,,,,,,,,,,,,,,,,,,,,,,,,,,,,,,,,,,
17,3464,,,,,,,,,,,,,,,,,,,,,,,,,,,,,,,,,,,,,,,,,0.38497045636177063,0.5512309074401855,0.36483800411224365,0.1488972008228302,0.35458219051361084,0.40379735827445984,0.3703920543193817,0.4300430715084076,0.4874707758426666,0.35348230600357056,6.380238056182861,5.793225288391113,6.5204572677612305,4.067732810974121,6.493307113647461,7.041313171386719,6.867753505706787,6.603947162628174,7.13921594619751,6.895190715789795,,,,,,,,,,,8.429924964904785,8.21919059753418,8.70285415649414,5.364115238189697,8.52036190032959,10.298112869262695,9.9586763381958,7.734187126159668,8.014890670776367,9.056930541992188,,,,,,,,,,,,,,,,,,,,,,,,,,,,,,,,,,,,,,,,
17,3469,,,,,,,,,,,,,,,,,,,,,,,,,,,,,,,,,,,,,,,,,0.29811766743659973,0.37689924240112305,0.27467775344848633,0.17752808332443237,0.3108963668346405,0.29156437516212463,0.3601932227611542,0.11205141246318817,0.3675890564918518,0.4116595983505249,6.061473369598389,5.628971099853516,6.3690385818481445,5.113163471221924,6.234151840209961,6.030131816864014,7.181783199310303,3.796574354171753,5.8657026290893555,8.333747863769531,,,,,,,,,,,7.49290132522583,6.796337127685547,7.551328659057617,5.857177257537842,7.978247165679932,8.75070571899414,9.820611953735352,3.947911262512207,6.959924697875977,9.77386474609375,,,,,,,,,,,,,,,,,,,,,,,,,,,,,,,,,,,,,,,,
17,3474,,,,,,,,,,,,,,,,,,,,,,,,,,,,,,,,,,,,,,,,,0.22677983343601227,0.33484768867492676,0.219253808259964,0.22062408924102783,0.10969747602939606,0.1742182821035385,0.2024794965982437,0.2830301523208618,0.1493215709924698,0.3475460112094879,5.205855846405029,5.22194242477417,5.202237129211426,4.755650043487549,3.7062437534332275,5.379894733428955,5.776554584503174,4.9156012535095215,4.042569637298584,7.8520121574401855,,,,,,,,,,,6.471063613891602,6.4059858322143555,6.746603965759277,6.5295209884643555,4.7391228675842285,6.7642974853515625,7.3631110191345215,6.274441719055176,4.435928821563721,8.980558395385742,,,,,,,,,,,,,,,,,,,,,,,,,,,,,,,,,,,,,,,,
17,3479,,,,,,,,,,,,,,,,,,,,,,,,,,,,,,,,,,,,,,,,,0.18785026669502258,0.24496841430664062,0.12141554802656174,0.1661960631608963,0.2550524175167084,0.15661989152431488,0.11691488325595856,0.07605607807636261,0.20928877592086792,0.34414035081863403,4.692397117614746,4.1661577224731445,4.1786603927612305,4.570807456970215,5.3343305587768555,5.6409077644348145,4.5652570724487305,2.563551902770996,4.814510345458984,6.397390842437744,,,,,,,,,,,5.871384143829346,5.479201793670654,5.02052116394043,5.6671576499938965,7.2262725830078125,6.413562297821045,5.595071792602539,3.2525627613067627,5.2516560554504395,8.93644905090332,,,,,,,,,,,,,,,,,,,,,,,,,,,,,,,,,,,,,,,,
17,3484,,,,,,,,,,,,,,,,,,,,,,,,,,,,,,,,,,,,,,,,,0.2833041548728943,0.37132471799850464,0.2073172777891159,0.35204434394836426,0.12047767639160156,0.1507701575756073,0.07321953028440475,0.5926854610443115,0.3886427879333496,0.2932555377483368,5.571861267089844,5.536417484283447,4.89196252822876,5.925729751586914,3.5257885456085205,5.189608097076416,3.435398817062378,8.393438339233398,6.610934734344482,6.637470722198486,,,,,,,,,,,6.858535289764404,6.745889186859131,6.560385704040527,8.248093605041504,4.966528415679932,6.292649745941162,4.427761554718018,9.07968521118164,7.156466007232666,8.249361038208008,,,,,,,,,,,,,,,,,,,,,,,,,,,,,,,,,,,,,,,,
17,3489,,,,,,,,,,,,,,,,,,,,,,,,,,,,,,,,,,,,,,,,,0.4843738377094269,0.48587340116500854,0.04781920462846756,0.51900315284729,0.19055195152759552,0.39054834842681885,0.5560188889503479,0.386323481798172,0.78045254945755,1.0027731657028198,7.393068313598633,6.093766212463379,2.3269598484039307,8.784524917602539,5.569675445556641,7.008692264556885,9.404363632202148,6.010369300842285,8.710003852844238,12.629257202148438,,,,,,,,,,,9.131537437438965,7.716561794281006,3.1507420539855957,10.014745712280273,6.246062755584717,10.12775707244873,12.201565742492676,7.330511569976807,10.141366958618164,15.254521369934082,,,,,,,,,,,,,,,,,,,,,,,,,,,,,,,,,,,,,,,,
17,3491,,,,,,,,,,,,,,,,,,,,,,,,,,,,,,,,,,,,,,,,,,,,,,,,,,,6.466829299926758,5.217645168304443,6.408395767211914,6.165397644042969,6.6583356857299805,8.109087944030762,7.103593349456787,5.605846405029297,5.6980414390563965,7.235118389129639,0.5888596177101135,0.590998113155365,0.6463918685913086,0.6545345187187195,0.5911276340484619,0.5031564831733704,0.5852377414703369,0.5991713404655457,0.5767117738723755,0.5524072647094727,8.55117130279541,6.897966384887695,8.43714714050293,8.138140678405762,8.971994400024414,10.757094383239746,9.496480941772461,7.37684965133667,7.377033710479736,9.507830619812012,0.5629264116287231,0.595797061920166,0.5682549476623535,0.47675174474716187,0.5994121432304382,0.6425174474716187,0.508287250995636,0.512904167175293,0.6333143711090088,0.5290984511375427,7.60405969619751,5.933829307556152,7.503157138824463,6.762414455413818,8.631917953491211,9.448140144348145,8.51678466796875,5.989696979522705,7.2829508781433105,8.367643356323242,0.3861287534236908,0.3760570287704468,0.5529757738113403,0.5069272518157959,0.2665832042694092,0.41384464502334595,0.48466283082962036,0.24924832582473755,0.13769084215164185,0.48716866970062256,10.435757637023926,8.740509033203125,10.250636100769043,10.431796073913574,11.586989402770996,13.163207054138184,11.476263046264648,8.077896118164062,9.442943572998047,10.751577377319336
18,3494,,,,,,,,,,,,,,,,,,,,,,,,,,,,,,,,,,,,,,,,,0.47631922364234924,0.7898349761962891,0.17542390525341034,0.41220855712890625,0.43387261033058167,0.6698868274688721,0.27788206934928894,0.6390408873558044,0.2768253684043884,0.6118974685668945,7.00742244720459,7.157042980194092,4.518118858337402,7.186875820159912,7.9088897705078125,10.211671829223633,5.874980449676514,6.616894721984863,5.125589847564697,8.466737747192383,,,,,,,,,,,9.277480125427246,9.83853530883789,6.034704685211182,8.925105094909668,9.424986839294434,13.264063835144043,8.625833511352539,9.428074836730957,6.039851188659668,11.916166305541992,,,,,,,,,,,,,,,,,,,,,,,,,,,,,,,,,,,,,,,,
18,3499,,,,,,,,,,,,,,,,,,,,,,,,,,,,,,,,,,,,,,,,,0.3070805072784424,0.18355603516101837,0.41373544931411743,0.38581493496894836,0.14538943767547607,0.664147138595581,0.1348457634449005,0.05969740450382233,0.38817453384399414,0.3883638381958008,6.059078693389893,3.829942226409912,7.327363014221191,6.872592449188232,3.9491169452667236,11.634468078613281,5.007465839385986,2.0866942405700684,6.379838466644287,7.444225311279297,,,,,,,,,,,7.427132606506348,4.742928504943848,9.267723083496094,8.634642601013184,5.455895900726318,13.20711612701416,6.008823394775391,2.8816184997558594,7.152153015136719,9.493287086486816,,,,,,,,,,,,,,,,,,,,,,,,,,,,,,,,,,,,,,,,
18,3504,,,,,,,,,,,,,,,,,,,,,,,,,,,,,,,,,,,,,,,,,0.28928399085998535,0.1962861567735672,0.5569821000099182,0.4863002300262451,0.22622685134410858,0.28203630447387695,0.16903550922870636,0.05331973731517792,0.3840533196926117,0.2493157982826233,5.69724702835083,4.237123012542725,6.70892333984375,8.082602500915527,5.575674533843994,6.812898635864258,5.156650543212891,2.6954822540283203,5.969486236572266,6.036383628845215,,,,,,,,,,,7.215035438537598,4.904639720916748,10.75306510925293,9.694092750549316,6.805683135986328,8.606534957885742,6.727593898773193,2.7233457565307617,7.114084720611572,7.606276512145996,,,,,,,,,,,,,,,,,,,,,,,,,,,,,,,,,,,,,,,,
18,3509,,,,,,,,,,,,,,,,,,,,,,,,,,,,,,,,,,,,,,,,,0.6810004115104675,0.10778550058603287,0.6542151570320129,0.8177106380462646,0.8289002776145935,0.6220686435699463,0.40383198857307434,0.4886433780193329,1.71243155002594,0.49341607093811035,8.870756149291992,3.2160356044769287,9.041279792785645,9.829765319824219,10.317123413085938,9.682816505432129,7.956611156463623,7.550839424133301,12.657744407653809,9.584592819213867,,,,,,,,,,,10.892603874206543,3.634481430053711,11.65391731262207,12.570563316345215,13.027191162109375,12.78188705444336,10.398510932922363,8.244318008422852,15.022074699401855,10.700494766235352,,,,,,,,,,,,,,,,,,,,,,,,,,,,,,,,,,,,,,,,
18,3514,,,,,,,,,,,,,,,,,,,,,,,,,,,,,,,,,,,,,,,,,0.41693440079689026,0.6051293015480042,0.22941677272319794,0.4381753206253052,0.17555321753025055,0.6057391166687012,0.598196804523468,0.24599210917949677,0.6322624087333679,0.22194460034370422,6.379160404205322,6.804007053375244,5.667809009552002,7.381442546844482,4.4563093185424805,9.287718772888184,8.681744575500488,4.456972122192383,5.514575958251953,5.161864757537842,,,,,,,,,,,8.681436538696289,8.611649513244629,6.901194095611572,9.20192813873291,5.995204925537109,12.613008499145508,12.655895233154297,5.849507808685303,9.127923011779785,7.1766133308410645,,,,,,,,,,,,,,,,,,,,,,,,,,,,,,,,,,,,,,,,
18,3519,,,,,,,,,,,,,,,,,,,,,,,,,,,,,,,,,,,,,,,,,0.4996424913406372,0.6334956288337708,0.3864043056964874,0.6212573647499084,0.1748490035533905,0.45968350768089294,0.1896570771932602,0.821514368057251,0.8811907768249512,0.3287299573421478,7.329828262329102,6.5145111083984375,7.47122859954834,8.99984359741211,5.074246406555176,8.831296920776367,5.815277576446533,9.06902027130127,6.759754657745361,7.433271884918213,,,,,,,,,,,9.224592208862305,8.811180114746094,8.956382751464844,10.956974983215332,5.983168601989746,10.987662315368652,7.126156330108643,10.689719200134277,10.776016235351562,8.734073638916016,,,,,,,,,,,,,,,,,,,,,,,,,,,,,,,,,,,,,,,,
18,3524,,,,,,,,,,,,,,,,,,,,,,,,,,,,,,,,,,,,,,,,,0.37581920623779297,0.14743876457214355,0.005491259507834911,0.4216618239879608,0.2256871908903122,0.34929245710372925,0.317386269569397,0.7000892162322998,0.939054548740387,0.2762715518474579,6.596558570861816,3.48482084274292,1.0551371574401855,7.583795547485352,5.394761562347412,7.752516269683838,6.378556251525879,9.86369514465332,11.124197006225586,6.731543064117432,,,,,,,,,,,7.65985107421875,4.250775337219238,1.0676958560943604,9.02686595916748,6.797561168670654,9.577903747558594,9.218597412109375,9.868143081665039,11.124197006225586,8.006916046142578,,,,,,,,,,,,,,,,,,,,,,,,,,,,,,,,,,,,,,,,
18,3529,,,,,,,,,,,,,,,,,,,,,,,,,,,,,,,,,,,,,,,,,0.3406846821308136,0.24012959003448486,0.18124419450759888,0.22217188775539398,0.5741815567016602,0.33590465784072876,0.39950984716415405,0.21180196106433868,0.6137393712997437,0.2874789834022522,6.437797546386719,4.735198020935059,4.991016387939453,5.923008918762207,8.203657150268555,7.4885406494140625,8.297914505004883,4.278524875640869,6.8029608726501465,7.219357967376709,,,,,,,,,,,7.919730186462402,5.4248175621032715,6.133999347686768,6.552385330200195,10.842371940612793,9.392558097839355,10.342714309692383,5.427798271179199,8.993221282958984,8.167709350585938,,,,,,,,,,,,,,,,,,,,,,,,,,,,,,,,,,,,,,,,
18,3534,,,,,,,,,,,,,,,,,,,,,,,,,,,,,,,,,,,,,,,,,0.25162309408187866,0.33304518461227417,0.35154640674591064,0.12765353918075562,0.20143930613994598,0.19764605164527893,0.19750244915485382,0.35278910398483276,0.33282819390296936,0.17015758156776428,5.518902778625488,4.812469482421875,6.267663478851318,4.108591556549072,5.13962984085083,6.239647388458252,5.599564552307129,6.489139556884766,5.818872928619385,5.194545269012451,,,,,,,,,,,6.745418548583984,6.38871955871582,8.542855262756348,4.966738700866699,6.42202091217041,7.204766750335693,7.272053241729736,7.005131721496582,6.622673034667969,6.283807277679443,,,,,,,,,,,,,,,,,,,,,,,,,,,,,,,,,,,,,,,,
18,3539,,,,,,,,,,,,,,,,,,,,,,,,,,,,,,,,,,,,,,,,,0.3477804660797119,0.34038403630256653,0.108045794069767,0.12267841398715973,1.0148570537567139,0.45268845558166504,0.4530188739299774,0.3355131149291992,0.09138759970664978,0.21145078539848328,6.429774761199951,5.029415130615234,3.775373935699463,4.366705894470215,11.393693923950195,8.833673477172852,9.741205215454102,5.8987016677856445,3.1897029876708984,5.639500141143799,,,,,,,,,,,7.744703769683838,6.458725929260254,4.736042022705078,4.868990898132324,14.414583206176758,10.903741836547852,11.013590812683105,6.831458568572998,3.470299243927002,7.004898548126221,,,,,,,,,,,,,,,,,,,,,,,,,,,,,,,,,,,,,,,,
18,3544,,,,,,,,,,,,,,,,,,,,,,,,,,,,,,,,,,,,,,,,,0.4450977146625519,0.3492294251918793,0.3749653697013855,0.16143262386322021,0.995531439781189,0.518174409866333,0.5775820016860962,0.15258193016052246,0.25843191146850586,0.6179502010345459,7.153128147125244,5.418250560760498,6.056039333343506,4.419381141662598,11.845102310180664,10.245455741882324,9.628732681274414,3.7616443634033203,4.2735819816589355,8.729963302612305,,,,,,,,,,,9.082918167114258,6.542107582092285,8.822815895080566,5.58535099029541,14.276678085327148,11.665781021118164,12.435911178588867,4.6069159507751465,5.835745811462402,11.974956512451172,,,,,,,,,,,,,,,,,,,,,,,,,,,,,,,,,,,,,,,,
18,3549,,,,,,,,,,,,,,,,,,,,,,,,,,,,,,,,,,,,,,,,,0.32666414976119995,0.35444211959838867,0.3038941025733948,0.1306171864271164,0.5285804271697998,0.5282774567604065,0.3655989468097687,0.1943906843662262,0.2690191864967346,0.26515719294548035,6.189943313598633,5.0134477615356445,6.423075199127197,4.282129287719727,8.584187507629395,8.10096263885498,7.774514675140381,4.225337028503418,4.7319655418396,6.5738677978515625,,,,,,,,,,,7.847968101501465,6.590751647949219,7.942784786224365,5.024063587188721,10.402917861938477,11.778958320617676,9.894031524658203,5.199917793273926,5.954083442687988,7.844204902648926,,,,,,,,,,,,,,,,,,,,,,,,,,,,,,,,,,,,,,,,
18,3554,,,,,,,,,,,,,,,,,,,,,,,,,,,,,,,,,,,,,,,,,0.41752925515174866,0.5162343978881836,0.39153727889060974,0.16649143397808075,0.4075232744216919,0.339307963848114,0.5902135372161865,0.04684535041451454,0.19421377778053284,1.1053962707519531,6.632296085357666,5.704446315765381,7.3641791343688965,5.117508888244629,6.514340877532959,8.29050350189209,9.901311874389648,1.862653374671936,3.8541576862335205,11.081563949584961,,,,,,,,,,,8.601675987243652,7.954002857208252,9.015674591064453,5.672191143035889,9.134313583374023,9.440019607543945,12.571161270141602,2.552654266357422,5.058984279632568,16.01607894897461,,,,,,,,,,,,,,,,,,,,,,,,,,,,,,,,,,,,,,,,
18,3559,,,,,,,,,,,,,,,,,,,,,,,,,,,,,,,,,,,,,,,,,0.2584744989871979,0.3601158559322357,0.20957550406455994,0.11168612539768219,0.3430480360984802,0.374604195356369,0.4269064664840698,0.0969446673989296,0.12065082788467407,0.28273889422416687,5.369487285614014,5.369434833526611,5.409779071807861,3.614198684692383,6.541184902191162,7.849595069885254,7.541104793548584,2.9227654933929443,3.3061084747314453,5.771213054656982,,,,,,,,,,,6.959517002105713,6.6432929039001465,6.596019268035889,4.645736217498779,8.380638122558594,9.918869972229004,10.691462516784668,3.672152519226074,3.9873876571655273,8.100092887878418,,,,,,,,,,,,,,,,,,,,,,,,,,,,,,,,,,,,,,,,
18,3564,,,,,,,,,,,,,,,,,,,,,,,,,,,,,,,,,,,,,,,,,0.2908277213573456,0.4302605986595154,0.23556648194789886,0.158924862742424,0.25618788599967957,0.5441666841506958,0.16770343482494354,0.17912444472312927,0.3290591239929199,0.31645601987838745,5.897160053253174,6.092632293701172,5.9915337562561035,4.60079288482666,5.481203556060791,9.63032054901123,5.009698390960693,4.052582740783691,5.145659446716309,7.070019721984863,,,,,,,,,,,7.315629959106445,7.261528491973877,6.993078231811523,5.541799545288086,7.242341041564941,11.954787254333496,6.701033115386963,4.991558074951172,6.585066795349121,8.569469451904297,,,,,,,,,,,,,,,,,,,,,,,,,,,,,,,,,,,,,,,,
18,3569,,,,,,,,,,,,,,,,,,,,,,,,,,,,,,,,,,,,,,,,,0.3601788580417633,0.17616532742977142,0.45154237747192383,0.38768813014030457,0.23624977469444275,0.7299768328666687,0.5119301080703735,0.24296781420707703,0.2222321480512619,0.28285688161849976,6.539499759674072,3.6944668292999268,7.772340297698975,7.430426597595215,5.043776035308838,11.184370040893555,8.03510570526123,4.77158260345459,4.43899393081665,6.484437942504883,,,,,,,,,,,8.3132905960083,4.646462917327881,9.681906700134277,8.655579566955566,6.954811096191406,13.84619426727295,11.707822799682617,5.813438892364502,5.4116129875183105,8.10178279876709,,,,,,,,,,,,,,,,,,,,,,,,,,,,,,,,,,,,,,,,
18,3574,,,,,,,,,,,,,,,,,,,,,,,,,,,,,,,,,,,,,,,,,0.18007461726665497,0.14103342592716217,0.17282086610794067,0.166157066822052,0.236607164144516,0.23547030985355377,0.1622084081172943,0.23290622234344482,0.08877833187580109,0.18468976020812988,4.942477226257324,3.4119174480438232,4.812952518463135,4.939693450927734,5.5605998039245605,6.594701290130615,4.9953837394714355,4.960259437561035,3.2932159900665283,5.913570880889893,,,,,,,,,,,5.87632417678833,4.157413959503174,5.989764213562012,5.666492462158203,6.9600701332092285,7.864007949829102,6.590334415435791,5.6917948722839355,3.4203991889953613,6.546642303466797,,,,,,,,,,,,,,,,,,,,,,,,,,,,,,,,,,,,,,,,
18,3579,,,,,,,,,,,,,,,,,,,,,,,,,,,,,,,,,,,,,,,,,0.3799273669719696,0.49463212490081787,0.5172039270401001,0.502652645111084,0.5730705261230469,0.36427605152130127,0.2797746956348419,0.21229927241802216,0.27179449796676636,0.20364269614219666,6.609415531158447,6.68727445602417,8.971784591674805,7.216361999511719,6.948993682861328,7.5339202880859375,6.480874061584473,4.614498138427734,5.399815082550049,5.631216526031494,,,,,,,,,,,8.396106719970703,7.785803318023682,10.36197566986084,9.855732917785645,10.831876754760742,9.781177520751953,8.655158042907715,5.43416690826416,5.984716892242432,6.874349594116211,,,,,,,,,,,,,,,,,,,,,,,,,,,,,,,,,,,,,,,,
18,3584,,,,,,,,,,,,,,,,,,,,,,,,,,,,,,,,,,,,,,,,,0.4906691610813141,0.6215648055076599,0.44801685214042664,0.3104441463947296,0.8624930381774902,0.4745851159095764,0.27279987931251526,0.667157769203186,0.09800659120082855,0.66095370054245,7.306565284729004,6.297762393951416,9.084382057189941,6.757966041564941,9.144160270690918,9.771263122558594,6.613497257232666,6.608201026916504,2.7573585510253906,8.72449779510498,,,,,,,,,,,9.41426944732666,8.727813720703125,9.644036293029785,7.745450496673584,13.288545608520508,11.164336204528809,8.546589851379395,9.633254051208496,3.593775510787964,12.384621620178223,,,,,,,,,,,,,,,,,,,,,,,,,,,,,,,,,,,,,,,,
18,3589,,,,,,,,,,,,,,,,,,,,,,,,,,,,,,,,,,,,,,,,,0.4364420175552368,0.4430129826068878,0.2900674641132355,0.26090243458747864,1.175281286239624,0.8006364703178406,0.2996986508369446,0.2547491788864136,0.17377154529094696,0.2298581302165985,6.976728916168213,5.0151238441467285,6.4120941162109375,5.327906131744385,11.530055046081543,12.011651992797852,7.378772258758545,4.647994041442871,4.38222074508667,6.084742069244385,,,,,,,,,,,8.804600715637207,7.368354320526123,7.759990215301514,7.100582599639893,15.512099266052246,14.500852584838867,8.958043098449707,5.9527153968811035,4.785337924957275,7.303434371948242,,,,,,,,,,,,,,,,,,,,,,,,,,,,,,,,,,,,,,,,
18,3594,,,,,,,,,,,,,,,,,,,,,,,,,,,,,,,,,,,,,,,,,0.2256111055612564,0.2611699402332306,0.1621248722076416,0.20871955156326294,0.18389897048473358,0.12203450500965118,0.2751500606536865,0.32841756939888,0.22093181312084198,0.26805269718170166,5.217708110809326,4.92153263092041,4.649474143981934,5.515596866607666,4.765789031982422,4.229712963104248,6.237539291381836,5.996279716491699,5.063199043273926,5.5802483558654785,,,,,,,,,,,6.470229148864746,5.657491207122803,5.801449298858643,6.350917339324951,6.136055946350098,5.661313056945801,8.583325386047363,6.758836269378662,5.39575719833374,7.8869171142578125,,,,,,,,,,,,,,,,,,,,,,,,,,,,,,,,,,,,,,,,
18,3599,,,,,,,,,,,,,,,,,,,,,,,,,,,,,,,,,,,,,,,,,0.6921528577804565,0.40471988916397095,0.44126367568969727,0.34821394085884094,0.7744580507278442,0.3337852656841278,0.5878192782402039,1.3303627967834473,1.5810736417770386,0.4276796877384186,8.49698257446289,5.0312347412109375,7.764100074768066,6.434140682220459,11.069146156311035,7.2914581298828125,9.904296875,11.331369400024414,10.231389999389648,7.415701866149902,,,,,,,,,,,10.81304931640625,7.04270601272583,9.571075439453125,8.203099250793457,12.59211254119873,9.362879753112793,12.545637130737305,13.60328483581543,14.434420585632324,9.962228775024414,,,,,,,,,,,,,,,,,,,,,,,,,,,,,,,,,,,,,,,,
18,3604,,,,,,,,,,,,,,,,,,,,,,,,,,,,,,,,,,,,,,,,,0.49048858880996704,0.3299263119697571,0.44191408157348633,0.6701987981796265,0.4699241518974304,0.4569229781627655,0.6373530030250549,0.6344844698905945,0.23826733231544495,0.5354059934616089,7.844334125518799,5.150979518890381,8.928693771362305,9.091136932373047,7.771951198577881,7.52275276184082,9.686781883239746,7.448246002197266,5.01899528503418,9.97946834564209,,,,,,,,,,,9.698722839355469,6.358735084533691,9.578126907348633,11.380378723144531,9.808747291564941,10.954620361328125,13.06353759765625,9.394403457641602,5.603450298309326,11.146507263183594,,,,,,,,,,,,,,,,,,,,,,,,,,,,,,,,,,,,,,,,
18,3609,,,,,,,,,,,,,,,,,,,,,,,,,,,,,,,,,,,,,,,,,0.2753276526927948,0.35148173570632935,0.1444944441318512,0.1272972971200943,0.23539559543132782,0.3703962564468384,0.3057154715061188,0.20281271636486053,0.381928026676178,0.35842734575271606,6.038516044616699,5.397770881652832,4.1998467445373535,4.447161674499512,6.378318786621094,8.384029388427734,6.973359107971191,4.6002631187438965,5.913476467132568,8.052419662475586,,,,,,,,,,,7.153162002563477,6.563169956207275,5.476930618286133,4.959803581237793,6.942227363586426,9.86300277709961,9.04751968383789,5.311367034912109,7.0943732261657715,9.120061874389648,,,,,,,,,,,,,,,,,,,,,,,,,,,,,,,,,,,,,,,,
18,3614,,,,,,,,,,,,,,,,,,,,,,,,,,,,,,,,,,,,,,,,,0.4731360673904419,0.46989625692367554,0.28540459275245667,0.6712309122085571,0.35947853326797485,0.9168162941932678,0.36568188667297363,0.6550204157829285,0.2734462320804596,0.26124975085258484,7.827362060546875,6.049225807189941,7.186105251312256,9.569506645202637,6.96000337600708,11.94503402709961,8.241394996643066,9.002096176147461,5.076569080352783,6.416325092315674,,,,,,,,,,,9.333433151245117,7.58862829208374,7.697365760803223,11.389139175415039,8.578989028930664,15.517330169677734,9.895153045654297,9.5452241897583,6.00287389755249,7.786192893981934,,,,,,,,,,,,,,,,,,,,,,,,,,,,,,,,,,,,,,,,
18,3619,,,,,,,,,,,,,,,,,,,,,,,,,,,,,,,,,,,,,,,,,0.26312604546546936,0.22389663755893707,0.22545881569385529,0.263437956571579,0.26187634468078613,0.37499845027923584,0.21059520542621613,0.2100638449192047,0.43146878480911255,0.1663385033607483,5.471094131469727,3.7809062004089355,5.499671459197998,5.474428653717041,5.2727837562561035,7.623846530914307,5.820955276489258,4.8129754066467285,5.95933198928833,4.9949469566345215,,,,,,,,,,,7.014344692230225,5.238247871398926,6.841404438018799,7.135001182556152,7.3223042488098145,9.924087524414062,7.509223937988281,5.405481338500977,7.540462493896484,6.212888240814209,,,,,,,,,,,,,,,,,,,,,,,,,,,,,,,,,,,,,,,,
18,3624,,,,,,,,,,,,,,,,,,,,,,,,,,,,,,,,,,,,,,,,,0.45175448060035706,0.3755122125148773,0.5793629288673401,0.286866158246994,0.4202967882156372,0.46745535731315613,0.36151978373527527,0.529451310634613,0.4049034118652344,0.6404224038124084,7.3238205909729,5.171274662017822,7.325567245483398,6.79645299911499,7.703495025634766,8.541746139526367,7.858336448669434,6.24686861038208,5.673730850219727,10.596915245056152,,,,,,,,,,,9.274286270141602,6.783819675445557,10.966979026794434,7.445511341094971,9.276362419128418,11.080158233642578,9.838680267333984,8.581668853759766,7.304643154144287,12.190751075744629,,,,,,,,,,,,,,,,,,,,,,,,,,,,,,,,,,,,,,,,
18,3629,,,,,,,,,,,,,,,,,,,,,,,,,,,,,,,,,,,,,,,,,0.2601451277732849,0.258160263299942,0.10634598135948181,0.23953694105148315,0.31335148215293884,0.36237505078315735,0.20231008529663086,0.33539319038391113,0.1956145465373993,0.32821860909461975,5.563614368438721,4.214389324188232,3.7274844646453857,5.488528728485107,6.4070658683776855,8.133682250976562,5.774681091308594,4.656250953674316,4.47654390335083,7.193901062011719,,,,,,,,,,,6.9874587059021,5.624798774719238,4.6986403465271,6.80363655090332,8.009686470031738,9.755622863769531,7.360029697418213,6.8302388191223145,5.077195644378662,8.727277755737305,,,,,,,,,,,,,,,,,,,,,,,,,,,,,,,,,,,,,,,,
18,3634,,,,,,,,,,,,,,,,,,,,,,,,,,,,,,,,,,,,,,,,,0.5103705525398254,0.7117579579353333,0.1366887241601944,0.4005418121814728,0.6790953874588013,0.2184319645166397,0.6558142900466919,0.4843604862689972,0.28108569979667664,1.0255587100982666,7.437417030334473,7.384385108947754,4.298727512359619,7.789973258972168,7.757818698883057,6.029845237731934,8.582984924316406,7.4228515625,5.95003604888916,11.72012996673584,,,,,,,,,,,9.533609390258789,9.339603424072266,5.326942443847656,8.797896385192871,11.791390419006348,7.574151039123535,13.251383781433105,8.208107948303223,6.086150646209717,15.426856994628906,,,,,,,,,,,,,,,,,,,,,,,,,,,,,,,,,,,,,,,,
18,3639,,,,,,,,,,,,,,,,,,,,,,,,,,,,,,,,,,,,,,,,,0.37534764409065247,0.8600281476974487,0.06233145296573639,0.19033408164978027,0.7222098112106323,0.33997052907943726,0.5035493969917297,0.12366864830255508,0.09211408346891403,0.4839226305484772,6.211679458618164,7.379922866821289,3.2071526050567627,5.378681182861328,8.257025718688965,7.083921432495117,9.188360214233398,3.5253429412841797,3.3043713569641113,8.580333709716797,,,,,,,,,,,7.930864334106445,10.266409873962402,3.597205638885498,6.064754009246826,12.15993881225586,9.44923210144043,11.611594200134277,4.147520065307617,3.484065055847168,10.597053527832031,,,,,,,,,,,,,,,,,,,,,,,,,,,,,,,,,,,,,,,,
18,3644,,,,,,,,,,,,,,,,,,,,,,,,,,,,,,,,,,,,,,,,,0.29724523425102234,0.2935936152935028,0.37136614322662354,0.25564104318618774,0.4429851472377777,0.3925043046474457,0.34841060638427734,0.2829127907752991,0.11841746419668198,0.1693761795759201,5.734238624572754,4.561205863952637,5.463625907897949,5.410595893859863,7.592581272125244,8.129463195800781,7.087419509887695,4.870399475097656,3.0851402282714844,5.407712459564209,,,,,,,,,,,7.51504373550415,5.9984025955200195,8.780370712280273,7.028622150421143,9.52344799041748,10.153085708618164,9.658650398254395,6.2731404304504395,3.950309991836548,6.269362449645996,,,,,,,,,,,,,,,,,,,,,,,,,,,,,,,,,,,,,,,,
18,3649,,,,,,,,,,,,,,,,,,,,,,,,,,,,,,,,,,,,,,,,,0.3266380727291107,0.29847773909568787,0.6698082089424133,0.26274949312210083,0.217105895280838,0.6710436940193176,0.2776491045951843,0.15034759044647217,0.03890056908130646,0.3536604046821594,6.051860809326172,4.639286518096924,9.098641395568848,6.427314281463623,4.799038887023926,10.678235054016113,6.379358768463135,4.1809210777282715,1.7375116348266602,6.5264410972595215,,,,,,,,,,,7.71410608291626,6.048089981079102,11.791983604431152,7.12567138671875,6.667076587677002,13.2755126953125,8.622217178344727,4.573060989379883,2.264129400253296,9.059211730957031,,,,,,,,,,,,,,,,,,,,,,,,,,,,,,,,,,,,,,,,
18,3654,,,,,,,,,,,,,,,,,,,,,,,,,,,,,,,,,,,,,,,,,0.36353397369384766,0.29214903712272644,0.6172383427619934,0.5988394021987915,0.3634127974510193,0.3548996150493622,0.17840462923049927,0.38838666677474976,0.12423489987850189,0.3542405366897583,6.606639385223389,4.797454833984375,9.053651809692383,8.770698547363281,7.017543315887451,7.252331256866455,5.344156265258789,5.475709438323975,3.8739967346191406,7.874215126037598,,,,,,,,,,,8.190617561340332,5.983626842498779,11.319783210754395,10.757468223571777,8.62580680847168,9.654474258422852,6.911524772644043,7.350059509277344,4.046178817749023,9.066638946533203,,,,,,,,,,,,,,,,,,,,,,,,,,,,,,,,,,,,,,,,
18,3659,,,,,,,,,,,,,,,,,,,,,,,,,,,,,,,,,,,,,,,,,0.45891550183296204,0.4401013255119324,0.2203054428100586,0.604433536529541,0.5595362782478333,0.4270038902759552,0.6244644522666931,0.1280866116285324,0.5078669786453247,0.6184406280517578,8.00642204284668,6.089252471923828,5.351198673248291,9.523608207702637,9.986604690551758,8.171941757202148,10.740029335021973,3.64910626411438,8.136578559875488,10.409479141235352,,,,,,,,,,,9.279983520507812,7.344100475311279,6.7627644538879395,10.807597160339355,10.703204154968262,10.589898109436035,12.930778503417969,4.220953464508057,8.18084716796875,11.979706764221191,,,,,,,,,,,,,,,,,,,,,,,,,,,,,,,,,,,,,,,,
18,3664,,,,,,,,,,,,,,,,,,,,,,,,,,,,,,,,,,,,,,,,,0.5536882877349854,0.31408873200416565,0.38296157121658325,0.6088573336601257,0.6535965204238892,0.33477896451950073,0.2410678118467331,0.876407265663147,1.2369003295898438,0.3345358669757843,7.93706750869751,4.703012466430664,8.440400123596191,9.54318904876709,8.798067092895508,6.688611030578613,6.038665294647217,9.666790008544922,11.473871231079102,6.081000328063965,,,,,,,,,,,9.729508399963379,6.204237937927246,8.916393280029297,10.847074508666992,11.567900657653809,9.376806259155273,8.034158706665039,11.041084289550781,12.767053604125977,8.81086540222168,,,,,,,,,,,,,,,,,,,,,,,,,,,,,,,,,,,,,,,,
18,3669,,,,,,,,,,,,,,,,,,,,,,,,,,,,,,,,,,,,,,,,,0.47133868932724,0.29517024755477905,0.5073164105415344,0.2754858136177063,0.38528165221214294,0.5981057286262512,0.20539583265781403,1.0029895305633545,0.7879592776298523,0.18434351682662964,7.088125705718994,5.203241348266602,8.459720611572266,4.948801040649414,7.371572971343994,9.353577613830566,5.897376537322998,9.337899208068848,7.866914749145508,5.354028701782227,,,,,,,,,,,8.994013786315918,6.014486789703369,10.262450218200684,7.296330451965332,8.881550788879395,12.533282279968262,7.4159464836120605,11.811552047729492,10.190023422241211,6.540502548217773,,,,,,,,,,,,,,,,,,,,,,,,,,,,,,,,,,,,,,,,
18,3674,,,,,,,,,,,,,,,,,,,,,,,,,,,,,,,,,,,,,,,,,0.4059533476829529,0.4274188280105591,0.6115432977676392,0.3492332100868225,0.4402511715888977,0.3102620244026184,0.22743459045886993,0.3896982669830322,0.42946872115135193,0.4682701826095581,6.999208927154541,6.6126790046691895,8.721752166748047,6.743769645690918,8.671223640441895,6.998176097869873,6.706204891204834,5.253749847412109,6.477528095245361,6.80779504776001,,,,,,,,,,,8.706039428710938,7.237508773803711,11.267441749572754,8.215095520019531,9.494014739990234,9.026932716369629,7.8036723136901855,7.362461566925049,7.522964954376221,10.424264907836914,,,,,,,,,,,,,,,,,,,,,,,,,,,,,,,,,,,,,,,,
18,3679,,,,,,,,,,,,,,,,,,,,,,,,,,,,,,,,,,,,,,,,,0.3250572085380554,0.18493354320526123,0.046725206077098846,0.5181623697280884,0.5008195042610168,0.3792918920516968,0.4104383587837219,0.5502396821975708,0.06575557589530945,0.2691488265991211,6.095226764678955,3.3798635005950928,2.643571615219116,8.082114219665527,8.018248558044434,8.001510620117188,8.735386848449707,6.954445838928223,2.740400791168213,6.301497936248779,,,,,,,,,,,7.563005447387695,4.760692596435547,3.114492177963257,10.006629943847656,10.126054763793945,9.980737686157227,10.483222007751465,8.74852180480957,2.9436731338500977,7.903026580810547,,,,,,,,,,,,,,,,,,,,,,,,,,,,,,,,,,,,,,,,
18,3684,,,,,,,,,,,,,,,,,,,,,,,,,,,,,,,,,,,,,,,,,0.39060652256011963,0.6455438137054443,0.18546530604362488,0.25867193937301636,0.3616374731063843,0.7182794213294983,0.24891188740730286,0.10820180177688599,0.482918381690979,0.5058286190032959,6.505297660827637,6.662827491760254,4.779855728149414,6.421202182769775,6.809485912322998,9.642809867858887,6.091202735900879,2.6520471572875977,6.374687194824219,9.11356258392334,,,,,,,,,,,8.37380313873291,8.894573211669922,6.20501708984375,7.070164680480957,8.60471248626709,13.734807014465332,8.163823127746582,3.879502058029175,7.977377414703369,10.83425235748291,,,,,,,,,,,,,,,,,,,,,,,,,,,,,,,,,,,,,,,,
18,3685,,,,,,,,,,,,,,,,,,,,,,,,,,,,,,,,,,,,,,,,,,,,,,,,,,,6.514229774475098,5.2573018074035645,6.406864643096924,6.229925632476807,6.698817729949951,8.246341705322266,7.145832061767578,5.689541816711426,5.677433013916016,7.276007652282715,0.5896562933921814,0.5921690464019775,0.6499030590057373,0.6559288501739502,0.5908123254776001,0.4944531321525574,0.5820473432540894,0.6073874235153198,0.5773380398750305,0.556867778301239,8.544110298156738,6.888084411621094,8.395155906677246,8.121700286865234,8.97545337677002,10.850900650024414,9.532933235168457,7.300853252410889,7.371572971343994,9.460336685180664,0.5242172479629517,0.5579398274421692,0.6198624968528748,0.3719003200531006,0.5445146560668945,0.6364938616752625,0.4530332386493683,0.4910593032836914,0.5393491387367249,0.5038021206855774,7.380668640136719,5.566567897796631,8.08409595489502,6.219315528869629,8.047506332397461,9.581748008728027,8.238508224487305,5.935615062713623,6.552723407745361,8.199941635131836,0.4289059638977051,0.42113572359085083,0.5106699466705322,0.5917285680770874,0.3406739830970764,0.4218146800994873,0.5329612493515015,0.29191893339157104,0.2487151026725769,0.5005356073379517,10.098937034606934,8.41884708404541,10.724726676940918,9.492445945739746,10.986144065856934,13.073410034179688,10.92524528503418,7.84497594833374,8.814105033874512,10.610532760620117
19,3689,,,,,,,,,,,,,,,,,,,,,,,,,,,,,,,,,,,,,,,,,0.3982161581516266,0.40015000104904175,0.4592167139053345,0.3233354389667511,0.4004741907119751,0.5506656169891357,0.29226040840148926,0.4733816683292389,0.10143004357814789,0.583031177520752,6.663171768188477,5.414053440093994,7.212853908538818,6.051916599273682,7.680516719818115,9.857069969177246,6.654384136199951,5.370059013366699,3.3827641010284424,8.344926834106445,,,,,,,,,,,8.666739463806152,7.002831935882568,9.763836860656738,7.904629707336426,9.054967880249023,12.025962829589844,8.846179962158203,8.114550590515137,3.656003475189209,11.631697654724121,,,,,,,,,,,,,,,,,,,,,,,,,,,,,,,,,,,,,,,,
19,3694,,,,,,,,,,,,,,,,,,,,,,,,,,,,,,,,,,,,,,,,,0.44273313879966736,0.6597978472709656,0.21986934542655945,0.2247290164232254,0.4271162152290344,0.5331457853317261,0.5470513701438904,0.5295486450195312,0.5822931528091431,0.2610468566417694,7.132391929626465,6.2370171546936035,5.813239097595215,5.420696258544922,7.95509672164917,9.68541145324707,9.241229057312012,6.245161533355713,6.9994072914123535,6.594269275665283,,,,,,,,,,,8.97232437133789,8.992237091064453,6.756067752838135,6.589986324310303,9.351314544677734,11.833108901977539,12.102771759033203,8.582457542419434,8.759798049926758,7.783168792724609,,,,,,,,,,,,,,,,,,,,,,,,,,,,,,,,,,,,,,,,
19,3699,,,,,,,,,,,,,,,,,,,,,,,,,,,,,,,,,,,,,,,,,0.4477788209915161,0.21215784549713135,0.6780888438224792,0.6187344193458557,0.07241826504468918,0.40737175941467285,0.24191458523273468,0.406909316778183,0.9003334045410156,0.49208125472068787,6.893260478973389,3.1779465675354004,9.340414047241211,8.72139835357666,2.7602930068969727,8.797762870788574,6.434471130371094,5.583818435668945,9.03371524810791,8.189523696899414,,,,,,,,,,,8.804730415344238,5.0990800857543945,11.86465072631836,10.934703826904297,3.850558042526245,10.343591690063477,8.048256874084473,7.523285388946533,10.892435073852539,10.68601131439209,,,,,,,,,,,,,,,,,,,,,,,,,,,,,,,,,,,,,,,,
19,3704,,,,,,,,,,,,,,,,,,,,,,,,,,,,,,,,,,,,,,,,,0.28442761301994324,0.2036725878715515,0.3172798156738281,0.34739193320274353,0.36690354347229004,0.4667070508003235,0.2983420193195343,0.26859402656555176,0.08424638956785202,0.20671114325523376,6.111280918121338,3.577467203140259,7.65501594543457,7.23383903503418,6.6487836837768555,8.464320182800293,6.999520778656006,5.501872539520264,3.0766983032226562,5.844010353088379,,,,,,,,,,,7.372412204742432,4.996070861816406,8.115828514099121,8.193411827087402,8.667135238647461,11.071285247802734,8.937746047973633,6.112331390380859,3.331954002380371,6.9259467124938965,,,,,,,,,,,,,,,,,,,,,,,,,,,,,,,,,,,,,,,,
19,3709,,,,,,,,,,,,,,,,,,,,,,,,,,,,,,,,,,,,,,,,,0.20035527646541595,0.2944106459617615,0.19338534772396088,0.03782781958580017,0.3092740476131439,0.20376326143741608,0.1883094757795334,0.20695871114730835,0.06888362020254135,0.300384521484375,4.859209060668945,4.394405364990234,4.553365707397461,2.341560125350952,6.350966930389404,5.983256816864014,5.508734703063965,4.572704315185547,2.5790717601776123,7.448812484741211,,,,,,,,,,,6.016385555267334,6.006742477416992,6.33612060546875,2.7037127017974854,7.957403659820557,7.3154120445251465,7.10079288482666,5.365381717681885,3.01287579536438,8.349029541015625,,,,,,,,,,,,,,,,,,,,,,,,,,,,,,,,,,,,,,,,
19,3714,,,,,,,,,,,,,,,,,,,,,,,,,,,,,,,,,,,,,,,,,0.3386985957622528,0.37416723370552063,0.24324187636375427,0.31336528062820435,0.33698806166648865,0.6532011032104492,0.5273610353469849,0.1952735334634781,0.09239464998245239,0.312294602394104,6.643464088439941,6.167457580566406,6.053605556488037,5.810714244842529,7.214996337890625,10.36246395111084,10.304912567138672,4.338992118835449,2.730351448059082,6.807681083679199,,,,,,,,,,,8.017849922180176,6.7716593742370605,7.106091499328613,7.78180456161499,8.306285858154297,13.09782886505127,11.882963180541992,5.21171236038208,3.4893674850463867,8.512937545776367,,,,,,,,,,,,,,,,,,,,,,,,,,,,,,,,,,,,,,,,
19,3719,,,,,,,,,,,,,,,,,,,,,,,,,,,,,,,,,,,,,,,,,0.5389837622642517,0.5921483635902405,0.3042953908443451,0.7653505802154541,0.8591759204864502,0.8971302509307861,0.7628735303878784,0.27868539094924927,0.15159651637077332,0.23959775269031525,8.036920547485352,7.104842662811279,6.461106777191162,10.683760643005371,9.754528045654297,11.728257179260254,10.730682373046875,5.803994655609131,4.014883041381836,6.050226211547852,,,,,,,,,,,9.965047836303711,8.518783569335938,7.94802713394165,12.161442756652832,13.262968063354492,15.349831581115723,14.292134284973145,6.226096153259277,4.469592571258545,7.456560134887695,,,,,,,,,,,,,,,,,,,,,,,,,,,,,,,,,,,,,,,,
19,3724,,,,,,,,,,,,,,,,,,,,,,,,,,,,,,,,,,,,,,,,,0.46163246035575867,0.26763755083084106,0.3182407021522522,0.5307164788246155,0.7024678587913513,0.4749075472354889,0.3571111559867859,0.5705060362815857,0.5720756649971008,0.3610292077064514,7.367917537689209,4.5224833488464355,7.740950584411621,8.341042518615723,8.22212028503418,9.038912773132324,7.683768272399902,7.734546661376953,6.288039684295654,6.73939323425293,,,,,,,,,,,9.296161651611328,5.727113246917725,8.128108024597168,10.127124786376953,11.992587089538574,11.168128967285156,9.7785062789917,8.90817642211914,8.682604789733887,9.153103828430176,,,,,,,,,,,,,,,,,,,,,,,,,,,,,,,,,,,,,,,,
19,3729,,,,,,,,,,,,,,,,,,,,,,,,,,,,,,,,,,,,,,,,,0.3079453706741333,0.5322765707969666,0.06061778590083122,0.845309853553772,0.09210523217916489,0.29866182804107666,0.2354929894208908,0.1039116233587265,0.3526189923286438,0.25051337480545044,5.790957927703857,6.581362247467041,2.8567283153533936,10.738214492797852,3.6374855041503906,6.487681865692139,5.66476583480835,3.244955539703369,6.731878280639648,6.175551414489746,,,,,,,,,,,7.0875420570373535,8.076644897460938,3.547412633895874,12.780941009521484,4.342519760131836,8.856574058532715,7.940718173980713,3.8018133640289307,6.816730499267578,7.624523162841797,,,,,,,,,,,,,,,,,,,,,,,,,,,,,,,,,,,,,,,,
19,3734,,,,,,,,,,,,,,,,,,,,,,,,,,,,,,,,,,,,,,,,,0.417331337928772,0.2578149437904358,0.32087036967277527,0.6448744535446167,0.5827767848968506,0.2993226945400238,0.6685670018196106,0.29428353905677795,0.1589588075876236,0.5285134315490723,7.024692058563232,4.868717670440674,6.277797222137451,8.699851989746094,8.050748825073242,6.931314945220947,10.161657333374023,4.934909343719482,4.0371623039245605,9.260068893432617,,,,,,,,,,,8.907163619995117,5.621035575866699,8.161622047424316,11.163297653198242,10.923221588134766,8.866365432739258,13.37960433959961,6.39796257019043,4.576838970184326,11.074527740478516,,,,,,,,,,,,,,,,,,,,,,,,,,,,,,,,,,,,,,,,
19,3739,,,,,,,,,,,,,,,,,,,,,,,,,,,,,,,,,,,,,,,,,0.4177758991718292,0.5598198175430298,0.5099924802780151,0.15235435962677002,0.6170588731765747,0.4244254231452942,0.22429710626602173,0.5393573045730591,0.5448389053344727,0.18783888220787048,6.584563255310059,7.043467044830322,7.5419020652771,4.20556640625,7.909975051879883,8.233803749084473,5.823354244232178,5.643547058105469,7.788000583648682,5.071455001831055,,,,,,,,,,,8.587015151977539,8.282977104187012,10.289482116699219,5.426031589508057,11.239912986755371,10.557876586914062,7.749659538269043,8.661578178405762,8.473392486572266,6.602219104766846,,,,,,,,,,,,,,,,,,,,,,,,,,,,,,,,,,,,,,,,
19,3744,,,,,,,,,,,,,,,,,,,,,,,,,,,,,,,,,,,,,,,,,0.6195046901702881,0.28192079067230225,0.24676039814949036,0.8697449564933777,0.48648664355278015,0.5262110829353333,0.48093003034591675,0.8228231072425842,1.1303646564483643,0.7303001880645752,8.074947357177734,4.89693546295166,6.64614725112915,9.730514526367188,8.169051170349121,8.249275207519531,8.771492958068848,8.25490951538086,9.327211380004883,8.628984451293945,,,,,,,,,,,10.55606746673584,5.877949237823486,7.1573028564453125,12.96435260772705,9.98010540008545,11.755899429321289,11.347801208496094,10.698230743408203,12.204853057861328,13.018109321594238,,,,,,,,,,,,,,,,,,,,,,,,,,,,,,,,,,,,,,,,
19,3749,,,,,,,,,,,,,,,,,,,,,,,,,,,,,,,,,,,,,,,,,0.4058361053466797,0.378615140914917,0.26231759786605835,0.49030765891075134,0.40082818269729614,0.5321782231330872,0.46690598130226135,0.3103731572628021,0.4645286202430725,0.3464701771736145,6.778167724609375,5.488581657409668,4.813126087188721,7.035711765289307,6.777885437011719,8.332709312438965,8.607850074768066,5.899585247039795,7.042229652404785,7.005827903747559,,,,,,,,,,,8.816540718078613,6.8117899894714355,7.379473686218262,9.733952522277832,9.058968544006348,11.822366714477539,11.181124687194824,6.570536136627197,7.824012279510498,8.96664810180664,,,,,,,,,,,,,,,,,,,,,,,,,,,,,,,,,,,,,,,,
19,3754,,,,,,,,,,,,,,,,,,,,,,,,,,,,,,,,,,,,,,,,,0.6174471378326416,0.34208163619041443,0.4987682104110718,0.5026198029518127,0.2705557346343994,1.1880614757537842,0.3794701099395752,0.9480359554290771,1.0805410146713257,0.3468901216983795,8.40773868560791,5.723111629486084,8.590343475341797,8.687324523925781,6.606075763702393,11.090668678283691,8.42189884185791,8.746886253356934,10.199639320373535,7.603699684143066,,,,,,,,,,,10.453453063964844,6.474812030792236,10.175623893737793,9.8554105758667,7.442656993865967,17.66425323486328,10.079977035522461,11.483416557312012,11.932841300964355,8.97208023071289,,,,,,,,,,,,,,,,,,,,,,,,,,,,,,,,,,,,,,,,
19,3759,,,,,,,,,,,,,,,,,,,,,,,,,,,,,,,,,,,,,,,,,0.3030945062637329,0.32762759923934937,0.5151385068893433,0.15021926164627075,0.25068551301956177,0.5852367281913757,0.09296965599060059,0.14404989778995514,0.4227024018764496,0.2392207831144333,5.59253454208374,4.714041709899902,6.8671488761901855,4.728482723236084,6.202528953552246,8.563591003417969,4.173042297363281,4.122275352478027,5.2237443923950195,5.7379584312438965,,,,,,,,,,,7.334143161773682,6.336544990539551,10.341264724731445,5.387876987457275,7.1641435623168945,12.397714614868164,4.989320278167725,4.476258754730225,7.463467597961426,7.450692176818848,,,,,,,,,,,,,,,,,,,,,,,,,,,,,,,,,,,,,,,,
19,3764,,,,,,,,,,,,,,,,,,,,,,,,,,,,,,,,,,,,,,,,,0.2960754930973053,0.6790744662284851,0.5172768831253052,0.022197622805833817,0.19680900871753693,0.1956501454114914,0.12322938442230225,0.18749399483203888,0.6095072031021118,0.13344085216522217,5.099801540374756,5.521401405334473,7.553935527801514,1.8582760095596313,4.161746025085449,4.888286590576172,4.338948726654053,4.99549674987793,7.743649005889893,4.836470603942871,,,,,,,,,,,6.716716766357422,9.122649192810059,10.362706184387207,2.071133613586426,6.34778356552124,7.168296813964844,5.744178295135498,5.106842041015625,8.96216106414795,5.564697742462158,,,,,,,,,,,,,,,,,,,,,,,,,,,,,,,,,,,,,,,,
19,3769,,,,,,,,,,,,,,,,,,,,,,,,,,,,,,,,,,,,,,,,,0.3160214424133301,0.3210303485393524,0.14410577714443207,0.48181575536727905,0.21785220503807068,0.1307017058134079,0.25684064626693726,0.6978346705436707,0.45487624406814575,0.1391356885433197,6.083272933959961,5.180422306060791,4.815934658050537,7.6103081703186035,5.587205410003662,4.616562843322754,6.400141716003418,9.720534324645996,5.981943130493164,4.836403846740723,,,,,,,,,,,7.277585506439209,6.2724223136901855,5.469559669494629,9.649291038513184,6.678526401519775,5.858905792236328,8.292827606201172,9.852239608764648,7.742298603057861,5.682199001312256,,,,,,,,,,,,,,,,,,,,,,,,,,,,,,,,,,,,,,,,
19,3774,,,,,,,,,,,,,,,,,,,,,,,,,,,,,,,,,,,,,,,,,0.2137605994939804,0.14431501924991608,0.19348689913749695,0.09896348416805267,0.12262643873691559,0.2150125503540039,0.2696446180343628,0.30220508575439453,0.3531761169433594,0.22441518306732178,5.063918590545654,3.4781382083892822,5.598811149597168,3.5195388793945312,4.250291347503662,5.726677417755127,5.985191822052002,5.375551223754883,5.970865249633789,5.670203685760498,,,,,,,,,,,6.273416996002197,4.205503940582275,6.337784290313721,4.373129844665527,5.010622501373291,7.5146331787109375,8.497020721435547,6.48350191116333,6.822113037109375,7.216444969177246,,,,,,,,,,,,,,,,,,,,,,,,,,,,,,,,,,,,,,,,
19,3779,,,,,,,,,,,,,,,,,,,,,,,,,,,,,,,,,,,,,,,,,0.5129534602165222,0.4758960008621216,0.07867306470870972,0.30627262592315674,0.5158398151397705,1.0302784442901611,0.6565923690795898,0.3761976957321167,0.36531728506088257,0.8115134239196777,7.443376541137695,5.498629570007324,3.383960723876953,6.8530354499816895,8.37683391571045,13.533223152160645,10.113117218017578,4.589973449707031,5.180291175842285,9.461322784423828,,,,,,,,,,,9.694677352905273,7.636921405792236,4.0413336753845215,7.693234443664551,10.27678108215332,16.44951820373535,13.25924301147461,7.233804702758789,6.938385009765625,13.722874641418457,,,,,,,,,,,,,,,,,,,,,,,,,,,,,,,,,,,,,,,,
19,3784,,,,,,,,,,,,,,,,,,,,,,,,,,,,,,,,,,,,,,,,,0.36369508504867554,0.1763060837984085,0.6398293972015381,0.5887620449066162,0.17018389701843262,0.39156219363212585,0.31739890575408936,0.31679660081863403,0.38823020458221436,0.28418654203414917,6.638004779815674,3.5640366077423096,9.352299690246582,8.281484603881836,4.6179633140563965,8.813567161560059,6.871291160583496,5.601023197174072,6.524703025817871,6.1156744956970215,,,,,,,,,,,8.22378921508789,4.648318767547607,11.525073051452637,10.666570663452148,5.902811050415039,10.140893936157227,9.218781471252441,6.638178825378418,7.1526665687561035,8.120802879333496,,,,,,,,,,,,,,,,,,,,,,,,,,,,,,,,,,,,,,,,
19,3789,,,,,,,,,,,,,,,,,,,,,,,,,,,,,,,,,,,,,,,,,0.3546934127807617,0.5486361384391785,0.021465275436639786,0.1088094562292099,0.515400230884552,0.5218116044998169,0.21098099648952484,0.48967671394348145,0.44023385643959045,0.3352263271808624,5.7289838790893555,6.420506954193115,1.8724390268325806,3.4775490760803223,6.504700660705566,7.7695465087890625,5.365719318389893,6.973363399505615,6.301810264587402,6.875221252441406,,,,,,,,,,,7.67567777633667,8.199822425842285,2.11095929145813,4.585515975952148,10.272400856018066,11.706652641296387,7.516098976135254,8.253029823303223,7.616667747497559,8.819952964782715,,,,,,,,,,,,,,,,,,,,,,,,,,,,,,,,,,,,,,,,
19,3794,,,,,,,,,,,,,,,,,,,,,,,,,,,,,,,,,,,,,,,,,0.21488210558891296,0.5328956246376038,0.038989245891571045,0.1316247284412384,0.0797804519534111,0.3516632914543152,0.12310929596424103,0.21193990111351013,0.005229691043496132,0.4587067663669586,4.579301834106445,6.1360955238342285,2.485255718231201,4.124364376068115,3.5954911708831787,8.133438110351562,3.861318826675415,4.1783833503723145,0.7723207473754883,7.927049160003662,,,,,,,,,,,5.771114826202393,8.081339836120605,2.8450119495391846,5.043402671813965,4.041549205780029,9.61035442352295,5.7413787841796875,5.429565906524658,0.8301589488983154,10.317269325256348,,,,,,,,,,,,,,,,,,,,,,,,,,,,,,,,,,,,,,,,
19,3799,,,,,,,,,,,,,,,,,,,,,,,,,,,,,,,,,,,,,,,,,0.3971940279006958,0.3482537865638733,0.21789765357971191,0.1580493450164795,0.28618738055229187,0.3653683364391327,0.6344878673553467,0.5068146586418152,0.817540168762207,0.2401469647884369,6.493621826171875,5.268250465393066,5.230216026306152,3.9141767024993896,5.586775302886963,7.1017608642578125,10.4171142578125,6.667490482330322,9.130742073059082,5.126068592071533,,,,,,,,,,,8.3900728225708,6.532962322235107,6.725706577301025,5.52651309967041,7.654642105102539,9.795831680297852,13.03414249420166,8.396210670471191,10.379534721374512,7.465102195739746,,,,,,,,,,,,,,,,,,,,,,,,,,,,,,,,,,,,,,,,
19,3804,,,,,,,,,,,,,,,,,,,,,,,,,,,,,,,,,,,,,,,,,0.4285106360912323,0.44734126329421997,0.6636947393417358,0.5155423879623413,0.3881547451019287,0.5690097212791443,0.1742614358663559,0.5482801198959351,0.29205578565597534,0.2582555115222931,7.032776832580566,6.2457122802734375,8.195996284484863,7.431412696838379,8.063431739807129,9.540959358215332,5.462981224060059,7.682861328125,4.710759162902832,5.960879802703857,,,,,,,,,,,8.863532066345215,7.404262065887451,11.738046646118164,9.98129940032959,8.914605140686035,12.224629402160645,6.8307976722717285,8.732930183410645,6.203777313232422,7.741444110870361,,,,,,,,,,,,,,,,,,,,,,,,,,,,,,,,,,,,,,,,
19,3809,,,,,,,,,,,,,,,,,,,,,,,,,,,,,,,,,,,,,,,,,0.4171706736087799,0.46668797731399536,0.11223068088293076,0.21511074900627136,0.39705008268356323,0.5952557921409607,0.5186158418655396,0.4031944274902344,0.4817745089530945,0.5646162629127502,6.869856357574463,6.061656475067139,4.035438537597656,5.745555400848389,7.473349094390869,9.765633583068848,8.35048770904541,6.40604829788208,5.6433539390563965,8.347182273864746,,,,,,,,,,,8.782654762268066,7.562677383422852,4.826890468597412,6.447419166564941,9.01617431640625,12.503387451171875,11.784025192260742,7.488864898681641,7.967924118041992,11.446531295776367,,,,,,,,,,,,,,,,,,,,,,,,,,,,,,,,,,,,,,,,
19,3814,,,,,,,,,,,,,,,,,,,,,,,,,,,,,,,,,,,,,,,,,0.5884177684783936,0.6968225240707397,0.8564623594284058,0.6933799386024475,0.30123502016067505,0.49606457352638245,0.3589877486228943,0.4351346492767334,1.031003475189209,0.42666929960250854,8.396421432495117,6.148940086364746,11.9447660446167,10.587950706481934,5.805897235870361,8.719066619873047,7.1058478355407715,6.277242183685303,11.408469200134277,7.569615364074707,,,,,,,,,,,10.28986930847168,9.241093635559082,13.3341646194458,11.575519561767578,7.853302955627441,11.414186477661133,9.80416488647461,7.7798380851745605,11.656102180480957,9.950454711914062,,,,,,,,,,,,,,,,,,,,,,,,,,,,,,,,,,,,,,,,
19,3819,,,,,,,,,,,,,,,,,,,,,,,,,,,,,,,,,,,,,,,,,0.23011371493339539,0.13882292807102203,0.0488007552921772,0.17137384414672852,0.22465914487838745,0.12901747226715088,0.21133483946323395,0.36419153213500977,0.5240873098373413,0.2587355375289917,5.034666061401367,3.4751789569854736,2.4570093154907227,4.510004043579102,5.414699077606201,4.514687538146973,6.010878562927246,4.930960655212402,6.9052734375,7.093300819396973,,,,,,,,,,,6.262712001800537,4.124704837799072,3.1829144954681396,5.754759311676025,6.782060623168945,5.821033954620361,7.522398471832275,7.117437362670898,8.310461044311523,7.748635292053223,,,,,,,,,,,,,,,,,,,,,,,,,,,,,,,,,,,,,,,,
19,3824,,,,,,,,,,,,,,,,,,,,,,,,,,,,,,,,,,,,,,,,,0.34149831533432007,0.2173088788986206,0.529833197593689,0.30323195457458496,0.31827110052108765,0.4002421498298645,0.33709996938705444,0.18221455812454224,0.2662114202976227,0.5190716981887817,6.773287296295166,4.221588611602783,9.576737403869629,6.634042263031006,6.308131694793701,9.098685264587402,7.592117786407471,4.062417030334473,5.537317276000977,7.928553581237793,,,,,,,,,,,8.117931365966797,5.160609722137451,10.487723350524902,7.654950141906738,8.072317123413086,10.252676963806152,9.500579833984375,5.03442907333374,5.9229302406311035,10.975160598754883,,,,,,,,,,,,,,,,,,,,,,,,,,,,,,,,,,,,,,,,
19,3829,,,,,,,,,,,,,,,,,,,,,,,,,,,,,,,,,,,,,,,,,0.4574367105960846,0.4060189127922058,0.3559916615486145,0.3736408054828644,0.3277689814567566,0.33993908762931824,0.8805881142616272,0.37754201889038086,0.25790920853614807,0.7975317239761353,7.174415588378906,5.515945911407471,7.371727466583252,7.022059917449951,6.59881591796875,7.570810794830322,10.137063980102539,5.301393032073975,4.8677778244018555,10.184146881103516,,,,,,,,,,,9.313850402832031,7.053998947143555,8.596695899963379,8.497321128845215,8.191879272460938,9.4487943649292,15.35526180267334,7.246718406677246,5.829841136932373,13.604143142700195,,,,,,,,,,,,,,,,,,,,,,,,,,,,,,,,,,,,,,,,
19,3834,,,,,,,,,,,,,,,,,,,,,,,,,,,,,,,,,,,,,,,,,0.4677128195762634,0.5221664309501648,0.5551123023033142,0.48828256130218506,0.33727821707725525,0.5039898753166199,0.5583428740501404,0.42581287026405334,0.4701117277145386,0.34831857681274414,6.986713886260986,5.545201301574707,7.575756072998047,7.824719429016113,6.411546230316162,8.05950927734375,8.899226188659668,4.510412216186523,5.982215881347656,8.071839332580566,,,,,,,,,,,9.449753761291504,7.999571323394775,10.735001564025879,9.713829040527344,8.30986213684082,11.505003929138184,12.227038383483887,7.696053981781006,7.870890140533447,8.990534782409668,,,,,,,,,,,,,,,,,,,,,,,,,,,,,,,,,,,,,,,,
19,3839,,,,,,,,,,,,,,,,,,,,,,,,,,,,,,,,,,,,,,,,,0.2866736352443695,0.20358961820602417,0.16618004441261292,0.11377493292093277,0.3406412601470947,0.39145204424858093,0.2617683410644531,0.3547608256340027,0.30457228422164917,0.4433232545852661,5.994095325469971,3.860496997833252,4.908204555511475,3.853043794631958,6.041599750518799,8.306709289550781,7.047372817993164,6.110426902770996,5.220558166503906,8.598444938659668,,,,,,,,,,,7.324781894683838,4.995052814483643,5.873556137084961,4.6889777183532715,8.351188659667969,10.139467239379883,8.372002601623535,7.024680137634277,6.335319519042969,10.142790794372559,,,,,,,,,,,,,,,,,,,,,,,,,,,,,,,,,,,,,,,,
19,3844,,,,,,,,,,,,,,,,,,,,,,,,,,,,,,,,,,,,,,,,,0.5831484198570251,0.3135814070701599,0.3687621057033539,0.790601909160614,0.7782440185546875,0.37375202775001526,0.21039442718029022,0.7585130333900452,0.8771114349365234,0.7773758172988892,8.053730964660645,5.212843418121338,7.748283386230469,10.306513786315918,9.790274620056152,8.349251747131348,6.0902323722839355,7.4117326736450195,8.0679292678833,9.506511688232422,,,,,,,,,,,10.19990062713623,6.199225425720215,8.749531745910645,12.360437393188477,12.622854232788086,9.907581329345703,7.505642890930176,10.271651268005371,10.751045227050781,13.431134223937988,,,,,,,,,,,,,,,,,,,,,,,,,,,,,,,,,,,,,,,,
19,3849,,,,,,,,,,,,,,,,,,,,,,,,,,,,,,,,,,,,,,,,,0.5425276160240173,0.5409213304519653,0.828761100769043,0.4458511471748352,0.5567575693130493,0.5818716287612915,0.3422892689704895,0.550258994102478,0.7653205990791321,0.27071693539619446,7.930020809173584,6.38812780380249,11.685908317565918,7.220940113067627,7.424670219421387,9.437318801879883,7.867485046386719,6.239833354949951,8.048466682434082,7.057435035705566,,,,,,,,,,,9.985578536987305,8.141966819763184,13.116752624511719,9.282176971435547,10.676593780517578,12.362020492553711,9.573427200317383,8.748674392700195,10.042572975158691,7.926016330718994,,,,,,,,,,,,,,,,,,,,,,,,,,,,,,,,,,,,,,,,
19,3854,,,,,,,,,,,,,,,,,,,,,,,,,,,,,,,,,,,,,,,,,0.37466859817504883,0.20632976293563843,0.18061161041259766,0.28263142704963684,0.2960349917411804,0.7856859564781189,0.15038174390792847,0.685588002204895,0.4029102325439453,0.381843626499176,6.931657314300537,4.450645923614502,5.651222229003906,5.260962009429932,6.470463275909424,11.747221946716309,5.182270050048828,9.386049270629883,7.035877704620361,7.200198173522949,,,,,,,,,,,8.167010307312012,5.028555393218994,6.123285293579102,7.39035177230835,7.785224437713623,14.364826202392578,6.345536708831787,9.765406608581543,7.286642074584961,9.41325855255127,,,,,,,,,,,,,,,,,,,,,,,,,,,,,,,,,,,,,,,,
19,3859,,,,,,,,,,,,,,,,,,,,,,,,,,,,,,,,,,,,,,,,,0.47492313385009766,0.5904573202133179,0.33002349734306335,0.12132744491100311,0.43310678005218506,0.7063426971435547,0.6277028322219849,0.5066624879837036,0.17231349647045135,0.7863717675209045,7.473204135894775,7.687492847442627,7.680686950683594,3.5727992057800293,8.189453125,8.95002555847168,8.936827659606934,7.1951141357421875,4.212665557861328,10.833770751953125,,,,,,,,,,,9.366206169128418,8.506610870361328,8.27721118927002,4.84210729598999,9.416666030883789,13.620203018188477,12.964262962341309,8.394949913024902,4.7652201652526855,13.508625984191895,,,,,,,,,,,,,,,,,,,,,,,,,,,,,,,,,,,,,,,,
19,3864,,,,,,,,,,,,,,,,,,,,,,,,,,,,,,,,,,,,,,,,,0.25924673676490784,0.2060909867286682,0.2321849763393402,0.2191135138273239,0.4278867244720459,0.24880921840667725,0.2631979286670685,0.10365863144397736,0.34644079208374023,0.28583773970603943,5.832221984863281,4.095198631286621,5.163639545440674,5.588229179382324,7.77478551864624,6.6050004959106445,6.8511528968811035,3.317784547805786,6.213582992553711,6.880624771118164,,,,,,,,,,,7.001336097717285,5.025644302368164,6.942704677581787,6.507129669189453,9.359745979309082,8.083680152893066,8.394832611083984,3.797182321548462,6.756749153137207,8.144359588623047,,,,,,,,,,,,,,,,,,,,,,,,,,,,,,,,,,,,,,,,
19,3869,,,,,,,,,,,,,,,,,,,,,,,,,,,,,,,,,,,,,,,,,0.3017813265323639,0.3094750940799713,0.5490899085998535,0.09068802744150162,0.11333818733692169,0.12393160164356232,0.17996054887771606,0.4310770630836487,0.33713477849960327,0.5813367366790771,5.505131244659424,4.504761695861816,5.605515956878662,3.918612241744995,4.148909568786621,4.705345630645752,5.681609153747559,6.41243314743042,5.654914379119873,8.914077758789062,,,,,,,,,,,7.16765832901001,6.158502101898193,10.676610946655273,4.186295509338379,4.8171234130859375,5.705148220062256,6.941597938537598,7.743480205535889,6.665382385253906,11.61478328704834,,,,,,,,,,,,,,,,,,,,,,,,,,,,,,,,,,,,,,,,
19,3874,,,,,,,,,,,,,,,,,,,,,,,,,,,,,,,,,,,,,,,,,0.32928553223609924,0.37671947479248047,0.14618250727653503,0.3015452027320862,0.30930665135383606,0.3772006928920746,0.24025344848632812,0.28657734394073486,0.3189798593521118,0.6068041920661926,5.991464614868164,5.248624801635742,4.5993804931640625,5.993034362792969,5.985898017883301,7.408742904663086,6.458953380584717,4.1324334144592285,5.197487831115723,8.898625373840332,,,,,,,,,,,7.836921691894531,6.794715881347656,5.508829593658447,7.63362979888916,7.957822799682617,9.953185081481934,8.020577430725098,6.313638210296631,6.483431339263916,11.86646842956543,,,,,,,,,,,,,,,,,,,,,,,,,,,,,,,,,,,,,,,,
19,3879,,,,,,,,,,,,,,,,,,,,,,,,,,,,,,,,,,,,,,,,,0.3931041955947876,0.31111159920692444,0.5764268040657043,0.597614586353302,0.2641472816467285,0.6393599510192871,0.5226761698722839,0.15883080661296844,0.2546943128108978,0.2130759358406067,6.829712867736816,5.189857006072998,9.047368049621582,9.22917366027832,5.630035400390625,10.123454093933105,7.833322048187256,4.1199259757995605,4.162152290344238,6.132124900817871,,,,,,,,,,,8.614246368408203,6.174764156341553,10.939153671264648,10.746460914611816,7.353984355926514,12.958316802978516,11.830065727233887,4.700305461883545,5.793391704559326,7.031765937805176,,,,,,,,,,,,,,,,,,,,,,,,,,,,,,,,,,,,,,,,
19,3879,,,,,,,,,,,,,,,,,,,,,,,,,,,,,,,,,,,,,,,,,,,,,,,,,,,6.445476055145264,5.259807586669922,6.3436279296875,6.19888162612915,6.629585266113281,8.142965316772461,7.090559482574463,5.525025844573975,5.670372486114502,7.1484575271606445,0.5940365195274353,0.5832328796386719,0.6537299156188965,0.6533893346786499,0.6015287041664124,0.5069596171379089,0.5864317417144775,0.6190612316131592,0.5737341642379761,0.568260669708252,8.494672775268555,6.96314001083374,8.34914493560791,8.151619911193848,8.85714340209961,10.715842247009277,9.482803344726562,7.191493988037109,7.40293550491333,9.337931632995605,0.5926830768585205,0.6803826093673706,0.6717667579650879,0.4049987494945526,0.6502686142921448,0.6815665364265442,0.4566470980644226,0.6032677292823792,0.6172290444374084,0.5680208206176758,7.957942485809326,6.616386890411377,8.505891799926758,6.815514087677002,8.72398567199707,9.761467933654785,8.244498252868652,6.754846572875977,7.493843078613281,8.705048561096191,0.34219759702682495,0.28484994173049927,0.43545228242874146,0.5571569204330444,0.2198925018310547,0.37867307662963867,0.5345333814620972,0.09014493227005005,0.12927109003067017,0.44980430603027344,10.743410110473633,9.357565879821777,11.519552230834961,9.886180877685547,11.95012378692627,13.552375793457031,10.906843185424805,8.892752647399902,9.488933563232422,11.13636589050293
20,3884,,,,,,,,,,,,,,,,,,,,,,,,,,,,,,,,,,,,,,,,,0.27282848954200745,0.19868500530719757,0.11136942356824875,0.17716725170612335,0.4270004332065582,0.18746836483478546,0.3809320628643036,0.24367766082286835,0.23839819431304932,0.4907580316066742,5.698361873626709,4.098082542419434,4.143190860748291,5.49210262298584,6.970444679260254,5.9615302085876465,7.2560601234436035,4.9046196937561035,4.319979667663574,8.13924503326416,,,,,,,,,,,7.128762245178223,4.934518814086914,4.8083343505859375,5.851222038269043,9.35004711151123,7.016812324523926,10.099376678466797,5.821924209594727,5.604989051818848,10.67163372039795,,,,,,,,,,,,,,,,,,,,,,,,,,,,,,,,,,,,,,,,
20,3889,,,,,,,,,,,,,,,,,,,,,,,,,,,,,,,,,,,,,,,,,0.33604803681373596,0.6045340895652771,0.1511198878288269,0.3308281898498535,0.4786681532859802,0.26498544216156006,0.2877124845981598,0.19138656556606293,0.2672044336795807,0.44799286127090454,6.137619495391846,6.977298736572266,4.772390842437744,6.848423004150391,6.1895623207092285,6.297084808349609,6.786362171173096,4.683656692504883,4.323812484741211,8.3599853515625,,,,,,,,,,,7.834755897521973,8.607413291931152,5.601089000701904,7.995693683624268,9.899582862854004,8.342320442199707,8.777081489562988,5.159580707550049,5.933967113494873,10.196067810058594,,,,,,,,,,,,,,,,,,,,,,,,,,,,,,,,,,,,,,,,
20,3894,,,,,,,,,,,,,,,,,,,,,,,,,,,,,,,,,,,,,,,,,0.3181932270526886,0.2529914975166321,0.25723278522491455,0.311012864112854,0.18944430351257324,0.5409682393074036,0.18917779624462128,0.16539213061332703,0.2940908968448639,0.6634286642074585,6.590797424316406,4.281412124633789,6.543004035949707,6.908236026763916,5.068154811859131,10.410223007202148,5.868182182312012,4.198017597198486,5.764720916748047,10.275227546691895,,,,,,,,,,,7.702502727508545,5.568204879760742,7.307600498199463,7.752541542053223,6.227882385253906,11.919601440429688,7.117146015167236,4.796408176422119,6.225353717803955,12.407787322998047,,,,,,,,,,,,,,,,,,,,,,,,,,,,,,,,,,,,,,,,
20,3899,,,,,,,,,,,,,,,,,,,,,,,,,,,,,,,,,,,,,,,,,0.26310694217681885,0.1984969824552536,0.4266921877861023,0.20082402229309082,0.42224985361099243,0.39660927653312683,0.17713582515716553,0.17196166515350342,0.07665587216615677,0.29733678698539734,5.686192989349365,4.32661247253418,7.823843002319336,5.396834850311279,7.0476884841918945,8.656546592712402,5.192407608032227,4.077208995819092,2.4264965057373047,6.228093147277832,,,,,,,,,,,7.037776470184326,4.932183742523193,9.411720275878906,6.229636192321777,9.297889709472656,10.206040382385254,6.886904239654541,4.890739917755127,3.1783082485198975,8.30656623840332,,,,,,,,,,,,,,,,,,,,,,,,,,,,,,,,,,,,,,,,
20,3904,,,,,,,,,,,,,,,,,,,,,,,,,,,,,,,,,,,,,,,,,0.28459426760673523,0.3115835189819336,0.15633423626422882,0.31471940875053406,0.39590418338775635,0.6084929704666138,0.28891700506210327,0.12348350882530212,0.10881294310092926,0.25310054421424866,6.003005027770996,4.997524261474609,4.71737003326416,6.8635406494140625,6.195480823516846,9.774765968322754,7.372227668762207,3.839836835861206,3.3389580249786377,6.927342414855957,,,,,,,,,,,7.30112361907959,6.179445743560791,5.696901321411133,7.798599720001221,9.003154754638672,12.641645431518555,8.795435905456543,4.14441442489624,3.7867233753204346,7.663792610168457,,,,,,,,,,,,,,,,,,,,,,,,,,,,,,,,,,,,,,,,
20,3909,,,,,,,,,,,,,,,,,,,,,,,,,,,,,,,,,,,,,,,,,0.29443302750587463,0.471040278673172,0.3898376226425171,0.10878348350524902,0.27835091948509216,0.2825932502746582,0.3331129252910614,0.33855926990509033,0.13716626167297363,0.31045299768447876,6.026587009429932,6.082472324371338,7.4824957847595215,3.7470386028289795,6.545278072357178,6.800363540649414,7.604804992675781,5.4312896728515625,4.0461859703063965,6.499347686767578,,,,,,,,,,,7.376559734344482,7.597860336303711,8.996085166931152,4.584968566894531,7.549113750457764,8.615029335021973,9.444230079650879,6.862400531768799,4.251546382904053,8.487799644470215,,,,,,,,,,,,,,,,,,,,,,,,,,,,,,,,,,,,,,,,
20,3914,,,,,,,,,,,,,,,,,,,,,,,,,,,,,,,,,,,,,,,,,0.4749622941017151,0.4150784909725189,0.2061111330986023,0.7165805101394653,0.4374104142189026,0.19300305843353271,0.27041926980018616,0.4498160183429718,1.0632359981536865,0.5230057239532471,7.002495288848877,6.172525882720947,5.338499069213867,9.04893970489502,6.311519145965576,5.803863525390625,7.601830005645752,5.165249824523926,9.120879173278809,8.459149360656738,,,,,,,,,,,9.032987594604492,7.132263660430908,6.541274547576904,11.767585754394531,9.463334083557129,7.119638442993164,8.509217262268066,7.909994125366211,11.836904525756836,11.016671180725098,,,,,,,,,,,,,,,,,,,,,,,,,,,,,,,,,,,,,,,,
20,3919,,,,,,,,,,,,,,,,,,,,,,,,,,,,,,,,,,,,,,,,,0.3631286323070526,0.5713099837303162,0.49205201864242554,0.45899826288223267,0.25735771656036377,0.4540609121322632,0.16351471841335297,0.20742936432361603,0.4653395116329193,0.1980951726436615,6.2148756980896,5.461861610412598,7.129700660705566,7.330811500549316,5.935239315032959,8.041399955749512,5.064736843109131,4.447396278381348,6.638479709625244,5.884254455566406,,,,,,,,,,,8.074531555175781,8.367547035217285,10.106881141662598,9.418036460876465,7.258856773376465,10.920258522033691,6.616818428039551,5.37147855758667,7.830837726593018,6.780069828033447,,,,,,,,,,,,,,,,,,,,,,,,,,,,,,,,,,,,,,,,
20,3924,,,,,,,,,,,,,,,,,,,,,,,,,,,,,,,,,,,,,,,,,0.43172726035118103,0.49401387572288513,0.7636668682098389,0.33661988377571106,0.6525698900222778,0.42930924892425537,0.37260347604751587,0.35134774446487427,0.14305779337882996,0.3423566222190857,7.456723690032959,6.074902057647705,10.697312355041504,6.322356224060059,8.944925308227539,9.086566925048828,8.930879592895508,5.692229747772217,4.1300787925720215,7.231265068054199,,,,,,,,,,,8.983221054077148,7.780935764312744,12.59109878540039,8.065378189086914,11.55881118774414,10.618446350097656,9.988361358642578,6.990807056427002,4.341892719268799,8.913260459899902,,,,,,,,,,,,,,,,,,,,,,,,,,,,,,,,,,,,,,,,
20,3929,,,,,,,,,,,,,,,,,,,,,,,,,,,,,,,,,,,,,,,,,0.3709498643875122,0.19653674960136414,0.09282168000936508,0.2059399038553238,0.4460705518722534,0.5763041973114014,0.3378336727619171,0.4056839644908905,0.625612735748291,0.45174503326416016,6.349147319793701,4.180985450744629,3.790548086166382,5.706489086151123,5.627063274383545,7.8458099365234375,7.865227222442627,6.048733711242676,8.113654136657715,7.963815689086914,,,,,,,,,,,8.20073413848877,4.907769203186035,4.389715671539307,6.308485507965088,9.556556701660156,12.30273723602295,9.510913848876953,7.511948585510254,9.079795837402344,10.238677978515625,,,,,,,,,,,,,,,,,,,,,,,,,,,,,,,,,,,,,,,,
20,3934,,,,,,,,,,,,,,,,,,,,,,,,,,,,,,,,,,,,,,,,,0.2444620132446289,0.2208714485168457,0.32409217953681946,0.17346282303333282,0.40588828921318054,0.26948294043540955,0.12339367717504501,0.17619939148426056,0.22226844727993011,0.28449881076812744,5.177759647369385,4.049935817718506,6.622217178344727,4.598122596740723,6.077036380767822,6.098868370056152,4.51816987991333,3.441412925720215,4.658728122711182,6.535346031188965,,,,,,,,,,,6.773301124572754,5.202739715576172,8.202494621276855,5.789727210998535,9.115970611572266,8.41281795501709,5.748006820678711,4.9506354331970215,5.412055015563965,8.125263214111328,,,,,,,,,,,,,,,,,,,,,,,,,,,,,,,,,,,,,,,,
20,3939,,,,,,,,,,,,,,,,,,,,,,,,,,,,,,,,,,,,,,,,,0.1774863749742508,0.43372026085853577,0.1695595383644104,0.09290580451488495,0.2776091992855072,0.16084958612918854,0.17408916354179382,0.09961540997028351,0.054451506584882736,0.13457684218883514,4.265013217926025,4.641660690307617,4.583512783050537,3.4390652179718018,5.743751525878906,5.371057987213135,4.787703037261963,3.2648940086364746,2.204648494720459,4.348822116851807,,,,,,,,,,,5.590703010559082,7.2906646728515625,5.932979106903076,4.237174034118652,7.53904914855957,6.499587535858154,6.827420711517334,3.722391128540039,2.6787259578704834,5.588334560394287,,,,,,,,,,,,,,,,,,,,,,,,,,,,,,,,,,,,,,,,
20,3944,,,,,,,,,,,,,,,,,,,,,,,,,,,,,,,,,,,,,,,,,0.3031024932861328,0.32553863525390625,0.22044461965560913,0.14547094702720642,0.2565060257911682,0.5929588079452515,0.18598595261573792,0.4684828817844391,0.3152880072593689,0.21724654734134674,5.804421424865723,5.108086109161377,5.867677211761475,4.99055814743042,5.425515651702881,8.979828834533691,5.925206661224365,5.588210105895996,4.9878764152526855,5.366831302642822,,,,,,,,,,,7.420520305633545,6.316311359405518,6.7649006843566895,5.302040100097656,7.246836185455322,12.479239463806152,7.056849479675293,8.072453498840332,6.445802688598633,7.100249767303467,,,,,,,,,,,,,,,,,,,,,,,,,,,,,,,,,,,,,,,,
20,3949,,,,,,,,,,,,,,,,,,,,,,,,,,,,,,,,,,,,,,,,,0.664280354976654,0.4102977216243744,0.22798937559127808,0.7849146127700806,1.0162193775177002,0.9490020275115967,0.6607110500335693,0.558879554271698,0.5172899961471558,0.8532192707061768,8.545982360839844,5.949446201324463,5.211728096008301,9.277976989746094,10.982683181762695,11.388327598571777,9.53370475769043,7.815743923187256,7.383113861083984,9.371122360229492,,,,,,,,,,,11.21593952178955,7.091070652008057,6.879691123962402,12.315897941589355,14.424254417419434,15.787357330322266,13.300764083862305,8.816939353942871,8.256391525268555,14.071083068847656,,,,,,,,,,,,,,,,,,,,,,,,,,,,,,,,,,,,,,,,
20,3954,,,,,,,,,,,,,,,,,,,,,,,,,,,,,,,,,,,,,,,,,0.21920865774154663,0.05214706435799599,0.20892947912216187,0.2304406762123108,0.39888995885849,0.4538065493106842,0.16774044930934906,0.23672837018966675,0.09490147233009338,0.12929382920265198,5.189882755279541,1.9604970216751099,4.4701151847839355,5.250344276428223,7.082846164703369,9.720687866210938,6.056166172027588,5.063530921936035,2.6090259552001953,4.495730876922607,,,,,,,,,,,6.355033874511719,2.528000593185425,6.585844993591309,6.67320442199707,9.037039756774902,10.917200088500977,6.701772689819336,5.738308429718018,3.5363869667053223,5.4775471687316895,,,,,,,,,,,,,,,,,,,,,,,,,,,,,,,,,,,,,,,,
20,3959,,,,,,,,,,,,,,,,,,,,,,,,,,,,,,,,,,,,,,,,,0.6512042284011841,0.5265558362007141,0.8192055821418762,0.6644225716590881,0.3917446434497833,0.5327523946762085,1.1613715887069702,0.574703574180603,0.5414287447929382,0.6486529111862183,8.684006690979004,6.690887451171875,9.522768020629883,9.114272117614746,6.758658409118652,9.154809951782227,11.957921028137207,8.047752380371094,6.905340194702148,10.00364875793457,,,,,,,,,,,11.16450309753418,8.033123970031738,13.040916442871094,11.331231117248535,8.955733299255371,11.828742027282715,17.634225845336914,8.940888404846191,8.446834564208984,12.268837928771973,,,,,,,,,,,,,,,,,,,,,,,,,,,,,,,,,,,,,,,,
20,3964,,,,,,,,,,,,,,,,,,,,,,,,,,,,,,,,,,,,,,,,,0.34178629517555237,0.5592978596687317,0.15765380859375,0.26845842599868774,0.3104681074619293,0.4075896441936493,0.4892493486404419,0.324679970741272,0.12465887516736984,0.43402066826820374,6.717098236083984,6.464686870574951,5.273096561431885,6.784305572509766,7.1274733543396,8.871355056762695,9.535962104797363,5.0459818840026855,3.3963210582733154,7.954700946807861,,,,,,,,,,,7.975162029266357,8.27911376953125,5.7208943367004395,7.202667236328125,7.972750186920166,10.346357345581055,11.44552993774414,6.720265865325928,4.053077220916748,10.035809516906738,,,,,,,,,,,,,,,,,,,,,,,,,,,,,,,,,,,,,,,,
20,3969,,,,,,,,,,,,,,,,,,,,,,,,,,,,,,,,,,,,,,,,,0.31938865780830383,0.19143198430538177,0.1477161943912506,0.08452101051807404,0.3855036199092865,0.9631519913673401,0.2524870038032532,0.2480981945991516,0.08306293189525604,0.5185249447822571,5.48206090927124,3.3654732704162598,4.666546821594238,2.8979647159576416,6.581732749938965,9.19007682800293,6.611478328704834,4.923290252685547,2.6839993000030518,8.41798210144043,,,,,,,,,,,7.50955867767334,4.843614101409912,5.537652492523193,4.041450023651123,8.884108543395996,15.904620170593262,8.222243309020996,5.874495029449463,3.3084676265716553,10.969379425048828,,,,,,,,,,,,,,,,,,,,,,,,,,,,,,,,,,,,,,,,
20,3974,,,,,,,,,,,,,,,,,,,,,,,,,,,,,,,,,,,,,,,,,0.5447183847427368,0.4734102189540863,0.4668829143047333,0.3616566061973572,1.1490205526351929,0.6302000880241394,0.3126928508281708,0.5427937507629395,0.6109024882316589,0.3549060821533203,7.98207426071167,6.164966106414795,8.007596969604492,6.328185081481934,11.428674697875977,9.784955978393555,7.623736381530762,7.458168983459473,8.13866138458252,6.903728008270264,,,,,,,,,,,9.990193367004395,7.616949081420898,9.844998359680176,8.359939575195312,15.337817192077637,12.865157127380371,9.150182723999023,8.689126968383789,8.972413063049316,9.075152397155762,,,,,,,,,,,,,,,,,,,,,,,,,,,,,,,,,,,,,,,,
20,3979,,,,,,,,,,,,,,,,,,,,,,,,,,,,,,,,,,,,,,,,,0.9768207669258118,0.7644793391227722,0.9939513206481934,1.4372777938842773,1.110105276107788,0.8873738646507263,0.9855279922485352,1.0310543775558472,1.0804033279418945,0.5012128949165344,9.703974723815918,8.462362289428711,9.939620971679688,11.80665111541748,8.996489524841309,12.419088363647461,10.76606273651123,8.212824821472168,9.004581451416016,7.728084087371826,,,,,,,,,,,13.554289817810059,9.679327011108398,14.364622116088867,16.66576385498047,15.075846672058105,15.26613712310791,16.24445915222168,11.975661277770996,11.932082176208496,10.784706115722656,,,,,,,,,,,,,,,,,,,,,,,,,,,,,,,,,,,,,,,,
20,3984,,,,,,,,,,,,,,,,,,,,,,,,,,,,,,,,,,,,,,,,,0.22175318002700806,0.2558872401714325,0.5015472173690796,0.15385816991329193,0.13989323377609253,0.23408560454845428,0.18265771865844727,0.04005645960569382,0.16444998979568481,0.323342889547348,5.079089164733887,4.326367378234863,8.291550636291504,3.906212568283081,4.2104716300964355,6.537164211273193,5.926072120666504,1.882892370223999,3.8565151691436768,6.774559020996094,,,,,,,,,,,6.346733093261719,5.599981307983398,10.203932762145996,5.452744483947754,5.351777076721191,7.840851306915283,6.9934234619140625,2.3604514598846436,4.655220031738281,8.662213325500488,,,,,,,,,,,,,,,,,,,,,,,,,,,,,,,,,,,,,,,,
20,3989,,,,,,,,,,,,,,,,,,,,,,,,,,,,,,,,,,,,,,,,,0.35179275274276733,0.3186577558517456,0.33116042613983154,0.42255061864852905,0.33437806367874146,0.4352601170539856,0.21891649067401886,0.3571992814540863,0.47684216499328613,0.2711698114871979,6.778006076812744,5.107666015625,7.216423034667969,7.289980411529541,6.347507953643799,8.832367897033691,6.276680946350098,6.426229000091553,7.5191497802734375,5.986053466796875,,,,,,,,,,,8.123052597045898,6.249201774597168,8.291457176208496,9.036375045776367,8.274057388305664,10.691786766052246,7.656142711639404,7.048780918121338,7.927031993865967,7.932641983032227,,,,,,,,,,,,,,,,,,,,,,,,,,,,,,,,,,,,,,,,
20,3994,,,,,,,,,,,,,,,,,,,,,,,,,,,,,,,,,,,,,,,,,0.2315947711467743,0.2212146818637848,0.17900998890399933,0.19494682550430298,0.13530834019184113,0.25000816583633423,0.16736023128032684,0.06269529461860657,0.5216916799545288,0.3521176874637604,5.091701984405518,4.20327091217041,5.63237190246582,4.642285346984863,4.433785438537598,6.169532775878906,4.804736137390137,2.2580463886260986,6.162133693695068,7.519155979156494,,,,,,,,,,,6.420585632324219,5.206779956817627,6.09607458114624,6.13780403137207,5.263345718383789,8.103132247924805,6.694172382354736,2.9530866146087646,8.2914457321167,9.03943157196045,,,,,,,,,,,,,,,,,,,,,,,,,,,,,,,,,,,,,,,,
20,3999,,,,,,,,,,,,,,,,,,,,,,,,,,,,,,,,,,,,,,,,,0.3629356920719147,0.34259167313575745,0.47168269753456116,0.4114547073841095,0.4894796907901764,0.19824591279029846,0.15134577453136444,0.6262228488922119,0.37397274374961853,0.20142537355422974,6.504292011260986,5.238163948059082,8.251803398132324,7.436370849609375,8.521135330200195,6.334428787231445,5.321291923522949,7.0507917404174805,4.792076110839844,5.592564582824707,,,,,,,,,,,8.008256912231445,6.4796366691589355,9.895475387573242,8.91694164276123,10.010758399963379,7.215692520141602,6.365843772888184,9.333040237426758,7.02009916305542,6.836822032928467,,,,,,,,,,,,,,,,,,,,,,,,,,,,,,,,,,,,,,,,
20,4004,,,,,,,,,,,,,,,,,,,,,,,,,,,,,,,,,,,,,,,,,0.2714041769504547,0.2046373188495636,0.21198120713233948,0.1559438705444336,0.26588213443756104,0.2668214440345764,0.3598455488681793,0.25645384192466736,0.24259710311889648,0.4784749448299408,5.713326454162598,4.150833606719971,5.907127380371094,4.114521503448486,5.382482051849365,6.563416481018066,7.387220859527588,4.436716556549072,4.537399768829346,8.940220832824707,,,,,,,,,,,7.206705093383789,5.007889270782471,6.6337690353393555,5.489579200744629,7.378094673156738,8.371170043945312,9.815871238708496,5.972598075866699,5.654134273529053,10.537238121032715,,,,,,,,,,,,,,,,,,,,,,,,,,,,,,,,,,,,,,,,
20,4009,,,,,,,,,,,,,,,,,,,,,,,,,,,,,,,,,,,,,,,,,0.3102763891220093,0.08503907918930054,0.3285069763660431,0.506094217300415,0.2971367835998535,0.3263404071331024,0.3851476311683655,0.21846938133239746,0.2788921296596527,0.36686083674430847,6.276519775390625,2.53938627243042,6.303508281707764,8.628274917602539,6.533515453338623,7.0149407386779785,8.931962966918945,5.0100297927856445,5.585854530334473,5.9412031173706055,,,,,,,,,,,7.710022926330566,3.2282824516296387,8.258172988891602,9.88941478729248,7.799698352813721,9.257874488830566,10.155104637145996,5.512568950653076,6.0623555183410645,9.226731300354004,,,,,,,,,,,,,,,,,,,,,,,,,,,,,,,,,,,,,,,,
20,4014,,,,,,,,,,,,,,,,,,,,,,,,,,,,,,,,,,,,,,,,,0.570817232131958,0.2484457939863205,0.4400976300239563,0.662274956703186,0.28482508659362793,0.26075881719589233,0.4720328450202942,0.5738527178764343,1.925707459449768,0.26935920119285583,8.266794204711914,4.597579002380371,8.19402027130127,10.024691581726074,6.4839863777160645,6.610344409942627,9.4202880859375,7.815954685211182,14.804736137390137,6.449545860290527,,,,,,,,,,,9.590447425842285,5.517954349517822,9.558422088623047,11.31290340423584,7.636401176452637,8.275522232055664,11.242344856262207,8.9342679977417,15.930099487304688,7.9061150550842285,,,,,,,,,,,,,,,,,,,,,,,,,,,,,,,,,,,,,,,,
20,4019,,,,,,,,,,,,,,,,,,,,,,,,,,,,,,,,,,,,,,,,,0.41603052616119385,0.481596440076828,0.38474753499031067,0.520896852016449,0.17556436359882355,0.29226523637771606,0.3138396143913269,0.49437522888183594,0.6541409492492676,0.4268482029438019,6.991516590118408,6.270618438720703,6.956606388092041,9.150500297546387,5.1390228271484375,6.457849979400635,7.559908866882324,6.52766752243042,7.815371036529541,7.046106815338135,,,,,,,,,,,8.678424835205078,7.68252420425415,8.93716049194336,10.032999038696289,5.995395660400391,8.76121711730957,9.166946411132812,8.29253101348877,9.284509658813477,9.952539443969727,,,,,,,,,,,,,,,,,,,,,,,,,,,,,,,,,,,,,,,,
20,4024,,,,,,,,,,,,,,,,,,,,,,,,,,,,,,,,,,,,,,,,,0.6159727573394775,0.4388117492198944,0.9660780429840088,1.2864471673965454,0.1855262964963913,0.8118263483047485,0.504576563835144,0.1593835949897766,1.0125365257263184,0.17856867611408234,7.785401344299316,6.377755641937256,10.190370559692383,13.177149772644043,4.743173122406006,11.462270736694336,9.072887420654297,4.103721618652344,7.142739772796631,3.798539400100708,,,,,,,,,,,10.260838508605957,7.3333330154418945,14.161776542663574,15.76706600189209,6.163145065307617,14.601835250854492,11.623430252075195,4.70847749710083,11.551240921020508,6.437242031097412,,,,,,,,,,,,,,,,,,,,,,,,,,,,,,,,,,,,,,,,
20,4029,,,,,,,,,,,,,,,,,,,,,,,,,,,,,,,,,,,,,,,,,0.38236093521118164,0.5291938781738281,0.21261678636074066,0.21772581338882446,0.14133790135383606,0.4661105275154114,0.18112888932228088,0.5466291308403015,0.8938397765159607,0.2526656985282898,6.692312717437744,6.346949577331543,5.693362236022949,5.461790561676025,4.513701915740967,9.768397331237793,6.1361002922058105,6.871873378753662,9.482637405395508,5.956003189086914,,,,,,,,,,,7.980124473571777,8.053221702575684,6.643706321716309,6.4864912033081055,5.379339694976807,11.064207077026367,6.964094638824463,8.719772338867188,10.853082656860352,7.6572065353393555,,,,,,,,,,,,,,,,,,,,,,,,,,,,,,,,,,,,,,,,
20,4034,,,,,,,,,,,,,,,,,,,,,,,,,,,,,,,,,,,,,,,,,0.4002598226070404,0.5830115079879761,0.1572158932685852,0.26412972807884216,0.3722696006298065,0.8073129653930664,0.5632127523422241,0.047818344086408615,0.07066304981708527,0.736704409122467,6.366432189941406,6.075466632843018,5.258149147033691,7.00451135635376,6.622753620147705,10.450457572937012,7.74500036239624,2.3027875423431396,2.804199695587158,9.034563064575195,,,,,,,,,,,8.39860725402832,8.452805519104004,5.712943077087402,7.144362926483154,8.730284690856934,14.561188697814941,12.280244827270508,2.5790274143218994,3.0515429973602295,13.075063705444336,,,,,,,,,,,,,,,,,,,,,,,,,,,,,,,,,,,,,,,,
20,4039,,,,,,,,,,,,,,,,,,,,,,,,,,,,,,,,,,,,,,,,,0.3222891390323639,0.5788367390632629,0.3673763871192932,0.2721002399921417,0.38867852091789246,0.3608301281929016,0.1506335288286209,0.15525409579277039,0.33975648880004883,0.28713637590408325,6.043348789215088,6.9089155197143555,6.443821430206299,5.527628421783447,6.721258163452148,7.744821071624756,5.22047233581543,3.2544233798980713,6.121592044830322,6.447206497192383,,,,,,,,,,,7.65715217590332,8.422486305236816,8.733075141906738,7.2513580322265625,8.92061710357666,9.734806060791016,6.350846767425537,4.64708137512207,6.691248893737793,8.162840843200684,,,,,,,,,,,,,,,,,,,,,,,,,,,,,,,,,,,,,,,,
20,4044,,,,,,,,,,,,,,,,,,,,,,,,,,,,,,,,,,,,,,,,,0.24433350563049316,0.21258850395679474,0.051827188581228256,0.19603686034679413,0.29725468158721924,0.5507694482803345,0.16898438334465027,0.11155049502849579,0.4989657402038574,0.11102420091629028,5.341677188873291,4.4084672927856445,2.750286102294922,4.901604175567627,6.7752532958984375,8.875272750854492,5.218307971954346,3.2237610816955566,7.510200023651123,4.411942481994629,,,,,,,,,,,6.468663692474365,5.104252815246582,3.280125856399536,6.1549391746521,7.801246166229248,12.02709674835205,6.726576328277588,3.9390766620635986,8.10883903503418,5.075817584991455,,,,,,,,,,,,,,,,,,,,,,,,,,,,,,,,,,,,,,,,
20,4049,,,,,,,,,,,,,,,,,,,,,,,,,,,,,,,,,,,,,,,,,0.5365589261054993,0.40676555037498474,0.5175065398216248,0.23305024206638336,1.3708598613739014,0.28454917669296265,0.20655640959739685,0.4456422030925751,0.6782481670379639,0.6858522891998291,7.247738361358643,5.353215217590332,8.54592514038086,4.43541955947876,12.431187629699707,7.046963214874268,5.550922870635986,4.7005205154418945,8.314180374145508,8.851312637329102,,,,,,,,,,,9.657129287719727,7.060482501983643,10.365007400512695,6.710883140563965,16.75313949584961,8.644791603088379,7.436869144439697,7.8732099533081055,9.4540433883667,12.615734100341797,,,,,,,,,,,,,,,,,,,,,,,,,,,,,,,,,,,,,,,,
20,4054,,,,,,,,,,,,,,,,,,,,,,,,,,,,,,,,,,,,,,,,,0.48637306690216064,0.5102847814559937,0.17789669334888458,0.37446027994155884,0.5053046345710754,0.33936911821365356,0.6096856594085693,0.5421242713928223,0.4946087598800659,0.82362300157547,7.967598915100098,6.652610778808594,5.173919677734375,7.088418006896973,8.431818008422852,8.135431289672852,9.723739624023438,8.223851203918457,7.453385353088379,10.825213432312012,,,,,,,,,,,9.495864868164062,7.908034801483154,6.077088832855225,8.506634712219238,10.171296119689941,9.44087028503418,12.776848793029785,8.683767318725586,8.073357582092285,13.824882507324219,,,,,,,,,,,,,,,,,,,,,,,,,,,,,,,,,,,,,,,,
20,4059,,,,,,,,,,,,,,,,,,,,,,,,,,,,,,,,,,,,,,,,,0.2592569887638092,0.13089998066425323,0.3161514699459076,0.36128896474838257,0.22463703155517578,0.304379940032959,0.11738880723714828,0.2896063029766083,0.14117461442947388,0.4477856159210205,5.88916015625,3.6405181884765625,6.266207218170166,7.743558406829834,5.9896039962768555,7.9488630294799805,4.132758140563965,5.0933756828308105,3.3789985179901123,8.808558464050293,,,,,,,,,,,6.960585594177246,4.005272388458252,8.101384162902832,8.355688095092773,6.7817277908325195,8.940954208374023,5.606400966644287,6.3469157218933105,4.313220024108887,10.193709373474121,,,,,,,,,,,,,,,,,,,,,,,,,,,,,,,,,,,,,,,,
20,4064,,,,,,,,,,,,,,,,,,,,,,,,,,,,,,,,,,,,,,,,,0.23033809661865234,0.17118914425373077,0.3389158248901367,0.1160740852355957,0.2804045081138611,0.33191901445388794,0.1468672752380371,0.16151535511016846,0.2879157066345215,0.23824194073677063,5.1912841796875,3.592039108276367,4.944284439086914,4.0221405029296875,6.054411888122559,7.870245933532715,5.518798351287842,3.9394538402557373,4.790652751922607,5.989528656005859,,,,,,,,,,,6.580438613891602,4.580368518829346,8.387983322143555,4.736117839813232,7.576910018920898,9.336668014526367,6.270949840545654,4.739861488342285,6.159648895263672,7.435433864593506,,,,,,,,,,,,,,,,,,,,,,,,,,,,,,,,,,,,,,,,
20,4069,,,,,,,,,,,,,,,,,,,,,,,,,,,,,,,,,,,,,,,,,0.2560000419616699,0.29287025332450867,0.3066968321800232,0.436404287815094,0.21710295975208282,0.33928078413009644,0.1889398694038391,0.13074110448360443,0.14484743773937225,0.2471167892217636,5.582703113555908,4.707807540893555,6.174202919006348,7.537342548370361,5.354145526885986,7.400139331817627,6.05009651184082,3.501718044281006,3.794224500656128,5.72465181350708,,,,,,,,,,,6.953230857849121,5.991008281707764,7.979328155517578,9.18331241607666,6.667031288146973,9.439640998840332,7.112668991088867,4.264467239379883,4.368966102600098,7.572658061981201,,,,,,,,,,,,,,,,,,,,,,,,,,,,,,,,,,,,,,,,
20,4073,,,,,,,,,,,,,,,,,,,,,,,,,,,,,,,,,,,,,,,,,,,,,,,,,,,6.429450988769531,5.276907920837402,6.349495887756348,6.15405797958374,6.631284236907959,8.119098663330078,7.014209747314453,5.52028751373291,5.644383430480957,7.155333042144775,0.5964086651802063,0.585167407989502,0.657380998134613,0.657479465007782,0.5989490747451782,0.5090242624282837,0.5962878465652466,0.6218620538711548,0.5736758708953857,0.5678508281707764,8.468271255493164,6.946961879730225,8.305012702941895,8.103377342224121,8.885766983032227,10.69338321685791,9.369124412536621,7.165007591247559,7.403440952301025,9.342363357543945,0.5115352869033813,0.5531019568443298,0.60126131772995,0.3601079285144806,0.5710676908493042,0.5937116742134094,0.4266585409641266,0.46426957845687866,0.5394842624664307,0.494154155254364,7.329634189605713,5.640427589416504,8.144700050354004,6.211162567138672,8.227557182312012,9.498112678527832,8.181079864501953,5.561239242553711,6.634913921356201,7.867517948150635,0.44804659485816956,0.42961645126342773,0.5379867553710938,0.6152137517929077,0.3209370970726013,0.46498847007751465,0.5679960250854492,0.3088858127593994,0.2678496837615967,0.5189451575279236,9.89897632598877,8.356948852539062,10.421073913574219,9.21538257598877,11.14936637878418,12.575837135314941,10.507481575012207,7.750416278839111,8.70113754272461,10.413151741027832
21,4074,,,,,,,,,,,,,,,,,,,,,,,,,,,,,,,,,,,,,,,,,0.26982346177101135,0.3413519561290741,0.2739250957965851,0.10264040529727936,0.44386592507362366,0.3447538912296295,0.1429380476474762,0.15817268192768097,0.1304519772529602,0.49031102657318115,5.249419212341309,5.013442516326904,5.4553914070129395,3.5281858444213867,6.372616767883301,7.3246846199035645,4.883440017700195,3.06180739402771,3.277061939239502,8.328145980834961,,,,,,,,,,,7.022322177886963,6.467902183532715,7.540976047515869,4.453629016876221,9.532912254333496,9.515474319458008,6.186495780944824,4.69055700302124,4.14618444442749,10.66677188873291,,,,,,,,,,,,,,,,,,,,,,,,,,,,,,,,,,,,,,,,
21,4079,,,,,,,,,,,,,,,,,,,,,,,,,,,,,,,,,,,,,,,,,0.2836138904094696,0.24808771908283234,0.1347886472940445,0.17859989404678345,0.351030558347702,0.32476934790611267,0.38519206643104553,0.22449398040771484,0.4812510013580322,0.2243119776248932,5.956183433532715,4.555237293243408,4.247833251953125,4.785684108734131,6.351188659667969,8.280630111694336,8.384596824645996,4.89760160446167,6.637840270996094,5.4650373458862305,,,,,,,,,,,7.257097244262695,5.513976097106934,5.289789199829102,5.874832630157471,8.477583885192871,9.235562324523926,10.155691146850586,5.58806037902832,7.96359395980835,7.214786052703857,,,,,,,,,,,,,,,,,,,,,,,,,,,,,,,,,,,,,,,,
21,4084,,,,,,,,,,,,,,,,,,,,,,,,,,,,,,,,,,,,,,,,,0.42017707228660583,0.3318648934364319,0.16307184100151062,0.4200970232486725,0.34673431515693665,0.8382889628410339,0.5559149980545044,0.49768006801605225,0.4376607835292816,0.1902807056903839,6.866866111755371,5.221347808837891,4.789836406707764,6.669923305511475,6.399097919464111,11.042677879333496,7.875590801239014,7.6409478187561035,6.350207805633545,5.812164306640625,,,,,,,,,,,8.80325698852539,6.377389430999756,5.8183674812316895,9.010102272033691,8.425546646118164,14.837911605834961,12.200425148010254,8.320201873779297,7.594376087188721,6.644993782043457,,,,,,,,,,,,,,,,,,,,,,,,,,,,,,,,,,,,,,,,
21,4089,,,,,,,,,,,,,,,,,,,,,,,,,,,,,,,,,,,,,,,,,0.2929372191429138,0.07787027209997177,0.3876308798789978,0.07920366525650024,0.2973564863204956,0.13414597511291504,0.7056044936180115,0.4907948076725006,0.20939531922340393,0.25443318486213684,5.706696510314941,2.366727113723755,7.173146724700928,2.7531819343566895,5.155200481414795,5.215517520904541,11.213065147399902,6.980722904205322,4.648537635803223,5.8541693687438965,,,,,,,,,,,7.183870315551758,3.089214563369751,8.970586776733398,3.9122583866119385,7.802581787109375,5.935601234436035,13.74521255493164,8.262446403503418,5.252992153167725,7.6839423179626465,,,,,,,,,,,,,,,,,,,,,,,,,,,,,,,,,,,,,,,,
21,4094,,,,,,,,,,,,,,,,,,,,,,,,,,,,,,,,,,,,,,,,,0.40866753458976746,0.43435266613960266,0.12641280889511108,0.24917647242546082,0.7237204313278198,0.5113593935966492,0.12318403273820877,1.0527613162994385,0.18714427947998047,0.2698962688446045,6.205085277557373,5.376922607421875,4.091297626495361,5.876102447509766,8.988492012023926,7.277637958526611,4.8230061531066895,10.005057334899902,4.6700873374938965,4.737165927886963,,,,,,,,,,,8.204851150512695,7.295978546142578,5.12279748916626,6.939183712005615,12.172647476196289,11.588812828063965,5.74312162399292,12.101067543029785,4.966055393218994,7.913992404937744,,,,,,,,,,,,,,,,,,,,,,,,,,,,,,,,,,,,,,,,
21,4099,,,,,,,,,,,,,,,,,,,,,,,,,,,,,,,,,,,,,,,,,0.4012249708175659,0.7496521472930908,0.6762707829475403,0.15387412905693054,0.28635454177856445,0.24041640758514404,0.32402390241622925,0.017463332042098045,0.3759811520576477,0.7869881987571716,6.711540222167969,7.314061164855957,9.863668441772461,4.7288055419921875,5.469758033752441,7.101867198944092,8.37137222290039,1.2349903583526611,5.759535312652588,10.55980396270752,,,,,,,,,,,8.212857246398926,9.585000991821289,11.848733901977539,5.453027725219727,7.656877040863037,7.946171760559082,9.314495086669922,1.5585553646087646,7.038924694061279,13.51391887664795,,,,,,,,,,,,,,,,,,,,,,,,,,,,,,,,,,,,,,,,
21,4104,,,,,,,,,,,,,,,,,,,,,,,,,,,,,,,,,,,,,,,,,0.3642614185810089,0.4798477292060852,0.3340633809566498,0.3577286899089813,0.20480678975582123,0.44595515727996826,0.28088581562042236,0.7589489221572876,0.24816235899925232,0.16795392334461212,6.211977481842041,5.784725189208984,5.907105445861816,6.032781600952148,4.605879306793213,8.546178817749023,6.744936466217041,8.428442001342773,5.006286144256592,4.851465225219727,,,,,,,,,,,8.057451248168945,7.668563365936279,8.327720642089844,8.31441593170166,6.475478172302246,10.822346687316895,8.672327995300293,10.274600982666016,5.718620300292969,6.242984771728516,,,,,,,,,,,,,,,,,,,,,,,,,,,,,,,,,,,,,,,,
21,4109,,,,,,,,,,,,,,,,,,,,,,,,,,,,,,,,,,,,,,,,,0.2022058516740799,0.13838933408260345,0.04335436969995499,0.13258738815784454,0.41671085357666016,0.31386837363243103,0.22549670934677124,0.08833815157413483,0.040190890431404114,0.42091643810272217,4.758376121520996,3.5496580600738525,2.402214765548706,4.157968521118164,6.996945381164551,6.909671306610107,6.700721263885498,2.7399356365203857,1.8641895055770874,7.504082202911377,,,,,,,,,,,5.995144844055176,4.118258476257324,3.000047445297241,5.061811447143555,9.23670482635498,9.079243659973145,7.770355701446533,3.505361557006836,2.3013739585876465,9.883145332336426,,,,,,,,,,,,,,,,,,,,,,,,,,,,,,,,,,,,,,,,
21,4114,,,,,,,,,,,,,,,,,,,,,,,,,,,,,,,,,,,,,,,,,0.589692234992981,0.27343839406967163,0.6400226950645447,1.2307312488555908,0.7210665941238403,0.6795984506607056,0.31905028223991394,0.18060122430324554,0.5181560516357422,0.7445647120475769,8.083612442016602,4.341141223907471,8.514165878295898,11.047745704650879,9.572376251220703,9.230836868286133,7.392182350158691,4.404768466949463,6.339413642883301,11.909878730773926,,,,,,,,,,,10.434494018554688,5.788846015930176,11.526814460754395,15.42185115814209,12.150308609008789,13.359864234924316,9.242732048034668,5.012092113494873,8.263300895690918,13.144631385803223,,,,,,,,,,,,,,,,,,,,,,,,,,,,,,,,,,,,,,,,
21,4119,,,,,,,,,,,,,,,,,,,,,,,,,,,,,,,,,,,,,,,,,0.2824116349220276,0.21098090708255768,0.2314016968011856,0.6897508502006531,0.2223735749721527,0.2584451138973236,0.313519150018692,0.324026882648468,0.183432474732399,0.1077740266919136,5.595783710479736,3.7863757610321045,4.9282073974609375,8.677827835083008,4.87337064743042,6.668355941772461,7.5947723388671875,6.190210819244385,3.4046170711517334,4.238315105438232,,,,,,,,,,,7.14895486831665,5.084916591644287,6.9309844970703125,11.545187950134277,6.747474193572998,8.238724708557129,9.162264823913574,6.713503837585449,4.916560649871826,5.000969886779785,,,,,,,,,,,,,,,,,,,,,,,,,,,,,,,,,,,,,,,,
21,4124,,,,,,,,,,,,,,,,,,,,,,,,,,,,,,,,,,,,,,,,,0.28302252292633057,0.13021822273731232,0.2031242698431015,0.08554056286811829,0.4782908260822296,0.304699182510376,0.17180591821670532,0.5634014010429382,0.17922817170619965,0.43089407682418823,5.492565631866455,3.2009851932525635,5.685439109802246,3.3126235008239746,7.044039726257324,6.572299480438232,5.131030559539795,6.870813846588135,4.011130332946777,7.604730129241943,,,,,,,,,,,7.098903179168701,3.994828701019287,6.493705749511719,4.0657525062561035,9.89568042755127,8.94564151763916,6.782500267028809,8.85253620147705,4.859889984130859,9.999595642089844,,,,,,,,,,,,,,,,,,,,,,,,,,,,,,,,,,,,,,,,
21,4129,,,,,,,,,,,,,,,,,,,,,,,,,,,,,,,,,,,,,,,,,0.22398792207241058,0.24742935597896576,0.22850733995437622,0.29290783405303955,0.2359122931957245,0.3190554082393646,0.24411894381046295,0.10200818628072739,0.22181954979896545,0.1241324171423912,5.10807991027832,4.0028767585754395,4.976630687713623,5.767215251922607,5.7920989990234375,6.993837833404541,6.535424709320068,3.2091197967529297,4.097794055938721,4.59771728515625,,,,,,,,,,,6.5163140296936035,5.506655216217041,6.8875017166137695,7.523507118225098,6.9498419761657715,9.153958320617676,8.08484172821045,3.7668323516845703,5.40658712387085,5.367101669311523,,,,,,,,,,,,,,,,,,,,,,,,,,,,,,,,,,,,,,,,
21,4134,,,,,,,,,,,,,,,,,,,,,,,,,,,,,,,,,,,,,,,,,0.24126039445400238,0.16413727402687073,0.19764232635498047,0.247543603181839,0.31346702575683594,0.43137478828430176,0.22464095056056976,0.2567247748374939,0.0571889653801918,0.2786239981651306,5.5837082862854,3.643754482269287,4.956768035888672,5.913540840148926,6.343770503997803,8.870927810668945,6.086377143859863,5.417954921722412,2.3835103511810303,6.636767864227295,,,,,,,,,,,6.77550745010376,4.485035419464111,6.405479907989502,6.91641092300415,8.011162757873535,10.643959999084473,7.7555975914001465,5.975752353668213,2.745234251022339,8.040933609008789,,,,,,,,,,,,,,,,,,,,,,,,,,,,,,,,,,,,,,,,
21,4139,,,,,,,,,,,,,,,,,,,,,,,,,,,,,,,,,,,,,,,,,0.34660592675209045,0.23577997088432312,0.5893425941467285,0.32572799921035767,0.2603173553943634,0.267940491437912,0.47584405541419983,0.42522621154785156,0.3156312108039856,0.22364360094070435,6.67068338394165,4.086724281311035,10.362066268920898,6.833956718444824,5.883337497711182,6.618691921234131,8.614306449890137,6.328585624694824,5.704671382904053,5.6038079261779785,,,,,,,,,,,8.076802253723145,5.375461578369141,11.061030387878418,7.933821678161621,7.300475597381592,8.388707160949707,11.287638664245605,7.690750598907471,6.449310302734375,7.204028606414795,,,,,,,,,,,,,,,,,,,,,,,,,,,,,,,,,,,,,,,,
21,4144,,,,,,,,,,,,,,,,,,,,,,,,,,,,,,,,,,,,,,,,,0.28799983859062195,0.39275527000427246,0.14464552700519562,0.18772590160369873,0.3559316098690033,0.28427451848983765,0.4974067807197571,0.40009650588035583,0.16876918077468872,0.16039316356182098,6.081630229949951,5.871484756469727,4.220202922821045,5.666045188903809,6.700477123260498,6.944521903991699,9.748425483703613,6.980025291442871,3.6282596588134766,4.9752326011657715,,,,,,,,,,,7.270583152770996,6.937824249267578,5.479793071746826,6.023056983947754,8.536561012268066,8.640618324279785,11.54055404663086,7.460039138793945,4.715956687927246,6.100846767425537,,,,,,,,,,,,,,,,,,,,,,,,,,,,,,,,,,,,,,,,
21,4149,,,,,,,,,,,,,,,,,,,,,,,,,,,,,,,,,,,,,,,,,0.24810855090618134,0.14135511219501495,0.05842577666044235,0.23015618324279785,0.23143713176250458,0.261911004781723,0.40794551372528076,0.26115304231643677,0.05820069462060928,0.5823925733566284,5.387465000152588,3.2417104244232178,3.0948946475982666,6.2641754150390625,6.053199291229248,6.241040229797363,7.8199543952941895,4.914186954498291,2.384650945663452,8.473366737365723,,,,,,,,,,,6.707161903381348,4.1621527671813965,3.482682466506958,6.669084072113037,6.883608341217041,8.293784141540527,10.451337814331055,6.027070045471191,2.7694106101989746,11.625325202941895,,,,,,,,,,,,,,,,,,,,,,,,,,,,,,,,,,,,,,,,
21,4154,,,,,,,,,,,,,,,,,,,,,,,,,,,,,,,,,,,,,,,,,0.30370739102363586,0.37470242381095886,0.3110669255256653,0.38958197832107544,0.47397544980049133,0.1892523616552353,0.20291338860988617,0.4442199468612671,0.09794993698596954,0.2497040182352066,6.043842315673828,6.045236110687256,6.829376220703125,8.182759284973145,6.493097305297852,6.3562846183776855,6.204617977142334,5.121226787567139,3.0230209827423096,6.1389594078063965,,,,,,,,,,,7.425199031829834,6.776501178741455,8.035974502563477,8.6766939163208,9.850937843322754,7.050119876861572,7.370995044708252,7.8606367111206055,3.5927364826202393,7.61219596862793,,,,,,,,,,,,,,,,,,,,,,,,,,,,,,,,,,,,,,,,
21,4159,,,,,,,,,,,,,,,,,,,,,,,,,,,,,,,,,,,,,,,,,0.4891316592693329,0.47554686665534973,0.517676830291748,0.09513230621814728,0.5736736059188843,0.565863311290741,0.4172631800174713,0.6216045618057251,0.2525101900100708,0.8829138875007629,7.507748126983643,6.536391258239746,8.373458862304688,3.849788188934326,8.272141456604004,8.803165435791016,8.268196105957031,8.936954498291016,4.214287281036377,10.315349578857422,,,,,,,,,,,9.47419548034668,7.634119510650635,10.366711616516113,4.2876458168029785,10.837574005126953,12.190784454345703,10.570019721984863,9.298562049865723,5.768497943878174,14.313846588134766,,,,,,,,,,,,,,,,,,,,,,,,,,,,,,,,,,,,,,,,
21,4164,,,,,,,,,,,,,,,,,,,,,,,,,,,,,,,,,,,,,,,,,0.24131351709365845,0.24055510759353638,0.1809154748916626,0.10487264394760132,0.48882174491882324,0.17038938403129578,0.12580148875713348,0.2517941892147064,0.08304628729820251,0.5256251096725464,5.0052947998046875,4.388298511505127,4.762139320373535,3.7355563640594482,7.7212724685668945,5.5686798095703125,4.5430755615234375,3.7722675800323486,2.671708822250366,7.884652614593506,,,,,,,,,,,6.536411285400391,5.429621696472168,6.128433704376221,4.501797676086426,10.0040283203125,6.689553737640381,5.803816795349121,5.918089389801025,3.308136224746704,11.044224739074707,,,,,,,,,,,,,,,,,,,,,,,,,,,,,,,,,,,,,,,,
21,4169,,,,,,,,,,,,,,,,,,,,,,,,,,,,,,,,,,,,,,,,,0.26691898703575134,0.18404696881771088,0.06462441384792328,0.1844450682401657,0.3343939781188965,0.2988736629486084,0.2881535291671753,0.11933332681655884,0.6139408349990845,0.3144592344760895,5.221785545349121,3.4814629554748535,2.8800415992736816,4.340100288391113,6.971851825714111,7.5025410652160645,6.216691970825195,3.6945924758911133,5.212950706481934,6.69583797454834,,,,,,,,,,,6.879029750823975,4.749267101287842,3.6627726554870605,5.970193386077881,8.27425479888916,8.859713554382324,8.783806800842285,4.074174404144287,8.994697570800781,8.542389869689941,,,,,,,,,,,,,,,,,,,,,,,,,,,,,,,,,,,,,,,,
21,4174,,,,,,,,,,,,,,,,,,,,,,,,,,,,,,,,,,,,,,,,,0.3598112165927887,0.2617056369781494,0.28828340768814087,0.2336430549621582,0.3424564599990845,0.38153865933418274,0.24449695646762848,0.6953954696655273,0.4298309087753296,0.3609502613544464,6.508610248565674,4.8196563720703125,5.229713439941406,6.22212028503418,6.238368511199951,8.014301300048828,6.804638862609863,8.22226333618164,6.194644927978516,6.83178186416626,,,,,,,,,,,8.122977256774902,5.663290500640869,7.73608922958374,6.719412326812744,8.373409271240234,10.010254859924316,8.091099739074707,9.835005760192871,7.526136875152588,9.15210247039795,,,,,,,,,,,,,,,,,,,,,,,,,,,,,,,,,,,,,,,,
21,4179,,,,,,,,,,,,,,,,,,,,,,,,,,,,,,,,,,,,,,,,,0.32373467087745667,0.4128616452217102,0.1914983093738556,0.14091092348098755,0.9518475532531738,0.352560818195343,0.27378079295158386,0.09674990922212601,0.030809476971626282,0.46259281039237976,5.582883358001709,5.766468524932861,5.07287073135376,4.3873419761657715,10.233891487121582,7.474754810333252,5.752103328704834,3.179227113723755,1.7005606889724731,6.678728103637695,,,,,,,,,,,7.425042152404785,7.113192081451416,6.305130481719971,5.218278884887695,13.959933280944824,9.62260913848877,8.561941146850586,3.668461322784424,2.014955759048462,10.360879898071289,,,,,,,,,,,,,,,,,,,,,,,,,,,,,,,,,,,,,,,,
21,4184,,,,,,,,,,,,,,,,,,,,,,,,,,,,,,,,,,,,,,,,,0.2758641242980957,0.1036176085472107,0.2499379813671112,0.38102591037750244,0.44322940707206726,0.21467918157577515,0.2229474037885666,0.31668567657470703,0.31981727480888367,0.23083654046058655,5.66866397857666,2.838719606399536,5.776408672332764,6.025297164916992,7.102078437805176,5.693184852600098,5.902670860290527,5.6871185302734375,5.438660144805908,6.553835868835449,,,,,,,,,,,7.172971248626709,3.56351900100708,7.203238010406494,8.580886840820312,9.526073455810547,7.5088043212890625,7.7263078689575195,6.637016296386719,6.491936206817627,7.318962097167969,,,,,,,,,,,,,,,,,,,,,,,,,,,,,,,,,,,,,,,,
21,4189,,,,,,,,,,,,,,,,,,,,,,,,,,,,,,,,,,,,,,,,,0.3820143938064575,0.30470404028892517,0.11041542142629623,0.10874136537313461,0.19159960746765137,0.8569974899291992,0.327383816242218,0.5337846875190735,0.40505510568618774,0.599448025226593,6.495021343231201,4.922642230987549,3.404001474380493,4.195831298828125,5.326421737670898,10.610801696777344,7.343975067138672,6.811809539794922,5.473104000091553,10.366606712341309,,,,,,,,,,,8.203123092651367,6.110846996307373,4.78769588470459,4.584080696105957,6.263209819793701,15.002569198608398,9.362662315368652,8.616715431213379,7.306011199951172,11.79432201385498,,,,,,,,,,,,,,,,,,,,,,,,,,,,,,,,,,,,,,,,
21,4194,,,,,,,,,,,,,,,,,,,,,,,,,,,,,,,,,,,,,,,,,0.23820586502552032,0.1455816626548767,0.46407198905944824,0.2695120573043823,0.23202474415302277,0.2690395712852478,0.17805519700050354,0.2005872130393982,0.09885010123252869,0.2861301302909851,5.067872524261475,3.132516384124756,6.984744071960449,4.482168197631836,5.551088809967041,6.874849796295166,5.58649206161499,3.463804006576538,2.713085174560547,6.822103023529053,,,,,,,,,,,6.7220988273620605,4.223918914794922,9.815317153930664,7.216787815093994,6.892341136932373,8.405895233154297,6.904752731323242,5.282145023345947,3.6092076301574707,8.14852523803711,,,,,,,,,,,,,,,,,,,,,,,,,,,,,,,,,,,,,,,,
21,4199,,,,,,,,,,,,,,,,,,,,,,,,,,,,,,,,,,,,,,,,,0.2881963551044464,0.3075830936431885,0.33247652649879456,0.3729196786880493,0.2552044093608856,0.3320086598396301,0.34065744280815125,0.19955840706825256,0.33155399560928345,0.12180503457784653,5.5251593589782715,4.177566051483154,6.559640884399414,5.206487655639648,5.695311069488525,7.0904693603515625,7.005107402801514,3.9497272968292236,5.5352630615234375,4.506862163543701,,,,,,,,,,,7.360970497131348,6.1396484375,8.307916641235352,8.489117622375488,7.2284255027771,9.337928771972656,9.550579071044922,5.268581867218018,6.609983921051025,5.316549777984619,,,,,,,,,,,,,,,,,,,,,,,,,,,,,,,,,,,,,,,,
21,4204,,,,,,,,,,,,,,,,,,,,,,,,,,,,,,,,,,,,,,,,,0.21346122026443481,0.1963316798210144,0.17201125621795654,0.17540591955184937,0.32060033082962036,0.41182243824005127,0.19612827897071838,0.03084857203066349,0.18360090255737305,0.23440152406692505,4.576363563537598,3.434589147567749,4.626094341278076,4.37241268157959,5.637050628662109,6.862710952758789,5.852712154388428,1.6680455207824707,4.269128322601318,4.4645256996154785,,,,,,,,,,,6.312997817993164,4.905208110809326,5.9757184982299805,5.822064399719238,8.101801872253418,10.399940490722656,7.246710300445557,2.0714588165283203,4.918817043304443,7.375261306762695,,,,,,,,,,,,,,,,,,,,,,,,,,,,,,,,,,,,,,,,
21,4209,,,,,,,,,,,,,,,,,,,,,,,,,,,,,,,,,,,,,,,,,0.3643041253089905,0.6296921968460083,0.515782356262207,0.2513407766819,0.29985398054122925,0.216238871216774,0.31758958101272583,0.27394336462020874,0.38303807377815247,0.39125770330429077,6.418647766113281,6.284260272979736,8.292470932006836,5.974512577056885,5.3681640625,5.792779922485352,7.341657638549805,5.34621000289917,5.822510719299316,7.545262813568115,,,,,,,,,,,8.16674518585205,8.784689903259277,10.347725868225098,6.969254970550537,7.835280418395996,7.536032676696777,9.221549987792969,6.172898292541504,7.104675769805908,9.528590202331543,,,,,,,,,,,,,,,,,,,,,,,,,,,,,,,,,,,,,,,,
21,4214,,,,,,,,,,,,,,,,,,,,,,,,,,,,,,,,,,,,,,,,,0.30942976474761963,0.48249539732933044,0.2250191867351532,0.48100075125694275,0.3143444061279297,0.4016769230365753,0.19157297909259796,0.38741081953048706,0.07892083376646042,0.22242653369903564,5.545013427734375,4.9841413497924805,3.8027021884918213,6.506871700286865,7.029963493347168,7.160979270935059,6.035928249359131,6.28607177734375,2.552229642868042,5.546235084533691,,,,,,,,,,,7.485683917999268,7.689690589904785,6.834731578826904,9.641124725341797,8.022367477416992,10.271037101745605,7.162059783935547,7.340820789337158,3.224921464920044,7.1844000816345215,,,,,,,,,,,,,,,,,,,,,,,,,,,,,,,,,,,,,,,,
21,4219,,,,,,,,,,,,,,,,,,,,,,,,,,,,,,,,,,,,,,,,,0.3209541141986847,0.429767906665802,0.13617682456970215,0.4916315972805023,0.17730949819087982,0.34712040424346924,0.3029199242591858,0.045562874525785446,0.4373801350593567,0.520717978477478,6.172008991241455,5.621253490447998,4.006532669067383,7.568924427032471,4.904318809509277,7.242973327636719,7.464418411254883,2.404839515686035,7.158700942993164,9.176115989685059,,,,,,,,,,,7.55584716796875,7.2573699951171875,5.316958427429199,9.747085571289062,6.025118827819824,9.548077583312988,9.006057739257812,2.517469882965088,7.591940879821777,10.992549896240234,,,,,,,,,,,,,,,,,,,,,,,,,,,,,,,,,,,,,,,,
21,4224,,,,,,,,,,,,,,,,,,,,,,,,,,,,,,,,,,,,,,,,,0.4786972999572754,0.22152917087078094,0.3412628769874573,0.329745352268219,0.16979552805423737,0.36966827511787415,0.49495983123779297,1.120714783668518,0.8890413641929626,0.37155860662460327,7.363872051239014,4.322734832763672,6.942947864532471,5.568437099456787,5.285572052001953,8.204740524291992,7.99969482421875,11.739607810974121,9.996414184570312,6.21469783782959,,,,,,,,,,,9.051846504211426,5.210480213165283,8.416977882385254,7.982598304748535,5.896071910858154,9.85330581665039,11.51213264465332,12.485509872436523,10.823912620544434,9.285619735717773,,,,,,,,,,,,,,,,,,,,,,,,,,,,,,,,,,,,,,,,
21,4229,,,,,,,,,,,,,,,,,,,,,,,,,,,,,,,,,,,,,,,,,0.6312796473503113,0.9838315844535828,0.6563313007354736,0.5348612666130066,0.46296700835227966,0.703736424446106,0.6925716400146484,0.7245099544525146,0.2663365304470062,0.6563706398010254,8.717499732971191,8.72358226776123,9.868226051330566,7.781649112701416,6.986799716949463,10.678993225097656,11.021488189697266,8.854729652404785,5.057253837585449,9.484776496887207,,,,,,,,,,,10.897018432617188,10.980513572692871,11.672750473022461,10.166594505310059,9.735868453979492,13.595051765441895,13.617681503295898,10.038779258728027,5.924322128295898,12.341609001159668,,,,,,,,,,,,,,,,,,,,,,,,,,,,,,,,,,,,,,,,
21,4234,,,,,,,,,,,,,,,,,,,,,,,,,,,,,,,,,,,,,,,,,0.27555030584335327,0.3306655287742615,0.2743670642375946,0.16485369205474854,0.17324140667915344,0.20422910153865814,0.14860685169696808,0.24981708824634552,0.5991461277008057,0.33502599596977234,5.875649452209473,5.20546817779541,6.68654727935791,5.020977973937988,5.101407527923584,5.956047534942627,4.844298362731934,5.389772415161133,7.7472243309021,6.929096698760986,,,,,,,,,,,6.971363067626953,6.3658552169799805,7.547057151794434,5.644223690032959,5.955599308013916,7.323769569396973,6.30797815322876,5.894809722900391,8.885660171508789,8.817317008972168,,,,,,,,,,,,,,,,,,,,,,,,,,,,,,,,,,,,,,,,
21,4239,,,,,,,,,,,,,,,,,,,,,,,,,,,,,,,,,,,,,,,,,0.39658549427986145,0.410871297121048,0.2363046258687973,0.4471415579319,0.49787667393684387,0.6673911213874817,0.42237409949302673,0.26318055391311646,0.2633616030216217,0.36076807975769043,7.019356727600098,5.232519626617432,5.975534915924072,7.798961162567139,7.75075626373291,10.623414993286133,8.812460899353027,4.779210567474365,5.052666187286377,7.148688793182373,,,,,,,,,,,8.717461585998535,7.096025466918945,7.004025459289551,9.295599937438965,10.096260070800781,13.23933219909668,10.63455867767334,6.050421237945557,5.89114236831665,9.149792671203613,,,,,,,,,,,,,,,,,,,,,,,,,,,,,,,,,,,,,,,,
21,4244,,,,,,,,,,,,,,,,,,,,,,,,,,,,,,,,,,,,,,,,,0.41633838415145874,0.910336971282959,0.06920510530471802,0.3322855234146118,0.23561696708202362,0.3073550760746002,0.6795341968536377,0.037175245583057404,0.9801454544067383,0.195390984416008,6.15728759765625,8.680922508239746,2.738145589828491,5.872453689575195,5.750333309173584,7.5268425941467285,11.220940589904785,1.71767258644104,6.691040515899658,5.217238426208496,,,,,,,,,,,8.017508506774902,10.562417030334473,3.7903621196746826,8.013284683227539,6.94549036026001,8.98454475402832,13.488897323608398,2.273974895477295,11.36497688293457,6.733633041381836,,,,,,,,,,,,,,,,,,,,,,,,,,,,,,,,,,,,,,,,
21,4249,,,,,,,,,,,,,,,,,,,,,,,,,,,,,,,,,,,,,,,,,0.3032821714878082,0.30104079842567444,0.15630362927913666,0.31183677911758423,0.6374995708465576,0.4214067757129669,0.3171458840370178,0.11721830815076828,0.2870289385318756,0.18005894124507904,5.98012638092041,4.361735820770264,4.7718915939331055,6.305629730224609,9.827912330627441,8.620927810668945,6.570497512817383,2.9847640991210938,5.673024654388428,4.704750061035156,,,,,,,,,,,7.482799053192139,6.074002265930176,5.696343898773193,7.762802600860596,11.42456340789795,10.520263671875,9.215105056762695,4.037908554077148,6.150155544281006,6.464047908782959,,,,,,,,,,,,,,,,,,,,,,,,,,,,,,,,,,,,,,,,
21,4254,,,,,,,,,,,,,,,,,,,,,,,,,,,,,,,,,,,,,,,,,0.4040214717388153,0.7347690463066101,0.46178531646728516,0.10016173124313354,0.6608335971832275,0.4467328190803528,0.2522611618041992,0.13394615054130554,0.5687893629074097,0.27691397070884705,6.861984729766846,6.973615646362305,9.054627418518066,4.074748992919922,8.069284439086914,9.154560089111328,6.266347885131836,3.9003615379333496,7.711370944976807,6.552947998046875,,,,,,,,,,,8.37248706817627,9.489377975463867,9.791104316711426,4.399525165557861,11.631767272949219,10.831779479980469,8.218564987182617,4.3164215087890625,8.65762996673584,8.016220092773438,,,,,,,,,,,,,,,,,,,,,,,,,,,,,,,,,,,,,,,,
21,4259,,,,,,,,,,,,,,,,,,,,,,,,,,,,,,,,,,,,,,,,,0.2362430840730667,0.3384000360965729,0.4255073070526123,0.08330647647380829,0.14099249243736267,0.10661467164754868,0.15358436107635498,0.18136689066886902,0.2569965720176697,0.4394190013408661,5.517420291900635,5.31555700302124,7.894796371459961,3.830267906188965,4.052065372467041,4.48538875579834,5.6152849197387695,5.020994186401367,4.929882049560547,8.512548446655273,,,,,,,,,,,6.429795265197754,6.43987512588501,9.398643493652344,4.012308120727539,5.372762680053711,5.291567802429199,6.412749290466309,5.022705554962158,5.819517135620117,10.098029136657715,,,,,,,,,,,,,,,,,,,,,,,,,,,,,,,,,,,,,,,,
21,4264,,,,,,,,,,,,,,,,,,,,,,,,,,,,,,,,,,,,,,,,,0.42289459705352783,0.6155967116355896,0.3556048274040222,0.3548851013183594,0.23537850379943848,0.5413593649864197,0.6238687634468079,0.10037660598754883,0.2100410759449005,0.768940269947052,6.447876930236816,7.1569366455078125,5.7961320877075195,6.200355052947998,5.918234825134277,8.05752944946289,9.127448081970215,2.4888038635253906,4.244521141052246,9.040929794311523,,,,,,,,,,,8.856152534484863,8.685811996459961,8.592023849487305,8.281305313110352,6.941975116729736,11.923910140991211,12.924609184265137,3.7365856170654297,5.2610859870910645,13.358064651489258,,,,,,,,,,,,,,,,,,,,,,,,,,,,,,,,,,,,,,,,
21,4267,,,,,,,,,,,,,,,,,,,,,,,,,,,,,,,,,,,,,,,,,,,,,,,,,,,6.376030445098877,5.16309118270874,6.296766757965088,5.969250679016113,6.592412948608398,8.017521858215332,7.078890323638916,5.509146690368652,5.6545562744140625,7.102635860443115,0.6016738414764404,0.6005710363388062,0.6573103666305542,0.6716117858886719,0.6013994216918945,0.5153380632400513,0.5901882648468018,0.6301825046539307,0.5793870687484741,0.5690758228302002,8.416470527648926,6.816762447357178,8.305866241455078,7.934446811676025,8.858580589294434,10.624402046203613,9.439635276794434,7.085740089416504,7.35368537902832,9.32911205291748,0.5135329365730286,0.5466042757034302,0.5461692810058594,0.402591347694397,0.5237292051315308,0.636307954788208,0.4373387098312378,0.4976813793182373,0.5129703283309937,0.5184037089347839,7.281889915466309,5.4076828956604,7.459727764129639,6.719152927398682,7.739180088043213,9.679454803466797,8.096712112426758,5.9380717277526855,6.446915626525879,8.05010986328125,0.44684845209121704,0.4515035152435303,0.5851291418075562,0.5652292966842651,0.3719533681869507,0.4269334673881531,0.5559014081954956,0.2751331329345703,0.2957049608230591,0.49414771795272827,9.934083938598633,8.195042610168457,9.875105857849121,9.795660972595215,10.722378730773926,13.015410423278809,10.653553009033203,7.937417984008789,8.534011840820312,10.678168296813965
22,4269,,,,,,,,,,,,,,,,,,,,,,,,,,,,,,,,,,,,,,,,,0.3913087844848633,0.1905031055212021,0.07582487910985947,0.4238221049308777,0.8366495966911316,0.5665102005004883,0.09756042063236237,0.7890005707740784,0.285628080368042,0.25627994537353516,6.30800199508667,4.299420356750488,3.8887510299682617,6.7040181159973145,10.601593017578125,8.137901306152344,3.6662447452545166,7.873194217681885,5.188651084899902,6.412240505218506,,,,,,,,,,,8.063220977783203,4.831848621368408,3.96750545501709,9.049960136413574,13.087944030761719,12.19775104522705,5.111020565032959,10.476045608520508,6.135129451751709,7.711778163909912,,,,,,,,,,,,,,,,,,,,,,,,,,,,,,,,,,,,,,,,
22,4274,,,,,,,,,,,,,,,,,,,,,,,,,,,,,,,,,,,,,,,,,0.43087372183799744,0.26917764544487,0.07390203326940536,0.2240775227546692,1.2989202737808228,0.8276547193527222,0.3786828815937042,0.09107780456542969,0.36074382066726685,0.3536265194416046,6.693456649780273,4.576136589050293,3.3270833492279053,5.657782077789307,11.119102478027344,11.366620063781738,8.0833740234375,2.4567129611968994,5.872616767883301,7.781680583953857,,,,,,,,,,,8.541601181030273,5.743567943572998,3.9168763160705566,6.58042573928833,16.307632446289062,14.743494987487793,10.069517135620117,3.5593032836914062,6.8948163986206055,9.058777809143066,,,,,,,,,,,,,,,,,,,,,,,,,,,,,,,,,,,,,,,,
22,4279,,,,,,,,,,,,,,,,,,,,,,,,,,,,,,,,,,,,,,,,,0.41240647435188293,0.3211992383003235,0.14956031739711761,0.49097681045532227,0.4590531587600708,0.6155498623847961,0.6778185963630676,0.465489000082016,0.12833590805530548,0.403675377368927,6.795858860015869,5.106321811676025,4.187682151794434,8.159757614135742,7.504537105560303,9.529658317565918,9.50434398651123,6.023733139038086,3.46343731880188,7.683257102966309,,,,,,,,,,,8.81174087524414,6.274072647094727,5.572112083435059,9.740592956542969,9.69462776184082,12.714739799499512,13.4718599319458,8.046619415283203,4.112419128417969,9.678617477416992,,,,,,,,,,,,,,,,,,,,,,,,,,,,,,,,,,,,,,,,
22,4284,,,,,,,,,,,,,,,,,,,,,,,,,,,,,,,,,,,,,,,,,0.26665449142456055,0.580883800983429,0.10724106431007385,0.15154585242271423,0.27509960532188416,0.5586156845092773,0.16125158965587616,0.14703583717346191,0.18949905037879944,0.2287178784608841,5.403353214263916,5.917444229125977,4.033609390258789,4.715139389038086,5.861756324768066,9.432823181152344,4.836392402648926,3.96689772605896,3.7231032848358154,6.1430158615112305,,,,,,,,,,,6.840054512023926,8.437365531921387,4.718372344970703,5.411615371704102,7.504894733428955,12.112462043762207,6.570868492126465,4.522414207458496,4.997200965881348,7.28529691696167,,,,,,,,,,,,,,,,,,,,,,,,,,,,,,,,,,,,,,,,
22,4289,,,,,,,,,,,,,,,,,,,,,,,,,,,,,,,,,,,,,,,,,0.3601813018321991,0.2072405219078064,0.3464805483818054,0.48796284198760986,0.2480483502149582,0.4263947606086731,0.18290609121322632,0.5514802932739258,0.31156808137893677,0.4795503318309784,6.434835910797119,4.058548927307129,6.8803019523620605,7.089788436889648,6.037557125091553,7.86297082901001,5.969225883483887,5.4890666007995605,6.089910984039307,8.436155319213867,,,,,,,,,,,8.183707237243652,5.0396409034729,8.4810791015625,9.710649490356445,7.126360893249512,10.582342147827148,6.998176574707031,8.758378982543945,6.4076642990112305,10.549073219299316,,,,,,,,,,,,,,,,,,,,,,,,,,,,,,,,,,,,,,,,
22,4294,,,,,,,,,,,,,,,,,,,,,,,,,,,,,,,,,,,,,,,,,0.3431909382343292,0.44597378373146057,0.2396882325410843,0.5681055784225464,0.15804871916770935,0.27806153893470764,0.218703955411911,0.5731130838394165,0.3610563278198242,0.245967298746109,5.958080291748047,6.230274677276611,5.298655033111572,7.702744960784912,4.89143705368042,6.203948497772217,6.1382317543029785,6.811838626861572,4.278547286987305,6.067044734954834,,,,,,,,,,,7.7991790771484375,7.392935752868652,7.053993225097656,10.477783203125,5.688465595245361,8.545674324035645,7.652425289154053,8.928507804870605,6.897802829742432,7.55502462387085,,,,,,,,,,,,,,,,,,,,,,,,,,,,,,,,,,,,,,,,
22,4299,,,,,,,,,,,,,,,,,,,,,,,,,,,,,,,,,,,,,,,,,0.48233625292778015,0.2919284701347351,0.18138086795806885,0.34880688786506653,1.0899078845977783,0.8700463771820068,0.6601272225379944,0.31570637226104736,0.09852128475904465,0.48460114002227783,7.22443151473999,5.380903720855713,4.531858444213867,6.628567218780518,9.96352481842041,11.03937816619873,10.319230079650879,5.7836127281188965,2.9218204021453857,8.4509859085083,,,,,,,,,,,9.390167236328125,5.981367588043213,6.136312007904053,8.210081100463867,14.938072204589844,15.116353034973145,13.294886589050293,6.626746654510498,3.6031997203826904,10.60448169708252,,,,,,,,,,,,,,,,,,,,,,,,,,,,,,,,,,,,,,,,
22,4304,,,,,,,,,,,,,,,,,,,,,,,,,,,,,,,,,,,,,,,,,0.38066595792770386,0.27493545413017273,0.0580824539065361,0.32832658290863037,0.18436282873153687,0.7420685291290283,0.35667669773101807,0.3841981291770935,0.6692932844161987,0.428049772977829,6.058596134185791,4.918410778045654,2.758082389831543,5.15034818649292,4.469496250152588,9.336936950683594,6.33986759185791,5.48667573928833,7.726417064666748,8.341127395629883,,,,,,,,,,,8.198616027832031,5.804671764373779,3.4724349975585938,7.96540641784668,6.143789768218994,13.960399627685547,9.772555351257324,7.310319423675537,9.391426086425781,9.966537475585938,,,,,,,,,,,,,,,,,,,,,,,,,,,,,,,,,,,,,,,,
22,4309,,,,,,,,,,,,,,,,,,,,,,,,,,,,,,,,,,,,,,,,,0.35349178314208984,0.36666572093963623,0.1894519329071045,0.1987430453300476,0.16295984387397766,0.24320270121097565,0.401247501373291,0.21632027626037598,1.1314715147018433,0.27136367559432983,6.140309810638428,4.562972545623779,5.102407932281494,5.012635707855225,5.150267601013184,6.9008307456970215,7.4669294357299805,5.032134056091309,9.651263236999512,6.383342742919922,,,,,,,,,,,7.659688472747803,6.70343542098999,6.271352291107178,6.1972761154174805,5.776169776916504,7.992084503173828,10.365182876586914,5.485387802124023,12.210827827453613,7.9354777336120605,,,,,,,,,,,,,,,,,,,,,,,,,,,,,,,,,,,,,,,,
22,4314,,,,,,,,,,,,,,,,,,,,,,,,,,,,,,,,,,,,,,,,,0.3385022282600403,0.2411341369152069,0.7191492319107056,0.0925985798239708,0.4149487614631653,0.38233616948127747,0.3923613131046295,0.32102036476135254,0.26721346378326416,0.2157580703496933,5.930027484893799,4.142960071563721,8.292189598083496,3.6530113220214844,7.282331943511963,7.688007831573486,6.740204811096191,4.547646522521973,4.874360084533691,6.149532794952393,,,,,,,,,,,7.8960862159729,5.43615198135376,12.218592643737793,4.230162620544434,9.217155456542969,10.020711898803711,10.249763488769531,6.682285308837891,5.934067726135254,7.0758843421936035,,,,,,,,,,,,,,,,,,,,,,,,,,,,,,,,,,,,,,,,
22,4319,,,,,,,,,,,,,,,,,,,,,,,,,,,,,,,,,,,,,,,,,0.49028778076171875,0.48107290267944336,0.28773370385169983,0.5559638738632202,0.15632708370685577,0.6840022206306458,0.6181698441505432,0.5251747369766235,0.3309333324432373,0.7732121348381042,7.07174015045166,6.326021671295166,6.086648941040039,6.501624584197998,4.668267726898193,10.329038619995117,8.919137954711914,5.28380012512207,5.538719177246094,9.992403984069824,,,,,,,,,,,9.582671165466309,7.678347110748291,7.728709697723389,10.365211486816406,5.657398223876953,13.40307903289795,12.865442276000977,8.546939849853516,6.603794574737549,13.39511775970459,,,,,,,,,,,,,,,,,,,,,,,,,,,,,,,,,,,,,,,,
22,4324,,,,,,,,,,,,,,,,,,,,,,,,,,,,,,,,,,,,,,,,,0.4303201138973236,0.4269300699234009,0.3508954346179962,0.27795279026031494,0.3824981451034546,0.7063519954681396,0.20847810804843903,0.47008904814720154,0.653780996799469,0.3959042727947235,7.061549186706543,5.689664840698242,7.297227382659912,5.548290252685547,6.789060115814209,9.61642074584961,5.938840866088867,7.5030517578125,8.23771858215332,6.933666229248047,,,,,,,,,,,8.887951850891113,7.23336935043335,8.534941673278809,7.328927516937256,8.849410057067871,13.620293617248535,7.471383571624756,8.086280822753906,9.28195571899414,9.585003852844238,,,,,,,,,,,,,,,,,,,,,,,,,,,,,,,,,,,,,,,,
22,4329,,,,,,,,,,,,,,,,,,,,,,,,,,,,,,,,,,,,,,,,,0.3830999433994293,0.5836455821990967,0.29676389694213867,0.3151814639568329,0.3281237781047821,0.6481786966323853,0.2044774293899536,0.35440781712532043,0.4890722632408142,0.22804833948612213,6.471974849700928,6.177623271942139,5.369572639465332,7.384634017944336,6.770740509033203,9.959386825561523,5.891409873962402,5.071524143218994,6.250877857208252,5.371999263763428,,,,,,,,,,,8.341962814331055,8.457399368286133,7.849050998687744,7.804322719573975,8.196311950683594,13.047377586364746,7.399348735809326,7.02118444442749,8.028044700622559,7.274625778198242,,,,,,,,,,,,,,,,,,,,,,,,,,,,,,,,,,,,,,,,
22,4334,,,,,,,,,,,,,,,,,,,,,,,,,,,,,,,,,,,,,,,,,0.3225017189979553,0.3548538088798523,0.5238929986953735,0.3661711513996124,0.324648916721344,0.3819003105163574,0.27125030755996704,0.2143562287092209,0.18267184495925903,0.2827698290348053,6.176794052124023,4.327427864074707,8.711779594421387,7.635195732116699,6.068513870239258,7.940855026245117,6.71818208694458,4.274619102478027,4.095077037811279,5.819494247436523,,,,,,,,,,,7.84363317489624,6.594577789306641,10.428766250610352,8.411955833435059,8.152795791625977,10.014998435974121,8.522281646728516,5.460428714752197,4.906356334686279,8.10053539276123,,,,,,,,,,,,,,,,,,,,,,,,,,,,,,,,,,,,,,,,
22,4339,,,,,,,,,,,,,,,,,,,,,,,,,,,,,,,,,,,,,,,,,0.31544816493988037,0.3607892692089081,0.1251050978899002,0.25454866886138916,0.39738500118255615,0.5534425973892212,0.19863936305046082,0.18838125467300415,0.265605092048645,0.4951370358467102,5.842672824859619,6.139451503753662,4.293752193450928,6.4070000648498535,6.22107458114624,8.56612491607666,5.199612140655518,3.8430182933807373,3.853703260421753,8.060315132141113,,,,,,,,,,,7.653636455535889,6.649501323699951,5.096231937408447,7.013589382171631,9.019975662231445,12.05624771118164,7.2929534912109375,5.118910789489746,5.916181564331055,10.719139099121094,,,,,,,,,,,,,,,,,,,,,,,,,,,,,,,,,,,,,,,,
22,4344,,,,,,,,,,,,,,,,,,,,,,,,,,,,,,,,,,,,,,,,,0.42799219489097595,0.1800740659236908,0.38187652826309204,1.0022430419921875,0.4502178132534027,0.3998713493347168,0.4680841565132141,0.11428813636302948,0.11307501792907715,0.7421993613243103,7.04024076461792,3.099318265914917,7.714588642120361,10.178277015686035,8.178971290588379,9.268793106079102,8.287939071655273,3.0692074298858643,3.650083541870117,9.914989471435547,,,,,,,,,,,8.837044715881348,4.697728157043457,8.903754234313965,13.916864395141602,9.60087776184082,10.24792766571045,11.195222854614258,3.987119674682617,3.8601717948913574,13.123735427856445,,,,,,,,,,,,,,,,,,,,,,,,,,,,,,,,,,,,,,,,
22,4349,,,,,,,,,,,,,,,,,,,,,,,,,,,,,,,,,,,,,,,,,0.3902483284473419,0.4238646626472473,0.5821132063865662,0.501461923122406,0.36421194672584534,0.4246635138988495,0.27476710081100464,0.08341927081346512,0.2915984094142914,0.5661349296569824,6.534228801727295,4.810189723968506,8.481735229492188,9.04606819152832,5.389456748962402,8.471694946289062,7.254374980926514,3.0812363624572754,5.000321388244629,7.272984504699707,,,,,,,,,,,8.542783737182617,7.2073540687561035,10.992980003356934,9.844050407409668,8.635286331176758,10.560836791992188,8.577350616455078,3.4063706398010254,6.198917388916016,11.4619140625,,,,,,,,,,,,,,,,,,,,,,,,,,,,,,,,,,,,,,,,
22,4354,,,,,,,,,,,,,,,,,,,,,,,,,,,,,,,,,,,,,,,,,0.36129093170166016,0.18807126581668854,0.23577454686164856,0.3953844904899597,0.2118707150220871,0.21872775256633759,0.26758766174316406,0.6372770071029663,0.6903259754180908,0.40659910440444946,6.424757480621338,3.959409236907959,6.056015968322754,7.0763044357299805,4.630354404449463,6.7877197265625,6.582644939422607,8.254042625427246,6.876867771148682,7.599455833435059,,,,,,,,,,,7.981631755828857,4.800909519195557,6.996166229248047,8.741073608398438,6.586203098297119,7.579277515411377,8.464550018310547,9.415054321289062,9.537848472595215,9.713603973388672,,,,,,,,,,,,,,,,,,,,,,,,,,,,,,,,,,,,,,,,
22,4359,,,,,,,,,,,,,,,,,,,,,,,,,,,,,,,,,,,,,,,,,0.4426514208316803,0.6833158731460571,0.16697803139686584,0.22288477420806885,0.4632036089897156,0.6660091876983643,0.5544073581695557,0.2698145806789398,0.7028279304504395,0.2544213533401489,7.494300842285156,7.733051776885986,4.729076862335205,5.928053379058838,8.212188720703125,11.464593887329102,10.126405715942383,5.540925025939941,7.853701114654541,5.860711097717285,,,,,,,,,,,8.909252166748047,9.151094436645508,5.887640953063965,6.562889575958252,9.73835563659668,13.225618362426758,12.183871269226074,6.126203536987305,9.623826026916504,7.68376350402832,,,,,,,,,,,,,,,,,,,,,,,,,,,,,,,,,,,,,,,,
22,4364,,,,,,,,,,,,,,,,,,,,,,,,,,,,,,,,,,,,,,,,,0.2524854242801666,0.2398832142353058,0.13938209414482117,0.12083674222230911,0.1652611643075943,0.40618330240249634,0.3761536777019501,0.2480100840330124,0.32388824224472046,0.25277021527290344,5.52623987197876,4.417582988739014,4.161630630493164,3.9151194095611572,4.397882461547852,7.501196384429932,7.392655372619629,5.264079570770264,5.896407604217529,6.7896037101745605,,,,,,,,,,,6.875556945800781,5.422033309936523,5.379168510437012,4.832305431365967,5.816812038421631,10.328492164611816,10.035834312438965,5.8734517097473145,6.53312349319458,7.658790111541748,,,,,,,,,,,,,,,,,,,,,,,,,,,,,,,,,,,,,,,,
22,4369,,,,,,,,,,,,,,,,,,,,,,,,,,,,,,,,,,,,,,,,,0.32623615860939026,0.3442099690437317,0.26539546251296997,0.09891076385974884,0.18532370030879974,0.5177417397499084,0.5007456541061401,0.41411978006362915,0.4239211082458496,0.18575707077980042,5.781098365783691,4.873501777648926,5.259791851043701,3.8298256397247314,5.118361949920654,7.934958457946777,8.561163902282715,6.116650581359863,5.5063557624816895,4.829272747039795,,,,,,,,,,,7.70209264755249,6.494923114776611,7.422639846801758,4.371964931488037,6.159778118133545,11.660910606384277,11.579221725463867,7.589649677276611,7.474218368530273,6.565531253814697,,,,,,,,,,,,,,,,,,,,,,,,,,,,,,,,,,,,,,,,
22,4374,,,,,,,,,,,,,,,,,,,,,,,,,,,,,,,,,,,,,,,,,0.18637919425964355,0.18210414052009583,0.11688955128192902,0.05532430484890938,0.3103834092617035,0.1771949827671051,0.20664823055267334,0.1545441448688507,0.31251344084739685,0.16181054711341858,4.661080360412598,3.611957311630249,4.1805572509765625,2.578198194503784,5.665225982666016,5.840949058532715,6.234671115875244,4.262969493865967,5.319095134735107,4.256100654602051,,,,,,,,,,,5.814835548400879,4.724133491516113,4.926057815551758,3.269737482070923,7.9716620445251465,6.821840763092041,7.438521862030029,4.636444091796875,6.417377948760986,6.127744197845459,,,,,,,,,,,,,,,,,,,,,,,,,,,,,,,,,,,,,,,,
22,4379,,,,,,,,,,,,,,,,,,,,,,,,,,,,,,,,,,,,,,,,,0.3934226930141449,0.45087969303131104,0.19170713424682617,0.2574424147605896,0.2805967926979065,1.2806050777435303,0.19135437905788422,0.2424226999282837,0.28039202094078064,0.3654039204120636,6.24206018447876,4.967984676361084,5.653804779052734,5.5561981201171875,6.512133598327637,10.504939079284668,5.5992021560668945,4.909697532653809,5.525957107543945,6.9486284255981445,,,,,,,,,,,8.329572677612305,7.4334869384765625,6.308567523956299,7.053341865539551,7.579507827758789,18.339332580566406,7.15797233581543,5.80691385269165,6.0786356925964355,9.208391189575195,,,,,,,,,,,,,,,,,,,,,,,,,,,,,,,,,,,,,,,,
22,4384,,,,,,,,,,,,,,,,,,,,,,,,,,,,,,,,,,,,,,,,,0.34426307678222656,0.20544584095478058,0.09225548803806305,0.30184653401374817,0.3595171272754669,0.40290412306785583,0.23275020718574524,0.2636660933494568,0.7266627550125122,0.5133196711540222,6.2526373863220215,4.377834796905518,3.936793327331543,6.147488117218018,6.388041019439697,7.846814155578613,5.545140743255615,4.2486186027526855,8.31313419342041,9.469870567321777,,,,,,,,,,,7.838650226593018,5.017772197723389,4.376307010650635,7.6374430656433105,8.579449653625488,10.286715507507324,7.8943400382995605,6.055999755859375,9.785652160644531,10.914180755615234,,,,,,,,,,,,,,,,,,,,,,,,,,,,,,,,,,,,,,,,
22,4389,,,,,,,,,,,,,,,,,,,,,,,,,,,,,,,,,,,,,,,,,0.2010064423084259,0.15271133184432983,0.09347306191921234,0.14530456066131592,0.11276160925626755,0.3941679298877716,0.2152251899242401,0.16343730688095093,0.2699700891971588,0.26200687885284424,4.820560932159424,3.8859546184539795,3.4690914154052734,4.617892265319824,3.798210620880127,8.02931022644043,4.233721733093262,4.033534526824951,5.088134765625,6.229195594787598,,,,,,,,,,,6.125667095184326,4.326113224029541,4.405090808868408,5.299007415771484,4.804854393005371,10.174580574035645,7.591320037841797,4.767978668212891,5.964597225189209,7.79746675491333,,,,,,,,,,,,,,,,,,,,,,,,,,,,,,,,,,,,,,,,
22,4394,,,,,,,,,,,,,,,,,,,,,,,,,,,,,,,,,,,,,,,,,0.2288961410522461,0.20378147065639496,0.15079136192798615,0.1765201836824417,0.1719425916671753,0.2207363098859787,0.15603791177272797,0.3525462746620178,0.40452346205711365,0.22318558394908905,5.164516448974609,4.257138252258301,4.611978530883789,5.177970886230469,4.580226898193359,5.883409023284912,5.414632320404053,5.544461250305176,5.499691963195801,5.511138916015625,,,,,,,,,,,6.438279151916504,4.997405529022217,5.594997406005859,5.840527534484863,5.933232307434082,7.613997936248779,6.46376895904541,7.002720355987549,7.301215171813965,7.196648597717285,,,,,,,,,,,,,,,,,,,,,,,,,,,,,,,,,,,,,,,,
22,4399,,,,,,,,,,,,,,,,,,,,,,,,,,,,,,,,,,,,,,,,,0.36770251393318176,0.4431261718273163,0.14665766060352325,0.3941264748573303,0.3815780282020569,0.5356830358505249,0.17452627420425415,0.23114541172981262,0.635581910610199,0.3668976426124573,6.788301944732666,6.524863243103027,4.81455659866333,7.088446140289307,7.145445823669434,10.452033042907715,5.372366905212402,5.262119293212891,8.061968803405762,6.3729143142700195,,,,,,,,,,,8.13327693939209,7.369295597076416,5.517775058746338,8.727154731750488,8.838759422302246,11.861231803894043,6.835986614227295,5.670238971710205,9.151853561401367,9.227193832397461,,,,,,,,,,,,,,,,,,,,,,,,,,,,,,,,,,,,,,,,
22,4404,,,,,,,,,,,,,,,,,,,,,,,,,,,,,,,,,,,,,,,,,0.42304834723472595,0.5154786109924316,0.019613079726696014,1.1961592435836792,0.08726994693279266,0.4169765114784241,0.17438344657421112,0.8907033205032349,0.012926755473017693,0.4939241409301758,5.872990608215332,5.730057716369629,1.4924352169036865,10.559853553771973,3.026014566421509,7.650501728057861,5.87949800491333,8.928252220153809,1.3051731586456299,8.285128593444824,,,,,,,,,,,7.759629249572754,7.948177814483643,2.0178301334381104,15.203703880310059,4.226997375488281,10.46481704711914,6.833189010620117,11.130770683288574,1.3051731586456299,10.706002235412598,,,,,,,,,,,,,,,,,,,,,,,,,,,,,,,,,,,,,,,,
22,4409,,,,,,,,,,,,,,,,,,,,,,,,,,,,,,,,,,,,,,,,,0.42155611515045166,0.2925526797771454,0.7132160663604736,0.427482008934021,0.2272353619337082,0.3100590407848358,0.31374436616897583,0.5965228080749512,0.7368038892745972,0.17638875544071198,6.511222839355469,5.09052038192749,8.431992530822754,7.048555850982666,4.692984580993652,7.078523635864258,6.564464569091797,6.76668643951416,7.616795539855957,5.310479164123535,,,,,,,,,,,8.623969078063965,5.987759590148926,12.168084144592285,9.088951110839844,6.820835590362549,9.023978233337402,9.165555953979492,9.10903263092041,9.853697776794434,6.397829055786133,,,,,,,,,,,,,,,,,,,,,,,,,,,,,,,,,,,,,,,,
22,4414,,,,,,,,,,,,,,,,,,,,,,,,,,,,,,,,,,,,,,,,,0.5232680439949036,0.23028311133384705,0.5308641195297241,0.9325339794158936,0.6675114035606384,0.6084112524986267,0.39235788583755493,0.41003620624542236,0.6874578595161438,0.24995645880699158,7.683834552764893,4.29588508605957,7.686644554138184,10.581992149353027,9.802629470825195,8.982749938964844,8.267152786254883,6.166205883026123,6.627047061920166,6.744207859039307,,,,,,,,,,,9.833513259887695,5.312431335449219,10.49792194366455,13.424162864685059,11.690388679504395,12.64079761505127,10.24971866607666,7.552136421203613,9.518013954162598,7.616042613983154,,,,,,,,,,,,,,,,,,,,,,,,,,,,,,,,,,,,,,,,
22,4419,,,,,,,,,,,,,,,,,,,,,,,,,,,,,,,,,,,,,,,,,0.2625654637813568,0.3033818006515503,0.4189499616622925,0.16185471415519714,0.09665138274431229,0.15931618213653564,0.2109946608543396,0.3451904356479645,0.5802670121192932,0.08648316562175751,5.322726249694824,5.022709846496582,7.607290267944336,4.771975517272949,3.6568610668182373,5.110138416290283,5.091376304626465,6.155320644378662,6.691441535949707,3.7974236011505127,,,,,,,,,,,6.622567176818848,6.097573280334473,9.325942039489746,5.592648983001709,4.448398590087891,6.468533039093018,7.516341686248779,6.929279804229736,8.744544982910156,4.47984504699707,,,,,,,,,,,,,,,,,,,,,,,,,,,,,,,,,,,,,,,,
22,4424,,,,,,,,,,,,,,,,,,,,,,,,,,,,,,,,,,,,,,,,,0.23104508221149445,0.19727712869644165,0.06759268790483475,0.03823568671941757,0.2633896470069885,0.4143490195274353,0.12630516290664673,0.341946542263031,0.2701690196990967,0.36014094948768616,5.459166049957275,4.1003546714782715,3.389941692352295,2.51021671295166,6.369133472442627,8.224047660827637,5.090909004211426,6.80551290512085,5.040346622467041,7.6020331382751465,,,,,,,,,,,6.330791473388672,4.9170050621032715,3.7459466457366943,2.718249559402466,7.343430042266846,10.431795120239258,5.815423011779785,6.896644115447998,5.966794490814209,9.141836166381836,,,,,,,,,,,,,,,,,,,,,,,,,,,,,,,,,,,,,,,,
22,4429,,,,,,,,,,,,,,,,,,,,,,,,,,,,,,,,,,,,,,,,,0.29409345984458923,0.27288979291915894,0.4942702054977417,0.5505557060241699,0.32332873344421387,0.34450167417526245,0.13609236478805542,0.10506504029035568,0.2049940824508667,0.2151435911655426,5.483231544494629,4.622038841247559,6.576245307922363,7.768500328063965,5.7164483070373535,7.600295543670654,4.845441818237305,3.2417759895324707,4.218748569488525,4.75958776473999,,,,,,,,,,,7.333136558532715,5.783036708831787,10.129636764526367,10.314674377441406,8.13620376586914,9.511993408203125,6.036534309387207,3.822855234146118,5.197493553161621,7.065800666809082,,,,,,,,,,,,,,,,,,,,,,,,,,,,,,,,,,,,,,,,
22,4434,,,,,,,,,,,,,,,,,,,,,,,,,,,,,,,,,,,,,,,,,0.40050750970840454,0.6760860681533813,0.5560916066169739,0.5268116593360901,0.31910455226898193,0.31693947315216064,0.2987099885940552,0.41132304072380066,0.008209992200136185,0.49129122495651245,6.575628757476807,7.141676425933838,9.6702241897583,7.44378137588501,5.8132781982421875,6.697886943817139,7.124037742614746,5.537737846374512,0.8250541687011719,8.92697811126709,,,,,,,,,,,8.374229431152344,9.102554321289062,10.744465827941895,10.089800834655762,8.082880973815918,9.123553276062012,8.943255424499512,7.5639777183532715,1.0401467084884644,10.67742919921875,,,,,,,,,,,,,,,,,,,,,,,,,,,,,,,,,,,,,,,,
22,4439,,,,,,,,,,,,,,,,,,,,,,,,,,,,,,,,,,,,,,,,,0.46796900033950806,0.3447797894477844,0.5012731552124023,0.6896063089370728,0.2938552498817444,0.2267640084028244,0.3930399715900421,0.718902587890625,0.6646562814712524,0.37884366512298584,6.904521465301514,4.760411739349365,7.315516948699951,8.720571517944336,5.024953842163086,5.7275471687316895,6.2756428718566895,9.385722160339355,7.837853908538818,7.092473983764648,,,,,,,,,,,9.190300941467285,6.500296592712402,10.201144218444824,11.543978691101074,7.756510257720947,7.717256546020508,10.258625030517578,9.999855995178223,9.35883617401123,9.37620735168457,,,,,,,,,,,,,,,,,,,,,,,,,,,,,,,,,,,,,,,,
22,4444,,,,,,,,,,,,,,,,,,,,,,,,,,,,,,,,,,,,,,,,,0.31612062454223633,0.14763738214969635,0.46036475896835327,0.2403666228055954,0.20464666187763214,0.4547465443611145,0.2745078504085541,0.1463395655155182,0.772413969039917,0.14406214654445648,6.195535659790039,3.7207295894622803,7.747844219207764,6.098297119140625,5.092644691467285,9.170064926147461,7.5125346183776855,4.096242427825928,7.477540493011475,4.843921661376953,,,,,,,,,,,7.466939449310303,4.253636837005615,9.776034355163574,6.815409183502197,6.4729461669921875,10.928500175476074,8.57330322265625,4.511693477630615,10.089005470275879,5.781920909881592,,,,,,,,,,,,,,,,,,,,,,,,,,,,,,,,,,,,,,,,
22,4449,,,,,,,,,,,,,,,,,,,,,,,,,,,,,,,,,,,,,,,,,0.3862738609313965,0.5917321443557739,0.4230315685272217,0.27572503685951233,0.5158950090408325,0.5144862532615662,0.4743892550468445,0.2235065996646881,0.2404429018497467,0.21725600957870483,6.364401340484619,7.2048115730285645,7.97883939743042,5.009553909301758,6.068321704864502,8.100308418273926,8.67021369934082,4.926605224609375,3.959265947341919,5.361691474914551,,,,,,,,,,,8.51817512512207,8.515788078308105,9.371260643005371,7.299498081207275,10.27733039855957,11.624192237854004,11.270371437072754,5.5757575035095215,5.628974437713623,7.100404739379883,,,,,,,,,,,,,,,,,,,,,,,,,,,,,,,,,,,,,,,,
22,4454,,,,,,,,,,,,,,,,,,,,,,,,,,,,,,,,,,,,,,,,,0.7227718830108643,0.3534071743488312,1.031389594078064,0.8161606192588806,0.7630090117454529,0.6920733451843262,0.5244606733322144,0.6434434056282043,1.158491611480713,0.5225116014480591,9.337190628051758,5.679256916046143,11.175187110900879,8.544818878173828,10.0165376663208,10.544601440429688,10.67072868347168,7.355532646179199,10.438199043273926,9.60984992980957,,,,,,,,,,,11.60344409942627,6.581121921539307,14.632652282714844,12.558642387390137,12.498689651489258,13.481925964355469,11.850242614746094,9.460495948791504,12.355767250061035,11.011466979980469,,,,,,,,,,,,,,,,,,,,,,,,,,,,,,,,,,,,,,,,
22,4459,,,,,,,,,,,,,,,,,,,,,,,,,,,,,,,,,,,,,,,,,0.3025790750980377,0.31563180685043335,0.33877527713775635,0.1793328821659088,0.5338416695594788,0.317486971616745,0.1465618908405304,0.6575156450271606,0.1231553703546524,0.11091021448373795,5.3137311935424805,4.132806777954102,7.48607873916626,5.027178764343262,6.895701885223389,6.684521675109863,4.308717250823975,5.397157192230225,3.578296661376953,4.313122272491455,,,,,,,,,,,7.2231292724609375,6.219459533691406,8.386244773864746,5.886875629425049,10.454562187194824,9.131430625915527,6.2644267082214355,9.56338882446289,4.028561115264893,5.073211669921875,,,,,,,,,,,,,,,,,,,,,,,,,,,,,,,,,,,,,,,,
22,4461,,,,,,,,,,,,,,,,,,,,,,,,,,,,,,,,,,,,,,,,,,,,,,,,,,,6.361306667327881,5.235471248626709,6.2919392585754395,6.05488920211792,6.529098033905029,8.036479949951172,7.016044616699219,5.543173789978027,5.488063335418701,7.056600093841553,0.6039745807647705,0.5931391716003418,0.6702890396118164,0.6688755750656128,0.6092373728752136,0.5186864733695984,0.5936470627784729,0.6179590821266174,0.5906697511672974,0.5732678174972534,8.388077735900879,6.87988805770874,8.147067070007324,7.967435359954834,8.771051406860352,10.587638854980469,9.399717330932617,7.201890468597412,7.2543840408325195,9.283626556396484,0.5378116369247437,0.5841134786605835,0.5527384877204895,0.34109529852867126,0.5618547201156616,0.6575770378112793,0.4382520020008087,0.5231117606163025,0.6870773434638977,0.4944838285446167,7.503823280334473,5.963904857635498,7.5486016273498535,6.0247015953063965,8.230595588684082,9.81851577758789,8.16205883026123,6.0597453117370605,7.734716415405273,7.991569519042969,0.40681886672973633,0.3843260407447815,0.5757259130477905,0.6404619216918945,0.32243937253952026,0.4058704376220703,0.5506215691566467,0.21980327367782593,0.04338747262954712,0.5187338590621948,10.142109870910645,8.682397842407227,9.986390113830566,8.907914161682129,11.1370267868042,13.252443313598633,10.716694831848145,8.234783172607422,9.945897102355957,10.415438652038574
23,4464,,,,,,,,,,,,,,,,,,,,,,,,,,,,,,,,,,,,,,,,,0.33939433097839355,0.2975563108921051,0.27931416034698486,0.09034959971904755,0.6150362491607666,0.3407796621322632,0.1580834984779358,0.674278736114502,0.33077093958854675,0.2683797776699066,6.439182281494141,5.102264881134033,6.8148956298828125,3.8052761554718018,8.398171424865723,8.5840425491333,4.7272233963012695,8.340246200561523,6.402980804443359,5.777541160583496,,,,,,,,,,,7.688710689544678,6.038747310638428,7.61479377746582,4.178476810455322,11.221476554870605,9.460470199584961,6.50600004196167,9.684527397155762,6.602174282073975,7.891727447509766,,,,,,,,,,,,,,,,,,,,,,,,,,,,,,,,,,,,,,,,
23,4469,,,,,,,,,,,,,,,,,,,,,,,,,,,,,,,,,,,,,,,,,0.28957951068878174,0.21851541101932526,0.06667017191648483,0.21311677992343903,0.26720869541168213,0.44298607110977173,0.39270398020744324,0.25684165954589844,0.08697111904621124,0.6612014770507812,5.609917163848877,4.123499870300293,2.862433671951294,5.864309310913086,5.918152809143066,8.389504432678223,7.68867826461792,4.214287757873535,2.701439142227173,8.726951599121094,,,,,,,,,,,7.277679443359375,5.174915790557861,3.7202951908111572,6.4174675941467285,7.396478652954102,10.786259651184082,10.254239082336426,5.977113246917725,3.385406255722046,12.386942863464355,,,,,,,,,,,,,,,,,,,,,,,,,,,,,,,,,,,,,,,,
23,4474,,,,,,,,,,,,,,,,,,,,,,,,,,,,,,,,,,,,,,,,,0.2739841043949127,0.21154098212718964,0.09277095645666122,0.11995593458414078,0.5334427952766418,0.24470333755016327,0.23499810695648193,0.1951356679201126,0.22038277983665466,0.6129263043403625,5.791064262390137,4.349619388580322,3.4185822010040283,4.04473352432251,8.066568374633789,6.629838466644287,6.943178176879883,4.489777088165283,4.638514041900635,9.538768768310547,,,,,,,,,,,7.024407863616943,5.09166145324707,4.388516426086426,4.814661502838135,10.450655937194824,8.016703605651855,7.932370662689209,5.209871292114258,5.3890485763549805,11.926180839538574,,,,,,,,,,,,,,,,,,,,,,,,,,,,,,,,,,,,,,,,
23,4479,,,,,,,,,,,,,,,,,,,,,,,,,,,,,,,,,,,,,,,,,0.34405264258384705,0.1509324163198471,0.35406526923179626,0.5836293697357178,0.22173523902893066,0.5646083950996399,0.2062724083662033,0.1709127277135849,0.5018384456634521,0.34247931838035583,6.437163352966309,3.460256814956665,6.846103668212891,8.707852363586426,5.60555362701416,8.754457473754883,5.737508296966553,4.109904766082764,6.596292018890381,8.116541862487793,,,,,,,,,,,7.973758220672607,4.300842761993408,8.573405265808105,10.619974136352539,6.7377824783325195,12.177258491516113,7.4317545890808105,4.875800609588623,8.132146835327148,8.914856910705566,,,,,,,,,,,,,,,,,,,,,,,,,,,,,,,,,,,,,,,,
23,4484,,,,,,,,,,,,,,,,,,,,,,,,,,,,,,,,,,,,,,,,,0.2873966097831726,0.3398878872394562,0.19788490235805511,0.159092977643013,0.1359647959470749,0.23522627353668213,0.14395512640476227,0.2729622423648834,0.41189512610435486,0.6897002458572388,5.815654754638672,4.902270793914795,5.280052661895752,4.404306411743164,3.9396345615386963,6.994710922241211,5.188941478729248,4.904343128204346,6.378437042236328,10.348194122314453,,,,,,,,,,,7.10366678237915,6.454017162322998,6.4094085693359375,5.544729709625244,5.276098251342773,7.859931468963623,6.20846700668335,6.161834239959717,7.367440223693848,12.651073455810547,,,,,,,,,,,,,,,,,,,,,,,,,,,,,,,,,,,,,,,,
23,4489,,,,,,,,,,,,,,,,,,,,,,,,,,,,,,,,,,,,,,,,,0.5679184198379517,0.3416230082511902,0.7847806811332703,0.6392306089401245,0.47441303730010986,0.39656755328178406,0.24749965965747833,0.2626121938228607,1.475970983505249,0.4885680079460144,8.061179161071777,5.600712776184082,10.313578605651855,8.468328475952148,6.589783191680908,7.6528215408325195,6.65850305557251,5.272516250610352,13.861977577209473,8.132390022277832,,,,,,,,,,,9.909831047058105,6.4704694747924805,12.763971328735352,11.114339828491211,9.855484008789062,10.2055025100708,8.140630722045898,6.043884754180908,13.946402549743652,10.647796630859375,,,,,,,,,,,,,,,,,,,,,,,,,,,,,,,,,,,,,,,,
23,4494,,,,,,,,,,,,,,,,,,,,,,,,,,,,,,,,,,,,,,,,,0.34532418847084045,0.15633180737495422,0.19334912300109863,0.6179260015487671,0.2817113995552063,0.2581380605697632,0.424771249294281,0.14457634091377258,0.6065388917922974,0.4245748221874237,6.50560998916626,3.7815170288085938,5.053458213806152,10.083616256713867,5.639614582061768,7.016851425170898,8.377553939819336,3.4324545860290527,7.55731201171875,7.608109951019287,,,,,,,,,,,7.942666053771973,4.377094745635986,6.3355278968811035,10.927557945251465,7.594546318054199,8.233829498291016,10.664693832397461,4.48443078994751,8.940311431884766,9.92600154876709,,,,,,,,,,,,,,,,,,,,,,,,,,,,,,,,,,,,,,,,
23,4499,,,,,,,,,,,,,,,,,,,,,,,,,,,,,,,,,,,,,,,,,0.19200539588928223,0.2686631381511688,0.13940083980560303,0.1862410604953766,0.19219326972961426,0.31854718923568726,0.3540360629558563,0.08130475133657455,0.061316825449466705,0.12634550034999847,4.708185195922852,4.434789657592773,4.169381618499756,4.472620964050293,4.651659965515137,7.7331366539001465,7.632871150970459,2.790573835372925,2.375986099243164,4.112647533416748,,,,,,,,,,,5.988102436065674,5.7380757331848145,5.379530429840088,5.999190330505371,6.272905349731445,9.1466646194458,9.736313819885254,3.3629212379455566,2.842582941055298,5.414733409881592,,,,,,,,,,,,,,,,,,,,,,,,,,,,,,,,,,,,,,,,
23,4504,,,,,,,,,,,,,,,,,,,,,,,,,,,,,,,,,,,,,,,,,0.4546853303909302,0.2363561987876892,0.4122363030910492,0.3788614273071289,1.0140752792358398,0.3763917088508606,0.3749939501285553,0.6490118503570557,0.14516101777553558,0.5050801634788513,7.63554048538208,4.84795618057251,7.267236232757568,7.200127601623535,11.230916023254395,8.433655738830566,8.186283111572266,8.783937454223633,3.4536781311035156,9.316069602966309,,,,,,,,,,,9.140286445617676,5.382025718688965,9.250916481018066,8.556479454040527,14.409029960632324,9.942505836486816,10.020350456237793,9.501343727111816,4.373692989349365,10.82623291015625,,,,,,,,,,,,,,,,,,,,,,,,,,,,,,,,,,,,,,,,
23,4509,,,,,,,,,,,,,,,,,,,,,,,,,,,,,,,,,,,,,,,,,0.3455776870250702,0.5615943670272827,0.3396509885787964,0.30754876136779785,0.3928268551826477,0.4791516661643982,0.2920490801334381,0.22475865483283997,0.363313764333725,0.14930500090122223,6.437738418579102,6.192568302154541,6.881253242492676,6.650924205780029,7.376296043395996,9.81350040435791,6.537242412567139,4.015573024749756,5.769451141357422,4.7028374671936035,,,,,,,,,,,7.980921268463135,8.296092987060547,8.397075653076172,7.709245681762695,8.968095779418945,11.217920303344727,8.842981338500977,5.591353416442871,6.919332504272461,5.886191368103027,,,,,,,,,,,,,,,,,,,,,,,,,,,,,,,,,,,,,,,,
23,4514,,,,,,,,,,,,,,,,,,,,,,,,,,,,,,,,,,,,,,,,,0.35858240723609924,0.16580913960933685,0.20264579355716705,0.4550963044166565,0.3422728478908539,0.2313527911901474,0.289224773645401,0.5024118423461914,0.26648807525634766,0.7719400525093079,6.378324508666992,3.9041635990142822,5.496738910675049,7.08666467666626,7.3832550048828125,5.5662078857421875,6.6793212890625,7.007724285125732,4.568668365478516,9.712173461914062,,,,,,,,,,,8.11197566986084,4.507819175720215,6.4860520362854,9.377920150756836,8.371164321899414,7.794948101043701,8.800118446350098,8.359661102294922,5.92600679397583,13.38409423828125,,,,,,,,,,,,,,,,,,,,,,,,,,,,,,,,,,,,,,,,
23,4519,,,,,,,,,,,,,,,,,,,,,,,,,,,,,,,,,,,,,,,,,0.29670393466949463,0.2047910988330841,0.5347763895988464,0.056743185967206955,0.24276401102542877,0.18089811503887177,0.2661745250225067,0.16976448893547058,0.3182162940502167,0.6962073445320129,5.834066867828369,4.407991409301758,8.764043807983398,2.604555606842041,5.934677600860596,4.592040061950684,6.805846214294434,4.396732330322266,5.594379425048828,9.40633487701416,,,,,,,,,,,7.254260540008545,5.009770393371582,10.53653335571289,3.311400890350342,7.05004358291626,6.892755508422852,8.442169189453125,4.859394550323486,6.4756669998168945,12.710614204406738,,,,,,,,,,,,,,,,,,,,,,,,,,,,,,,,,,,,,,,,
23,4524,,,,,,,,,,,,,,,,,,,,,,,,,,,,,,,,,,,,,,,,,0.7942041158676147,0.434541791677475,0.7138378024101257,0.14052584767341614,0.8459502458572388,1.2204570770263672,0.2813459038734436,1.1734987497329712,2.142699956893921,0.19498026371002197,9.002216339111328,6.354299068450928,10.218231201171875,4.191305637359619,10.088081359863281,13.408074378967285,7.790177345275879,9.68550968170166,14.341907501220703,4.942356586456299,,,,,,,,,,,11.192427635192871,7.2975664138793945,12.17338752746582,5.211142539978027,13.160490036010742,17.903467178344727,8.679428100585938,12.776151657104492,16.80366325378418,6.7265520095825195,,,,,,,,,,,,,,,,,,,,,,,,,,,,,,,,,,,,,,,,
23,4529,,,,,,,,,,,,,,,,,,,,,,,,,,,,,,,,,,,,,,,,,0.37988531589508057,0.581807017326355,0.027089908719062805,0.3123350143432617,0.5018693208694458,1.1604645252227783,0.364859938621521,0.07993610203266144,0.09417939931154251,0.2964266538619995,6.140799045562744,6.928669452667236,1.9354623556137085,5.189404487609863,7.571340560913086,13.40041446685791,8.13755989074707,2.9501125812530518,3.4824676513671875,5.671757698059082,,,,,,,,,,,7.91270637512207,8.444068908691406,2.371457815170288,7.769002437591553,10.136661529541016,17.4578914642334,9.884025573730469,3.334495782852173,3.5229074954986572,8.293843269348145,,,,,,,,,,,,,,,,,,,,,,,,,,,,,,,,,,,,,,,,
23,4534,,,,,,,,,,,,,,,,,,,,,,,,,,,,,,,,,,,,,,,,,0.372241348028183,0.3108862042427063,0.9314718246459961,0.37645721435546875,0.26631060242652893,0.5741637349128723,0.2275933027267456,0.16841933131217957,0.08231464773416519,0.4125552475452423,6.173366069793701,5.242063045501709,9.571603775024414,6.844422817230225,5.255404472351074,8.602805137634277,5.502139091491699,3.737078905105591,3.0558667182922363,7.7489118576049805,,,,,,,,,,,8.221783638000488,6.172526836395264,13.905817031860352,8.52928638458252,7.384037017822266,12.279868125915527,7.806395053863525,4.840103626251221,3.293531656265259,9.784491539001465,,,,,,,,,,,,,,,,,,,,,,,,,,,,,,,,,,,,,,,,
23,4539,,,,,,,,,,,,,,,,,,,,,,,,,,,,,,,,,,,,,,,,,0.5046417713165283,0.24338987469673157,0.4228130280971527,0.5250356197357178,0.4351467192173004,0.3429926633834839,0.21935121715068817,0.9054312109947205,0.9289588928222656,0.5186564922332764,8.3604097366333,4.519093036651611,8.620620727539062,9.617769241333008,7.919451713562012,8.348308563232422,6.207287788391113,10.850248336791992,10.127223014831543,9.03368091583252,,,,,,,,,,,9.417140007019043,5.461519718170166,9.368840217590332,10.072778701782227,9.438815116882324,9.49113655090332,7.663741111755371,11.222418785095215,11.064239501953125,10.970769882202148,,,,,,,,,,,,,,,,,,,,,,,,,,,,,,,,,,,,,,,,
23,4544,,,,,,,,,,,,,,,,,,,,,,,,,,,,,,,,,,,,,,,,,0.2436068058013916,0.19141235947608948,0.2507219910621643,0.2742706835269928,0.19747397303581238,0.3360115885734558,0.267242968082428,0.056612636893987656,0.19529306888580322,0.4234219789505005,5.182375907897949,3.6166341304779053,5.709251880645752,5.815734386444092,4.441579341888428,7.02575159072876,6.138776779174805,2.2046804428100586,3.7928988933563232,7.896076679229736,,,,,,,,,,,6.8157196044921875,4.843365669250488,7.214526653289795,7.2802205085754395,6.358498573303223,9.394052505493164,8.45909595489502,2.8061795234680176,5.073021411895752,9.912515640258789,,,,,,,,,,,,,,,,,,,,,,,,,,,,,,,,,,,,,,,,
23,4549,,,,,,,,,,,,,,,,,,,,,,,,,,,,,,,,,,,,,,,,,0.3247748613357544,0.2512598931789398,0.2169123888015747,0.48457759618759155,0.40966594219207764,0.3167886435985565,0.1981036216020584,0.40144333243370056,0.2748893201351166,0.3693329393863678,6.684855937957764,4.551513195037842,6.299806118011475,7.385344505310059,7.452940464019775,7.279585838317871,6.371114253997803,6.867898464202881,5.560359954833984,8.395143508911133,,,,,,,,,,,7.805370807647705,5.549117088317871,6.710484027862549,9.67690658569336,9.158293724060059,9.121382713317871,7.283112525939941,7.472585201263428,6.018693447113037,9.257766723632812,,,,,,,,,,,,,,,,,,,,,,,,,,,,,,,,,,,,,,,,
23,4554,,,,,,,,,,,,,,,,,,,,,,,,,,,,,,,,,,,,,,,,,0.40508949756622314,0.21224913001060486,0.4914029836654663,0.3939448595046997,0.390375018119812,0.23994344472885132,0.30775779485702515,0.5960395336151123,0.6994289755821228,0.31466343998908997,6.040770053863525,4.0926055908203125,6.28598165512085,5.720937728881836,7.647613525390625,5.063270568847656,6.193094730377197,5.967451095581055,6.228291988372803,7.1676788330078125,,,,,,,,,,,8.570297241210938,5.100176811218262,10.100213050842285,8.725143432617188,8.940064430236816,7.938351154327393,9.077689170837402,9.105341911315918,9.600526809692383,8.545162200927734,,,,,,,,,,,,,,,,,,,,,,,,,,,,,,,,,,,,,,,,
23,4559,,,,,,,,,,,,,,,,,,,,,,,,,,,,,,,,,,,,,,,,,0.2606090009212494,0.30275434255599976,0.11677677184343338,0.2572591304779053,0.4573647081851959,0.3748185932636261,0.3553035259246826,0.09361205995082855,0.0781884416937828,0.3094033896923065,5.39114236831665,4.820034980773926,3.8339412212371826,5.531777381896973,7.5406060218811035,8.112112045288086,7.075961112976074,2.859348773956299,2.66435170173645,6.082145690917969,,,,,,,,,,,6.96776008605957,6.091264247894287,4.923680782318115,7.050830364227295,9.676782608032227,9.921707153320312,9.7537260055542,3.608483076095581,3.2099227905273438,8.473440170288086,,,,,,,,,,,,,,,,,,,,,,,,,,,,,,,,,,,,,,,,
23,4564,,,,,,,,,,,,,,,,,,,,,,,,,,,,,,,,,,,,,,,,,0.3811066448688507,0.9050377607345581,0.1337238848209381,0.1888566017150879,0.5515004396438599,0.4581139385700226,0.5945195555686951,0.10355737805366516,0.23332814872264862,0.26132211089134216,6.267948627471924,7.935786724090576,4.314163684844971,4.868227958679199,7.97670841217041,7.002320766448975,9.628952980041504,2.980769634246826,5.096479415893555,6.608128547668457,,,,,,,,,,,8.131245613098145,10.53162956237793,5.268853664398193,6.041168689727783,10.626068115234375,10.968889236450195,12.616935729980469,3.7953274250030518,5.54506778717041,7.787270545959473,,,,,,,,,,,,,,,,,,,,,,,,,,,,,,,,,,,,,,,,
23,4569,,,,,,,,,,,,,,,,,,,,,,,,,,,,,,,,,,,,,,,,,0.403595894575119,0.4460810720920563,0.33372339606285095,0.3651559054851532,0.3196841776371002,0.45988595485687256,0.48135167360305786,0.5207265019416809,0.45556026697158813,0.2501942813396454,6.476573467254639,5.576859951019287,6.65313196182251,6.015144348144531,5.898372650146484,8.272089958190918,7.340299129486084,7.143246650695801,5.3310546875,6.0589599609375,,,,,,,,,,,8.714346885681152,7.393825531005859,8.323480606079102,8.400285720825195,8.090218544006348,10.990081787109375,11.352775573730469,8.510666847229004,7.7481184005737305,7.619665145874023,,,,,,,,,,,,,,,,,,,,,,,,,,,,,,,,,,,,,,,,
23,4574,,,,,,,,,,,,,,,,,,,,,,,,,,,,,,,,,,,,,,,,,0.7995243072509766,0.5205900073051453,0.7951900362968445,0.9109943509101868,0.8477709889411926,0.6364341378211975,0.2925114333629608,1.5755438804626465,0.8999946117401123,0.7166893482208252,9.021450996398926,6.690307140350342,10.919939994812012,10.795015335083008,8.608384132385254,11.374265670776367,6.055766582489014,10.521052360534668,8.108415603637695,8.119900703430176,,,,,,,,,,,11.960859298706055,7.987486839294434,12.848341941833496,13.268221855163574,13.17464542388916,12.928633689880371,8.84997844696045,14.803826332092285,10.89038372039795,12.89622688293457,,,,,,,,,,,,,,,,,,,,,,,,,,,,,,,,,,,,,,,,
23,4579,,,,,,,,,,,,,,,,,,,,,,,,,,,,,,,,,,,,,,,,,1.0842429399490356,0.46494969725608826,0.51898592710495,0.878257691860199,0.6867173910140991,0.6273370981216431,0.20941458642482758,1.9593136310577393,3.94976806640625,0.4634419083595276,10.522743225097656,5.978444576263428,9.437936782836914,10.231783866882324,8.914203643798828,9.41989803314209,6.719252109527588,15.657102584838867,20.815919876098633,7.5301432609558105,,,,,,,,,,,12.536762237548828,7.548579692840576,10.37981128692627,13.027643203735352,11.857378005981445,12.83590030670166,7.488145351409912,16.508617401123047,22.814401626586914,10.370384216308594,,,,,,,,,,,,,,,,,,,,,,,,,,,,,,,,,,,,,,,,
23,4584,,,,,,,,,,,,,,,,,,,,,,,,,,,,,,,,,,,,,,,,,0.2368684858083725,0.4457172155380249,0.06336238235235214,0.20945481956005096,0.2566578984260559,0.31075918674468994,0.28454771637916565,0.13447938859462738,0.144093319773674,0.2827444076538086,5.289745330810547,5.876171112060547,3.3513879776000977,5.677130699157715,5.853570461273193,6.6249237060546875,6.361586570739746,3.7601327896118164,3.4543933868408203,6.648411273956299,,,,,,,,,,,6.574923038482666,7.390809059143066,3.6268317699432373,6.362093448638916,7.248980522155762,9.034161567687988,8.728675842285156,4.325005054473877,4.357578277587891,8.100171089172363,,,,,,,,,,,,,,,,,,,,,,,,,,,,,,,,,,,,,,,,
23,4589,,,,,,,,,,,,,,,,,,,,,,,,,,,,,,,,,,,,,,,,,0.39432111382484436,0.4582403004169464,0.7621524930000305,0.3470466136932373,0.36411774158477783,0.32156240940093994,0.6958696842193604,0.05873686820268631,0.029250629246234894,0.5119134187698364,6.655022144317627,5.4482855796813965,11.018022537231445,7.3622026443481445,7.16623067855835,7.113772869110107,9.630060195922852,2.222611427307129,1.8358451128005981,8.09816837310791,,,,,,,,,,,8.384092330932617,7.493916988372803,12.578608512878418,8.189337730407715,8.634169578552246,9.189851760864258,13.650067329406738,2.858341693878174,1.9633193016052246,10.89922046661377,,,,,,,,,,,,,,,,,,,,,,,,,,,,,,,,,,,,,,,,
23,4594,,,,,,,,,,,,,,,,,,,,,,,,,,,,,,,,,,,,,,,,,0.5943727493286133,0.9492238163948059,0.5307251214981079,0.604714035987854,1.016622543334961,0.22154083847999573,0.22530581057071686,0.3112215995788574,1.1335207223892212,0.35648053884506226,7.82869815826416,7.717793941497803,8.48994255065918,10.10937786102295,10.016335487365723,6.479127407073975,6.0647969245910645,6.214556694030762,8.511713981628418,6.854639053344727,,,,,,,,,,,9.979000091552734,10.785656929016113,10.49654769897461,10.810104370117188,14.427115440368652,7.6278605461120605,7.76706600189209,6.579509735107422,12.221879959106445,9.095260620117188,,,,,,,,,,,,,,,,,,,,,,,,,,,,,,,,,,,,,,,,
23,4599,,,,,,,,,,,,,,,,,,,,,,,,,,,,,,,,,,,,,,,,,0.284248411655426,0.441029816865921,0.43553364276885986,0.2703431248664856,0.2364269196987152,0.26030856370925903,0.3854539096355438,0.13635477423667908,0.18974117934703827,0.20304380357265472,5.94219970703125,5.278299331665039,8.123760223388672,6.853423118591309,5.334807395935059,6.298435211181641,7.508981227874756,3.826218366622925,4.011288166046143,6.244581699371338,,,,,,,,,,,7.299233436584473,7.351843357086182,9.5087308883667,7.227907180786133,6.957417964935303,8.268373489379883,10.15914249420166,4.355057716369629,5.000392913818359,6.864233493804932,,,,,,,,,,,,,,,,,,,,,,,,,,,,,,,,,,,,,,,,
23,4604,,,,,,,,,,,,,,,,,,,,,,,,,,,,,,,,,,,,,,,,,0.36626872420310974,0.4684903621673584,0.4217655658721924,0.19535468518733978,0.14240610599517822,0.4233144223690033,0.444617360830307,0.4260560870170593,0.3606680631637573,0.4137457013130188,6.919623374938965,6.306736946105957,7.898448467254639,5.601358890533447,4.6005778312683105,8.764569282531738,7.98611307144165,6.688877105712891,6.765871047973633,7.664056301116943,,,,,,,,,,,8.258258819580078,7.577266693115234,9.35722827911377,6.144220352172852,5.399629592895508,10.544049263000488,10.910985946655273,7.698251247406006,6.894092559814453,9.798598289489746,,,,,,,,,,,,,,,,,,,,,,,,,,,,,,,,,,,,,,,,
23,4609,,,,,,,,,,,,,,,,,,,,,,,,,,,,,,,,,,,,,,,,,0.4194280207157135,0.5608847141265869,0.15080158412456512,0.26426586508750916,0.1644335389137268,0.49174216389656067,0.21518105268478394,0.4625319242477417,0.9347254633903503,0.5302861928939819,6.821714878082275,5.947885036468506,4.561877250671387,6.28758430480957,4.544914245605469,8.633528709411621,5.8518218994140625,6.738165378570557,9.54409122467041,9.285561561584473,,,,,,,,,,,8.444665908813477,8.290850639343262,5.595187187194824,7.146204471588135,5.802228927612305,11.364348411560059,7.590542793273926,8.02101993560791,11.098526954650879,11.093086242675781,,,,,,,,,,,,,,,,,,,,,,,,,,,,,,,,,,,,,,,,
23,4614,,,,,,,,,,,,,,,,,,,,,,,,,,,,,,,,,,,,,,,,,0.5052263140678406,0.4661302864551544,0.44056573510169983,0.6189901232719421,0.7822436094284058,0.3943255543708801,0.41881588101387024,0.2862326204776764,0.57526034116745,0.5644723773002625,7.582780838012695,5.71935510635376,7.413035869598389,8.553647994995117,9.180797576904297,8.424796104431152,7.5954203605651855,5.482187271118164,6.319087505340576,9.556700706481934,,,,,,,,,,,9.77131175994873,7.558156967163086,9.56350326538086,10.93696403503418,12.655248641967773,10.176613807678223,10.589668273925781,6.309838771820068,8.706738471984863,11.445072174072266,,,,,,,,,,,,,,,,,,,,,,,,,,,,,,,,,,,,,,,,
23,4619,,,,,,,,,,,,,,,,,,,,,,,,,,,,,,,,,,,,,,,,,0.42136532068252563,0.736423671245575,0.2083645910024643,0.4387805461883545,0.7714799046516418,0.5552544593811035,0.17626671493053436,0.13952022790908813,0.4422149360179901,0.32398277521133423,6.387623310089111,6.1022539138793945,3.7771778106689453,7.229377746582031,8.848064422607422,7.5217061042785645,5.874448299407959,3.596217393875122,7.0641961097717285,7.475167274475098,,,,,,,,,,,8.612110137939453,9.500055313110352,6.576935768127441,9.208280563354492,12.567877769470215,12.075965881347656,6.869987964630127,4.405318260192871,7.633786201477051,8.670780181884766,,,,,,,,,,,,,,,,,,,,,,,,,,,,,,,,,,,,,,,,
23,4624,,,,,,,,,,,,,,,,,,,,,,,,,,,,,,,,,,,,,,,,,0.3469789922237396,0.29868870973587036,0.384284108877182,0.20142920315265656,0.13082191348075867,0.4052770137786865,0.5695424675941467,0.07513193041086197,0.36621779203414917,0.6914176344871521,5.9653425216674805,5.330209732055664,7.028083801269531,4.196187973022461,4.340143203735352,7.13363790512085,9.193323135375977,2.613140106201172,4.7128448486328125,9.140512466430664,,,,,,,,,,,7.989876747131348,6.050227165222168,8.931777954101562,6.239016532897949,5.175352096557617,10.316963195800781,12.349059104919434,3.232741594314575,6.946930885314941,12.666815757751465,,,,,,,,,,,,,,,,,,,,,,,,,,,,,,,,,,,,,,,,
23,4629,,,,,,,,,,,,,,,,,,,,,,,,,,,,,,,,,,,,,,,,,0.4296865463256836,0.439116507768631,0.4684305191040039,0.38583967089653015,0.2940101623535156,0.31202661991119385,0.48793190717697144,0.926852822303772,0.4015144109725952,0.1514563411474228,6.958722114562988,5.740417957305908,7.048340320587158,6.810870170593262,6.014317035675049,7.4488983154296875,8.882216453552246,9.333745956420898,6.438039302825928,4.911651134490967,,,,,,,,,,,8.736687660217285,7.335878849029541,9.86130142211914,8.634920120239258,7.758554458618164,9.052565574645996,11.430109977722168,11.35439682006836,7.2740092277526855,5.928447246551514,,,,,,,,,,,,,,,,,,,,,,,,,,,,,,,,,,,,,,,,
23,4634,,,,,,,,,,,,,,,,,,,,,,,,,,,,,,,,,,,,,,,,,0.2877988815307617,0.14838716387748718,0.49093741178512573,0.34189286828041077,0.15908300876617432,0.3547086715698242,0.3121201694011688,0.15971986949443817,0.3775121867656708,0.24582846462726593,5.763295650482178,3.477818489074707,6.949838638305664,7.231252670288086,4.713788986206055,7.040458679199219,6.893326282501221,4.010617256164551,5.426673889160156,6.125884532928467,,,,,,,,,,,7.367606163024902,4.2644243240356445,10.095427513122559,8.128303527832031,5.707047939300537,9.651876449584961,9.141799926757812,4.713442325592041,7.05324125289917,7.552892208099365,,,,,,,,,,,,,,,,,,,,,,,,,,,,,,,,,,,,,,,,
23,4639,,,,,,,,,,,,,,,,,,,,,,,,,,,,,,,,,,,,,,,,,0.3672492206096649,0.21750518679618835,0.4437510669231415,0.2414330542087555,0.19315171241760254,0.4532032012939453,0.3696191608905792,0.6561864018440247,0.27613207697868347,0.4542611241340637,7.085705280303955,4.587950229644775,8.541139602661133,5.556935787200928,5.091651916503906,8.558052062988281,8.84408187866211,8.206992149353027,5.619719982147217,8.764822006225586,,,,,,,,,,,8.28792953491211,5.16294002532959,9.598013877868652,6.830511569976807,6.288527011871338,10.909939765930176,9.948280334472656,9.553715705871582,6.032283306121826,10.26715087890625,,,,,,,,,,,,,,,,,,,,,,,,,,,,,,,,,,,,,,,,
23,4644,,,,,,,,,,,,,,,,,,,,,,,,,,,,,,,,,,,,,,,,,0.4089019000530243,0.4146741032600403,0.39180663228034973,0.2810389995574951,0.6910462379455566,0.5431938171386719,0.36203533411026,0.13344615697860718,0.33687201142311096,0.5260038375854492,6.90143346786499,5.355813980102539,7.751469135284424,6.647742748260498,8.615262985229492,8.451653480529785,7.919154644012451,3.154157876968384,5.431456089019775,8.786190032958984,,,,,,,,,,,8.80232048034668,7.128788471221924,9.018774032592773,7.369502544403076,11.89469051361084,11.94409465789795,9.84569263458252,4.308358192443848,6.662784099578857,11.048203468322754,,,,,,,,,,,,,,,,,,,,,,,,,,,,,,,,,,,,,,,,
23,4649,,,,,,,,,,,,,,,,,,,,,,,,,,,,,,,,,,,,,,,,,0.3940582275390625,0.18343928456306458,0.10275917500257492,0.17591068148612976,0.935234010219574,0.8071854710578918,0.4221852719783783,0.10360067337751389,0.20301365852355957,0.6131957173347473,6.5595221519470215,4.040471076965332,3.723809003829956,5.133764743804932,10.550607681274414,10.458358764648438,8.596048355102539,3.353135585784912,4.148535251617432,9.030967712402344,,,,,,,,,,,8.346402168273926,4.741420269012451,4.6187238693237305,5.830435276031494,13.837568283081055,14.560039520263672,10.632180213928223,3.7961206436157227,5.17232608795166,11.928799629211426,,,,,,,,,,,,,,,,,,,,,,,,,,,,,,,,,,,,,,,,
23,4654,,,,,,,,,,,,,,,,,,,,,,,,,,,,,,,,,,,,,,,,,0.15581239759922028,0.2860851585865021,0.019071074202656746,0.09000110626220703,0.1137167438864708,0.13018372654914856,0.18899056315422058,0.22244872152805328,0.12630721926689148,0.22550727427005768,3.9907896518707275,4.774698734283447,1.6698588132858276,2.87577486038208,3.29258394241333,4.547727108001709,5.237072467803955,4.784361839294434,3.699523448944092,5.0355072021484375,,,,,,,,,,,5.193750381469727,5.921202659606934,1.9897534847259521,4.170410633087158,4.825161457061768,5.847283840179443,7.113624095916748,5.562547206878662,4.07978630065918,7.233982563018799,,,,,,,,,,,,,,,,,,,,,,,,,,,,,,,,,,,,,,,,
23,4655,,,,,,,,,,,,,,,,,,,,,,,,,,,,,,,,,,,,,,,,,,,,,,,,,,,6.32764196395874,5.150735378265381,6.228192329406738,6.052697658538818,6.497599124908447,7.983601093292236,6.986472129821777,5.432888507843018,5.489181041717529,7.127405643463135,0.6070553064346313,0.6020539999008179,0.6688919067382812,0.6735771894454956,0.6128515601158142,0.5185599327087402,0.5917913913726807,0.6262865662574768,0.5969149470329285,0.5725700855255127,8.359185218811035,6.804098129272461,8.164307594299316,7.910669803619385,8.730395317077637,10.589031219482422,9.421152114868164,7.122966289520264,7.198831081390381,9.291211128234863,0.5260465741157532,0.5625564455986023,0.5926390290260315,0.407494455575943,0.5990761518478394,0.6225640773773193,0.4478761851787567,0.49229374527931213,0.5223841667175293,0.48753517866134644,7.393104553222656,5.437765121459961,8.086965560913086,6.790409564971924,8.47023868560791,9.578165054321289,8.08051586151123,5.9363908767700195,6.311128616333008,7.846359729766846,0.4251675605773926,0.41993826627731323,0.5201864242553711,0.5390174388885498,0.2789417505264282,0.43403881788253784,0.5490593910217285,0.283250093460083,0.27474963665008545,0.5273261666297913,10.129751205444336,8.42755126953125,10.619927406311035,10.086625099182129,11.488950729370117,12.934471130371094,10.735306739807129,7.892851829528809,8.660039901733398,10.322043418884277
24,4659,,,,,,,,,,,,,,,,,,,,,,,,,,,,,,,,,,,,,,,,,0.3046399652957916,0.35033780336380005,0.2979968190193176,0.2739103138446808,0.19710515439510345,0.28288066387176514,0.3192680776119232,0.20849084854125977,0.13614854216575623,0.6756212711334229,6.009807109832764,5.668535232543945,5.801340579986572,5.141005039215088,5.845991134643555,7.524678707122803,7.28784704208374,3.8946592807769775,3.806569814682007,9.11763858795166,,,,,,,,,,,7.561482906341553,6.552481174468994,7.865339756011963,7.275436878204346,6.352558135986328,8.61940860748291,9.245885848999023,5.385204792022705,4.235744953155518,12.521283149719238,,,,,,,,,,,,,,,,,,,,,,,,,,,,,,,,,,,,,,,,
24,4664,,,,,,,,,,,,,,,,,,,,,,,,,,,,,,,,,,,,,,,,,0.23503939807415009,0.2670433223247528,0.13927319645881653,0.06234283372759819,0.19697752594947815,0.20883619785308838,0.24453294277191162,0.1744580715894699,0.2755132019519806,0.5463771820068359,5.163777828216553,4.842328071594238,4.1616644859313965,3.138697862625122,4.400369644165039,6.466288089752197,6.573996543884277,3.5535404682159424,4.371165752410889,8.965944290161133,,,,,,,,,,,6.514293193817139,5.720752239227295,5.377066612243652,3.4709479808807373,6.350500583648682,7.405915260314941,8.091693878173828,4.926111698150635,6.025519847869873,11.260132789611816,,,,,,,,,,,,,,,,,,,,,,,,,,,,,,,,,,,,,,,,
24,4669,,,,,,,,,,,,,,,,,,,,,,,,,,,,,,,,,,,,,,,,,0.42594292759895325,0.648627519607544,0.17362014949321747,0.5591008067131042,0.3000713884830475,0.6470701098442078,0.41232627630233765,0.27451473474502563,0.4869394898414612,0.3312159478664398,6.7064361572265625,6.571138381958008,4.926425457000732,7.36234188079834,6.54934549331665,10.509902954101562,6.870449542999268,4.404491424560547,6.670580863952637,6.493250370025635,,,,,,,,,,,8.850258827209473,8.915792465209961,6.003600120544434,10.39441204071045,7.838120460510254,13.036216735839844,10.507303237915039,6.179332256317139,8.01052188873291,8.767036437988281,,,,,,,,,,,,,,,,,,,,,,,,,,,,,,,,,,,,,,,,
24,4674,,,,,,,,,,,,,,,,,,,,,,,,,,,,,,,,,,,,,,,,,0.33835911750793457,0.2934878170490265,0.4031565487384796,0.3644642233848572,0.49000096321105957,0.30612167716026306,0.2558819651603699,0.1725287288427353,0.1846325844526291,0.574957549571991,6.344491004943848,4.945730686187744,7.557003021240234,6.081198215484619,8.117554664611816,7.491782188415527,6.7768354415893555,3.9351234436035156,2.909139394760132,9.286051750183105,,,,,,,,,,,8.020037651062012,5.997321605682373,9.148470878601074,8.392325401306152,10.016087532043457,8.966499328613281,8.277337074279785,4.898796558380127,4.932617664337158,11.550880432128906,,,,,,,,,,,,,,,,,,,,,,,,,,,,,,,,,,,,,,,,
24,4679,,,,,,,,,,,,,,,,,,,,,,,,,,,,,,,,,,,,,,,,,0.32562917470932007,0.1921772062778473,0.23190194368362427,0.31679219007492065,0.3082103729248047,0.6405751705169678,0.19633755087852478,0.33831533789634705,0.43491441011428833,0.2714385986328125,6.294668674468994,3.9540646076202393,5.648800373077393,6.138460636138916,5.970686912536621,10.188813209533691,5.899628639221191,4.9824395179748535,6.725100517272949,7.144023418426514,,,,,,,,,,,7.79418420791626,4.85303258895874,6.938472270965576,7.824238300323486,7.943708896636963,12.970624923706055,7.250576019287109,6.859928131103516,7.570511341094971,7.936573028564453,,,,,,,,,,,,,,,,,,,,,,,,,,,,,,,,,,,,,,,,
24,4684,,,,,,,,,,,,,,,,,,,,,,,,,,,,,,,,,,,,,,,,,0.31472212076187134,0.21272914111614227,0.2969684898853302,0.16903316974639893,0.3788551390171051,0.5073833465576172,0.34708112478256226,0.14661860466003418,0.16391941905021667,0.6099106073379517,5.654458999633789,3.859097719192505,6.242572784423828,4.505847930908203,7.13734769821167,9.201618194580078,7.432675838470459,2.167471170425415,2.822251558303833,7.521242618560791,,,,,,,,,,,7.74717378616333,5.105940341949463,7.851757049560547,5.7153239250183105,8.807167053222656,11.543671607971191,9.640205383300781,4.515992641448975,4.647704601287842,11.896803855895996,,,,,,,,,,,,,,,,,,,,,,,,,,,,,,,,,,,,,,,,
24,4689,,,,,,,,,,,,,,,,,,,,,,,,,,,,,,,,,,,,,,,,,0.3028797209262848,0.5113882422447205,0.055670320987701416,0.09202890843153,0.27522873878479004,0.4942407011985779,0.5589655041694641,0.1990198791027069,0.24361172318458557,0.2957634925842285,5.747008800506592,5.769543647766113,2.8922669887542725,3.192089796066284,6.036448001861572,8.195029258728027,9.57715129852295,4.484620094299316,4.293975353240967,7.281956672668457,,,,,,,,,,,7.319883823394775,7.916580677032471,3.399566173553467,4.217130184173584,7.506656169891357,11.393184661865234,12.233854293823242,5.261468410491943,5.665945053100586,8.284561157226562,,,,,,,,,,,,,,,,,,,,,,,,,,,,,,,,,,,,,,,,
24,4694,,,,,,,,,,,,,,,,,,,,,,,,,,,,,,,,,,,,,,,,,0.4856260120868683,0.25343260169029236,0.3682301938533783,0.8229699730873108,0.34999439120292664,0.6179852485656738,0.5014522075653076,0.6770979166030884,0.47856512665748596,0.30090633034706116,7.8574090003967285,3.950225830078125,7.503079891204834,10.343719482421875,7.623642444610596,10.579690933227539,9.25,8.045327186584473,6.728908061981201,6.6920928955078125,,,,,,,,,,,9.52465534210205,5.573057651519775,8.743219375610352,12.610922813415527,8.465063095092773,12.7398681640625,11.58738899230957,9.704751968383789,7.941340446472168,8.356277465820312,,,,,,,,,,,,,,,,,,,,,,,,,,,,,,,,,,,,,,,,
24,4699,,,,,,,,,,,,,,,,,,,,,,,,,,,,,,,,,,,,,,,,,0.4841768443584442,0.7414742112159729,0.2750098705291748,0.22343182563781738,1.153165578842163,0.5226272344589233,0.3406217396259308,0.2884921729564667,0.3867439031600952,0.4260253310203552,7.10580587387085,7.631016254425049,6.624015808105469,5.042147159576416,10.191351890563965,9.325955390930176,7.2584686279296875,3.504711151123047,5.490424156188965,8.884161949157715,,,,,,,,,,,9.300816535949707,9.532576560974121,7.5558929443359375,6.570938587188721,15.365456581115723,11.715797424316406,9.550080299377441,6.334695339202881,7.138960838317871,9.94294261932373,,,,,,,,,,,,,,,,,,,,,,,,,,,,,,,,,,,,,,,,
24,4704,,,,,,,,,,,,,,,,,,,,,,,,,,,,,,,,,,,,,,,,,0.4245535433292389,0.7255281209945679,0.4182945489883423,0.5315216183662415,0.5627237558364868,0.4916512966156006,0.22137445211410522,0.35432353615760803,0.2541626989841461,0.26140162348747253,6.804426670074463,6.298404693603516,7.940072059631348,8.238123893737793,7.82232666015625,9.461167335510254,5.555656909942627,5.6722025871276855,4.622876167297363,5.629008769989014,,,,,,,,,,,8.808340072631836,9.429515838623047,9.318644523620605,10.134803771972656,10.733646392822266,11.363299369812012,7.699004173278809,7.020349502563477,5.787342548370361,7.788455486297607,,,,,,,,,,,,,,,,,,,,,,,,,,,,,,,,,,,,,,,,
24,4709,,,,,,,,,,,,,,,,,,,,,,,,,,,,,,,,,,,,,,,,,0.29762813448905945,0.165914848446846,0.2768201231956482,0.14972880482673645,0.22174443304538727,0.3695705533027649,0.3717576563358307,0.46714863181114197,0.2832690477371216,0.37269920110702515,5.638904571533203,3.3803961277008057,6.3840227127075195,4.318413734436035,4.888715744018555,7.222011089324951,6.588956356048584,6.29339075088501,3.679405689239502,7.994828701019287,,,,,,,,,,,7.50072717666626,4.509256362915039,7.5807204246521,5.3790740966796875,6.737922191619873,9.852004051208496,9.977017402648926,8.060951232910156,6.1097412109375,9.299860000610352,,,,,,,,,,,,,,,,,,,,,,,,,,,,,,,,,,,,,,,,
24,4714,,,,,,,,,,,,,,,,,,,,,,,,,,,,,,,,,,,,,,,,,0.27331385016441345,0.37337231636047363,0.25222837924957275,0.19836582243442535,0.3763517439365387,0.33132004737854004,0.2317928522825241,0.15337908267974854,0.1660698503255844,0.3769444227218628,5.672789573669434,5.048205852508545,5.175313949584961,4.984985828399658,6.727995872497559,6.81944465637207,5.597204685211182,4.122507095336914,4.073153972625732,8.506295204162598,,,,,,,,,,,7.202897071838379,6.764462947845459,7.236167907714844,6.191391944885254,8.778020858764648,9.328239440917969,7.878087997436523,4.618934631347656,4.678091049194336,9.352675437927246,,,,,,,,,,,,,,,,,,,,,,,,,,,,,,,,,,,,,,,,
24,4719,,,,,,,,,,,,,,,,,,,,,,,,,,,,,,,,,,,,,,,,,0.261016845703125,0.6111595630645752,0.11922681331634521,0.341615229845047,0.15529079735279083,0.20359189808368683,0.2356913834810257,0.035265106707811356,0.505719006061554,0.14159201085567474,5.0845489501953125,5.967950820922852,3.924665689468384,6.94083833694458,4.550634384155273,5.897099018096924,6.146868705749512,1.9930131435394287,5.791651725769043,4.548216342926025,,,,,,,,,,,6.528886795043945,8.654451370239258,4.975063800811768,8.12500286102295,5.638615608215332,7.31233549118042,7.94406270980835,2.2147839069366455,8.163528442382812,5.732137203216553,,,,,,,,,,,,,,,,,,,,,,,,,,,,,,,,,,,,,,,,
24,4724,,,,,,,,,,,,,,,,,,,,,,,,,,,,,,,,,,,,,,,,,0.32775652408599854,0.5494154691696167,0.40558916330337524,0.2799684703350067,0.4502483010292053,0.28045472502708435,0.2732102870941162,0.19626303017139435,0.25191730260849,0.26274189352989197,6.366302490234375,6.542435646057129,7.430830001831055,6.269242286682129,7.748098850250244,7.026942729949951,6.8758440017700195,4.630991458892822,4.692674160003662,6.079665184020996,,,,,,,,,,,7.807637691497803,8.205645561218262,9.176030158996582,7.355453014373779,9.601202964782715,8.58237075805664,8.553016662597656,5.224899768829346,5.761722087860107,7.80839729309082,,,,,,,,,,,,,,,,,,,,,,,,,,,,,,,,,,,,,,,,
24,4729,,,,,,,,,,,,,,,,,,,,,,,,,,,,,,,,,,,,,,,,,0.2900277078151703,0.2454543113708496,0.20781365036964417,0.14020533859729767,0.8224915862083435,0.5154796838760376,0.3424915671348572,0.10334566235542297,0.03489043936133385,0.19807711243629456,5.51057767868042,4.577264308929443,5.719028949737549,4.233077526092529,9.09461498260498,8.62200927734375,7.507789611816406,3.483616352081299,1.8128951787948608,4.54490327835083,,,,,,,,,,,7.129103183746338,5.484633445739746,6.568234920501709,5.205196857452393,12.976733207702637,11.635408401489258,9.576255798339844,3.79144549369812,2.1442553997039795,6.779760360717773,,,,,,,,,,,,,,,,,,,,,,,,,,,,,,,,,,,,,,,,
24,4734,,,,,,,,,,,,,,,,,,,,,,,,,,,,,,,,,,,,,,,,,0.40159764885902405,0.5917869806289673,0.14303725957870483,0.045815449208021164,0.8553856611251831,0.8132978677749634,0.43182575702667236,0.13479197025299072,0.017211299389600754,0.5812267661094666,6.296756267547607,5.968689918518066,4.7508625984191895,2.8767077922821045,10.034008979797363,11.363810539245605,7.434656620025635,3.4487087726593018,1.4220631122589111,9.371296882629395,,,,,,,,,,,8.110255241394043,8.516182899475098,5.449244022369385,2.97550630569458,13.233680725097656,14.615062713623047,10.752886772155762,4.3300275802612305,1.506017804145813,11.613683700561523,,,,,,,,,,,,,,,,,,,,,,,,,,,,,,,,,,,,,,,,
24,4739,,,,,,,,,,,,,,,,,,,,,,,,,,,,,,,,,,,,,,,,,0.3845707178115845,0.3355916142463684,0.14145271480083466,0.5931614637374878,0.14253103733062744,0.19754116237163544,0.2505556643009186,0.40097540616989136,1.0057694911956787,0.39355775713920593,6.446979999542236,5.510052680969238,3.7551302909851074,8.813663482666016,4.64025354385376,6.594483375549316,6.027563095092773,5.343810081481934,9.707018852233887,7.630845069885254,,,,,,,,,,,7.985708713531494,6.413097381591797,5.418976783752441,10.706348419189453,5.4019975662231445,7.202855110168457,8.190735816955566,7.468228340148926,11.51257610321045,9.556556701660156,,,,,,,,,,,,,,,,,,,,,,,,,,,,,,,,,,,,,,,,
24,4744,,,,,,,,,,,,,,,,,,,,,,,,,,,,,,,,,,,,,,,,,0.3688693046569824,0.2902427613735199,0.2958448827266693,0.33641332387924194,0.15444530546665192,0.4810892343521118,0.5465880632400513,0.5307243466377258,0.22497054934501648,0.45950543880462646,7.165373802185059,5.269599914550781,6.600976467132568,6.87750244140625,4.565654277801514,9.344613075256348,11.24564266204834,7.0386552810668945,4.7042388916015625,8.84148120880127,,,,,,,,,,,8.354268074035645,5.964073657989502,7.836888790130615,8.062904357910156,5.6232452392578125,11.240579605102539,12.09764575958252,8.59197998046875,5.444852352142334,10.32624626159668,,,,,,,,,,,,,,,,,,,,,,,,,,,,,,,,,,,,,,,,
24,4749,,,,,,,,,,,,,,,,,,,,,,,,,,,,,,,,,,,,,,,,,0.2361965924501419,0.5376474857330322,0.14938344061374664,0.22536540031433105,0.31287166476249695,0.25379592180252075,0.07228358089923859,0.2766239643096924,0.10650627315044403,0.19129163026809692,5.180795669555664,6.206329345703125,4.380434513092041,5.135013103485107,6.260014533996582,7.153880596160889,3.560474157333374,5.530420780181885,3.2871806621551514,5.1134114265441895,,,,,,,,,,,6.384960651397705,8.117289543151855,5.568816184997559,6.599310398101807,8.003552436828613,8.164285659790039,4.399371147155762,6.20302677154541,3.7463719844818115,6.662621974945068,,,,,,,,,,,,,,,,,,,,,,,,,,,,,,,,,,,,,,,,
24,4754,,,,,,,,,,,,,,,,,,,,,,,,,,,,,,,,,,,,,,,,,0.546509325504303,0.9160881638526917,0.016813619062304497,0.18132224678993225,0.8491777181625366,0.935286283493042,0.5340574979782104,0.14497271180152893,0.34508219361305237,0.995783269405365,6.772802829742432,7.3798298835754395,1.385823369026184,4.225644588470459,8.455158233642578,9.247969627380371,7.98610258102417,3.7979044914245605,6.581279277801514,11.895511627197266,,,,,,,,,,,9.51504135131836,10.59572982788086,1.8682811260223389,5.919437408447266,13.18557071685791,15.672856330871582,11.958171844482422,4.490574359893799,6.743488311767578,15.201260566711426,,,,,,,,,,,,,,,,,,,,,,,,,,,,,,,,,,,,,,,,
24,4759,,,,,,,,,,,,,,,,,,,,,,,,,,,,,,,,,,,,,,,,,0.7343435883522034,0.37369266152381897,0.8599170446395874,1.0162649154663086,0.612163245677948,0.898139476776123,0.7832584977149963,0.9572892785072327,0.6731149554252625,0.43525230884552,8.876523971557617,5.991745948791504,10.119636535644531,8.662345886230469,8.151988983154297,11.508625984191895,10.418498992919922,9.860694885253906,7.669219970703125,7.505967140197754,,,,,,,,,,,11.79837417602539,6.767364025115967,13.361029624938965,14.013879776000977,11.195237159729004,15.3584623336792,14.481826782226562,11.539322853088379,9.41819953918457,10.050039291381836,,,,,,,,,,,,,,,,,,,,,,,,,,,,,,,,,,,,,,,,
24,4764,,,,,,,,,,,,,,,,,,,,,,,,,,,,,,,,,,,,,,,,,0.4170816242694855,0.3163413405418396,0.43643394112586975,0.35217714309692383,0.09156166762113571,0.16337819397449493,0.10417960584163666,0.7124447226524353,1.4232887029647827,0.1539292335510254,5.855513572692871,4.519465446472168,6.350777626037598,6.347914695739746,2.636428117752075,4.3945088386535645,4.714068412780762,8.078831672668457,10.96725082397461,4.690377712249756,,,,,,,,,,,7.753678321838379,6.226446628570557,9.51855182647705,8.249649047851562,4.329686641693115,6.550477027893066,5.281558990478516,9.954839706420898,13.695243835449219,5.976648807525635,,,,,,,,,,,,,,,,,,,,,,,,,,,,,,,,,,,,,,,,
24,4769,,,,,,,,,,,,,,,,,,,,,,,,,,,,,,,,,,,,,,,,,0.39967986941337585,0.2696568965911865,0.39927613735198975,0.36076071858406067,0.3058987557888031,0.6290538311004639,0.5456642508506775,0.1863485872745514,0.10893156379461288,0.7915282249450684,6.852991580963135,4.312911033630371,7.716513633728027,6.161028861999512,6.136446475982666,10.538700103759766,9.181656837463379,4.120696544647217,3.037381172180176,10.471589088439941,,,,,,,,,,,8.72113037109375,5.748678207397461,9.104336738586426,8.349576950073242,7.913862228393555,12.8534517288208,12.087418556213379,5.091218948364258,3.7887871265411377,13.552842140197754,,,,,,,,,,,,,,,,,,,,,,,,,,,,,,,,,,,,,,,,
24,4774,,,,,,,,,,,,,,,,,,,,,,,,,,,,,,,,,,,,,,,,,0.22304397821426392,0.33505141735076904,0.11815313249826431,0.12554675340652466,0.10875245183706284,0.21976706385612488,0.23572583496570587,0.2566564977169037,0.45991235971450806,0.14783011376857758,5.149533748626709,5.3470988273620605,4.425909996032715,4.506118297576904,4.109617233276367,6.44534969329834,5.823879718780518,4.927727699279785,6.271919250488281,4.488180160522461,,,,,,,,,,,6.240416049957275,6.407933712005615,4.952611923217773,4.9255828857421875,4.718665599822998,7.597263813018799,7.944642543792725,5.9749579429626465,7.785038948059082,5.857046604156494,,,,,,,,,,,,,,,,,,,,,,,,,,,,,,,,,,,,,,,,
24,4779,,,,,,,,,,,,,,,,,,,,,,,,,,,,,,,,,,,,,,,,,0.40326809883117676,0.20191490650177002,0.2563137412071228,0.058105602860450745,0.47424617409706116,0.17480330169200897,0.2510294020175934,1.2387412786483765,0.5854591131210327,0.3887994885444641,6.5114426612854,4.117867469787598,6.153404712677002,2.8333921432495117,5.751814842224121,5.6900858879089355,5.824951171875,11.969560623168945,7.7444748878479,8.517433166503906,,,,,,,,,,,7.984053611755371,4.974465847015381,7.294534683227539,3.350918769836426,9.853750228881836,6.775645732879639,8.198474884033203,13.126502990722656,8.783580780029297,9.49860954284668,,,,,,,,,,,,,,,,,,,,,,,,,,,,,,,,,,,,,,,,
24,4784,,,,,,,,,,,,,,,,,,,,,,,,,,,,,,,,,,,,,,,,,0.3292770981788635,0.2573854327201843,0.376223087310791,0.10059650987386703,0.7221643328666687,0.4816599190235138,0.42343804240226746,0.044125836342573166,0.31666868925094604,0.24123190343379974,6.2537055015563965,4.444416522979736,6.753458023071289,4.01862096786499,9.176743507385254,9.452956199645996,8.647212982177734,1.8513935804367065,5.609764099121094,6.328781604766846,,,,,,,,,,,7.7041168212890625,5.616351127624512,8.837601661682129,4.409063816070557,12.159553527832031,11.24724292755127,10.647943496704102,2.477452278137207,6.459900379180908,7.481945514678955,,,,,,,,,,,,,,,,,,,,,,,,,,,,,,,,,,,,,,,,
24,4789,,,,,,,,,,,,,,,,,,,,,,,,,,,,,,,,,,,,,,,,,0.3656980097293854,0.3737267255783081,0.5138876438140869,0.410893976688385,0.36844345927238464,0.34302008152008057,0.27096593379974365,0.47647473216056824,0.15368077158927917,0.3801886737346649,6.509097576141357,5.724024295806885,8.827184677124023,5.314485549926758,5.3059258460998535,7.688300609588623,7.02593469619751,6.698784828186035,3.7547786235809326,8.242463111877441,,,,,,,,,,,8.303993225097656,6.767673015594482,10.328701972961426,8.910862922668457,8.685304641723633,9.491517066955566,8.517814636230469,8.141016960144043,4.500213146209717,9.392836570739746,,,,,,,,,,,,,,,,,,,,,,,,,,,,,,,,,,,,,,,,
24,4794,,,,,,,,,,,,,,,,,,,,,,,,,,,,,,,,,,,,,,,,,0.34581151604652405,0.2959970533847809,0.22654373943805695,0.3649929463863373,0.40244027972221375,0.7503053545951843,0.29185906052589417,0.40832576155662537,0.12783069908618927,0.24400855600833893,6.299674987792969,3.9207255840301514,6.135306358337402,6.701952934265137,6.150650501251221,10.032790184020996,7.193914413452148,7.132813930511475,3.307994842529297,6.1209259033203125,,,,,,,,,,,8.04440689086914,6.022904396057129,6.857845783233643,8.39841079711914,9.077167510986328,14.037666320800781,8.840103149414062,7.536367893218994,4.104316711425781,7.524881839752197,,,,,,,,,,,,,,,,,,,,,,,,,,,,,,,,,,,,,,,,
24,4799,,,,,,,,,,,,,,,,,,,,,,,,,,,,,,,,,,,,,,,,,0.21915677189826965,0.21386487782001495,0.19480463862419128,0.27325671911239624,0.19998398423194885,0.2866843640804291,0.28887778520584106,0.04851910099387169,0.3090822994709015,0.15733712911605835,5.333251953125,4.045975685119629,5.404189109802246,6.223200798034668,5.373042106628418,7.101593017578125,7.399960994720459,1.890334129333496,5.355661392211914,5.205312252044678,,,,,,,,,,,6.404307842254639,5.119552135467529,6.359328746795654,7.266751766204834,6.3987812995910645,8.677165031433105,8.794837951660156,2.597856044769287,6.382051944732666,6.042446613311768,,,,,,,,,,,,,,,,,,,,,,,,,,,,,,,,,,,,,,,,
24,4804,,,,,,,,,,,,,,,,,,,,,,,,,,,,,,,,,,,,,,,,,0.2844219207763672,0.1613173484802246,0.04769282788038254,0.200222909450531,0.2751237452030182,0.5049639940261841,0.4842557907104492,0.1950616091489792,0.2751590609550476,0.41599997878074646,5.6679534912109375,3.6665592193603516,2.2639851570129395,5.131453990936279,5.3484649658203125,8.619030952453613,8.666038513183594,4.419642448425293,4.450164794921875,8.446240425109863,,,,,,,,,,,7.253035545349121,4.446341514587402,3.146575689315796,6.220306396484375,7.505224227905273,11.51611614227295,11.386971473693848,5.208883285522461,6.0216450691223145,9.825255393981934,,,,,,,,,,,,,,,,,,,,,,,,,,,,,,,,,,,,,,,,
24,4809,,,,,,,,,,,,,,,,,,,,,,,,,,,,,,,,,,,,,,,,,0.6653330326080322,0.5297822952270508,0.5008537769317627,0.8548398613929749,0.45532044768333435,0.8910812139511108,0.6435175538063049,0.7932681441307068,0.5863617658615112,0.7329718470573425,8.630593299865723,5.759220123291016,8.540435791015625,10.181716918945312,7.528662204742432,12.520417213439941,8.651768684387207,8.222325325012207,6.602800369262695,9.66799545288086,,,,,,,,,,,11.280404090881348,8.057698249816895,10.19687557220459,12.852785110473633,9.655132293701172,15.297995567321777,13.12656307220459,10.504339218139648,8.790348052978516,13.041899681091309,,,,,,,,,,,,,,,,,,,,,,,,,,,,,,,,,,,,,,,,
24,4814,,,,,,,,,,,,,,,,,,,,,,,,,,,,,,,,,,,,,,,,,0.33064132928848267,0.36626511812210083,0.3009474277496338,0.3734045624732971,0.2146807760000229,0.2837089002132416,0.21143625676631927,0.22677360475063324,0.4354485869407654,0.5631067156791687,6.415103912353516,5.9389262199401855,7.045362949371338,7.105736255645752,5.312411785125732,6.989020347595215,5.804164409637451,5.252776145935059,6.058908462524414,8.228628158569336,,,,,,,,,,,7.834143161773682,6.699772357940674,7.904183387756348,8.494634628295898,6.629736423492432,8.632017135620117,7.524202823638916,5.616359710693359,7.575159072875977,11.431219100952148,,,,,,,,,,,,,,,,,,,,,,,,,,,,,,,,,,,,,,,,
24,4819,,,,,,,,,,,,,,,,,,,,,,,,,,,,,,,,,,,,,,,,,0.4512649178504944,0.6353306174278259,0.30563855171203613,0.42437267303466797,0.5184659957885742,0.5902310013771057,0.6351345181465149,0.3766109049320221,0.2783035635948181,0.2972959578037262,7.103024005889893,6.717764854431152,5.300559043884277,6.947517395019531,7.626052379608154,9.748995780944824,10.057578086853027,6.5336761474609375,5.096493244171143,5.89857816696167,,,,,,,,,,,9.248805046081543,8.823931694030762,7.965548515319824,9.05583667755127,10.302907943725586,12.450502395629883,13.04078197479248,7.237776756286621,6.055954933166504,8.30599594116211,,,,,,,,,,,,,,,,,,,,,,,,,,,,,,,,,,,,,,,,
24,4824,,,,,,,,,,,,,,,,,,,,,,,,,,,,,,,,,,,,,,,,,0.23497210443019867,0.34098461270332336,0.3166511654853821,0.05723908916115761,0.1427113115787506,0.4204350411891937,0.1471763402223587,0.16913245618343353,0.12446609139442444,0.39595291018486023,4.824455261230469,4.455317974090576,6.077943325042725,2.7369823455810547,4.18129301071167,6.24561071395874,4.763045787811279,3.970242738723755,3.3331596851348877,7.656501770019531,,,,,,,,,,,6.508333683013916,6.46442174911499,8.107784271240234,3.3258395195007324,5.405412673950195,10.508127212524414,6.277544021606445,4.850340366363525,4.0499420166015625,9.585592269897461,,,,,,,,,,,,,,,,,,,,,,,,,,,,,,,,,,,,,,,,
24,4829,,,,,,,,,,,,,,,,,,,,,,,,,,,,,,,,,,,,,,,,,0.22551675140857697,0.2840023934841156,0.09454536437988281,0.09526925534009933,0.41134703159332275,0.25429582595825195,0.22706389427185059,0.1397702693939209,0.2946833372116089,0.22867347300052643,5.138429641723633,5.11947774887085,3.1121606826782227,3.472959280014038,7.3311004638671875,6.5933356285095215,6.073273181915283,3.2736616134643555,5.297547340393066,5.972352027893066,,,,,,,,,,,6.410311222076416,5.899609088897705,4.430286407470703,4.2907304763793945,9.1770658493042,8.172322273254395,7.797310829162598,4.40926456451416,6.231622219085693,7.284589767456055,,,,,,,,,,,,,,,,,,,,,,,,,,,,,,,,,,,,,,,,
24,4834,,,,,,,,,,,,,,,,,,,,,,,,,,,,,,,,,,,,,,,,,0.29826435446739197,0.3459416329860687,0.30465418100357056,0.2094963788986206,0.1609986275434494,0.517507016658783,0.2943682074546814,0.05146622285246849,0.46770498156547546,0.3322419226169586,5.675726890563965,5.504178524017334,5.345837116241455,4.166014194488525,4.721421241760254,9.548160552978516,6.560885429382324,1.8970346450805664,6.232125282287598,7.105886936187744,,,,,,,,,,,7.379020690917969,6.511240005493164,7.952711582183838,6.362724781036377,5.741306304931641,11.658266067504883,8.878022193908691,2.6755917072296143,7.850717544555664,8.78060531616211,,,,,,,,,,,,,,,,,,,,,,,,,,,,,,,,,,,,,,,,
24,4839,,,,,,,,,,,,,,,,,,,,,,,,,,,,,,,,,,,,,,,,,0.40510788559913635,0.5928668975830078,0.30085238814353943,0.4487566649913788,0.32721346616744995,0.546983540058136,0.4096927046775818,0.3602924048900604,0.13018077611923218,0.5291321277618408,7.110542297363281,6.969557285308838,6.532839775085449,8.542264938354492,6.185208320617676,9.43607234954834,8.397599220275879,6.824377536773682,3.6365864276885986,7.470375061035156,,,,,,,,,,,8.742855072021484,8.523948669433594,7.9029340744018555,9.312373161315918,8.184934616088867,11.985689163208008,10.473695755004883,7.079234600067139,4.141872882843018,11.081007957458496,,,,,,,,,,,,,,,,,,,,,,,,,,,,,,,,,,,,,,,,
24,4844,,,,,,,,,,,,,,,,,,,,,,,,,,,,,,,,,,,,,,,,,0.474820077419281,0.4293600022792816,0.5400643348693848,1.0250128507614136,0.6373429298400879,0.24561583995819092,0.2898774743080139,0.3706091046333313,0.2601185739040375,0.4753796458244324,7.398140907287598,5.972197532653809,9.290389060974121,10.946248054504395,8.155211448669434,6.6488037109375,6.5781636238098145,6.065162181854248,5.2874016761779785,7.63969612121582,,,,,,,,,,,9.302117347717285,7.25392484664917,10.588499069213867,14.074065208435059,11.4231595993042,8.031636238098145,8.810042381286621,7.179872512817383,5.854757785797119,10.50309944152832,,,,,,,,,,,,,,,,,,,,,,,,,,,,,,,,,,,,,,,,
24,4849,,,,,,,,,,,,,,,,,,,,,,,,,,,,,,,,,,,,,,,,,0.3404460847377777,0.3286757171154022,0.3456391394138336,0.4150828719139099,0.7965193390846252,0.36164018511772156,0.3827032446861267,0.08609667420387268,0.10263188928365707,0.24502578377723694,6.20453405380249,4.86430549621582,6.308583736419678,7.2081379890441895,8.678241729736328,7.786229133605957,8.283774375915527,3.2374508380889893,3.0627996921539307,6.411284923553467,,,,,,,,,,,7.899013996124268,6.346672534942627,8.470772743225098,8.956168174743652,12.77020263671875,9.745726585388184,10.122827529907227,3.460603713989258,3.6775999069213867,7.54055118560791,,,,,,,,,,,,,,,,,,,,,,,,,,,,,,,,,,,,,,,,
24,4849,,,,,,,,,,,,,,,,,,,,,,,,,,,,,,,,,,,,,,,,,,,,,,,,,,,6.346415042877197,5.171469211578369,6.195096969604492,6.050824165344238,6.515990257263184,7.997243881225586,7.053755283355713,5.481958389282227,5.508177280426025,7.143219470977783,0.6060000061988831,0.596750795841217,0.6770802140235901,0.6666510105133057,0.6092383861541748,0.5159704685211182,0.5932630300521851,0.6277198791503906,0.5986822843551636,0.5686440467834473,8.369438171386719,6.849284648895264,8.062724113464355,7.994154453277588,8.771038055419922,10.61746883392334,9.404156684875488,7.1092939376831055,7.183032989501953,9.333785057067871,0.5550298094749451,0.5935177206993103,0.6960704922676086,0.4106011986732483,0.5348691344261169,0.6314206719398499,0.46576133370399475,0.5550318360328674,0.5753152966499329,0.5326809287071228,7.604139804840088,5.824859619140625,8.686466217041016,6.379449844360352,8.122283935546875,9.675212860107422,8.412469863891602,6.1781697273254395,6.864494800567627,8.293851852416992,0.3935806453227997,0.3844956159591675,0.420387327671051,0.5747075080871582,0.35379093885421753,0.42700064182281494,0.5296597480773926,0.16275334358215332,0.20373833179473877,0.48569244146347046,10.36313247680664,8.681201934814453,11.672239303588867,9.688297271728516,10.876313209533691,13.014647483825684,10.963793754577637,8.530546188354492,9.074105262756348,10.767041206359863
25,4854,,,,,,,,,,,,,,,,,,,,,,,,,,,,,,,,,,,,,,,,,0.39153918623924255,0.20103764533996582,0.47564297914505005,0.05542571470141411,0.48194628953933716,0.6359018087387085,0.5927872061729431,0.4175724685192108,0.1083909273147583,0.5551477670669556,6.742220878601074,3.9710605144500732,8.466344833374023,2.5965771675109863,7.620570182800293,10.462634086608887,9.805697441101074,5.346529006958008,2.8410022258758545,9.569574356079102,,,,,,,,,,,8.48658275604248,4.963647842407227,9.936929702758789,3.272732734680176,9.93342399597168,12.923225402832031,12.598540306091309,7.621222496032715,3.7793729305267334,11.350147247314453,,,,,,,,,,,,,,,,,,,,,,,,,,,,,,,,,,,,,,,,
25,4859,,,,,,,,,,,,,,,,,,,,,,,,,,,,,,,,,,,,,,,,,0.20351852476596832,0.22937333583831787,0.01080772653222084,0.11814703047275543,0.5754579901695251,0.22707809507846832,0.25290054082870483,0.16357360780239105,0.049314334988594055,0.2050139605998993,4.753905296325684,3.911931276321411,1.478861689567566,4.2062506675720215,9.473112106323242,5.589990139007568,5.948669910430908,4.2433085441589355,2.5314300060272217,5.401597023010254,,,,,,,,,,,5.84451961517334,5.301926612854004,1.4978867769241333,4.778221130371094,10.854414939880371,7.722599029541016,8.228974342346191,4.769966125488281,2.5492351055145264,6.89745569229126,,,,,,,,,,,,,,,,,,,,,,,,,,,,,,,,,,,,,,,,
25,4864,,,,,,,,,,,,,,,,,,,,,,,,,,,,,,,,,,,,,,,,,0.31189829111099243,0.27368950843811035,0.2697407901287079,0.55291748046875,0.344672292470932,0.6574007272720337,0.268473744392395,0.15281230211257935,0.20165231823921204,0.08572555333375931,5.641037464141846,4.403168678283691,6.192575454711914,6.691212177276611,6.969207763671875,9.333002090454102,6.679141521453857,2.6416308879852295,4.479771614074707,3.379624605178833,,,,,,,,,,,7.53953742980957,5.791503429412842,7.483159065246582,10.336773872375488,8.4004545211792,13.139866828918457,8.47855281829834,4.610392093658447,5.1549553871154785,4.460179805755615,,,,,,,,,,,,,,,,,,,,,,,,,,,,,,,,,,,,,,,,
25,4869,,,,,,,,,,,,,,,,,,,,,,,,,,,,,,,,,,,,,,,,,0.27118414640426636,0.3354993760585785,0.2571295499801636,0.12427370995283127,0.4227142035961151,0.28762587904930115,0.19308345019817352,0.08567293733358383,0.4095709025859833,0.32508739829063416,5.611227512359619,4.832075595855713,5.504434108734131,3.9610087871551514,7.769944667816162,6.498165607452393,5.5748982429504395,3.297111988067627,5.996063232421875,7.067342758178711,,,,,,,,,,,7.031976699829102,6.412215709686279,7.30613374710083,4.900546550750732,9.303001403808594,8.691402435302734,7.190238952636719,3.4520773887634277,7.34662389755249,8.685548782348633,,,,,,,,,,,,,,,,,,,,,,,,,,,,,,,,,,,,,,,,
25,4874,,,,,,,,,,,,,,,,,,,,,,,,,,,,,,,,,,,,,,,,,0.2285597026348114,0.23766778409481049,0.23991389572620392,0.2313012182712555,0.2257247418165207,0.3523447513580322,0.2121422290802002,0.058034785091876984,0.23246103525161743,0.2674470543861389,5.524741172790527,4.205755233764648,6.101456642150879,5.563840389251709,5.181194305419922,7.824506759643555,6.196250915527344,2.358201503753662,4.998293876647949,7.2931742668151855,,,,,,,,,,,6.59426736831665,5.396938323974609,7.057312965393066,6.6856536865234375,6.798126220703125,9.619660377502441,7.5367536544799805,2.841207265853882,5.534754276275635,7.878002166748047,,,,,,,,,,,,,,,,,,,,,,,,,,,,,,,,,,,,,,,,
25,4879,,,,,,,,,,,,,,,,,,,,,,,,,,,,,,,,,,,,,,,,,0.6623810529708862,0.4717407524585724,0.6633230447769165,1.062894582748413,0.6323707103729248,0.3946550488471985,0.5510532855987549,0.3186977505683899,1.5740317106246948,0.29266300797462463,8.698564529418945,6.305004119873047,9.074338912963867,11.913771629333496,8.495772361755371,8.887822151184082,8.793923377990723,6.296380519866943,11.808099746704102,6.7119669914245605,,,,,,,,,,,10.741968154907227,7.6035075187683105,11.734760284423828,14.331775665283203,11.378512382507324,10.180865287780762,12.146960258483887,6.65806770324707,14.402240753173828,8.241024017333984,,,,,,,,,,,,,,,,,,,,,,,,,,,,,,,,,,,,,,,,
25,4884,,,,,,,,,,,,,,,,,,,,,,,,,,,,,,,,,,,,,,,,,0.3249756097793579,0.2876587212085724,0.3577801287174225,0.22859294712543488,0.2863997519016266,0.35610294342041016,0.21719244122505188,0.6650822162628174,0.4039713144302368,0.1220000684261322,6.205296039581299,4.764573097229004,6.6234283447265625,5.636516094207764,6.128391742706299,7.772585868835449,6.1960954666137695,8.399819374084473,5.84180212020874,4.484451770782471,,,,,,,,,,,7.599073886871338,5.937464714050293,8.618264198303223,6.646397590637207,7.6574811935424805,9.67082691192627,7.625936508178711,9.618257522583008,7.296230316162109,5.320803642272949,,,,,,,,,,,,,,,,,,,,,,,,,,,,,,,,,,,,,,,,
25,4889,,,,,,,,,,,,,,,,,,,,,,,,,,,,,,,,,,,,,,,,,0.3211003541946411,0.3903658986091614,0.4665311276912689,0.29313546419143677,0.3290998339653015,0.4068487882614136,0.3028198778629303,0.18118155002593994,0.0937650054693222,0.4261556565761566,6.300769805908203,5.103333473205566,9.582164764404297,6.85977029800415,6.0915913581848145,7.94073486328125,6.543398857116699,4.316847324371338,3.190307855606079,7.07877779006958,,,,,,,,,,,7.812685489654541,6.916687488555908,9.841288566589355,7.526431083679199,8.208494186401367,10.336949348449707,9.004570007324219,5.020138263702393,3.515148162841797,9.944462776184082,,,,,,,,,,,,,,,,,,,,,,,,,,,,,,,,,,,,,,,,
25,4894,,,,,,,,,,,,,,,,,,,,,,,,,,,,,,,,,,,,,,,,,0.30878740549087524,0.279773473739624,0.2552925944328308,0.1805783361196518,0.29892247915267944,0.2685277760028839,0.3291037380695343,0.4672969579696655,0.35045263171195984,0.34913840889930725,5.899801731109619,4.716088771820068,6.142420291900635,4.71058988571167,6.129844665527344,6.678070068359375,7.463114261627197,6.0271525382995605,4.7344441413879395,6.496485233306885,,,,,,,,,,,7.612234592437744,5.855520725250244,7.279989719390869,5.907281875610352,7.823101043701172,8.397895812988281,9.387224197387695,8.062230110168457,6.7957587242126465,9.00110912322998,,,,,,,,,,,,,,,,,,,,,,,,,,,,,,,,,,,,,,,,
25,4899,,,,,,,,,,,,,,,,,,,,,,,,,,,,,,,,,,,,,,,,,0.32385408878326416,0.3208409547805786,0.15797457098960876,0.21439683437347412,0.34851863980293274,0.40651389956474304,0.3384551405906677,0.4122820496559143,0.22711309790611267,0.48859143257141113,6.410542011260986,5.157079696655273,5.204595565795898,5.472896575927734,6.368933200836182,8.560813903808594,7.671844482421875,6.520059108734131,4.5443243980407715,8.194330215454102,,,,,,,,,,,7.82501220703125,6.270571708679199,5.726710796356201,6.436712265014648,8.447197914123535,10.332694053649902,9.519658088684082,7.572790622711182,5.470718860626221,10.648051261901855,,,,,,,,,,,,,,,,,,,,,,,,,,,,,,,,,,,,,,,,
25,4904,,,,,,,,,,,,,,,,,,,,,,,,,,,,,,,,,,,,,,,,,0.45590269565582275,0.6054122447967529,0.25476810336112976,0.36194437742233276,0.4635787606239319,0.6639856696128845,0.290020614862442,0.699874222278595,0.42305082082748413,0.3404894173145294,7.37877893447876,6.593415260314941,6.62463903427124,7.099575519561768,7.222104549407959,10.101317405700684,7.110993385314941,8.098362922668457,6.403316497802734,7.155287265777588,,,,,,,,,,,9.136838912963867,8.613663673400879,7.272507190704346,8.363264083862305,9.742298126220703,13.205512046813965,8.812217712402344,9.86662769317627,7.4665422439575195,8.888919830322266,,,,,,,,,,,,,,,,,,,,,,,,,,,,,,,,,,,,,,,,
25,4909,,,,,,,,,,,,,,,,,,,,,,,,,,,,,,,,,,,,,,,,,0.3120228052139282,0.3998059928417206,0.18199574947357178,0.16287784278392792,0.5122315287590027,0.4213791787624359,0.43424713611602783,0.3197985291481018,0.08730055391788483,0.2885686457157135,5.968676567077637,5.814814567565918,5.133908748626709,3.8628571033477783,6.710909366607666,8.180351257324219,8.04196834564209,5.7125091552734375,3.232329845428467,7.028441429138184,,,,,,,,,,,7.616116046905518,6.999821186065674,6.146703243255615,5.610297203063965,10.240774154663086,10.519918441772461,10.782991409301758,6.669557094573975,3.3918120861053467,8.183173179626465,,,,,,,,,,,,,,,,,,,,,,,,,,,,,,,,,,,,,,,,
25,4914,,,,,,,,,,,,,,,,,,,,,,,,,,,,,,,,,,,,,,,,,0.499824196100235,0.5220638513565063,0.911190390586853,0.915962815284729,0.28851354122161865,0.5556901097297668,0.2448437213897705,0.15377455949783325,0.629610002040863,0.27676916122436523,7.500882625579834,6.526636123657227,11.383770942687988,10.574273109436035,5.441119194030762,9.697547912597656,6.206926345825195,3.377429246902466,7.759254455566406,6.540984153747559,,,,,,,,,,,9.407525062561035,7.998786449432373,13.753594398498535,13.304354667663574,7.685688495635986,12.080702781677246,8.096835136413574,4.624885559082031,9.108757019042969,8.014123916625977,,,,,,,,,,,,,,,,,,,,,,,,,,,,,,,,,,,,,,,,
25,4919,,,,,,,,,,,,,,,,,,,,,,,,,,,,,,,,,,,,,,,,,0.30548492074012756,0.5642795562744141,0.1359049677848816,0.33240050077438354,0.46523317694664,0.4717155396938324,0.22374236583709717,0.1679893583059311,0.11104734987020493,0.2770512104034424,5.780038833618164,5.851431369781494,4.250279426574707,7.515369415283203,6.647697925567627,7.802592754364014,5.706692218780518,4.108756065368652,3.6175498962402344,6.519981861114502,,,,,,,,,,,7.438891887664795,8.315903663635254,5.311648368835449,8.014671325683594,9.759666442871094,11.130532264709473,7.74006986618042,4.833921909332275,3.825404644012451,8.018206596374512,,,,,,,,,,,,,,,,,,,,,,,,,,,,,,,,,,,,,,,,
25,4924,,,,,,,,,,,,,,,,,,,,,,,,,,,,,,,,,,,,,,,,,0.35523721575737,0.2757648229598999,0.38841119408607483,0.1596325784921646,0.2711251676082611,0.35425928235054016,0.22080308198928833,0.6201743483543396,0.6079856753349304,0.29897868633270264,6.128877639770508,4.84504508972168,7.296040058135986,4.778741836547852,5.639614582061768,8.048746109008789,6.39464807510376,7.043332576751709,4.747274875640869,6.366451740264893,,,,,,,,,,,7.9667510986328125,5.813419818878174,8.97961139678955,5.55412483215332,7.4504852294921875,9.645760536193848,7.689061641693115,9.287859916687012,8.950965881347656,8.329469680786133,,,,,,,,,,,,,,,,,,,,,,,,,,,,,,,,,,,,,,,,
25,4929,,,,,,,,,,,,,,,,,,,,,,,,,,,,,,,,,,,,,,,,,0.3441571891307831,0.13834527134895325,0.3346325755119324,0.4318338632583618,0.36468368768692017,0.4448583722114563,0.46009528636932373,0.1574288159608841,0.4878618121147156,0.2776750922203064,6.436055660247803,3.4387545585632324,7.122939109802246,7.140511512756348,7.139828681945801,7.900238990783691,7.9530487060546875,3.6703460216522217,6.835941791534424,6.722889423370361,,,,,,,,,,,8.095727920532227,4.117602348327637,8.334811210632324,9.135098457336426,8.640876770019531,10.809030532836914,11.09927749633789,4.6795148849487305,8.018104553222656,8.027229309082031,,,,,,,,,,,,,,,,,,,,,,,,,,,,,,,,,,,,,,,,
25,4934,,,,,,,,,,,,,,,,,,,,,,,,,,,,,,,,,,,,,,,,,0.3400922417640686,0.3227342665195465,0.5383424758911133,0.3336442708969116,0.46721190214157104,0.47261911630630493,0.2750587463378906,0.2695714235305786,0.15951544046401978,0.2221326380968094,6.333248138427734,4.751291275024414,7.442112922668457,7.035331726074219,7.399650573730469,9.239058494567871,6.588036060333252,4.476651668548584,3.8725647926330566,6.194536209106445,,,,,,,,,,,8.031303405761719,6.289046764373779,10.57160472869873,8.029651641845703,9.780399322509766,11.14118766784668,8.581901550292969,6.123442649841309,4.584845066070557,7.179651737213135,,,,,,,,,,,,,,,,,,,,,,,,,,,,,,,,,,,,,,,,
25,4939,,,,,,,,,,,,,,,,,,,,,,,,,,,,,,,,,,,,,,,,,0.3492110073566437,0.4182334542274475,0.496925413608551,0.2285863757133484,0.4891943037509918,0.27096718549728394,0.14015160501003265,0.6466985940933228,0.16683189570903778,0.28531011939048767,6.291060447692871,6.2772321701049805,7.770057678222656,5.445716381072998,7.704266548156738,6.1987624168396,4.770764350891113,7.228598117828369,4.374361038208008,6.849788188934326,,,,,,,,,,,7.871352195739746,7.159318447113037,10.156807899475098,6.646301746368408,10.00783920288086,8.435954093933105,6.125898838043213,9.484395980834961,4.688812255859375,8.136839866638184,,,,,,,,,,,,,,,,,,,,,,,,,,,,,,,,,,,,,,,,
25,4944,,,,,,,,,,,,,,,,,,,,,,,,,,,,,,,,,,,,,,,,,0.34233441948890686,0.29558953642845154,0.44450896978378296,0.40041738748550415,0.18056470155715942,0.5685710906982422,0.2532930374145508,0.19713488221168518,0.5299596190452576,0.21097047626972198,6.579733848571777,4.820563316345215,8.198832511901855,6.498910903930664,5.029471397399902,10.236205101013184,6.915524482727051,4.78113317489624,7.404000282287598,5.332966327667236,,,,,,,,,,,7.949695110321045,6.018755912780762,9.606206893920898,8.796529769897461,6.080174446105957,12.219917297363281,8.235356330871582,5.23649263381958,8.356890678405762,6.996938228607178,,,,,,,,,,,,,,,,,,,,,,,,,,,,,,,,,,,,,,,,
25,4949,,,,,,,,,,,,,,,,,,,,,,,,,,,,,,,,,,,,,,,,,0.5162954330444336,0.4557303190231323,0.33913132548332214,0.2524389922618866,0.9009623527526855,0.8228898644447327,0.39100849628448486,0.4606906473636627,0.46616896986961365,0.5576380491256714,8.11268424987793,5.997130393981934,7.638100624084473,6.08206033706665,10.535689353942871,11.257108688354492,7.7539448738098145,7.170261383056641,6.576568603515625,10.003292083740234,,,,,,,,,,,9.842405319213867,7.473365306854248,8.390650749206543,6.984463691711426,13.581664085388184,14.700994491577148,10.23207950592041,8.005038261413574,7.8378143310546875,11.375576972961426,,,,,,,,,,,,,,,,,,,,,,,,,,,,,,,,,,,,,,,,
25,4954,,,,,,,,,,,,,,,,,,,,,,,,,,,,,,,,,,,,,,,,,0.5516637563705444,0.6935190558433533,0.25580206513404846,0.44200149178504944,1.0142534971237183,0.3603172302246094,0.40245476365089417,0.6422308683395386,0.5235620141029358,0.6308329701423645,7.4120941162109375,7.265128135681152,5.934665679931641,6.862269878387451,10.213791847229004,7.876594543457031,7.125359535217285,6.848225116729736,6.531748294830322,8.051065444946289,,,,,,,,,,,10.013821601867676,9.219162940979004,7.28725004196167,9.242016792297363,14.410296440124512,9.727884292602539,10.38076400756836,9.451578140258789,8.306295394897461,12.099136352539062,,,,,,,,,,,,,,,,,,,,,,,,,,,,,,,,,,,,,,,,
25,4959,,,,,,,,,,,,,,,,,,,,,,,,,,,,,,,,,,,,,,,,,0.20504169166088104,0.23564466834068298,0.23279237747192383,0.09164321422576904,0.12764084339141846,0.36911627650260925,0.17532482743263245,0.2243698686361313,0.13497573137283325,0.2538672983646393,5.076236724853516,4.322791576385498,6.279520511627197,3.12265682220459,3.634532928466797,8.654919624328613,5.454067707061768,4.619071960449219,3.8860104084014893,5.712559223175049,,,,,,,,,,,6.202549457550049,5.373918533325195,6.951779842376709,4.208284378051758,5.1120429039001465,9.845946311950684,6.851607799530029,5.586514949798584,4.217461585998535,7.675392150878906,,,,,,,,,,,,,,,,,,,,,,,,,,,,,,,,,,,,,,,,
25,4964,,,,,,,,,,,,,,,,,,,,,,,,,,,,,,,,,,,,,,,,,0.7840200066566467,0.3870479166507721,0.6452058553695679,1.5873796939849854,0.20084135234355927,0.38592109084129333,0.5349189043045044,1.0310065746307373,1.791128396987915,0.4927303194999695,8.710766792297363,5.320230484008789,8.369781494140625,12.9356107711792,5.029219627380371,6.947263240814209,8.102288246154785,10.191418647766113,13.774785995483398,7.7262983322143555,,,,,,,,,,,11.383856773376465,6.887230396270752,11.573395729064941,17.514400482177734,6.412483215332031,10.067581176757812,11.967812538146973,11.975384712219238,15.363375663757324,10.693056106567383,,,,,,,,,,,,,,,,,,,,,,,,,,,,,,,,,,,,,,,,
25,4969,,,,,,,,,,,,,,,,,,,,,,,,,,,,,,,,,,,,,,,,,0.26474958658218384,0.2625722289085388,0.2354355901479721,0.1952311098575592,0.3810776472091675,0.3910553753376007,0.1163814440369606,0.2944115698337555,0.1834624856710434,0.32311874628067017,5.7109375,4.353238582611084,6.126272201538086,5.448066711425781,6.2340898513793945,8.397233009338379,4.296154975891113,5.957759857177734,4.058024883270264,6.527596950531006,,,,,,,,,,,7.036798000335693,5.672658920288086,6.991135120391846,6.142277240753174,8.832962036132812,10.134328842163086,5.582293510437012,6.399353981018066,4.916962623596191,8.659210205078125,,,,,,,,,,,,,,,,,,,,,,,,,,,,,,,,,,,,,,,,
25,4974,,,,,,,,,,,,,,,,,,,,,,,,,,,,,,,,,,,,,,,,,0.2870718240737915,0.16101832687854767,0.1960289627313614,0.34802377223968506,0.44236302375793457,0.27333715558052063,0.3067622780799866,0.5377993583679199,0.07631602138280869,0.24199727177619934,5.9471588134765625,3.4827880859375,5.0789875984191895,7.013404369354248,7.553136348724365,7.0210371017456055,7.073041915893555,7.81142520904541,2.107422351837158,6.383185863494873,,,,,,,,,,,7.265444278717041,4.44221830368042,6.379282474517822,8.200859069824219,9.51675796508789,8.472765922546387,9.062995910644531,8.649059295654297,3.171254873275757,7.493805885314941,,,,,,,,,,,,,,,,,,,,,,,,,,,,,,,,,,,,,,,,
25,4979,,,,,,,,,,,,,,,,,,,,,,,,,,,,,,,,,,,,,,,,,0.2993413507938385,0.24028460681438446,0.40592315793037415,0.1560257524251938,0.18132250010967255,0.4784734845161438,0.2595706880092621,0.3598761260509491,0.13655304908752441,0.47604280710220337,5.827889442443848,3.8266851902008057,6.673206806182861,4.504222393035889,3.950152635574341,8.35789680480957,6.852701663970947,6.092891216278076,3.6484999656677246,8.544744491577148,,,,,,,,,,,7.5071868896484375,5.426568031311035,9.179807662963867,5.491019248962402,6.092920303344727,11.209980010986328,8.336785316467285,7.075143337249756,4.242033004760742,10.510422706604004,,,,,,,,,,,,,,,,,,,,,,,,,,,,,,,,,,,,,,,,
25,4984,,,,,,,,,,,,,,,,,,,,,,,,,,,,,,,,,,,,,,,,,0.22272910177707672,0.13302186131477356,0.14826278388500214,0.11109151691198349,0.12362329661846161,0.0679803192615509,0.08864469081163406,0.24554507434368134,0.8441316485404968,0.2422606647014618,4.847623348236084,3.1866962909698486,4.660768508911133,3.660780906677246,4.236691951751709,3.8593685626983643,3.8805131912231445,4.651633262634277,8.953819274902344,6.538333892822266,,,,,,,,,,,5.804015159606934,4.037604331970215,5.54788875579834,4.633352756500244,5.030947685241699,4.225396633148193,4.871886730194092,5.844189643859863,10.546985626220703,7.497882843017578,,,,,,,,,,,,,,,,,,,,,,,,,,,,,,,,,,,,,,,,
25,4989,,,,,,,,,,,,,,,,,,,,,,,,,,,,,,,,,,,,,,,,,0.31352129578590393,0.2290937304496765,0.2504517436027527,0.22869755327701569,0.34572726488113403,0.34747037291526794,0.5714823007583618,0.19667914509773254,0.16949406266212463,0.48259520530700684,6.25831413269043,3.7445759773254395,6.280694961547852,5.407505989074707,6.774543762207031,8.106887817382812,9.999129295349121,4.506052017211914,4.355153560638428,7.150280475616455,,,,,,,,,,,7.781392574310303,5.298694133758545,7.210637092590332,6.647918224334717,8.413301467895508,9.552889823913574,12.370071411132812,5.230436325073242,4.72607421875,10.582509994506836,,,,,,,,,,,,,,,,,,,,,,,,,,,,,,,,,,,,,,,,
25,4994,,,,,,,,,,,,,,,,,,,,,,,,,,,,,,,,,,,,,,,,,0.29034605622291565,0.33157482743263245,0.24148663878440857,0.40726953744888306,0.357757568359375,0.27878043055534363,0.26256537437438965,0.18371239304542542,0.25544869899749756,0.29451870918273926,6.089886665344238,5.425271987915039,5.9375319480896,7.145871162414551,7.254064083099365,7.317722797393799,6.25767183303833,3.8048527240753174,5.042654514312744,6.623337268829346,,,,,,,,,,,7.43894624710083,6.374601364135742,7.080406188964844,8.871474266052246,8.558429718017578,8.556714057922363,8.38473892211914,5.055078983306885,5.801965713500977,8.267108917236328,,,,,,,,,,,,,,,,,,,,,,,,,,,,,,,,,,,,,,,,
25,4999,,,,,,,,,,,,,,,,,,,,,,,,,,,,,,,,,,,,,,,,,0.7138023376464844,0.45580413937568665,0.6214281916618347,1.3886923789978027,0.6713172197341919,0.6736920475959778,0.9305235147476196,0.6906527280807495,0.7279118895530701,0.26419901847839355,9.159832954406738,5.465083599090576,9.045154571533203,13.28869915008545,10.343055725097656,10.11054801940918,12.203916549682617,8.366007804870605,7.860023498535156,5.7560014724731445,,,,,,,,,,,11.49436092376709,7.473970413208008,11.358138084411621,16.38166046142578,11.723669052124023,13.301681518554688,15.784632682800293,9.801410675048828,9.794059753417969,7.830018520355225,,,,,,,,,,,,,,,,,,,,,,,,,,,,,,,,,,,,,,,,
25,5004,,,,,,,,,,,,,,,,,,,,,,,,,,,,,,,,,,,,,,,,,0.22117659449577332,0.5250183343887329,0.2194640040397644,0.33485713601112366,0.23207926750183105,0.16023936867713928,0.16691097617149353,0.1753091812133789,0.07838111370801926,0.0983300730586052,5.160046577453613,6.531726360321045,4.932924747467041,6.884634971618652,5.699750900268555,6.000147819519043,5.031671524047852,4.768055438995361,3.0348434448242188,3.5566611289978027,,,,,,,,,,,6.201096534729004,8.021388053894043,6.749837398529053,8.044234275817871,6.89315128326416,6.487247467041016,6.685182094573975,4.938113212585449,3.2138752937316895,4.776836395263672,,,,,,,,,,,,,,,,,,,,,,,,,,,,,,,,,,,,,,,,
25,5009,,,,,,,,,,,,,,,,,,,,,,,,,,,,,,,,,,,,,,,,,0.31713029742240906,0.41135871410369873,0.3414776921272278,0.14892630279064178,0.5076435208320618,0.6026960611343384,0.19190888106822968,0.06206240504980087,0.15301305055618286,0.43508607149124146,5.584133148193359,4.9587554931640625,6.092818737030029,5.265812873840332,6.386213779449463,7.718869686126709,5.889184951782227,2.627246141433716,2.7264833450317383,8.591814994812012,,,,,,,,,,,7.589513301849365,7.10023307800293,8.419626235961914,5.364640235900879,10.194808006286621,12.581286430358887,7.168335437774658,2.938143491744995,4.4904255867004395,10.04811954498291,,,,,,,,,,,,,,,,,,,,,,,,,,,,,,,,,,,,,,,,
25,5014,,,,,,,,,,,,,,,,,,,,,,,,,,,,,,,,,,,,,,,,,0.3132226765155792,0.19808384776115417,0.6763372421264648,0.11500602960586548,0.14719229936599731,0.26226574182510376,0.43363144993782043,0.4578394293785095,0.26872724294662476,0.25992077589035034,5.578176975250244,3.5171661376953125,6.304055213928223,4.205063819885254,4.0547966957092285,7.2989373207092285,7.0602803230285645,6.2825517654418945,4.959599018096924,6.521141529083252,,,,,,,,,,,7.528048992156982,4.9270477294921875,11.849315643310547,4.714277744293213,5.48961877822876,8.299398422241211,10.775344848632812,7.980228424072266,5.950851917266846,7.766363620758057,,,,,,,,,,,,,,,,,,,,,,,,,,,,,,,,,,,,,,,,
25,5019,,,,,,,,,,,,,,,,,,,,,,,,,,,,,,,,,,,,,,,,,0.39704763889312744,0.5496650338172913,0.815754234790802,0.2232929915189743,0.34724777936935425,0.4039376378059387,0.2625003457069397,0.09524679183959961,0.49679407477378845,0.3789896070957184,6.197689533233643,5.694938659667969,8.340400695800781,5.987985610961914,5.873504638671875,7.589770793914795,5.767278671264648,2.8132245540618896,7.264167785644531,6.447934150695801,,,,,,,,,,,8.446026802062988,8.207508087158203,13.013416290283203,6.568896770477295,8.431781768798828,10.29990005493164,8.383700370788574,3.6398537158966064,8.09117317199707,9.378013610839844,,,,,,,,,,,,,,,,,,,,,,,,,,,,,,,,,,,,,,,,
25,5024,,,,,,,,,,,,,,,,,,,,,,,,,,,,,,,,,,,,,,,,,0.5492067933082581,0.4288727641105652,0.2407141774892807,0.2750224173069,0.5584524273872375,0.8018027544021606,0.310348242521286,0.5084218978881836,1.6800457239151,0.13918040692806244,7.41587495803833,4.312718391418457,5.517861843109131,5.968488693237305,7.6406450271606445,10.90923023223877,7.580287933349609,6.720951080322266,13.079659461975098,5.013038635253906,,,,,,,,,,,9.433456420898438,7.249808311462402,7.06907320022583,7.290191173553467,10.692831993103027,14.511411666870117,9.115814208984375,8.409513473510742,14.879345893859863,5.683112621307373,,,,,,,,,,,,,,,,,,,,,,,,,,,,,,,,,,,,,,,,
25,5029,,,,,,,,,,,,,,,,,,,,,,,,,,,,,,,,,,,,,,,,,0.4471268653869629,0.4674619138240814,0.28484049439430237,0.24508729577064514,0.45085644721984863,0.5152892470359802,0.24412840604782104,0.9419918060302734,0.2697063386440277,0.6047797203063965,7.138044834136963,6.108406066894531,6.21905517578125,6.3424577713012695,8.009917259216309,9.94805908203125,6.800866603851318,8.101253509521484,4.422878742218018,8.289501190185547,,,,,,,,,,,8.969082832336426,7.568946361541748,7.689755916595459,6.882009983062744,9.607686042785645,11.633258819580078,8.084999084472656,11.446752548217773,5.9616827964782715,11.846657752990723,,,,,,,,,,,,,,,,,,,,,,,,,,,,,,,,,,,,,,,,
25,5034,,,,,,,,,,,,,,,,,,,,,,,,,,,,,,,,,,,,,,,,,0.28809118270874023,0.4373897314071655,0.272978812456131,0.09026813507080078,0.3923361599445343,0.3126426935195923,0.11778157204389572,0.15728294849395752,0.38866642117500305,0.42347419261932373,5.292347431182861,5.501366138458252,4.926522254943848,3.7456226348876953,6.3321919441223145,6.883002758026123,3.9914028644561768,3.594064712524414,6.15464973449707,6.5023040771484375,,,,,,,,,,,7.15698766708374,7.321440696716309,7.5279388427734375,4.1765923500061035,8.962491989135742,9.061497688293457,5.615772247314453,4.677346229553223,7.156682968139648,9.913126945495605,,,,,,,,,,,,,,,,,,,,,,,,,,,,,,,,,,,,,,,,
25,5039,,,,,,,,,,,,,,,,,,,,,,,,,,,,,,,,,,,,,,,,,0.4169430434703827,0.42679303884506226,0.08918078988790512,0.40657445788383484,0.3321724236011505,0.5666295289993286,0.24441464245319366,0.1970805525779724,1.1412065029144287,0.3484356701374054,6.887455940246582,5.7786149978637695,2.9714434146881104,7.907485008239746,6.48703145980835,8.909383773803711,6.894904136657715,4.203664302825928,10.425909996032715,8.40866470336914,,,,,,,,,,,8.380603790283203,7.232208728790283,4.302761554718018,8.863901138305664,8.246724128723145,12.199034690856934,8.089736938476562,5.2357707023620605,12.26324462890625,8.992045402526855,,,,,,,,,,,,,,,,,,,,,,,,,,,,,,,,,,,,,,,,
25,5043,,,,,,,,,,,,,,,,,,,,,,,,,,,,,,,,,,,,,,,,,,,,,,,,,,,6.342682361602783,5.199194431304932,6.252881050109863,6.071205139160156,6.485640525817871,7.9396562576293945,6.96045446395874,5.493936538696289,5.534614562988281,7.146559715270996,0.6079028248786926,0.5951092839241028,0.670197606086731,0.668073832988739,0.615891695022583,0.5271812677383423,0.6001019477844238,0.6298764944076538,0.5935331583023071,0.5711603164672852,8.347471237182617,6.863211154937744,8.14819622039795,7.977074146270752,8.696048736572266,10.493792533874512,9.324759483337402,7.088672161102295,7.2289652824401855,9.306522369384766,0.5279474258422852,0.5449002385139465,0.656853437423706,0.3847639858722687,0.5549178123474121,0.5960847735404968,0.4442801773548126,0.4870864152908325,0.5354224443435669,0.5472168326377869,7.474628925323486,5.572026252746582,8.600788116455078,6.439016342163086,8.394488334655762,9.493998527526855,8.072606086730957,5.986861705780029,6.497640609741211,8.214231491088867,0.4233482778072357,0.4438384771347046,0.46733301877975464,0.5724712610244751,0.3262746334075928,0.4607312083244324,0.5544487237930298,0.24767130613327026,0.2643607258796692,0.4730049967765808,10.14054012298584,8.252104759216309,11.189563751220703,9.713735580444336,11.105462074279785,12.625772476196289,10.6709623336792,8.086376190185547,8.721844673156738,10.89903736114502
26,5044,,,,,,,,,,,,,,,,,,,,,,,,,,,,,,,,,,,,,,,,,0.25499263405799866,0.13331840932369232,0.16643026471138,0.3070296347141266,0.3325624465942383,0.4668318033218384,0.21491268277168274,0.1428406685590744,0.1730986088514328,0.35790926218032837,5.75197696685791,3.514596939086914,5.040139198303223,6.6637701988220215,6.502265453338623,9.290593147277832,6.463252067565918,3.6690971851348877,3.5968101024627686,7.027264595031738,,,,,,,,,,,6.98665714263916,4.042102813720703,5.8779754638671875,7.7027363777160645,8.251564025878906,11.072765350341797,7.585807800292969,4.457431316375732,4.776062965393066,9.113468170166016,,,,,,,,,,,,,,,,,,,,,,,,,,,,,,,,,,,,,,,,
26,5049,,,,,,,,,,,,,,,,,,,,,,,,,,,,,,,,,,,,,,,,,0.3681609630584717,0.4129957854747772,0.3771517872810364,0.1218051165342331,0.45415762066841125,0.35518789291381836,0.4041999876499176,0.38892582058906555,0.4573839008808136,0.34164074063301086,6.514166831970215,5.789553165435791,7.351450443267822,4.080632209777832,6.504084587097168,7.710690498352051,7.1804351806640625,5.702078819274902,7.02789831161499,7.280679225921631,,,,,,,,,,,8.282402038574219,7.1143479347229,8.848502159118652,4.851630210876465,9.642794609069824,9.658393859863281,10.403246879577637,7.355159282684326,7.763610363006592,8.903936386108398,,,,,,,,,,,,,,,,,,,,,,,,,,,,,,,,,,,,,,,,
26,5054,,,,,,,,,,,,,,,,,,,,,,,,,,,,,,,,,,,,,,,,,0.26809221506118774,0.24879255890846252,0.20128273963928223,0.6267435550689697,0.5591158270835876,0.2978147268295288,0.14939644932746887,0.04578813910484314,0.13596603274345398,0.14792975783348083,5.720620155334473,4.078680038452148,5.914224147796631,10.09367847442627,8.580060958862305,6.451755523681641,4.984461784362793,2.4656152725219727,4.160408973693848,4.7566938400268555,,,,,,,,,,,6.83052921295166,5.521803855895996,6.464201927185059,11.005247116088867,10.699180603027344,8.844003677368164,6.324714183807373,2.5236854553222656,4.23290491104126,5.859019756317139,,,,,,,,,,,,,,,,,,,,,,,,,,,,,,,,,,,,,,,,
26,5059,,,,,,,,,,,,,,,,,,,,,,,,,,,,,,,,,,,,,,,,,0.2986004650592804,0.4228557050228119,0.045738425105810165,0.12359561771154404,0.26385873556137085,0.319779634475708,0.5089405179023743,0.27654093503952026,0.1276802122592926,0.5984145402908325,5.488480567932129,5.014285564422607,2.2297139167785645,4.144664764404297,5.279645919799805,8.065858840942383,8.041598320007324,4.436321258544922,3.6539454460144043,8.530292510986328,,,,,,,,,,,7.27148962020874,7.198770999908447,3.0814294815063477,4.887158393859863,7.3499674797058105,9.16434097290039,11.673585891723633,6.202095031738281,4.101900100708008,11.784149169921875,,,,,,,,,,,,,,,,,,,,,,,,,,,,,,,,,,,,,,,,
26,5064,,,,,,,,,,,,,,,,,,,,,,,,,,,,,,,,,,,,,,,,,0.3696904480457306,0.44701728224754333,0.21024341881275177,0.4794173538684845,0.1931733340024948,0.43694305419921875,0.2643011212348938,0.28542280197143555,0.49449968338012695,0.5161959528923035,6.230711460113525,4.820225238800049,5.8563127517700195,7.249133110046387,5.209272861480713,7.5996294021606445,5.817610740661621,5.0636091232299805,5.446167469024658,9.014443397521973,,,,,,,,,,,8.262795448303223,7.401579856872559,6.606522083282471,9.625244140625,6.288878917694092,10.712437629699707,8.412406921386719,6.300906658172607,8.072466850280762,10.944716453552246,,,,,,,,,,,,,,,,,,,,,,,,,,,,,,,,,,,,,,,,
26,5069,,,,,,,,,,,,,,,,,,,,,,,,,,,,,,,,,,,,,,,,,0.43816837668418884,0.5704343914985657,0.27016425132751465,0.16338473558425903,0.27032050490379333,1.3004659414291382,0.235065296292305,0.40378761291503906,0.5340840220451355,0.19580824673175812,6.596123218536377,6.0969133377075195,6.896625995635986,4.671206951141357,6.246793746948242,11.500219345092773,5.917433738708496,5.7944488525390625,6.41161584854126,5.82985258102417,,,,,,,,,,,8.660848617553711,8.361132621765137,7.489030361175537,5.619020462036133,7.4394211769104,18.480995178222656,7.9335036277771,7.49437141418457,8.389345169067383,6.740819931030273,,,,,,,,,,,,,,,,,,,,,,,,,,,,,,,,,,,,,,,,
26,5074,,,,,,,,,,,,,,,,,,,,,,,,,,,,,,,,,,,,,,,,,0.36588144302368164,0.2518969476222992,0.46468812227249146,0.39003098011016846,0.4732224941253662,0.527873158454895,0.3051014244556427,0.3670883774757385,0.23811104893684387,0.27492034435272217,6.396085739135742,4.619970321655273,7.951821804046631,5.995143890380859,8.3245210647583,7.345741271972656,6.0604963302612305,6.2662672996521,4.404067516326904,6.59674072265625,,,,,,,,,,,8.383363723754883,5.55614709854126,9.821829795837402,8.681694030761719,9.843111038208008,11.77445125579834,9.03842830657959,7.145688056945801,5.601612567901611,7.987311363220215,,,,,,,,,,,,,,,,,,,,,,,,,,,,,,,,,,,,,,,,
26,5079,,,,,,,,,,,,,,,,,,,,,,,,,,,,,,,,,,,,,,,,,0.3291826844215393,0.16965347528457642,0.07647343724966049,0.2834585905075073,0.362307071685791,0.9553503394126892,0.31471216678619385,0.06349517405033112,0.08918677270412445,0.6480069160461426,5.149641990661621,3.3196959495544434,3.4233503341674805,6.052515506744385,5.7415080070495605,8.001042366027832,6.521531581878662,2.205274820327759,2.3514556884765625,8.730402946472168,,,,,,,,,,,7.58229398727417,4.55977725982666,3.9844369888305664,7.401157855987549,8.612675666809082,15.840073585510254,9.179680824279785,2.9718644618988037,3.428258180618286,12.262725830078125,,,,,,,,,,,,,,,,,,,,,,,,,,,,,,,,,,,,,,,,
26,5084,,,,,,,,,,,,,,,,,,,,,,,,,,,,,,,,,,,,,,,,,0.627454936504364,0.6904987692832947,0.6493626236915588,0.6532537341117859,0.5843674540519714,0.6122439503669739,0.6773598194122314,0.5765151977539062,0.8020180463790894,0.40147483348846436,8.019654273986816,7.296457767486572,8.594276428222656,7.505308151245117,8.68598461151123,10.048802375793457,9.61667251586914,6.323731899261475,6.880416393280029,7.225239276885986,,,,,,,,,,,10.890993118286133,9.199065208435059,11.610617637634277,11.235588073730469,10.938118934631348,12.680550575256348,13.467301368713379,8.954970359802246,10.280526161193848,9.652201652526855,,,,,,,,,,,,,,,,,,,,,,,,,,,,,,,,,,,,,,,,
26,5089,,,,,,,,,,,,,,,,,,,,,,,,,,,,,,,,,,,,,,,,,0.5359604954719543,0.36474692821502686,0.4764218330383301,0.4743650257587433,0.401388555765152,0.7189196348190308,0.7771347761154175,1.0289686918258667,0.2518109679222107,0.3298875093460083,8.112665176391602,4.772453308105469,8.304872512817383,7.683366775512695,7.6628875732421875,10.101202011108398,10.292089462280273,11.095829963684082,5.654286861419678,7.446994304656982,,,,,,,,,,,9.990015983581543,6.685872554779053,9.945061683654785,9.574393272399902,9.065299034118652,13.740925788879395,14.425104141235352,11.963542938232422,5.760505199432373,8.74943733215332,,,,,,,,,,,,,,,,,,,,,,,,,,,,,,,,,,,,,,,,
26,5094,,,,,,,,,,,,,,,,,,,,,,,,,,,,,,,,,,,,,,,,,0.33180251717567444,0.16405045986175537,0.33126360177993774,0.3917295038700104,0.24503973126411438,0.306700736284256,0.13808615505695343,0.5420807600021362,0.48479047417640686,0.3824811577796936,5.868439674377441,4.025371074676514,6.3247480392456055,6.094174861907959,5.0248188972473145,6.530523300170898,4.406179428100586,6.792285919189453,6.527606964111328,7.090250015258789,,,,,,,,,,,7.745900630950928,4.483849048614502,8.29274845123291,8.700576782226562,7.083010196685791,8.974974632263184,6.080592155456543,8.683418273925781,7.992825508117676,9.421113014221191,,,,,,,,,,,,,,,,,,,,,,,,,,,,,,,,,,,,,,,,
26,5099,,,,,,,,,,,,,,,,,,,,,,,,,,,,,,,,,,,,,,,,,0.6022392511367798,0.4674714207649231,0.5548627376556396,0.8038495182991028,0.5095340609550476,0.804741382598877,0.6325618028640747,0.2916114032268524,1.0649186372756958,0.29060205817222595,8.68578052520752,6.717648506164551,8.49418830871582,10.724546432495117,9.049612998962402,12.034151077270508,10.319979667663574,5.468653678894043,8.858732223510742,6.504517555236816,,,,,,,,,,,10.55092716217041,7.5690226554870605,10.732586860656738,12.4635648727417,10.213774681091309,14.537979125976562,13.014344215393066,6.368849754333496,11.846266746520996,8.211955070495605,,,,,,,,,,,,,,,,,,,,,,,,,,,,,,,,,,,,,,,,
26,5104,,,,,,,,,,,,,,,,,,,,,,,,,,,,,,,,,,,,,,,,,0.20088057219982147,0.3287736475467682,0.050054945051670074,0.23273760080337524,0.3107704818248749,0.2232602834701538,0.1410505622625351,0.1770477145910263,0.1745605617761612,0.16966933012008667,4.74626350402832,4.745564937591553,2.7266407012939453,5.571496486663818,6.8520379066467285,5.72271203994751,5.145467758178711,4.457353115081787,2.684016704559326,4.811076641082764,,,,,,,,,,,6.010068893432617,6.347618103027344,3.223555564880371,6.706380367279053,7.9766316413879395,7.657404899597168,6.145514011383057,4.962538242340088,4.796189308166504,6.274785041809082,,,,,,,,,,,,,,,,,,,,,,,,,,,,,,,,,,,,,,,,
26,5109,,,,,,,,,,,,,,,,,,,,,,,,,,,,,,,,,,,,,,,,,0.324840784072876,0.26443853974342346,0.08205044269561768,0.4085958003997803,0.3850131332874298,0.5745769739151001,0.24104377627372742,0.1839764416217804,0.4432741701602936,0.34059786796569824,6.35269021987915,4.224123001098633,3.585104465484619,7.75388765335083,6.692376613616943,9.76857852935791,6.416552543640137,4.2504658699035645,6.9087910652160645,7.5743303298950195,,,,,,,,,,,7.721591472625732,5.692783355712891,4.127167701721191,8.885908126831055,8.87845516204834,12.284287452697754,8.033758163452148,5.05871057510376,7.642923355102539,8.890335083007812,,,,,,,,,,,,,,,,,,,,,,,,,,,,,,,,,,,,,,,,
26,5114,,,,,,,,,,,,,,,,,,,,,,,,,,,,,,,,,,,,,,,,,0.37556925415992737,0.2532048225402832,0.086488276720047,0.5324568152427673,0.21887344121932983,0.42512935400009155,0.5213524699211121,0.5700955390930176,0.4866602122783661,0.28586217761039734,6.289732456207275,4.401999473571777,3.661059856414795,6.937318801879883,5.130784034729004,7.650680065155029,8.790936470031738,7.76035213470459,6.316033840179443,5.958425521850586,,,,,,,,,,,8.231704711914062,5.570552349090576,4.237310409545898,10.143716812133789,6.694161415100098,10.566628456115723,11.815075874328613,8.9049711227417,8.008223533630371,8.144708633422852,,,,,,,,,,,,,,,,,,,,,,,,,,,,,,,,,,,,,,,,
26,5119,,,,,,,,,,,,,,,,,,,,,,,,,,,,,,,,,,,,,,,,,0.22875945270061493,0.26822566986083984,0.29061946272850037,0.051314014941453934,0.3441803455352783,0.3632691204547882,0.21187397837638855,0.12332147359848022,0.0030711425933986902,0.40295976400375366,4.965622425079346,4.125658988952637,5.916658401489258,3.136143207550049,6.1646881103515625,6.637977123260498,5.950770378112793,4.0782623291015625,0.6058993339538574,8.074542999267578,,,,,,,,,,,6.310196399688721,5.733401775360107,7.767370223999023,3.149001359939575,8.394457817077637,9.767650604248047,7.53198766708374,4.14169454574585,0.6361696124076843,9.670034408569336,,,,,,,,,,,,,,,,,,,,,,,,,,,,,,,,,,,,,,,,
26,5124,,,,,,,,,,,,,,,,,,,,,,,,,,,,,,,,,,,,,,,,,0.21597851812839508,0.22346074879169464,0.18774867057800293,0.18258701264858246,0.24651449918746948,0.14882820844650269,0.2355998158454895,0.11834873259067535,0.18653252720832825,0.4141865074634552,5.028225898742676,3.985759735107422,4.422308921813965,4.620196342468262,5.278515338897705,5.441027641296387,6.5192365646362305,3.681312084197998,4.155210971832275,7.1504669189453125,,,,,,,,,,,6.39268684387207,5.233146667480469,6.243096828460693,5.940046310424805,7.1042938232421875,6.251992702484131,7.942519187927246,4.057331562042236,4.9579315185546875,9.803816795349121,,,,,,,,,,,,,,,,,,,,,,,,,,,,,,,,,,,,,,,,
26,5129,,,,,,,,,,,,,,,,,,,,,,,,,,,,,,,,,,,,,,,,,0.4522303640842438,0.3375658392906189,0.41060757637023926,0.21122092008590698,0.8586610555648804,0.2712523639202118,0.6735444664955139,0.17352955043315887,0.08566126972436905,1.0480302572250366,6.713631629943848,4.501311302185059,7.36147928237915,5.141369342803955,9.625455856323242,6.3633880615234375,8.821874618530273,3.778210401535034,3.216317653656006,11.613277435302734,,,,,,,,,,,9.005542755126953,6.431933403015137,9.232623100280762,6.388859748840332,13.258994102478027,8.44039249420166,13.42931842803955,4.912984848022461,3.359816312789917,15.594955444335938,,,,,,,,,,,,,,,,,,,,,,,,,,,,,,,,,,,,,,,,
26,5134,,,,,,,,,,,,,,,,,,,,,,,,,,,,,,,,,,,,,,,,,0.45250436663627625,1.1591076850891113,0.24579501152038574,0.42908623814582825,0.16481168568134308,0.5803907513618469,0.09760848432779312,0.20793597400188446,0.6698427200317383,0.5179610252380371,6.923214912414551,8.677678108215332,5.815362453460693,6.61670446395874,4.603616714477539,10.544179916381836,4.195595741271973,5.026440620422363,8.107328414916992,8.722028732299805,,,,,,,,,,,8.57466983795166,11.918569564819336,7.143288612365723,9.105989456176758,5.808896541595459,12.346280097961426,5.112279415130615,5.3780341148376465,9.395278930664062,10.963412284851074,,,,,,,,,,,,,,,,,,,,,,,,,,,,,,,,,,,,,,,,
26,5139,,,,,,,,,,,,,,,,,,,,,,,,,,,,,,,,,,,,,,,,,0.32095518708229065,0.2523079812526703,0.2409987598657608,0.10276246070861816,0.3080609142780304,0.443148136138916,0.20965231955051422,0.19049543142318726,0.8822571039199829,0.25891372561454773,5.728241920471191,4.2556376457214355,5.443670749664307,3.292675018310547,6.0842976570129395,8.440801620483398,6.4433064460754395,4.437689781188965,6.410309791564941,6.745789527893066,,,,,,,,,,,7.443778991699219,5.560678482055664,7.073250770568848,4.4562764167785645,7.941781520843506,10.788233757019043,7.49239444732666,5.147555351257324,10.7825345993042,7.751303195953369,,,,,,,,,,,,,,,,,,,,,,,,,,,,,,,,,,,,,,,,
26,5144,,,,,,,,,,,,,,,,,,,,,,,,,,,,,,,,,,,,,,,,,0.44569122791290283,0.6990371942520142,0.14231973886489868,0.31242814660072327,0.4752229154109955,0.5584719181060791,0.5341838598251343,0.4253070056438446,0.5543201565742493,0.309929758310318,6.789412021636963,6.190377712249756,4.357327938079834,5.755472183227539,8.032495498657227,9.110349655151367,8.05284595489502,6.036364555358887,6.687688827514648,6.881786823272705,,,,,,,,,,,9.012754440307617,9.255766868591309,5.435558795928955,7.77016019821167,9.863893508911133,12.110902786254883,11.959586143493652,7.691481113433838,8.546801567077637,8.480644226074219,,,,,,,,,,,,,,,,,,,,,,,,,,,,,,,,,,,,,,,,
26,5149,,,,,,,,,,,,,,,,,,,,,,,,,,,,,,,,,,,,,,,,,0.23827439546585083,0.16016985476016998,0.34351226687431335,0.08911769837141037,0.3603612184524536,0.47426551580429077,0.09278388321399689,0.12654344737529755,0.31575456261634827,0.18196120858192444,5.2862677574157715,3.0144951343536377,7.227437496185303,2.872037172317505,6.676336288452148,8.859127044677734,4.30373477935791,3.3735995292663574,5.770371437072754,5.479268550872803,,,,,,,,,,,6.544846534729004,4.430499076843262,8.444672584533691,4.149892807006836,8.58951473236084,11.160576820373535,4.984333515167236,4.195450305938721,6.450570106506348,6.498103141784668,,,,,,,,,,,,,,,,,,,,,,,,,,,,,,,,,,,,,,,,
26,5154,,,,,,,,,,,,,,,,,,,,,,,,,,,,,,,,,,,,,,,,,0.25011974573135376,0.3813692629337311,0.17963144183158875,0.20091618597507477,0.2953919470310211,0.23446395993232727,0.19289237260818481,0.053727906197309494,0.2617306411266327,0.4509540796279907,5.432570457458496,5.285604953765869,4.950863361358643,5.286721706390381,6.754715442657471,6.076057434082031,5.30314826965332,2.1333961486816406,4.642354488372803,8.46027660369873,,,,,,,,,,,6.75791072845459,6.836520671844482,6.106646537780762,6.23106575012207,7.776765823364258,7.8471856117248535,7.186680316925049,2.7337493896484375,5.872872352600098,10.229710578918457,,,,,,,,,,,,,,,,,,,,,,,,,,,,,,,,,,,,,,,,
26,5159,,,,,,,,,,,,,,,,,,,,,,,,,,,,,,,,,,,,,,,,,0.16264091432094574,0.18711580336093903,0.09541314095258713,0.050494372844696045,0.19344279170036316,0.10411059111356735,0.08597662299871445,0.27036356925964355,0.30069857835769653,0.17615282535552979,4.098060607910156,4.318968772888184,3.1968703269958496,2.569525718688965,4.618490219116211,4.232910633087158,4.03626012802124,4.447662353515625,4.524521827697754,4.9373345375061035,,,,,,,,,,,5.278248310089111,4.788698673248291,4.450571060180664,3.123750686645508,6.2932634353637695,5.229056358337402,4.798007965087891,6.1324334144592285,6.294902324676514,6.393548965454102,,,,,,,,,,,,,,,,,,,,,,,,,,,,,,,,,,,,,,,,
26,5164,,,,,,,,,,,,,,,,,,,,,,,,,,,,,,,,,,,,,,,,,0.29166021943092346,0.25192949175834656,0.1857796609401703,0.18632525205612183,0.16398070752620697,0.35644233226776123,0.23483312129974365,0.1871875822544098,0.7389276027679443,0.3195360004901886,5.884124279022217,4.678863048553467,5.013591766357422,4.797666549682617,4.718380451202393,7.744429588317871,6.72117805480957,3.9638426303863525,8.331624984741211,6.9875407218933105,,,,,,,,,,,7.194245338439941,5.556506156921387,6.210273742675781,6.000546455383301,5.794233798980713,9.675435066223145,7.929584980010986,5.102667331695557,9.867888450622559,8.611069679260254,,,,,,,,,,,,,,,,,,,,,,,,,,,,,,,,,,,,,,,,
26,5169,,,,,,,,,,,,,,,,,,,,,,,,,,,,,,,,,,,,,,,,,0.21006324887275696,0.18469496071338654,0.2232380360364914,0.2105610966682434,0.20924903452396393,0.1878954917192459,0.16287072002887726,0.21535353362560272,0.24282105267047882,0.25388532876968384,5.11247444152832,3.7470502853393555,5.941330432891846,4.7024688720703125,5.379446983337402,6.512351989746094,4.998641014099121,4.364713191986084,4.046277046203613,6.319990634918213,,,,,,,,,,,6.324839115142822,4.757620334625244,6.807627201080322,6.378872871398926,6.545327663421631,7.024801254272461,6.6037750244140625,5.473116874694824,5.656743049621582,7.675665378570557,,,,,,,,,,,,,,,,,,,,,,,,,,,,,,,,,,,,,,,,
26,5174,,,,,,,,,,,,,,,,,,,,,,,,,,,,,,,,,,,,,,,,,0.29132065176963806,0.3964819312095642,0.33924421668052673,0.14939375221729279,0.20912478864192963,0.26354339718818665,0.2814849019050598,0.24700823426246643,0.5245177745819092,0.21108686923980713,5.995210647583008,5.8506550788879395,7.204559326171875,3.9013562202453613,5.107844829559326,6.7371063232421875,7.489197731018066,4.576233863830566,7.197995662689209,5.891943454742432,,,,,,,,,,,7.272736549377441,6.970661163330078,8.392045974731445,5.373053073883057,6.543384075164795,8.31959056854248,8.681571960449219,5.861576557159424,8.313873291015625,6.998867988586426,,,,,,,,,,,,,,,,,,,,,,,,,,,,,,,,,,,,,,,,
26,5179,,,,,,,,,,,,,,,,,,,,,,,,,,,,,,,,,,,,,,,,,0.5995181202888489,1.0038130283355713,0.2811548709869385,0.3901820778846741,0.43440043926239014,0.7845267057418823,0.567267119884491,0.21724842488765717,1.0492256879806519,0.6678447723388672,8.068758010864258,8.543939590454102,5.381537437438965,7.224005222320557,6.841831207275391,12.074804306030273,10.611082077026367,4.39962100982666,7.7566399574279785,9.785353660583496,,,,,,,,,,,10.358755111694336,11.091459274291992,7.639843463897705,8.683375358581543,9.430718421936035,14.35422420501709,12.324365615844727,5.497142791748047,11.758658409118652,12.449014663696289,,,,,,,,,,,,,,,,,,,,,,,,,,,,,,,,,,,,,,,,
26,5184,,,,,,,,,,,,,,,,,,,,,,,,,,,,,,,,,,,,,,,,,0.3261023461818695,0.1705588698387146,0.3160800635814667,0.40495195984840393,0.4944797456264496,0.3663286864757538,0.148512065410614,0.4054093062877655,0.4643622040748596,0.1642380803823471,5.845852375030518,3.6740882396698,6.800139427185059,6.275211334228516,7.709075927734375,8.334476470947266,5.087102890014648,4.8465986251831055,5.359694957733154,4.526279926300049,,,,,,,,,,,7.6889519691467285,4.571928977966309,8.100469589233398,8.846197128295898,10.061758995056152,9.808696746826172,6.305966377258301,7.509405612945557,7.822610855102539,6.1735382080078125,,,,,,,,,,,,,,,,,,,,,,,,,,,,,,,,,,,,,,,,
26,5189,,,,,,,,,,,,,,,,,,,,,,,,,,,,,,,,,,,,,,,,,0.31831085681915283,0.31512516736984253,0.30163317918777466,0.15138162672519684,0.4410978853702545,0.2868635654449463,0.3994746208190918,0.2619072496891022,0.20626619458198547,0.50104820728302,6.361047267913818,5.2466864585876465,6.444559574127197,4.888306140899658,7.733935832977295,7.470623016357422,7.3755292892456055,5.533964157104492,4.401461124420166,8.1543607711792,,,,,,,,,,,7.788212299346924,6.214466571807861,7.913183689117432,5.408682346343994,9.503140449523926,8.679877281188965,10.34225845336914,6.035767555236816,5.213594913482666,10.78293514251709,,,,,,,,,,,,,,,,,,,,,,,,,,,,,,,,,,,,,,,,
26,5194,,,,,,,,,,,,,,,,,,,,,,,,,,,,,,,,,,,,,,,,,0.28436318039894104,0.6338725090026855,0.0670677050948143,0.36447811126708984,0.47341158986091614,0.5111293792724609,0.2150270938873291,0.013250590302050114,0.026901520788669586,0.25413018465042114,5.304769992828369,6.154685020446777,2.570268392562866,6.3979716300964355,8.006668090820312,9.681221961975098,5.790396690368652,1.1422500610351562,1.697295069694519,6.302175521850586,,,,,,,,,,,6.764064311981201,8.813800811767578,3.731370449066162,8.392485618591309,9.845075607299805,11.586207389831543,7.587826251983643,1.3576143980026245,1.8828325271606445,7.679365634918213,,,,,,,,,,,,,,,,,,,,,,,,,,,,,,,,,,,,,,,,
26,5199,,,,,,,,,,,,,,,,,,,,,,,,,,,,,,,,,,,,,,,,,0.3898256719112396,0.6116088032722473,0.25738972425460815,0.11693267524242401,0.4346742033958435,0.37775325775146484,0.2884806990623474,0.3196030259132385,0.4130643904209137,0.6889241337776184,6.985109806060791,6.417858600616455,6.122384548187256,4.255443096160889,7.948485374450684,7.330020904541016,7.5490617752075195,6.57202672958374,6.540822505950928,10.129883766174316,,,,,,,,,,,8.399264335632324,8.657631874084473,7.309829235076904,4.753602504730225,9.43368911743164,9.96047306060791,8.78879165649414,6.667517185211182,7.377889633178711,12.643954277038574,,,,,,,,,,,,,,,,,,,,,,,,,,,,,,,,,,,,,,,,
26,5204,,,,,,,,,,,,,,,,,,,,,,,,,,,,,,,,,,,,,,,,,0.4439738690853119,0.951813817024231,0.20224890112876892,0.5434192419052124,0.30981120467185974,0.36150190234184265,0.3459723889827728,0.2132270336151123,0.6459107398986816,0.4218595623970032,6.848987579345703,8.432571411132812,4.348649024963379,6.727292537689209,6.218115329742432,7.781630039215088,7.869644641876221,4.3798370361328125,8.181478500366211,7.701670169830322,,,,,,,,,,,8.825199127197266,10.800361633300781,6.4796977043151855,10.247604370117188,7.964310646057129,9.743863105773926,9.624794960021973,5.446028232574463,9.225916862487793,9.894210815429688,,,,,,,,,,,,,,,,,,,,,,,,,,,,,,,,,,,,,,,,
26,5209,,,,,,,,,,,,,,,,,,,,,,,,,,,,,,,,,,,,,,,,,0.32137539982795715,0.6372452974319458,0.11210155487060547,0.23606941103935242,0.4213462769985199,0.4102689325809479,0.14032191038131714,0.34252527356147766,0.19282415509223938,0.3996756672859192,5.878001689910889,7.011967182159424,3.356102705001831,5.097524642944336,6.945311546325684,8.459628105163574,5.152716636657715,4.859884738922119,4.360886573791504,7.657991886138916,,,,,,,,,,,7.531920433044434,8.83721923828125,4.824112892150879,6.754212856292725,9.287936210632324,10.3803071975708,6.129619598388672,6.902477741241455,5.0408525466918945,9.630549430847168,,,,,,,,,,,,,,,,,,,,,,,,,,,,,,,,,,,,,,,,
26,5214,,,,,,,,,,,,,,,,,,,,,,,,,,,,,,,,,,,,,,,,,0.22735734283924103,0.15482662618160248,0.23704048991203308,0.15242250263690948,0.31658288836479187,0.23406684398651123,0.26741987466812134,0.4564076066017151,0.14745795726776123,0.07999111711978912,5.079941749572754,3.539391040802002,5.5261664390563965,4.650551795959473,6.507121562957764,5.926037311553955,6.895180702209473,5.397873401641846,3.4014499187469482,3.8757007122039795,,,,,,,,,,,6.426196575164795,4.355971813201904,7.014923095703125,5.427245140075684,8.05087947845459,7.840537071228027,8.461894989013672,7.967739582061768,4.40816068649292,4.308420658111572,,,,,,,,,,,,,,,,,,,,,,,,,,,,,,,,,,,,,,,,
26,5219,,,,,,,,,,,,,,,,,,,,,,,,,,,,,,,,,,,,,,,,,0.36442455649375916,0.3797752857208252,0.15128383040428162,0.35660797357559204,0.33300507068634033,0.38482701778411865,0.4656125605106354,0.4231739640235901,0.39949285984039307,0.38604241609573364,6.815802574157715,5.617348670959473,4.755366325378418,6.931755065917969,5.430490970611572,8.548168182373047,8.840689659118652,7.061149597167969,6.409943103790283,7.747314453125,,,,,,,,,,,8.288491249084473,6.822218894958496,5.604126453399658,8.301382064819336,8.25705337524414,10.053299903869629,11.165628433227539,7.672169208526611,7.255675315856934,9.464871406555176,,,,,,,,,,,,,,,,,,,,,,,,,,,,,,,,,,,,,,,,
26,5224,,,,,,,,,,,,,,,,,,,,,,,,,,,,,,,,,,,,,,,,,0.2610267102718353,0.1585412472486496,0.22641921043395996,0.0975419133901596,0.11021044105291367,0.7281438708305359,0.18327894806861877,0.13053542375564575,0.5122104287147522,0.20235876739025116,5.329319477081299,2.9974989891052246,5.902568817138672,3.817049503326416,3.772462844848633,10.68903923034668,5.32050085067749,3.3629188537597656,7.148911952972412,4.952921390533447,,,,,,,,,,,6.724365711212158,4.407917022705078,6.855960369110107,4.341607093811035,4.750190258026123,13.828798294067383,7.005305767059326,4.261111259460449,8.215755462646484,6.852644920349121,,,,,,,,,,,,,,,,,,,,,,,,,,,,,,,,,,,,,,,,
26,5229,,,,,,,,,,,,,,,,,,,,,,,,,,,,,,,,,,,,,,,,,0.36333155632019043,0.29509708285331726,0.28516387939453125,0.3028559386730194,0.418062299489975,0.5156781077384949,0.1841423064470291,0.22286978363990784,0.4323410987854004,0.6137736439704895,6.607746124267578,4.814528942108154,5.97280216217041,6.761445999145508,7.682563781738281,8.974676132202148,5.393679618835449,4.844507217407227,5.583435535430908,9.442075729370117,,,,,,,,,,,8.257719993591309,6.0137410163879395,7.694118499755859,7.650202751159668,9.251670837402344,11.63764762878418,7.021785736083984,5.567809104919434,7.548080921173096,11.934420585632324,,,,,,,,,,,,,,,,,,,,,,,,,,,,,,,,,,,,,,,,
26,5234,,,,,,,,,,,,,,,,,,,,,,,,,,,,,,,,,,,,,,,,,0.37614479660987854,0.3611384332180023,0.24153780937194824,0.27321022748947144,0.6988040804862976,0.3629862368106842,0.42730191349983215,0.4780958592891693,0.2651729881763458,0.27705538272857666,6.912407875061035,5.469852924346924,5.706530570983887,6.488430023193359,9.413848876953125,8.12440299987793,9.003366470336914,6.9887800216674805,4.629996299743652,6.386462688446045,,,,,,,,,,,8.389558792114258,6.652718544006348,7.081157207489014,7.266132354736328,11.961271286010742,9.763846397399902,10.69641399383545,8.154854774475098,5.911366939544678,8.018266677856445,,,,,,,,,,,,,,,,,,,,,,,,,,,,,,,,,,,,,,,,
26,5237,,,,,,,,,,,,,,,,,,,,,,,,,,,,,,,,,,,,,,,,,,,,,,,,,,,6.378413677215576,5.147393226623535,6.270397186279297,6.089856147766113,6.548759460449219,8.025835990905762,6.979881763458252,5.6125993728637695,5.590358257293701,7.140640735626221,0.6013839244842529,0.5980101227760315,0.6640746593475342,0.6705296039581299,0.6092555522918701,0.514660120010376,0.5934338569641113,0.6115875840187073,0.5830265283584595,0.5678772330284119,8.415555953979492,6.838581085205078,8.223484992980957,7.947511672973633,8.77084732055664,10.631831169128418,9.402182579040527,7.261695861816406,7.321799278259277,9.342077255249023,0.5330660939216614,0.5604017376899719,0.6511620283126831,0.4249331057071686,0.5558555722236633,0.6118643283843994,0.5233616232872009,0.4306909143924713,0.5246661901473999,0.5146586298942566,7.542318820953369,5.769661903381348,8.618303298950195,6.562929153442383,8.287447929382324,9.518800735473633,8.753133773803711,5.808030605316162,6.545810222625732,8.016746520996094,0.4181027114391327,0.42382651567459106,0.45159631967544556,0.5178618431091309,0.3222859501838684,0.44402486085891724,0.4780460596084595,0.34131336212158203,0.2807319760322571,0.5032376050949097,10.260963439941406,8.39925765991211,11.353649139404297,10.31547737121582,11.138287544250488,12.819852828979492,11.549704551696777,7.566404342651367,8.624249458312988,10.581792831420898
27,5239,,,,,,,,,,,,,,,,,,,,,,,,,,,,,,,,,,,,,,,,,0.4161142408847809,0.7993093729019165,0.27627629041671753,0.4569045603275299,0.38100868463516235,0.5225260257720947,0.24033018946647644,0.13362851738929749,0.3904218077659607,0.5446226596832275,6.7689971923828125,7.773109436035156,6.263930797576904,6.992264747619629,7.015491962432861,9.124773979187012,6.248802185058594,3.341646671295166,5.195378303527832,8.965574264526367,,,,,,,,,,,8.684669494628906,9.897368431091309,7.573270797729492,9.396533012390137,8.83216381072998,11.7146635055542,8.021858215332031,4.311300754547119,7.172825813293457,11.24203872680664,,,,,,,,,,,,,,,,,,,,,,,,,,,,,,,,,,,,,,,,
27,5244,,,,,,,,,,,,,,,,,,,,,,,,,,,,,,,,,,,,,,,,,0.41689497232437134,0.3862016797065735,0.1094888225197792,0.1814366579055786,0.5417580008506775,0.4513358771800995,0.7652400135993958,0.5426168441772461,0.4233827590942383,0.35059380531311035,6.758184909820557,5.365878105163574,3.418905258178711,5.158182144165039,7.127568244934082,7.998690128326416,10.939271926879883,7.961996555328369,6.21621036529541,6.636966228485107,,,,,,,,,,,8.719901084899902,6.879697322845459,4.767564296722412,5.921305179595947,10.531791687011719,10.88744068145752,14.31428337097168,8.687710762023926,7.469470977783203,9.01984977722168,,,,,,,,,,,,,,,,,,,,,,,,,,,,,,,,,,,,,,,,
27,5249,,,,,,,,,,,,,,,,,,,,,,,,,,,,,,,,,,,,,,,,,0.5225575566291809,0.3908352255821228,0.29777663946151733,0.3826330006122589,0.407557874917984,0.416011780500412,0.5067318081855774,0.763196587562561,1.2964463233947754,0.2418287843465805,7.1887054443359375,5.657963275909424,6.604802131652832,8.126126289367676,6.022191524505615,8.665164947509766,8.033058166503906,7.854071140289307,8.362466812133789,5.372503757476807,,,,,,,,,,,9.498126983642578,6.920845031738281,7.862433433532715,8.598963737487793,9.134699821472168,10.452704429626465,11.648228645324707,10.303314208984375,13.070752143859863,7.491196632385254,,,,,,,,,,,,,,,,,,,,,,,,,,,,,,,,,,,,,,,,
27,5254,,,,,,,,,,,,,,,,,,,,,,,,,,,,,,,,,,,,,,,,,0.27849695086479187,0.18667367100715637,0.14085009694099426,0.169216126203537,0.1004374548792839,0.34301409125328064,0.25091370940208435,0.34640952944755554,0.6740877032279968,0.2948703467845917,5.664130210876465,3.839930534362793,4.624988555908203,5.070075035095215,3.7504234313964844,7.268133640289307,4.994996070861816,5.3638153076171875,8.865945816040039,7.198866844177246,,,,,,,,,,,6.974459171295166,4.7830376625061035,5.407421588897705,5.718416213989258,4.534689426422119,9.491434097290039,8.196585655212402,6.941504955291748,9.425004005432129,8.272042274475098,,,,,,,,,,,,,,,,,,,,,,,,,,,,,,,,,,,,,,,,
27,5259,,,,,,,,,,,,,,,,,,,,,,,,,,,,,,,,,,,,,,,,,0.40737247467041016,0.31073686480522156,0.1821327805519104,0.33348873257637024,0.7330211400985718,0.4031878709793091,0.27106335759162903,0.631406307220459,0.4844663739204407,0.3168487548828125,6.969320774078369,4.641293048858643,6.019662857055664,7.520331382751465,8.258916854858398,7.971528053283691,7.157135486602783,7.651913642883301,6.6008758544921875,6.902226448059082,,,,,,,,,,,8.593852043151855,6.17104434967041,6.149017333984375,8.027780532836914,12.250616073608398,10.290336608886719,8.519346237182617,9.371587753295898,7.990153789520264,8.574784278869629,,,,,,,,,,,,,,,,,,,,,,,,,,,,,,,,,,,,,,,,
27,5264,,,,,,,,,,,,,,,,,,,,,,,,,,,,,,,,,,,,,,,,,0.5315336585044861,0.6871801614761353,0.4218687117099762,0.5152956247329712,0.21402840316295624,0.8538286685943604,0.346963107585907,0.3033522367477417,0.8091648817062378,0.6321214437484741,7.555413246154785,6.3278326988220215,8.492514610290527,7.812704086303711,5.840101718902588,10.546846389770508,6.867654323577881,5.97394323348999,8.647684097290039,7.489438533782959,,,,,,,,,,,9.85341739654541,9.176933288574219,9.358372688293457,9.978910446166992,6.619655132293701,14.974807739257812,9.638566970825195,6.495794773101807,10.326231002807617,12.11148738861084,,,,,,,,,,,,,,,,,,,,,,,,,,,,,,,,,,,,,,,,
27,5269,,,,,,,,,,,,,,,,,,,,,,,,,,,,,,,,,,,,,,,,,0.35585999488830566,0.5107678174972534,0.1137072816491127,0.15237003564834595,0.5369605422019958,0.3872950077056885,0.2696792483329773,0.20653192698955536,0.6845709085464478,0.3408571481704712,6.501524925231934,6.846745014190674,4.073459625244141,4.47670316696167,9.094562530517578,8.412752151489258,7.198044300079346,4.186943054199219,7.493940830230713,6.730576515197754,,,,,,,,,,,7.8907012939453125,7.911777019500732,4.858540058135986,5.426311016082764,10.485057830810547,10.085484504699707,8.497566223144531,5.359846115112305,9.498007774353027,8.893719673156738,,,,,,,,,,,,,,,,,,,,,,,,,,,,,,,,,,,,,,,,
27,5274,,,,,,,,,,,,,,,,,,,,,,,,,,,,,,,,,,,,,,,,,0.2483668029308319,0.23444201052188873,0.45438501238822937,0.20834122598171234,0.09296189248561859,0.1725086271762848,0.22990527749061584,0.30989861488342285,0.1402769386768341,0.3925815224647522,5.503959655761719,4.4873528480529785,8.690244674682617,4.422610759735107,3.336989164352417,4.983183860778809,5.638304710388184,6.118297100067139,4.207916259765625,7.650737285614014,,,,,,,,,,,6.751890659332275,5.360187530517578,9.712334632873535,6.345158576965332,4.362667560577393,6.731025695800781,7.845944404602051,6.5655107498168945,4.299485206604004,9.544696807861328,,,,,,,,,,,,,,,,,,,,,,,,,,,,,,,,,,,,,,,,
27,5279,,,,,,,,,,,,,,,,,,,,,,,,,,,,,,,,,,,,,,,,,0.31771978735923767,0.10771610587835312,0.4877062141895294,0.7315755486488342,0.20619328320026398,0.32301321625709534,0.23099486529827118,0.4136011004447937,0.0945015475153923,0.26417624950408936,6.175506591796875,3.0709478855133057,7.883018493652344,9.091775894165039,5.863769054412842,7.317927837371826,6.505097389221191,6.733262538909912,3.1997878551483154,5.913970947265625,,,,,,,,,,,7.566830158233643,3.6333110332489014,10.062150001525879,11.890071868896484,6.497359752655029,9.210559844970703,7.8645148277282715,7.584895133972168,3.5289275646209717,7.829681396484375,,,,,,,,,,,,,,,,,,,,,,,,,,,,,,,,,,,,,,,,
27,5284,,,,,,,,,,,,,,,,,,,,,,,,,,,,,,,,,,,,,,,,,0.41116613149642944,0.38940656185150146,0.27192145586013794,0.38327357172966003,0.5097764730453491,0.6970176696777344,0.3526758849620819,0.1526535600423813,0.3351675868034363,0.6086021661758423,6.831915378570557,4.502547740936279,5.6062798500061035,5.954780101776123,8.238302230834961,10.933736801147461,7.046186447143555,3.5583431720733643,6.046292304992676,9.6007719039917,,,,,,,,,,,8.8477144241333,6.908184051513672,7.513345718383789,8.606158256530762,10.216203689575195,13.529999732971191,9.7175931930542,4.607996463775635,6.645907402038574,11.88403606414795,,,,,,,,,,,,,,,,,,,,,,,,,,,,,,,,,,,,,,,,
27,5289,,,,,,,,,,,,,,,,,,,,,,,,,,,,,,,,,,,,,,,,,0.22200366854667664,0.48150867223739624,0.1455603539943695,0.058344434946775436,0.43120232224464417,0.12212858349084854,0.21667568385601044,0.1207253485918045,0.1123046875,0.3095829486846924,4.971446514129639,6.58004903793335,4.696143627166748,2.95741868019104,5.753177165985107,4.708343029022217,6.170673847198486,3.660219430923462,3.083951711654663,7.1330413818359375,,,,,,,,,,,6.181530475616455,7.681823253631592,5.497094631195068,3.3577980995178223,9.395938873291016,5.663495063781738,7.61685848236084,4.097867965698242,3.8470001220703125,8.475897789001465,,,,,,,,,,,,,,,,,,,,,,,,,,,,,,,,,,,,,,,,
27,5294,,,,,,,,,,,,,,,,,,,,,,,,,,,,,,,,,,,,,,,,,0.3093873858451843,0.269877165555954,0.11074846237897873,0.24649858474731445,0.5812921524047852,0.33276820182800293,0.7023402452468872,0.2429484874010086,0.056379735469818115,0.24163344502449036,6.062813758850098,4.372836589813232,3.743915319442749,6.3091630935668945,8.125950813293457,7.716806411743164,9.755433082580566,5.423211097717285,2.374451160430908,6.743555545806885,,,,,,,,,,,7.494015216827393,5.751026153564453,4.794910907745361,6.901796817779541,10.909299850463867,9.348605155944824,13.71338176727295,5.813207149505615,2.7257425785064697,7.488170146942139,,,,,,,,,,,,,,,,,,,,,,,,,,,,,,,,,,,,,,,,
27,5299,,,,,,,,,,,,,,,,,,,,,,,,,,,,,,,,,,,,,,,,,0.45070818066596985,0.556146502494812,0.3867734968662262,0.6005663275718689,0.11220737546682358,0.413241446018219,0.5015059113502502,0.424421489238739,0.5025030374526978,0.5590079426765442,6.297888278961182,6.5392842292785645,6.541836261749268,5.490714073181152,4.203315258026123,7.079039573669434,7.898468971252441,5.013110160827637,5.841668128967285,8.073553085327148,,,,,,,,,,,9.110979080200195,8.255757331848145,8.960660934448242,10.772968292236328,4.793032646179199,10.417842864990234,11.588008880615234,7.683470249176025,8.137530326843262,11.389541625976562,,,,,,,,,,,,,,,,,,,,,,,,,,,,,,,,,,,,,,,,
27,5304,,,,,,,,,,,,,,,,,,,,,,,,,,,,,,,,,,,,,,,,,0.3316122591495514,0.27042555809020996,0.23714402318000793,0.2765713632106781,0.1847887486219406,0.5262818336486816,0.3506830334663391,0.33479562401771545,0.4397059679031372,0.36411407589912415,6.612176418304443,4.739601135253906,5.653568267822266,6.397383689880371,4.877546310424805,9.505093574523926,7.755071640014648,5.926050662994385,7.044281959533691,7.610987186431885,,,,,,,,,,,7.92333984375,5.756865978240967,7.016455173492432,7.310692310333252,6.150882244110107,11.75669002532959,9.69009780883789,6.824150562286377,7.612099647521973,9.19212532043457,,,,,,,,,,,,,,,,,,,,,,,,,,,,,,,,,,,,,,,,
27,5309,,,,,,,,,,,,,,,,,,,,,,,,,,,,,,,,,,,,,,,,,0.5483892560005188,0.5502027869224548,0.7224394679069519,0.3811964988708496,0.902194619178772,0.24847331643104553,0.6944081783294678,0.1396649330854416,0.40624308586120605,0.8906804323196411,7.645155429840088,5.971148490905762,9.319099426269531,8.324440956115723,9.352298736572266,6.720707416534424,8.290887832641602,4.124910354614258,5.927106857299805,10.775796890258789,,,,,,,,,,,10.04963493347168,8.211522102355957,12.246511459350586,8.582806587219238,13.590948104858398,8.078221321105957,13.635724067687988,4.407602787017822,7.316717147827148,14.376665115356445,,,,,,,,,,,,,,,,,,,,,,,,,,,,,,,,,,,,,,,,
27,5314,,,,,,,,,,,,,,,,,,,,,,,,,,,,,,,,,,,,,,,,,0.38586920499801636,0.3443758189678192,0.31674668192863464,0.2790967524051666,0.2737899422645569,0.3820996582508087,0.4154394865036011,0.41243380308151245,0.7784170508384705,0.2704240083694458,6.2354044914245605,4.923390865325928,6.218083381652832,5.270018100738525,5.08707857131958,7.046111106872559,6.5426788330078125,5.592409133911133,8.654510498046875,6.784359455108643,,,,,,,,,,,8.402783393859863,6.496486663818359,8.109006881713867,7.343992710113525,7.487009048461914,10.017610549926758,10.546897888183594,7.574183940887451,10.128134727478027,7.921725749969482,,,,,,,,,,,,,,,,,,,,,,,,,,,,,,,,,,,,,,,,
27,5319,,,,,,,,,,,,,,,,,,,,,,,,,,,,,,,,,,,,,,,,,0.378824919462204,0.41248056292533875,0.23808854818344116,0.28133490681648254,0.2605717182159424,0.4576617181301117,0.7363559007644653,0.2457835078239441,0.32415884733200073,0.4529886543750763,6.729128360748291,5.164740085601807,5.894627094268799,6.764081954956055,6.223719120025635,8.889042854309082,10.00130844116211,4.862959384918213,4.8028693199157715,7.958807945251465,,,,,,,,,,,8.495378494262695,7.1099090576171875,7.030414581298828,7.3733811378479,7.304042339324951,10.963473320007324,14.04153823852539,5.847026824951172,6.535852432250977,10.252761840820312,,,,,,,,,,,,,,,,,,,,,,,,,,,,,,,,,,,,,,,,
27,5324,,,,,,,,,,,,,,,,,,,,,,,,,,,,,,,,,,,,,,,,,0.3937801718711853,0.5132420063018799,0.31185367703437805,0.20340006053447723,0.44666337966918945,0.584772527217865,0.13877622783184052,0.5996211767196655,0.3538817763328552,0.391810804605484,6.843359470367432,6.947657108306885,7.074256420135498,5.3233160972595215,7.666564464569092,10.067309379577637,5.150636196136475,6.568049907684326,6.297513484954834,6.494935035705566,,,,,,,,,,,8.42165470123291,7.9309163093566895,8.046131134033203,6.269464492797852,9.56290340423584,12.392797470092773,6.095766544342041,9.132658958435059,6.828925609588623,9.535324096679688,,,,,,,,,,,,,,,,,,,,,,,,,,,,,,,,,,,,,,,,
27,5329,,,,,,,,,,,,,,,,,,,,,,,,,,,,,,,,,,,,,,,,,0.2966689169406891,0.3952579200267792,0.024980172514915466,0.2673691511154175,0.22874997556209564,0.37708398699760437,0.2647336423397064,0.25797051191329956,0.49619898200035095,0.3576757609844208,5.74880838394165,6.059206008911133,1.6886672973632812,5.313260078430176,5.68977165222168,8.195075035095215,6.625068187713623,4.871113300323486,6.409973621368408,6.887138843536377,,,,,,,,,,,7.20296573638916,6.959892749786377,2.277242660522461,7.188040733337402,6.84352970123291,9.951644897460938,8.41928768157959,5.990233421325684,8.086325645446777,9.110494613647461,,,,,,,,,,,,,,,,,,,,,,,,,,,,,,,,,,,,,,,,
27,5334,,,,,,,,,,,,,,,,,,,,,,,,,,,,,,,,,,,,,,,,,0.28545746207237244,0.353729784488678,0.14121106266975403,0.07300643622875214,0.6417348384857178,0.3978247046470642,0.5001554489135742,0.0015336917713284492,0.0950796827673912,0.3648413121700287,5.322585582733154,5.0297322273254395,4.526732444763184,3.1364967823028564,7.46691370010376,8.544971466064453,8.491157531738281,0.4422282874584198,2.907395839691162,7.35764217376709,,,,,,,,,,,6.912661552429199,6.58412504196167,5.414346218109131,3.7560853958129883,11.462450981140137,10.221667289733887,11.572396278381348,0.4618786871433258,3.539705753326416,9.201300621032715,,,,,,,,,,,,,,,,,,,,,,,,,,,,,,,,,,,,,,,,
27,5339,,,,,,,,,,,,,,,,,,,,,,,,,,,,,,,,,,,,,,,,,0.24059009552001953,0.21910420060157776,0.3993991017341614,0.17572735249996185,0.08037614077329636,0.2628462612628937,0.232967346906662,0.5384151935577393,0.08767928183078766,0.1687958985567093,5.2268548011779785,4.3703718185424805,8.578461647033691,4.485696792602539,3.2696003913879395,6.570202350616455,5.785306930541992,6.7049102783203125,3.2603440284729004,4.016800403594971,,,,,,,,,,,6.521112442016602,5.181883335113525,9.105738639831543,5.827396869659424,4.056609630584717,8.308579444885254,7.8980207443237305,8.654008865356445,3.3991611003875732,6.258613586425781,,,,,,,,,,,,,,,,,,,,,,,,,,,,,,,,,,,,,,,,
27,5344,,,,,,,,,,,,,,,,,,,,,,,,,,,,,,,,,,,,,,,,,0.3399863839149475,0.24055588245391846,0.22438965737819672,0.0307467058300972,0.37368130683898926,0.6108198165893555,0.535799503326416,0.3269164264202118,0.43893927335739136,0.27802905440330505,5.888704776763916,4.971799850463867,5.00833797454834,2.253218173980713,6.374353885650635,7.86977481842041,7.939690113067627,5.7930006980896,6.1696977615356445,6.618474006652832,,,,,,,,,,,7.829311847686768,5.429630756378174,6.825163841247559,2.437553644180298,8.74682331085205,12.66579532623291,11.977660179138184,6.743371963500977,7.605460166931152,8.032343864440918,,,,,,,,,,,,,,,,,,,,,,,,,,,,,,,,,,,,,,,,
27,5349,,,,,,,,,,,,,,,,,,,,,,,,,,,,,,,,,,,,,,,,,0.4765130281448364,0.49804115295410156,0.9520089030265808,0.20094504952430725,0.896928071975708,0.3205716609954834,0.4111935496330261,0.3748806118965149,0.1648862063884735,0.4691619277000427,7.328157424926758,5.9795708656311035,10.134531021118164,5.782127857208252,11.781839370727539,7.841125011444092,7.942242622375488,5.607581615447998,3.615617036819458,7.268776893615723,,,,,,,,,,,9.293206214904785,7.812587261199951,14.058279991149902,6.231513500213623,13.551222801208496,9.175683975219727,10.492860794067383,7.221130847930908,4.661389350891113,10.434186935424805,,,,,,,,,,,,,,,,,,,,,,,,,,,,,,,,,,,,,,,,
27,5354,,,,,,,,,,,,,,,,,,,,,,,,,,,,,,,,,,,,,,,,,0.3120166063308716,0.3322305977344513,0.23885509371757507,0.28611886501312256,0.129806786775589,0.6790578961372375,0.3514857292175293,0.11848531663417816,0.2603694200515747,0.41173985600471497,6.126626014709473,5.506918430328369,5.583712577819824,5.824368953704834,3.5814368724823,10.369498252868652,7.820254325866699,3.45257830619812,5.150819778442383,7.850048542022705,,,,,,,,,,,7.640162944793701,6.38090181350708,7.041722297668457,7.435807704925537,5.155233860015869,13.3545503616333,9.70118236541748,4.0596723556518555,5.857580661773682,9.774816513061523,,,,,,,,,,,,,,,,,,,,,,,,,,,,,,,,,,,,,,,,
27,5359,,,,,,,,,,,,,,,,,,,,,,,,,,,,,,,,,,,,,,,,,0.3320063054561615,0.3933677673339844,0.7082118391990662,0.13759906589984894,0.26713061332702637,0.2558194696903229,0.25491538643836975,0.3842913508415222,0.43680495023727417,0.14991620182991028,6.647733211517334,5.329607963562012,11.596297264099121,4.568826198577881,5.698704719543457,6.829006671905518,6.69428825378418,6.989180088043213,7.021031856536865,5.102651119232178,,,,,,,,,,,7.652820110321045,6.94323205947876,12.125321388244629,5.156590461730957,7.3953962326049805,8.196768760681152,8.261689186096191,7.311206340789795,7.586946964263916,5.898227214813232,,,,,,,,,,,,,,,,,,,,,,,,,,,,,,,,,,,,,,,,
27,5364,,,,,,,,,,,,,,,,,,,,,,,,,,,,,,,,,,,,,,,,,0.3384148180484772,0.0790221318602562,0.3021267056465149,0.23340149223804474,0.33588194847106934,0.33918508887290955,0.21208465099334717,0.22055502235889435,0.7019751667976379,0.6215013861656189,5.961456298828125,2.5002777576446533,5.864532470703125,4.813329696655273,5.744134426116943,6.852147579193115,5.5853657722473145,4.738505840301514,8.178672790527344,9.37613582611084,,,,,,,,,,,7.7978196144104,3.111978769302368,7.91965389251709,6.715938091278076,8.292642593383789,9.438309669494629,7.535731315612793,5.538819313049316,9.617986679077148,12.009315490722656,,,,,,,,,,,,,,,,,,,,,,,,,,,,,,,,,,,,,,,,
27,5369,,,,,,,,,,,,,,,,,,,,,,,,,,,,,,,,,,,,,,,,,0.353564977645874,0.0924164354801178,0.08577538281679153,0.670712411403656,0.7593123912811279,0.2692253291606903,0.3040901720523834,0.3510911166667938,0.19853591918945312,0.4509255886077881,6.541445255279541,2.4520509243011475,3.188206195831299,9.516273498535156,9.366962432861328,6.99605131149292,7.248878002166748,6.988252639770508,4.98013162612915,8.136200904846191,,,,,,,,,,,7.911463260650635,3.365401268005371,4.219810962677002,11.384737968444824,12.468377113342285,8.408796310424805,9.0234375,6.988252639770508,5.114966869354248,10.229388236999512,,,,,,,,,,,,,,,,,,,,,,,,,,,,,,,,,,,,,,,,
27,5374,,,,,,,,,,,,,,,,,,,,,,,,,,,,,,,,,,,,,,,,,0.4342128038406372,0.2873649597167969,0.39807093143463135,0.4023773670196533,0.2982238531112671,0.1984519362449646,0.27810412645339966,0.1827998161315918,1.628274917602539,0.23424731194972992,6.868192195892334,4.9790544509887695,7.498201847076416,8.239822387695312,5.248926639556885,5.248657703399658,6.964474678039551,4.99596643447876,12.295417785644531,6.343204021453857,,,,,,,,,,,8.28548526763916,5.934432029724121,9.090585708618164,8.818032264709473,7.813953399658203,7.219440460205078,8.629279136657715,5.042508125305176,14.648298263549805,7.3728346824646,,,,,,,,,,,,,,,,,,,,,,,,,,,,,,,,,,,,,,,,
27,5379,,,,,,,,,,,,,,,,,,,,,,,,,,,,,,,,,,,,,,,,,0.42378219962120056,0.5191920399665833,0.022991975769400597,0.45897823572158813,0.5826663374900818,0.41441720724105835,0.272005170583725,0.3796049654483795,0.4479283392429352,0.7162553668022156,6.668137550354004,5.525757312774658,1.446395993232727,7.8824639320373535,8.186115264892578,7.817702293395996,6.319478988647461,7.149947166442871,6.074806213378906,9.610570907592773,,,,,,,,,,,8.590006828308105,7.9767560958862305,2.1847405433654785,9.417830467224121,10.922187805175781,10.432652473449707,8.534132957458496,7.266489505767822,7.682941436767578,12.892321586608887,,,,,,,,,,,,,,,,,,,,,,,,,,,,,,,,,,,,,,,,
27,5384,,,,,,,,,,,,,,,,,,,,,,,,,,,,,,,,,,,,,,,,,0.2630419135093689,0.47624653577804565,0.20534634590148926,0.21546529233455658,0.1886187046766281,0.26547855138778687,0.14724403619766235,0.10305025428533554,0.5602373480796814,0.2056902050971985,5.5801591873168945,5.722494125366211,5.8731818199157715,5.205049514770508,5.144079685211182,6.83967399597168,5.467576026916504,3.252206563949585,8.034144401550293,4.68302583694458,,,,,,,,,,,6.750232696533203,7.639732837677002,6.529128074645996,6.452731132507324,6.214296817779541,8.350078582763672,6.278987884521484,3.786022901535034,8.592296600341797,6.9088215827941895,,,,,,,,,,,,,,,,,,,,,,,,,,,,,,,,,,,,,,,,
27,5389,,,,,,,,,,,,,,,,,,,,,,,,,,,,,,,,,,,,,,,,,0.6297171115875244,0.48462629318237305,0.45527398586273193,0.41156384348869324,0.4824669063091278,0.38383176922798157,0.5990599393844604,0.892100989818573,1.4175833463668823,0.5409468412399292,8.579510688781738,5.548089504241943,8.420273780822754,6.824587821960449,7.210198402404785,8.229662895202637,10.278857231140137,10.820618629455566,11.387805938720703,8.495499610900879,,,,,,,,,,,10.555779457092285,7.7066521644592285,9.721831321716309,8.918122291564941,9.938787460327148,10.040290832519531,12.665021896362305,11.139500617980957,13.667767524719238,11.204035758972168,,,,,,,,,,,,,,,,,,,,,,,,,,,,,,,,,,,,,,,,
27,5394,,,,,,,,,,,,,,,,,,,,,,,,,,,,,,,,,,,,,,,,,0.38609573245048523,0.3872545659542084,0.32297173142433167,0.37423965334892273,0.1933046132326126,0.27562499046325684,0.33009663224220276,0.8447200655937195,0.4200495779514313,0.326599657535553,6.407226085662842,6.066452980041504,5.625704765319824,6.700668811798096,4.949029445648193,6.934031009674072,7.131040573120117,6.753140926361084,6.111266136169434,7.39370059967041,,,,,,,,,,,8.30749225616455,6.889069557189941,8.18830394744873,8.504127502441406,6.291015625,8.508150100708008,9.401374816894531,10.839646339416504,7.4400105476379395,8.705727577209473,,,,,,,,,,,,,,,,,,,,,,,,,,,,,,,,,,,,,,,,
27,5399,,,,,,,,,,,,,,,,,,,,,,,,,,,,,,,,,,,,,,,,,0.29561179876327515,0.392893522977829,0.3212459981441498,0.21312037110328674,0.36378219723701477,0.3179708421230316,0.14607742428779602,0.18614396452903748,0.483605295419693,0.23566673696041107,5.833460807800293,5.351784706115723,6.883924961090088,4.63284158706665,7.432682514190674,6.751119136810303,4.646056652069092,3.4739811420440674,6.764296531677246,6.564460754394531,,,,,,,,,,,7.334691524505615,6.939045429229736,8.166397094726562,6.4175214767456055,8.6301908493042,9.138386726379395,6.254064559936523,5.088423252105713,7.983049392700195,7.395138740539551,,,,,,,,,,,,,,,,,,,,,,,,,,,,,,,,,,,,,,,,
27,5404,,,,,,,,,,,,,,,,,,,,,,,,,,,,,,,,,,,,,,,,,0.357541024684906,0.39643532037734985,0.1833079308271408,0.5195728540420532,0.17190785706043243,0.3639982342720032,0.4280849099159241,0.33018192648887634,0.2530456781387329,0.571334719657898,6.401693820953369,4.908332347869873,5.521719932556152,7.606413841247559,4.821208477020264,7.688355445861816,8.290814399719238,4.998953819274902,5.039561748504639,8.73988151550293,,,,,,,,,,,8.182401657104492,6.97025203704834,6.168822765350342,10.02023983001709,5.932633876800537,9.777447700500488,10.706209182739258,6.776966571807861,5.774610996246338,11.514431953430176,,,,,,,,,,,,,,,,,,,,,,,,,,,,,,,,,,,,,,,,
27,5409,,,,,,,,,,,,,,,,,,,,,,,,,,,,,,,,,,,,,,,,,0.18833215534687042,0.27028265595436096,0.2243473380804062,0.11045607179403305,0.13065598905086517,0.10683457553386688,0.13781307637691498,0.33494141697883606,0.14575296640396118,0.2339053601026535,4.768904209136963,4.247130393981934,5.584877967834473,3.9473013877868652,4.411590576171875,4.232083797454834,4.851894855499268,5.990045547485352,3.7233667373657227,5.9318413734436035,,,,,,,,,,,5.813255786895752,5.755345344543457,6.824520111083984,4.620081901550293,5.1720685958862305,5.297021865844727,6.074576377868652,6.825636386871338,4.382601737976074,7.367450714111328,,,,,,,,,,,,,,,,,,,,,,,,,,,,,,,,,,,,,,,,
27,5414,,,,,,,,,,,,,,,,,,,,,,,,,,,,,,,,,,,,,,,,,0.3585319519042969,0.5725116729736328,0.38481399416923523,0.5740383863449097,0.26516103744506836,0.37804898619651794,0.3084939420223236,0.27432170510292053,0.22832146286964417,0.24107635021209717,6.438548564910889,6.611501216888428,6.648772239685059,7.8142900466918945,6.081892967224121,7.553855895996094,6.8394927978515625,4.726958274841309,5.169149875640869,6.501023292541504,,,,,,,,,,,8.156620025634766,8.3763427734375,8.937933921813965,10.532352447509766,7.3680830001831055,9.964371681213379,9.088540077209473,6.177158832550049,5.485252857208252,7.479533672332764,,,,,,,,,,,,,,,,,,,,,,,,,,,,,,,,,,,,,,,,
27,5419,,,,,,,,,,,,,,,,,,,,,,,,,,,,,,,,,,,,,,,,,0.21849317848682404,0.48143815994262695,0.2756097912788391,0.1302531510591507,0.12753933668136597,0.1283780038356781,0.18143115937709808,0.19343559443950653,0.2257363498210907,0.2226169854402542,5.270981788635254,5.969388008117676,7.122737884521484,4.587787628173828,4.32794189453125,4.840744495391846,5.767759799957275,4.272380352020264,4.472566604614258,6.077528476715088,,,,,,,,,,,6.219740390777588,7.68126106262207,7.564129829406738,5.017056941986084,5.11000919342041,5.8065900802612305,6.969902038574219,5.187127113342285,5.454111576080322,7.187474727630615,,,,,,,,,,,,,,,,,,,,,,,,,,,,,,,,,,,,,,,,
27,5424,,,,,,,,,,,,,,,,,,,,,,,,,,,,,,,,,,,,,,,,,0.24359549582004547,0.17555351555347443,0.1805829554796219,0.20580388605594635,0.264071524143219,0.21381431818008423,0.25609299540519714,0.3124774396419525,0.44899287819862366,0.13496986031532288,5.495339393615723,4.101822853088379,4.704203128814697,5.564998626708984,6.036940097808838,6.189446449279785,6.440594673156738,5.667065620422363,6.226675987243652,4.526307106018066,,,,,,,,,,,6.675139904022217,4.638387680053711,6.122799396514893,6.306402206420898,7.352929592132568,7.493664264678955,8.280749320983887,6.592772006988525,7.692065715789795,5.596487998962402,,,,,,,,,,,,,,,,,,,,,,,,,,,,,,,,,,,,,,,,
27,5429,,,,,,,,,,,,,,,,,,,,,,,,,,,,,,,,,,,,,,,,,0.44094371795654297,0.23484554886817932,0.6019656658172607,0.7582532167434692,0.248420849442482,0.3602314293384552,0.17823506891727448,0.5917790532112122,0.3615093529224396,0.633253276348114,7.332312107086182,4.570222854614258,8.774141311645508,9.177515983581543,5.992279052734375,8.140183448791504,5.420367240905762,8.363762855529785,6.216630935668945,9.33570384979248,,,,,,,,,,,8.94582748413086,5.3647990226745605,11.17885971069336,12.1049222946167,7.131709575653076,9.726725578308105,6.908239364624023,9.07274055480957,6.90212869644165,12.122323989868164,,,,,,,,,,,,,,,,,,,,,,,,,,,,,,,,,,,,,,,,
27,5431,,,,,,,,,,,,,,,,,,,,,,,,,,,,,,,,,,,,,,,,,,,,,,,,,,,6.332243919372559,5.132263660430908,6.2445597648620605,6.029028415679932,6.578065872192383,7.94666051864624,6.987151622772217,5.432947635650635,5.606420993804932,7.033100605010986,0.6069469451904297,0.6000604629516602,0.6699289083480835,0.6713005304336548,0.6115322709083557,0.5290806293487549,0.5985163450241089,0.6232784986495972,0.5838179588317871,0.5750066637992859,8.355904579162598,6.821120262145996,8.151514053344727,7.938206195831299,8.745256423950195,10.472692489624023,9.343228340148926,7.151574611663818,7.31484842300415,9.264693260192871,0.5908483862876892,0.6425417065620422,0.6308813095092773,0.36422330141067505,0.6311289668083191,0.665423572063446,0.4665137529373169,0.6005814075469971,0.7639710307121277,0.5523701906204224,7.895436763763428,6.3562822341918945,8.354552268981934,5.902534008026123,8.942691802978516,9.781685829162598,8.327102661132812,6.81009578704834,8.166969299316406,8.41701889038086,0.3344973921775818,0.32457268238067627,0.47653496265411377,0.6188739538192749,0.21744656562805176,0.39245736598968506,0.5249952077865601,0.022593796253204346,-0.0338512659072876,0.4668532609939575,10.696115493774414,9.093971252441406,11.09249210357666,9.17144775390625,11.968843460083008,13.401201248168945,11.018025398254395,9.216958999633789,10.339629173278809,10.9624662399292
28,5434,,,,,,,,,,,,,,,,,,,,,,,,,,,,,,,,,,,,,,,,,0.603983461856842,0.2470223307609558,0.4611455798149109,0.2541922330856323,0.4515678882598877,0.3138175904750824,0.08488363772630692,1.436422348022461,1.85406494140625,0.33273443579673767,7.652309894561768,4.506101608276367,7.792096138000488,5.015788555145264,6.67548942565918,7.867249011993408,3.9865050315856934,13.380236625671387,11.79767894744873,7.849642276763916,,,,,,,,,,,9.36772346496582,5.502123832702637,9.784320831298828,7.008676528930664,9.615262985229492,9.078508377075195,4.76741361618042,14.135129928588867,15.630963325500488,8.787109375,,,,,,,,,,,,,,,,,,,,,,,,,,,,,,,,,,,,,,,,
28,5439,,,,,,,,,,,,,,,,,,,,,,,,,,,,,,,,,,,,,,,,,0.27687203884124756,0.1533573418855667,0.3257462680339813,0.2479328066110611,0.35877281427383423,0.12864986062049866,0.22678031027317047,0.23964476585388184,0.5229365229606628,0.2880275249481201,5.452175140380859,3.257279872894287,7.612062454223633,5.27806282043457,6.153510570526123,4.852102756500244,6.066301345825195,4.060925483703613,5.147972106933594,6.641358375549316,,,,,,,,,,,7.100735187530518,4.335254192352295,8.22339916229248,6.921845436096191,8.570564270019531,5.812735080718994,7.792439937591553,5.773547172546387,8.301331520080566,8.175498008728027,,,,,,,,,,,,,,,,,,,,,,,,,,,,,,,,,,,,,,,,
28,5444,,,,,,,,,,,,,,,,,,,,,,,,,,,,,,,,,,,,,,,,,0.28106966614723206,0.2616426348686218,0.3092622458934784,0.1483902931213379,0.2929874360561371,0.3074728846549988,0.41119927167892456,0.3757520616054535,0.15438927710056305,0.26853108406066895,5.82176399230957,4.681037425994873,5.965639591217041,4.561161518096924,6.196055889129639,7.262140274047852,7.888152599334717,5.884418487548828,3.6114933490753174,6.345772743225098,,,,,,,,,,,7.32094669342041,5.6626081466674805,8.0126314163208,5.354977130889893,7.745048999786377,8.986266136169434,10.492935180664062,7.229519367218018,4.5105743408203125,7.893952369689941,,,,,,,,,,,,,,,,,,,,,,,,,,,,,,,,,,,,,,,,
28,5449,,,,,,,,,,,,,,,,,,,,,,,,,,,,,,,,,,,,,,,,,0.4254967272281647,0.2093178778886795,0.3239753842353821,0.2263811230659485,0.29725730419158936,0.7145363688468933,0.840629518032074,0.5496589541435242,0.29433348774909973,0.37338075041770935,7.560749530792236,3.931872844696045,6.711207866668701,5.714611053466797,7.197598457336426,11.338943481445312,12.049798965454102,8.245040893554688,5.1893439292907715,7.668327808380127,,,,,,,,,,,8.962587356567383,5.064836502075195,8.20101547241211,6.61416482925415,7.801280975341797,13.698972702026367,15.002825736999512,8.743904113769531,6.227921485900879,9.308359146118164,,,,,,,,,,,,,,,,,,,,,,,,,,,,,,,,,,,,,,,,
28,5454,,,,,,,,,,,,,,,,,,,,,,,,,,,,,,,,,,,,,,,,,0.3106478154659271,0.13781395554542542,0.15628400444984436,0.17876498401165009,0.43948593735694885,0.441231369972229,0.35895782709121704,0.19853933155536652,0.28963804244995117,0.5951149463653564,5.965537071228027,3.0012755393981934,4.963210582733154,4.931663513183594,7.430285930633545,7.188366413116455,7.557001113891602,4.545707702636719,5.1572394371032715,8.915084838867188,,,,,,,,,,,7.65804386138916,4.1096882820129395,5.695985794067383,5.877546787261963,9.485759735107422,10.764877319335938,9.803756713867188,5.255112171173096,6.178045749664307,11.751617431640625,,,,,,,,,,,,,,,,,,,,,,,,,,,,,,,,,,,,,,,,
28,5459,,,,,,,,,,,,,,,,,,,,,,,,,,,,,,,,,,,,,,,,,0.4955744743347168,0.9033907651901245,0.1827886998653412,0.0915868878364563,0.8603420257568359,0.598503828048706,0.40604346990585327,0.3201758861541748,0.8182458281517029,0.27909284830093384,7.091129302978516,8.34577751159668,5.53001594543457,3.4273195266723633,8.957734107971191,8.82696533203125,9.167068481445312,5.682290077209473,7.720333099365234,6.162656784057617,,,,,,,,,,,9.136740684509277,10.52204418182373,6.1600799560546875,4.206990718841553,13.271964073181152,12.537452697753906,10.426944732666016,6.673490047454834,10.384011268615723,8.047696113586426,,,,,,,,,,,,,,,,,,,,,,,,,,,,,,,,,,,,,,,,
28,5464,,,,,,,,,,,,,,,,,,,,,,,,,,,,,,,,,,,,,,,,,0.37753745913505554,0.3655199706554413,0.22132450342178345,0.1855902373790741,0.48631900548934937,0.6314396858215332,0.21031755208969116,0.5228598117828369,0.3201718330383301,0.4542943835258484,6.475260257720947,4.6454572677612305,5.757334232330322,5.015087604522705,6.594346046447754,10.104036331176758,4.608710289001465,7.360592842102051,5.45020055770874,8.741579055786133,,,,,,,,,,,8.345738410949707,6.692953586578369,6.778387546539307,5.9886980056762695,9.978385925292969,12.877803802490234,7.504271507263184,8.528080940246582,6.4955339431762695,10.267528533935547,,,,,,,,,,,,,,,,,,,,,,,,,,,,,,,,,,,,,,,,
28,5469,,,,,,,,,,,,,,,,,,,,,,,,,,,,,,,,,,,,,,,,,0.36093392968177795,0.18718166649341583,0.40157291293144226,0.6267073154449463,0.34987500309944153,0.404318630695343,0.23465827107429504,0.363994300365448,0.4986037611961365,0.1814933866262436,6.449738502502441,3.7331929206848145,6.865777015686035,9.210739135742188,6.417263031005859,8.407806396484375,6.520190238952637,6.145291805267334,5.389011383056641,5.358372688293457,,,,,,,,,,,8.14790153503418,4.789541244506836,9.130486488342285,11.004929542541504,8.463618278503418,10.304757118225098,7.926632881164551,7.115509033203125,8.10589599609375,6.489744186401367,,,,,,,,,,,,,,,,,,,,,,,,,,,,,,,,,,,,,,,,
28,5474,,,,,,,,,,,,,,,,,,,,,,,,,,,,,,,,,,,,,,,,,0.39549821615219116,0.23707883059978485,0.3431733548641205,0.11072736233472824,0.33412274718284607,0.5158926248550415,0.5481411218643188,0.2963545024394989,0.28068041801452637,0.8933129906654358,6.247515678405762,3.871163845062256,6.015144348144531,3.838486671447754,5.5498127937316895,7.538293361663818,9.753246307373047,4.699109077453613,5.082139492034912,9.880247116088867,,,,,,,,,,,8.598042488098145,5.390246868133545,8.440505027770996,4.625751972198486,8.27089786529541,11.640069007873535,12.11482048034668,6.420434951782227,6.081760883331299,14.397895812988281,,,,,,,,,,,,,,,,,,,,,,,,,,,,,,,,,,,,,,,,
28,5479,,,,,,,,,,,,,,,,,,,,,,,,,,,,,,,,,,,,,,,,,0.3448196053504944,0.4325966238975525,0.6136628985404968,0.3203088939189911,0.23308727145195007,0.2174697071313858,0.2326335906982422,0.21164019405841827,0.15180489420890808,0.6901724934577942,6.19921875,5.6420464515686035,8.081794738769531,7.048872947692871,5.451685428619385,5.924097537994385,5.247570037841797,4.564742088317871,4.067572593688965,9.764588356018066,,,,,,,,,,,7.927491188049316,7.281214714050293,11.286949157714844,7.867547988891602,6.90810489654541,7.5574493408203125,7.892362594604492,5.425724983215332,4.472662925720215,12.655404090881348,,,,,,,,,,,,,,,,,,,,,,,,,,,,,,,,,,,,,,,,
28,5484,,,,,,,,,,,,,,,,,,,,,,,,,,,,,,,,,,,,,,,,,0.3361847698688507,0.3233602046966553,0.05428733304142952,0.3759106993675232,0.31971555948257446,0.33380863070487976,0.2982372045516968,0.7615344524383545,0.3565939962863922,0.20221485197544098,5.774118423461914,4.877652168273926,2.600590229034424,4.527711391448975,7.002590179443359,7.583967208862305,6.602397918701172,7.747959136962891,5.653946876525879,5.370251655578613,,,,,,,,,,,7.618072509765625,6.295142650604248,3.3570737838745117,8.523092269897461,8.090614318847656,9.363207817077637,8.936176300048828,10.292088508605957,6.855044841766357,6.850207805633545,,,,,,,,,,,,,,,,,,,,,,,,,,,,,,,,,,,,,,,,
28,5489,,,,,,,,,,,,,,,,,,,,,,,,,,,,,,,,,,,,,,,,,0.34644949436187744,0.5073529481887817,0.6168452501296997,0.2925756573677063,0.10403698682785034,0.6339821815490723,0.17773546278476715,0.17775151133537292,0.17914685606956482,0.4286186397075653,5.8270392417907715,6.299943923950195,7.540650844573975,6.43698263168335,3.942646026611328,8.649157524108887,6.181124687194824,3.3042030334472656,4.152703762054443,5.935939788818359,,,,,,,,,,,7.882503032684326,7.885284900665283,11.316177368164062,7.519240379333496,4.615231513977051,12.903703689575195,6.898550510406494,4.972392559051514,4.858787536621094,9.973158836364746,,,,,,,,,,,,,,,,,,,,,,,,,,,,,,,,,,,,,,,,
28,5494,,,,,,,,,,,,,,,,,,,,,,,,,,,,,,,,,,,,,,,,,0.3090570867061615,0.3286466598510742,0.10941588878631592,0.13814708590507507,0.29577142000198364,0.10063174366950989,0.10625359416007996,0.3380332589149475,1.0598119497299194,0.30480191111564636,5.443728923797607,5.07651948928833,4.186643123626709,4.577049255371094,5.863803386688232,3.7808678150177,4.077569484710693,5.4367547035217285,9.155932426452637,6.838423728942871,,,,,,,,,,,6.846765995025635,6.3463921546936035,4.765976428985596,5.166849136352539,7.781758785247803,5.1409502029418945,5.333872318267822,6.857067584991455,11.817829132080078,8.410194396972656,,,,,,,,,,,,,,,,,,,,,,,,,,,,,,,,,,,,,,,,
28,5499,,,,,,,,,,,,,,,,,,,,,,,,,,,,,,,,,,,,,,,,,0.31326237320899963,0.6134531497955322,0.3461940884590149,0.17630496621131897,0.22398319840431213,0.36152541637420654,0.3310545086860657,0.17211686074733734,0.23788850009441376,0.3568405210971832,5.913093566894531,6.65804386138916,6.671136379241943,5.360326290130615,4.873074531555176,7.955272197723389,6.640666484832764,3.8779072761535645,4.209420204162598,6.971993923187256,,,,,,,,,,,7.61200475692749,8.670676231384277,8.477571487426758,5.836966037750244,6.771850109100342,9.744178771972656,9.41500473022461,4.892946243286133,5.59899377822876,9.09985065460205,,,,,,,,,,,,,,,,,,,,,,,,,,,,,,,,,,,,,,,,
28,5504,,,,,,,,,,,,,,,,,,,,,,,,,,,,,,,,,,,,,,,,,0.5417080521583557,0.5364716053009033,0.2763030230998993,0.41640862822532654,0.5830739140510559,0.7809027433395386,0.5754163265228271,0.41214901208877563,0.9736560583114624,0.320991188287735,7.782570838928223,5.970046520233154,6.6890869140625,5.57505464553833,8.550104141235352,11.096542358398438,10.429849624633789,5.698700428009033,9.02722454071045,7.00652551651001,,,,,,,,,,,9.982403755187988,8.10840892791748,7.573636531829834,8.970460891723633,10.926006317138672,14.321032524108887,12.412575721740723,7.571568012237549,11.327291488647461,8.630655288696289,,,,,,,,,,,,,,,,,,,,,,,,,,,,,,,,,,,,,,,,
28,5509,,,,,,,,,,,,,,,,,,,,,,,,,,,,,,,,,,,,,,,,,0.3026686906814575,0.6691859364509583,0.22444503009319305,0.08608435094356537,0.2884875237941742,0.306880921125412,0.2780850827693939,0.16252709925174713,0.19265538454055786,0.5156667828559875,6.084270477294922,7.2436299324035645,5.5134735107421875,3.704380750656128,6.241897106170654,6.930312156677246,6.914823055267334,4.057019233703613,4.961228370666504,9.191670417785645,,,,,,,,,,,7.331668376922607,9.055985450744629,6.826005458831787,4.078655242919922,7.6853413581848145,8.977611541748047,8.628983497619629,4.754683494567871,5.0386457443237305,10.939105033874512,,,,,,,,,,,,,,,,,,,,,,,,,,,,,,,,,,,,,,,,
28,5514,,,,,,,,,,,,,,,,,,,,,,,,,,,,,,,,,,,,,,,,,0.28440019488334656,0.3699125349521637,0.12082024663686752,0.15674813091754913,0.2267787903547287,0.46570074558258057,0.24409793317317963,0.10984136164188385,0.31856846809387207,0.5471335649490356,6.195245742797852,6.0340118408203125,4.39056921005249,5.14805793762207,5.148514747619629,9.3031005859375,7.089123725891113,3.584901809692383,6.20378303527832,8.855149269104004,,,,,,,,,,,7.206526279449463,6.7330498695373535,5.008198261260986,5.503716945648193,6.8139801025390625,11.059343338012695,8.084494590759277,3.9087836742401123,6.479249000549316,11.267923355102539,,,,,,,,,,,,,,,,,,,,,,,,,,,,,,,,,,,,,,,,
28,5519,,,,,,,,,,,,,,,,,,,,,,,,,,,,,,,,,,,,,,,,,0.3460158407688141,0.4124627113342285,0.46142083406448364,0.29565054178237915,0.4623256027698517,0.3561742901802063,0.358376681804657,0.27230942249298096,0.23916685581207275,0.2562558650970459,6.179293155670166,6.072237014770508,7.738829612731934,5.273079872131348,7.286780834197998,7.20493745803833,7.008170127868652,4.812915802001953,3.7982609272003174,6.418425559997559,,,,,,,,,,,8.125807762145996,7.10975456237793,9.787240982055664,7.558650016784668,9.729121208190918,9.671796798706055,9.795816421508789,6.154460906982422,5.614017486572266,7.7114152908325195,,,,,,,,,,,,,,,,,,,,,,,,,,,,,,,,,,,,,,,,
28,5524,,,,,,,,,,,,,,,,,,,,,,,,,,,,,,,,,,,,,,,,,0.24433991312980652,0.10756491869688034,0.34492477774620056,0.3795715868473053,0.12251704931259155,0.48772531747817993,0.40041643381118774,0.06559975445270538,0.03393196314573288,0.2568073868751526,5.600564002990723,3.1268770694732666,7.561387538909912,7.652344703674316,4.18889856338501,9.584181785583496,7.594588279724121,2.638427972793579,1.6455409526824951,6.412824630737305,,,,,,,,,,,6.688107013702393,3.630760431289673,8.462017059326172,8.564495086669922,5.008387088775635,11.317838668823242,10.354443550109863,3.0207154750823975,2.114597797393799,7.719709396362305,,,,,,,,,,,,,,,,,,,,,,,,,,,,,,,,,,,,,,,,
28,5529,,,,,,,,,,,,,,,,,,,,,,,,,,,,,,,,,,,,,,,,,0.3678559362888336,0.1937803328037262,0.16944736242294312,0.18220025300979614,0.12426269799470901,0.22976411879062653,0.22266541421413422,1.1629806756973267,0.9155611395835876,0.11004146188497543,5.4526824951171875,4.147655963897705,5.567844867706299,4.834441661834717,4.10756778717041,6.242854118347168,6.054841041564941,7.254157066345215,6.951387405395508,3.91339111328125,,,,,,,,,,,7.336413860321045,4.873232364654541,5.9310150146484375,5.933751583099365,5.043941497802734,7.768138885498047,7.721419811248779,12.718764305114746,10.984162330627441,5.0533037185668945,,,,,,,,,,,,,,,,,,,,,,,,,,,,,,,,,,,,,,,,
28,5534,,,,,,,,,,,,,,,,,,,,,,,,,,,,,,,,,,,,,,,,,0.18030059337615967,0.26586997509002686,0.0877380520105362,0.10086923092603683,0.12446596473455429,0.1274375021457672,0.25942522287368774,0.1489434540271759,0.2043589949607849,0.30359697341918945,4.6066670417785645,4.667208194732666,3.3391876220703125,3.828490734100342,4.170837879180908,5.059329509735107,6.48375129699707,3.7372586727142334,3.8892102241516113,6.28472900390625,,,,,,,,,,,5.743718147277832,5.708169937133789,4.267815589904785,4.415035724639893,5.048065185546875,5.785281181335449,8.33444881439209,4.5516557693481445,5.1894354820251465,8.393555641174316,,,,,,,,,,,,,,,,,,,,,,,,,,,,,,,,,,,,,,,,
28,5539,,,,,,,,,,,,,,,,,,,,,,,,,,,,,,,,,,,,,,,,,0.42685404419898987,0.34620770812034607,0.06388899683952332,0.11864675581455231,0.7629143595695496,0.6904476881027222,0.391838014125824,0.3186423182487488,0.15614913403987885,0.9929512143135071,6.215085506439209,5.220261573791504,3.334214448928833,3.6148805618286133,8.58337688446045,9.9591646194458,6.733912944793701,4.173512935638428,4.0654425621032715,10.25100040435791,,,,,,,,,,,8.613798141479492,6.5137434005737305,3.641871929168701,4.788316249847412,12.49791431427002,13.466080665588379,10.242927551269531,6.65748929977417,4.536209583282471,15.1796293258667,,,,,,,,,,,,,,,,,,,,,,,,,,,,,,,,,,,,,,,,
28,5544,,,,,,,,,,,,,,,,,,,,,,,,,,,,,,,,,,,,,,,,,0.31672292947769165,0.24700360000133514,0.08567594736814499,0.5482950210571289,0.37246429920196533,0.2045341283082962,0.21002939343452454,0.14842945337295532,0.71068274974823,0.3233916759490967,6.243560791015625,4.6986918449401855,3.3094546794891357,8.149274826049805,8.031938552856445,6.126488208770752,5.931497573852539,3.449613094329834,8.529394149780273,7.965693950653076,,,,,,,,,,,7.384200096130371,5.501915454864502,4.2173638343811035,10.293476104736328,8.73256778717041,7.3292365074157715,7.499128818511963,4.543795108795166,9.677454948425293,8.662866592407227,,,,,,,,,,,,,,,,,,,,,,,,,,,,,,,,,,,,,,,,
28,5549,,,,,,,,,,,,,,,,,,,,,,,,,,,,,,,,,,,,,,,,,0.3184341788291931,0.6245997548103333,0.2912963032722473,0.625109851360321,0.19583825767040253,0.3213023543357849,0.21194608509540558,0.24522347748279572,0.15319852530956268,0.19739311933517456,6.238241672515869,6.290516376495361,6.219274044036865,10.036128044128418,5.484591960906982,7.9961161613464355,6.16434907913208,5.319191932678223,2.9628891944885254,5.671119213104248,,,,,,,,,,,7.518830299377441,8.74909496307373,7.776409149169922,10.99089527130127,6.3321099281311035,9.186134338378906,7.533269882202148,5.840362071990967,4.493146896362305,6.768044471740723,,,,,,,,,,,,,,,,,,,,,,,,,,,,,,,,,,,,,,,,
28,5554,,,,,,,,,,,,,,,,,,,,,,,,,,,,,,,,,,,,,,,,,0.2812481224536896,0.22700519859790802,0.28483352065086365,0.24444259703159332,0.2191263735294342,0.14263038337230682,0.19115391373634338,0.49361348152160645,0.4343048334121704,0.2941228449344635,5.7983832359313965,4.308426380157471,6.130061149597168,6.327370643615723,5.348844051361084,4.958192825317383,6.060547828674316,6.339849948883057,6.482573986053467,6.229580879211426,,,,,,,,,,,7.1025190353393555,5.274486064910889,7.689660549163818,6.872952461242676,6.698028564453125,6.120429515838623,7.154221534729004,8.286139488220215,7.56520414352417,8.261550903320312,,,,,,,,,,,,,,,,,,,,,,,,,,,,,,,,,,,,,,,,
28,5559,,,,,,,,,,,,,,,,,,,,,,,,,,,,,,,,,,,,,,,,,0.3022436201572418,0.28081998229026794,0.21007579565048218,0.32225531339645386,0.45244520902633667,0.369284451007843,0.4423150420188904,0.09621165692806244,0.3356724977493286,0.21111243963241577,5.463791847229004,4.114129066467285,4.7612714767456055,4.874721527099609,6.752391815185547,7.110118389129639,8.428099632263184,2.5378077030181885,5.111187934875488,5.484395980834961,,,,,,,,,,,7.558411598205566,5.866462707519531,6.603888034820557,7.891416549682617,9.624598503112793,9.848188400268555,10.882699012756348,3.65824294090271,6.650911808013916,6.999292373657227,,,,,,,,,,,,,,,,,,,,,,,,,,,,,,,,,,,,,,,,
28,5564,,,,,,,,,,,,,,,,,,,,,,,,,,,,,,,,,,,,,,,,,0.4997711777687073,0.554833173751831,0.701641857624054,0.29535406827926636,0.3195229470729828,0.4569205641746521,0.49990522861480713,0.8652374148368835,0.26964476704597473,0.5348803400993347,8.143259048461914,6.110257625579834,11.638525009155273,6.5996012687683105,6.645598888397217,8.756847381591797,8.76423454284668,10.245463371276855,5.738587379455566,8.79021167755127,,,,,,,,,,,9.617178916931152,8.246003150939941,12.068946838378906,7.554859161376953,8.088177680969238,10.954591751098633,11.569500923156738,10.970498085021973,5.961002349853516,11.141034126281738,,,,,,,,,,,,,,,,,,,,,,,,,,,,,,,,,,,,,,,,
28,5569,,,,,,,,,,,,,,,,,,,,,,,,,,,,,,,,,,,,,,,,,0.5113388895988464,0.3350021541118622,0.9903748035430908,0.6558833718299866,0.3297969698905945,0.7448365688323975,0.19974945485591888,0.1653214693069458,0.9007144570350647,0.2803705036640167,7.91795539855957,5.145417213439941,13.158852577209473,9.834290504455566,6.564024448394775,10.615767478942871,5.331560134887695,4.759690761566162,10.287899017333984,5.564091682434082,,,,,,,,,,,9.475278854370117,6.407462120056152,14.338754653930664,11.258180618286133,8.217183113098145,13.986413955688477,7.313303470611572,4.795383453369141,10.894739151000977,8.066095352172852,,,,,,,,,,,,,,,,,,,,,,,,,,,,,,,,,,,,,,,,
28,5574,,,,,,,,,,,,,,,,,,,,,,,,,,,,,,,,,,,,,,,,,0.28431084752082825,0.6737403273582458,0.3372984230518341,0.26533830165863037,0.14096204936504364,0.23636499047279358,0.2327093482017517,0.23732328414916992,0.23414306342601776,0.20091785490512848,5.787974834442139,6.839879989624023,6.957490921020508,6.100640296936035,4.335471153259277,6.183706760406494,6.323044776916504,5.008911609649658,4.748453140258789,5.594173908233643,,,,,,,,,,,7.098734378814697,9.086749076843262,8.367944717407227,7.160689830780029,5.372182846069336,7.878933906555176,7.893646717071533,5.745513916015625,5.55474328994751,6.8282036781311035,,,,,,,,,,,,,,,,,,,,,,,,,,,,,,,,,,,,,,,,
28,5579,,,,,,,,,,,,,,,,,,,,,,,,,,,,,,,,,,,,,,,,,0.3127874433994293,0.11313425004482269,0.4251185953617096,0.21305541694164276,0.47409680485725403,0.6161516308784485,0.4554998576641083,0.09979167580604553,0.17154806852340698,0.24669072031974792,6.144598007202148,3.3643224239349365,7.141201972961426,5.737640857696533,7.527977466583252,9.497533798217773,8.286065101623535,3.1250288486480713,4.159681797027588,6.461926460266113,,,,,,,,,,,7.688639163970947,3.7235682010650635,9.394349098205566,6.416543960571289,9.852198600769043,12.720952987670898,11.043707847595215,3.7256827354431152,4.754624366760254,7.566127300262451,,,,,,,,,,,,,,,,,,,,,,,,,,,,,,,,,,,,,,,,
28,5584,,,,,,,,,,,,,,,,,,,,,,,,,,,,,,,,,,,,,,,,,0.40059271454811096,0.34666576981544495,0.11019952595233917,0.2782134413719177,0.21641843020915985,0.8227474093437195,0.07919636368751526,0.1390935778617859,1.3057868480682373,0.3070129156112671,6.547214031219482,5.459664821624756,4.112942218780518,6.465380668640137,6.105186462402344,10.929545402526855,3.9720606803894043,3.7138071060180664,10.971797943115234,7.194541931152344,,,,,,,,,,,7.839064121246338,6.518050670623779,4.7830119132995605,7.332363128662109,6.656512260437012,14.699722290039062,4.604933738708496,4.398577690124512,13.117752075195312,8.440643310546875,,,,,,,,,,,,,,,,,,,,,,,,,,,,,,,,,,,,,,,,
28,5589,,,,,,,,,,,,,,,,,,,,,,,,,,,,,,,,,,,,,,,,,0.35954636335372925,0.3875972628593445,0.5300793051719666,0.4267736077308655,0.34273386001586914,0.518287181854248,0.4345164895057678,0.18811623752117157,0.23140102624893188,0.17641238868236542,5.95212984085083,4.69085168838501,7.494179725646973,6.037917137145996,6.08534574508667,8.207562446594238,7.504942417144775,4.384831428527832,3.9898321628570557,5.1737060546875,,,,,,,,,,,8.258841514587402,6.892117023468018,10.490158081054688,9.08141803741455,8.376799583435059,11.667051315307617,10.786334991455078,5.11530876159668,5.522121906280518,6.398257732391357,,,,,,,,,,,,,,,,,,,,,,,,,,,,,,,,,,,,,,,,
28,5594,,,,,,,,,,,,,,,,,,,,,,,,,,,,,,,,,,,,,,,,,0.34062620997428894,0.33681124448776245,0.1739235669374466,0.22569192945957184,0.1789410263299942,1.1518000364303589,0.22475796937942505,0.21900317072868347,0.3665889501571655,0.18811805546283722,5.987921237945557,4.645956516265869,5.508273601531982,5.556124210357666,4.967118740081787,12.332460403442383,6.184103965759277,4.536036014556885,5.180403709411621,4.980813503265381,,,,,,,,,,,7.701948642730713,6.424740314483643,6.008843421936035,6.60408878326416,6.0527753829956055,17.392597198486328,7.757616996765137,5.519299030303955,6.950451374053955,6.607122898101807,,,,,,,,,,,,,,,,,,,,,,,,,,,,,,,,,,,,,,,,
28,5599,,,,,,,,,,,,,,,,,,,,,,,,,,,,,,,,,,,,,,,,,0.5815475583076477,0.698930025100708,0.43484431505203247,0.8360123038291931,0.8635028004646301,0.6769594550132751,0.5085635781288147,0.3509442210197449,0.606753945350647,0.25741755962371826,8.820600509643555,6.7014336585998535,8.816529273986816,11.353476524353027,9.765640258789062,11.75820255279541,10.088929176330566,6.807981014251709,8.33291244506836,5.7603068351745605,,,,,,,,,,,10.38041877746582,9.255058288574219,9.501202583312988,12.71045970916748,13.296321868896484,13.33389949798584,11.669261932373047,6.986791610717773,8.941895484924316,7.728875160217285,,,,,,,,,,,,,,,,,,,,,,,,,,,,,,,,,,,,,,,,
28,5604,,,,,,,,,,,,,,,,,,,,,,,,,,,,,,,,,,,,,,,,,0.3006654977798462,0.19083566963672638,0.12581767141819,0.21956348419189453,0.2999405860900879,0.3174700438976288,0.5471473336219788,0.3258088231086731,0.2554621398448944,0.4239436388015747,6.066173553466797,3.784344434738159,4.020655155181885,6.029695510864258,6.976404190063477,7.021485328674316,7.485998153686523,6.3104567527771,4.87717342376709,8.089348793029785,,,,,,,,,,,7.553855895996094,4.836064338684082,5.110724925994873,6.513808250427246,7.83641242980957,9.131187438964844,12.10383415222168,6.731938362121582,5.802117347717285,9.918620109558105,,,,,,,,,,,,,,,,,,,,,,,,,,,,,,,,,,,,,,,,
28,5609,,,,,,,,,,,,,,,,,,,,,,,,,,,,,,,,,,,,,,,,,0.463592529296875,0.4301021695137024,0.34573766589164734,0.25030452013015747,0.34094277024269104,0.23891396820545197,0.42578601837158203,0.8802334666252136,0.9939715266227722,0.266340970993042,7.069519519805908,5.5496296882629395,7.03707218170166,6.046102046966553,6.637109279632568,5.764685153961182,9.418220520019531,8.816408157348633,8.024225234985352,6.332222938537598,,,,,,,,,,,8.890262603759766,7.260191917419434,8.4719820022583,6.954873561859131,8.354883193969727,7.9213032722473145,10.677424430847168,11.06515884399414,11.444852828979492,7.861695289611816,,,,,,,,,,,,,,,,,,,,,,,,,,,,,,,,,,,,,,,,
28,5614,,,,,,,,,,,,,,,,,,,,,,,,,,,,,,,,,,,,,,,,,0.181806281208992,0.23715484142303467,0.09629447758197784,0.07863138616085052,0.23115941882133484,0.17318828403949738,0.18582573533058167,0.2052365243434906,0.1909315437078476,0.23783428966999054,4.760329246520996,3.953270673751831,4.153878211975098,3.1172070503234863,5.8428521156311035,5.079035758972168,5.577340126037598,3.9494550228118896,4.679409503936768,6.490515232086182,,,,,,,,,,,5.802886962890625,5.391110897064209,4.471079349517822,3.8980987071990967,6.879477500915527,6.744272232055664,7.05380916595459,5.343010902404785,5.016053199768066,7.429069995880127,,,,,,,,,,,,,,,,,,,,,,,,,,,,,,,,,,,,,,,,
28,5619,,,,,,,,,,,,,,,,,,,,,,,,,,,,,,,,,,,,,,,,,0.30331432819366455,0.5140036344528198,0.1435127705335617,0.4662104845046997,0.14537112414836884,0.25006794929504395,0.13167312741279602,0.19247516989707947,0.3105964660644531,0.5759181976318359,5.732293605804443,5.854069232940674,4.593454837799072,7.1713409423828125,4.7405924797058105,6.6247406005859375,4.6677656173706055,3.9307754039764404,5.345675468444824,8.662227630615234,,,,,,,,,,,7.27962589263916,7.936798572540283,5.458293914794922,9.491741180419922,5.455552101135254,8.104101181030273,5.93771505355835,5.174234390258789,6.397665500640869,11.560525894165039,,,,,,,,,,,,,,,,,,,,,,,,,,,,,,,,,,,,,,,,
28,5624,,,,,,,,,,,,,,,,,,,,,,,,,,,,,,,,,,,,,,,,,0.4417055547237396,0.7904565930366516,0.32052597403526306,0.09188708662986755,0.8068096041679382,0.6330040097236633,0.35643890500068665,0.4805234372615814,0.17889653146266937,0.31680765748023987,7.300173282623291,7.406611442565918,6.035743236541748,3.9209892749786377,10.660117149353027,11.747559547424316,8.400213241577148,6.474569797515869,3.6774795055389404,7.37827730178833,,,,,,,,,,,8.814906120300293,9.842406272888184,8.15723991394043,4.213879585266113,12.852428436279297,12.893744468688965,9.76929759979248,8.175531387329102,4.855391025543213,8.574228286743164,,,,,,,,,,,,,,,,,,,,,,,,,,,,,,,,,,,,,,,,
28,5625,,,,,,,,,,,,,,,,,,,,,,,,,,,,,,,,,,,,,,,,,,,,,,,,,,,6.289299011230469,5.088500022888184,6.150921821594238,6.049059867858887,6.500953674316406,7.929135322570801,7.029002666473389,5.341201305389404,5.471601963043213,7.0433173179626465,0.6125365495681763,0.6056044101715088,0.680012047290802,0.6735072135925293,0.6117052435874939,0.5222020149230957,0.5972719192504883,0.6382129192352295,0.603879988193512,0.5804327726364136,8.301250457763672,6.77367639541626,8.026041030883789,7.911515235900879,8.74330997467041,10.548901557922363,9.357697486877441,7.008386611938477,7.136364459991455,9.205358505249023,0.5556331872940063,0.6119334697723389,0.6420802474021912,0.3627089560031891,0.577605128288269,0.6532163619995117,0.5234805345535278,0.494899719953537,0.5577442049980164,0.5770297050476074,7.641839981079102,5.9547600746154785,8.432242393493652,6.067848205566406,8.453532218933105,9.635541915893555,8.69588565826416,6.006372451782227,6.981269359588623,8.54910945892334,0.39040428400039673,0.3728276491165161,0.4635847806930542,0.597989559173584,0.3011934757232666,0.4039027690887451,0.47023332118988037,0.24131858348846436,0.2206827998161316,0.44190555810928345,10.438369750976562,8.763099670410156,11.228863716125488,9.419379234313965,11.310287475585938,13.274369239807129,11.635822296142578,8.120445251464844,8.97703742980957,11.216019630432129
29,5629,,,,,,,,,,,,,,,,,,,,,,,,,,,,,,,,,,,,,,,,,0.3717587888240814,0.7747741937637329,0.1170467883348465,0.5980493426322937,0.08731934428215027,0.2267577350139618,0.16649799048900604,0.23848187923431396,0.40328288078308105,0.7336188554763794,5.922342777252197,6.924604415893555,3.609647035598755,6.708788871765137,3.370880126953125,6.0851240158081055,5.60245943069458,4.865653991699219,6.122645854949951,10.011281967163086,,,,,,,,,,,7.793718338012695,9.744282722473145,4.929369926452637,10.750370025634766,4.228194236755371,7.71714973449707,6.676906585693359,5.759521007537842,7.290010929107666,13.047654151916504,,,,,,,,,,,,,,,,,,,,,,,,,,,,,,,,,,,,,,,,
29,5634,,,,,,,,,,,,,,,,,,,,,,,,,,,,,,,,,,,,,,,,,0.7521981000900269,0.47638827562332153,0.12084152549505234,0.43719756603240967,0.4778191149234772,0.7110723853111267,0.38963305950164795,1.2543563842773438,2.4792513847351074,0.4232233464717865,8.389275550842285,5.81553316116333,4.4049530029296875,7.03703498840332,6.7669878005981445,11.48454761505127,6.7623724937438965,10.601279258728027,14.385626792907715,8.245148658752441,,,,,,,,,,,10.75623893737793,7.640870094299316,5.008639335632324,9.191656112670898,9.890799522399902,13.665727615356445,10.214067459106445,13.208977699279785,18.075220108032227,9.91019058227539,,,,,,,,,,,,,,,,,,,,,,,,,,,,,,,,,,,,,,,,
29,5639,,,,,,,,,,,,,,,,,,,,,,,,,,,,,,,,,,,,,,,,,0.3808819055557251,0.3099833130836487,0.18827228248119354,0.3689012825489044,0.2722684144973755,0.7638946771621704,0.1801043599843979,0.2394072711467743,0.6823422908782959,0.42276304960250854,6.479888916015625,4.860743999481201,5.2519426345825195,7.089653968811035,5.6884050369262695,8.92635726928711,5.778975009918213,5.601843357086182,7.140855312347412,7.980224132537842,,,,,,,,,,,8.287932395935059,6.163557052612305,6.251796245574951,8.443256378173828,7.466176986694336,14.16421890258789,6.944371223449707,5.770685195922852,9.482534408569336,9.904800415039062,,,,,,,,,,,,,,,,,,,,,,,,,,,,,,,,,,,,,,,,
29,5644,,,,,,,,,,,,,,,,,,,,,,,,,,,,,,,,,,,,,,,,,0.32177165150642395,0.28066766262054443,0.299346387386322,0.20458631217479706,0.4384274184703827,0.3641386330127716,0.25998687744140625,0.233713760972023,0.5325709581375122,0.28250688314437866,6.0373992919921875,3.966334104537964,5.1778435707092285,4.796870708465576,7.832520961761475,7.345374584197998,6.2598724365234375,5.0311150550842285,7.228346824645996,6.698315620422363,,,,,,,,,,,7.756525039672852,5.864871025085449,7.883129596710205,6.287720203399658,9.474329948425293,9.779333114624023,8.343465805053711,5.701654434204102,8.377453804016113,8.096768379211426,,,,,,,,,,,,,,,,,,,,,,,,,,,,,,,,,,,,,,,,
29,5649,,,,,,,,,,,,,,,,,,,,,,,,,,,,,,,,,,,,,,,,,0.38925376534461975,0.2158975601196289,0.33066660165786743,0.4159697890281677,0.23727573454380035,0.45437389612197876,0.10537801682949066,0.5936262607574463,0.9748532176017761,0.1752430647611618,6.297548294067383,4.498144626617432,6.987486839294434,7.281594753265381,5.3679890632629395,8.575644493103027,4.016189098358154,7.019108295440674,8.267040252685547,4.664734840393066,,,,,,,,,,,8.044306755065918,5.143824577331543,8.285272598266602,8.965731620788574,6.969895839691162,10.92402172088623,5.311850070953369,9.08689022064209,11.334253311157227,6.377017974853516,,,,,,,,,,,,,,,,,,,,,,,,,,,,,,,,,,,,,,,,
29,5654,,,,,,,,,,,,,,,,,,,,,,,,,,,,,,,,,,,,,,,,,0.4059518575668335,0.39819425344467163,0.3850363790988922,0.3542633056640625,0.22162947058677673,0.34810537099838257,0.29307448863983154,0.7847992777824402,0.6487324237823486,0.21973159909248352,6.635016441345215,5.264418601989746,6.443287372589111,6.604434013366699,5.408212184906006,7.414414405822754,6.8916192054748535,8.632054328918457,6.903574466705322,6.153132915496826,,,,,,,,,,,8.465717315673828,6.985696792602539,8.94051456451416,8.274046897888184,6.736175537109375,9.561614990234375,8.858491897583008,10.44811725616455,9.246047019958496,7.140744209289551,,,,,,,,,,,,,,,,,,,,,,,,,,,,,,,,,,,,,,,,
29,5659,,,,,,,,,,,,,,,,,,,,,,,,,,,,,,,,,,,,,,,,,0.3318009078502655,0.34538304805755615,0.16374936699867249,0.25490155816078186,0.0660150945186615,0.7286928296089172,0.19325855374336243,0.4556885361671448,0.4105486571788788,0.36797046661376953,6.338867664337158,5.371031284332275,5.233959197998047,6.6064019203186035,3.01912260055542,10.22934341430664,6.054662227630615,7.215442657470703,5.988773345947266,7.331070899963379,,,,,,,,,,,7.624032020568848,6.505980968475342,5.830441474914551,7.018448829650879,3.676387310028076,13.834010124206543,7.193498134613037,7.961460590362549,7.355387210845947,9.240674018859863,,,,,,,,,,,,,,,,,,,,,,,,,,,,,,,,,,,,,,,,
29,5664,,,,,,,,,,,,,,,,,,,,,,,,,,,,,,,,,,,,,,,,,0.44053879380226135,0.39224231243133545,0.32129937410354614,0.7513095736503601,0.3968687951564789,0.5583726763725281,0.2095855325460434,0.3470079004764557,0.3930230140686035,0.5951399803161621,7.213695049285889,5.466698169708252,6.388478755950928,10.081136703491211,6.005642890930176,9.422932624816895,5.805125713348389,5.18034553527832,6.332154750823975,10.240743637084961,,,,,,,,,,,9.073436737060547,6.933292388916016,8.167076110839844,12.049369812011719,9.014115333557129,12.109827041625977,7.491201400756836,6.947497844696045,7.196681022644043,11.751864433288574,,,,,,,,,,,,,,,,,,,,,,,,,,,,,,,,,,,,,,,,
29,5669,,,,,,,,,,,,,,,,,,,,,,,,,,,,,,,,,,,,,,,,,0.31998443603515625,0.43463465571403503,0.34653395414352417,0.2021041214466095,0.5153851509094238,0.30954137444496155,0.18310022354125977,0.21016459167003632,0.42815136909484863,0.2502444386482239,6.205530643463135,5.942556381225586,5.933899879455566,5.262603282928467,8.62717056274414,7.311980724334717,5.628196716308594,3.6532864570617676,6.925694942474365,6.564386367797852,,,,,,,,,,,7.650971412658691,7.298345565795898,8.481731414794922,6.249459743499756,10.27225112915039,9.01644229888916,7.001888751983643,5.406777381896973,7.51141881942749,7.620429039001465,,,,,,,,,,,,,,,,,,,,,,,,,,,,,,,,,,,,,,,,
29,5674,,,,,,,,,,,,,,,,,,,,,,,,,,,,,,,,,,,,,,,,,0.5711010098457336,0.541843593120575,0.5464904308319092,0.6658951044082642,0.4102971851825714,0.48701196908950806,0.5116524696350098,0.6557309627532959,0.4833570420742035,0.837630033493042,7.661368370056152,5.90321683883667,8.787701606750488,8.452256202697754,6.5136332511901855,8.756047248840332,8.732614517211914,6.659575462341309,5.659244537353516,9.488019943237305,,,,,,,,,,,10.421876907348633,8.148904800415039,10.651308059692383,11.343780517578125,9.1653470993042,11.309558868408203,11.7046480178833,9.550399780273438,7.980999946594238,13.941943168640137,,,,,,,,,,,,,,,,,,,,,,,,,,,,,,,,,,,,,,,,
29,5679,,,,,,,,,,,,,,,,,,,,,,,,,,,,,,,,,,,,,,,,,0.5193670392036438,0.206918865442276,0.4551869034767151,0.5359707474708557,0.3115762770175934,0.9142362475395203,0.2866732180118561,0.5528192520141602,0.8983474969863892,0.512574315071106,8.142841339111328,4.368237018585205,8.810975074768066,7.9118733406066895,6.736820697784424,13.092805862426758,7.17271614074707,7.823698043823242,8.38695240020752,8.981493949890137,,,,,,,,,,,9.748122215270996,5.035728454589844,9.720901489257812,10.177132606506348,7.986966133117676,15.495481491088867,8.761215209960938,8.769004821777344,10.880414962768555,10.906253814697266,,,,,,,,,,,,,,,,,,,,,,,,,,,,,,,,,,,,,,,,
29,5684,,,,,,,,,,,,,,,,,,,,,,,,,,,,,,,,,,,,,,,,,0.31041786074638367,0.2917684316635132,0.3327195346355438,0.1870802938938141,0.1928837150335312,0.9730360507965088,0.2577558755874634,0.1378900408744812,0.27993088960647583,0.1406959593296051,5.68248987197876,4.545699596405029,6.599359035491943,3.9679391384124756,5.775336742401123,10.257728576660156,6.924551010131836,3.6581382751464844,5.022280216217041,4.391375541687012,,,,,,,,,,,7.449806213378906,5.979727745056152,8.310952186584473,6.012691497802734,6.284162521362305,15.9860200881958,8.30759048461914,4.379506587982178,6.073634624481201,5.713971138000488,,,,,,,,,,,,,,,,,,,,,,,,,,,,,,,,,,,,,,,,
29,5689,,,,,,,,,,,,,,,,,,,,,,,,,,,,,,,,,,,,,,,,,0.19216251373291016,0.24353930354118347,0.06478849053382874,0.05859388783574104,0.12022813409566879,0.19226518273353577,0.15805231034755707,0.17259621620178223,0.10581684857606888,0.6135823130607605,4.782145977020264,4.5870208740234375,2.9557745456695557,2.5800700187683105,4.232234001159668,5.69476842880249,5.7437520027160645,4.488544940948486,3.050632953643799,9.706514358520508,,,,,,,,,,,5.737208843231201,5.463196277618408,3.667419910430908,3.3649685382843018,4.961381912231445,7.106016159057617,6.5053582191467285,4.899754524230957,3.734226703643799,11.9325590133667,,,,,,,,,,,,,,,,,,,,,,,,,,,,,,,,,,,,,,,,
29,5694,,,,,,,,,,,,,,,,,,,,,,,,,,,,,,,,,,,,,,,,,0.469104140996933,0.7167373299598694,0.17694316804409027,0.6018287539482117,0.4337155818939209,0.3715634346008301,0.23693954944610596,0.42068934440612793,0.7429159879684448,0.5206037759780884,7.842428684234619,8.180377006530762,5.449148178100586,10.20232105255127,7.277463912963867,8.14615535736084,6.059394836425781,6.758133888244629,9.184741020202637,9.324121475219727,,,,,,,,,,,9.113288879394531,9.372215270996094,6.060781002044678,10.784284591674805,9.4232816696167,9.878530502319336,7.9650702476501465,7.649613380432129,9.89448356628418,10.991344451904297,,,,,,,,,,,,,,,,,,,,,,,,,,,,,,,,,,,,,,,,
29,5699,,,,,,,,,,,,,,,,,,,,,,,,,,,,,,,,,,,,,,,,,0.32718703150749207,0.19238053262233734,0.4709588289260864,0.44645458459854126,0.20054569840431213,0.4204503893852234,0.22607246041297913,0.3145731985569,0.15595927834510803,0.5172883868217468,6.060684680938721,3.583911895751953,6.47920036315918,6.696117401123047,5.169405460357666,8.187202453613281,6.0940728187561035,5.337457180023193,3.8905341625213623,9.108259201049805,,,,,,,,,,,7.87031888961792,4.855599403381348,9.887879371643066,9.288456916809082,6.407761096954346,10.508319854736328,7.780269145965576,6.61484432220459,4.533450603485107,10.956291198730469,,,,,,,,,,,,,,,,,,,,,,,,,,,,,,,,,,,,,,,,
29,5704,,,,,,,,,,,,,,,,,,,,,,,,,,,,,,,,,,,,,,,,,0.18792755901813507,0.28284958004951477,0.08133669197559357,0.0791710913181305,0.44046950340270996,0.18902580440044403,0.19355446100234985,0.05056500434875488,0.24588698148727417,0.1284889429807663,4.554739475250244,4.212350845336914,3.873091459274292,3.6146557331085205,6.682172775268555,5.169126987457275,5.32732629776001,2.6301541328430176,5.368481159210205,4.115296363830566,,,,,,,,,,,5.717155456542969,5.8876237869262695,4.109177589416504,3.9114534854888916,9.496368408203125,7.045899391174316,7.199003219604492,2.652062177658081,5.692343235015869,5.460470676422119,,,,,,,,,,,,,,,,,,,,,,,,,,,,,,,,,,,,,,,,
29,5709,,,,,,,,,,,,,,,,,,,,,,,,,,,,,,,,,,,,,,,,,0.20349451899528503,0.06811767816543579,0.19253717362880707,0.3135484457015991,0.14852584898471832,0.3776196837425232,0.13501708209514618,0.0541037879884243,0.28591763973236084,0.256063312292099,4.919106483459473,2.5724802017211914,4.962835788726807,6.264499187469482,4.552065849304199,7.384464740753174,4.999372482299805,2.1642322540283203,5.331238269805908,6.040768146514893,,,,,,,,,,,6.119046688079834,2.8892970085144043,6.322210311889648,7.784079074859619,5.514430522918701,9.958711624145508,6.01263952255249,2.743295192718506,6.138238906860352,7.708517551422119,,,,,,,,,,,,,,,,,,,,,,,,,,,,,,,,,,,,,,,,
29,5714,,,,,,,,,,,,,,,,,,,,,,,,,,,,,,,,,,,,,,,,,0.3189793527126312,0.19690163433551788,0.054332245141267776,0.3146890103816986,0.1883053481578827,0.4990135431289673,0.4944322109222412,0.4825429320335388,0.2840712368488312,0.3565260171890259,6.285638809204102,3.846144437789917,2.8592913150787354,7.7357378005981445,5.198069095611572,8.903749465942383,8.773418426513672,6.468179225921631,5.705291271209717,7.080868721008301,,,,,,,,,,,7.6265692710876465,4.912323474884033,3.35846209526062,7.798223495483398,6.209133148193359,11.448062896728516,11.50599479675293,8.192692756652832,6.118386745452881,9.095840454101562,,,,,,,,,,,,,,,,,,,,,,,,,,,,,,,,,,,,,,,,
29,5719,,,,,,,,,,,,,,,,,,,,,,,,,,,,,,,,,,,,,,,,,0.3064749240875244,0.2989374101161957,0.16063225269317627,0.29615870118141174,0.09211542457342148,0.18985094130039215,0.27476242184638977,0.5014591217041016,0.7603287100791931,0.18402931094169617,5.365138530731201,4.035719394683838,3.743971824645996,5.663431167602539,3.9126760959625244,5.405476093292236,5.999621868133545,6.333613395690918,7.575159549713135,5.616580009460449,,,,,,,,,,,7.141143798828125,6.0527448654174805,5.774681568145752,7.565142631530762,4.342759609222412,7.06126070022583,8.577277183532715,8.351731300354004,10.009767532348633,6.534926891326904,,,,,,,,,,,,,,,,,,,,,,,,,,,,,,,,,,,,,,,,
29,5724,,,,,,,,,,,,,,,,,,,,,,,,,,,,,,,,,,,,,,,,,0.26003244519233704,0.30568715929985046,0.26658591628074646,0.29146939516067505,0.39135923981666565,0.20603567361831665,0.6256659030914307,0.1256549060344696,0.03130015730857849,0.09653370827436447,5.337558269500732,4.6043782234191895,4.71560001373291,6.011322021484375,7.994290351867676,5.66144323348999,9.425530433654785,3.796767473220825,1.9202485084533691,3.9084465503692627,,,,,,,,,,,6.806693077087402,6.120697021484375,7.439268589019775,7.505011558532715,8.951327323913574,7.356091499328613,12.943209648132324,4.180694580078125,2.030937433242798,4.733002185821533,,,,,,,,,,,,,,,,,,,,,,,,,,,,,,,,,,,,,,,,
29,5729,,,,,,,,,,,,,,,,,,,,,,,,,,,,,,,,,,,,,,,,,0.9708741307258606,0.8013705015182495,0.942817211151123,1.3475260734558105,1.0800774097442627,0.9090153574943542,0.9200689196586609,1.0198652744293213,1.0729846954345703,0.6441410779953003,9.368903160095215,7.713560581207275,8.870695114135742,7.8265557289123535,9.373934745788574,12.332758903503418,11.054104804992676,7.979447841644287,8.810968399047852,10.358101844787598,,,,,,,,,,,13.564719200134277,9.910120010375977,13.99024772644043,16.137025833129883,14.870551109313965,15.451172828674316,15.695709228515625,11.910502433776855,11.891047477722168,12.226094245910645,,,,,,,,,,,,,,,,,,,,,,,,,,,,,,,,,,,,,,,,
29,5734,,,,,,,,,,,,,,,,,,,,,,,,,,,,,,,,,,,,,,,,,0.2778283953666687,0.15001463890075684,0.16555242240428925,0.3074895143508911,0.228885218501091,0.21018563210964203,0.3286632299423218,0.4560474753379822,0.1987086534500122,0.4549087882041931,5.728556156158447,3.22206449508667,4.891308784484863,6.566310882568359,5.510754585266113,6.023140907287598,6.747600078582764,6.199686527252197,4.191526412963867,8.204609870910645,,,,,,,,,,,7.207917213439941,4.287746429443359,5.862453460693359,7.708503246307373,6.845552921295166,7.42980432510376,9.380939483642578,7.964596271514893,5.117191791534424,10.274468421936035,,,,,,,,,,,,,,,,,,,,,,,,,,,,,,,,,,,,,,,,
29,5739,,,,,,,,,,,,,,,,,,,,,,,,,,,,,,,,,,,,,,,,,0.3243231177330017,0.364990770816803,0.284466028213501,0.5107167959213257,0.2572346329689026,0.1739177107810974,0.4162936806678772,0.2277747094631195,0.40590018033981323,0.2776135802268982,6.452705383300781,5.329293727874756,6.476768493652344,7.16911506652832,6.0201311111450195,5.009030818939209,8.76063060760498,5.599188327789307,7.3072075843811035,6.402982234954834,,,,,,,,,,,7.76103401184082,6.688106536865234,7.684698581695557,9.934475898742676,7.2571210861206055,6.75846004486084,10.557733535766602,5.628743648529053,7.313628673553467,8.026339530944824,,,,,,,,,,,,,,,,,,,,,,,,,,,,,,,,,,,,,,,,
29,5744,,,,,,,,,,,,,,,,,,,,,,,,,,,,,,,,,,,,,,,,,0.345706969499588,0.22834523022174835,0.22525469958782196,0.1531979739665985,0.3572009801864624,0.9053888320922852,0.19755639135837555,0.39425551891326904,0.3430335819721222,0.3071293532848358,6.644887447357178,4.437015533447266,5.916628360748291,5.21209716796875,7.5951080322265625,11.002026557922363,6.233633041381836,6.289458751678467,6.354526519775391,6.763489723205566,,,,,,,,,,,7.9317307472229,5.290031433105469,6.838306903839111,5.441033363342285,8.551769256591797,15.420321464538574,7.273046016693115,7.405384540557861,6.723440647125244,8.442243576049805,,,,,,,,,,,,,,,,,,,,,,,,,,,,,,,,,,,,,,,,
29,5749,,,,,,,,,,,,,,,,,,,,,,,,,,,,,,,,,,,,,,,,,0.251721054315567,0.24020658433437347,0.2772035598754883,0.16544346511363983,0.2307066172361374,0.1654616892337799,0.23985382914543152,0.40230482816696167,0.24638152122497559,0.2979273498058319,5.384263515472412,3.989946126937866,6.260837078094482,4.3835954666137695,5.581849575042725,5.297452449798584,5.898229122161865,5.939114570617676,4.517683982849121,6.589662551879883,,,,,,,,,,,6.848688125610352,5.425686836242676,7.585968971252441,5.65431022644043,6.872735977172852,6.592112064361572,8.013903617858887,7.480598449707031,5.69806432723999,8.314810752868652,,,,,,,,,,,,,,,,,,,,,,,,,,,,,,,,,,,,,,,,
29,5754,,,,,,,,,,,,,,,,,,,,,,,,,,,,,,,,,,,,,,,,,0.21892282366752625,0.20664973556995392,0.14052534103393555,0.22979427874088287,0.1261814534664154,0.3566644787788391,0.21516990661621094,0.3094814419746399,0.23752263188362122,0.1483161300420761,5.070225238800049,3.9024453163146973,4.59777307510376,3.9752955436706543,4.162559986114502,7.9616594314575195,5.531868934631348,5.671388626098633,5.124669075012207,4.704365253448486,,,,,,,,,,,6.385716915130615,5.032452583312988,5.40118408203125,6.663838863372803,5.08273458480835,9.678449630737305,7.59034538269043,6.56109094619751,5.594686985015869,5.866666316986084,,,,,,,,,,,,,,,,,,,,,,,,,,,,,,,,,,,,,,,,
29,5759,,,,,,,,,,,,,,,,,,,,,,,,,,,,,,,,,,,,,,,,,0.3451947271823883,0.285493940114975,0.24161851406097412,0.3207225501537323,0.2561052739620209,0.467271625995636,0.19374212622642517,0.33959537744522095,0.6325832009315491,0.36961984634399414,6.329968452453613,4.722296714782715,6.207597255706787,6.063153266906738,6.042277812957764,8.184749603271484,5.818394660949707,5.654613494873047,6.783010482788086,7.493620872497559,,,,,,,,,,,7.961798667907715,5.915081024169922,7.082339763641357,7.872626304626465,7.241172790527344,11.077980041503906,7.202493190765381,6.872893810272217,9.130237579345703,9.261362075805664,,,,,,,,,,,,,,,,,,,,,,,,,,,,,,,,,,,,,,,,
29,5764,,,,,,,,,,,,,,,,,,,,,,,,,,,,,,,,,,,,,,,,,0.34518009424209595,0.3101486563682556,0.47699663043022156,0.39459484815597534,0.4563803970813751,0.507800817489624,0.2706087529659271,0.23087601363658905,0.26412051916122437,0.1950940489768982,6.296472549438477,4.134364604949951,7.974523544311523,7.484541893005371,7.198973655700684,8.16196346282959,6.469724655151367,4.912813663482666,4.631019592285156,5.700327396392822,,,,,,,,,,,8.096738815307617,6.165200710296631,9.951059341430664,8.732338905334473,9.666363716125488,11.548419952392578,8.512197494506836,5.666933059692383,5.899624347686768,6.728514671325684,,,,,,,,,,,,,,,,,,,,,,,,,,,,,,,,,,,,,,,,
29,5769,,,,,,,,,,,,,,,,,,,,,,,,,,,,,,,,,,,,,,,,,0.2715771198272705,0.23338496685028076,0.2568597197532654,0.2518995702266693,0.765018105506897,0.2941164970397949,0.1934441775083542,0.2081073820590973,0.04242803901433945,0.1989355832338333,5.446959495544434,4.452706813812256,5.746478080749512,5.90089750289917,8.110871315002441,6.168028354644775,5.648321628570557,4.98930025100708,2.098754405975342,5.907277584075928,,,,,,,,,,,6.963070869445801,5.348090171813965,7.302299976348877,6.9769978523254395,12.51513385772705,8.788921356201172,7.1969523429870605,5.380250453948975,2.3645567893981934,6.794436454772949,,,,,,,,,,,,,,,,,,,,,,,,,,,,,,,,,,,,,,,,
29,5774,,,,,,,,,,,,,,,,,,,,,,,,,,,,,,,,,,,,,,,,,0.6530194878578186,0.8763963580131531,1.1784241199493408,0.706644594669342,0.4399605989456177,0.4796903133392334,0.2492053359746933,0.7854416966438293,0.9143591523170471,0.24705317616462708,8.199707984924316,8.217622756958008,13.707531929016113,8.301779747009277,7.060324668884277,8.861319541931152,5.643869876861572,8.100540161132812,8.202049255371094,5.702336311340332,,,,,,,,,,,10.619450569152832,10.363645553588867,15.640925407409668,11.685717582702637,9.490880966186523,11.224225044250488,8.168633460998535,10.452392578125,10.976949691772461,7.571683406829834,,,,,,,,,,,,,,,,,,,,,,,,,,,,,,,,,,,,,,,,
29,5779,,,,,,,,,,,,,,,,,,,,,,,,,,,,,,,,,,,,,,,,,0.2670101225376129,0.09984294325113297,0.395462304353714,0.26559978723526,0.15175794064998627,0.5481218695640564,0.17091132700443268,0.21088282763957977,0.36651286482810974,0.19399920105934143,5.612070560455322,2.760615825653076,7.292945861816406,6.002988815307617,4.355518817901611,9.337894439697266,4.951315402984619,4.360796928405762,6.008037090301514,5.438521385192871,,,,,,,,,,,7.015045166015625,3.498009443283081,9.060750961303711,7.1642165184021,5.5741071701049805,11.998154640197754,6.764819145202637,5.416007995605469,6.949728965759277,6.70960807800293,,,,,,,,,,,,,,,,,,,,,,,,,,,,,,,,,,,,,,,,
29,5784,,,,,,,,,,,,,,,,,,,,,,,,,,,,,,,,,,,,,,,,,0.4113648533821106,0.2711173892021179,0.9527672529220581,0.33384788036346436,0.3769902288913727,0.44896653294563293,0.35800379514694214,0.16209648549556732,0.37899062037467957,0.4195036292076111,6.832941055297852,4.433558464050293,9.328371047973633,7.683644771575928,7.174046993255615,7.913433074951172,7.597492694854736,4.3005194664001465,5.583578109741211,7.481825828552246,,,,,,,,,,,8.77524185180664,5.764225482940674,14.06387710571289,8.03210163116455,8.7854642868042,10.858823776245117,9.790719032287598,4.748380184173584,7.0670390129089355,9.866543769836426,,,,,,,,,,,,,,,,,,,,,,,,,,,,,,,,,,,,,,,,
29,5789,,,,,,,,,,,,,,,,,,,,,,,,,,,,,,,,,,,,,,,,,0.2781638205051422,0.23307621479034424,0.27966850996017456,0.4669507145881653,0.15352259576320648,0.5042743682861328,0.3516029715538025,0.13123629987239838,0.05455987527966499,0.3285828232765198,5.756180763244629,4.389080047607422,5.52136754989624,7.841423034667969,4.692961692810059,9.857585906982422,6.803451061248779,3.730015993118286,2.164458751678467,6.8052825927734375,,,,,,,,,,,7.2185516357421875,5.3445515632629395,7.619622230529785,9.499274253845215,5.606421947479248,11.508251190185547,9.702799797058105,4.272536277770996,2.6813900470733643,8.732118606567383,,,,,,,,,,,,,,,,,,,,,,,,,,,,,,,,,,,,,,,,
29,5794,,,,,,,,,,,,,,,,,,,,,,,,,,,,,,,,,,,,,,,,,0.5835111737251282,0.4185142517089844,0.6646817326545715,0.7494803667068481,0.5851459503173828,0.8251925110816956,0.23983818292617798,0.8278197050094604,0.6078153848648071,0.33311259746551514,7.832287311553955,6.132089614868164,8.299315452575684,7.966712951660156,7.399385929107666,11.181283950805664,6.513039588928223,8.56649112701416,7.333003520965576,7.099262237548828,,,,,,,,,,,10.344029426574707,7.161721229553223,11.746770858764648,12.034692764282227,10.945403099060059,14.721548080444336,8.013642311096191,10.730664253234863,8.949712753295898,8.792102813720703,,,,,,,,,,,,,,,,,,,,,,,,,,,,,,,,,,,,,,,,
29,5799,,,,,,,,,,,,,,,,,,,,,,,,,,,,,,,,,,,,,,,,,0.26820650696754456,0.18065506219863892,0.48447152972221375,0.13114649057388306,0.33723270893096924,0.1971401423215866,0.11567234992980957,0.166383296251297,0.4378758370876312,0.3632813096046448,5.259891033172607,3.1693577766418457,7.972445964813232,4.172644138336182,5.991398811340332,4.770925998687744,4.289675712585449,4.054258346557617,5.440127372741699,7.478188991546631,,,,,,,,,,,6.936330318450928,4.705300807952881,10.028726577758789,5.034231662750244,8.309301376342773,7.195539951324463,5.5652618408203125,4.810758590698242,7.596240997314453,9.181607246398926,,,,,,,,,,,,,,,,,,,,,,,,,,,,,,,,,,,,,,,,
29,5804,,,,,,,,,,,,,,,,,,,,,,,,,,,,,,,,,,,,,,,,,0.464333176612854,0.5540627837181091,0.180689737200737,0.4894935190677643,1.0379225015640259,0.9437828063964844,0.4084009528160095,0.20463496446609497,0.10493936389684677,0.2550717294216156,7.129374027252197,5.900980472564697,5.812405109405518,7.7471394538879395,10.314058303833008,12.317643165588379,8.826384544372559,4.145989894866943,2.746462106704712,6.353302478790283,,,,,,,,,,,9.068527221679688,8.240276336669922,6.124609470367432,9.725868225097656,14.577468872070312,15.743885040283203,10.457171440124512,5.335174083709717,3.7187116146087646,7.693578243255615,,,,,,,,,,,,,,,,,,,,,,,,,,,,,,,,,,,,,,,,
29,5809,,,,,,,,,,,,,,,,,,,,,,,,,,,,,,,,,,,,,,,,,0.22741058468818665,0.6398757100105286,0.09435746818780899,0.078556127846241,0.11711189150810242,0.34208303689956665,0.24243584275245667,0.1423289030790329,0.27342045307159424,0.11652594804763794,4.894734859466553,6.3815789222717285,3.832667589187622,3.15384578704834,3.8440892696380615,6.915175914764404,6.983982563018799,2.9989869594573975,5.475434303283691,4.466850280761719,,,,,,,,,,,6.140196800231934,8.855439186096191,4.425881862640381,3.896233081817627,4.89666223526001,9.478543281555176,8.056922912597656,4.449439525604248,6.002591133117676,5.200061798095703,,,,,,,,,,,,,,,,,,,,,,,,,,,,,,,,,,,,,,,,
29,5814,,,,,,,,,,,,,,,,,,,,,,,,,,,,,,,,,,,,,,,,,0.301425963640213,0.21349255740642548,0.09741707146167755,0.48135706782341003,0.19803518056869507,0.317847341299057,0.26224273443222046,0.5192300081253052,0.49240273237228394,0.1308089792728424,6.038173675537109,4.020890712738037,4.063180923461914,8.15679931640625,5.537075519561768,7.1806254386901855,6.846704959869385,7.377579212188721,6.2748799324035645,4.885828018188477,,,,,,,,,,,7.244876384735107,5.115094184875488,4.49706506729126,9.644697189331055,6.367527484893799,9.136610984802246,8.379585266113281,8.498427391052246,8.055334091186523,5.509548187255859,,,,,,,,,,,,,,,,,,,,,,,,,,,,,,,,,,,,,,,,
29,5819,,,,,,,,,,,,,,,,,,,,,,,,,,,,,,,,,,,,,,,,,0.37500685453414917,0.20903776586055756,0.3206210434436798,0.2628870904445648,0.9571682810783386,0.6703729033470154,0.1505483090877533,0.22879374027252197,0.2844263017177582,0.29120662808418274,6.649363040924072,4.175013542175293,5.61681604385376,5.239020347595215,11.091087341308594,11.389198303222656,5.172242641448975,5.268967628479004,5.356601715087891,6.535317420959473,,,,,,,,,,,8.216475486755371,5.061446666717529,8.158451080322266,7.127536773681641,13.998895645141602,13.268874168395996,6.3490495681762695,5.641320705413818,6.122209548950195,8.220492362976074,,,,,,,,,,,,,,,,,,,,,,,,,,,,,,,,,,,,,,,,
29,5819,,,,,,,,,,,,,,,,,,,,,,,,,,,,,,,,,,,,,,,,,,,,,,,,,,,6.263729095458984,5.125556468963623,6.094381332397461,5.910140514373779,6.426536560058594,7.8785810470581055,7.0007710456848145,5.42261266708374,5.43519401550293,7.079786777496338,0.6182254552841187,0.6086908578872681,0.6850715279579163,0.687232494354248,0.6258498430252075,0.5321837663650513,0.5998696088790894,0.6407342553138733,0.607815146446228,0.5765819549560547,8.237037658691406,6.747119903564453,7.962336540222168,7.743436813354492,8.5825834274292,10.438132286071777,9.32746696472168,6.98392391204834,7.100831031799316,9.247506141662598,0.5272808074951172,0.5870801210403442,0.616651713848114,0.36042267084121704,0.5551551580429077,0.602475106716156,0.44677141308784485,0.49981778860092163,0.5543867945671082,0.5227659344673157,7.459442138671875,5.79311466217041,8.350069999694824,6.113836288452148,8.226350784301758,9.494834899902344,8.269042015075684,6.1329779624938965,6.572641849517822,8.182110786437988,0.423380047082901,0.3848115801811218,0.49951934814453125,0.5945085287094116,0.3298441171646118,0.4556128978729248,0.5467432737350464,0.24456512928009033,0.25937891006469727,0.49543654918670654,10.114289283752441,8.678973197937012,10.846232414245605,9.46007251739502,11.076004028320312,12.685548782348633,10.762840270996094,8.103052139282227,8.751327514648438,10.664556503295898
30,5824,,,,,,,,,,,,,,,,,,,,,,,,,,,,,,,,,,,,,,,,,0.6018393039703369,0.5511872172355652,0.2410649061203003,0.30230721831321716,0.30453500151634216,0.6265407800674438,0.2859923243522644,1.2855349779129028,1.614915132522583,0.2044757604598999,7.962892532348633,5.7904510498046875,6.374621868133545,6.7822465896606445,6.724128723144531,8.88850212097168,6.191422462463379,11.304368019104004,14.097587585449219,5.512701988220215,,,,,,,,,,,9.695524215698242,8.218865394592285,7.074222087860107,7.6432695388793945,7.896202087402344,12.827750205993652,8.75080394744873,13.372132301330566,14.588080406188965,6.8883957862854,,,,,,,,,,,,,,,,,,,,,,,,,,,,,,,,,,,,,,,,
30,5829,,,,,,,,,,,,,,,,,,,,,,,,,,,,,,,,,,,,,,,,,0.6675718426704407,0.4854198098182678,0.4325617253780365,0.7005136013031006,0.44063740968704224,0.5829802751541138,0.6388002634048462,1.0149955749511719,1.3123822212219238,0.39985594153404236,8.414807319641113,6.179837703704834,6.643062114715576,9.262798309326172,7.4568772315979,9.456567764282227,9.26638126373291,9.429777145385742,11.248303413391113,6.789653301239014,,,,,,,,,,,10.93778133392334,7.712958812713623,9.476232528686523,11.634913444519043,9.498178482055664,12.373790740966797,13.078361511230469,11.882035255432129,13.150839805603027,9.632720947265625,,,,,,,,,,,,,,,,,,,,,,,,,,,,,,,,,,,,,,,,
30,5834,,,,,,,,,,,,,,,,,,,,,,,,,,,,,,,,,,,,,,,,,0.3028063476085663,0.23835337162017822,0.38406211137771606,0.2965511381626129,0.48372745513916016,0.3238512873649597,0.46003806591033936,0.12215062230825424,0.1984553188085556,0.2180679738521576,6.059484958648682,4.549830913543701,7.453346252441406,5.902819633483887,7.698960781097412,6.945266246795654,7.9156036376953125,3.600595474243164,4.834846019744873,5.634093284606934,,,,,,,,,,,7.614054203033447,5.404716491699219,8.92919635772705,7.57015323638916,9.951763153076172,9.22249984741211,11.098586082458496,4.1219868659973145,5.11392879486084,7.11366081237793,,,,,,,,,,,,,,,,,,,,,,,,,,,,,,,,,,,,,,,,
30,5839,,,,,,,,,,,,,,,,,,,,,,,,,,,,,,,,,,,,,,,,,0.2783055305480957,0.25875288248062134,0.20894353091716766,0.039881207048892975,0.32454678416252136,0.2972780168056488,0.44551095366477966,0.06626015156507492,0.3422360122203827,0.5213402509689331,5.4602484703063965,4.974210262298584,5.488565921783447,2.155263900756836,6.030588626861572,7.377525329589844,7.2648725509643555,2.3825533390045166,5.142673015594482,8.325982093811035,,,,,,,,,,,7.072617053985596,5.631250858306885,6.586066722869873,2.776124954223633,8.151515007019043,8.836031913757324,10.921945571899414,3.0358822345733643,6.715620517730713,10.999116897583008,,,,,,,,,,,,,,,,,,,,,,,,,,,,,,,,,,,,,,,,
30,5844,,,,,,,,,,,,,,,,,,,,,,,,,,,,,,,,,,,,,,,,,0.39110004901885986,0.2874721884727478,0.27440544962882996,0.08887563645839691,0.4917299747467041,0.3966144919395447,0.2345520257949829,0.292635053396225,1.0957465171813965,0.35786885023117065,6.386991500854492,4.618439674377441,6.546896457672119,3.658823013305664,8.610123634338379,7.4925971031188965,5.929966926574707,5.595199108123779,8.277413368225098,6.753465175628662,,,,,,,,,,,8.14461612701416,5.935539722442627,7.547584056854248,4.144252777099609,10.033743858337402,10.206108093261719,7.924837589263916,6.3800177574157715,12.016509056091309,9.112953186035156,,,,,,,,,,,,,,,,,,,,,,,,,,,,,,,,,,,,,,,,
30,5849,,,,,,,,,,,,,,,,,,,,,,,,,,,,,,,,,,,,,,,,,0.27202892303466797,0.3856324255466461,0.19208870828151703,0.2140503078699112,0.6959398984909058,0.2638201117515564,0.22995716333389282,0.09193377196788788,0.09108667820692062,0.28375107049942017,5.482595920562744,5.472898006439209,4.993630409240723,5.550230979919434,7.758526802062988,6.188517093658447,5.913877010345459,3.430495262145996,3.086034059524536,6.949156761169434,,,,,,,,,,,6.987071514129639,6.874626159667969,6.31484317779541,6.431507587432861,11.93673324584961,8.323956489562988,7.846830368041992,3.5759894847869873,3.464581251144409,8.114578247070312,,,,,,,,,,,,,,,,,,,,,,,,,,,,,,,,,,,,,,,,
30,5854,,,,,,,,,,,,,,,,,,,,,,,,,,,,,,,,,,,,,,,,,0.25381040573120117,0.20825782418251038,0.3988311290740967,0.17103543877601624,0.23544703423976898,0.2986404001712799,0.2600216269493103,0.40704667568206787,0.18376600742340088,0.1212475523352623,5.769525527954102,3.9472427368164062,7.41517448425293,4.420597076416016,6.403213977813721,7.666180610656738,6.726419448852539,6.29390811920166,4.099323272705078,4.953666687011719,,,,,,,,,,,6.865950107574463,5.051995277404785,9.099261283874512,5.7490739822387695,6.942985534667969,8.856255531311035,8.344023704528809,7.52455472946167,4.9210286140441895,5.30436897277832,,,,,,,,,,,,,,,,,,,,,,,,,,,,,,,,,,,,,,,,
30,5859,,,,,,,,,,,,,,,,,,,,,,,,,,,,,,,,,,,,,,,,,0.3348514139652252,0.589388906955719,0.27042949199676514,0.11553281545639038,0.21418766677379608,0.3315713405609131,0.2167895883321762,0.27286824584007263,0.5623621344566345,0.4405324459075928,6.307009696960449,6.149933815002441,6.623040199279785,4.392547130584717,5.547359943389893,7.139942646026611,6.3099822998046875,4.697758674621582,7.056957244873047,8.845564842224121,,,,,,,,,,,7.685511112213135,8.498909950256348,7.492705345153809,4.725062847137451,6.622117519378662,9.33177661895752,7.618860244750977,6.160772800445557,8.608575820922852,10.110815048217773,,,,,,,,,,,,,,,,,,,,,,,,,,,,,,,,,,,,,,,,
30,5864,,,,,,,,,,,,,,,,,,,,,,,,,,,,,,,,,,,,,,,,,0.3936254680156708,0.4276313781738281,0.1262003481388092,0.4635920226573944,0.5310906767845154,0.34552356600761414,0.45665398240089417,0.35982373356819153,0.6689335703849792,0.16317979991436005,6.692119598388672,5.874772548675537,3.8513455390930176,7.564157962799072,8.647368431091309,7.400136470794678,8.257221221923828,5.424467086791992,7.736974716186523,5.472630977630615,,,,,,,,,,,8.383485794067383,7.239307880401611,5.118491172790527,9.465048789978027,10.427591323852539,9.526091575622559,11.057689666748047,7.074627876281738,9.388901710510254,6.153615951538086,,,,,,,,,,,,,,,,,,,,,,,,,,,,,,,,,,,,,,,,
30,5869,,,,,,,,,,,,,,,,,,,,,,,,,,,,,,,,,,,,,,,,,0.4399087727069855,0.6474318504333496,0.2942080795764923,0.4157664477825165,0.4354856014251709,0.49941256642341614,0.6318615078926086,0.43138062953948975,0.4213290810585022,0.18230338394641876,6.9913763999938965,5.523963451385498,6.774178504943848,7.389711856842041,6.560482025146484,9.245970726013184,9.653039932250977,6.2154741287231445,6.293335914611816,5.266231060028076,,,,,,,,,,,9.032257080078125,8.907571792602539,7.815179824829102,8.963541030883789,9.442490577697754,11.452638626098633,13.0071382522583,7.746205806732178,7.451334476470947,6.504209995269775,,,,,,,,,,,,,,,,,,,,,,,,,,,,,,,,,,,,,,,,
30,5874,,,,,,,,,,,,,,,,,,,,,,,,,,,,,,,,,,,,,,,,,0.2196795493364334,0.2933911979198456,0.3025302588939667,0.24529030919075012,0.20854581892490387,0.26697587966918945,0.10510827600955963,0.11116252839565277,0.21803657710552216,0.22607499361038208,5.106782913208008,4.954229354858398,5.823770046234131,4.035184860229492,5.348565101623535,6.973005771636963,4.692681789398193,3.7173640727996826,4.767424583435059,5.648817539215088,,,,,,,,,,,6.394964694976807,5.996333599090576,7.924941539764404,6.884860038757324,6.534319877624512,8.3735933303833,5.305047035217285,3.9322211742401123,5.360286235809326,7.2430830001831055,,,,,,,,,,,,,,,,,,,,,,,,,,,,,,,,,,,,,,,,
30,5879,,,,,,,,,,,,,,,,,,,,,,,,,,,,,,,,,,,,,,,,,0.27144017815589905,0.49250826239585876,0.09087339043617249,0.1904626339673996,0.11333668231964111,0.21781572699546814,0.38677629828453064,0.15776808559894562,0.062103740870952606,0.731316864490509,5.359955787658691,6.719539165496826,3.4522974491119385,4.997854709625244,4.0801262855529785,5.419251441955566,7.660051345825195,3.700993776321411,2.5245699882507324,9.684918403625488,,,,,,,,,,,6.812096118927002,7.769070148468018,4.343401908874512,6.066801071166992,4.817091464996338,7.563459396362305,10.176553726196289,4.684554576873779,2.860764741897583,13.027168273925781,,,,,,,,,,,,,,,,,,,,,,,,,,,,,,,,,,,,,,,,
30,5884,,,,,,,,,,,,,,,,,,,,,,,,,,,,,,,,,,,,,,,,,0.21205291152000427,0.07576747983694077,0.2679591178894043,0.19171372056007385,0.2715882658958435,0.17207930982112885,0.3045738935470581,0.18455281853675842,0.17428058385849,0.26596108078956604,4.990259170532227,2.3040623664855957,5.872528076171875,4.915043354034424,6.252003192901611,5.389104843139648,6.085964679718018,4.426147937774658,4.0316057205200195,5.635868549346924,,,,,,,,,,,6.390830039978027,3.0472190380096436,7.458404064178467,6.086694240570068,7.456844806671143,6.722644805908203,9.030611991882324,5.066628456115723,4.792341709136963,7.856086730957031,,,,,,,,,,,,,,,,,,,,,,,,,,,,,,,,,,,,,,,,
30,5889,,,,,,,,,,,,,,,,,,,,,,,,,,,,,,,,,,,,,,,,,0.2906535267829895,0.38448548316955566,0.2321312427520752,0.23107297718524933,0.5517759323120117,0.42734459042549133,0.18303880095481873,0.1579684168100357,0.21941083669662476,0.2286534458398819,5.819385051727295,5.42202615737915,5.127127647399902,4.583368301391602,6.815359115600586,9.823716163635254,5.205593585968018,4.100844383239746,4.926458835601807,6.369974136352539,,,,,,,,,,,7.340128421783447,6.8643951416015625,6.941901206970215,6.682353973388672,10.628722190856934,10.594121932983398,7.0007147789001465,4.687528133392334,5.377152442932129,7.284271240234375,,,,,,,,,,,,,,,,,,,,,,,,,,,,,,,,,,,,,,,,
30,5894,,,,,,,,,,,,,,,,,,,,,,,,,,,,,,,,,,,,,,,,,0.2156156450510025,0.17316870391368866,0.13351640105247498,0.12568014860153198,0.28499165177345276,0.3237093389034271,0.29000580310821533,0.09033633768558502,0.08536498993635178,0.4337673485279083,4.992489337921143,3.519967555999756,3.4314663410186768,3.798395872116089,5.770801067352295,6.995291709899902,7.046949863433838,3.4957144260406494,2.9343996047973633,7.939413547515869,,,,,,,,,,,6.37805700302124,4.606774806976318,5.264764308929443,4.92819881439209,7.638634204864502,9.220479011535645,8.811992645263672,3.544785499572754,3.3540008068084717,10.032880783081055,,,,,,,,,,,,,,,,,,,,,,,,,,,,,,,,,,,,,,,,
30,5899,,,,,,,,,,,,,,,,,,,,,,,,,,,,,,,,,,,,,,,,,0.2809795141220093,0.13933488726615906,0.3204707205295563,0.25754159688949585,0.1944866180419922,0.7412631511688232,0.0834892988204956,0.1655903458595276,0.36858341097831726,0.25805553793907166,5.802313327789307,3.4842262268066406,7.487148284912109,4.962409496307373,5.458972454071045,11.288103103637695,3.947772264480591,3.6625137329101562,6.08120584487915,5.8484649658203125,,,,,,,,,,,7.093526363372803,4.132303237915039,8.156537055969238,7.0547003746032715,6.310219764709473,13.952821731567383,4.728095054626465,4.799281597137451,6.969332695007324,7.7384467124938965,,,,,,,,,,,,,,,,,,,,,,,,,,,,,,,,,,,,,,,,
30,5904,,,,,,,,,,,,,,,,,,,,,,,,,,,,,,,,,,,,,,,,,0.5333471298217773,0.9113879203796387,0.2545416057109833,0.4404715597629547,0.8083440661430359,0.8143084645271301,0.3557707667350769,0.6995875835418701,0.15434160828590393,0.3613707423210144,7.564127445220947,8.034659385681152,6.391939163208008,7.447895050048828,8.936686515808105,11.134411811828613,7.764851093292236,8.34345531463623,3.6841278076171875,6.339125633239746,,,,,,,,,,,9.760515213012695,10.568512916564941,7.2692742347717285,9.226008415222168,12.864642143249512,14.624140739440918,9.760136604309082,9.864607810974121,4.509877681732178,9.157431602478027,,,,,,,,,,,,,,,,,,,,,,,,,,,,,,,,,,,,,,,,
30,5909,,,,,,,,,,,,,,,,,,,,,,,,,,,,,,,,,,,,,,,,,0.38618820905685425,0.2413569837808609,0.19315984845161438,0.9060077667236328,0.47484856843948364,0.5260219573974609,0.5483044981956482,0.10217421501874924,0.08140876144170761,0.40241140127182007,5.757179260253906,3.9736390113830566,3.5485947132110596,7.6124372482299805,6.435498237609863,7.163609027862549,10.089666366577148,2.8984618186950684,2.820197820663452,7.272509574890137,,,,,,,,,,,8.382452964782715,5.438663959503174,6.332426071166992,13.231858253479004,9.860007286071777,11.753787994384766,12.116626739501953,3.7698967456817627,3.275358200073242,9.6634521484375,,,,,,,,,,,,,,,,,,,,,,,,,,,,,,,,,,,,,,,,
30,5914,,,,,,,,,,,,,,,,,,,,,,,,,,,,,,,,,,,,,,,,,0.45843634009361267,0.39690378308296204,0.3716281056404114,0.5893053412437439,0.39577826857566833,0.5459177494049072,0.40082234144210815,0.5754461288452148,0.5601987838745117,0.28992632031440735,7.22195291519165,6.01008939743042,5.6759114265441895,9.855774879455566,6.703392505645752,9.63626766204834,7.917701721191406,5.7718281745910645,6.817056179046631,6.609555244445801,,,,,,,,,,,9.278424263000488,6.974368572235107,8.783465385437012,10.671489715576172,9.00172233581543,11.974006652832031,10.35969066619873,8.946661949157715,8.592001914978027,8.202402114868164,,,,,,,,,,,,,,,,,,,,,,,,,,,,,,,,,,,,,,,,
30,5919,,,,,,,,,,,,,,,,,,,,,,,,,,,,,,,,,,,,,,,,,0.2389962375164032,0.19353421032428741,0.17997902631759644,0.1257401555776596,0.23800384998321533,0.3259066641330719,0.4177035689353943,0.2009342759847641,0.1936102956533432,0.27555403113365173,5.507826805114746,4.10234260559082,5.292020797729492,3.784691333770752,5.4762396812438965,6.64396333694458,8.496071815490723,4.503353595733643,4.319551467895508,6.952205657958984,,,,,,,,,,,6.783812046051025,4.870136737823486,6.112552642822266,4.929374694824219,6.980581760406494,9.251720428466797,10.575596809387207,5.286712646484375,5.051117897033691,7.996511936187744,,,,,,,,,,,,,,,,,,,,,,,,,,,,,,,,,,,,,,,,
30,5924,,,,,,,,,,,,,,,,,,,,,,,,,,,,,,,,,,,,,,,,,0.45868000388145447,0.40560489892959595,0.5329249501228333,0.4063540995121002,0.35013651847839355,0.7220653891563416,0.7067378163337708,0.18865777552127838,0.12570206820964813,0.6899363398551941,7.22788143157959,5.247046947479248,9.304561614990234,6.351740837097168,5.701780796051025,11.310297966003418,10.108396530151367,4.4182939529418945,2.9781181812286377,9.63070011138916,,,,,,,,,,,9.363340377807617,7.0504021644592285,10.518279075622559,8.86149787902832,8.466782569885254,13.770956993103027,13.756247520446777,5.122666358947754,4.070000648498535,12.653238296508789,,,,,,,,,,,,,,,,,,,,,,,,,,,,,,,,,,,,,,,,
30,5929,,,,,,,,,,,,,,,,,,,,,,,,,,,,,,,,,,,,,,,,,0.24279017746448517,0.1949543058872223,0.10690848529338837,0.3421998620033264,0.33934593200683594,0.35272544622421265,0.3718486428260803,0.045318856835365295,0.14664573967456818,0.28516435623168945,5.15259313583374,3.8332512378692627,3.9491357803344727,6.3087477684021,5.992009162902832,6.955096244812012,7.836627006530762,2.1436774730682373,3.273195505142212,6.081593990325928,,,,,,,,,,,6.745650291442871,4.887971878051758,4.711050033569336,8.131952285766602,8.335295677185059,9.624855995178223,9.978239059448242,2.5107192993164062,4.396003246307373,8.134761810302734,,,,,,,,,,,,,,,,,,,,,,,,,,,,,,,,,,,,,,,,
30,5934,,,,,,,,,,,,,,,,,,,,,,,,,,,,,,,,,,,,,,,,,0.2283228188753128,0.43160074949264526,0.1257331371307373,0.09691654145717621,0.18138927221298218,0.36696261167526245,0.1686038076877594,0.061541907489299774,0.15574319660663605,0.4664139449596405,5.400782108306885,5.802308559417725,4.675407409667969,3.9800069332122803,5.400488376617432,8.098258018493652,5.640769958496094,2.7475311756134033,4.030998706817627,8.231270790100098,,,,,,,,,,,6.355490684509277,7.272829055786133,5.109007358551025,4.327666759490967,6.09404182434082,9.817180633544922,6.718997955322266,2.9257967472076416,4.530309200286865,10.403583526611328,,,,,,,,,,,,,,,,,,,,,,,,,,,,,,,,,,,,,,,,
30,5939,,,,,,,,,,,,,,,,,,,,,,,,,,,,,,,,,,,,,,,,,0.28119754791259766,0.2686088979244232,0.3457213342189789,0.15046380460262299,0.16433396935462952,0.5241912007331848,0.25647807121276855,0.3245658874511719,0.0513322688639164,0.44508248567581177,5.557225704193115,4.57449197769165,7.027980804443359,4.803478717803955,4.5027594566345215,7.214174270629883,6.722081184387207,5.182301044464111,2.077815532684326,7.909946441650391,,,,,,,,,,,7.211683750152588,5.737496852874756,8.471781730651855,5.392261028289795,5.800471782684326,11.733314514160156,8.286972045898438,6.719085216522217,2.6008691787719727,10.162895202636719,,,,,,,,,,,,,,,,,,,,,,,,,,,,,,,,,,,,,,,,
30,5944,,,,,,,,,,,,,,,,,,,,,,,,,,,,,,,,,,,,,,,,,0.5196585655212402,0.36625421047210693,0.17651444673538208,0.30478665232658386,0.8932816982269287,0.9912009835243225,0.421862930059433,0.3975958526134491,0.8124706149101257,0.3129596412181854,7.8108391761779785,6.061963081359863,5.3564300537109375,6.929780006408691,10.033124923706055,12.128175735473633,8.493162155151367,6.680078029632568,8.751623153686523,5.863213062286377,,,,,,,,,,,9.66888427734375,6.699672698974609,6.053433418273926,7.674549102783203,13.523649215698242,16.134544372558594,10.628119468688965,7.436689376831055,10.347302436828613,8.52199649810791,,,,,,,,,,,,,,,,,,,,,,,,,,,,,,,,,,,,,,,,
30,5949,,,,,,,,,,,,,,,,,,,,,,,,,,,,,,,,,,,,,,,,,0.40235763788223267,0.3906986117362976,0.557663083076477,0.6805604696273804,0.4697272777557373,0.4434822201728821,0.25129464268684387,0.3573773503303528,0.2846633195877075,0.18575184047222137,6.760303497314453,5.573694705963135,8.973959922790527,8.320980072021484,7.803344249725342,8.939844131469727,6.545758247375488,4.698074817657471,4.810184478759766,5.176890850067139,,,,,,,,,,,8.6322021484375,6.91963529586792,10.759637832641602,11.468013763427734,9.806692123413086,10.792299270629883,8.202805519104004,7.050537586212158,6.124759197235107,6.565439224243164,,,,,,,,,,,,,,,,,,,,,,,,,,,,,,,,,,,,,,,,
30,5954,,,,,,,,,,,,,,,,,,,,,,,,,,,,,,,,,,,,,,,,,0.4774368107318878,1.4959635734558105,0.5567176342010498,0.3444429636001587,0.4473649859428406,0.16282641887664795,0.47798675298690796,0.08984412252902985,0.060878582298755646,0.6609060168266296,6.938600063323975,9.271309852600098,8.215270042419434,7.147088050842285,7.755940914154053,5.590893268585205,9.962366104125977,3.0431618690490723,2.416041374206543,9.045328140258789,,,,,,,,,,,8.735970497131348,13.540127754211426,10.750511169433594,8.158560752868652,9.570411682128906,6.5394062995910645,11.313024520874023,3.5351150035858154,2.832406520843506,12.384174346923828,,,,,,,,,,,,,,,,,,,,,,,,,,,,,,,,,,,,,,,,
30,5959,,,,,,,,,,,,,,,,,,,,,,,,,,,,,,,,,,,,,,,,,0.320745587348938,0.39006757736206055,0.2975423038005829,0.5053040385246277,0.41572630405426025,0.2625318169593811,0.0675501599907875,0.4266173541545868,0.053143441677093506,0.4682271480560303,6.080388069152832,5.074132919311523,5.972578048706055,8.802111625671387,7.304339408874512,6.518862247467041,3.646937847137451,7.2189836502075195,1.9378819465637207,8.247663497924805,,,,,,,,,,,7.467868328094482,6.914045333862305,7.859339714050293,9.88169002532959,9.225787162780762,8.303607940673828,4.252888202667236,7.703320503234863,2.646355152130127,10.423786163330078,,,,,,,,,,,,,,,,,,,,,,,,,,,,,,,,,,,,,,,,
30,5964,,,,,,,,,,,,,,,,,,,,,,,,,,,,,,,,,,,,,,,,,0.5873746275901794,0.4729602038860321,0.6206885576248169,0.5689972639083862,0.06829505413770676,1.1360825300216675,0.37445157766342163,0.4039861559867859,0.7683207988739014,0.8725894689559937,8.448732376098633,5.7907023429870605,9.336736679077148,9.277628898620605,2.998868942260742,13.721819877624512,8.506209373474121,7.121270656585693,8.98699951171875,10.298358917236328,,,,,,,,,,,10.251669883728027,7.613328456878662,11.3513765335083,10.486002922058105,3.7393341064453125,17.27351951599121,10.013102531433105,7.496213436126709,10.062237739562988,14.229910850524902,,,,,,,,,,,,,,,,,,,,,,,,,,,,,,,,,,,,,,,,
30,5969,,,,,,,,,,,,,,,,,,,,,,,,,,,,,,,,,,,,,,,,,0.3779369294643402,0.218987375497818,0.23848402500152588,0.3547394275665283,0.5241792798042297,0.4668027460575104,0.6394242644309998,0.42626678943634033,0.2512243688106537,0.2813239097595215,6.484638690948486,4.09873104095459,5.815173625946045,6.118687629699707,7.528979301452637,8.197193145751953,8.966730117797852,6.526065349578857,4.31209135055542,6.798095703125,,,,,,,,,,,8.50519847869873,5.180501461029053,7.036251068115234,8.2796049118042,10.359518051147461,11.072420120239258,13.084748268127441,7.700154781341553,5.753791809082031,8.079798698425293,,,,,,,,,,,,,,,,,,,,,,,,,,,,,,,,,,,,,,,,
30,5974,,,,,,,,,,,,,,,,,,,,,,,,,,,,,,,,,,,,,,,,,0.3906739056110382,0.1956143081188202,0.8678561449050903,0.6668448448181152,0.17056086659431458,0.40914201736450195,0.17345185577869415,0.564262866973877,0.1813693642616272,0.2869628965854645,6.647838115692139,4.100840091705322,10.0043306350708,9.371740341186523,5.078399181365967,7.4295148849487305,4.869452953338623,7.272693157196045,4.888833999633789,6.814740180969238,,,,,,,,,,,8.296608924865723,4.896238803863525,13.422564506530762,11.351866722106934,5.909344673156738,10.36604118347168,6.81491231918335,8.859301567077637,4.888833999633789,8.160374641418457,,,,,,,,,,,,,,,,,,,,,,,,,,,,,,,,,,,,,,,,
30,5979,,,,,,,,,,,,,,,,,,,,,,,,,,,,,,,,,,,,,,,,,0.20158496499061584,0.17239584028720856,0.11547480523586273,0.157804474234581,0.2690560519695282,0.26422983407974243,0.225863516330719,0.03528784215450287,0.2704399824142456,0.30371221899986267,5.196657657623291,3.6854195594787598,4.427430152893066,4.819420337677002,5.62075662612915,7.580068588256836,6.23832368850708,2.09006929397583,5.188648700714111,7.119783401489258,,,,,,,,,,,6.124932289123535,4.59648323059082,4.896156311035156,5.522231101989746,7.422001361846924,8.33041763305664,7.776672840118408,2.2154974937438965,5.969785690307617,8.395147323608398,,,,,,,,,,,,,,,,,,,,,,,,,,,,,,,,,,,,,,,,
30,5984,,,,,,,,,,,,,,,,,,,,,,,,,,,,,,,,,,,,,,,,,0.28051626682281494,0.14141681790351868,0.423686146736145,0.2127961665391922,0.1883106678724289,0.4528975188732147,0.23220087587833405,0.3102036118507385,0.35620513558387756,0.2069292813539505,5.8091559410095215,3.5462470054626465,5.875799179077148,5.289870262145996,5.257767200469971,8.870720863342285,6.620718479156494,5.670517921447754,5.504875183105469,5.6458845138549805,,,,,,,,,,,7.256040096282959,4.163061141967773,9.378508567810059,6.412639141082764,6.209221363067627,10.906259536743164,7.885018825531006,6.568741321563721,6.851305961608887,6.929599761962891,,,,,,,,,,,,,,,,,,,,,,,,,,,,,,,,,,,,,,,,
30,5989,,,,,,,,,,,,,,,,,,,,,,,,,,,,,,,,,,,,,,,,,0.28755059838294983,0.28357043862342834,0.07541180402040482,0.26456767320632935,0.36788302659988403,0.22698967158794403,0.37959253787994385,0.2716602683067322,0.42305970191955566,0.295220285654068,5.413023948669434,3.881497383117676,3.2814791202545166,5.378628253936768,5.938192367553711,6.082267761230469,6.832310199737549,4.350834846496582,5.92169713973999,7.05031156539917,,,,,,,,,,,7.263797283172607,5.8951215744018555,3.956683397293091,7.150282382965088,8.678696632385254,7.721095085144043,10.081603050231934,6.147121429443359,7.466620922088623,8.276949882507324,,,,,,,,,,,,,,,,,,,,,,,,,,,,,,,,,,,,,,,,
30,5994,,,,,,,,,,,,,,,,,,,,,,,,,,,,,,,,,,,,,,,,,0.34075918793678284,0.2703419327735901,0.2423192411661148,0.4781542122364044,0.16768866777420044,0.5685564279556274,0.25505122542381287,0.6420543193817139,0.1800551861524582,0.2626112997531891,5.90664005279541,4.137386798858643,5.189992427825928,7.446348667144775,4.857089042663574,9.088166236877441,5.7645368576049805,6.869832992553711,4.109102725982666,5.697301387786865,,,,,,,,,,,7.881331443786621,5.755975723266602,7.092602729797363,9.612555503845215,5.859377384185791,12.219758987426758,8.26388931274414,9.450279235839844,4.871089935302734,7.806455612182617,,,,,,,,,,,,,,,,,,,,,,,,,,,,,,,,,,,,,,,,
30,5999,,,,,,,,,,,,,,,,,,,,,,,,,,,,,,,,,,,,,,,,,0.40415158867836,0.2657659947872162,0.825967013835907,1.3633599281311035,0.16552050411701202,0.22995758056640625,0.18588197231292725,0.09406814724206924,0.198826402425766,0.3080168068408966,6.65908670425415,4.669413089752197,10.654908180236816,14.136136054992676,4.612844467163086,5.808954238891602,5.651844024658203,3.141988754272461,4.418975830078125,6.836711883544922,,,,,,,,,,,8.096810340881348,5.707054138183594,13.094624519348145,16.231555938720703,5.82137393951416,7.771408557891846,7.054876327514648,3.617262601852417,5.118707656860352,8.454431533813477,,,,,,,,,,,,,,,,,,,,,,,,,,,,,,,,,,,,,,,,
30,6004,,,,,,,,,,,,,,,,,,,,,,,,,,,,,,,,,,,,,,,,,0.40111246705055237,0.2026352733373642,0.519119918346405,0.21508978307247162,0.550993800163269,0.4597352147102356,0.3341171145439148,0.26585501432418823,0.15154412388801575,0.9109216928482056,7.176754474639893,4.16219425201416,8.6350679397583,6.098517417907715,8.716560363769531,9.044730186462402,7.90679931640625,4.866647720336914,3.998582124710083,11.16169261932373,,,,,,,,,,,8.663168907165527,4.983331680297852,10.381152153015137,6.447105407714844,10.621186256408691,10.988280296325684,9.458454132080078,6.081086158752441,4.468819618225098,14.539107322692871,,,,,,,,,,,,,,,,,,,,,,,,,,,,,,,,,,,,,,,,
30,6009,,,,,,,,,,,,,,,,,,,,,,,,,,,,,,,,,,,,,,,,,0.24504788219928741,0.27776941657066345,0.1757030338048935,0.3749096393585205,0.15911903977394104,0.3208960294723511,0.21826870739459991,0.12570896744728088,0.22112268209457397,0.33193349838256836,5.492539405822754,4.838986873626709,5.105179309844971,6.534666538238525,4.981081485748291,6.847242832183838,6.087647438049316,3.815486431121826,4.375138759613037,6.847423553466797,,,,,,,,,,,6.808310031890869,5.8345112800598145,6.039504528045654,8.511736869812012,5.7076945304870605,9.18032455444336,7.6448073387146,4.181593418121338,5.398087501525879,8.776528358459473,,,,,,,,,,,,,,,,,,,,,,,,,,,,,,,,,,,,,,,,
30,6013,,,,,,,,,,,,,,,,,,,,,,,,,,,,,,,,,,,,,,,,,,,,,,,,,,,6.20563268661499,5.0595784187316895,6.121951103210449,5.88424015045166,6.419501781463623,7.889943599700928,6.884469985961914,5.271064281463623,5.357555866241455,6.962385654449463,0.6204919815063477,0.6087045669555664,0.680403470993042,0.6818735599517822,0.6245341300964355,0.5343801975250244,0.6073954105377197,0.6498311758041382,0.6107528805732727,0.5865523815155029,8.215035438537598,6.747002124786377,8.021130561828613,7.809492111206055,8.597661972045898,10.413596153259277,9.239336013793945,6.8949360847473145,7.074185848236084,9.137979507446289,0.5479670166969299,0.5441251397132874,0.6881307363510132,0.3977132737636566,0.5808186531066895,0.619653582572937,0.4628770053386688,0.5146592259407043,0.5877808928489685,0.535944402217865,7.708261966705322,5.623452186584473,8.90768814086914,6.6699981689453125,8.498384475708008,9.721312522888184,8.616717338562012,6.408303260803223,6.780134677886963,8.148369789123535,0.402527779340744,0.4416489601135254,0.43677711486816406,0.5588207244873047,0.30602824687957764,0.43884241580963135,0.531737208366394,0.22268754243850708,0.20698106288909912,0.47922682762145996,10.315747261047363,8.268333435058594,11.506027221679688,9.86759090423584,11.27109432220459,12.879463195800781,10.939553260803223,8.219548225402832,9.055609703063965,10.834507942199707
31,6014,,,,,,,,,,,,,,,,,,,,,,,,,,,,,,,,,,,,,,,,,0.2625986933708191,0.2771700620651245,0.23414728045463562,0.325819730758667,0.2713403105735779,0.2634895145893097,0.1149541512131691,0.3518415689468384,0.13558492064476013,0.3890407085418701,5.552328586578369,4.776673793792725,5.950817108154297,6.704331398010254,5.990467071533203,7.584970474243164,4.622664451599121,5.7391839027404785,3.307805299758911,5.294042587280273,,,,,,,,,,,6.975502014160156,5.828213691711426,6.971981525421143,7.934938907623291,7.453441143035889,8.31873893737793,5.547957897186279,6.995718002319336,4.226968765258789,9.501555442810059,,,,,,,,,,,,,,,,,,,,,,,,,,,,,,,,,,,,,,,,
31,6019,,,,,,,,,,,,,,,,,,,,,,,,,,,,,,,,,,,,,,,,,0.30909666419029236,0.1654711216688156,0.12352243065834045,0.1721149981021881,0.36588799953460693,0.6605356335639954,0.8022210001945496,0.09912826865911484,0.06579762697219849,0.3271907866001129,5.712348461151123,3.3853869438171387,4.550195693969727,4.397472858428955,6.346223831176758,11.20416259765625,9.833168983459473,3.0380747318267822,2.1120781898498535,6.544373512268066,,,,,,,,,,,7.465352535247803,4.5032219886779785,5.063893795013428,5.767189979553223,8.655133247375488,13.171158790588379,14.65608024597168,3.7132785320281982,2.9446144104003906,8.713602066040039,,,,,,,,,,,,,,,,,,,,,,,,,,,,,,,,,,,,,,,,
31,6024,,,,,,,,,,,,,,,,,,,,,,,,,,,,,,,,,,,,,,,,,0.39618465304374695,0.36680516600608826,0.6448257565498352,0.18690359592437744,0.5169386863708496,0.2902640998363495,0.24597468972206116,0.7542232275009155,0.327637255191803,0.23208920657634735,6.352789402008057,5.611366271972656,7.800495624542236,4.684612274169922,9.279114723205566,6.5040974617004395,6.831014156341553,6.932267189025879,4.77486515045166,4.757267475128174,,,,,,,,,,,8.396793365478516,6.704710006713867,11.569986343383789,6.009851455688477,10.287720680236816,8.731170654296875,8.115513801574707,10.24256420135498,6.570825576782227,7.3387932777404785,,,,,,,,,,,,,,,,,,,,,,,,,,,,,,,,,,,,,,,,
31,6029,,,,,,,,,,,,,,,,,,,,,,,,,,,,,,,,,,,,,,,,,0.23274925351142883,0.2550506591796875,0.0787241980433464,0.4361463487148285,0.2630581855773926,0.2997009754180908,0.10726770758628845,0.21772664785385132,0.10129322111606598,0.33577513694763184,5.4389424324035645,4.814639568328857,3.3783791065216064,7.974766254425049,6.693610668182373,7.5356340408325195,4.2740797996521,3.967203378677368,2.698613166809082,7.61355447769165,,,,,,,,,,,6.4853339195251465,5.590819835662842,4.042646408081055,9.180599212646484,7.338808536529541,8.871967315673828,5.3592658042907715,5.503190517425537,3.653536796569824,8.827170372009277,,,,,,,,,,,,,,,,,,,,,,,,,,,,,,,,,,,,,,,,
31,6034,,,,,,,,,,,,,,,,,,,,,,,,,,,,,,,,,,,,,,,,,0.33948859572410583,0.20401838421821594,0.7635162472724915,0.1822148710489273,0.1740618199110031,0.38553357124328613,0.26648756861686707,0.1576760709285736,0.759336531162262,0.16255198419094086,5.797537803649902,3.7890732288360596,9.910313606262207,5.280820369720459,4.275256156921387,7.680626392364502,6.354711055755615,3.879098892211914,6.463110446929932,4.544831275939941,,,,,,,,,,,7.647965431213379,5.000309944152832,12.589858055114746,5.933989524841309,5.96968412399292,10.062524795532227,8.447132110595703,4.683187484741211,10.003233909606934,6.1417670249938965,,,,,,,,,,,,,,,,,,,,,,,,,,,,,,,,,,,,,,,,
31,6039,,,,,,,,,,,,,,,,,,,,,,,,,,,,,,,,,,,,,,,,,0.18266001343727112,0.4240652918815613,0.12153719365596771,0.11030202358961105,0.18817536532878876,0.12788045406341553,0.11945260316133499,0.21741251647472382,0.1269286870956421,0.20818595588207245,4.4392499923706055,4.543247699737549,4.25261926651001,4.102200031280518,5.069932460784912,4.643815040588379,4.3201470375061035,4.108075141906738,3.4378700256347656,5.475343704223633,,,,,,,,,,,5.671820163726807,7.209060192108154,5.023035526275635,4.616859436035156,6.206989288330078,5.795327186584473,5.655468463897705,5.499218463897705,4.089810848236084,6.9506096839904785,,,,,,,,,,,,,,,,,,,,,,,,,,,,,,,,,,,,,,,,
31,6044,,,,,,,,,,,,,,,,,,,,,,,,,,,,,,,,,,,,,,,,,0.3198348581790924,0.2646678686141968,0.23812897503376007,0.48651057481765747,0.2859768569469452,0.6733894944190979,0.1924014538526535,0.09364104270935059,0.19302216172218323,0.4507754445075989,6.203373432159424,4.602085590362549,6.461511135101318,8.863987922668457,5.623675346374512,8.673001289367676,5.111924648284912,3.34906005859375,4.458034515380859,8.687078475952148,,,,,,,,,,,7.714518070220947,5.695250988006592,7.031010627746582,9.696187973022461,7.65182638168335,13.29869556427002,7.1775288581848145,3.609041452407837,5.043440341949463,10.227684020996094,,,,,,,,,,,,,,,,,,,,,,,,,,,,,,,,,,,,,,,,
31,6049,,,,,,,,,,,,,,,,,,,,,,,,,,,,,,,,,,,,,,,,,0.2386654168367386,0.17488953471183777,0.2463468760251999,0.19255571067333221,0.15513378381729126,0.11600172519683838,0.34935513138771057,0.2314133495092392,0.24877944588661194,0.4335134029388428,5.286142826080322,3.645254611968994,6.289657115936279,4.407828330993652,4.128295421600342,4.579934597015381,7.331274509429932,4.18448543548584,5.233569145202637,7.774988651275635,,,,,,,,,,,6.681917667388916,4.629607677459717,7.151303291320801,6.100045680999756,5.635765075683594,5.51960563659668,9.671734809875488,5.673524379730225,5.7257256507873535,10.029942512512207,,,,,,,,,,,,,,,,,,,,,,,,,,,,,,,,,,,,,,,,
31,6054,,,,,,,,,,,,,,,,,,,,,,,,,,,,,,,,,,,,,,,,,0.234786719083786,0.3193480372428894,0.14793339371681213,0.10343331098556519,0.11898095905780792,0.5422073602676392,0.1873512864112854,0.1934136152267456,0.18961605429649353,0.3107966184616089,5.16997766494751,5.450910568237305,4.42697286605835,3.230825424194336,3.8146209716796875,8.08856201171875,5.955255031585693,4.613584041595459,3.525559425354004,7.423505783081055,,,,,,,,,,,6.5442328453063965,6.255966663360596,5.541722297668457,4.470798969268799,4.935582160949707,11.933245658874512,7.082704544067383,5.186832904815674,4.998743534088135,8.492496490478516,,,,,,,,,,,,,,,,,,,,,,,,,,,,,,,,,,,,,,,,
31,6059,,,,,,,,,,,,,,,,,,,,,,,,,,,,,,,,,,,,,,,,,0.3248140513896942,0.40605467557907104,0.23883910477161407,0.23970089852809906,0.3295460641384125,0.7636132836341858,0.2382296323776245,0.06597548723220825,0.4255230128765106,0.21584448218345642,5.908782482147217,5.435265064239502,6.4316606521606445,5.777554512023926,6.191346168518066,9.182861328125,6.442107677459717,2.6679582595825195,6.070377826690674,4.979909896850586,,,,,,,,,,,7.651014804840088,7.054309368133545,7.041486740112305,6.805965423583984,8.214056968688965,14.161609649658203,7.986723899841309,3.0293540954589844,7.4883270263671875,7.077301502227783,,,,,,,,,,,,,,,,,,,,,,,,,,,,,,,,,,,,,,,,
31,6064,,,,,,,,,,,,,,,,,,,,,,,,,,,,,,,,,,,,,,,,,0.35868895053863525,0.3801770806312561,0.6517258882522583,0.14341655373573303,0.6053076982498169,0.26447710394859314,0.28783535957336426,0.2591482996940613,0.2058725208044052,0.43024006485939026,6.526687145233154,6.122045993804932,8.198118209838867,4.5301103591918945,8.309645652770996,6.420340538024902,6.854828834533691,4.691379547119141,5.154067039489746,8.459647178649902,,,,,,,,,,,8.130242347717285,6.825826168060303,11.631726264953613,5.264468669891357,11.132372856140137,8.334314346313477,8.778956413269043,6.003891944885254,5.208617687225342,9.99200439453125,,,,,,,,,,,,,,,,,,,,,,,,,,,,,,,,,,,,,,,,
31,6069,,,,,,,,,,,,,,,,,,,,,,,,,,,,,,,,,,,,,,,,,0.3594927191734314,0.36421099305152893,0.48166725039482117,0.5087890028953552,0.5293416380882263,0.3936973214149475,0.31755930185317993,0.1736978143453598,0.09155509620904922,0.37491610646247864,6.634246826171875,5.569908618927002,9.325674057006836,6.840999126434326,7.455969333648682,8.473779678344727,7.0016679763793945,4.2881622314453125,3.2848525047302246,7.467207908630371,,,,,,,,,,,8.2347412109375,6.6809587478637695,9.999658584594727,9.9157075881958,10.410406112670898,10.168503761291504,9.221109390258789,4.9153666496276855,3.473478078842163,9.327478408813477,,,,,,,,,,,,,,,,,,,,,,,,,,,,,,,,,,,,,,,,
31,6074,,,,,,,,,,,,,,,,,,,,,,,,,,,,,,,,,,,,,,,,,0.5121022462844849,0.28943878412246704,0.34902501106262207,1.1221950054168701,0.25571316480636597,0.48364341259002686,0.5583909153938293,0.5285793542861938,0.3888378143310547,0.6330963969230652,7.619118690490723,4.628081321716309,6.035231590270996,11.175660133361816,6.393576145172119,8.875421524047852,8.391340255737305,7.1006622314453125,6.106383800506592,9.865714073181152,,,,,,,,,,,9.753484725952148,5.955807209014893,8.512163162231445,14.726144790649414,7.235627174377441,11.270378112792969,12.227563858032227,8.574599266052246,7.158261299133301,12.12082290649414,,,,,,,,,,,,,,,,,,,,,,,,,,,,,,,,,,,,,,,,
31,6079,,,,,,,,,,,,,,,,,,,,,,,,,,,,,,,,,,,,,,,,,0.46210309863090515,0.660948634147644,0.5410544276237488,0.41821590065956116,0.36099740862846375,0.4319292902946472,0.46955591440200806,0.1699427217245102,0.7838212251663208,0.32246214151382446,7.391809940338135,7.238859176635742,9.165356636047363,6.781304359436035,7.641119480133057,9.101892471313477,8.736688613891602,3.894763946533203,6.777707576751709,7.188595771789551,,,,,,,,,,,9.191608428955078,9.00007438659668,10.598200798034668,8.989906311035156,8.597094535827637,10.650799751281738,11.212810516357422,4.861944675445557,10.163229942321777,8.650407791137695,,,,,,,,,,,,,,,,,,,,,,,,,,,,,,,,,,,,,,,,
31,6084,,,,,,,,,,,,,,,,,,,,,,,,,,,,,,,,,,,,,,,,,0.380526602268219,0.3777691125869751,0.18028470873832703,0.1791522353887558,0.3108597993850708,0.5330165028572083,0.5049289464950562,0.8335983157157898,0.27778443694114685,0.2273452877998352,6.81990909576416,5.231987953186035,5.268196105957031,5.445018768310547,6.428462505340576,9.212342262268066,9.65408706665039,9.035832405090332,5.606122016906738,5.497132778167725,,,,,,,,,,,8.258280754089355,6.80417537689209,6.117741107940674,5.883909702301025,7.97777795791626,11.831673622131348,11.627488136291504,10.768052101135254,6.050304889678955,7.263403415679932,,,,,,,,,,,,,,,,,,,,,,,,,,,,,,,,,,,,,,,,
31,6089,,,,,,,,,,,,,,,,,,,,,,,,,,,,,,,,,,,,,,,,,0.20606201887130737,0.24930515885353088,0.3161669969558716,0.11748906224966049,0.20513881742954254,0.2165481597185135,0.12230177223682404,0.20334678888320923,0.31437593698501587,0.10988543927669525,4.91524076461792,4.2946553230285645,7.293502330780029,3.840233564376831,5.414040565490723,5.605042457580566,4.717226505279541,3.7620856761932373,4.955403804779053,4.354976654052734,,,,,,,,,,,6.104797840118408,5.527489185333252,8.101583480834961,4.764898300170898,6.480724811553955,7.541419506072998,5.722517967224121,5.318355560302734,6.4364728927612305,5.04971981048584,,,,,,,,,,,,,,,,,,,,,,,,,,,,,,,,,,,,,,,,
31,6094,,,,,,,,,,,,,,,,,,,,,,,,,,,,,,,,,,,,,,,,,0.30967584252357483,0.12995663285255432,0.023638824000954628,0.45932286977767944,0.4878992438316345,0.2740941643714905,0.354607492685318,0.35698193311691284,0.4679480493068695,0.23263348639011383,6.058119297027588,3.2284491062164307,1.9195499420166016,7.095911026000977,8.163702964782715,7.626476764678955,8.111072540283203,6.362003326416016,6.334599018096924,5.681309700012207,,,,,,,,,,,7.344162940979004,3.990814208984375,2.215259313583374,9.421367645263672,9.994584083557129,8.484489440917969,9.744168281555176,7.046635627746582,7.852756023406982,7.347393989562988,,,,,,,,,,,,,,,,,,,,,,,,,,,,,,,,,,,,,,,,
31,6099,,,,,,,,,,,,,,,,,,,,,,,,,,,,,,,,,,,,,,,,,0.36823877692222595,0.3891443610191345,0.46825429797172546,0.2404612898826599,0.6168572306632996,0.3805970251560211,0.4396551251411438,0.4337981641292572,0.2240278720855713,0.12135352939367294,6.456564426422119,5.104075908660889,8.313663482666016,4.851043224334717,9.005510330200195,7.012274265289307,8.619598388671875,6.251314163208008,4.2714152336120605,4.680184364318848,,,,,,,,,,,8.241772651672363,6.905858516693115,9.85944652557373,6.816751003265381,11.238076210021973,9.997895240783691,10.84992790222168,7.767881393432617,5.433432579040527,5.306685924530029,,,,,,,,,,,,,,,,,,,,,,,,,,,,,,,,,,,,,,,,
31,6104,,,,,,,,,,,,,,,,,,,,,,,,,,,,,,,,,,,,,,,,,0.2160104513168335,0.16823387145996094,0.26445627212524414,0.1643020659685135,0.27126947045326233,0.14680325984954834,0.28115659952163696,0.32661697268486023,0.13871482014656067,0.1825406849384308,4.890956401824951,3.6413755416870117,5.755558490753174,4.211255073547363,4.959452152252197,4.638538837432861,7.145633220672607,4.663174629211426,3.5188770294189453,5.484745502471924,,,,,,,,,,,6.383046627044678,4.540660381317139,7.409494876861572,5.634773254394531,7.45246696472168,6.209314823150635,8.676507949829102,6.74028205871582,4.275478363037109,6.508441925048828,,,,,,,,,,,,,,,,,,,,,,,,,,,,,,,,,,,,,,,,
31,6109,,,,,,,,,,,,,,,,,,,,,,,,,,,,,,,,,,,,,,,,,0.21379873156547546,0.15688616037368774,0.1456259787082672,0.11249163001775742,0.3478447496891022,0.3455531597137451,0.4002896547317505,0.1252732127904892,0.040129777044057846,0.25009429454803467,5.426877021789551,3.518091917037964,5.076050758361816,4.142850399017334,7.58406400680542,8.13057804107666,8.391855239868164,3.761168956756592,1.9789879322052002,6.258244037628174,,,,,,,,,,,6.328453063964844,4.384848594665527,5.49833345413208,4.662458896636963,8.439026832580566,9.526497840881348,10.352805137634277,4.174339771270752,2.2996232509613037,7.618142604827881,,,,,,,,,,,,,,,,,,,,,,,,,,,,,,,,,,,,,,,,
31,6114,,,,,,,,,,,,,,,,,,,,,,,,,,,,,,,,,,,,,,,,,0.20172196626663208,0.24438604712486267,0.1696862280368805,0.20982570946216583,0.18495863676071167,0.24961605668067932,0.19795367121696472,0.138746976852417,0.14224472641944885,0.2780795097351074,5.064545631408691,4.550567626953125,4.353586196899414,5.519152641296387,5.111982822418213,6.864990234375,5.801544666290283,3.3386991024017334,3.714956283569336,6.325431823730469,,,,,,,,,,,6.229127883911133,5.47268533706665,5.935194969177246,6.367724418640137,6.1537089347839355,8.096776008605957,7.280355453491211,4.393094062805176,4.329536437988281,8.033072471618652,,,,,,,,,,,,,,,,,,,,,,,,,,,,,,,,,,,,,,,,
31,6119,,,,,,,,,,,,,,,,,,,,,,,,,,,,,,,,,,,,,,,,,0.3444249927997589,0.24209441244602203,0.2948073744773865,0.43724140524864197,0.18523475527763367,0.15107420086860657,0.29771342873573303,0.3537110686302185,0.5300165414810181,0.6079317331314087,6.5235748291015625,4.517813682556152,6.58677864074707,7.883126735687256,4.286811351776123,5.709554195404053,7.839853286743164,6.4018425941467285,6.038217067718506,9.448176383972168,,,,,,,,,,,7.899660110473633,5.44696569442749,7.823134899139404,9.192116737365723,6.158300399780273,6.2989912033081055,8.928325653076172,7.014279365539551,8.357338905334473,11.87748908996582,,,,,,,,,,,,,,,,,,,,,,,,,,,,,,,,,,,,,,,,
31,6124,,,,,,,,,,,,,,,,,,,,,,,,,,,,,,,,,,,,,,,,,0.436371386051178,0.5864526629447937,0.07574783265590668,0.4639391005039215,0.2670988142490387,0.5962868928909302,0.2658570408821106,0.43563175201416016,0.5293851494789124,0.7069433331489563,7.059727668762207,6.112510681152344,3.3779776096343994,6.980820655822754,5.851613998413086,10.259767532348633,6.884421348571777,7.099529266357422,6.392484664916992,10.578425407409668,,,,,,,,,,,8.80033016204834,8.477713584899902,3.965488910675049,9.46859073638916,7.394957065582275,12.51421070098877,8.437132835388184,7.784281253814697,8.3523588180542,12.808241844177246,,,,,,,,,,,,,,,,,,,,,,,,,,,,,,,,,,,,,,,,
31,6129,,,,,,,,,,,,,,,,,,,,,,,,,,,,,,,,,,,,,,,,,0.2796958386898041,0.2972061336040497,0.2947970926761627,0.38252755999565125,0.2944956123828888,0.2499978244304657,0.1498122364282608,0.36633214354515076,0.2139662802219391,0.2681276202201843,5.8987627029418945,4.986027240753174,5.919548988342285,7.057921886444092,6.634014129638672,6.903926849365234,4.1190900802612305,6.774008274078369,3.580258846282959,7.114066123962402,,,,,,,,,,,7.221529006958008,6.035192489624023,7.822999000549316,8.5977783203125,7.764956951141357,8.102965354919434,6.33350944519043,7.1383233070373535,5.310017108917236,7.888019561767578,,,,,,,,,,,,,,,,,,,,,,,,,,,,,,,,,,,,,,,,
31,6134,,,,,,,,,,,,,,,,,,,,,,,,,,,,,,,,,,,,,,,,,0.2866579294204712,0.385918527841568,0.3623204529285431,0.31779661774635315,0.35104262828826904,0.18864040076732635,0.3792589008808136,0.11263144016265869,0.06296950578689575,0.41934266686439514,6.057244300842285,5.268048286437988,7.518039226531982,6.480381011962891,6.815165996551514,6.405781269073486,8.310275077819824,3.3239428997039795,2.673902988433838,7.719660758972168,,,,,,,,,,,7.298178195953369,6.877175331115723,8.672775268554688,7.83663272857666,8.477729797363281,7.038712024688721,10.07717227935791,3.958116292953491,2.88063645362854,9.86465072631836,,,,,,,,,,,,,,,,,,,,,,,,,,,,,,,,,,,,,,,,
31,6139,,,,,,,,,,,,,,,,,,,,,,,,,,,,,,,,,,,,,,,,,0.5708658695220947,0.8687151670455933,0.8444805145263672,0.2246560901403427,0.4857414662837982,0.348349004983902,0.3423466384410858,0.293745219707489,1.0094690322875977,0.7202893495559692,8.088404655456543,8.031259536743164,10.568868637084961,4.730782985687256,7.786105632781982,7.276152610778809,8.16424560546875,5.564819812774658,10.361557006835938,10.311842918395996,,,,,,,,,,,10.012630462646484,10.318129539489746,13.24056339263916,6.588916301727295,9.972458839416504,9.564959526062012,9.574228286743164,6.392107963562012,11.533730506896973,12.92857551574707,,,,,,,,,,,,,,,,,,,,,,,,,,,,,,,,,,,,,,,,
31,6144,,,,,,,,,,,,,,,,,,,,,,,,,,,,,,,,,,,,,,,,,0.23389270901679993,0.5074125528335571,0.18754400312900543,0.15607982873916626,0.2465513050556183,0.2802187204360962,0.37786954641342163,0.0022571932058781385,0.18188263475894928,0.16521871089935303,5.11328649520874,6.272284030914307,5.014218330383301,4.807037353515625,5.790699481964111,6.799201488494873,8.44243335723877,0.5010196566581726,3.9630887508392334,4.429598331451416,,,,,,,,,,,6.3341898918151855,7.88574743270874,6.239693641662598,5.491971969604492,7.104823589324951,8.578758239746094,10.058696746826172,0.5603291392326355,4.89574670791626,6.191941261291504,,,,,,,,,,,,,,,,,,,,,,,,,,,,,,,,,,,,,,,,
31,6149,,,,,,,,,,,,,,,,,,,,,,,,,,,,,,,,,,,,,,,,,0.4290553629398346,0.6103336215019226,0.4154137969017029,0.2285366952419281,0.5377278327941895,0.7911243438720703,0.27477967739105225,0.631227433681488,0.08358869701623917,0.28876614570617676,7.079835891723633,7.531397342681885,8.071773529052734,5.730719566345215,8.299388885498047,11.526289939880371,6.6833815574646,6.862431526184082,2.3522865772247314,6.660854339599609,,,,,,,,,,,8.771154403686523,8.648602485656738,9.286500930786133,6.6455793380737305,10.492547035217285,14.41445541381836,8.577547073364258,9.370260238647461,3.318922281265259,8.18597412109375,,,,,,,,,,,,,,,,,,,,,,,,,,,,,,,,,,,,,,,,
31,6154,,,,,,,,,,,,,,,,,,,,,,,,,,,,,,,,,,,,,,,,,0.41036456823349,0.344690203666687,0.4828437268733978,0.20179413259029388,0.2665557265281677,0.2463853657245636,0.25583070516586304,1.1449369192123413,0.5859368443489075,0.16430750489234924,6.90411376953125,5.356569290161133,9.34751033782959,5.411834716796875,6.33919095993042,5.866336345672607,5.916810035705566,11.935686111450195,6.4204206466674805,5.54266881942749,,,,,,,,,,,8.227316856384277,6.499452114105225,10.01186466217041,6.244665145874023,7.387434959411621,8.044208526611328,8.276507377624512,12.61971378326416,8.787162780761719,6.174842834472656,,,,,,,,,,,,,,,,,,,,,,,,,,,,,,,,,,,,,,,,
31,6159,,,,,,,,,,,,,,,,,,,,,,,,,,,,,,,,,,,,,,,,,0.29270029067993164,0.25808602571487427,0.14230836927890778,0.12178909778594971,0.29336270689964294,0.7466486692428589,0.18354035913944244,0.20245212316513062,0.1340702474117279,0.5520451664924622,5.916004657745361,4.860256671905518,5.222527503967285,4.434059143066406,6.4714579582214355,9.09217643737793,5.522724628448486,4.951262474060059,3.719547986984253,8.970029830932617,,,,,,,,,,,7.278076171875,5.623990058898926,5.435342311859131,4.851310729980469,7.750007152557373,14.00341796875,7.010299205780029,5.306643486022949,4.203291416168213,11.31838607788086,,,,,,,,,,,,,,,,,,,,,,,,,,,,,,,,,,,,,,,,
31,6164,,,,,,,,,,,,,,,,,,,,,,,,,,,,,,,,,,,,,,,,,0.3843308687210083,0.1313280314207077,0.5762268900871277,0.2911674678325653,0.23885565996170044,0.41821643710136414,0.11100102961063385,1.2081955671310425,0.2224503457546234,0.2615360617637634,6.1323771476745605,3.2626941204071045,8.478328704833984,5.235433101654053,5.739433288574219,6.997017860412598,4.729403018951416,9.874709129333496,5.031937599182129,5.84243631362915,,,,,,,,,,,7.94930362701416,4.011816024780273,10.937255859375,7.501123428344727,6.993062973022461,10.480364799499512,5.451729774475098,12.963650703430176,5.414268970489502,7.790457725524902,,,,,,,,,,,,,,,,,,,,,,,,,,,,,,,,,,,,,,,,
31,6169,,,,,,,,,,,,,,,,,,,,,,,,,,,,,,,,,,,,,,,,,0.3261210024356842,0.4053835868835449,0.6672621965408325,0.36013737320899963,0.3601492643356323,0.3775290250778198,0.2670234143733978,0.2669389843940735,0.041625287383794785,0.1890401542186737,6.578332901000977,5.748528480529785,10.84813404083252,7.855343818664551,6.857009410858154,8.522988319396973,6.363644123077393,5.15562105178833,2.342081069946289,5.511641025543213,,,,,,,,,,,7.6910400390625,7.048478126525879,11.769551277160645,8.342360496520996,8.586989402770996,9.957515716552734,8.455619812011719,6.093470573425293,2.342081069946289,6.623296737670898,,,,,,,,,,,,,,,,,,,,,,,,,,,,,,,,,,,,,,,,
31,6174,,,,,,,,,,,,,,,,,,,,,,,,,,,,,,,,,,,,,,,,,0.46061357855796814,0.6781302690505981,0.34678784012794495,0.5335840582847595,0.3884877562522888,0.44669145345687866,0.46117332577705383,0.3566364049911499,0.7445636987686157,0.189467653632164,7.454761028289795,7.1240620613098145,7.331178188323975,9.009485244750977,7.294187068939209,9.230375289916992,7.710230350494385,6.108389377593994,7.473369121551514,5.811572551727295,,,,,,,,,,,9.133002281188965,9.116305351257324,8.484838485717773,10.154448509216309,8.918427467346191,10.831277847290039,11.112273216247559,7.043224811553955,9.905450820922852,6.630781650543213,,,,,,,,,,,,,,,,,,,,,,,,,,,,,,,,,,,,,,,,
31,6179,,,,,,,,,,,,,,,,,,,,,,,,,,,,,,,,,,,,,,,,,0.5331198573112488,0.411056786775589,0.5738364458084106,0.4511319398880005,0.4959498643875122,0.46387434005737305,0.49958717823028564,0.3018310070037842,0.8926517963409424,0.7081589102745056,8.21826171875,5.748579978942871,9.977607727050781,7.738150119781494,7.744824409484863,9.709486961364746,8.033395767211914,5.643385410308838,9.651558876037598,9.717368125915527,,,,,,,,,,,10.01932430267334,7.09762716293335,10.914546966552734,9.336984634399414,10.076704978942871,11.037635803222656,11.565818786621094,6.479487895965576,10.845868110656738,12.819249153137207,,,,,,,,,,,,,,,,,,,,,,,,,,,,,,,,,,,,,,,,
31,6184,,,,,,,,,,,,,,,,,,,,,,,,,,,,,,,,,,,,,,,,,0.36970722675323486,0.5983871817588806,0.20451374351978302,0.2635370194911957,0.18150345981121063,0.4543050527572632,0.15445993840694427,0.1494903564453125,0.8168932795524597,0.5042749047279358,5.979057788848877,6.5960259437561035,5.353344917297363,4.861696243286133,5.0666069984436035,8.964505195617676,5.127928733825684,3.959441661834717,6.380210876464844,7.501760482788086,,,,,,,,,,,7.935438632965088,8.563541412353516,6.5158772468566895,7.136342525482178,6.095959663391113,10.92319393157959,6.431003570556641,4.560005187988281,10.375426292419434,10.817598342895508,,,,,,,,,,,,,,,,,,,,,,,,,,,,,,,,,,,,,,,,
31,6189,,,,,,,,,,,,,,,,,,,,,,,,,,,,,,,,,,,,,,,,,0.3288959860801697,0.11857278645038605,0.4127616882324219,0.35546571016311646,0.2661324143409729,0.45861950516700745,0.12024888396263123,0.45534443855285645,0.3372300863265991,0.4356883466243744,6.397196292877197,3.019275665283203,7.790401458740234,6.632734298706055,6.388144493103027,8.433378219604492,4.401591777801514,6.734933853149414,5.937028408050537,8.237275123596191,,,,,,,,,,,7.78528356552124,3.812016487121582,9.256810188293457,8.288076400756836,7.381566047668457,10.974939346313477,5.67428731918335,7.958454608917236,6.666324138641357,10.055071830749512,,,,,,,,,,,,,,,,,,,,,,,,,,,,,,,,,,,,,,,,
31,6194,,,,,,,,,,,,,,,,,,,,,,,,,,,,,,,,,,,,,,,,,0.1624169796705246,0.20694872736930847,0.18094761669635773,0.04607284814119339,0.22730958461761475,0.10229407250881195,0.15689745545387268,0.07584639638662338,0.0819922685623169,0.3834438621997833,4.133933067321777,3.2844886779785156,4.72011661529541,2.575511932373047,5.081381320953369,4.427804470062256,5.076211452484131,2.8407037258148193,2.520761489868164,6.678417682647705,,,,,,,,,,,5.40041971206665,5.0360918045043945,6.128978252410889,2.9838528633117676,6.821949005126953,5.183237075805664,6.481547832489014,3.2480762004852295,3.2870757579803467,9.432962417602539,,,,,,,,,,,,,,,,,,,,,,,,,,,,,,,,,,,,,,,,
31,6199,,,,,,,,,,,,,,,,,,,,,,,,,,,,,,,,,,,,,,,,,0.4867178499698639,0.7960929274559021,0.42657071352005005,0.5457133054733276,0.36447712779045105,0.7879413962364197,0.4100242853164673,0.4375002980232239,0.1936192363500595,0.41852155327796936,7.577971458435059,6.810197830200195,8.313383102416992,9.003281593322754,6.900064945220947,11.002497673034668,8.379617691040039,5.988560199737549,4.771987438201904,7.032153606414795,,,,,,,,,,,9.529555320739746,9.877434730529785,9.410380363464355,10.26921272277832,8.638429641723633,14.385430335998535,10.47793197631836,7.800957679748535,5.051234245300293,9.854988098144531,,,,,,,,,,,,,,,,,,,,,,,,,,,,,,,,,,,,,,,,
31,6204,,,,,,,,,,,,,,,,,,,,,,,,,,,,,,,,,,,,,,,,,0.4452058970928192,0.31835079193115234,0.5545080900192261,0.2879970371723175,0.6070690751075745,0.6602336168289185,0.10884871333837509,0.4668380618095398,0.3455808162689209,0.6574273109436035,7.558957576751709,5.347798824310303,10.302276611328125,7.343900680541992,7.770713806152344,10.321306228637695,4.641573905944824,7.706204891204834,6.208398342132568,8.388443946838379,,,,,,,,,,,9.034334182739258,6.246191024780273,10.729156494140625,7.4601731300354,11.148558616638184,13.168147087097168,5.398616313934326,8.058269500732422,6.748357772827148,12.35153865814209,,,,,,,,,,,,,,,,,,,,,,,,,,,,,,,,,,,,,,,,
31,6207,,,,,,,,,,,,,,,,,,,,,,,,,,,,,,,,,,,,,,,,,,,,,,,,,,,6.180330753326416,5.03161096572876,6.10482120513916,5.959488391876221,6.345973014831543,7.842864990234375,6.932450294494629,5.090485095977783,5.337862491607666,6.977423191070557,0.6260021328926086,0.6161092519760132,0.6862738132476807,0.6791690587997437,0.6323062181472778,0.5340993404388428,0.6062231659889221,0.6731212139129639,0.6185532808303833,0.5881640315055847,8.15949535369873,6.682858943939209,7.947122097015381,7.842618465423584,8.508210182189941,10.416739463806152,9.253117561340332,6.661696910858154,7.002944469451904,9.120150566101074,0.5624850988388062,0.572850227355957,0.6097729802131653,0.347988098859787,0.5858623385429382,0.7155901193618774,0.4544866979122162,0.5894774794578552,0.6740918755531311,0.5122466087341309,7.62520694732666,5.649552345275879,7.981650352478027,5.872054100036621,8.485729217529297,10.165026664733887,8.285175323486328,6.352724552154541,7.544321537017822,8.290627479553223,0.36696138978004456,0.40354788303375244,0.5009227991104126,0.62294602394104,0.28256380558013916,0.3457220792770386,0.5331164598464966,0.05479854345321655,0.056502699851989746,0.5025320053100586,10.480037689208984,8.54578685760498,10.831014633178711,9.122321128845215,11.460058212280273,13.907096862792969,10.923430442810059,9.063841819763184,9.877482414245605,10.58930492401123
32,6209,,,,,,,,,,,,,,,,,,,,,,,,,,,,,,,,,,,,,,,,,0.273287832736969,0.6495205163955688,0.1529575139284134,0.24522213637828827,0.12550443410873413,0.18309219181537628,0.1379799246788025,0.6808018088340759,0.1724557727575302,0.11205624788999557,5.308592319488525,6.0267438888549805,4.566639423370361,5.259991645812988,3.8840699195861816,5.9243927001953125,4.935069561004639,8.994935035705566,4.189141273498535,3.9963464736938477,,,,,,,,,,,6.5689377784729,8.921926498413086,5.635040283203125,6.8839030265808105,5.069080352783203,6.934430122375488,6.078253269195557,9.731260299682617,4.767186641693115,5.099355220794678,,,,,,,,,,,,,,,,,,,,,,,,,,,,,,,,,,,,,,,,
32,6214,,,,,,,,,,,,,,,,,,,,,,,,,,,,,,,,,,,,,,,,,0.39564234018325806,0.476328045129776,0.514119029045105,0.21422305703163147,0.4127037525177002,0.3034467101097107,0.26426801085472107,0.3205123841762543,0.5797447562217712,0.4754352867603302,6.916833877563477,5.665617942810059,9.52527141571045,5.234737873077393,7.0058465003967285,7.622777462005615,7.027068138122559,5.721837520599365,6.2587571144104,8.189587593078613,,,,,,,,,,,8.539793014526367,7.640387058258057,10.331027030944824,6.434103012084961,9.192187309265137,8.927237510681152,8.411880493164062,6.67699670791626,8.740609169006348,10.503715515136719,,,,,,,,,,,,,,,,,,,,,,,,,,,,,,,,,,,,,,,,
32,6219,,,,,,,,,,,,,,,,,,,,,,,,,,,,,,,,,,,,,,,,,0.35076215863227844,0.24970567226409912,0.19068725407123566,0.2757434844970703,0.3235027492046356,0.37258732318878174,0.17559285461902618,0.5512839555740356,0.5307905673980713,0.4869653880596161,5.912477493286133,4.479892730712891,5.374935626983643,4.772699356079102,5.422830104827881,7.4475603103637695,5.397500514984131,6.667707920074463,6.395714282989502,7.2534565925598145,,,,,,,,,,,7.973486423492432,5.531927585601807,6.291766166687012,7.299742221832275,8.13839340209961,9.892131805419922,6.856842994689941,8.756819725036621,8.363438606262207,10.630316734313965,,,,,,,,,,,,,,,,,,,,,,,,,,,,,,,,,,,,,,,,
32,6224,,,,,,,,,,,,,,,,,,,,,,,,,,,,,,,,,,,,,,,,,0.2723536193370819,0.25510910153388977,0.18863385915756226,0.13165998458862305,0.5742316842079163,0.26955944299697876,0.09951820224523544,0.32085472345352173,0.2743810713291168,0.3372344374656677,5.893284320831299,4.719708442687988,5.866015911102295,4.386501789093018,8.647618293762207,6.963103294372559,4.780435562133789,5.518024921417236,5.155702114105225,7.002446174621582,,,,,,,,,,,6.983583927154541,5.591460227966309,6.257797718048096,5.0440778732299805,10.842844009399414,8.41401195526123,5.162047863006592,6.680561065673828,6.013126373291016,8.846330642700195,,,,,,,,,,,,,,,,,,,,,,,,,,,,,,,,,,,,,,,,
32,6229,,,,,,,,,,,,,,,,,,,,,,,,,,,,,,,,,,,,,,,,,0.4005770683288574,0.6874961256980896,0.211796373128891,0.35287293791770935,0.7361947894096375,0.8962295055389404,0.33701786398887634,0.0095145795494318,0.09481590986251831,0.2792556881904602,6.2689595222473145,5.368942737579346,5.996479034423828,6.569465160369873,10.364276885986328,10.559133529663086,7.610690116882324,0.9684416651725769,2.7394983768463135,6.243708610534668,,,,,,,,,,,8.213513374328613,9.17904281616211,6.630876541137695,8.257794380187988,12.277105331420898,15.342123031616211,9.49942398071289,1.1504123210906982,3.534792423248291,8.050043106079102,,,,,,,,,,,,,,,,,,,,,,,,,,,,,,,,,,,,,,,,
32,6234,,,,,,,,,,,,,,,,,,,,,,,,,,,,,,,,,,,,,,,,,0.388013631105423,0.33085551857948303,0.09378345310688019,0.30067187547683716,0.2858332693576813,0.4431362450122833,0.44393107295036316,0.4254700541496277,0.9244493842124939,0.2439916431903839,6.5750298500061035,4.551141262054443,3.4427413940429688,6.7540740966796875,6.1658782958984375,8.757664680480957,7.713393688201904,6.964482307434082,8.320405960083008,6.505486488342285,,,,,,,,,,,8.222014427185059,6.367683410644531,4.412398338317871,7.622567176818848,7.649904727935791,10.78808879852295,10.902563095092773,7.692955493927002,11.037351608276367,7.524621963500977,,,,,,,,,,,,,,,,,,,,,,,,,,,,,,,,,,,,,,,,
32,6239,,,,,,,,,,,,,,,,,,,,,,,,,,,,,,,,,,,,,,,,,0.2545258104801178,0.3823035657405853,0.1975579708814621,0.0897623598575592,0.2602294683456421,0.2643899619579315,0.14502692222595215,0.1922946721315384,0.1795373260974884,0.5796298980712891,5.448860168457031,4.863180637359619,5.497918605804443,3.9195163249969482,5.153139114379883,6.587887287139893,4.9301910400390625,4.008469581604004,4.058874130249023,10.02056884765625,,,,,,,,,,,6.7679123878479,6.8448896408081055,6.404112339019775,4.164875507354736,7.2992448806762695,8.332942008972168,6.231535911560059,5.171807289123535,4.864079475402832,11.597719192504883,,,,,,,,,,,,,,,,,,,,,,,,,,,,,,,,,,,,,,,,
32,6244,,,,,,,,,,,,,,,,,,,,,,,,,,,,,,,,,,,,,,,,,0.26909568905830383,0.4324948191642761,0.17841365933418274,0.15485846996307373,0.19165562093257904,0.36612415313720703,0.329556405544281,0.18879972398281097,0.48289892077445984,0.09705936163663864,5.57257604598999,6.694361209869385,5.144278526306152,4.789584636688232,4.953474044799805,8.077925682067871,7.199296474456787,3.951474666595459,6.0965352058410645,3.2462539672851562,,,,,,,,,,,6.905350685119629,7.280357360839844,6.085912227630615,5.4704413414001465,6.264124870300293,9.80595874786377,9.393677711486816,5.124593734741211,7.977217197418213,4.745870590209961,,,,,,,,,,,,,,,,,,,,,,,,,,,,,,,,,,,,,,,,
32,6249,,,,,,,,,,,,,,,,,,,,,,,,,,,,,,,,,,,,,,,,,0.31518715620040894,0.25545263290405273,0.5605576634407043,0.1718432754278183,0.34519219398498535,0.43078798055648804,0.17536196112632751,0.3167639970779419,0.09659011662006378,0.48413458466529846,6.251292705535889,4.960771560668945,8.504643440246582,4.687612533569336,6.189582347869873,8.529765129089355,5.355885982513428,6.454800605773926,3.3871750831604004,8.19139575958252,,,,,,,,,,,7.649571895599365,5.595223903656006,10.787525177001953,5.762635707855225,8.40678882598877,10.636717796325684,6.852333068847656,6.637837886810303,3.5677106380462646,10.599374771118164,,,,,,,,,,,,,,,,,,,,,,,,,,,,,,,,,,,,,,,,
32,6254,,,,,,,,,,,,,,,,,,,,,,,,,,,,,,,,,,,,,,,,,0.4377332925796509,0.49087250232696533,0.6669153571128845,0.36043256521224976,0.4765828251838684,0.6085669994354248,0.49702370166778564,0.4226286709308624,0.11772149801254272,0.2988553047180176,7.517637729644775,5.057746887207031,10.180688858032227,7.047219276428223,7.373811721801758,10.831324577331543,9.999127388000488,6.76177978515625,3.279632568359375,7.127408504486084,,,,,,,,,,,9.095401763916016,7.756157875061035,11.766491889953613,8.345779418945312,9.877995491027832,12.642416000366211,11.53610897064209,7.667224884033203,3.9386842250823975,8.327750205993652,,,,,,,,,,,,,,,,,,,,,,,,,,,,,,,,,,,,,,,,
32,6259,,,,,,,,,,,,,,,,,,,,,,,,,,,,,,,,,,,,,,,,,0.3065412640571594,0.2903892695903778,0.5826525092124939,0.24414563179016113,0.15729132294654846,0.3006451725959778,0.3400242328643799,0.13844497501850128,0.06866607815027237,0.6366121768951416,5.961757183074951,5.107258319854736,7.928281307220459,6.541265964508057,4.691840171813965,7.324051856994629,7.363144874572754,4.0086517333984375,2.719609022140503,7.971710205078125,,,,,,,,,,,7.498414993286133,5.965578556060791,10.998069763183594,6.868776798248291,5.674818992614746,8.885931968688965,9.541699409484863,4.388310432434082,3.0081145763397217,12.15443229675293,,,,,,,,,,,,,,,,,,,,,,,,,,,,,,,,,,,,,,,,
32,6264,,,,,,,,,,,,,,,,,,,,,,,,,,,,,,,,,,,,,,,,,0.40023067593574524,0.8187158107757568,0.21398594975471497,0.4522663652896881,0.3485534191131592,0.34508222341537476,0.196121484041214,0.13457685708999634,0.6177164316177368,0.4750576317310333,6.862545490264893,7.326360702514648,5.034900188446045,8.66584587097168,6.860265731811523,7.560236930847168,6.237843990325928,3.6703550815582275,7.931413173675537,8.475689888000488,,,,,,,,,,,8.343689918518066,10.016796112060547,6.665063381195068,9.34871768951416,8.44761848449707,9.520004272460938,7.246585369110107,4.326571464538574,9.02231216430664,10.499541282653809,,,,,,,,,,,,,,,,,,,,,,,,,,,,,,,,,,,,,,,,
32,6269,,,,,,,,,,,,,,,,,,,,,,,,,,,,,,,,,,,,,,,,,0.27724653482437134,0.1633952409029007,0.17734532058238983,0.12260203063488007,0.2292431890964508,0.29388532042503357,0.20075739920139313,0.11064623296260834,0.2916622757911682,0.9056819081306458,5.272881031036377,3.2667956352233887,4.737290382385254,3.8341190814971924,5.858555793762207,6.75925350189209,5.274051189422607,3.4964711666107178,4.095907688140869,10.133484840393066,,,,,,,,,,,6.999781608581543,4.474885940551758,6.067663669586182,4.8674750328063965,6.8509039878845215,8.785466194152832,7.331732273101807,3.923079013824463,6.199596405029297,14.497231483459473,,,,,,,,,,,,,,,,,,,,,,,,,,,,,,,,,,,,,,,,
32,6274,,,,,,,,,,,,,,,,,,,,,,,,,,,,,,,,,,,,,,,,,0.32485756278038025,0.4676830470561981,0.12224061787128448,0.17673523724079132,0.38988322019577026,0.3760369122028351,0.29229795932769775,0.151855006814003,0.45185789465904236,0.4951278567314148,5.936931133270264,5.640173435211182,3.903334140777588,5.289477348327637,5.7120680809021,7.657020568847656,5.84152889251709,4.3280158042907715,6.513069152832031,8.547691345214844,,,,,,,,,,,7.689212322235107,7.570735454559326,5.037550449371338,5.8440842628479,8.934431076049805,9.937819480895996,8.846748352050781,4.59592866897583,7.716568946838379,10.719040870666504,,,,,,,,,,,,,,,,,,,,,,,,,,,,,,,,,,,,,,,,
32,6279,,,,,,,,,,,,,,,,,,,,,,,,,,,,,,,,,,,,,,,,,0.38313722610473633,0.6251275539398193,0.3626399636268616,0.17643898725509644,0.5892130732536316,0.470848023891449,0.23982977867126465,0.3701089322566986,0.15174046158790588,0.46228837966918945,6.839107513427734,6.046877384185791,7.284246921539307,4.9099202156066895,8.94198226928711,9.64449405670166,6.5430216789245605,6.208913326263428,3.980497360229492,7.992014408111572,,,,,,,,,,,8.37666130065918,8.752792358398438,8.67659854888916,5.839184284210205,10.983375549316406,11.120293617248535,8.01350212097168,7.1750264167785645,4.471713542938232,10.357470512390137,,,,,,,,,,,,,,,,,,,,,,,,,,,,,,,,,,,,,,,,
32,6284,,,,,,,,,,,,,,,,,,,,,,,,,,,,,,,,,,,,,,,,,0.5864141583442688,0.31784334778785706,0.8692729473114014,0.7228409647941589,0.4942814111709595,0.34236031770706177,0.3357211649417877,0.630980372428894,0.9396496415138245,0.6247774958610535,7.082174777984619,4.948314189910889,8.64328670501709,8.1282377243042,7.8126630783081055,7.077314853668213,6.251438617706299,5.421417713165283,7.049409866333008,8.407488822937012,,,,,,,,,,,10.339325904846191,6.241210460662842,13.433517456054688,11.818878173828125,10.05974006652832,9.48238468170166,9.481130599975586,9.368425369262695,11.127721786499023,12.040925025939941,,,,,,,,,,,,,,,,,,,,,,,,,,,,,,,,,,,,,,,,
32,6289,,,,,,,,,,,,,,,,,,,,,,,,,,,,,,,,,,,,,,,,,0.25339487195014954,0.160989448428154,0.20489120483398438,0.18133917450904846,0.24919530749320984,0.4081261456012726,0.26603296399116516,0.3218522071838379,0.3023211359977722,0.18580633401870728,5.687549114227295,3.793048143386841,5.129822254180908,5.0809831619262695,5.820262432098389,8.615480422973633,6.795388698577881,5.890566349029541,4.903350830078125,5.159038066864014,,,,,,,,,,,6.932058811187744,4.4418206214904785,6.52188777923584,5.919713973999023,7.142817974090576,10.353163719177246,8.439924240112305,6.6909379959106445,6.311862468719482,6.566401958465576,,,,,,,,,,,,,,,,,,,,,,,,,,,,,,,,,,,,,,,,
32,6294,,,,,,,,,,,,,,,,,,,,,,,,,,,,,,,,,,,,,,,,,0.542908251285553,0.2771429121494293,0.2767244279384613,0.4668891727924347,0.4958816468715668,0.7201995849609375,0.5582307577133179,0.5941712260246277,0.6605252623558044,0.8364092707633972,7.67789888381958,4.536649703979492,6.182422161102295,6.5596442222595215,7.0586090087890625,12.17908000946045,10.264371871948242,5.462087631225586,6.617571830749512,10.24064826965332,,,,,,,,,,,10.14594554901123,5.827927589416504,7.579410076141357,9.498647689819336,10.076010704040527,13.753153800964355,12.225811004638672,9.091059684753418,9.329707145690918,13.931779861450195,,,,,,,,,,,,,,,,,,,,,,,,,,,,,,,,,,,,,,,,
32,6299,,,,,,,,,,,,,,,,,,,,,,,,,,,,,,,,,,,,,,,,,0.35004785656929016,0.31837865710258484,0.20108643174171448,0.18618015944957733,0.651298999786377,0.9690719246864319,0.4335085153579712,0.02430199459195137,0.09054529666900635,0.2760586738586426,5.794120788574219,5.365779399871826,5.298457145690918,4.893056392669678,6.418026924133301,11.21617317199707,8.090385437011719,1.539801836013794,3.117750406265259,6.207656383514404,,,,,,,,,,,7.80857515335083,6.246464252471924,6.461048603057861,5.998208999633789,11.547551155090332,15.953422546386719,10.77381706237793,1.8385674953460693,3.4542696475982666,8.003830909729004,,,,,,,,,,,,,,,,,,,,,,,,,,,,,,,,,,,,,,,,
32,6304,,,,,,,,,,,,,,,,,,,,,,,,,,,,,,,,,,,,,,,,,0.37528935074806213,0.3910260796546936,0.34885257482528687,0.455410897731781,0.1523720622062683,0.417328804731369,0.5918921232223511,0.5223765969276428,0.27063292264938354,0.22771218419075012,6.3844780921936035,5.476422309875488,6.995790004730225,7.994986534118652,4.2627973556518555,8.004316329956055,9.714278221130371,4.664445400238037,4.276183605194092,6.071084499359131,,,,,,,,,,,8.358078956604004,6.922533988952637,8.51006031036377,9.3811616897583,5.58537483215332,10.469236373901367,12.589024543762207,8.524140357971191,5.971914291381836,7.269261837005615,,,,,,,,,,,,,,,,,,,,,,,,,,,,,,,,,,,,,,,,
32,6309,,,,,,,,,,,,,,,,,,,,,,,,,,,,,,,,,,,,,,,,,0.4107312262058258,0.5763991475105286,0.4629775881767273,0.4046362042427063,0.30838146805763245,0.7763122320175171,0.4667317569255829,0.15585209429264069,0.15460076928138733,0.3906897306442261,6.169012546539307,5.457982540130615,7.722760200500488,6.116591453552246,5.998387813568115,9.268528938293457,7.8690080642700195,3.6638665199279785,3.6822938919067383,5.741695404052734,,,,,,,,,,,8.794045448303223,8.404733657836914,9.803736686706543,8.842748641967773,7.945912837982178,14.278878211975098,11.179038047790527,4.656022548675537,4.513662815093994,9.521672248840332,,,,,,,,,,,,,,,,,,,,,,,,,,,,,,,,,,,,,,,,
32,6314,,,,,,,,,,,,,,,,,,,,,,,,,,,,,,,,,,,,,,,,,0.2581278085708618,0.20107242465019226,0.07596486806869507,0.09694963693618774,0.36922815442085266,0.30562716722488403,0.14850348234176636,0.7147057056427002,0.20821335911750793,0.20288541913032532,5.132373809814453,3.5538628101348877,3.220505714416504,3.67362642288208,7.5118889808654785,7.631641864776611,4.841577053070068,7.241900444030762,3.7078003883361816,4.808560371398926,,,,,,,,,,,6.588173866271973,4.964077472686768,3.971165895462036,4.32840633392334,8.694548606872559,8.959253311157227,6.305784225463867,9.970624923706055,5.238145351409912,6.861556053161621,,,,,,,,,,,,,,,,,,,,,,,,,,,,,,,,,,,,,,,,
32,6319,,,,,,,,,,,,,,,,,,,,,,,,,,,,,,,,,,,,,,,,,0.3804267644882202,0.7654310464859009,0.11897742748260498,0.017989469692111015,0.3285331130027771,0.5777918100357056,0.32485976815223694,0.1686873883008957,0.23872970044612885,0.8828408718109131,6.222034454345703,7.600139141082764,4.503143787384033,1.342429518699646,7.247524738311768,8.743438720703125,7.238880634307861,4.125298500061035,4.559351444244385,10.638102531433105,,,,,,,,,,,7.90359354019165,9.685349464416504,4.969858169555664,1.8645069599151611,8.201422691345215,12.318605422973633,9.326501846313477,4.843953609466553,5.608884811401367,14.313254356384277,,,,,,,,,,,,,,,,,,,,,,,,,,,,,,,,,,,,,,,,
32,6324,,,,,,,,,,,,,,,,,,,,,,,,,,,,,,,,,,,,,,,,,0.2026064544916153,0.14567317068576813,0.16441045701503754,0.20869775116443634,0.1619461476802826,0.18094411492347717,0.2700904309749603,0.18218979239463806,0.3430672585964203,0.1664389669895172,4.772187232971191,3.2957215309143066,4.335172176361084,5.428044319152832,4.705835342407227,5.110878944396973,6.015573024749756,4.371435165405273,4.675955295562744,5.0110697746276855,,,,,,,,,,,6.1718339920043945,4.225246429443359,5.842199325561523,6.350585460662842,5.758175849914551,6.893631935119629,8.50404167175293,5.034087181091309,6.723771095275879,6.2147650718688965,,,,,,,,,,,,,,,,,,,,,,,,,,,,,,,,,,,,,,,,
32,6329,,,,,,,,,,,,,,,,,,,,,,,,,,,,,,,,,,,,,,,,,0.20662818849086761,0.2311440259218216,0.24732641875743866,0.22048552334308624,0.36076557636260986,0.3788902461528778,0.04849876090884209,0.057561665773391724,0.10638437420129776,0.2085970938205719,4.561160564422607,4.339266777038574,4.87938928604126,5.02886438369751,6.42471170425415,7.392392158508301,3.1538455486297607,1.8389368057250977,2.5648396015167236,5.428197860717773,,,,,,,,,,,6.080000877380371,5.322352409362793,7.165506839752197,6.52747106552124,8.59433364868164,9.975452423095703,3.6035962104797363,2.8296027183532715,3.744227409362793,6.957469463348389,,,,,,,,,,,,,,,,,,,,,,,,,,,,,,,,,,,,,,,,
32,6334,,,,,,,,,,,,,,,,,,,,,,,,,,,,,,,,,,,,,,,,,0.2964884638786316,0.2829410433769226,0.5508197546005249,0.06789268553256989,0.07823016494512558,0.20279711484909058,0.20656578242778778,0.33840033411979675,0.3792012333869934,0.5615481734275818,5.7787251472473145,5.038506984710693,8.856123924255371,2.6307194232940674,3.0591161251068115,6.22476053237915,5.303503036499023,5.365426540374756,5.9426751136779785,9.587692260742188,,,,,,,,,,,7.1429443359375,5.888575077056885,10.693414688110352,3.62214994430542,4.002089500427246,7.298048496246338,7.437037467956543,6.860789775848389,7.069002628326416,11.415388107299805,,,,,,,,,,,,,,,,,,,,,,,,,,,,,,,,,,,,,,,,
32,6339,,,,,,,,,,,,,,,,,,,,,,,,,,,,,,,,,,,,,,,,,0.21181468665599823,0.19867898523807526,0.15615813434123993,0.21114309132099152,0.23532631993293762,0.1269979029893875,0.1954861730337143,0.09708753228187561,0.4844128489494324,0.2010410875082016,4.996746063232422,4.114614486694336,4.611405849456787,4.105372905731201,5.323758602142334,4.853147029876709,6.361572265625,3.0834221839904785,6.712373733520508,5.805046558380127,,,,,,,,,,,6.162447452545166,4.934443950653076,5.693692207336426,6.3876824378967285,6.9412055015563965,5.775294780731201,7.234838008880615,3.6748569011688232,7.989711761474609,6.830296993255615,,,,,,,,,,,,,,,,,,,,,,,,,,,,,,,,,,,,,,,,
32,6344,,,,,,,,,,,,,,,,,,,,,,,,,,,,,,,,,,,,,,,,,0.1427556872367859,0.22028538584709167,0.22918260097503662,0.06326568126678467,0.14032217860221863,0.11051042377948761,0.1399642825126648,0.08638229221105576,0.11521845310926437,0.1796698272228241,4.110511302947998,3.9319496154785156,4.659074306488037,2.9915103912353516,4.63263463973999,4.425793647766113,4.735489845275879,2.9052915573120117,3.333487033843994,5.37937068939209,,,,,,,,,,,5.14213228225708,5.1958327293396,6.897671222686768,3.496544122695923,5.359975337982178,5.387378215789795,6.1218037605285645,3.466339588165283,3.8965861797332764,6.457058906555176,,,,,,,,,,,,,,,,,,,,,,,,,,,,,,,,,,,,,,,,
32,6349,,,,,,,,,,,,,,,,,,,,,,,,,,,,,,,,,,,,,,,,,0.21148425340652466,0.25290507078170776,0.12983404099941254,0.21879278123378754,0.1774303913116455,0.3022134006023407,0.20600521564483643,0.3203412890434265,0.1696830689907074,0.12615299224853516,5.258363723754883,4.307337284088135,4.505556106567383,5.500052452087402,4.459583282470703,7.897850513458252,6.522711753845215,5.649076461791992,4.2732343673706055,4.209867000579834,,,,,,,,,,,6.270999431610107,5.567254066467285,5.191656112670898,6.5023651123046875,6.027173042297363,8.909077644348145,7.426939487457275,6.67521333694458,4.728708267211914,5.410606384277344,,,,,,,,,,,,,,,,,,,,,,,,,,,,,,,,,,,,,,,,
32,6354,,,,,,,,,,,,,,,,,,,,,,,,,,,,,,,,,,,,,,,,,0.2660520374774933,0.2801639437675476,0.079866424202919,0.09844015538692474,0.48579177260398865,0.41818082332611084,0.15690702199935913,0.5040748119354248,0.13941091299057007,0.2316325157880783,5.4199090003967285,4.7352776527404785,3.1865837574005127,3.328232526779175,6.984635829925537,8.624490737915039,5.049605369567871,7.515388488769531,3.62358021736145,5.731387138366699,,,,,,,,,,,6.802101135253906,5.859605312347412,4.071868419647217,4.361551284790039,9.97297477722168,10.479918479919434,6.48174524307251,8.373483657836914,4.286192893981934,7.331569671630859,,,,,,,,,,,,,,,,,,,,,,,,,,,,,,,,,,,,,,,,
32,6359,,,,,,,,,,,,,,,,,,,,,,,,,,,,,,,,,,,,,,,,,0.372281014919281,0.5084414482116699,0.25421416759490967,0.23735873401165009,0.42377495765686035,0.8776831030845642,0.2635713219642639,0.07514721900224686,0.27865952253341675,0.4316786527633667,6.5723700523376465,6.381250858306885,6.350957870483398,5.3097357749938965,7.661753177642822,11.499485969543457,7.015649318695068,2.3837764263153076,4.5851263999938965,7.9635910987854,,,,,,,,,,,8.236729621887207,7.893738746643066,7.264596939086914,6.772632598876953,9.314664840698242,15.182550430297852,8.400785446166992,3.2330706119537354,6.059826850891113,10.008695602416992,,,,,,,,,,,,,,,,,,,,,,,,,,,,,,,,,,,,,,,,
32,6364,,,,,,,,,,,,,,,,,,,,,,,,,,,,,,,,,,,,,,,,,0.30676862597465515,0.37454140186309814,0.33108705282211304,0.24061867594718933,0.20200325548648834,0.26045769453048706,0.15407466888427734,0.20795965194702148,0.581733763217926,0.4084416329860687,5.89626407623291,5.609317779541016,6.6759233474731445,5.858090400695801,4.968456745147705,5.8405232429504395,5.412397384643555,4.064172267913818,7.090261459350586,7.5472331047058105,,,,,,,,,,,7.430979251861572,6.775045394897461,8.290538787841797,6.818982124328613,6.431005001068115,8.27074146270752,6.422978401184082,5.378339767456055,8.755590438842773,9.735589027404785,,,,,,,,,,,,,,,,,,,,,,,,,,,,,,,,,,,,,,,,
32,6369,,,,,,,,,,,,,,,,,,,,,,,,,,,,,,,,,,,,,,,,,0.3210350573062897,0.37677690386772156,0.22635892033576965,0.20902663469314575,0.4365783929824829,0.2438613921403885,0.12238045781850815,0.3727613687515259,0.5790217518806458,0.32254981994628906,6.095566272735596,5.384128093719482,5.634230613708496,4.618005275726318,6.884685039520264,6.565853595733643,4.610682487487793,6.485741138458252,7.990711212158203,6.686058521270752,,,,,,,,,,,7.530543804168701,6.795234203338623,6.855047702789307,6.355587482452393,9.454330444335938,8.002900123596191,5.724359035491943,7.200691223144531,8.73515796661377,8.651583671569824,,,,,,,,,,,,,,,,,,,,,,,,,,,,,,,,,,,,,,,,
32,6374,,,,,,,,,,,,,,,,,,,,,,,,,,,,,,,,,,,,,,,,,0.3012198209762573,0.4213285744190216,0.11756201088428497,0.1554732322692871,0.1425657719373703,0.35064056515693665,0.4050590693950653,0.6618475914001465,0.0734778493642807,0.38302358984947205,5.905113220214844,5.870080947875977,4.2678141593933105,5.430540084838867,4.583500862121582,6.840289115905762,8.057761192321777,7.736490726470947,2.7671303749084473,7.592409133911133,,,,,,,,,,,7.239437580108643,7.185760498046875,4.940207004547119,5.481289386749268,5.402655124664307,9.596368789672852,10.414297103881836,9.594839096069336,3.111727237701416,9.427791595458984,,,,,,,,,,,,,,,,,,,,,,,,,,,,,,,,,,,,,,,,
32,6379,,,,,,,,,,,,,,,,,,,,,,,,,,,,,,,,,,,,,,,,,0.5247560739517212,0.2503092586994171,0.8537721633911133,0.41972872614860535,0.27652251720428467,0.5306272506713867,0.27633097767829895,0.7316044569015503,0.7449027299880981,0.6390064358711243,7.700663089752197,4.139797210693359,10.544293403625488,7.360772132873535,5.538122177124023,8.620511054992676,7.408908843994141,9.794307708740234,6.730305194854736,9.168954849243164,,,,,,,,,,,9.773542404174805,5.538609027862549,13.313204765319824,9.00615119934082,7.524279594421387,11.805126190185547,8.601726531982422,10.087808609008789,9.907705307006836,12.177266120910645,,,,,,,,,,,,,,,,,,,,,,,,,,,,,,,,,,,,,,,,
32,6384,,,,,,,,,,,,,,,,,,,,,,,,,,,,,,,,,,,,,,,,,0.3172968626022339,0.283145546913147,0.5184295177459717,0.36979854106903076,0.2117685228586197,0.36499863862991333,0.4527110457420349,0.35871621966362,0.06889010220766068,0.22721339762210846,6.135324478149414,5.250397205352783,8.239956855773926,7.375527381896973,4.3582868576049805,7.7887420654296875,8.815021514892578,4.949987888336182,2.570155620574951,5.86984395980835,,,,,,,,,,,7.715761184692383,5.890703201293945,10.374245643615723,8.45351791381836,6.584615230560303,9.790874481201172,11.009848594665527,7.063732147216797,3.0130178928375244,7.26129674911499,,,,,,,,,,,,,,,,,,,,,,,,,,,,,,,,,,,,,,,,
32,6389,,,,,,,,,,,,,,,,,,,,,,,,,,,,,,,,,,,,,,,,,0.4165496826171875,0.37878087162971497,0.37559324502944946,0.455587238073349,0.37133413553237915,0.5452097654342651,0.38910603523254395,0.46085283160209656,0.3014306426048279,0.47105249762535095,7.063120365142822,4.613133907318115,7.588278770446777,7.475273609161377,7.353002548217773,9.750567436218262,6.950684547424316,5.6240644454956055,5.11973762512207,9.093343734741211,,,,,,,,,,,8.964818000793457,6.81328010559082,8.8302001953125,9.382978439331055,8.719308853149414,11.966238975524902,10.207157135009766,8.006447792053223,6.302559852600098,10.455187797546387,,,,,,,,,,,,,,,,,,,,,,,,,,,,,,,,,,,,,,,,
32,6394,,,,,,,,,,,,,,,,,,,,,,,,,,,,,,,,,,,,,,,,,0.25704818964004517,0.2715785503387451,0.11246690899133682,0.28034964203834534,0.29275116324424744,0.18135492503643036,0.13268227875232697,0.28083857893943787,0.6180582642555237,0.1433533877134323,4.948262691497803,4.431199550628662,3.787898540496826,5.363659858703613,6.491295337677002,5.275059223175049,4.9911980628967285,4.7666826248168945,4.919960021972656,4.507410526275635,,,,,,,,,,,6.623105049133301,5.769125461578369,4.831967353820801,7.360458850860596,7.741925239562988,6.901453018188477,5.96042537689209,6.2501020431518555,9.024807929992676,5.7676801681518555,,,,,,,,,,,,,,,,,,,,,,,,,,,,,,,,,,,,,,,,
32,6399,,,,,,,,,,,,,,,,,,,,,,,,,,,,,,,,,,,,,,,,,0.26261797547340393,0.31468498706817627,0.6388563513755798,0.29168397188186646,0.3885088562965393,0.18289785087108612,0.07848558574914932,0.06378474086523056,0.2921462655067444,0.11251296103000641,5.526639461517334,4.917429447174072,9.773213386535645,6.352789402008057,6.801750659942627,5.915154457092285,4.099531173706055,2.1570091247558594,5.434922695159912,4.287953853607178,,,,,,,,,,,6.662328243255615,6.2101240158081055,11.516307830810547,7.5077738761901855,8.918669700622559,6.93074893951416,4.58422327041626,2.9786338806152344,6.204738616943359,5.10973596572876,,,,,,,,,,,,,,,,,,,,,,,,,,,,,,,,,,,,,,,,
32,6401,,,,,,,,,,,,,,,,,,,,,,,,,,,,,,,,,,,,,,,,,,,,,,,,,,,6.143547058105469,5.071579933166504,6.0613322257995605,5.806328296661377,6.341926097869873,7.8014726638793945,6.8738884925842285,5.137706279754639,5.191962718963623,7.0057220458984375,0.6306291818618774,0.6124916076660156,0.6914852857589722,0.698295533657074,0.6275441646575928,0.5418616533279419,0.6132607460021973,0.6704038381576538,0.6329247951507568,0.5873950719833374,8.105655670166016,6.7142720222473145,7.880838394165039,7.605255603790283,8.563128471374512,10.329595565795898,9.170059204101562,6.689328670501709,6.869753837585449,9.128661155700684,0.5421870350837708,0.5790243744850159,0.6603512167930603,0.3625490665435791,0.5554066300392151,0.6251268982887268,0.46297144889831543,0.5286790728569031,0.5597735047340393,0.5458008050918579,7.4745774269104,5.726955890655518,8.399356842041016,6.123939037322998,8.244887351989746,9.541777610778809,8.287040710449219,6.057851314544678,6.606112003326416,8.283269882202148,0.4021364152431488,0.3991163969039917,0.4463050961494446,0.5913605690002441,0.3294907212257385,0.43172168731689453,0.5329819917678833,0.1818399429321289,0.23183852434158325,0.47457265853881836,10.297273635864258,8.577474594116211,11.408289909362793,9.496722221374512,11.078924179077148,12.960922241210938,10.925004005432129,8.432750701904297,8.912554740905762,10.88281536102295
33,6404,,,,,,,,,,,,,,,,,,,,,,,,,,,,,,,,,,,,,,,,,0.279789000749588,0.3238479793071747,0.31058621406555176,0.5592702031135559,0.40425238013267517,0.29819226264953613,0.2634374499320984,0.02002054825425148,0.0896548330783844,0.24883916974067688,5.708695411682129,5.075812339782715,6.204001426696777,9.018193244934082,7.8248467445373535,6.81380033493042,6.327565670013428,1.2667690515518188,3.162484645843506,5.684787273406982,,,,,,,,,,,7.086277484893799,6.299888610839844,8.029763221740723,10.395986557006836,9.097580909729004,8.849608421325684,8.398651123046875,1.6687707901000977,3.437242269515991,7.599002361297607,,,,,,,,,,,,,,,,,,,,,,,,,,,,,,,,,,,,,,,,
33,6409,,,,,,,,,,,,,,,,,,,,,,,,,,,,,,,,,,,,,,,,,0.31501197814941406,0.6124156713485718,0.33786481618881226,0.07465600967407227,0.2860524356365204,0.6448673605918884,0.32249465584754944,0.04353076592087746,0.17468050122261047,0.33854538202285767,5.696972370147705,6.621947765350342,6.0801849365234375,3.3613719940185547,5.662830352783203,8.986227989196777,7.714685440063477,1.9607160091400146,4.166903972625732,6.717884540557861,,,,,,,,,,,7.435328006744385,8.66334056854248,8.374966621398926,3.7982826232910156,7.65283727645874,13.014007568359375,9.292488098144531,2.4606897830963135,4.797837257385254,8.863507270812988,,,,,,,,,,,,,,,,,,,,,,,,,,,,,,,,,,,,,,,,
33,6414,,,,,,,,,,,,,,,,,,,,,,,,,,,,,,,,,,,,,,,,,0.32815203070640564,0.17586421966552734,0.3497616648674011,0.4449585974216461,0.47998151183128357,0.22587507963180542,0.2560296952724457,0.10436058044433594,0.46368399262428284,0.4528529644012451,6.403660297393799,3.785076856613159,7.536455154418945,7.860220909118652,7.731786727905273,6.608950138092041,6.645931243896484,3.289588212966919,6.6714677810668945,7.503466606140137,,,,,,,,,,,7.801072120666504,4.642490386962891,8.521141052246094,9.272880554199219,9.913154602050781,7.702115058898926,8.279726028442383,3.8100171089172363,7.816896438598633,10.251225471496582,,,,,,,,,,,,,,,,,,,,,,,,,,,,,,,,,,,,,,,,
33,6419,,,,,,,,,,,,,,,,,,,,,,,,,,,,,,,,,,,,,,,,,0.2829609513282776,0.36106494069099426,0.19215302169322968,0.06601831316947937,0.11260684579610825,0.19992569088935852,0.23528534173965454,0.2765651345252991,0.5461633205413818,0.5568658709526062,5.44713830947876,4.964223861694336,4.237466812133789,2.819856882095337,4.044254302978516,5.51554012298584,6.6367387771606445,5.396630764007568,6.952324867248535,8.457206726074219,,,,,,,,,,,6.95316219329834,6.652040958404541,6.3159003257751465,3.5717995166778564,4.801556587219238,7.24619722366333,7.937216758728027,6.202366352081299,8.483685493469238,11.367697715759277,,,,,,,,,,,,,,,,,,,,,,,,,,,,,,,,,,,,,,,,
33,6424,,,,,,,,,,,,,,,,,,,,,,,,,,,,,,,,,,,,,,,,,0.41231289505958557,0.29260730743408203,0.3975810408592224,0.7633669376373291,0.38099953532218933,0.34462079405784607,0.22233283519744873,0.13729289174079895,0.492687463760376,0.6793273687362671,6.708618640899658,5.183531761169434,6.620869159698486,8.7677001953125,6.692198276519775,7.452949047088623,5.588064670562744,3.3852379322052,6.627241611480713,10.059774398803711,,,,,,,,,,,8.695953369140625,5.988317966461182,9.084990501403809,12.145672798156738,8.832056045532227,9.51363754272461,7.715651512145996,4.370013236999512,8.057662010192871,12.55557918548584,,,,,,,,,,,,,,,,,,,,,,,,,,,,,,,,,,,,,,,,
33,6429,,,,,,,,,,,,,,,,,,,,,,,,,,,,,,,,,,,,,,,,,0.27116531133651733,0.34768763184547424,0.21543586254119873,0.1828778088092804,0.29727211594581604,0.20218975841999054,0.09355929493904114,0.5539968609809875,0.29038020968437195,0.2570882737636566,5.695372104644775,5.5671563148498535,5.809196472167969,4.205915927886963,7.0339226722717285,6.2445831298828125,4.26354455947876,6.489654541015625,5.086479187011719,6.557892799377441,,,,,,,,,,,6.882440567016602,6.527650356292725,6.687606334686279,5.944774627685547,7.801474571228027,7.287111759185791,5.005116939544678,8.778339385986328,6.18595552444458,7.7239298820495605,,,,,,,,,,,,,,,,,,,,,,,,,,,,,,,,,,,,,,,,
33,6434,,,,,,,,,,,,,,,,,,,,,,,,,,,,,,,,,,,,,,,,,0.2523452341556549,0.2661067545413971,0.2927311658859253,0.19610053300857544,0.359969824552536,0.15191227197647095,0.21759562194347382,0.0748986303806305,0.22018331289291382,0.49160921573638916,5.318760395050049,4.7173542976379395,6.2484307289123535,4.746071815490723,7.0754547119140625,5.318950176239014,6.012613773345947,2.809849739074707,3.4058430194854736,7.534273624420166,,,,,,,,,,,6.832411289215088,5.71071195602417,7.795538902282715,6.155938148498535,8.58484935760498,6.316438674926758,7.6330108642578125,3.2277188301086426,5.3866095542907715,10.68088436126709,,,,,,,,,,,,,,,,,,,,,,,,,,,,,,,,,,,,,,,,
33,6439,,,,,,,,,,,,,,,,,,,,,,,,,,,,,,,,,,,,,,,,,0.28042373061180115,0.2081625610589981,0.16156108677387238,0.27972495555877686,0.1758095771074295,0.5070741772651672,0.251588374376297,0.2856956422328949,0.30577462911605835,0.3484225273132324,6.166086196899414,4.3204827308654785,5.092273235321045,6.415700435638428,5.01456880569458,9.439751625061035,6.774052143096924,4.852885723114014,5.6304426193237305,7.954615592956543,,,,,,,,,,,7.287265300750732,5.050839424133301,5.791353225708008,7.352254390716553,5.9995808601379395,11.540153503417969,8.207597732543945,6.303918361663818,6.347811222076416,8.991876602172852,,,,,,,,,,,,,,,,,,,,,,,,,,,,,,,,,,,,,,,,
33,6444,,,,,,,,,,,,,,,,,,,,,,,,,,,,,,,,,,,,,,,,,0.39079418778419495,0.3013681173324585,0.5800259709358215,0.1340218037366867,0.3806692957878113,0.6332694888114929,0.4109964072704315,0.16560041904449463,0.3678937554359436,0.5433022975921631,6.522792816162109,5.096071720123291,8.915213584899902,4.358651638031006,6.296322345733643,9.41871452331543,6.799699306488037,4.288327217102051,5.532259941101074,7.99987268447876,,,,,,,,,,,8.593926429748535,6.077303886413574,10.973252296447754,5.089118957519531,8.828228950500488,12.896449089050293,10.490345001220703,4.7994279861450195,6.9628095626831055,11.228403091430664,,,,,,,,,,,,,,,,,,,,,,,,,,,,,,,,,,,,,,,,
33,6449,,,,,,,,,,,,,,,,,,,,,,,,,,,,,,,,,,,,,,,,,0.44307741522789,0.34159377217292786,1.1112725734710693,0.6800736784934998,0.13334175944328308,0.5703136920928955,0.6822972893714905,0.26466548442840576,0.08890988677740097,0.11522863805294037,6.463150978088379,4.465912818908691,13.227331161499023,6.176871299743652,4.239873886108398,9.17093563079834,9.378558158874512,4.848172664642334,2.6760480403900146,3.9846513271331787,,,,,,,,,,,8.751574516296387,6.470192909240723,15.188746452331543,11.463912963867188,5.22495698928833,12.238629341125488,13.516294479370117,6.067466735839844,3.4229321479797363,5.171034336090088,,,,,,,,,,,,,,,,,,,,,,,,,,,,,,,,,,,,,,,,
33,6454,,,,,,,,,,,,,,,,,,,,,,,,,,,,,,,,,,,,,,,,,0.3071592152118683,0.2034073770046234,0.09298800677061081,0.33591151237487793,0.3077370226383209,0.336029052734375,0.1837294101715088,0.12268570065498352,0.749983549118042,0.43196114897727966,5.8970465660095215,3.8993775844573975,4.006345272064209,6.529040336608887,5.6689324378967285,7.895744800567627,5.412377834320068,3.588197946548462,9.15156364440918,6.921837329864502,,,,,,,,,,,7.319285869598389,4.992816925048828,4.393646717071533,8.056888580322266,7.937605857849121,9.394296646118164,7.013908386230469,4.131004810333252,9.941435813903809,10.011970520019531,,,,,,,,,,,,,,,,,,,,,,,,,,,,,,,,,,,,,,,,
33,6459,,,,,,,,,,,,,,,,,,,,,,,,,,,,,,,,,,,,,,,,,0.2340601235628128,0.23945629596710205,0.23400190472602844,0.11673520505428314,0.12482353299856186,0.32630693912506104,0.368490606546402,0.18813364207744598,0.2323136329650879,0.2762794494628906,5.363656044006348,4.386711120605469,5.370458126068115,3.786163330078125,4.467763423919678,7.658041954040527,7.388162136077881,4.16511869430542,4.717211723327637,6.3332719802856445,,,,,,,,,,,6.670886516571045,5.417206764221191,6.969816207885742,4.749586582183838,5.0553107261657715,9.257399559020996,9.93308162689209,5.115545272827148,5.532999515533447,8.007030487060547,,,,,,,,,,,,,,,,,,,,,,,,,,,,,,,,,,,,,,,,
33,6464,,,,,,,,,,,,,,,,,,,,,,,,,,,,,,,,,,,,,,,,,0.23558054864406586,0.44568318128585815,0.2555801570415497,0.31143718957901,0.09083264321088791,0.2210903912782669,0.4158876836299896,0.05151872709393501,0.08002398163080215,0.24817094206809998,5.107149600982666,5.584244251251221,6.124210357666016,5.311368465423584,3.6542885303497314,6.370566368103027,7.2481369972229,2.4603562355041504,2.749195098876953,6.461981773376465,,,,,,,,,,,6.492297649383545,7.39052677154541,7.284088611602783,7.757828235626221,4.312415599822998,7.6201019287109375,10.552584648132324,2.6769561767578125,3.2473819255828857,7.588792324066162,,,,,,,,,,,,,,,,,,,,,,,,,,,,,,,,,,,,,,,,
33,6469,,,,,,,,,,,,,,,,,,,,,,,,,,,,,,,,,,,,,,,,,0.32745781540870667,0.3465254008769989,0.30870094895362854,0.02853355184197426,0.2639917731285095,0.5473259687423706,0.32375234365463257,0.5942978262901306,0.2658490240573883,0.26814335584640503,6.017999649047852,4.984644412994385,5.826416015625,1.9048534631729126,5.731797218322754,9.024758338928223,7.3116655349731445,7.439048767089844,5.506913185119629,6.431899070739746,,,,,,,,,,,7.602366924285889,6.516731262207031,8.005355834960938,2.3481874465942383,7.351820468902588,11.989439010620117,9.310590744018555,9.092028617858887,5.91889762878418,7.888251304626465,,,,,,,,,,,,,,,,,,,,,,,,,,,,,,,,,,,,,,,,
33,6474,,,,,,,,,,,,,,,,,,,,,,,,,,,,,,,,,,,,,,,,,0.1956133395433426,0.33763325214385986,0.13549457490444183,0.1491052210330963,0.21930691599845886,0.37363824248313904,0.15330305695533752,0.061133671551942825,0.042230457067489624,0.2886747717857361,4.988340854644775,5.298285484313965,4.669455528259277,3.9574990272521973,4.966294288635254,8.020291328430176,5.91729211807251,2.91607666015625,2.293748140335083,6.856120586395264,,,,,,,,,,,5.953066349029541,6.432575702667236,5.303622722625732,5.367861747741699,6.70078706741333,9.906072616577148,6.406874179840088,2.91607666015625,2.3590445518493652,8.18467903137207,,,,,,,,,,,,,,,,,,,,,,,,,,,,,,,,,,,,,,,,
33,6479,,,,,,,,,,,,,,,,,,,,,,,,,,,,,,,,,,,,,,,,,0.30591022968292236,0.2540934979915619,0.10591476410627365,0.3746616542339325,0.20435456931591034,0.38119545578956604,0.27928751707077026,0.48384830355644226,0.527518630027771,0.14231754839420319,5.636709213256836,4.5041303634643555,3.0189368724823,6.831014156341553,5.407792091369629,6.639815330505371,6.835681915283203,7.069283962249756,5.4241156578063965,4.99960994720459,,,,,,,,,,,7.354248046875,5.580319404602051,4.6891045570373535,8.50892162322998,6.468325138092041,10.005751609802246,8.647619247436523,8.203766822814941,8.337621688842773,5.746804714202881,,,,,,,,,,,,,,,,,,,,,,,,,,,,,,,,,,,,,,,,
33,6484,,,,,,,,,,,,,,,,,,,,,,,,,,,,,,,,,,,,,,,,,0.29462766647338867,0.379802942276001,0.31842559576034546,0.17321403324604034,0.36616000533103943,0.2367173582315445,0.3888532221317291,0.2532636225223541,0.40392863750457764,0.1312834471464157,5.667171955108643,4.562800884246826,6.428150177001953,4.590400695800781,6.395254135131836,6.126401424407959,8.637749671936035,4.269901275634766,5.117238521575928,4.876651287078857,,,,,,,,,,,7.359578609466553,6.82246732711792,8.130470275878906,5.7855730056762695,8.658349990844727,7.884803295135498,10.203839302062988,5.935333728790283,7.295845031738281,5.51953125,,,,,,,,,,,,,,,,,,,,,,,,,,,,,,,,,,,,,,,,
33,6489,,,,,,,,,,,,,,,,,,,,,,,,,,,,,,,,,,,,,,,,,0.25066572427749634,0.1818781942129135,0.1632290482521057,0.35397255420684814,0.35294222831726074,0.1900976300239563,0.13443094491958618,0.44422319531440735,0.1612558662891388,0.2739616632461548,5.370625972747803,4.162262916564941,4.770824432373047,6.735861778259277,7.094667434692383,5.381567001342773,5.0504961013793945,6.564023017883301,2.911454916000366,5.664474010467529,,,,,,,,,,,6.758100986480713,4.721202373504639,5.821171283721924,8.270650863647461,8.500636100769043,7.065846920013428,5.999573707580566,7.860665798187256,4.6097893714904785,7.973373889923096,,,,,,,,,,,,,,,,,,,,,,,,,,,,,,,,,,,,,,,,
33,6494,,,,,,,,,,,,,,,,,,,,,,,,,,,,,,,,,,,,,,,,,0.3154231607913971,0.42161718010902405,0.4257076382637024,0.07088755071163177,0.2884330153465271,0.35516127943992615,0.3869398236274719,0.0939948707818985,0.331369549036026,0.46469783782958984,5.897204875946045,4.99287748336792,7.6634521484375,3.256021738052368,6.230223178863525,6.620645046234131,6.891546726226807,2.943026065826416,5.478442192077637,8.998612403869629,,,,,,,,,,,7.602225303649902,7.188221454620361,9.400856018066406,3.7011775970458984,7.684615135192871,9.658032417297363,10.178705215454102,3.6158535480499268,6.608145236968994,10.38442611694336,,,,,,,,,,,,,,,,,,,,,,,,,,,,,,,,,,,,,,,,
33,6499,,,,,,,,,,,,,,,,,,,,,,,,,,,,,,,,,,,,,,,,,0.3967944383621216,0.3851189911365509,0.29613786935806274,0.2691282033920288,0.6370824575424194,0.26540228724479675,0.6274579167366028,0.07456701248884201,0.3359375596046448,0.6803174614906311,6.478453636169434,4.636056423187256,6.828211307525635,5.740667819976807,8.84804630279541,6.593628406524658,9.004669189453125,2.9714808464050293,5.222045421600342,8.461276054382324,,,,,,,,,,,8.565858840942383,6.870047092437744,7.840768337249756,7.211647033691406,11.42082405090332,8.34887981414795,12.961732864379883,3.2205650806427,6.653537273406982,12.564725875854492,,,,,,,,,,,,,,,,,,,,,,,,,,,,,,,,,,,,,,,,
33,6504,,,,,,,,,,,,,,,,,,,,,,,,,,,,,,,,,,,,,,,,,0.4023992717266083,0.2398497462272644,0.16571521759033203,0.0033893841318786144,0.5255680084228516,1.135306715965271,0.27351266145706177,0.4326692521572113,0.5366010069847107,0.30898118019104004,6.758304119110107,4.340897560119629,5.807177543640137,0.7299087047576904,7.1544294357299805,12.46015453338623,6.833917140960693,7.7577667236328125,8.409090042114258,7.331397533416748,,,,,,,,,,,8.10326862335205,5.421655178070068,5.865335941314697,0.809310793876648,10.3732328414917,17.267620086669922,8.557747840881348,7.7577667236328125,8.409090042114258,8.467656135559082,,,,,,,,,,,,,,,,,,,,,,,,,,,,,,,,,,,,,,,,
33,6509,,,,,,,,,,,,,,,,,,,,,,,,,,,,,,,,,,,,,,,,,0.39733177423477173,0.5505553483963013,0.4350399076938629,0.3692541718482971,0.276037335395813,0.5803122520446777,0.6031665802001953,0.152308389544487,0.11762027442455292,0.4916916489601135,6.808705806732178,5.273377418518066,8.588483810424805,7.223438262939453,5.121117115020752,9.34454345703125,9.52220630645752,3.5590755939483643,3.4090077877044678,9.237104415893555,,,,,,,,,,,8.661979675292969,8.214152336120605,9.503338813781738,8.447293281555176,7.517674922943115,12.345444679260254,12.708358764648438,4.602784156799316,3.936990737915039,10.681778907775879,,,,,,,,,,,,,,,,,,,,,,,,,,,,,,,,,,,,,,,,
33,6514,,,,,,,,,,,,,,,,,,,,,,,,,,,,,,,,,,,,,,,,,0.48996004462242126,0.44676896929740906,0.2408645898103714,0.313226580619812,0.5085226893424988,0.933668851852417,0.4818761348724365,0.34391215443611145,0.6630164980888367,0.4777839183807373,6.887125492095947,5.77254056930542,4.473481178283691,5.136476039886475,6.041324615478516,10.638639450073242,6.563943862915039,6.1584553718566895,8.337616920471191,8.861649513244629,,,,,,,,,,,9.585125923156738,7.399523735046387,7.071281909942627,7.780083179473877,10.203633308410645,15.659297943115234,11.35895824432373,6.91643762588501,9.347284317016602,10.529626846313477,,,,,,,,,,,,,,,,,,,,,,,,,,,,,,,,,,,,,,,,
33,6519,,,,,,,,,,,,,,,,,,,,,,,,,,,,,,,,,,,,,,,,,0.31598466634750366,0.6130029559135437,0.07317763566970825,0.40098148584365845,0.44383519887924194,0.5705168843269348,0.1933753341436386,0.04161756485700607,0.03765294700860977,0.4697020947933197,5.356588840484619,6.79994535446167,2.813231945037842,6.4380598068237305,5.750211238861084,8.645678520202637,4.703334331512451,2.327272415161133,2.2257325649261475,8.505834579467773,,,,,,,,,,,7.267848491668701,8.667494773864746,3.897631883621216,8.802722930908203,9.53258228302002,12.240808486938477,7.195671558380127,2.406008005142212,2.2275259494781494,10.440191268920898,,,,,,,,,,,,,,,,,,,,,,,,,,,,,,,,,,,,,,,,
33,6524,,,,,,,,,,,,,,,,,,,,,,,,,,,,,,,,,,,,,,,,,0.45510780811309814,0.38546013832092285,0.20746195316314697,0.43696412444114685,0.22618167102336884,0.27275773882865906,0.5770020484924316,0.8024291396141052,0.4882567822933197,0.6994565725326538,6.819343090057373,5.4766106605529785,4.502129077911377,5.596449375152588,5.7588677406311035,6.257172584533691,8.81639289855957,8.720369338989258,6.651114463806152,9.594983100891113,,,,,,,,,,,9.0722017288208,6.87308931350708,6.5626749992370605,9.189201354980469,6.8050031661987305,8.463780403137207,12.429665565490723,10.564818382263184,8.021349906921387,12.740239143371582,,,,,,,,,,,,,,,,,,,,,,,,,,,,,,,,,,,,,,,,
33,6529,,,,,,,,,,,,,,,,,,,,,,,,,,,,,,,,,,,,,,,,,0.3902212381362915,0.17382597923278809,0.17295041680335999,0.4215771555900574,0.29759445786476135,0.4591366648674011,0.31866899132728577,0.3322538137435913,1.2221381664276123,0.11384546756744385,6.1865553855896,3.7197277545928955,4.735606670379639,5.9465837478637695,6.485434532165527,8.197949409484863,5.56735372543335,4.963244438171387,11.73483943939209,4.328258991241455,,,,,,,,,,,8.031805992126465,4.615508556365967,5.992009162902832,9.025959968566895,7.805703639984131,10.981124877929688,9.237207412719727,6.798196792602539,12.690637588500977,5.139904022216797,,,,,,,,,,,,,,,,,,,,,,,,,,,,,,,,,,,,,,,,
33,6534,,,,,,,,,,,,,,,,,,,,,,,,,,,,,,,,,,,,,,,,,0.4083939790725708,0.352375864982605,0.13808917999267578,0.048421069979667664,0.5615928173065186,0.4124850630760193,0.42688828706741333,0.5530466437339783,0.5450374484062195,0.6376092433929443,6.769519329071045,5.288888931274414,3.9218084812164307,2.7894744873046875,8.181448936462402,8.112512588500977,8.80887222290039,7.58181619644165,6.380127429962158,9.860724449157715,,,,,,,,,,,8.468523979187012,6.571512699127197,5.354162693023682,3.058948040008545,10.722854614257812,10.408303260803223,10.69123649597168,8.770808219909668,8.474937438964844,12.163946151733398,,,,,,,,,,,,,,,,,,,,,,,,,,,,,,,,,,,,,,,,
33,6539,,,,,,,,,,,,,,,,,,,,,,,,,,,,,,,,,,,,,,,,,0.27717602252960205,0.25678253173828125,0.25190281867980957,0.1566271334886551,0.474238783121109,0.15742509067058563,0.24123503267765045,0.6284105181694031,0.13756966590881348,0.19039233028888702,5.661190509796143,4.712368965148926,5.889354228973389,4.243112564086914,8.21489143371582,5.684728145599365,6.474098205566406,5.9775004386901855,4.043060302734375,5.711601734161377,,,,,,,,,,,6.990840911865234,5.609769821166992,7.231496334075928,5.50159215927124,9.853672981262207,6.430027961730957,8.036944389343262,9.349328994750977,4.25779390335083,6.646942615509033,,,,,,,,,,,,,,,,,,,,,,,,,,,,,,,,,,,,,,,,
33,6544,,,,,,,,,,,,,,,,,,,,,,,,,,,,,,,,,,,,,,,,,0.2673306465148926,0.5259552001953125,0.5260918140411377,0.3410009741783142,0.12258685380220413,0.37734249234199524,0.1253190040588379,0.08153354376554489,0.007613267749547958,0.29853272438049316,4.950530052185059,4.8525471687316895,7.417030334472656,5.20587682723999,4.3010783195495605,8.579116821289062,4.794892311096191,2.693678140640259,0.8204317092895508,5.8901166915893555,,,,,,,,,,,6.671883583068848,8.028541564941406,10.450628280639648,8.117694854736328,5.0098137855529785,9.955056190490723,5.7926764488220215,3.367649793624878,1.0016335248947144,8.323253631591797,,,,,,,,,,,,,,,,,,,,,,,,,,,,,,,,,,,,,,,,
33,6549,,,,,,,,,,,,,,,,,,,,,,,,,,,,,,,,,,,,,,,,,0.38384684920310974,0.3465419411659241,0.2617987096309662,1.0225365161895752,0.2036276012659073,0.33978331089019775,0.246684268116951,0.24413570761680603,0.3452204465866089,0.44429320096969604,6.454535484313965,5.536954879760742,6.062682151794434,10.357625961303711,4.75881290435791,7.219919681549072,6.069118499755859,4.004283905029297,6.299032211303711,7.782393455505371,,,,,,,,,,,8.30031967163086,6.516887187957764,7.372170925140381,14.05705451965332,6.4568095207214355,9.446629524230957,8.12721061706543,5.827394008636475,6.744838237762451,10.15388011932373,,,,,,,,,,,,,,,,,,,,,,,,,,,,,,,,,,,,,,,,
33,6554,,,,,,,,,,,,,,,,,,,,,,,,,,,,,,,,,,,,,,,,,0.4793214797973633,0.7984413504600525,0.5405011773109436,0.6196975708007812,0.2623606324195862,0.5122136473655701,0.3358080983161926,0.1942136585712433,0.6040133237838745,0.44664332270622253,7.715811252593994,7.015981197357178,8.310728073120117,10.680486679077148,6.0675177574157715,8.33377742767334,7.298717975616455,5.139894962310791,8.064387321472168,8.530807495117188,,,,,,,,,,,9.348648071289062,9.891993522644043,10.592781066894531,10.94321060180664,7.329071998596191,11.598488807678223,9.482358932495117,5.1975483894348145,8.92167854309082,10.180699348449707,,,,,,,,,,,,,,,,,,,,,,,,,,,,,,,,,,,,,,,,
33,6559,,,,,,,,,,,,,,,,,,,,,,,,,,,,,,,,,,,,,,,,,0.4046327471733093,0.3218071162700653,0.25192320346832275,0.08038988709449768,0.5437691807746887,0.6353128552436829,0.4874672591686249,0.41585516929626465,0.10490286350250244,0.8114895224571228,6.769069671630859,4.86240816116333,5.818295001983643,3.7269864082336426,8.78046989440918,9.32768726348877,8.910350799560547,6.422369480133057,3.7180652618408203,9.00829792022705,,,,,,,,,,,8.723400115966797,6.280005931854248,7.231788635253906,3.94144606590271,10.551322937011719,12.91723918914795,11.424665451049805,7.60553503036499,3.7180652618408203,13.722670555114746,,,,,,,,,,,,,,,,,,,,,,,,,,,,,,,,,,,,,,,,
33,6564,,,,,,,,,,,,,,,,,,,,,,,,,,,,,,,,,,,,,,,,,0.30664458870887756,0.41751983761787415,0.16141089797019958,0.15739808976650238,0.17392602562904358,0.29248175024986267,0.12188687920570374,0.5495138168334961,0.4081171751022339,0.4775467813014984,5.894235134124756,5.615013599395752,4.86962366104126,4.413273334503174,5.190301895141602,6.805165767669678,4.262906551361084,7.424678325653076,6.161759853363037,8.305392265319824,,,,,,,,,,,7.278326988220215,7.153207778930664,5.788661003112793,5.515115737915039,5.967355728149414,8.764461517333984,5.712803363800049,8.74275016784668,7.333575248718262,10.527012825012207,,,,,,,,,,,,,,,,,,,,,,,,,,,,,,,,,,,,,,,,
33,6569,,,,,,,,,,,,,,,,,,,,,,,,,,,,,,,,,,,,,,,,,0.21755537390708923,0.19587762653827667,0.1708257645368576,0.3025207817554474,0.12161069363355637,0.4030213952064514,0.3056267499923706,0.17376375198364258,0.10856982320547104,0.1761818379163742,4.93059778213501,4.09237003326416,4.311830520629883,5.366310119628906,4.329171180725098,8.243460655212402,6.124855041503906,3.9473063945770264,3.0832161903381348,4.876862525939941,,,,,,,,,,,6.435300350189209,4.899533271789551,5.955090045928955,7.645968437194824,4.989827632904053,10.288212776184082,9.0462064743042,4.916299819946289,3.7824904918670654,6.394075870513916,,,,,,,,,,,,,,,,,,,,,,,,,,,,,,,,,,,,,,,,
33,6574,,,,,,,,,,,,,,,,,,,,,,,,,,,,,,,,,,,,,,,,,0.29232364892959595,0.3273657262325287,0.21126770973205566,0.24587079882621765,0.13873176276683807,0.2797323763370514,0.2676565945148468,0.22050908207893372,0.7477219700813293,0.19205674529075623,5.7933478355407715,5.376134872436523,4.9130988121032715,5.758387088775635,3.8607563972473145,7.710494518280029,7.052340507507324,3.5679097175598145,8.192176818847656,5.7088303565979,,,,,,,,,,,7.150742530822754,6.334012031555176,6.62259578704834,6.893001079559326,5.3295135498046875,8.571310043334961,8.465639114379883,5.538242340087891,9.926436424255371,6.675932884216309,,,,,,,,,,,,,,,,,,,,,,,,,,,,,,,,,,,,,,,,
33,6579,,,,,,,,,,,,,,,,,,,,,,,,,,,,,,,,,,,,,,,,,0.4811502695083618,0.8610451221466064,0.5442595481872559,0.5329076051712036,0.2993599772453308,0.39384695887565613,0.36012542247772217,0.48735159635543823,0.15115591883659363,0.7003001570701599,7.329530715942383,7.0717644691467285,8.679815292358398,8.686766624450684,6.411523818969727,7.764152526855469,6.694451808929443,7.533390045166016,3.0819387435913086,10.04196834564209,,,,,,,,,,,9.368156433105469,10.272477149963379,10.629545211791992,10.148008346557617,7.828824520111084,10.170437812805176,9.819687843322754,8.233412742614746,4.46309232711792,12.747920036315918,,,,,,,,,,,,,,,,,,,,,,,,,,,,,,,,,,,,,,,,
33,6584,,,,,,,,,,,,,,,,,,,,,,,,,,,,,,,,,,,,,,,,,0.3110796809196472,0.17130766808986664,0.1757509559392929,0.1359623521566391,0.14043693244457245,0.3388873040676117,0.22545590996742249,0.7291551828384399,0.5252286791801453,0.35753223299980164,6.291886329650879,3.8309173583984375,5.513907432556152,4.527972221374512,4.711185455322266,8.67979907989502,6.221654415130615,8.89940357208252,6.479758262634277,7.762380123138428,,,,,,,,,,,7.312575340270996,4.581953525543213,6.040328025817871,5.125830173492432,5.362166881561279,9.434165954589844,7.769652843475342,10.070910453796387,8.319504737854004,9.10866641998291,,,,,,,,,,,,,,,,,,,,,,,,,,,,,,,,,,,,,,,,
33,6589,,,,,,,,,,,,,,,,,,,,,,,,,,,,,,,,,,,,,,,,,0.3478335440158844,0.8696157336235046,0.46373388171195984,0.1662275493144989,0.14170950651168823,0.5893147587776184,0.27279597520828247,0.160562664270401,0.16681572794914246,0.2997260093688965,5.964512825012207,6.433579444885254,7.779577732086182,4.925515651702881,4.1386799812316895,8.76695728302002,6.147068500518799,3.9214603900909424,4.4989752769470215,7.0687994956970215,,,,,,,,,,,7.770111083984375,10.323474884033203,9.81174087524414,5.667693614959717,5.386406898498535,12.440834999084473,8.546528816223145,4.7258620262146,4.688584804534912,8.339873313903809,,,,,,,,,,,,,,,,,,,,,,,,,,,,,,,,,,,,,,,,
33,6594,,,,,,,,,,,,,,,,,,,,,,,,,,,,,,,,,,,,,,,,,0.766569972038269,0.2650515139102936,0.8787482976913452,0.6227797865867615,0.6596095561981201,1.328202247619629,0.955312967300415,0.423677921295166,0.6022946238517761,1.1634527444839478,9.487967491149902,4.666003704071045,10.71541690826416,8.253264427185059,10.231060028076172,12.747674942016602,11.796860694885254,5.99221658706665,7.764235973358154,13.224968910217285,,,,,,,,,,,12.164981842041016,5.699377536773682,13.5065336227417,10.970392227172852,11.620989799499512,18.677038192749023,15.993505477905273,7.676737308502197,8.908975601196289,16.431285858154297,,,,,,,,,,,,,,,,,,,,,,,,,,,,,,,,,,,,,,,,
33,6595,,,,,,,,,,,,,,,,,,,,,,,,,,,,,,,,,,,,,,,,,,,,,,,,,,,6.125556945800781,5.007533073425293,6.014832973480225,5.7007317543029785,6.280717372894287,7.772908687591553,6.912337303161621,5.168772220611572,5.276294708251953,6.995883464813232,0.6312118172645569,0.6203254461288452,0.6901361346244812,0.6983184218406677,0.641120195388794,0.5408593416213989,0.6100830435752869,0.6644293069839478,0.6266813278198242,0.5889534950256348,8.099140167236328,6.646059036254883,7.89805269241333,7.604966640472412,8.405617713928223,10.340890884399414,9.207655906677246,6.749685287475586,6.927931308746338,9.111405372619629,0.5462914705276489,0.5788276791572571,0.5928478240966797,0.3531183898448944,0.5717171430587769,0.6531198620796204,0.4411230981349945,0.5754204988479614,0.6467892527580261,0.5036590695381165,7.485973834991455,5.77481746673584,7.80572509765625,5.929982662200928,8.362980842590332,9.545660972595215,8.162773132324219,6.25499153137207,7.486109256744385,8.0507230758667,0.38716745376586914,0.39675432443618774,0.5118840336799622,0.611292839050293,0.3034789562225342,0.40356338024139404,0.5510798096656799,0.08271241188049316,0.11226749420166016,0.5114737749099731,10.316993713378906,8.594317436218262,10.711413383483887,9.262214660644531,11.291777610778809,13.27814769744873,10.711230278015137,8.929000854492188,9.581135749816895,10.493704795837402
34,6599,,,,,,,,,,,,,,,,,,,,,,,,,,,,,,,,,,,,,,,,,0.19843871891498566,0.27998578548431396,0.15256884694099426,0.08125751465559006,0.21241295337677002,0.2912246286869049,0.27716824412345886,0.14847813546657562,0.16241799294948578,0.1804344207048416,4.936722755432129,4.083494663238525,4.5445780754089355,3.4952735900878906,5.516202926635742,6.70137357711792,6.251809597015381,4.345267295837402,4.149095058441162,5.343408107757568,,,,,,,,,,,6.116106033325195,5.8577423095703125,5.627877235412598,3.962658405303955,6.594625949859619,8.745606422424316,8.614747047424316,4.5445404052734375,4.626369953155518,6.470783710479736,,,,,,,,,,,,,,,,,,,,,,,,,,,,,,,,,,,,,,,,
34,6604,,,,,,,,,,,,,,,,,,,,,,,,,,,,,,,,,,,,,,,,,0.3655053675174713,0.2606933116912842,0.11653047055006027,0.37829485535621643,0.18586933612823486,0.15852424502372742,0.17084135115146637,0.8281083106994629,0.785639762878418,0.405046671628952,5.796728134155273,4.00950288772583,3.66029691696167,6.364068984985352,5.0732269287109375,5.440276145935059,5.499928951263428,7.271873474121094,6.666675090789795,8.184701919555664,,,,,,,,,,,7.678688049316406,5.6523261070251465,4.918485164642334,8.550078392028809,6.168839931488037,6.4524359703063965,6.763434886932373,10.732534408569336,10.175013542175293,9.695042610168457,,,,,,,,,,,,,,,,,,,,,,,,,,,,,,,,,,,,,,,,
34,6609,,,,,,,,,,,,,,,,,,,,,,,,,,,,,,,,,,,,,,,,,0.3215983808040619,0.5547202229499817,0.17995841801166534,0.3349185287952423,0.1518852412700653,0.4012798070907593,0.07247553020715714,0.28962716460227966,0.7288259863853455,0.18069426715373993,5.69154167175293,6.662215232849121,5.044137001037598,6.280120372772217,4.241252899169922,8.186738967895508,3.371654748916626,4.833308696746826,7.573704242706299,5.030742645263672,,,,,,,,,,,7.252527236938477,8.245162963867188,6.1122026443481445,8.044970512390137,5.57644510269165,10.265958786010742,4.405208110809326,6.347144603729248,9.800206184387207,6.4754414558410645,,,,,,,,,,,,,,,,,,,,,,,,,,,,,,,,,,,,,,,,
34,6614,,,,,,,,,,,,,,,,,,,,,,,,,,,,,,,,,,,,,,,,,0.21697823703289032,0.22609609365463257,0.06615021079778671,0.18666361272335052,0.3158724308013916,0.24865488708019257,0.11060889810323715,0.2702604830265045,0.2399693876504898,0.2885281443595886,5.071198463439941,3.8199288845062256,3.2851719856262207,5.479410648345947,5.972055435180664,6.938248634338379,4.344601631164551,4.576905250549316,4.718832969665527,6.505629062652588,,,,,,,,,,,6.2753400802612305,5.263914108276367,3.7057595252990723,6.005991458892822,8.041842460632324,8.081172943115234,5.442091464996338,6.131263732910156,5.623428821563721,8.182599067687988,,,,,,,,,,,,,,,,,,,,,,,,,,,,,,,,,,,,,,,,
34,6619,,,,,,,,,,,,,,,,,,,,,,,,,,,,,,,,,,,,,,,,,0.2666442096233368,0.17682960629463196,0.35900065302848816,0.14649061858654022,0.1877579689025879,0.3050808012485504,0.30197834968566895,0.32065045833587646,0.4101940095424652,0.19181545078754425,5.400583744049072,3.8789567947387695,6.278602600097656,4.679596424102783,4.738816261291504,6.769110679626465,6.584754943847656,5.046717643737793,5.7500433921813965,4.878654479980469,,,,,,,,,,,7.050504207611084,4.655215263366699,8.632950782775879,5.320590496063232,6.20010232925415,8.951242446899414,8.992049217224121,6.678433895111084,7.3522114753723145,6.671738147735596,,,,,,,,,,,,,,,,,,,,,,,,,,,,,,,,,,,,,,,,
34,6624,,,,,,,,,,,,,,,,,,,,,,,,,,,,,,,,,,,,,,,,,0.3546433448791504,0.15407215058803558,0.12235432863235474,0.2579638659954071,0.5702252388000488,0.4731876254081726,0.4609817564487457,0.20414261519908905,0.5584920048713684,0.39037027955055237,6.097514629364014,3.960886240005493,4.240864276885986,5.066891670227051,7.505495548248291,8.367734909057617,8.412955284118652,3.5851891040802,6.012577056884766,7.725035667419434,,,,,,,,,,,8.10377311706543,4.345345973968506,5.039892673492432,7.060482025146484,10.804951667785645,11.147886276245117,11.109963417053223,5.328752517700195,8.578904151916504,9.517778396606445,,,,,,,,,,,,,,,,,,,,,,,,,,,,,,,,,,,,,,,,
34,6629,,,,,,,,,,,,,,,,,,,,,,,,,,,,,,,,,,,,,,,,,0.3165523409843445,0.8461695909500122,0.32563289999961853,0.15453863143920898,0.5436345338821411,0.3337375819683075,0.1834525465965271,0.1536436378955841,0.16631674766540527,0.14184504747390747,5.9449615478515625,8.334122657775879,7.5544281005859375,4.627690315246582,9.035780906677246,7.060013294219971,5.405298233032227,3.3552889823913574,3.597750186920166,4.5342793464660645,,,,,,,,,,,7.31474494934082,10.183357238769531,8.221968650817871,5.464789390563965,10.550017356872559,9.362210273742676,7.008622169494629,4.622915744781494,4.681567668914795,5.737257480621338,,,,,,,,,,,,,,,,,,,,,,,,,,,,,,,,,,,,,,,,
34,6634,,,,,,,,,,,,,,,,,,,,,,,,,,,,,,,,,,,,,,,,,0.20726771652698517,0.12493257224559784,0.1749909222126007,0.299004465341568,0.09881845861673355,0.3725876212120056,0.26946669816970825,0.07806199789047241,0.05503533035516739,0.392511248588562,4.906891345977783,3.4508111476898193,5.074404239654541,5.914609432220459,3.7627954483032227,8.162555694580078,6.69295597076416,2.20180344581604,1.8956226110458374,7.006463527679443,,,,,,,,,,,6.217553615570068,3.912912368774414,6.027253150939941,7.60140323638916,4.497991561889648,9.892136573791504,8.494217872619629,3.295175552368164,2.6930482387542725,9.543842315673828,,,,,,,,,,,,,,,,,,,,,,,,,,,,,,,,,,,,,,,,
34,6639,,,,,,,,,,,,,,,,,,,,,,,,,,,,,,,,,,,,,,,,,0.22569237649440765,0.28778862953186035,0.3384338915348053,0.10803363472223282,0.21530963480472565,0.13583946228027344,0.1738673448562622,0.14174385368824005,0.3125130832195282,0.31770166754722595,5.2197723388671875,4.971445560455322,6.594814300537109,3.747375011444092,5.367423057556152,5.104590892791748,5.832111835479736,3.571140766143799,5.419644832611084,6.36940336227417,,,,,,,,,,,6.418821811676025,5.93880558013916,8.382018089294434,4.569139003753662,6.639438629150391,5.972949504852295,6.823070049285889,4.4402852058410645,6.417374134063721,8.58631706237793,,,,,,,,,,,,,,,,,,,,,,,,,,,,,,,,,,,,,,,,
34,6644,,,,,,,,,,,,,,,,,,,,,,,,,,,,,,,,,,,,,,,,,0.22347815334796906,0.22609975934028625,0.13107407093048096,0.038426581770181656,0.3048839867115021,0.48804959654808044,0.2935810089111328,0.02569730207324028,0.26953864097595215,0.23395247757434845,4.997735500335693,3.9663891792297363,4.315481662750244,1.819129467010498,6.088807582855225,9.487852096557617,7.029750347137451,1.5422608852386475,4.516765594482422,6.213181495666504,,,,,,,,,,,6.2791643142700195,5.2639570236206055,5.2163896560668945,2.725026845932007,7.900725364685059,11.321600914001465,8.866144180297852,1.8906121253967285,5.959828853607178,7.368193626403809,,,,,,,,,,,,,,,,,,,,,,,,,,,,,,,,,,,,,,,,
34,6649,,,,,,,,,,,,,,,,,,,,,,,,,,,,,,,,,,,,,,,,,0.26612547039985657,0.2868342101573944,0.3227865695953369,0.2502480745315552,0.31820645928382874,0.2861756980419159,0.3428533673286438,0.19546738266944885,0.1621193289756775,0.23043830692768097,5.874944686889648,4.810147762298584,7.10660457611084,5.186676025390625,6.691210746765137,6.676368713378906,7.4762797355651855,4.651712894439697,4.193714618682861,6.081784725189209,,,,,,,,,,,7.17114782333374,5.928949356079102,8.185956001281738,6.954090118408203,8.071497917175293,8.669464111328125,9.58131217956543,5.214298248291016,4.6221137046813965,7.31264591217041,,,,,,,,,,,,,,,,,,,,,,,,,,,,,,,,,,,,,,,,
34,6654,,,,,,,,,,,,,,,,,,,,,,,,,,,,,,,,,,,,,,,,,0.2954449951648712,0.4563690721988678,0.15032902359962463,0.25105106830596924,0.403449147939682,0.45618247985839844,0.28116732835769653,0.28802600502967834,0.13695447146892548,0.2354763150215149,5.820630073547363,6.446557998657227,4.048390865325928,4.741129398345947,8.101161003112793,8.506270408630371,5.959968566894531,4.877359867095947,3.6649022102355957,6.0399298667907715,,,,,,,,,,,7.412355422973633,7.478601455688477,5.5864129066467285,6.965237617492676,9.08853816986084,10.945740699768066,8.67667293548584,6.329575061798096,4.248262882232666,7.39215087890625,,,,,,,,,,,,,,,,,,,,,,,,,,,,,,,,,,,,,,,,
34,6659,,,,,,,,,,,,,,,,,,,,,,,,,,,,,,,,,,,,,,,,,0.4506327211856842,0.22695966064929962,0.31442874670028687,0.28786951303482056,0.2895233929157257,0.34293925762176514,0.3913332521915436,0.9581693410873413,0.9754939079284668,0.26897770166397095,7.246927738189697,4.068304538726807,6.878846168518066,6.924176216125488,5.235204696655273,7.532073974609375,8.5830717086792,9.479361534118652,9.682730674743652,6.8385796546936035,,,,,,,,,,,8.780080795288086,5.273957252502441,8.0792818069458,7.458521366119385,7.699127197265625,9.490399360656738,10.236327171325684,11.544625282287598,11.337977409362793,7.900513648986816,,,,,,,,,,,,,,,,,,,,,,,,,,,,,,,,,,,,,,,,
34,6664,,,,,,,,,,,,,,,,,,,,,,,,,,,,,,,,,,,,,,,,,0.47876447439193726,0.43939995765686035,0.654293954372406,0.8966560959815979,0.24588064849376678,0.36303696036338806,0.5613808035850525,0.44394946098327637,0.10847590863704681,0.5958064794540405,6.9306321144104,5.08690071105957,10.039717674255371,8.937531471252441,5.533076286315918,7.820288181304932,8.519401550292969,4.565094470977783,2.934795618057251,8.938883781433105,,,,,,,,,,,9.40819263458252,7.338245868682861,11.654620170593262,13.163393020629883,7.09515380859375,9.764528274536133,12.26025676727295,7.858242988586426,3.7808544635772705,11.758442878723145,,,,,,,,,,,,,,,,,,,,,,,,,,,,,,,,,,,,,,,,
34,6669,,,,,,,,,,,,,,,,,,,,,,,,,,,,,,,,,,,,,,,,,0.2294124811887741,0.20001734793186188,0.32875996828079224,0.07221827656030655,0.1309693157672882,0.12513744831085205,0.19247311353683472,0.3128644824028015,0.26604241132736206,0.4362298250198364,5.343409061431885,3.9985127449035645,7.172452449798584,3.068984031677246,4.418816089630127,5.017258167266846,5.819455623626709,5.788467884063721,4.9794230461120605,7.82731294631958,,,,,,,,,,,6.401925563812256,4.951035976409912,8.2613525390625,3.735755205154419,5.178266525268555,5.73283576965332,7.178865909576416,6.596853256225586,5.921050071716309,10.061317443847656,,,,,,,,,,,,,,,,,,,,,,,,,,,,,,,,,,,,,,,,
34,6674,,,,,,,,,,,,,,,,,,,,,,,,,,,,,,,,,,,,,,,,,0.3049764037132263,0.40701937675476074,0.42247557640075684,0.20921556651592255,0.2602730393409729,0.41972872614860535,0.2602832615375519,0.21046032011508942,0.23347926139831543,0.3218524158000946,6.2813239097595215,5.1606903076171875,6.92865514755249,5.9139556884765625,5.999660491943359,8.554828643798828,6.952085018157959,4.90372371673584,4.721895694732666,7.396421909332275,,,,,,,,,,,7.614809513092041,7.062684535980225,9.365100860595703,6.358458995819092,7.299854755401611,10.499296188354492,8.348220825195312,5.410579681396484,5.546863079071045,8.64222526550293,,,,,,,,,,,,,,,,,,,,,,,,,,,,,,,,,,,,,,,,
34,6679,,,,,,,,,,,,,,,,,,,,,,,,,,,,,,,,,,,,,,,,,0.2508015036582947,0.3552913963794708,0.3128623962402344,0.19084854423999786,0.3152059316635132,0.2715752422809601,0.21501390635967255,0.15713563561439514,0.12319823354482651,0.3160821497440338,5.657055377960205,4.944382667541504,6.299365520477295,4.785589694976807,6.299744606018066,6.925941467285156,6.7993011474609375,4.04588508605957,3.5991203784942627,7.214166164398193,,,,,,,,,,,6.896211624145508,6.598642349243164,8.059133529663086,6.072944164276123,8.03335189819336,8.445414543151855,7.5875935554504395,4.6751556396484375,4.029262065887451,8.564404487609863,,,,,,,,,,,,,,,,,,,,,,,,,,,,,,,,,,,,,,,,
34,6684,,,,,,,,,,,,,,,,,,,,,,,,,,,,,,,,,,,,,,,,,0.25310906767845154,0.26536479592323303,0.05097451061010361,0.10153602063655853,0.3203623294830322,0.45607826113700867,0.3223632276058197,0.14052879810333252,0.3536892533302307,0.2670843005180359,5.336472511291504,5.038664817810059,2.5260777473449707,3.7165544033050537,6.5662336349487305,8.387679100036621,6.087251663208008,3.731144428253174,5.42094612121582,6.553696632385254,,,,,,,,,,,6.760022163391113,5.702744960784912,3.253030776977539,4.429605007171631,8.098793983459473,10.944490432739258,9.290596008300781,4.421212196350098,6.827067852020264,7.8726582527160645,,,,,,,,,,,,,,,,,,,,,,,,,,,,,,,,,,,,,,,,
34,6689,,,,,,,,,,,,,,,,,,,,,,,,,,,,,,,,,,,,,,,,,0.39137130975723267,0.5736790299415588,0.36959636211395264,0.5187087655067444,0.3097227215766907,0.3380851447582245,0.2600439190864563,0.1903131753206253,0.35422682762145996,0.607965886592865,6.238125324249268,6.114339828491211,6.57692289352417,7.953480243682861,5.00214147567749,6.877624034881592,6.77562952041626,3.686852216720581,5.287576675415039,7.868563652038574,,,,,,,,,,,8.526881217956543,8.384879112243652,8.759422302246094,10.011903762817383,7.963172912597656,9.422993659973145,8.344382286071777,5.145092010498047,6.832254409790039,11.877822875976562,,,,,,,,,,,,,,,,,,,,,,,,,,,,,,,,,,,,,,,,
34,6694,,,,,,,,,,,,,,,,,,,,,,,,,,,,,,,,,,,,,,,,,0.24184547364711761,0.17795732617378235,0.26983681321144104,0.16077563166618347,0.1412186175584793,0.40436261892318726,0.18115796148777008,0.17473092675209045,0.20540687441825867,0.4611625671386719,5.067851543426514,3.5772998332977295,6.24970817565918,4.712316036224365,3.48984956741333,7.75939416885376,5.375992774963379,3.8722920417785645,3.918024778366089,6.655785083770752,,,,,,,,,,,6.761453151702881,4.6700358390808105,7.484490871429443,5.573974609375,5.377068996429443,10.305317878723145,6.964653015136719,4.929962158203125,5.202723503112793,10.344849586486816,,,,,,,,,,,,,,,,,,,,,,,,,,,,,,,,,,,,,,,,
34,6699,,,,,,,,,,,,,,,,,,,,,,,,,,,,,,,,,,,,,,,,,0.4075233042240143,0.22313228249549866,0.23174414038658142,0.5486151576042175,0.7607194781303406,0.682163417339325,0.3804175555706024,0.2511563003063202,0.30280110239982605,0.2869601249694824,6.806034564971924,4.015334606170654,5.980712890625,7.383359432220459,9.154897689819336,11.4005126953125,6.57408332824707,5.081815242767334,5.252939701080322,6.410651683807373,,,,,,,,,,,8.756356239318848,5.229299068450928,6.936110496520996,10.296479225158691,12.479924201965332,13.385050773620605,10.09255313873291,5.910589218139648,6.316871166229248,8.160334587097168,,,,,,,,,,,,,,,,,,,,,,,,,,,,,,,,,,,,,,,,
34,6704,,,,,,,,,,,,,,,,,,,,,,,,,,,,,,,,,,,,,,,,,0.21423959732055664,0.17590214312076569,0.21321739256381989,0.31023070216178894,0.17452064156532288,0.22072507441043854,0.14518754184246063,0.2690741717815399,0.15611431002616882,0.2631843686103821,5.499037265777588,3.838756561279297,5.975691318511963,7.684962272644043,5.059556007385254,6.642653465270996,5.4407057762146,5.1102094650268555,3.802748918533325,5.936049938201904,,,,,,,,,,,6.3704071044921875,4.642991542816162,6.653083801269531,7.742786407470703,5.977547645568848,7.613803863525391,6.234986305236816,6.117792129516602,4.535703182220459,7.814969539642334,,,,,,,,,,,,,,,,,,,,,,,,,,,,,,,,,,,,,,,,
34,6709,,,,,,,,,,,,,,,,,,,,,,,,,,,,,,,,,,,,,,,,,0.30170518159866333,0.13465513288974762,0.5467941164970398,0.5672807097434998,0.2520437240600586,0.3627395033836365,0.39993396401405334,0.04410867020487785,0.16034261882305145,0.24744796752929688,5.967374324798584,3.2698774337768555,8.111176490783691,8.466796875,5.866514682769775,7.857547283172607,8.575017929077148,1.9240984916687012,2.8996903896331787,6.735650539398193,,,,,,,,,,,7.458937168121338,4.062316417694092,10.654266357421875,10.470173835754395,7.1835246086120605,9.760527610778809,10.348201751708984,2.4769694805145264,4.596717357635498,7.577730178833008,,,,,,,,,,,,,,,,,,,,,,,,,,,,,,,,,,,,,,,,
34,6714,,,,,,,,,,,,,,,,,,,,,,,,,,,,,,,,,,,,,,,,,0.3264375627040863,0.2861630320549011,0.14170613884925842,0.08549793064594269,0.4297831058502197,0.09652520716190338,0.33639588952064514,0.7422159314155579,0.23155272006988525,0.588097870349884,5.539339542388916,4.725892543792725,5.049867630004883,3.6605587005615234,6.422948360443115,3.886664867401123,6.755260944366455,7.034183025360107,4.1615681648254395,8.157112121582031,,,,,,,,,,,7.409268856048584,5.922008991241455,5.423829078674316,4.064739227294922,9.380463600158691,5.034962177276611,9.490653991699219,10.16070556640625,5.523930549621582,11.68212890625,,,,,,,,,,,,,,,,,,,,,,,,,,,,,,,,,,,,,,,,
34,6719,,,,,,,,,,,,,,,,,,,,,,,,,,,,,,,,,,,,,,,,,0.2845899760723114,0.46265146136283875,0.17283903062343597,0.04705891013145447,0.2045980542898178,0.2650284767150879,0.5871078372001648,0.42275384068489075,0.018639767542481422,0.3806324899196625,5.586121082305908,6.5673651695251465,3.8450186252593994,1.9979950189590454,5.349396705627441,6.935399055480957,9.78884220123291,6.274607181549072,1.3280872106552124,8.188380241394043,,,,,,,,,,,6.9469733238220215,7.529900074005127,5.990079402923584,3.0156147480010986,6.472177028656006,8.342998504638672,12.538042068481445,7.668360233306885,1.5672688484191895,9.39831829071045,,,,,,,,,,,,,,,,,,,,,,,,,,,,,,,,,,,,,,,,
34,6724,,,,,,,,,,,,,,,,,,,,,,,,,,,,,,,,,,,,,,,,,0.30210229754447937,0.3209652602672577,0.07666456699371338,0.23329582810401917,0.4810605049133301,0.3919869065284729,0.46981313824653625,0.0687241405248642,0.25960731506347656,0.41680285334587097,5.85877799987793,5.167354106903076,3.3498220443725586,6.330512523651123,7.198495388031006,6.852846622467041,8.497618675231934,3.065648078918457,5.282219409942627,6.9844841957092285,,,,,,,,,,,7.44863748550415,6.271787166595459,3.989413261413574,6.714417457580566,9.924291610717773,10.146391868591309,11.215880393981934,3.0918140411376953,5.849002361297607,9.834732055664062,,,,,,,,,,,,,,,,,,,,,,,,,,,,,,,,,,,,,,,,
34,6729,,,,,,,,,,,,,,,,,,,,,,,,,,,,,,,,,,,,,,,,,0.3136615753173828,0.25396060943603516,0.139410600066185,0.3919614851474762,0.14699462056159973,0.3431556522846222,0.23175659775733948,0.5557267665863037,0.608461856842041,0.15152615308761597,6.006038188934326,4.655547142028809,3.85514497756958,7.293176651000977,5.264023780822754,8.442717552185059,5.16483211517334,7.4269819259643555,7.081437587738037,4.870479106903076,,,,,,,,,,,7.354982852935791,5.578859806060791,5.379718780517578,8.70315170288086,5.485930919647217,9.493392944335938,7.877471446990967,8.792035102844238,8.954471588134766,5.929813385009766,,,,,,,,,,,,,,,,,,,,,,,,,,,,,,,,,,,,,,,,
34,6734,,,,,,,,,,,,,,,,,,,,,,,,,,,,,,,,,,,,,,,,,0.38827604055404663,0.2597043514251709,0.321494460105896,0.4710875451564789,0.48230448365211487,0.8845047950744629,0.2529381215572357,0.30847764015197754,0.32021743059158325,0.19375553727149963,6.844640254974365,4.0596537590026855,6.452422142028809,7.8616509437561035,8.595987319946289,11.696479797363281,6.451819896697998,6.199839115142822,4.989129066467285,5.2947773933410645,,,,,,,,,,,8.501375198364258,5.641594409942627,8.169554710388184,9.541259765625,9.937114715576172,15.241439819335938,8.229585647583008,6.550441265106201,6.495996952056885,6.705393314361572,,,,,,,,,,,,,,,,,,,,,,,,,,,,,,,,,,,,,,,,
34,6739,,,,,,,,,,,,,,,,,,,,,,,,,,,,,,,,,,,,,,,,,0.29459598660469055,0.5316523909568787,0.3103477358818054,0.14482326805591583,0.40268102288246155,0.2254883497953415,0.22422555088996887,0.31772077083587646,0.27014636993408203,0.2242784947156906,5.910281181335449,5.190384864807129,6.378273963928223,4.256091594696045,7.681484699249268,6.301016807556152,6.73459005355835,5.771000385284424,4.993867874145508,5.885822772979736,,,,,,,,,,,7.304586887359619,8.071907043457031,8.026679039001465,5.290224075317383,9.079882621765137,7.69551944732666,7.748423099517822,6.647854804992676,5.966544151306152,7.214247226715088,,,,,,,,,,,,,,,,,,,,,,,,,,,,,,,,,,,,,,,,
34,6744,,,,,,,,,,,,,,,,,,,,,,,,,,,,,,,,,,,,,,,,,0.30230453610420227,0.24953822791576385,0.1537269949913025,0.17835521697998047,0.40980100631713867,0.35196977853775024,0.25123658776283264,0.1680862158536911,0.593608021736145,0.36441856622695923,6.318449020385742,5.042874336242676,4.909353733062744,5.664665222167969,7.6392974853515625,8.472700119018555,6.651937484741211,4.14921236038208,6.960817813873291,7.37518310546875,,,,,,,,,,,7.4335618019104,5.530072212219238,5.649197101593018,5.870806694030762,9.159802436828613,9.614540100097656,8.201857566833496,4.835315227508545,8.844497680664062,9.195967674255371,,,,,,,,,,,,,,,,,,,,,,,,,,,,,,,,,,,,,,,,
34,6749,,,,,,,,,,,,,,,,,,,,,,,,,,,,,,,,,,,,,,,,,0.29347527027130127,0.3285958170890808,0.35626697540283203,0.2670508623123169,0.14317727088928223,0.17269176244735718,0.2818857431411743,0.5732319951057434,0.3473789095878601,0.1709977686405182,5.863936424255371,5.073208332061768,6.5649919509887695,6.126461505889893,4.9479594230651855,5.937253475189209,5.503866195678711,7.579854488372803,5.917176723480225,5.124660015106201,,,,,,,,,,,7.21787691116333,6.345901012420654,8.600019454956055,7.183761119842529,5.414229869842529,6.734597682952881,8.687750816345215,8.929434776306152,6.7658915519714355,6.299302101135254,,,,,,,,,,,,,,,,,,,,,,,,,,,,,,,,,,,,,,,,
34,6754,,,,,,,,,,,,,,,,,,,,,,,,,,,,,,,,,,,,,,,,,0.2554943263530731,0.20688895881175995,0.3405994772911072,0.3755221664905548,0.3031644821166992,0.19478262960910797,0.27913352847099304,0.28724730014801025,0.12822842597961426,0.18388205766677856,5.750074863433838,3.9825856685638428,7.50581693649292,7.423564434051514,6.288679122924805,5.896243095397949,6.647336006164551,5.657146453857422,3.358396053314209,4.990903377532959,,,,,,,,,,,6.955877780914307,5.035364627838135,8.408792495727539,8.518686294555664,7.878414154052734,7.15238618850708,8.645234107971191,6.321013450622559,4.110696315765381,6.532311916351318,,,,,,,,,,,,,,,,,,,,,,,,,,,,,,,,,,,,,,,,
34,6759,,,,,,,,,,,,,,,,,,,,,,,,,,,,,,,,,,,,,,,,,0.24042776226997375,0.31606602668762207,0.1404222697019577,0.218350350856781,0.06057898327708244,0.28988683223724365,0.2128324955701828,0.4202711582183838,0.15765506029129028,0.34778672456741333,5.201213359832764,4.890554428100586,4.0333123207092285,5.010477066040039,3.0410337448120117,5.361297607421875,6.015461444854736,6.868795394897461,3.8037750720977783,7.786213397979736,,,,,,,,,,,6.5669450759887695,6.223735809326172,5.399203300476074,6.495787620544434,3.5217676162719727,8.725496292114258,7.54900598526001,7.645810127258301,4.558030605316162,8.983668327331543,,,,,,,,,,,,,,,,,,,,,,,,,,,,,,,,,,,,,,,,
34,6764,,,,,,,,,,,,,,,,,,,,,,,,,,,,,,,,,,,,,,,,,0.13265670835971832,0.1045464426279068,0.21381360292434692,0.0301058329641819,0.17950615286827087,0.1429791897535324,0.0937274843454361,0.1341700553894043,0.035728819668293,0.2593328058719635,3.9088783264160156,2.753946542739868,5.006896495819092,2.0779056549072266,4.942609786987305,5.404479026794434,3.812603235244751,3.512415647506714,1.982488989830017,5.686558723449707,,,,,,,,,,,4.900129795074463,3.5794548988342285,6.662379264831543,2.4120161533355713,6.062326431274414,6.127908229827881,5.00961446762085,4.320027828216553,2.1698644161224365,7.757574081420898,,,,,,,,,,,,,,,,,,,,,,,,,,,,,,,,,,,,,,,,
34,6769,,,,,,,,,,,,,,,,,,,,,,,,,,,,,,,,,,,,,,,,,0.21129553020000458,0.09217555820941925,0.3817192614078522,0.20246918499469757,0.24487146735191345,0.2897598445415497,0.23814977705478668,0.0594940260052681,0.23914258182048798,0.1538780927658081,4.9323883056640625,2.8246467113494873,6.171020984649658,5.110911846160889,6.186635971069336,6.969296932220459,6.239284992218018,2.5660011768341064,4.481549263000488,3.842149496078491,,,,,,,,,,,6.308186054229736,3.3610126972198486,8.901920318603516,6.255101203918457,7.080578327178955,8.723584175109863,7.985385417938232,2.8767056465148926,5.613732814788818,5.975656509399414,,,,,,,,,,,,,,,,,,,,,,,,,,,,,,,,,,,,,,,,
34,6774,,,,,,,,,,,,,,,,,,,,,,,,,,,,,,,,,,,,,,,,,0.3334498107433319,0.3648283779621124,0.34100210666656494,0.08338306099176407,0.30101120471954346,0.41964536905288696,0.4713619351387024,0.04729175567626953,0.32949984073638916,0.6430246233940125,6.029619216918945,5.394209384918213,4.862253665924072,3.2037718296051025,6.96804141998291,9.117877006530762,8.659680366516113,2.1594743728637695,5.640583038330078,8.260679244995117,,,,,,,,,,,7.785254001617432,6.686619281768799,8.413762092590332,4.014151573181152,7.8503851890563965,10.49825382232666,11.234353065490723,2.5647878646850586,6.589476108551025,12.215492248535156,,,,,,,,,,,,,,,,,,,,,,,,,,,,,,,,,,,,,,,,
34,6779,,,,,,,,,,,,,,,,,,,,,,,,,,,,,,,,,,,,,,,,,0.250139057636261,0.1856253445148468,0.06606976687908173,0.04486653953790665,0.30219435691833496,0.4467959702014923,0.3823545277118683,0.1582772433757782,0.34070008993148804,0.3243677318096161,5.33512020111084,3.9903273582458496,3.3723628520965576,2.8442342281341553,5.910743236541748,8.284897804260254,7.486851692199707,3.5133578777313232,5.376284122467041,7.237021446228027,,,,,,,,,,,6.700305938720703,4.769588470458984,3.703505754470825,2.944531202316284,7.865798473358154,10.832544326782227,10.118215560913086,4.692107200622559,6.700533866882324,8.67593002319336,,,,,,,,,,,,,,,,,,,,,,,,,,,,,,,,,,,,,,,,
34,6784,,,,,,,,,,,,,,,,,,,,,,,,,,,,,,,,,,,,,,,,,0.35342273116111755,0.2154601365327835,0.5353036522865295,0.3372892439365387,0.45654603838920593,0.480690062046051,0.2626620829105377,0.3277491331100464,0.3861619830131531,0.17894211411476135,6.370391845703125,4.2244391441345215,7.827239990234375,4.937521457672119,8.208001136779785,8.19688606262207,7.1573967933654785,4.62792444229126,7.083017826080322,5.07110071182251,,,,,,,,,,,8.152616500854492,5.13861083984375,10.541726112365723,8.073393821716309,9.66811752319336,11.235915184020996,8.386282920837402,6.751954078674316,7.133587837219238,6.443969249725342,,,,,,,,,,,,,,,,,,,,,,,,,,,,,,,,,,,,,,,,
34,6789,,,,,,,,,,,,,,,,,,,,,,,,,,,,,,,,,,,,,,,,,0.3017931282520294,0.2718089520931244,0.39935779571533203,0.4361342787742615,0.2321920245885849,0.22089950740337372,0.2796576917171478,0.3464853763580322,0.3058551251888275,0.22374746203422546,6.262923240661621,4.875110149383545,7.493380069732666,7.919143199920654,5.411926746368408,6.457523822784424,7.270021915435791,5.199771404266357,5.480864524841309,6.258568286895752,,,,,,,,,,,7.524324417114258,5.771572589874268,9.105267524719238,9.180472373962402,6.894825458526611,7.616812229156494,8.653348922729492,6.942265033721924,6.348647117614746,7.20570182800293,,,,,,,,,,,,,,,,,,,,,,,,,,,,,,,,,,,,,,,,
34,6789,,,,,,,,,,,,,,,,,,,,,,,,,,,,,,,,,,,,,,,,,,,,,,,,,,,6.149080753326416,5.006258010864258,6.10283899307251,5.870448589324951,6.316642761230469,7.814295291900635,6.879759788513184,5.214503765106201,5.182614326477051,6.954367160797119,0.632073700428009,0.625178337097168,0.6839886903762817,0.6935854554176331,0.638147234916687,0.5438022613525391,0.6118224263191223,0.6560578346252441,0.6415207982063293,0.5945606231689453,8.09447193145752,6.603448390960693,7.976014137268066,7.6643900871276855,8.440362930297852,10.307698249816895,9.187094688415527,6.833358287811279,6.788841247558594,9.04904842376709,0.5377311110496521,0.6070827841758728,0.5686120390892029,0.3484412133693695,0.5815026164054871,0.6481536626815796,0.43690353631973267,0.5343767404556274,0.6458286046981812,0.4686785042285919,7.374403953552246,6.009362697601318,7.643904209136963,5.71323299407959,8.333224296569824,9.414228439331055,8.081552505493164,5.952334403991699,7.467461109161377,7.754337310791016,0.40728315711021423,0.38080430030822754,0.5369139313697815,0.6527792811393738,0.28730863332748413,0.40747904777526855,0.5538213849067688,0.18337512016296387,0.12208038568496704,0.540986180305481,10.1504545211792,8.707194328308105,10.43316650390625,8.753996849060059,11.422099113464355,13.234489440917969,10.678472518920898,8.424835205078125,9.528034210205078,10.171799659729004
35,6790,0.6131109595298767,0.5678780674934387,0.3694953918457031,0.6870871782302856,0.5939207077026367,0.5949854850769043,0.5571035146713257,0.5964400172233582,0.8105015754699707,0.7405866384506226,7.96335506439209,6.264119625091553,6.690889358520508,8.946090698242188,8.457104682922363,9.336225509643555,9.75417709350586,6.384188175201416,7.234469890594482,8.602932929992676,0.362088680267334,0.4937925934791565,0.45052826404571533,0.18970274925231934,0.4816761016845703,0.3499765396118164,0.2831059694290161,0.38886451721191406,0.3271787762641907,0.2939724922180176,10.686436653137207,8.369257926940918,8.838984489440918,11.515390396118164,10.971653938293457,12.268505096435547,12.200571060180664,9.051533699035645,10.171311378479004,12.79072380065918,,,,,,,,,,,,,,,,,,,,,,,,,,,,,,,,,,,,,,,,,,,,,,,,,,,,,,,,,,,,,,,,,,,,,,,,,,,,,,,,
